epoch (ms),time (-13:00),elapsed (s),x-axis (g),y-axis (g),z-axis (g)
1635778291322,2021-11-01T10:51:31.322,0.000,-0.167,-1.020,0.159
1635778291332,2021-11-01T10:51:31.332,0.010,-0.168,-1.027,0.164
1635778291342,2021-11-01T10:51:31.342,0.020,-0.169,-1.027,0.162
1635778291352,2021-11-01T10:51:31.352,0.030,-0.171,-1.031,0.163
1635778291362,2021-11-01T10:51:31.362,0.040,-0.171,-1.036,0.160
1635778291372,2021-11-01T10:51:31.372,0.050,-0.174,-1.036,0.160
1635778291382,2021-11-01T10:51:31.382,0.060,-0.175,-1.033,0.159
1635778291392,2021-11-01T10:51:31.392,0.070,-0.176,-1.027,0.155
1635778291402,2021-11-01T10:51:31.402,0.080,-0.177,-1.018,0.156
1635778291412,2021-11-01T10:51:31.412,0.090,-0.178,-1.012,0.153
1635778291422,2021-11-01T10:51:31.422,0.100,-0.178,-1.013,0.150
1635778291432,2021-11-01T10:51:31.432,0.110,-0.179,-1.019,0.151
1635778291442,2021-11-01T10:51:31.442,0.120,-0.181,-1.023,0.151
1635778291452,2021-11-01T10:51:31.452,0.130,-0.183,-1.025,0.149
1635778291462,2021-11-01T10:51:31.462,0.140,-0.188,-1.030,0.150
1635778291472,2021-11-01T10:51:31.472,0.150,-0.188,-1.033,0.152
1635778291482,2021-11-01T10:51:31.482,0.160,-0.189,-1.034,0.151
1635778291492,2021-11-01T10:51:31.492,0.170,-0.186,-1.031,0.150
1635778291502,2021-11-01T10:51:31.502,0.180,-0.183,-1.027,0.150
1635778291512,2021-11-01T10:51:31.512,0.190,-0.182,-1.026,0.152
1635778291522,2021-11-01T10:51:31.522,0.200,-0.181,-1.028,0.150
1635778291532,2021-11-01T10:51:31.532,0.210,-0.179,-1.026,0.151
1635778291542,2021-11-01T10:51:31.542,0.220,-0.176,-1.019,0.154
1635778291552,2021-11-01T10:51:31.552,0.230,-0.169,-1.018,0.154
1635778291562,2021-11-01T10:51:31.562,0.240,-0.170,-1.020,0.158
1635778291572,2021-11-01T10:51:31.572,0.250,-0.169,-1.022,0.156
1635778291582,2021-11-01T10:51:31.582,0.260,-0.169,-1.025,0.155
1635778291592,2021-11-01T10:51:31.592,0.270,-0.169,-1.033,0.157
1635778291602,2021-11-01T10:51:31.602,0.280,-0.170,-1.033,0.160
1635778291612,2021-11-01T10:51:31.612,0.290,-0.170,-1.032,0.162
1635778291622,2021-11-01T10:51:31.622,0.300,-0.170,-1.035,0.161
1635778291632,2021-11-01T10:51:31.632,0.310,-0.172,-1.033,0.158
1635778291642,2021-11-01T10:51:31.642,0.320,-0.168,-1.030,0.157
1635778291652,2021-11-01T10:51:31.652,0.330,-0.167,-1.029,0.158
1635778291662,2021-11-01T10:51:31.662,0.340,-0.167,-1.022,0.158
1635778291672,2021-11-01T10:51:31.672,0.350,-0.169,-1.024,0.156
1635778291682,2021-11-01T10:51:31.682,0.360,-0.170,-1.027,0.158
1635778291692,2021-11-01T10:51:31.692,0.370,-0.170,-1.029,0.158
1635778291702,2021-11-01T10:51:31.702,0.380,-0.167,-1.027,0.153
1635778291712,2021-11-01T10:51:31.712,0.390,-0.167,-1.026,0.156
1635778291722,2021-11-01T10:51:31.722,0.400,-0.167,-1.028,0.158
1635778291732,2021-11-01T10:51:31.732,0.410,-0.166,-1.030,0.158
1635778291742,2021-11-01T10:51:31.742,0.420,-0.167,-1.029,0.156
1635778291752,2021-11-01T10:51:31.752,0.430,-0.167,-1.025,0.156
1635778291762,2021-11-01T10:51:31.762,0.440,-0.167,-1.024,0.156
1635778291772,2021-11-01T10:51:31.772,0.450,-0.164,-1.025,0.159
1635778291782,2021-11-01T10:51:31.782,0.460,-0.164,-1.023,0.155
1635778291792,2021-11-01T10:51:31.792,0.470,-0.167,-1.024,0.157
1635778291802,2021-11-01T10:51:31.802,0.480,-0.166,-1.026,0.159
1635778291812,2021-11-01T10:51:31.812,0.490,-0.165,-1.027,0.157
1635778291822,2021-11-01T10:51:31.822,0.500,-0.169,-1.029,0.159
1635778291832,2021-11-01T10:51:31.832,0.510,-0.165,-1.030,0.158
1635778291842,2021-11-01T10:51:31.842,0.520,-0.163,-1.031,0.162
1635778291852,2021-11-01T10:51:31.852,0.530,-0.165,-1.029,0.157
1635778291862,2021-11-01T10:51:31.862,0.540,-0.166,-1.025,0.157
1635778291872,2021-11-01T10:51:31.872,0.550,-0.164,-1.028,0.158
1635778291882,2021-11-01T10:51:31.882,0.560,-0.164,-1.031,0.160
1635778291892,2021-11-01T10:51:31.892,0.570,-0.163,-1.029,0.162
1635778291902,2021-11-01T10:51:31.902,0.580,-0.161,-1.024,0.161
1635778291912,2021-11-01T10:51:31.912,0.590,-0.165,-1.026,0.159
1635778291922,2021-11-01T10:51:31.922,0.600,-0.165,-1.028,0.163
1635778291932,2021-11-01T10:51:31.932,0.610,-0.167,-1.032,0.161
1635778291942,2021-11-01T10:51:31.942,0.620,-0.167,-1.033,0.160
1635778291952,2021-11-01T10:51:31.952,0.630,-0.170,-1.030,0.161
1635778291962,2021-11-01T10:51:31.962,0.640,-0.170,-1.030,0.159
1635778291972,2021-11-01T10:51:31.972,0.650,-0.169,-1.029,0.158
1635778291982,2021-11-01T10:51:31.982,0.660,-0.168,-1.026,0.157
1635778291992,2021-11-01T10:51:31.992,0.670,-0.169,-1.025,0.157
1635778292002,2021-11-01T10:51:32.002,0.680,-0.167,-1.024,0.158
1635778292012,2021-11-01T10:51:32.012,0.690,-0.164,-1.026,0.155
1635778292022,2021-11-01T10:51:32.022,0.700,-0.166,-1.032,0.156
1635778292032,2021-11-01T10:51:32.032,0.710,-0.166,-1.031,0.156
1635778292042,2021-11-01T10:51:32.042,0.720,-0.165,-1.029,0.158
1635778292052,2021-11-01T10:51:32.052,0.730,-0.166,-1.020,0.156
1635778292062,2021-11-01T10:51:32.062,0.740,-0.171,-1.018,0.158
1635778292072,2021-11-01T10:51:32.072,0.750,-0.172,-1.021,0.158
1635778292082,2021-11-01T10:51:32.082,0.760,-0.170,-1.027,0.156
1635778292092,2021-11-01T10:51:32.092,0.770,-0.172,-1.030,0.156
1635778292102,2021-11-01T10:51:32.102,0.780,-0.170,-1.030,0.159
1635778292112,2021-11-01T10:51:32.112,0.790,-0.170,-1.030,0.157
1635778292122,2021-11-01T10:51:32.122,0.800,-0.173,-1.028,0.156
1635778292132,2021-11-01T10:51:32.132,0.810,-0.173,-1.030,0.158
1635778292142,2021-11-01T10:51:32.142,0.820,-0.174,-1.026,0.155
1635778292152,2021-11-01T10:51:32.152,0.830,-0.172,-1.023,0.155
1635778292162,2021-11-01T10:51:32.162,0.840,-0.170,-1.028,0.156
1635778292172,2021-11-01T10:51:32.172,0.850,-0.172,-1.029,0.159
1635778292182,2021-11-01T10:51:32.182,0.860,-0.172,-1.031,0.158
1635778292192,2021-11-01T10:51:32.192,0.870,-0.171,-1.030,0.158
1635778292202,2021-11-01T10:51:32.202,0.880,-0.171,-1.027,0.158
1635778292212,2021-11-01T10:51:32.212,0.890,-0.173,-1.028,0.157
1635778292222,2021-11-01T10:51:32.222,0.900,-0.175,-1.026,0.158
1635778292232,2021-11-01T10:51:32.232,0.910,-0.172,-1.026,0.158
1635778292242,2021-11-01T10:51:32.242,0.920,-0.171,-1.031,0.158
1635778292252,2021-11-01T10:51:32.252,0.930,-0.169,-1.037,0.155
1635778292262,2021-11-01T10:51:32.262,0.940,-0.168,-1.033,0.155
1635778292272,2021-11-01T10:51:32.272,0.950,-0.167,-1.027,0.156
1635778292282,2021-11-01T10:51:32.282,0.960,-0.166,-1.024,0.153
1635778292292,2021-11-01T10:51:32.292,0.970,-0.167,-1.022,0.152
1635778292302,2021-11-01T10:51:32.302,0.980,-0.168,-1.023,0.155
1635778292312,2021-11-01T10:51:32.312,0.990,-0.167,-1.026,0.156
1635778292322,2021-11-01T10:51:32.322,1.000,-0.168,-1.030,0.156
1635778292332,2021-11-01T10:51:32.332,1.010,-0.167,-1.029,0.157
1635778292342,2021-11-01T10:51:32.342,1.020,-0.167,-1.028,0.154
1635778292352,2021-11-01T10:51:32.352,1.030,-0.165,-1.027,0.157
1635778292362,2021-11-01T10:51:32.362,1.040,-0.168,-1.025,0.156
1635778292372,2021-11-01T10:51:32.372,1.050,-0.168,-1.025,0.157
1635778292382,2021-11-01T10:51:32.382,1.060,-0.168,-1.024,0.156
1635778292392,2021-11-01T10:51:32.392,1.070,-0.166,-1.029,0.156
1635778292402,2021-11-01T10:51:32.402,1.080,-0.167,-1.031,0.160
1635778292412,2021-11-01T10:51:32.412,1.090,-0.167,-1.031,0.157
1635778292422,2021-11-01T10:51:32.422,1.100,-0.165,-1.027,0.160
1635778292432,2021-11-01T10:51:32.432,1.110,-0.167,-1.026,0.160
1635778292442,2021-11-01T10:51:32.442,1.120,-0.167,-1.026,0.161
1635778292452,2021-11-01T10:51:32.452,1.130,-0.164,-1.026,0.160
1635778292462,2021-11-01T10:51:32.462,1.140,-0.164,-1.024,0.157
1635778292472,2021-11-01T10:51:32.472,1.150,-0.165,-1.025,0.158
1635778292482,2021-11-01T10:51:32.482,1.160,-0.166,-1.026,0.159
1635778292492,2021-11-01T10:51:32.492,1.170,-0.165,-1.031,0.159
1635778292502,2021-11-01T10:51:32.502,1.180,-0.165,-1.031,0.160
1635778292512,2021-11-01T10:51:32.512,1.190,-0.166,-1.030,0.158
1635778292522,2021-11-01T10:51:32.522,1.200,-0.167,-1.029,0.159
1635778292532,2021-11-01T10:51:32.532,1.210,-0.167,-1.026,0.162
1635778292542,2021-11-01T10:51:32.542,1.220,-0.165,-1.025,0.157
1635778292552,2021-11-01T10:51:32.552,1.230,-0.162,-1.022,0.159
1635778292562,2021-11-01T10:51:32.562,1.240,-0.159,-1.021,0.160
1635778292572,2021-11-01T10:51:32.572,1.250,-0.157,-1.020,0.157
1635778292582,2021-11-01T10:51:32.582,1.260,-0.158,-1.021,0.160
1635778292592,2021-11-01T10:51:32.592,1.270,-0.157,-1.027,0.160
1635778292602,2021-11-01T10:51:32.602,1.280,-0.159,-1.028,0.162
1635778292612,2021-11-01T10:51:32.612,1.290,-0.163,-1.028,0.161
1635778292622,2021-11-01T10:51:32.622,1.300,-0.167,-1.027,0.161
1635778292632,2021-11-01T10:51:32.632,1.310,-0.165,-1.027,0.156
1635778292642,2021-11-01T10:51:32.642,1.320,-0.167,-1.030,0.161
1635778292652,2021-11-01T10:51:32.652,1.330,-0.170,-1.028,0.162
1635778292662,2021-11-01T10:51:32.662,1.340,-0.168,-1.026,0.158
1635778292672,2021-11-01T10:51:32.672,1.350,-0.171,-1.025,0.155
1635778292682,2021-11-01T10:51:32.682,1.360,-0.171,-1.033,0.156
1635778292692,2021-11-01T10:51:32.692,1.370,-0.175,-1.037,0.160
1635778292702,2021-11-01T10:51:32.702,1.380,-0.175,-1.035,0.160
1635778292712,2021-11-01T10:51:32.712,1.390,-0.174,-1.032,0.160
1635778292722,2021-11-01T10:51:32.722,1.400,-0.176,-1.028,0.161
1635778292732,2021-11-01T10:51:32.732,1.410,-0.172,-1.024,0.162
1635778292742,2021-11-01T10:51:32.742,1.420,-0.172,-1.026,0.159
1635778292752,2021-11-01T10:51:32.752,1.430,-0.170,-1.025,0.161
1635778292762,2021-11-01T10:51:32.762,1.440,-0.167,-1.027,0.158
1635778292772,2021-11-01T10:51:32.772,1.450,-0.165,-1.028,0.160
1635778292782,2021-11-01T10:51:32.782,1.460,-0.167,-1.028,0.157
1635778292792,2021-11-01T10:51:32.792,1.470,-0.169,-1.029,0.155
1635778292802,2021-11-01T10:51:32.802,1.480,-0.167,-1.027,0.158
1635778292812,2021-11-01T10:51:32.812,1.490,-0.169,-1.021,0.159
1635778292822,2021-11-01T10:51:32.822,1.500,-0.169,-1.013,0.160
1635778292832,2021-11-01T10:51:32.832,1.510,-0.170,-1.018,0.158
1635778292842,2021-11-01T10:51:32.842,1.520,-0.172,-1.023,0.160
1635778292852,2021-11-01T10:51:32.852,1.530,-0.172,-1.031,0.159
1635778292862,2021-11-01T10:51:32.862,1.540,-0.172,-1.033,0.162
1635778292872,2021-11-01T10:51:32.872,1.550,-0.171,-1.032,0.161
1635778292882,2021-11-01T10:51:32.882,1.560,-0.177,-1.030,0.160
1635778292892,2021-11-01T10:51:32.892,1.570,-0.178,-1.028,0.161
1635778292902,2021-11-01T10:51:32.902,1.580,-0.179,-1.030,0.159
1635778292912,2021-11-01T10:51:32.912,1.590,-0.180,-1.029,0.162
1635778292922,2021-11-01T10:51:32.922,1.600,-0.181,-1.029,0.158
1635778292932,2021-11-01T10:51:32.932,1.610,-0.179,-1.027,0.158
1635778292942,2021-11-01T10:51:32.942,1.620,-0.178,-1.030,0.162
1635778292952,2021-11-01T10:51:32.952,1.630,-0.175,-1.033,0.160
1635778292962,2021-11-01T10:51:32.962,1.640,-0.172,-1.032,0.158
1635778292972,2021-11-01T10:51:32.972,1.650,-0.170,-1.029,0.158
1635778292982,2021-11-01T10:51:32.982,1.660,-0.166,-1.024,0.158
1635778292992,2021-11-01T10:51:32.992,1.670,-0.167,-1.022,0.159
1635778293002,2021-11-01T10:51:33.002,1.680,-0.161,-1.026,0.158
1635778293012,2021-11-01T10:51:33.012,1.690,-0.153,-1.032,0.154
1635778293022,2021-11-01T10:51:33.022,1.700,-0.150,-1.044,0.156
1635778293032,2021-11-01T10:51:33.032,1.710,-0.144,-1.055,0.158
1635778293042,2021-11-01T10:51:33.042,1.720,-0.145,-1.063,0.156
1635778293052,2021-11-01T10:51:33.052,1.730,-0.146,-1.060,0.154
1635778293062,2021-11-01T10:51:33.062,1.740,-0.139,-1.058,0.150
1635778293072,2021-11-01T10:51:33.072,1.750,-0.135,-1.057,0.144
1635778293082,2021-11-01T10:51:33.082,1.760,-0.135,-1.048,0.146
1635778293092,2021-11-01T10:51:33.092,1.770,-0.129,-1.029,0.149
1635778293102,2021-11-01T10:51:33.102,1.780,-0.119,-1.003,0.147
1635778293112,2021-11-01T10:51:33.112,1.790,-0.110,-0.986,0.147
1635778293122,2021-11-01T10:51:33.122,1.800,-0.109,-0.997,0.144
1635778293132,2021-11-01T10:51:33.132,1.810,-0.112,-1.027,0.141
1635778293142,2021-11-01T10:51:33.142,1.820,-0.116,-1.059,0.139
1635778293152,2021-11-01T10:51:33.152,1.830,-0.117,-1.071,0.138
1635778293162,2021-11-01T10:51:33.162,1.840,-0.114,-1.066,0.134
1635778293172,2021-11-01T10:51:33.172,1.850,-0.114,-1.050,0.134
1635778293182,2021-11-01T10:51:33.182,1.860,-0.111,-1.034,0.134
1635778293192,2021-11-01T10:51:33.192,1.870,-0.107,-1.016,0.140
1635778293202,2021-11-01T10:51:33.202,1.880,-0.099,-0.997,0.138
1635778293212,2021-11-01T10:51:33.212,1.890,-0.097,-0.996,0.126
1635778293222,2021-11-01T10:51:33.222,1.900,-0.108,-1.008,0.126
1635778293232,2021-11-01T10:51:33.232,1.910,-0.117,-1.011,0.124
1635778293242,2021-11-01T10:51:33.242,1.920,-0.114,-1.014,0.120
1635778293252,2021-11-01T10:51:33.252,1.930,-0.111,-1.026,0.116
1635778293262,2021-11-01T10:51:33.262,1.940,-0.116,-1.043,0.121
1635778293272,2021-11-01T10:51:33.272,1.950,-0.125,-1.045,0.122
1635778293282,2021-11-01T10:51:33.282,1.960,-0.130,-1.036,0.116
1635778293292,2021-11-01T10:51:33.292,1.970,-0.134,-1.024,0.118
1635778293302,2021-11-01T10:51:33.302,1.980,-0.138,-1.007,0.121
1635778293312,2021-11-01T10:51:33.312,1.990,-0.141,-0.993,0.125
1635778293322,2021-11-01T10:51:33.322,2.000,-0.146,-0.982,0.131
1635778293332,2021-11-01T10:51:33.332,2.010,-0.161,-0.973,0.133
1635778293342,2021-11-01T10:51:33.342,2.020,-0.182,-0.967,0.133
1635778293352,2021-11-01T10:51:33.352,2.030,-0.214,-0.958,0.138
1635778293362,2021-11-01T10:51:33.362,2.040,-0.244,-0.955,0.136
1635778293372,2021-11-01T10:51:33.372,2.050,-0.259,-0.950,0.136
1635778293382,2021-11-01T10:51:33.382,2.060,-0.273,-0.944,0.136
1635778293392,2021-11-01T10:51:33.392,2.070,-0.288,-0.953,0.134
1635778293402,2021-11-01T10:51:33.402,2.080,-0.299,-0.976,0.134
1635778293412,2021-11-01T10:51:33.412,2.090,-0.311,-0.984,0.133
1635778293422,2021-11-01T10:51:33.422,2.100,-0.327,-0.971,0.134
1635778293432,2021-11-01T10:51:33.432,2.110,-0.343,-0.964,0.131
1635778293442,2021-11-01T10:51:33.442,2.120,-0.357,-0.980,0.130
1635778293452,2021-11-01T10:51:33.452,2.130,-0.370,-1.009,0.136
1635778293462,2021-11-01T10:51:33.462,2.140,-0.379,-1.032,0.143
1635778293472,2021-11-01T10:51:33.472,2.150,-0.381,-1.058,0.146
1635778293482,2021-11-01T10:51:33.482,2.160,-0.387,-1.077,0.150
1635778293492,2021-11-01T10:51:33.492,2.170,-0.389,-1.076,0.154
1635778293502,2021-11-01T10:51:33.502,2.180,-0.380,-1.054,0.158
1635778293512,2021-11-01T10:51:33.512,2.190,-0.365,-1.032,0.165
1635778293522,2021-11-01T10:51:33.522,2.200,-0.353,-1.021,0.170
1635778293532,2021-11-01T10:51:33.532,2.210,-0.345,-1.011,0.175
1635778293542,2021-11-01T10:51:33.542,2.220,-0.329,-0.990,0.176
1635778293552,2021-11-01T10:51:33.552,2.230,-0.313,-0.972,0.185
1635778293562,2021-11-01T10:51:33.562,2.240,-0.303,-0.977,0.192
1635778293572,2021-11-01T10:51:33.572,2.250,-0.295,-0.999,0.195
1635778293582,2021-11-01T10:51:33.582,2.260,-0.286,-1.012,0.202
1635778293592,2021-11-01T10:51:33.592,2.270,-0.279,-1.000,0.205
1635778293602,2021-11-01T10:51:33.602,2.280,-0.271,-0.984,0.199
1635778293612,2021-11-01T10:51:33.612,2.290,-0.268,-0.978,0.199
1635778293622,2021-11-01T10:51:33.622,2.300,-0.271,-0.974,0.199
1635778293632,2021-11-01T10:51:33.632,2.310,-0.276,-0.967,0.198
1635778293642,2021-11-01T10:51:33.642,2.320,-0.279,-0.965,0.203
1635778293652,2021-11-01T10:51:33.652,2.330,-0.284,-0.973,0.207
1635778293662,2021-11-01T10:51:33.662,2.340,-0.289,-1.000,0.216
1635778293672,2021-11-01T10:51:33.672,2.350,-0.291,-1.039,0.221
1635778293682,2021-11-01T10:51:33.682,2.360,-0.289,-1.084,0.222
1635778293692,2021-11-01T10:51:33.692,2.370,-0.283,-1.119,0.226
1635778293702,2021-11-01T10:51:33.702,2.380,-0.262,-1.110,0.234
1635778293712,2021-11-01T10:51:33.712,2.390,-0.244,-1.075,0.231
1635778293722,2021-11-01T10:51:33.722,2.400,-0.235,-1.031,0.230
1635778293732,2021-11-01T10:51:33.732,2.410,-0.224,-1.005,0.235
1635778293742,2021-11-01T10:51:33.742,2.420,-0.218,-0.989,0.241
1635778293752,2021-11-01T10:51:33.752,2.430,-0.214,-0.979,0.250
1635778293762,2021-11-01T10:51:33.762,2.440,-0.206,-0.964,0.255
1635778293772,2021-11-01T10:51:33.772,2.450,-0.202,-0.958,0.260
1635778293782,2021-11-01T10:51:33.782,2.460,-0.197,-0.958,0.268
1635778293792,2021-11-01T10:51:33.792,2.470,-0.191,-0.949,0.267
1635778293802,2021-11-01T10:51:33.802,2.480,-0.199,-0.959,0.257
1635778293812,2021-11-01T10:51:33.812,2.490,-0.214,-0.987,0.245
1635778293822,2021-11-01T10:51:33.822,2.500,-0.228,-1.001,0.236
1635778293832,2021-11-01T10:51:33.832,2.510,-0.237,-1.003,0.223
1635778293842,2021-11-01T10:51:33.842,2.520,-0.247,-0.992,0.215
1635778293852,2021-11-01T10:51:33.852,2.530,-0.250,-0.986,0.212
1635778293862,2021-11-01T10:51:33.862,2.540,-0.244,-1.003,0.203
1635778293872,2021-11-01T10:51:33.872,2.550,-0.237,-1.021,0.204
1635778293882,2021-11-01T10:51:33.882,2.560,-0.230,-1.031,0.206
1635778293892,2021-11-01T10:51:33.892,2.570,-0.221,-1.026,0.208
1635778293902,2021-11-01T10:51:33.902,2.580,-0.209,-1.020,0.215
1635778293912,2021-11-01T10:51:33.912,2.590,-0.200,-1.010,0.214
1635778293922,2021-11-01T10:51:33.922,2.600,-0.192,-1.001,0.213
1635778293932,2021-11-01T10:51:33.932,2.610,-0.184,-1.003,0.204
1635778293942,2021-11-01T10:51:33.942,2.620,-0.179,-1.016,0.200
1635778293952,2021-11-01T10:51:33.952,2.630,-0.176,-1.027,0.193
1635778293962,2021-11-01T10:51:33.962,2.640,-0.171,-1.033,0.181
1635778293972,2021-11-01T10:51:33.972,2.650,-0.167,-1.037,0.165
1635778293982,2021-11-01T10:51:33.982,2.660,-0.174,-1.032,0.152
1635778293992,2021-11-01T10:51:33.992,2.670,-0.175,-1.012,0.140
1635778294002,2021-11-01T10:51:34.002,2.680,-0.181,-0.987,0.124
1635778294012,2021-11-01T10:51:34.012,2.690,-0.183,-0.953,0.109
1635778294022,2021-11-01T10:51:34.022,2.700,-0.173,-0.934,0.098
1635778294032,2021-11-01T10:51:34.032,2.710,-0.165,-0.932,0.092
1635778294042,2021-11-01T10:51:34.042,2.720,-0.161,-0.939,0.088
1635778294052,2021-11-01T10:51:34.052,2.730,-0.149,-0.948,0.092
1635778294062,2021-11-01T10:51:34.062,2.740,-0.149,-0.944,0.099
1635778294072,2021-11-01T10:51:34.072,2.750,-0.160,-0.930,0.108
1635778294082,2021-11-01T10:51:34.082,2.760,-0.169,-0.937,0.109
1635778294092,2021-11-01T10:51:34.092,2.770,-0.183,-0.942,0.115
1635778294102,2021-11-01T10:51:34.102,2.780,-0.197,-0.904,0.129
1635778294112,2021-11-01T10:51:34.112,2.790,-0.223,-0.849,0.128
1635778294122,2021-11-01T10:51:34.122,2.800,-0.250,-0.839,0.132
1635778294132,2021-11-01T10:51:34.132,2.810,-0.274,-0.896,0.140
1635778294142,2021-11-01T10:51:34.142,2.820,-0.312,-0.979,0.158
1635778294152,2021-11-01T10:51:34.152,2.830,-0.362,-1.034,0.161
1635778294162,2021-11-01T10:51:34.162,2.840,-0.411,-1.039,0.156
1635778294172,2021-11-01T10:51:34.172,2.850,-0.435,-0.996,0.164
1635778294182,2021-11-01T10:51:34.182,2.860,-0.424,-0.927,0.165
1635778294192,2021-11-01T10:51:34.192,2.870,-0.445,-0.897,0.147
1635778294202,2021-11-01T10:51:34.202,2.880,-0.495,-0.896,0.160
1635778294212,2021-11-01T10:51:34.212,2.890,-0.524,-0.908,0.147
1635778294222,2021-11-01T10:51:34.222,2.900,-0.555,-0.916,0.120
1635778294232,2021-11-01T10:51:34.232,2.910,-0.568,-0.941,0.107
1635778294242,2021-11-01T10:51:34.242,2.920,-0.566,-0.991,0.110
1635778294252,2021-11-01T10:51:34.252,2.930,-0.553,-1.012,0.118
1635778294262,2021-11-01T10:51:34.262,2.940,-0.543,-0.955,0.112
1635778294272,2021-11-01T10:51:34.272,2.950,-0.539,-0.836,0.102
1635778294282,2021-11-01T10:51:34.282,2.960,-0.553,-0.741,0.079
1635778294292,2021-11-01T10:51:34.292,2.970,-0.614,-0.727,0.058
1635778294302,2021-11-01T10:51:34.302,2.980,-0.697,-0.836,0.029
1635778294312,2021-11-01T10:51:34.312,2.990,-0.792,-1.004,0.030
1635778294322,2021-11-01T10:51:34.322,3.000,-0.875,-1.088,0.063
1635778294332,2021-11-01T10:51:34.332,3.010,-0.917,-1.049,0.086
1635778294342,2021-11-01T10:51:34.342,3.020,-0.934,-0.945,0.097
1635778294352,2021-11-01T10:51:34.352,3.030,-0.942,-0.892,0.105
1635778294362,2021-11-01T10:51:34.362,3.040,-0.961,-0.920,0.110
1635778294372,2021-11-01T10:51:34.372,3.050,-0.989,-0.973,0.113
1635778294382,2021-11-01T10:51:34.382,3.060,-0.999,-1.015,0.091
1635778294392,2021-11-01T10:51:34.392,3.070,-1.012,-1.022,0.081
1635778294402,2021-11-01T10:51:34.402,3.080,-1.047,-1.008,0.106
1635778294412,2021-11-01T10:51:34.412,3.090,-1.070,-1.031,0.109
1635778294422,2021-11-01T10:51:34.422,3.100,-1.067,-1.063,0.121
1635778294432,2021-11-01T10:51:34.432,3.110,-1.032,-1.024,0.130
1635778294442,2021-11-01T10:51:34.442,3.120,-0.978,-0.918,0.093
1635778294452,2021-11-01T10:51:34.452,3.130,-0.954,-0.819,0.052
1635778294462,2021-11-01T10:51:34.462,3.140,-0.950,-0.796,0.027
1635778294472,2021-11-01T10:51:34.472,3.150,-0.938,-0.854,0.019
1635778294482,2021-11-01T10:51:34.482,3.160,-0.906,-0.931,0.037
1635778294492,2021-11-01T10:51:34.492,3.170,-0.875,-0.973,0.051
1635778294502,2021-11-01T10:51:34.502,3.180,-0.856,-0.970,0.062
1635778294512,2021-11-01T10:51:34.512,3.190,-0.854,-0.938,0.063
1635778294522,2021-11-01T10:51:34.522,3.200,-0.835,-0.881,0.056
1635778294532,2021-11-01T10:51:34.532,3.210,-0.789,-0.860,0.053
1635778294542,2021-11-01T10:51:34.542,3.220,-0.751,-0.888,0.057
1635778294552,2021-11-01T10:51:34.552,3.230,-0.730,-0.922,0.072
1635778294562,2021-11-01T10:51:34.562,3.240,-0.717,-0.955,0.086
1635778294572,2021-11-01T10:51:34.572,3.250,-0.713,-0.960,0.083
1635778294582,2021-11-01T10:51:34.582,3.260,-0.725,-0.924,0.064
1635778294592,2021-11-01T10:51:34.592,3.270,-0.754,-0.895,0.040
1635778294602,2021-11-01T10:51:34.602,3.280,-0.765,-0.894,0.030
1635778294612,2021-11-01T10:51:34.612,3.290,-0.762,-0.907,0.047
1635778294622,2021-11-01T10:51:34.622,3.300,-0.749,-0.939,0.069
1635778294632,2021-11-01T10:51:34.632,3.310,-0.731,-0.987,0.095
1635778294642,2021-11-01T10:51:34.642,3.320,-0.724,-1.006,0.104
1635778294652,2021-11-01T10:51:34.652,3.330,-0.730,-0.961,0.077
1635778294662,2021-11-01T10:51:34.662,3.340,-0.744,-0.884,0.027
1635778294672,2021-11-01T10:51:34.672,3.350,-0.754,-0.852,-0.004
1635778294682,2021-11-01T10:51:34.682,3.360,-0.747,-0.886,-0.016
1635778294692,2021-11-01T10:51:34.692,3.370,-0.716,-0.940,-0.010
1635778294702,2021-11-01T10:51:34.702,3.380,-0.690,-0.954,0.006
1635778294712,2021-11-01T10:51:34.712,3.390,-0.670,-0.941,0.021
1635778294722,2021-11-01T10:51:34.722,3.400,-0.653,-0.929,0.039
1635778294732,2021-11-01T10:51:34.732,3.410,-0.637,-0.935,0.046
1635778294742,2021-11-01T10:51:34.742,3.420,-0.638,-0.927,0.038
1635778294752,2021-11-01T10:51:34.752,3.430,-0.633,-0.937,0.012
1635778294762,2021-11-01T10:51:34.762,3.440,-0.642,-0.969,-0.004
1635778294772,2021-11-01T10:51:34.772,3.450,-0.658,-0.960,-0.017
1635778294782,2021-11-01T10:51:34.782,3.460,-0.648,-0.917,-0.027
1635778294792,2021-11-01T10:51:34.792,3.470,-0.640,-0.885,-0.031
1635778294802,2021-11-01T10:51:34.802,3.480,-0.636,-0.879,-0.031
1635778294812,2021-11-01T10:51:34.812,3.490,-0.641,-0.876,-0.027
1635778294822,2021-11-01T10:51:34.822,3.500,-0.656,-0.875,-0.035
1635778294832,2021-11-01T10:51:34.832,3.510,-0.669,-0.897,-0.044
1635778294842,2021-11-01T10:51:34.842,3.520,-0.685,-0.934,-0.034
1635778294852,2021-11-01T10:51:34.852,3.530,-0.699,-0.958,-0.022
1635778294862,2021-11-01T10:51:34.862,3.540,-0.705,-0.954,-0.024
1635778294872,2021-11-01T10:51:34.872,3.550,-0.707,-0.952,-0.014
1635778294882,2021-11-01T10:51:34.882,3.560,-0.715,-0.956,-0.006
1635778294892,2021-11-01T10:51:34.892,3.570,-0.722,-0.946,-0.001
1635778294902,2021-11-01T10:51:34.902,3.580,-0.704,-0.938,0.011
1635778294912,2021-11-01T10:51:34.912,3.590,-0.674,-0.958,0.023
1635778294922,2021-11-01T10:51:34.922,3.600,-0.650,-0.960,0.033
1635778294932,2021-11-01T10:51:34.932,3.610,-0.638,-0.903,0.030
1635778294942,2021-11-01T10:51:34.942,3.620,-0.627,-0.850,-0.003
1635778294952,2021-11-01T10:51:34.952,3.630,-0.616,-0.850,-0.025
1635778294962,2021-11-01T10:51:34.962,3.640,-0.606,-0.872,-0.026
1635778294972,2021-11-01T10:51:34.972,3.650,-0.584,-0.855,-0.032
1635778294982,2021-11-01T10:51:34.982,3.660,-0.564,-0.838,-0.038
1635778294992,2021-11-01T10:51:34.992,3.670,-0.551,-0.844,-0.031
1635778295002,2021-11-01T10:51:35.002,3.680,-0.556,-0.851,-0.023
1635778295012,2021-11-01T10:51:35.012,3.690,-0.584,-0.843,-0.027
1635778295022,2021-11-01T10:51:35.022,3.700,-0.598,-0.827,-0.029
1635778295032,2021-11-01T10:51:35.032,3.710,-0.586,-0.825,-0.033
1635778295042,2021-11-01T10:51:35.042,3.720,-0.573,-0.827,-0.031
1635778295052,2021-11-01T10:51:35.052,3.730,-0.543,-0.820,-0.032
1635778295062,2021-11-01T10:51:35.062,3.740,-0.508,-0.808,-0.040
1635778295072,2021-11-01T10:51:35.072,3.750,-0.474,-0.783,-0.030
1635778295082,2021-11-01T10:51:35.082,3.760,-0.452,-0.753,-0.025
1635778295092,2021-11-01T10:51:35.092,3.770,-0.439,-0.751,-0.008
1635778295102,2021-11-01T10:51:35.102,3.780,-0.445,-0.790,0.006
1635778295112,2021-11-01T10:51:35.112,3.790,-0.474,-0.809,0.009
1635778295122,2021-11-01T10:51:35.122,3.800,-0.495,-0.778,0.003
1635778295132,2021-11-01T10:51:35.132,3.810,-0.496,-0.744,-0.020
1635778295142,2021-11-01T10:51:35.142,3.820,-0.484,-0.747,-0.035
1635778295152,2021-11-01T10:51:35.152,3.830,-0.458,-0.783,-0.039
1635778295162,2021-11-01T10:51:35.162,3.840,-0.428,-0.792,-0.042
1635778295172,2021-11-01T10:51:35.172,3.850,-0.397,-0.759,-0.040
1635778295182,2021-11-01T10:51:35.182,3.860,-0.354,-0.732,-0.046
1635778295192,2021-11-01T10:51:35.192,3.870,-0.321,-0.729,-0.040
1635778295202,2021-11-01T10:51:35.202,3.880,-0.295,-0.733,-0.028
1635778295212,2021-11-01T10:51:35.212,3.890,-0.282,-0.720,-0.026
1635778295222,2021-11-01T10:51:35.222,3.900,-0.275,-0.706,-0.034
1635778295232,2021-11-01T10:51:35.232,3.910,-0.275,-0.705,-0.023
1635778295242,2021-11-01T10:51:35.242,3.920,-0.281,-0.708,-0.006
1635778295252,2021-11-01T10:51:35.252,3.930,-0.292,-0.705,-0.002
1635778295262,2021-11-01T10:51:35.262,3.940,-0.296,-0.716,-0.001
1635778295272,2021-11-01T10:51:35.272,3.950,-0.293,-0.763,0.012
1635778295282,2021-11-01T10:51:35.282,3.960,-0.289,-0.828,0.019
1635778295292,2021-11-01T10:51:35.292,3.970,-0.280,-0.880,0.029
1635778295302,2021-11-01T10:51:35.302,3.980,-0.271,-0.898,0.042
1635778295312,2021-11-01T10:51:35.312,3.990,-0.272,-0.880,0.051
1635778295322,2021-11-01T10:51:35.322,4.000,-0.282,-0.854,0.054
1635778295332,2021-11-01T10:51:35.332,4.010,-0.292,-0.845,0.057
1635778295342,2021-11-01T10:51:35.342,4.020,-0.293,-0.851,0.059
1635778295352,2021-11-01T10:51:35.352,4.030,-0.303,-0.836,0.059
1635778295362,2021-11-01T10:51:35.362,4.040,-0.315,-0.821,0.059
1635778295372,2021-11-01T10:51:35.372,4.050,-0.316,-0.843,0.064
1635778295382,2021-11-01T10:51:35.382,4.060,-0.307,-0.907,0.082
1635778295392,2021-11-01T10:51:35.392,4.070,-0.303,-0.976,0.104
1635778295402,2021-11-01T10:51:35.402,4.080,-0.311,-0.996,0.127
1635778295412,2021-11-01T10:51:35.412,4.090,-0.323,-0.967,0.146
1635778295422,2021-11-01T10:51:35.422,4.100,-0.326,-0.946,0.159
1635778295432,2021-11-01T10:51:35.432,4.110,-0.326,-0.968,0.170
1635778295442,2021-11-01T10:51:35.442,4.120,-0.330,-0.988,0.187
1635778295452,2021-11-01T10:51:35.452,4.130,-0.335,-0.955,0.191
1635778295462,2021-11-01T10:51:35.462,4.140,-0.342,-0.911,0.194
1635778295472,2021-11-01T10:51:35.472,4.150,-0.339,-0.909,0.200
1635778295482,2021-11-01T10:51:35.482,4.160,-0.345,-0.963,0.218
1635778295492,2021-11-01T10:51:35.492,4.170,-0.344,-1.016,0.243
1635778295502,2021-11-01T10:51:35.502,4.180,-0.343,-1.035,0.258
1635778295512,2021-11-01T10:51:35.512,4.190,-0.336,-1.012,0.263
1635778295522,2021-11-01T10:51:35.522,4.200,-0.318,-0.979,0.272
1635778295532,2021-11-01T10:51:35.532,4.210,-0.311,-0.961,0.278
1635778295542,2021-11-01T10:51:35.542,4.220,-0.305,-0.956,0.286
1635778295552,2021-11-01T10:51:35.552,4.230,-0.282,-0.948,0.293
1635778295562,2021-11-01T10:51:35.562,4.240,-0.280,-0.961,0.294
1635778295572,2021-11-01T10:51:35.572,4.250,-0.296,-0.999,0.296
1635778295582,2021-11-01T10:51:35.582,4.260,-0.301,-1.032,0.296
1635778295592,2021-11-01T10:51:35.592,4.270,-0.312,-1.014,0.295
1635778295602,2021-11-01T10:51:35.602,4.280,-0.325,-0.949,0.286
1635778295612,2021-11-01T10:51:35.612,4.290,-0.327,-0.908,0.274
1635778295622,2021-11-01T10:51:35.622,4.300,-0.330,-0.913,0.252
1635778295632,2021-11-01T10:51:35.632,4.310,-0.338,-0.930,0.243
1635778295642,2021-11-01T10:51:35.642,4.320,-0.338,-0.918,0.230
1635778295652,2021-11-01T10:51:35.652,4.330,-0.331,-0.897,0.214
1635778295662,2021-11-01T10:51:35.662,4.340,-0.319,-0.900,0.208
1635778295672,2021-11-01T10:51:35.672,4.350,-0.301,-0.990,0.197
1635778295682,2021-11-01T10:51:35.682,4.360,-0.301,-1.114,0.174
1635778295692,2021-11-01T10:51:35.692,4.370,-0.320,-1.101,0.202
1635778295702,2021-11-01T10:51:35.702,4.380,-0.300,-0.991,0.202
1635778295712,2021-11-01T10:51:35.712,4.390,-0.274,-0.944,0.167
1635778295722,2021-11-01T10:51:35.722,4.400,-0.278,-0.988,0.173
1635778295732,2021-11-01T10:51:35.732,4.410,-0.286,-1.006,0.177
1635778295742,2021-11-01T10:51:35.742,4.420,-0.271,-0.958,0.154
1635778295752,2021-11-01T10:51:35.752,4.430,-0.256,-0.920,0.141
1635778295762,2021-11-01T10:51:35.762,4.440,-0.254,-0.943,0.127
1635778295772,2021-11-01T10:51:35.772,4.450,-0.261,-0.983,0.116
1635778295782,2021-11-01T10:51:35.782,4.460,-0.261,-0.990,0.111
1635778295792,2021-11-01T10:51:35.792,4.470,-0.251,-0.984,0.104
1635778295802,2021-11-01T10:51:35.802,4.480,-0.236,-0.991,0.095
1635778295812,2021-11-01T10:51:35.812,4.490,-0.229,-0.995,0.104
1635778295822,2021-11-01T10:51:35.822,4.500,-0.218,-0.993,0.098
1635778295832,2021-11-01T10:51:35.832,4.510,-0.208,-0.993,0.090
1635778295842,2021-11-01T10:51:35.842,4.520,-0.209,-0.982,0.087
1635778295852,2021-11-01T10:51:35.852,4.530,-0.221,-0.958,0.077
1635778295862,2021-11-01T10:51:35.862,4.540,-0.225,-0.951,0.068
1635778295872,2021-11-01T10:51:35.872,4.550,-0.218,-0.974,0.068
1635778295882,2021-11-01T10:51:35.882,4.560,-0.207,-0.999,0.070
1635778295892,2021-11-01T10:51:35.892,4.570,-0.190,-1.000,0.078
1635778295902,2021-11-01T10:51:35.902,4.580,-0.181,-0.985,0.084
1635778295912,2021-11-01T10:51:35.912,4.590,-0.176,-0.973,0.092
1635778295922,2021-11-01T10:51:35.922,4.600,-0.169,-0.976,0.098
1635778295932,2021-11-01T10:51:35.932,4.610,-0.167,-0.983,0.103
1635778295942,2021-11-01T10:51:35.942,4.620,-0.174,-0.982,0.109
1635778295952,2021-11-01T10:51:35.952,4.630,-0.180,-0.980,0.112
1635778295962,2021-11-01T10:51:35.962,4.640,-0.180,-0.990,0.119
1635778295972,2021-11-01T10:51:35.972,4.650,-0.176,-1.001,0.131
1635778295982,2021-11-01T10:51:35.982,4.660,-0.171,-1.011,0.142
1635778295992,2021-11-01T10:51:35.992,4.670,-0.157,-1.022,0.152
1635778296002,2021-11-01T10:51:36.002,4.680,-0.153,-1.033,0.163
1635778296012,2021-11-01T10:51:36.012,4.690,-0.159,-1.034,0.166
1635778296022,2021-11-01T10:51:36.022,4.700,-0.168,-1.035,0.164
1635778296032,2021-11-01T10:51:36.032,4.710,-0.174,-1.020,0.167
1635778296042,2021-11-01T10:51:36.042,4.720,-0.177,-0.997,0.175
1635778296052,2021-11-01T10:51:36.052,4.730,-0.174,-0.998,0.180
1635778296062,2021-11-01T10:51:36.062,4.740,-0.171,-1.014,0.188
1635778296072,2021-11-01T10:51:36.072,4.750,-0.170,-1.022,0.200
1635778296082,2021-11-01T10:51:36.082,4.760,-0.163,-1.019,0.204
1635778296092,2021-11-01T10:51:36.092,4.770,-0.168,-1.021,0.203
1635778296102,2021-11-01T10:51:36.102,4.780,-0.175,-1.031,0.200
1635778296112,2021-11-01T10:51:36.112,4.790,-0.178,-1.037,0.198
1635778296122,2021-11-01T10:51:36.122,4.800,-0.178,-1.040,0.198
1635778296132,2021-11-01T10:51:36.132,4.810,-0.175,-1.034,0.198
1635778296142,2021-11-01T10:51:36.142,4.820,-0.174,-1.016,0.201
1635778296152,2021-11-01T10:51:36.152,4.830,-0.179,-1.003,0.194
1635778296162,2021-11-01T10:51:36.162,4.840,-0.185,-0.999,0.191
1635778296172,2021-11-01T10:51:36.172,4.850,-0.187,-1.002,0.186
1635778296182,2021-11-01T10:51:36.182,4.860,-0.189,-1.010,0.184
1635778296192,2021-11-01T10:51:36.192,4.870,-0.191,-1.021,0.185
1635778296202,2021-11-01T10:51:36.202,4.880,-0.183,-1.024,0.186
1635778296212,2021-11-01T10:51:36.212,4.890,-0.186,-1.021,0.194
1635778296222,2021-11-01T10:51:36.222,4.900,-0.190,-1.017,0.195
1635778296232,2021-11-01T10:51:36.232,4.910,-0.197,-1.008,0.191
1635778296242,2021-11-01T10:51:36.242,4.920,-0.213,-1.006,0.179
1635778296252,2021-11-01T10:51:36.252,4.930,-0.229,-1.022,0.174
1635778296262,2021-11-01T10:51:36.262,4.940,-0.232,-1.043,0.171
1635778296272,2021-11-01T10:51:36.272,4.950,-0.230,-1.048,0.167
1635778296282,2021-11-01T10:51:36.282,4.960,-0.224,-1.031,0.167
1635778296292,2021-11-01T10:51:36.292,4.970,-0.225,-1.011,0.160
1635778296302,2021-11-01T10:51:36.302,4.980,-0.233,-0.998,0.159
1635778296312,2021-11-01T10:51:36.312,4.990,-0.244,-0.993,0.166
1635778296322,2021-11-01T10:51:36.322,5.000,-0.242,-1.009,0.163
1635778296332,2021-11-01T10:51:36.332,5.010,-0.240,-1.035,0.161
1635778296342,2021-11-01T10:51:36.342,5.020,-0.243,-1.031,0.163
1635778296352,2021-11-01T10:51:36.352,5.030,-0.251,-1.014,0.163
1635778296362,2021-11-01T10:51:36.362,5.040,-0.250,-1.006,0.159
1635778296372,2021-11-01T10:51:36.372,5.050,-0.250,-1.017,0.164
1635778296382,2021-11-01T10:51:36.382,5.060,-0.249,-1.030,0.169
1635778296392,2021-11-01T10:51:36.392,5.070,-0.248,-1.033,0.174
1635778296402,2021-11-01T10:51:36.402,5.080,-0.243,-1.025,0.178
1635778296412,2021-11-01T10:51:36.412,5.090,-0.238,-1.018,0.171
1635778296422,2021-11-01T10:51:36.422,5.100,-0.241,-1.014,0.163
1635778296432,2021-11-01T10:51:36.432,5.110,-0.242,-1.013,0.160
1635778296442,2021-11-01T10:51:36.442,5.120,-0.241,-1.007,0.164
1635778296452,2021-11-01T10:51:36.452,5.130,-0.238,-1.002,0.164
1635778296462,2021-11-01T10:51:36.462,5.140,-0.234,-1.009,0.161
1635778296472,2021-11-01T10:51:36.472,5.150,-0.233,-1.017,0.167
1635778296482,2021-11-01T10:51:36.482,5.160,-0.231,-1.014,0.172
1635778296492,2021-11-01T10:51:36.492,5.170,-0.233,-1.003,0.170
1635778296502,2021-11-01T10:51:36.502,5.180,-0.233,-0.995,0.172
1635778296512,2021-11-01T10:51:36.512,5.190,-0.235,-1.008,0.171
1635778296522,2021-11-01T10:51:36.522,5.200,-0.241,-1.031,0.172
1635778296532,2021-11-01T10:51:36.532,5.210,-0.238,-1.041,0.173
1635778296542,2021-11-01T10:51:36.542,5.220,-0.232,-1.043,0.174
1635778296552,2021-11-01T10:51:36.552,5.230,-0.231,-1.037,0.178
1635778296562,2021-11-01T10:51:36.562,5.240,-0.231,-1.021,0.179
1635778296572,2021-11-01T10:51:36.572,5.250,-0.235,-1.006,0.176
1635778296582,2021-11-01T10:51:36.582,5.260,-0.241,-1.007,0.172
1635778296592,2021-11-01T10:51:36.592,5.270,-0.244,-1.019,0.176
1635778296602,2021-11-01T10:51:36.602,5.280,-0.249,-1.018,0.174
1635778296612,2021-11-01T10:51:36.612,5.290,-0.249,-1.015,0.175
1635778296622,2021-11-01T10:51:36.622,5.300,-0.249,-1.021,0.175
1635778296632,2021-11-01T10:51:36.632,5.310,-0.245,-1.030,0.176
1635778296642,2021-11-01T10:51:36.642,5.320,-0.242,-1.033,0.179
1635778296652,2021-11-01T10:51:36.652,5.330,-0.243,-1.028,0.178
1635778296662,2021-11-01T10:51:36.662,5.340,-0.244,-1.013,0.175
1635778296672,2021-11-01T10:51:36.672,5.350,-0.247,-1.003,0.176
1635778296682,2021-11-01T10:51:36.682,5.360,-0.250,-1.007,0.169
1635778296692,2021-11-01T10:51:36.692,5.370,-0.254,-1.018,0.164
1635778296702,2021-11-01T10:51:36.702,5.380,-0.255,-1.028,0.157
1635778296712,2021-11-01T10:51:36.712,5.390,-0.245,-1.027,0.158
1635778296722,2021-11-01T10:51:36.722,5.400,-0.238,-1.025,0.162
1635778296732,2021-11-01T10:51:36.732,5.410,-0.231,-1.028,0.160
1635778296742,2021-11-01T10:51:36.742,5.420,-0.232,-1.025,0.166
1635778296752,2021-11-01T10:51:36.752,5.430,-0.232,-1.013,0.165
1635778296762,2021-11-01T10:51:36.762,5.440,-0.230,-1.005,0.168
1635778296772,2021-11-01T10:51:36.772,5.450,-0.232,-1.010,0.166
1635778296782,2021-11-01T10:51:36.782,5.460,-0.228,-1.012,0.164
1635778296792,2021-11-01T10:51:36.792,5.470,-0.228,-1.014,0.165
1635778296802,2021-11-01T10:51:36.802,5.480,-0.227,-1.017,0.164
1635778296812,2021-11-01T10:51:36.812,5.490,-0.226,-1.017,0.167
1635778296822,2021-11-01T10:51:36.822,5.500,-0.228,-1.005,0.167
1635778296832,2021-11-01T10:51:36.832,5.510,-0.220,-1.001,0.167
1635778296842,2021-11-01T10:51:36.842,5.520,-0.216,-1.015,0.167
1635778296852,2021-11-01T10:51:36.852,5.530,-0.217,-1.027,0.167
1635778296862,2021-11-01T10:51:36.862,5.540,-0.213,-1.020,0.167
1635778296872,2021-11-01T10:51:36.872,5.550,-0.208,-1.007,0.167
1635778296882,2021-11-01T10:51:36.882,5.560,-0.210,-1.001,0.168
1635778296892,2021-11-01T10:51:36.892,5.570,-0.212,-1.004,0.168
1635778296902,2021-11-01T10:51:36.902,5.580,-0.207,-1.013,0.172
1635778296912,2021-11-01T10:51:36.912,5.590,-0.201,-1.020,0.183
1635778296922,2021-11-01T10:51:36.922,5.600,-0.198,-1.023,0.187
1635778296932,2021-11-01T10:51:36.932,5.610,-0.198,-1.028,0.183
1635778296942,2021-11-01T10:51:36.942,5.620,-0.204,-1.030,0.182
1635778296952,2021-11-01T10:51:36.952,5.630,-0.201,-1.020,0.177
1635778296962,2021-11-01T10:51:36.962,5.640,-0.199,-1.015,0.176
1635778296972,2021-11-01T10:51:36.972,5.650,-0.198,-1.027,0.171
1635778296982,2021-11-01T10:51:36.982,5.660,-0.193,-1.031,0.173
1635778296992,2021-11-01T10:51:36.992,5.670,-0.188,-1.017,0.181
1635778297002,2021-11-01T10:51:37.002,5.680,-0.177,-1.005,0.183
1635778297012,2021-11-01T10:51:37.012,5.690,-0.174,-1.005,0.187
1635778297022,2021-11-01T10:51:37.022,5.700,-0.167,-1.017,0.188
1635778297032,2021-11-01T10:51:37.032,5.710,-0.168,-1.028,0.189
1635778297042,2021-11-01T10:51:37.042,5.720,-0.177,-1.020,0.187
1635778297052,2021-11-01T10:51:37.052,5.730,-0.193,-0.994,0.184
1635778297062,2021-11-01T10:51:37.062,5.740,-0.199,-0.983,0.172
1635778297072,2021-11-01T10:51:37.072,5.750,-0.200,-1.000,0.172
1635778297082,2021-11-01T10:51:37.082,5.760,-0.206,-1.018,0.172
1635778297092,2021-11-01T10:51:37.092,5.770,-0.205,-1.020,0.169
1635778297102,2021-11-01T10:51:37.102,5.780,-0.194,-1.014,0.168
1635778297112,2021-11-01T10:51:37.112,5.790,-0.187,-1.021,0.170
1635778297122,2021-11-01T10:51:37.122,5.800,-0.188,-1.027,0.179
1635778297132,2021-11-01T10:51:37.132,5.810,-0.190,-1.018,0.180
1635778297142,2021-11-01T10:51:37.142,5.820,-0.188,-1.009,0.181
1635778297152,2021-11-01T10:51:37.152,5.830,-0.191,-1.020,0.182
1635778297162,2021-11-01T10:51:37.162,5.840,-0.195,-1.026,0.182
1635778297172,2021-11-01T10:51:37.172,5.850,-0.196,-1.016,0.185
1635778297182,2021-11-01T10:51:37.182,5.860,-0.195,-1.004,0.182
1635778297192,2021-11-01T10:51:37.192,5.870,-0.201,-1.005,0.187
1635778297202,2021-11-01T10:51:37.202,5.880,-0.204,-1.014,0.184
1635778297212,2021-11-01T10:51:37.212,5.890,-0.206,-1.022,0.183
1635778297222,2021-11-01T10:51:37.222,5.900,-0.204,-1.021,0.184
1635778297232,2021-11-01T10:51:37.232,5.910,-0.200,-1.027,0.184
1635778297242,2021-11-01T10:51:37.242,5.920,-0.199,-1.035,0.182
1635778297252,2021-11-01T10:51:37.252,5.930,-0.203,-1.030,0.178
1635778297262,2021-11-01T10:51:37.262,5.940,-0.207,-1.017,0.178
1635778297272,2021-11-01T10:51:37.272,5.950,-0.210,-1.013,0.177
1635778297282,2021-11-01T10:51:37.282,5.960,-0.213,-1.018,0.173
1635778297292,2021-11-01T10:51:37.292,5.970,-0.214,-1.014,0.173
1635778297302,2021-11-01T10:51:37.302,5.980,-0.210,-1.005,0.171
1635778297312,2021-11-01T10:51:37.312,5.990,-0.215,-0.996,0.174
1635778297322,2021-11-01T10:51:37.322,6.000,-0.211,-1.003,0.172
1635778297332,2021-11-01T10:51:37.332,6.010,-0.208,-1.015,0.172
1635778297342,2021-11-01T10:51:37.342,6.020,-0.209,-1.018,0.175
1635778297352,2021-11-01T10:51:37.352,6.030,-0.209,-1.021,0.179
1635778297362,2021-11-01T10:51:37.362,6.040,-0.208,-1.029,0.179
1635778297372,2021-11-01T10:51:37.372,6.050,-0.214,-1.028,0.180
1635778297382,2021-11-01T10:51:37.382,6.060,-0.216,-1.022,0.177
1635778297392,2021-11-01T10:51:37.392,6.070,-0.214,-1.015,0.179
1635778297402,2021-11-01T10:51:37.402,6.080,-0.215,-1.018,0.176
1635778297412,2021-11-01T10:51:37.412,6.090,-0.218,-1.024,0.178
1635778297422,2021-11-01T10:51:37.422,6.100,-0.219,-1.023,0.180
1635778297432,2021-11-01T10:51:37.432,6.110,-0.221,-1.020,0.180
1635778297442,2021-11-01T10:51:37.442,6.120,-0.221,-1.018,0.184
1635778297452,2021-11-01T10:51:37.452,6.130,-0.218,-1.021,0.187
1635778297462,2021-11-01T10:51:37.462,6.140,-0.214,-1.023,0.194
1635778297472,2021-11-01T10:51:37.472,6.150,-0.216,-1.023,0.193
1635778297482,2021-11-01T10:51:37.482,6.160,-0.211,-1.021,0.193
1635778297492,2021-11-01T10:51:37.492,6.170,-0.216,-1.007,0.197
1635778297502,2021-11-01T10:51:37.502,6.180,-0.214,-1.003,0.193
1635778297512,2021-11-01T10:51:37.512,6.190,-0.209,-1.023,0.188
1635778297522,2021-11-01T10:51:37.522,6.200,-0.213,-1.042,0.188
1635778297532,2021-11-01T10:51:37.532,6.210,-0.216,-1.044,0.189
1635778297542,2021-11-01T10:51:37.542,6.220,-0.216,-1.036,0.184
1635778297552,2021-11-01T10:51:37.552,6.230,-0.218,-1.029,0.182
1635778297562,2021-11-01T10:51:37.562,6.240,-0.224,-1.019,0.182
1635778297572,2021-11-01T10:51:37.572,6.250,-0.228,-1.007,0.180
1635778297582,2021-11-01T10:51:37.582,6.260,-0.233,-1.005,0.174
1635778297592,2021-11-01T10:51:37.592,6.270,-0.238,-1.009,0.171
1635778297602,2021-11-01T10:51:37.602,6.280,-0.244,-1.017,0.169
1635778297612,2021-11-01T10:51:37.612,6.290,-0.246,-1.026,0.166
1635778297622,2021-11-01T10:51:37.622,6.300,-0.248,-1.032,0.166
1635778297632,2021-11-01T10:51:37.632,6.310,-0.245,-1.032,0.167
1635778297642,2021-11-01T10:51:37.642,6.320,-0.241,-1.028,0.167
1635778297652,2021-11-01T10:51:37.652,6.330,-0.241,-1.021,0.170
1635778297662,2021-11-01T10:51:37.662,6.340,-0.241,-1.023,0.169
1635778297672,2021-11-01T10:51:37.672,6.350,-0.238,-1.024,0.168
1635778297682,2021-11-01T10:51:37.682,6.360,-0.237,-1.026,0.170
1635778297692,2021-11-01T10:51:37.692,6.370,-0.238,-1.019,0.166
1635778297702,2021-11-01T10:51:37.702,6.380,-0.241,-1.018,0.159
1635778297712,2021-11-01T10:51:37.712,6.390,-0.243,-1.021,0.155
1635778297722,2021-11-01T10:51:37.722,6.400,-0.240,-1.027,0.152
1635778297732,2021-11-01T10:51:37.732,6.410,-0.241,-1.033,0.153
1635778297742,2021-11-01T10:51:37.742,6.420,-0.232,-1.034,0.155
1635778297752,2021-11-01T10:51:37.752,6.430,-0.221,-1.035,0.161
1635778297762,2021-11-01T10:51:37.762,6.440,-0.213,-1.033,0.168
1635778297772,2021-11-01T10:51:37.772,6.450,-0.210,-1.026,0.170
1635778297782,2021-11-01T10:51:37.782,6.460,-0.207,-1.009,0.169
1635778297792,2021-11-01T10:51:37.792,6.470,-0.205,-0.998,0.166
1635778297802,2021-11-01T10:51:37.802,6.480,-0.199,-1.003,0.166
1635778297812,2021-11-01T10:51:37.812,6.490,-0.197,-1.020,0.165
1635778297822,2021-11-01T10:51:37.822,6.500,-0.196,-1.026,0.163
1635778297832,2021-11-01T10:51:37.832,6.510,-0.194,-1.031,0.160
1635778297842,2021-11-01T10:51:37.842,6.520,-0.188,-1.036,0.157
1635778297852,2021-11-01T10:51:37.852,6.530,-0.184,-1.029,0.160
1635778297862,2021-11-01T10:51:37.862,6.540,-0.177,-1.020,0.166
1635778297872,2021-11-01T10:51:37.872,6.550,-0.173,-1.017,0.159
1635778297882,2021-11-01T10:51:37.882,6.560,-0.174,-1.013,0.160
1635778297892,2021-11-01T10:51:37.892,6.570,-0.182,-0.998,0.158
1635778297902,2021-11-01T10:51:37.902,6.580,-0.187,-0.990,0.149
1635778297912,2021-11-01T10:51:37.912,6.590,-0.188,-1.007,0.148
1635778297922,2021-11-01T10:51:37.922,6.600,-0.187,-1.028,0.146
1635778297932,2021-11-01T10:51:37.932,6.610,-0.185,-1.029,0.148
1635778297942,2021-11-01T10:51:37.942,6.620,-0.185,-1.022,0.147
1635778297952,2021-11-01T10:51:37.952,6.630,-0.174,-1.022,0.147
1635778297962,2021-11-01T10:51:37.962,6.640,-0.170,-1.027,0.154
1635778297972,2021-11-01T10:51:37.972,6.650,-0.167,-1.026,0.155
1635778297982,2021-11-01T10:51:37.982,6.660,-0.166,-1.023,0.154
1635778297992,2021-11-01T10:51:37.992,6.670,-0.164,-1.030,0.150
1635778298002,2021-11-01T10:51:38.002,6.680,-0.165,-1.040,0.149
1635778298012,2021-11-01T10:51:38.012,6.690,-0.167,-1.035,0.149
1635778298022,2021-11-01T10:51:38.022,6.700,-0.163,-1.019,0.150
1635778298032,2021-11-01T10:51:38.032,6.710,-0.158,-1.010,0.149
1635778298042,2021-11-01T10:51:38.042,6.720,-0.157,-1.010,0.150
1635778298052,2021-11-01T10:51:38.052,6.730,-0.156,-1.013,0.151
1635778298062,2021-11-01T10:51:38.062,6.740,-0.153,-1.007,0.152
1635778298072,2021-11-01T10:51:38.072,6.750,-0.150,-1.004,0.149
1635778298082,2021-11-01T10:51:38.082,6.760,-0.150,-1.014,0.151
1635778298092,2021-11-01T10:51:38.092,6.770,-0.156,-1.033,0.154
1635778298102,2021-11-01T10:51:38.102,6.780,-0.158,-1.035,0.152
1635778298112,2021-11-01T10:51:38.112,6.790,-0.158,-1.033,0.148
1635778298122,2021-11-01T10:51:38.122,6.800,-0.166,-1.025,0.150
1635778298132,2021-11-01T10:51:38.132,6.810,-0.168,-1.022,0.151
1635778298142,2021-11-01T10:51:38.142,6.820,-0.167,-1.023,0.147
1635778298152,2021-11-01T10:51:38.152,6.830,-0.167,-1.026,0.150
1635778298162,2021-11-01T10:51:38.162,6.840,-0.166,-1.026,0.150
1635778298172,2021-11-01T10:51:38.172,6.850,-0.165,-1.029,0.154
1635778298182,2021-11-01T10:51:38.182,6.860,-0.165,-1.034,0.153
1635778298192,2021-11-01T10:51:38.192,6.870,-0.166,-1.035,0.153
1635778298202,2021-11-01T10:51:38.202,6.880,-0.167,-1.042,0.152
1635778298212,2021-11-01T10:51:38.212,6.890,-0.161,-1.046,0.152
1635778298222,2021-11-01T10:51:38.222,6.900,-0.154,-1.042,0.150
1635778298232,2021-11-01T10:51:38.232,6.910,-0.156,-1.031,0.150
1635778298242,2021-11-01T10:51:38.242,6.920,-0.149,-1.026,0.147
1635778298252,2021-11-01T10:51:38.252,6.930,-0.141,-1.023,0.150
1635778298262,2021-11-01T10:51:38.262,6.940,-0.143,-1.014,0.154
1635778298272,2021-11-01T10:51:38.272,6.950,-0.151,-1.001,0.154
1635778298282,2021-11-01T10:51:38.282,6.960,-0.153,-1.005,0.158
1635778298292,2021-11-01T10:51:38.292,6.970,-0.159,-1.020,0.163
1635778298302,2021-11-01T10:51:38.302,6.980,-0.161,-1.026,0.162
1635778298312,2021-11-01T10:51:38.312,6.990,-0.163,-1.032,0.159
1635778298322,2021-11-01T10:51:38.322,7.000,-0.164,-1.048,0.162
1635778298332,2021-11-01T10:51:38.332,7.010,-0.164,-1.063,0.159
1635778298342,2021-11-01T10:51:38.342,7.020,-0.163,-1.057,0.155
1635778298352,2021-11-01T10:51:38.352,7.030,-0.166,-1.035,0.158
1635778298362,2021-11-01T10:51:38.362,7.040,-0.165,-1.023,0.147
1635778298372,2021-11-01T10:51:38.372,7.050,-0.168,-1.022,0.147
1635778298382,2021-11-01T10:51:38.382,7.060,-0.174,-1.023,0.144
1635778298392,2021-11-01T10:51:38.392,7.070,-0.175,-1.020,0.139
1635778298402,2021-11-01T10:51:38.402,7.080,-0.180,-1.016,0.138
1635778298412,2021-11-01T10:51:38.412,7.090,-0.183,-1.017,0.136
1635778298422,2021-11-01T10:51:38.422,7.100,-0.187,-1.028,0.131
1635778298432,2021-11-01T10:51:38.432,7.110,-0.186,-1.029,0.130
1635778298442,2021-11-01T10:51:38.442,7.120,-0.186,-1.023,0.134
1635778298452,2021-11-01T10:51:38.452,7.130,-0.186,-1.019,0.135
1635778298462,2021-11-01T10:51:38.462,7.140,-0.179,-1.023,0.136
1635778298472,2021-11-01T10:51:38.472,7.150,-0.175,-1.028,0.142
1635778298482,2021-11-01T10:51:38.482,7.160,-0.170,-1.034,0.143
1635778298492,2021-11-01T10:51:38.492,7.170,-0.167,-1.046,0.140
1635778298502,2021-11-01T10:51:38.502,7.180,-0.172,-1.051,0.141
1635778298512,2021-11-01T10:51:38.512,7.190,-0.173,-1.044,0.138
1635778298522,2021-11-01T10:51:38.522,7.200,-0.176,-1.028,0.143
1635778298532,2021-11-01T10:51:38.532,7.210,-0.180,-1.010,0.141
1635778298542,2021-11-01T10:51:38.542,7.220,-0.183,-1.006,0.141
1635778298552,2021-11-01T10:51:38.552,7.230,-0.186,-1.014,0.144
1635778298562,2021-11-01T10:51:38.562,7.240,-0.186,-1.021,0.144
1635778298572,2021-11-01T10:51:38.572,7.250,-0.183,-1.032,0.144
1635778298582,2021-11-01T10:51:38.582,7.260,-0.186,-1.044,0.144
1635778298592,2021-11-01T10:51:38.592,7.270,-0.185,-1.050,0.140
1635778298602,2021-11-01T10:51:38.602,7.280,-0.188,-1.041,0.145
1635778298612,2021-11-01T10:51:38.612,7.290,-0.189,-1.027,0.144
1635778298622,2021-11-01T10:51:38.622,7.300,-0.190,-1.021,0.139
1635778298632,2021-11-01T10:51:38.632,7.310,-0.186,-1.024,0.142
1635778298642,2021-11-01T10:51:38.642,7.320,-0.183,-1.030,0.147
1635778298652,2021-11-01T10:51:38.652,7.330,-0.178,-1.030,0.147
1635778298662,2021-11-01T10:51:38.662,7.340,-0.168,-1.031,0.146
1635778298672,2021-11-01T10:51:38.672,7.350,-0.167,-1.027,0.146
1635778298682,2021-11-01T10:51:38.682,7.360,-0.168,-1.028,0.146
1635778298692,2021-11-01T10:51:38.692,7.370,-0.169,-1.021,0.150
1635778298702,2021-11-01T10:51:38.702,7.380,-0.169,-1.012,0.148
1635778298712,2021-11-01T10:51:38.712,7.390,-0.173,-1.016,0.148
1635778298722,2021-11-01T10:51:38.722,7.400,-0.174,-1.025,0.142
1635778298732,2021-11-01T10:51:38.732,7.410,-0.174,-1.031,0.138
1635778298742,2021-11-01T10:51:38.742,7.420,-0.175,-1.032,0.140
1635778298752,2021-11-01T10:51:38.752,7.430,-0.176,-1.026,0.141
1635778298762,2021-11-01T10:51:38.762,7.440,-0.176,-1.021,0.143
1635778298772,2021-11-01T10:51:38.772,7.450,-0.173,-1.022,0.143
1635778298782,2021-11-01T10:51:38.782,7.460,-0.175,-1.031,0.144
1635778298792,2021-11-01T10:51:38.792,7.470,-0.174,-1.033,0.146
1635778298802,2021-11-01T10:51:38.802,7.480,-0.172,-1.029,0.147
1635778298812,2021-11-01T10:51:38.812,7.490,-0.176,-1.019,0.150
1635778298822,2021-11-01T10:51:38.822,7.500,-0.178,-1.012,0.153
1635778298832,2021-11-01T10:51:38.832,7.510,-0.177,-1.023,0.150
1635778298842,2021-11-01T10:51:38.842,7.520,-0.178,-1.040,0.153
1635778298852,2021-11-01T10:51:38.852,7.530,-0.178,-1.036,0.154
1635778298862,2021-11-01T10:51:38.862,7.540,-0.171,-1.031,0.150
1635778298872,2021-11-01T10:51:38.872,7.550,-0.169,-1.031,0.147
1635778298882,2021-11-01T10:51:38.882,7.560,-0.171,-1.030,0.148
1635778298892,2021-11-01T10:51:38.892,7.570,-0.171,-1.025,0.143
1635778298902,2021-11-01T10:51:38.902,7.580,-0.175,-1.022,0.144
1635778298912,2021-11-01T10:51:38.912,7.590,-0.172,-1.019,0.143
1635778298922,2021-11-01T10:51:38.922,7.600,-0.175,-1.010,0.144
1635778298932,2021-11-01T10:51:38.932,7.610,-0.180,-1.006,0.148
1635778298942,2021-11-01T10:51:38.942,7.620,-0.177,-1.009,0.146
1635778298952,2021-11-01T10:51:38.952,7.630,-0.179,-1.016,0.150
1635778298962,2021-11-01T10:51:38.962,7.640,-0.178,-1.022,0.153
1635778298972,2021-11-01T10:51:38.972,7.650,-0.174,-1.026,0.155
1635778298982,2021-11-01T10:51:38.982,7.660,-0.177,-1.025,0.158
1635778298992,2021-11-01T10:51:38.992,7.670,-0.180,-1.026,0.154
1635778299002,2021-11-01T10:51:39.002,7.680,-0.184,-1.028,0.152
1635778299012,2021-11-01T10:51:39.012,7.690,-0.187,-1.027,0.155
1635778299022,2021-11-01T10:51:39.022,7.700,-0.188,-1.028,0.154
1635778299032,2021-11-01T10:51:39.032,7.710,-0.187,-1.028,0.151
1635778299042,2021-11-01T10:51:39.042,7.720,-0.183,-1.027,0.149
1635778299052,2021-11-01T10:51:39.052,7.730,-0.183,-1.025,0.154
1635778299062,2021-11-01T10:51:39.062,7.740,-0.185,-1.020,0.155
1635778299072,2021-11-01T10:51:39.072,7.750,-0.181,-1.014,0.158
1635778299082,2021-11-01T10:51:39.082,7.760,-0.175,-1.008,0.163
1635778299092,2021-11-01T10:51:39.092,7.770,-0.177,-1.012,0.166
1635778299102,2021-11-01T10:51:39.102,7.780,-0.180,-1.016,0.171
1635778299112,2021-11-01T10:51:39.112,7.790,-0.179,-1.025,0.175
1635778299122,2021-11-01T10:51:39.122,7.800,-0.178,-1.042,0.173
1635778299132,2021-11-01T10:51:39.132,7.810,-0.175,-1.049,0.175
1635778299142,2021-11-01T10:51:39.142,7.820,-0.176,-1.048,0.178
1635778299152,2021-11-01T10:51:39.152,7.830,-0.177,-1.032,0.180
1635778299162,2021-11-01T10:51:39.162,7.840,-0.178,-1.021,0.178
1635778299172,2021-11-01T10:51:39.172,7.850,-0.183,-1.021,0.180
1635778299182,2021-11-01T10:51:39.182,7.860,-0.185,-1.028,0.178
1635778299192,2021-11-01T10:51:39.192,7.870,-0.185,-1.035,0.176
1635778299202,2021-11-01T10:51:39.202,7.880,-0.188,-1.037,0.179
1635778299212,2021-11-01T10:51:39.212,7.890,-0.188,-1.041,0.182
1635778299222,2021-11-01T10:51:39.222,7.900,-0.185,-1.039,0.178
1635778299232,2021-11-01T10:51:39.232,7.910,-0.187,-1.032,0.181
1635778299242,2021-11-01T10:51:39.242,7.920,-0.188,-1.022,0.180
1635778299252,2021-11-01T10:51:39.252,7.930,-0.188,-1.019,0.175
1635778299262,2021-11-01T10:51:39.262,7.940,-0.190,-1.022,0.171
1635778299272,2021-11-01T10:51:39.272,7.950,-0.193,-1.020,0.168
1635778299282,2021-11-01T10:51:39.282,7.960,-0.200,-1.014,0.166
1635778299292,2021-11-01T10:51:39.292,7.970,-0.204,-1.018,0.165
1635778299302,2021-11-01T10:51:39.302,7.980,-0.205,-1.030,0.166
1635778299312,2021-11-01T10:51:39.312,7.990,-0.202,-1.040,0.169
1635778299322,2021-11-01T10:51:39.322,8.000,-0.198,-1.038,0.171
1635778299332,2021-11-01T10:51:39.332,8.010,-0.198,-1.029,0.171
1635778299342,2021-11-01T10:51:39.342,8.020,-0.197,-1.021,0.174
1635778299352,2021-11-01T10:51:39.352,8.030,-0.200,-1.015,0.174
1635778299362,2021-11-01T10:51:39.362,8.040,-0.200,-1.014,0.173
1635778299372,2021-11-01T10:51:39.372,8.050,-0.199,-1.019,0.169
1635778299382,2021-11-01T10:51:39.382,8.060,-0.199,-1.027,0.169
1635778299392,2021-11-01T10:51:39.392,8.070,-0.198,-1.032,0.168
1635778299402,2021-11-01T10:51:39.402,8.080,-0.196,-1.030,0.167
1635778299412,2021-11-01T10:51:39.412,8.090,-0.194,-1.026,0.171
1635778299422,2021-11-01T10:51:39.422,8.100,-0.201,-1.021,0.170
1635778299432,2021-11-01T10:51:39.432,8.110,-0.202,-1.016,0.167
1635778299442,2021-11-01T10:51:39.442,8.120,-0.202,-1.013,0.164
1635778299452,2021-11-01T10:51:39.452,8.130,-0.203,-1.015,0.168
1635778299462,2021-11-01T10:51:39.462,8.140,-0.204,-1.016,0.170
1635778299472,2021-11-01T10:51:39.472,8.150,-0.204,-1.020,0.173
1635778299482,2021-11-01T10:51:39.482,8.160,-0.205,-1.033,0.172
1635778299492,2021-11-01T10:51:39.492,8.170,-0.205,-1.044,0.176
1635778299502,2021-11-01T10:51:39.502,8.180,-0.204,-1.042,0.172
1635778299512,2021-11-01T10:51:39.512,8.190,-0.201,-1.034,0.174
1635778299522,2021-11-01T10:51:39.522,8.200,-0.201,-1.031,0.174
1635778299532,2021-11-01T10:51:39.532,8.210,-0.203,-1.030,0.173
1635778299542,2021-11-01T10:51:39.542,8.220,-0.205,-1.030,0.171
1635778299552,2021-11-01T10:51:39.552,8.230,-0.204,-1.030,0.168
1635778299562,2021-11-01T10:51:39.562,8.240,-0.200,-1.029,0.165
1635778299572,2021-11-01T10:51:39.572,8.250,-0.202,-1.027,0.161
1635778299582,2021-11-01T10:51:39.582,8.260,-0.196,-1.021,0.155
1635778299592,2021-11-01T10:51:39.592,8.270,-0.192,-1.017,0.151
1635778299602,2021-11-01T10:51:39.602,8.280,-0.193,-1.008,0.154
1635778299612,2021-11-01T10:51:39.612,8.290,-0.191,-1.009,0.149
1635778299622,2021-11-01T10:51:39.622,8.300,-0.187,-1.013,0.149
1635778299632,2021-11-01T10:51:39.632,8.310,-0.184,-1.017,0.147
1635778299642,2021-11-01T10:51:39.642,8.320,-0.186,-1.014,0.145
1635778299652,2021-11-01T10:51:39.652,8.330,-0.187,-1.015,0.143
1635778299662,2021-11-01T10:51:39.662,8.340,-0.188,-1.020,0.141
1635778299672,2021-11-01T10:51:39.672,8.350,-0.188,-1.018,0.139
1635778299682,2021-11-01T10:51:39.682,8.360,-0.188,-1.015,0.139
1635778299692,2021-11-01T10:51:39.692,8.370,-0.183,-1.017,0.140
1635778299702,2021-11-01T10:51:39.702,8.380,-0.178,-1.021,0.141
1635778299712,2021-11-01T10:51:39.712,8.390,-0.179,-1.015,0.143
1635778299722,2021-11-01T10:51:39.722,8.400,-0.182,-1.011,0.144
1635778299732,2021-11-01T10:51:39.732,8.410,-0.181,-1.013,0.148
1635778299742,2021-11-01T10:51:39.742,8.420,-0.183,-1.023,0.145
1635778299752,2021-11-01T10:51:39.752,8.430,-0.186,-1.024,0.146
1635778299762,2021-11-01T10:51:39.762,8.440,-0.184,-1.026,0.148
1635778299772,2021-11-01T10:51:39.772,8.450,-0.184,-1.027,0.151
1635778299782,2021-11-01T10:51:39.782,8.460,-0.183,-1.028,0.150
1635778299792,2021-11-01T10:51:39.792,8.470,-0.179,-1.028,0.152
1635778299802,2021-11-01T10:51:39.802,8.480,-0.179,-1.030,0.153
1635778299812,2021-11-01T10:51:39.812,8.490,-0.183,-1.025,0.156
1635778299822,2021-11-01T10:51:39.822,8.500,-0.185,-1.020,0.153
1635778299832,2021-11-01T10:51:39.832,8.510,-0.187,-1.021,0.149
1635778299842,2021-11-01T10:51:39.842,8.520,-0.187,-1.027,0.151
1635778299852,2021-11-01T10:51:39.852,8.530,-0.188,-1.032,0.153
1635778299862,2021-11-01T10:51:39.862,8.540,-0.186,-1.032,0.150
1635778299872,2021-11-01T10:51:39.872,8.550,-0.185,-1.030,0.151
1635778299882,2021-11-01T10:51:39.882,8.560,-0.185,-1.029,0.155
1635778299892,2021-11-01T10:51:39.892,8.570,-0.186,-1.026,0.155
1635778299902,2021-11-01T10:51:39.902,8.580,-0.182,-1.026,0.155
1635778299912,2021-11-01T10:51:39.912,8.590,-0.184,-1.025,0.157
1635778299922,2021-11-01T10:51:39.922,8.600,-0.187,-1.021,0.152
1635778299932,2021-11-01T10:51:39.932,8.610,-0.187,-1.017,0.145
1635778299942,2021-11-01T10:51:39.942,8.620,-0.195,-1.017,0.146
1635778299952,2021-11-01T10:51:39.952,8.630,-0.198,-1.012,0.146
1635778299962,2021-11-01T10:51:39.962,8.640,-0.199,-1.011,0.147
1635778299972,2021-11-01T10:51:39.972,8.650,-0.201,-1.017,0.149
1635778299982,2021-11-01T10:51:39.982,8.660,-0.198,-1.026,0.152
1635778299992,2021-11-01T10:51:39.992,8.670,-0.196,-1.027,0.157
1635778300002,2021-11-01T10:51:40.002,8.680,-0.198,-1.026,0.160
1635778300012,2021-11-01T10:51:40.012,8.690,-0.200,-1.030,0.160
1635778300022,2021-11-01T10:51:40.022,8.700,-0.207,-1.026,0.164
1635778300032,2021-11-01T10:51:40.032,8.710,-0.210,-1.020,0.161
1635778300042,2021-11-01T10:51:40.042,8.720,-0.208,-1.020,0.161
1635778300052,2021-11-01T10:51:40.052,8.730,-0.211,-1.025,0.160
1635778300062,2021-11-01T10:51:40.062,8.740,-0.207,-1.035,0.160
1635778300072,2021-11-01T10:51:40.072,8.750,-0.204,-1.037,0.161
1635778300082,2021-11-01T10:51:40.082,8.760,-0.204,-1.037,0.163
1635778300092,2021-11-01T10:51:40.092,8.770,-0.201,-1.035,0.164
1635778300102,2021-11-01T10:51:40.102,8.780,-0.203,-1.034,0.158
1635778300112,2021-11-01T10:51:40.112,8.790,-0.210,-1.025,0.152
1635778300122,2021-11-01T10:51:40.122,8.800,-0.213,-1.014,0.153
1635778300132,2021-11-01T10:51:40.132,8.810,-0.206,-1.023,0.144
1635778300142,2021-11-01T10:51:40.142,8.820,-0.206,-1.040,0.143
1635778300152,2021-11-01T10:51:40.152,8.830,-0.206,-1.033,0.145
1635778300162,2021-11-01T10:51:40.162,8.840,-0.200,-1.018,0.145
1635778300172,2021-11-01T10:51:40.172,8.850,-0.193,-1.011,0.150
1635778300182,2021-11-01T10:51:40.182,8.860,-0.195,-1.011,0.150
1635778300192,2021-11-01T10:51:40.192,8.870,-0.192,-1.013,0.149
1635778300202,2021-11-01T10:51:40.202,8.880,-0.191,-1.017,0.148
1635778300212,2021-11-01T10:51:40.212,8.890,-0.191,-1.019,0.148
1635778300222,2021-11-01T10:51:40.222,8.900,-0.196,-1.023,0.148
1635778300232,2021-11-01T10:51:40.232,8.910,-0.199,-1.024,0.152
1635778300242,2021-11-01T10:51:40.242,8.920,-0.201,-1.024,0.150
1635778300252,2021-11-01T10:51:40.252,8.930,-0.193,-1.025,0.145
1635778300262,2021-11-01T10:51:40.262,8.940,-0.196,-1.021,0.146
1635778300272,2021-11-01T10:51:40.272,8.950,-0.199,-1.018,0.148
1635778300282,2021-11-01T10:51:40.282,8.960,-0.197,-1.012,0.145
1635778300292,2021-11-01T10:51:40.292,8.970,-0.199,-1.014,0.142
1635778300302,2021-11-01T10:51:40.302,8.980,-0.205,-1.029,0.140
1635778300312,2021-11-01T10:51:40.312,8.990,-0.204,-1.037,0.142
1635778300322,2021-11-01T10:51:40.322,9.000,-0.203,-1.034,0.143
1635778300332,2021-11-01T10:51:40.332,9.010,-0.205,-1.029,0.142
1635778300342,2021-11-01T10:51:40.342,9.020,-0.203,-1.028,0.143
1635778300352,2021-11-01T10:51:40.352,9.030,-0.196,-1.021,0.146
1635778300362,2021-11-01T10:51:40.362,9.040,-0.198,-1.017,0.146
1635778300372,2021-11-01T10:51:40.372,9.050,-0.198,-1.026,0.145
1635778300382,2021-11-01T10:51:40.382,9.060,-0.198,-1.026,0.146
1635778300392,2021-11-01T10:51:40.392,9.070,-0.197,-1.021,0.146
1635778300402,2021-11-01T10:51:40.402,9.080,-0.193,-1.023,0.144
1635778300412,2021-11-01T10:51:40.412,9.090,-0.192,-1.035,0.143
1635778300422,2021-11-01T10:51:40.422,9.100,-0.195,-1.034,0.146
1635778300432,2021-11-01T10:51:40.432,9.110,-0.191,-1.025,0.145
1635778300442,2021-11-01T10:51:40.442,9.120,-0.188,-1.017,0.142
1635778300452,2021-11-01T10:51:40.452,9.130,-0.189,-1.013,0.148
1635778300462,2021-11-01T10:51:40.462,9.140,-0.191,-1.014,0.144
1635778300472,2021-11-01T10:51:40.472,9.150,-0.191,-1.019,0.142
1635778300482,2021-11-01T10:51:40.482,9.160,-0.193,-1.020,0.143
1635778300492,2021-11-01T10:51:40.492,9.170,-0.193,-1.020,0.139
1635778300502,2021-11-01T10:51:40.502,9.180,-0.196,-1.024,0.143
1635778300512,2021-11-01T10:51:40.512,9.190,-0.195,-1.030,0.144
1635778300522,2021-11-01T10:51:40.522,9.200,-0.195,-1.029,0.145
1635778300532,2021-11-01T10:51:40.532,9.210,-0.194,-1.025,0.148
1635778300542,2021-11-01T10:51:40.542,9.220,-0.190,-1.022,0.146
1635778300552,2021-11-01T10:51:40.552,9.230,-0.185,-1.030,0.143
1635778300562,2021-11-01T10:51:40.562,9.240,-0.188,-1.023,0.145
1635778300572,2021-11-01T10:51:40.572,9.250,-0.186,-1.017,0.140
1635778300582,2021-11-01T10:51:40.582,9.260,-0.183,-1.013,0.143
1635778300592,2021-11-01T10:51:40.592,9.270,-0.178,-1.016,0.145
1635778300602,2021-11-01T10:51:40.602,9.280,-0.180,-1.021,0.140
1635778300612,2021-11-01T10:51:40.612,9.290,-0.176,-1.020,0.135
1635778300622,2021-11-01T10:51:40.622,9.300,-0.172,-1.020,0.135
1635778300632,2021-11-01T10:51:40.632,9.310,-0.168,-1.020,0.134
1635778300642,2021-11-01T10:51:40.642,9.320,-0.166,-1.021,0.130
1635778300652,2021-11-01T10:51:40.652,9.330,-0.162,-1.021,0.128
1635778300662,2021-11-01T10:51:40.662,9.340,-0.163,-1.009,0.127
1635778300672,2021-11-01T10:51:40.672,9.350,-0.163,-0.997,0.122
1635778300682,2021-11-01T10:51:40.682,9.360,-0.162,-0.994,0.116
1635778300692,2021-11-01T10:51:40.692,9.370,-0.160,-0.994,0.117
1635778300702,2021-11-01T10:51:40.702,9.380,-0.158,-0.990,0.116
1635778300712,2021-11-01T10:51:40.712,9.390,-0.157,-0.991,0.110
1635778300722,2021-11-01T10:51:40.722,9.400,-0.156,-0.992,0.113
1635778300732,2021-11-01T10:51:40.732,9.410,-0.155,-0.994,0.110
1635778300742,2021-11-01T10:51:40.742,9.420,-0.160,-0.986,0.114
1635778300752,2021-11-01T10:51:40.752,9.430,-0.164,-0.976,0.113
1635778300762,2021-11-01T10:51:40.762,9.440,-0.170,-0.965,0.114
1635778300772,2021-11-01T10:51:40.772,9.450,-0.174,-0.967,0.115
1635778300782,2021-11-01T10:51:40.782,9.460,-0.175,-0.974,0.114
1635778300792,2021-11-01T10:51:40.792,9.470,-0.177,-0.984,0.114
1635778300802,2021-11-01T10:51:40.802,9.480,-0.178,-0.986,0.112
1635778300812,2021-11-01T10:51:40.812,9.490,-0.185,-0.984,0.106
1635778300822,2021-11-01T10:51:40.822,9.500,-0.195,-0.973,0.104
1635778300832,2021-11-01T10:51:40.832,9.510,-0.202,-0.962,0.098
1635778300842,2021-11-01T10:51:40.842,9.520,-0.209,-0.951,0.099
1635778300852,2021-11-01T10:51:40.852,9.530,-0.211,-0.932,0.099
1635778300862,2021-11-01T10:51:40.862,9.540,-0.213,-0.920,0.101
1635778300872,2021-11-01T10:51:40.872,9.550,-0.214,-0.939,0.097
1635778300882,2021-11-01T10:51:40.882,9.560,-0.220,-0.955,0.107
1635778300892,2021-11-01T10:51:40.892,9.570,-0.227,-0.946,0.117
1635778300902,2021-11-01T10:51:40.902,9.580,-0.241,-0.920,0.115
1635778300912,2021-11-01T10:51:40.912,9.590,-0.258,-0.891,0.115
1635778300922,2021-11-01T10:51:40.922,9.600,-0.267,-0.880,0.122
1635778300932,2021-11-01T10:51:40.932,9.610,-0.273,-0.901,0.115
1635778300942,2021-11-01T10:51:40.942,9.620,-0.289,-0.926,0.116
1635778300952,2021-11-01T10:51:40.952,9.630,-0.309,-0.922,0.123
1635778300962,2021-11-01T10:51:40.962,9.640,-0.327,-0.903,0.127
1635778300972,2021-11-01T10:51:40.972,9.650,-0.340,-0.884,0.133
1635778300982,2021-11-01T10:51:40.982,9.660,-0.351,-0.872,0.146
1635778300992,2021-11-01T10:51:40.992,9.670,-0.359,-0.877,0.141
1635778301002,2021-11-01T10:51:41.002,9.680,-0.367,-0.880,0.142
1635778301012,2021-11-01T10:51:41.012,9.690,-0.373,-0.880,0.152
1635778301022,2021-11-01T10:51:41.022,9.700,-0.380,-0.904,0.154
1635778301032,2021-11-01T10:51:41.032,9.710,-0.392,-0.939,0.171
1635778301042,2021-11-01T10:51:41.042,9.720,-0.419,-0.935,0.191
1635778301052,2021-11-01T10:51:41.052,9.730,-0.445,-0.889,0.201
1635778301062,2021-11-01T10:51:41.062,9.740,-0.468,-0.841,0.206
1635778301072,2021-11-01T10:51:41.072,9.750,-0.483,-0.822,0.205
1635778301082,2021-11-01T10:51:41.082,9.760,-0.484,-0.823,0.209
1635778301092,2021-11-01T10:51:41.092,9.770,-0.476,-0.833,0.211
1635778301102,2021-11-01T10:51:41.102,9.780,-0.458,-0.861,0.212
1635778301112,2021-11-01T10:51:41.112,9.790,-0.448,-0.897,0.220
1635778301122,2021-11-01T10:51:41.122,9.800,-0.453,-0.914,0.231
1635778301132,2021-11-01T10:51:41.132,9.810,-0.459,-0.878,0.231
1635778301142,2021-11-01T10:51:41.142,9.820,-0.453,-0.809,0.226
1635778301152,2021-11-01T10:51:41.152,9.830,-0.443,-0.746,0.224
1635778301162,2021-11-01T10:51:41.162,9.840,-0.441,-0.722,0.218
1635778301172,2021-11-01T10:51:41.172,9.850,-0.436,-0.733,0.213
1635778301182,2021-11-01T10:51:41.182,9.860,-0.438,-0.756,0.219
1635778301192,2021-11-01T10:51:41.192,9.870,-0.448,-0.772,0.226
1635778301202,2021-11-01T10:51:41.202,9.880,-0.457,-0.794,0.238
1635778301212,2021-11-01T10:51:41.212,9.890,-0.467,-0.824,0.244
1635778301222,2021-11-01T10:51:41.222,9.900,-0.477,-0.831,0.249
1635778301232,2021-11-01T10:51:41.232,9.910,-0.474,-0.817,0.246
1635778301242,2021-11-01T10:51:41.242,9.920,-0.474,-0.801,0.238
1635778301252,2021-11-01T10:51:41.252,9.930,-0.468,-0.821,0.230
1635778301262,2021-11-01T10:51:41.262,9.940,-0.479,-0.839,0.239
1635778301272,2021-11-01T10:51:41.272,9.950,-0.497,-0.815,0.256
1635778301282,2021-11-01T10:51:41.282,9.960,-0.508,-0.781,0.255
1635778301292,2021-11-01T10:51:41.292,9.970,-0.514,-0.792,0.260
1635778301302,2021-11-01T10:51:41.302,9.980,-0.534,-0.850,0.261
1635778301312,2021-11-01T10:51:41.312,9.990,-0.571,-0.862,0.268
1635778301322,2021-11-01T10:51:41.322,10.000,-0.582,-0.813,0.261
1635778301332,2021-11-01T10:51:41.332,10.010,-0.570,-0.791,0.253
1635778301342,2021-11-01T10:51:41.342,10.020,-0.554,-0.823,0.273
1635778301352,2021-11-01T10:51:41.352,10.030,-0.544,-0.865,0.293
1635778301362,2021-11-01T10:51:41.362,10.040,-0.566,-0.875,0.336
1635778301372,2021-11-01T10:51:41.372,10.050,-0.610,-0.883,0.364
1635778301382,2021-11-01T10:51:41.382,10.060,-0.676,-0.887,0.360
1635778301392,2021-11-01T10:51:41.392,10.070,-0.720,-0.864,0.343
1635778301402,2021-11-01T10:51:41.402,10.080,-0.716,-0.843,0.313
1635778301412,2021-11-01T10:51:41.412,10.090,-0.670,-0.829,0.292
1635778301422,2021-11-01T10:51:41.422,10.100,-0.621,-0.777,0.281
1635778301432,2021-11-01T10:51:41.432,10.110,-0.597,-0.697,0.272
1635778301442,2021-11-01T10:51:41.442,10.120,-0.579,-0.648,0.279
1635778301452,2021-11-01T10:51:41.452,10.130,-0.574,-0.684,0.292
1635778301462,2021-11-01T10:51:41.462,10.140,-0.604,-0.759,0.289
1635778301472,2021-11-01T10:51:41.472,10.150,-0.643,-0.796,0.274
1635778301482,2021-11-01T10:51:41.482,10.160,-0.660,-0.792,0.251
1635778301492,2021-11-01T10:51:41.492,10.170,-0.646,-0.791,0.241
1635778301502,2021-11-01T10:51:41.502,10.180,-0.620,-0.800,0.229
1635778301512,2021-11-01T10:51:41.512,10.190,-0.602,-0.788,0.223
1635778301522,2021-11-01T10:51:41.522,10.200,-0.582,-0.741,0.236
1635778301532,2021-11-01T10:51:41.532,10.210,-0.554,-0.729,0.240
1635778301542,2021-11-01T10:51:41.542,10.220,-0.545,-0.780,0.243
1635778301552,2021-11-01T10:51:41.552,10.230,-0.551,-0.840,0.238
1635778301562,2021-11-01T10:51:41.562,10.240,-0.554,-0.838,0.222
1635778301572,2021-11-01T10:51:41.572,10.250,-0.536,-0.803,0.193
1635778301582,2021-11-01T10:51:41.582,10.260,-0.519,-0.795,0.183
1635778301592,2021-11-01T10:51:41.592,10.270,-0.495,-0.799,0.181
1635778301602,2021-11-01T10:51:41.602,10.280,-0.458,-0.777,0.186
1635778301612,2021-11-01T10:51:41.612,10.290,-0.453,-0.746,0.200
1635778301622,2021-11-01T10:51:41.622,10.300,-0.514,-0.734,0.208
1635778301632,2021-11-01T10:51:41.632,10.310,-0.579,-0.754,0.202
1635778301642,2021-11-01T10:51:41.642,10.320,-0.623,-0.777,0.187
1635778301652,2021-11-01T10:51:41.652,10.330,-0.640,-0.808,0.174
1635778301662,2021-11-01T10:51:41.662,10.340,-0.621,-0.850,0.157
1635778301672,2021-11-01T10:51:41.672,10.350,-0.579,-0.860,0.155
1635778301682,2021-11-01T10:51:41.682,10.360,-0.552,-0.828,0.154
1635778301692,2021-11-01T10:51:41.692,10.370,-0.539,-0.795,0.150
1635778301702,2021-11-01T10:51:41.702,10.380,-0.541,-0.777,0.158
1635778301712,2021-11-01T10:51:41.712,10.390,-0.572,-0.767,0.158
1635778301722,2021-11-01T10:51:41.722,10.400,-0.621,-0.763,0.150
1635778301732,2021-11-01T10:51:41.732,10.410,-0.649,-0.793,0.144
1635778301742,2021-11-01T10:51:41.742,10.420,-0.657,-0.864,0.154
1635778301752,2021-11-01T10:51:41.752,10.430,-0.662,-0.934,0.171
1635778301762,2021-11-01T10:51:41.762,10.440,-0.672,-0.945,0.181
1635778301772,2021-11-01T10:51:41.772,10.450,-0.674,-0.886,0.176
1635778301782,2021-11-01T10:51:41.782,10.460,-0.710,-0.802,0.166
1635778301792,2021-11-01T10:51:41.792,10.470,-0.747,-0.779,0.135
1635778301802,2021-11-01T10:51:41.802,10.480,-0.750,-0.842,0.121
1635778301812,2021-11-01T10:51:41.812,10.490,-0.768,-0.925,0.139
1635778301822,2021-11-01T10:51:41.822,10.500,-0.784,-0.952,0.158
1635778301832,2021-11-01T10:51:41.832,10.510,-0.758,-0.936,0.172
1635778301842,2021-11-01T10:51:41.842,10.520,-0.736,-0.915,0.176
1635778301852,2021-11-01T10:51:41.852,10.530,-0.757,-0.874,0.162
1635778301862,2021-11-01T10:51:41.862,10.540,-0.782,-0.800,0.138
1635778301872,2021-11-01T10:51:41.872,10.550,-0.783,-0.749,0.113
1635778301882,2021-11-01T10:51:41.882,10.560,-0.757,-0.787,0.114
1635778301892,2021-11-01T10:51:41.892,10.570,-0.743,-0.882,0.157
1635778301902,2021-11-01T10:51:41.902,10.580,-0.750,-0.935,0.199
1635778301912,2021-11-01T10:51:41.912,10.590,-0.769,-0.924,0.208
1635778301922,2021-11-01T10:51:41.922,10.600,-0.817,-0.891,0.184
1635778301932,2021-11-01T10:51:41.932,10.610,-0.862,-0.858,0.151
1635778301942,2021-11-01T10:51:41.942,10.620,-0.874,-0.829,0.122
1635778301952,2021-11-01T10:51:41.952,10.630,-0.875,-0.825,0.119
1635778301962,2021-11-01T10:51:41.962,10.640,-0.875,-0.847,0.139
1635778301972,2021-11-01T10:51:41.972,10.650,-0.882,-0.883,0.172
1635778301982,2021-11-01T10:51:41.982,10.660,-0.888,-0.934,0.202
1635778301992,2021-11-01T10:51:41.992,10.670,-0.924,-0.953,0.218
1635778302002,2021-11-01T10:51:42.002,10.680,-0.991,-0.909,0.203
1635778302012,2021-11-01T10:51:42.012,10.690,-1.034,-0.857,0.166
1635778302022,2021-11-01T10:51:42.022,10.700,-1.041,-0.883,0.126
1635778302032,2021-11-01T10:51:42.032,10.710,-1.038,-0.946,0.128
1635778302042,2021-11-01T10:51:42.042,10.720,-1.021,-0.942,0.146
1635778302052,2021-11-01T10:51:42.052,10.730,-1.002,-0.901,0.149
1635778302062,2021-11-01T10:51:42.062,10.740,-1.005,-0.882,0.160
1635778302072,2021-11-01T10:51:42.072,10.750,-1.021,-0.870,0.160
1635778302082,2021-11-01T10:51:42.082,10.760,-1.042,-0.833,0.146
1635778302092,2021-11-01T10:51:42.092,10.770,-1.040,-0.796,0.130
1635778302102,2021-11-01T10:51:42.102,10.780,-1.005,-0.796,0.122
1635778302112,2021-11-01T10:51:42.112,10.790,-0.959,-0.818,0.121
1635778302122,2021-11-01T10:51:42.122,10.800,-0.920,-0.814,0.115
1635778302132,2021-11-01T10:51:42.132,10.810,-0.882,-0.785,0.113
1635778302142,2021-11-01T10:51:42.142,10.820,-0.848,-0.774,0.114
1635778302152,2021-11-01T10:51:42.152,10.830,-0.820,-0.836,0.110
1635778302162,2021-11-01T10:51:42.162,10.840,-0.807,-0.969,0.116
1635778302172,2021-11-01T10:51:42.172,10.850,-0.787,-1.088,0.128
1635778302182,2021-11-01T10:51:42.182,10.860,-0.739,-1.145,0.137
1635778302192,2021-11-01T10:51:42.192,10.870,-0.679,-1.147,0.133
1635778302202,2021-11-01T10:51:42.202,10.880,-0.614,-1.165,0.135
1635778302212,2021-11-01T10:51:42.212,10.890,-0.546,-1.229,0.134
1635778302222,2021-11-01T10:51:42.222,10.900,-0.486,-1.292,0.131
1635778302232,2021-11-01T10:51:42.232,10.910,-0.448,-1.321,0.112
1635778302242,2021-11-01T10:51:42.242,10.920,-0.438,-1.324,0.074
1635778302252,2021-11-01T10:51:42.252,10.930,-0.425,-1.324,0.063
1635778302262,2021-11-01T10:51:42.262,10.940,-0.393,-1.322,0.072
1635778302272,2021-11-01T10:51:42.272,10.950,-0.367,-1.294,0.086
1635778302282,2021-11-01T10:51:42.282,10.960,-0.358,-1.197,0.097
1635778302292,2021-11-01T10:51:42.292,10.970,-0.344,-1.059,0.109
1635778302302,2021-11-01T10:51:42.302,10.980,-0.307,-0.950,0.115
1635778302312,2021-11-01T10:51:42.312,10.990,-0.288,-0.879,0.125
1635778302322,2021-11-01T10:51:42.322,11.000,-0.292,-0.819,0.137
1635778302332,2021-11-01T10:51:42.332,11.010,-0.293,-0.781,0.133
1635778302342,2021-11-01T10:51:42.342,11.020,-0.281,-0.792,0.122
1635778302352,2021-11-01T10:51:42.352,11.030,-0.267,-0.837,0.118
1635778302362,2021-11-01T10:51:42.362,11.040,-0.265,-0.872,0.115
1635778302372,2021-11-01T10:51:42.372,11.050,-0.256,-0.860,0.109
1635778302382,2021-11-01T10:51:42.382,11.060,-0.244,-0.820,0.102
1635778302392,2021-11-01T10:51:42.392,11.070,-0.228,-0.803,0.095
1635778302402,2021-11-01T10:51:42.402,11.080,-0.205,-0.832,0.089
1635778302412,2021-11-01T10:51:42.412,11.090,-0.182,-0.869,0.079
1635778302422,2021-11-01T10:51:42.422,11.100,-0.170,-0.877,0.070
1635778302432,2021-11-01T10:51:42.432,11.110,-0.166,-0.875,0.059
1635778302442,2021-11-01T10:51:42.442,11.120,-0.162,-0.902,0.045
1635778302452,2021-11-01T10:51:42.452,11.130,-0.155,-0.964,0.036
1635778302462,2021-11-01T10:51:42.462,11.140,-0.141,-1.034,0.037
1635778302472,2021-11-01T10:51:42.472,11.150,-0.143,-1.073,0.037
1635778302482,2021-11-01T10:51:42.482,11.160,-0.148,-1.064,0.027
1635778302492,2021-11-01T10:51:42.492,11.170,-0.145,-1.042,0.021
1635778302502,2021-11-01T10:51:42.502,11.180,-0.136,-1.040,0.020
1635778302512,2021-11-01T10:51:42.512,11.190,-0.143,-1.039,0.013
1635778302522,2021-11-01T10:51:42.522,11.200,-0.151,-1.028,0.002
1635778302532,2021-11-01T10:51:42.532,11.210,-0.158,-1.019,-0.011
1635778302542,2021-11-01T10:51:42.542,11.220,-0.153,-1.026,-0.020
1635778302552,2021-11-01T10:51:42.552,11.230,-0.141,-1.035,-0.017
1635778302562,2021-11-01T10:51:42.562,11.240,-0.133,-1.030,-0.014
1635778302572,2021-11-01T10:51:42.572,11.250,-0.124,-1.005,-0.009
1635778302582,2021-11-01T10:51:42.582,11.260,-0.114,-0.979,-0.000
1635778302592,2021-11-01T10:51:42.592,11.270,-0.113,-0.973,0.009
1635778302602,2021-11-01T10:51:42.602,11.280,-0.118,-0.984,0.015
1635778302612,2021-11-01T10:51:42.612,11.290,-0.121,-0.991,0.029
1635778302622,2021-11-01T10:51:42.622,11.300,-0.122,-0.993,0.036
1635778302632,2021-11-01T10:51:42.632,11.310,-0.120,-0.993,0.038
1635778302642,2021-11-01T10:51:42.642,11.320,-0.122,-0.998,0.037
1635778302652,2021-11-01T10:51:42.652,11.330,-0.118,-1.010,0.040
1635778302662,2021-11-01T10:51:42.662,11.340,-0.118,-1.013,0.042
1635778302672,2021-11-01T10:51:42.672,11.350,-0.116,-1.015,0.037
1635778302682,2021-11-01T10:51:42.682,11.360,-0.111,-1.024,0.041
1635778302692,2021-11-01T10:51:42.692,11.370,-0.107,-1.040,0.043
1635778302702,2021-11-01T10:51:42.702,11.380,-0.099,-1.051,0.051
1635778302712,2021-11-01T10:51:42.712,11.390,-0.094,-1.053,0.056
1635778302722,2021-11-01T10:51:42.722,11.400,-0.093,-1.059,0.064
1635778302732,2021-11-01T10:51:42.732,11.410,-0.098,-1.060,0.072
1635778302742,2021-11-01T10:51:42.742,11.420,-0.103,-1.037,0.080
1635778302752,2021-11-01T10:51:42.752,11.430,-0.105,-1.028,0.082
1635778302762,2021-11-01T10:51:42.762,11.440,-0.106,-1.040,0.083
1635778302772,2021-11-01T10:51:42.772,11.450,-0.103,-1.062,0.095
1635778302782,2021-11-01T10:51:42.782,11.460,-0.094,-1.075,0.103
1635778302792,2021-11-01T10:51:42.792,11.470,-0.088,-1.073,0.113
1635778302802,2021-11-01T10:51:42.802,11.480,-0.080,-1.065,0.121
1635778302812,2021-11-01T10:51:42.812,11.490,-0.075,-1.058,0.121
1635778302822,2021-11-01T10:51:42.822,11.500,-0.075,-1.052,0.122
1635778302832,2021-11-01T10:51:42.832,11.510,-0.082,-1.043,0.122
1635778302842,2021-11-01T10:51:42.842,11.520,-0.084,-1.022,0.122
1635778302852,2021-11-01T10:51:42.852,11.530,-0.083,-1.015,0.114
1635778302862,2021-11-01T10:51:42.862,11.540,-0.087,-1.028,0.114
1635778302872,2021-11-01T10:51:42.872,11.550,-0.088,-1.053,0.117
1635778302882,2021-11-01T10:51:42.882,11.560,-0.085,-1.056,0.120
1635778302892,2021-11-01T10:51:42.892,11.570,-0.083,-1.050,0.117
1635778302902,2021-11-01T10:51:42.902,11.580,-0.085,-1.050,0.110
1635778302912,2021-11-01T10:51:42.912,11.590,-0.090,-1.042,0.112
1635778302922,2021-11-01T10:51:42.922,11.600,-0.087,-1.019,0.113
1635778302932,2021-11-01T10:51:42.932,11.610,-0.087,-1.002,0.110
1635778302942,2021-11-01T10:51:42.942,11.620,-0.093,-0.994,0.110
1635778302952,2021-11-01T10:51:42.952,11.630,-0.100,-0.997,0.107
1635778302962,2021-11-01T10:51:42.962,11.640,-0.106,-1.012,0.106
1635778302972,2021-11-01T10:51:42.972,11.650,-0.110,-1.043,0.104
1635778302982,2021-11-01T10:51:42.982,11.660,-0.116,-1.078,0.108
1635778302992,2021-11-01T10:51:42.992,11.670,-0.121,-1.092,0.111
1635778303002,2021-11-01T10:51:43.002,11.680,-0.118,-1.081,0.115
1635778303012,2021-11-01T10:51:43.012,11.690,-0.112,-1.065,0.122
1635778303022,2021-11-01T10:51:43.022,11.700,-0.114,-1.051,0.128
1635778303032,2021-11-01T10:51:43.032,11.710,-0.117,-1.035,0.131
1635778303042,2021-11-01T10:51:43.042,11.720,-0.115,-1.028,0.131
1635778303052,2021-11-01T10:51:43.052,11.730,-0.111,-1.028,0.132
1635778303062,2021-11-01T10:51:43.062,11.740,-0.108,-1.035,0.135
1635778303072,2021-11-01T10:51:43.072,11.750,-0.106,-1.041,0.136
1635778303082,2021-11-01T10:51:43.082,11.760,-0.099,-1.042,0.140
1635778303092,2021-11-01T10:51:43.092,11.770,-0.090,-1.044,0.142
1635778303102,2021-11-01T10:51:43.102,11.780,-0.083,-1.044,0.141
1635778303112,2021-11-01T10:51:43.112,11.790,-0.082,-1.038,0.145
1635778303122,2021-11-01T10:51:43.122,11.800,-0.081,-1.033,0.146
1635778303132,2021-11-01T10:51:43.132,11.810,-0.085,-1.042,0.152
1635778303142,2021-11-01T10:51:43.142,11.820,-0.089,-1.048,0.160
1635778303152,2021-11-01T10:51:43.152,11.830,-0.088,-1.038,0.160
1635778303162,2021-11-01T10:51:43.162,11.840,-0.081,-1.030,0.154
1635778303172,2021-11-01T10:51:43.172,11.850,-0.082,-1.029,0.155
1635778303182,2021-11-01T10:51:43.182,11.860,-0.085,-1.029,0.146
1635778303192,2021-11-01T10:51:43.192,11.870,-0.090,-1.025,0.136
1635778303202,2021-11-01T10:51:43.202,11.880,-0.092,-1.029,0.131
1635778303212,2021-11-01T10:51:43.212,11.890,-0.097,-1.032,0.132
1635778303222,2021-11-01T10:51:43.222,11.900,-0.101,-1.023,0.134
1635778303232,2021-11-01T10:51:43.232,11.910,-0.098,-1.021,0.141
1635778303242,2021-11-01T10:51:43.242,11.920,-0.095,-1.034,0.146
1635778303252,2021-11-01T10:51:43.252,11.930,-0.096,-1.045,0.150
1635778303262,2021-11-01T10:51:43.262,11.940,-0.097,-1.041,0.154
1635778303272,2021-11-01T10:51:43.272,11.950,-0.101,-1.021,0.153
1635778303282,2021-11-01T10:51:43.282,11.960,-0.111,-1.009,0.144
1635778303292,2021-11-01T10:51:43.292,11.970,-0.116,-1.017,0.140
1635778303302,2021-11-01T10:51:43.302,11.980,-0.119,-1.038,0.136
1635778303312,2021-11-01T10:51:43.312,11.990,-0.125,-1.051,0.134
1635778303322,2021-11-01T10:51:43.322,12.000,-0.135,-1.053,0.128
1635778303332,2021-11-01T10:51:43.332,12.010,-0.144,-1.053,0.125
1635778303342,2021-11-01T10:51:43.342,12.020,-0.151,-1.054,0.123
1635778303352,2021-11-01T10:51:43.352,12.030,-0.158,-1.051,0.120
1635778303362,2021-11-01T10:51:43.362,12.040,-0.164,-1.034,0.121
1635778303372,2021-11-01T10:51:43.372,12.050,-0.165,-1.023,0.117
1635778303382,2021-11-01T10:51:43.382,12.060,-0.166,-1.021,0.113
1635778303392,2021-11-01T10:51:43.392,12.070,-0.167,-1.026,0.110
1635778303402,2021-11-01T10:51:43.402,12.080,-0.168,-1.023,0.107
1635778303412,2021-11-01T10:51:43.412,12.090,-0.164,-1.019,0.105
1635778303422,2021-11-01T10:51:43.422,12.100,-0.158,-1.027,0.107
1635778303432,2021-11-01T10:51:43.432,12.110,-0.157,-1.036,0.109
1635778303442,2021-11-01T10:51:43.442,12.120,-0.160,-1.039,0.109
1635778303452,2021-11-01T10:51:43.452,12.130,-0.156,-1.027,0.110
1635778303462,2021-11-01T10:51:43.462,12.140,-0.156,-1.018,0.109
1635778303472,2021-11-01T10:51:43.472,12.150,-0.158,-1.017,0.109
1635778303482,2021-11-01T10:51:43.482,12.160,-0.163,-1.015,0.113
1635778303492,2021-11-01T10:51:43.492,12.170,-0.168,-1.007,0.115
1635778303502,2021-11-01T10:51:43.502,12.180,-0.180,-1.013,0.109
1635778303512,2021-11-01T10:51:43.512,12.190,-0.195,-1.036,0.108
1635778303522,2021-11-01T10:51:43.522,12.200,-0.207,-1.057,0.115
1635778303532,2021-11-01T10:51:43.532,12.210,-0.211,-1.068,0.112
1635778303542,2021-11-01T10:51:43.542,12.220,-0.218,-1.057,0.110
1635778303552,2021-11-01T10:51:43.552,12.230,-0.218,-1.039,0.113
1635778303562,2021-11-01T10:51:43.562,12.240,-0.221,-1.034,0.109
1635778303572,2021-11-01T10:51:43.572,12.250,-0.223,-1.038,0.106
1635778303582,2021-11-01T10:51:43.582,12.260,-0.224,-1.028,0.115
1635778303592,2021-11-01T10:51:43.592,12.270,-0.225,-1.016,0.107
1635778303602,2021-11-01T10:51:43.602,12.280,-0.229,-1.022,0.101
1635778303612,2021-11-01T10:51:43.612,12.290,-0.238,-1.037,0.101
1635778303622,2021-11-01T10:51:43.622,12.300,-0.246,-1.040,0.104
1635778303632,2021-11-01T10:51:43.632,12.310,-0.250,-1.042,0.099
1635778303642,2021-11-01T10:51:43.642,12.320,-0.248,-1.042,0.098
1635778303652,2021-11-01T10:51:43.652,12.330,-0.243,-1.042,0.101
1635778303662,2021-11-01T10:51:43.662,12.340,-0.240,-1.048,0.094
1635778303672,2021-11-01T10:51:43.672,12.350,-0.244,-1.047,0.093
1635778303682,2021-11-01T10:51:43.682,12.360,-0.246,-1.035,0.087
1635778303692,2021-11-01T10:51:43.692,12.370,-0.256,-1.027,0.081
1635778303702,2021-11-01T10:51:43.702,12.380,-0.261,-1.035,0.078
1635778303712,2021-11-01T10:51:43.712,12.390,-0.260,-1.043,0.074
1635778303722,2021-11-01T10:51:43.722,12.400,-0.252,-1.046,0.077
1635778303732,2021-11-01T10:51:43.732,12.410,-0.242,-1.038,0.082
1635778303742,2021-11-01T10:51:43.742,12.420,-0.230,-1.025,0.083
1635778303752,2021-11-01T10:51:43.752,12.430,-0.225,-1.016,0.093
1635778303762,2021-11-01T10:51:43.762,12.440,-0.215,-1.023,0.096
1635778303772,2021-11-01T10:51:43.772,12.450,-0.212,-1.027,0.101
1635778303782,2021-11-01T10:51:43.782,12.460,-0.209,-1.034,0.096
1635778303792,2021-11-01T10:51:43.792,12.470,-0.200,-1.044,0.098
1635778303802,2021-11-01T10:51:43.802,12.480,-0.199,-1.044,0.102
1635778303812,2021-11-01T10:51:43.812,12.490,-0.196,-1.031,0.105
1635778303822,2021-11-01T10:51:43.822,12.500,-0.185,-1.024,0.108
1635778303832,2021-11-01T10:51:43.832,12.510,-0.175,-1.029,0.103
1635778303842,2021-11-01T10:51:43.842,12.520,-0.170,-1.029,0.109
1635778303852,2021-11-01T10:51:43.852,12.530,-0.158,-1.022,0.110
1635778303862,2021-11-01T10:51:43.862,12.540,-0.151,-1.012,0.112
1635778303872,2021-11-01T10:51:43.872,12.550,-0.150,-1.008,0.110
1635778303882,2021-11-01T10:51:43.882,12.560,-0.148,-1.002,0.109
1635778303892,2021-11-01T10:51:43.892,12.570,-0.146,-0.994,0.108
1635778303902,2021-11-01T10:51:43.902,12.580,-0.146,-1.004,0.103
1635778303912,2021-11-01T10:51:43.912,12.590,-0.151,-1.025,0.098
1635778303922,2021-11-01T10:51:43.922,12.600,-0.157,-1.037,0.095
1635778303932,2021-11-01T10:51:43.932,12.610,-0.163,-1.029,0.095
1635778303942,2021-11-01T10:51:43.942,12.620,-0.167,-1.031,0.089
1635778303952,2021-11-01T10:51:43.952,12.630,-0.169,-1.030,0.093
1635778303962,2021-11-01T10:51:43.962,12.640,-0.167,-1.023,0.089
1635778303972,2021-11-01T10:51:43.972,12.650,-0.168,-1.015,0.098
1635778303982,2021-11-01T10:51:43.982,12.660,-0.170,-1.019,0.099
1635778303992,2021-11-01T10:51:43.992,12.670,-0.171,-1.019,0.100
1635778304002,2021-11-01T10:51:44.002,12.680,-0.165,-1.018,0.100
1635778304012,2021-11-01T10:51:44.012,12.690,-0.160,-1.025,0.103
1635778304022,2021-11-01T10:51:44.022,12.700,-0.169,-1.039,0.097
1635778304032,2021-11-01T10:51:44.032,12.710,-0.179,-1.039,0.099
1635778304042,2021-11-01T10:51:44.042,12.720,-0.183,-1.027,0.094
1635778304052,2021-11-01T10:51:44.052,12.730,-0.187,-1.015,0.094
1635778304062,2021-11-01T10:51:44.062,12.740,-0.190,-1.021,0.094
1635778304072,2021-11-01T10:51:44.072,12.750,-0.191,-1.028,0.097
1635778304082,2021-11-01T10:51:44.082,12.760,-0.190,-1.028,0.097
1635778304092,2021-11-01T10:51:44.092,12.770,-0.188,-1.040,0.104
1635778304102,2021-11-01T10:51:44.102,12.780,-0.188,-1.058,0.104
1635778304112,2021-11-01T10:51:44.112,12.790,-0.204,-1.068,0.103
1635778304122,2021-11-01T10:51:44.122,12.800,-0.217,-1.058,0.101
1635778304132,2021-11-01T10:51:44.132,12.810,-0.220,-1.052,0.093
1635778304142,2021-11-01T10:51:44.142,12.820,-0.221,-1.049,0.097
1635778304152,2021-11-01T10:51:44.152,12.830,-0.221,-1.043,0.095
1635778304162,2021-11-01T10:51:44.162,12.840,-0.213,-1.038,0.089
1635778304172,2021-11-01T10:51:44.172,12.850,-0.208,-1.031,0.089
1635778304182,2021-11-01T10:51:44.182,12.860,-0.202,-1.020,0.098
1635778304192,2021-11-01T10:51:44.192,12.870,-0.190,-1.030,0.100
1635778304202,2021-11-01T10:51:44.202,12.880,-0.195,-1.060,0.100
1635778304212,2021-11-01T10:51:44.212,12.890,-0.206,-1.068,0.100
1635778304222,2021-11-01T10:51:44.222,12.900,-0.207,-1.050,0.093
1635778304232,2021-11-01T10:51:44.232,12.910,-0.209,-1.042,0.091
1635778304242,2021-11-01T10:51:44.242,12.920,-0.204,-1.038,0.094
1635778304252,2021-11-01T10:51:44.252,12.930,-0.195,-1.034,0.092
1635778304262,2021-11-01T10:51:44.262,12.940,-0.189,-1.023,0.092
1635778304272,2021-11-01T10:51:44.272,12.950,-0.179,-1.012,0.093
1635778304282,2021-11-01T10:51:44.282,12.960,-0.178,-1.015,0.095
1635778304292,2021-11-01T10:51:44.292,12.970,-0.177,-1.023,0.102
1635778304302,2021-11-01T10:51:44.302,12.980,-0.172,-1.021,0.104
1635778304312,2021-11-01T10:51:44.312,12.990,-0.174,-1.015,0.101
1635778304322,2021-11-01T10:51:44.322,13.000,-0.176,-1.022,0.098
1635778304332,2021-11-01T10:51:44.332,13.010,-0.174,-1.043,0.098
1635778304342,2021-11-01T10:51:44.342,13.020,-0.174,-1.042,0.100
1635778304352,2021-11-01T10:51:44.352,13.030,-0.169,-1.022,0.099
1635778304362,2021-11-01T10:51:44.362,13.040,-0.162,-1.022,0.096
1635778304372,2021-11-01T10:51:44.372,13.050,-0.159,-1.027,0.104
1635778304382,2021-11-01T10:51:44.382,13.060,-0.155,-1.026,0.105
1635778304392,2021-11-01T10:51:44.392,13.070,-0.155,-1.024,0.106
1635778304402,2021-11-01T10:51:44.402,13.080,-0.156,-1.022,0.104
1635778304412,2021-11-01T10:51:44.412,13.090,-0.155,-1.021,0.102
1635778304422,2021-11-01T10:51:44.422,13.100,-0.163,-1.019,0.103
1635778304432,2021-11-01T10:51:44.432,13.110,-0.164,-1.023,0.101
1635778304442,2021-11-01T10:51:44.442,13.120,-0.162,-1.038,0.099
1635778304452,2021-11-01T10:51:44.452,13.130,-0.160,-1.046,0.101
1635778304462,2021-11-01T10:51:44.462,13.140,-0.154,-1.034,0.102
1635778304472,2021-11-01T10:51:44.472,13.150,-0.152,-1.013,0.105
1635778304482,2021-11-01T10:51:44.482,13.160,-0.152,-1.022,0.101
1635778304492,2021-11-01T10:51:44.492,13.170,-0.155,-1.045,0.107
1635778304502,2021-11-01T10:51:44.502,13.180,-0.159,-1.042,0.111
1635778304512,2021-11-01T10:51:44.512,13.190,-0.169,-1.022,0.103
1635778304522,2021-11-01T10:51:44.522,13.200,-0.180,-1.019,0.097
1635778304532,2021-11-01T10:51:44.532,13.210,-0.186,-1.033,0.102
1635778304542,2021-11-01T10:51:44.542,13.220,-0.185,-1.037,0.101
1635778304552,2021-11-01T10:51:44.552,13.230,-0.180,-1.032,0.092
1635778304562,2021-11-01T10:51:44.562,13.240,-0.182,-1.032,0.095
1635778304572,2021-11-01T10:51:44.572,13.250,-0.178,-1.035,0.100
1635778304582,2021-11-01T10:51:44.582,13.260,-0.173,-1.033,0.100
1635778304592,2021-11-01T10:51:44.592,13.270,-0.171,-1.034,0.099
1635778304602,2021-11-01T10:51:44.602,13.280,-0.172,-1.030,0.103
1635778304612,2021-11-01T10:51:44.612,13.290,-0.174,-1.027,0.101
1635778304622,2021-11-01T10:51:44.622,13.300,-0.180,-1.029,0.100
1635778304632,2021-11-01T10:51:44.632,13.310,-0.180,-1.030,0.103
1635778304642,2021-11-01T10:51:44.642,13.320,-0.175,-1.035,0.100
1635778304652,2021-11-01T10:51:44.652,13.330,-0.179,-1.041,0.101
1635778304662,2021-11-01T10:51:44.662,13.340,-0.176,-1.039,0.104
1635778304672,2021-11-01T10:51:44.672,13.350,-0.169,-1.032,0.104
1635778304682,2021-11-01T10:51:44.682,13.360,-0.168,-1.028,0.103
1635778304692,2021-11-01T10:51:44.692,13.370,-0.171,-1.028,0.109
1635778304702,2021-11-01T10:51:44.702,13.380,-0.172,-1.038,0.102
1635778304712,2021-11-01T10:51:44.712,13.390,-0.179,-1.056,0.100
1635778304722,2021-11-01T10:51:44.722,13.400,-0.187,-1.056,0.102
1635778304732,2021-11-01T10:51:44.732,13.410,-0.190,-1.042,0.098
1635778304742,2021-11-01T10:51:44.742,13.420,-0.187,-1.034,0.096
1635778304752,2021-11-01T10:51:44.752,13.430,-0.182,-1.036,0.096
1635778304762,2021-11-01T10:51:44.762,13.440,-0.180,-1.035,0.097
1635778304772,2021-11-01T10:51:44.772,13.450,-0.178,-1.025,0.096
1635778304782,2021-11-01T10:51:44.782,13.460,-0.177,-1.016,0.097
1635778304792,2021-11-01T10:51:44.792,13.470,-0.173,-1.015,0.099
1635778304802,2021-11-01T10:51:44.802,13.480,-0.171,-1.016,0.100
1635778304812,2021-11-01T10:51:44.812,13.490,-0.174,-1.013,0.097
1635778304822,2021-11-01T10:51:44.822,13.500,-0.176,-1.016,0.097
1635778304832,2021-11-01T10:51:44.832,13.510,-0.177,-1.022,0.094
1635778304842,2021-11-01T10:51:44.842,13.520,-0.174,-1.021,0.097
1635778304852,2021-11-01T10:51:44.852,13.530,-0.170,-1.023,0.099
1635778304862,2021-11-01T10:51:44.862,13.540,-0.167,-1.022,0.100
1635778304872,2021-11-01T10:51:44.872,13.550,-0.166,-1.017,0.100
1635778304882,2021-11-01T10:51:44.882,13.560,-0.167,-1.010,0.097
1635778304892,2021-11-01T10:51:44.892,13.570,-0.169,-1.010,0.093
1635778304902,2021-11-01T10:51:44.902,13.580,-0.169,-1.005,0.098
1635778304912,2021-11-01T10:51:44.912,13.590,-0.167,-0.999,0.099
1635778304922,2021-11-01T10:51:44.922,13.600,-0.167,-0.999,0.099
1635778304932,2021-11-01T10:51:44.932,13.610,-0.168,-0.999,0.099
1635778304942,2021-11-01T10:51:44.942,13.620,-0.165,-0.999,0.099
1635778304952,2021-11-01T10:51:44.952,13.630,-0.158,-1.013,0.099
1635778304962,2021-11-01T10:51:44.962,13.640,-0.164,-1.035,0.106
1635778304972,2021-11-01T10:51:44.972,13.650,-0.189,-1.043,0.109
1635778304982,2021-11-01T10:51:44.982,13.660,-0.224,-1.056,0.107
1635778304992,2021-11-01T10:51:44.992,13.670,-0.245,-1.074,0.113
1635778305002,2021-11-01T10:51:45.002,13.680,-0.250,-1.083,0.115
1635778305012,2021-11-01T10:51:45.012,13.690,-0.255,-1.074,0.120
1635778305022,2021-11-01T10:51:45.022,13.700,-0.258,-1.063,0.117
1635778305032,2021-11-01T10:51:45.032,13.710,-0.257,-1.060,0.116
1635778305042,2021-11-01T10:51:45.042,13.720,-0.255,-1.054,0.116
1635778305052,2021-11-01T10:51:45.052,13.730,-0.248,-1.042,0.115
1635778305062,2021-11-01T10:51:45.062,13.740,-0.240,-1.030,0.114
1635778305072,2021-11-01T10:51:45.072,13.750,-0.237,-1.024,0.112
1635778305082,2021-11-01T10:51:45.082,13.760,-0.234,-1.019,0.105
1635778305092,2021-11-01T10:51:45.092,13.770,-0.226,-1.017,0.107
1635778305102,2021-11-01T10:51:45.102,13.780,-0.227,-1.023,0.106
1635778305112,2021-11-01T10:51:45.112,13.790,-0.230,-1.027,0.102
1635778305122,2021-11-01T10:51:45.122,13.800,-0.225,-1.029,0.106
1635778305132,2021-11-01T10:51:45.132,13.810,-0.229,-1.028,0.105
1635778305142,2021-11-01T10:51:45.142,13.820,-0.231,-1.028,0.105
1635778305152,2021-11-01T10:51:45.152,13.830,-0.227,-1.025,0.104
1635778305162,2021-11-01T10:51:45.162,13.840,-0.223,-1.019,0.103
1635778305172,2021-11-01T10:51:45.172,13.850,-0.220,-1.015,0.102
1635778305182,2021-11-01T10:51:45.182,13.860,-0.215,-1.019,0.104
1635778305192,2021-11-01T10:51:45.192,13.870,-0.216,-1.021,0.103
1635778305202,2021-11-01T10:51:45.202,13.880,-0.217,-1.023,0.099
1635778305212,2021-11-01T10:51:45.212,13.890,-0.218,-1.023,0.097
1635778305222,2021-11-01T10:51:45.222,13.900,-0.217,-1.021,0.100
1635778305232,2021-11-01T10:51:45.232,13.910,-0.218,-1.021,0.103
1635778305242,2021-11-01T10:51:45.242,13.920,-0.214,-1.020,0.098
1635778305252,2021-11-01T10:51:45.252,13.930,-0.212,-1.023,0.099
1635778305262,2021-11-01T10:51:45.262,13.940,-0.213,-1.025,0.099
1635778305272,2021-11-01T10:51:45.272,13.950,-0.207,-1.025,0.102
1635778305282,2021-11-01T10:51:45.282,13.960,-0.209,-1.022,0.104
1635778305292,2021-11-01T10:51:45.292,13.970,-0.213,-1.017,0.104
1635778305302,2021-11-01T10:51:45.302,13.980,-0.210,-1.025,0.106
1635778305312,2021-11-01T10:51:45.312,13.990,-0.208,-1.032,0.106
1635778305322,2021-11-01T10:51:45.322,14.000,-0.205,-1.031,0.107
1635778305332,2021-11-01T10:51:45.332,14.010,-0.206,-1.029,0.115
1635778305342,2021-11-01T10:51:45.342,14.020,-0.202,-1.024,0.116
1635778305352,2021-11-01T10:51:45.352,14.030,-0.199,-1.024,0.115
1635778305362,2021-11-01T10:51:45.362,14.040,-0.200,-1.031,0.118
1635778305372,2021-11-01T10:51:45.372,14.050,-0.203,-1.028,0.113
1635778305382,2021-11-01T10:51:45.382,14.060,-0.213,-1.017,0.107
1635778305392,2021-11-01T10:51:45.392,14.070,-0.221,-1.014,0.105
1635778305402,2021-11-01T10:51:45.402,14.080,-0.221,-1.029,0.108
1635778305412,2021-11-01T10:51:45.412,14.090,-0.217,-1.034,0.106
1635778305422,2021-11-01T10:51:45.422,14.100,-0.213,-1.012,0.106
1635778305432,2021-11-01T10:51:45.432,14.110,-0.213,-0.999,0.098
1635778305442,2021-11-01T10:51:45.442,14.120,-0.218,-1.013,0.091
1635778305452,2021-11-01T10:51:45.452,14.130,-0.222,-1.038,0.099
1635778305462,2021-11-01T10:51:45.462,14.140,-0.216,-1.049,0.108
1635778305472,2021-11-01T10:51:45.472,14.150,-0.211,-1.034,0.112
1635778305482,2021-11-01T10:51:45.482,14.160,-0.211,-1.015,0.108
1635778305492,2021-11-01T10:51:45.492,14.170,-0.230,-1.002,0.100
1635778305502,2021-11-01T10:51:45.502,14.180,-0.238,-0.984,0.096
1635778305512,2021-11-01T10:51:45.512,14.190,-0.233,-0.978,0.091
1635778305522,2021-11-01T10:51:45.522,14.200,-0.216,-0.999,0.095
1635778305532,2021-11-01T10:51:45.532,14.210,-0.198,-1.033,0.104
1635778305542,2021-11-01T10:51:45.542,14.220,-0.183,-1.062,0.122
1635778305552,2021-11-01T10:51:45.552,14.230,-0.171,-1.053,0.133
1635778305562,2021-11-01T10:51:45.562,14.240,-0.168,-1.027,0.142
1635778305572,2021-11-01T10:51:45.572,14.250,-0.174,-1.011,0.147
1635778305582,2021-11-01T10:51:45.582,14.260,-0.183,-1.013,0.149
1635778305592,2021-11-01T10:51:45.592,14.270,-0.183,-1.021,0.149
1635778305602,2021-11-01T10:51:45.602,14.280,-0.173,-1.028,0.154
1635778305612,2021-11-01T10:51:45.612,14.290,-0.169,-1.033,0.152
1635778305622,2021-11-01T10:51:45.622,14.300,-0.164,-1.038,0.157
1635778305632,2021-11-01T10:51:45.632,14.310,-0.154,-1.044,0.161
1635778305642,2021-11-01T10:51:45.642,14.320,-0.148,-1.042,0.166
1635778305652,2021-11-01T10:51:45.652,14.330,-0.143,-1.028,0.170
1635778305662,2021-11-01T10:51:45.662,14.340,-0.141,-1.015,0.176
1635778305672,2021-11-01T10:51:45.672,14.350,-0.146,-1.012,0.174
1635778305682,2021-11-01T10:51:45.682,14.360,-0.152,-1.028,0.173
1635778305692,2021-11-01T10:51:45.692,14.370,-0.155,-1.039,0.171
1635778305702,2021-11-01T10:51:45.702,14.380,-0.159,-1.034,0.164
1635778305712,2021-11-01T10:51:45.712,14.390,-0.168,-1.019,0.161
1635778305722,2021-11-01T10:51:45.722,14.400,-0.179,-1.011,0.156
1635778305732,2021-11-01T10:51:45.732,14.410,-0.194,-1.008,0.153
1635778305742,2021-11-01T10:51:45.742,14.420,-0.210,-1.009,0.143
1635778305752,2021-11-01T10:51:45.752,14.430,-0.230,-1.008,0.140
1635778305762,2021-11-01T10:51:45.762,14.440,-0.242,-1.034,0.131
1635778305772,2021-11-01T10:51:45.772,14.450,-0.253,-1.060,0.134
1635778305782,2021-11-01T10:51:45.782,14.460,-0.255,-1.063,0.136
1635778305792,2021-11-01T10:51:45.792,14.470,-0.256,-1.052,0.132
1635778305802,2021-11-01T10:51:45.802,14.480,-0.255,-1.049,0.131
1635778305812,2021-11-01T10:51:45.812,14.490,-0.257,-1.049,0.135
1635778305822,2021-11-01T10:51:45.822,14.500,-0.258,-1.042,0.132
1635778305832,2021-11-01T10:51:45.832,14.510,-0.261,-1.030,0.125
1635778305842,2021-11-01T10:51:45.842,14.520,-0.260,-1.030,0.127
1635778305852,2021-11-01T10:51:45.852,14.530,-0.263,-1.035,0.127
1635778305862,2021-11-01T10:51:45.862,14.540,-0.259,-1.040,0.131
1635778305872,2021-11-01T10:51:45.872,14.550,-0.246,-1.037,0.130
1635778305882,2021-11-01T10:51:45.882,14.560,-0.236,-1.034,0.134
1635778305892,2021-11-01T10:51:45.892,14.570,-0.228,-1.025,0.137
1635778305902,2021-11-01T10:51:45.902,14.580,-0.222,-1.016,0.137
1635778305912,2021-11-01T10:51:45.912,14.590,-0.218,-1.014,0.133
1635778305922,2021-11-01T10:51:45.922,14.600,-0.211,-1.028,0.127
1635778305932,2021-11-01T10:51:45.932,14.610,-0.217,-1.038,0.131
1635778305942,2021-11-01T10:51:45.942,14.620,-0.220,-1.029,0.135
1635778305952,2021-11-01T10:51:45.952,14.630,-0.214,-1.017,0.126
1635778305962,2021-11-01T10:51:45.962,14.640,-0.210,-1.011,0.125
1635778305972,2021-11-01T10:51:45.972,14.650,-0.210,-1.014,0.123
1635778305982,2021-11-01T10:51:45.982,14.660,-0.215,-1.002,0.119
1635778305992,2021-11-01T10:51:45.992,14.670,-0.214,-0.992,0.112
1635778306002,2021-11-01T10:51:46.002,14.680,-0.214,-0.999,0.110
1635778306012,2021-11-01T10:51:46.012,14.690,-0.210,-1.015,0.108
1635778306022,2021-11-01T10:51:46.022,14.700,-0.204,-1.021,0.105
1635778306032,2021-11-01T10:51:46.032,14.710,-0.210,-1.003,0.106
1635778306042,2021-11-01T10:51:46.042,14.720,-0.215,-0.990,0.106
1635778306052,2021-11-01T10:51:46.052,14.730,-0.213,-0.993,0.101
1635778306062,2021-11-01T10:51:46.062,14.740,-0.213,-1.004,0.107
1635778306072,2021-11-01T10:51:46.072,14.750,-0.211,-1.018,0.112
1635778306082,2021-11-01T10:51:46.082,14.760,-0.212,-1.021,0.117
1635778306092,2021-11-01T10:51:46.092,14.770,-0.207,-1.016,0.118
1635778306102,2021-11-01T10:51:46.102,14.780,-0.204,-1.010,0.121
1635778306112,2021-11-01T10:51:46.112,14.790,-0.205,-1.010,0.121
1635778306122,2021-11-01T10:51:46.122,14.800,-0.207,-1.014,0.120
1635778306132,2021-11-01T10:51:46.132,14.810,-0.201,-1.015,0.131
1635778306142,2021-11-01T10:51:46.142,14.820,-0.187,-1.029,0.140
1635778306152,2021-11-01T10:51:46.152,14.830,-0.179,-1.046,0.146
1635778306162,2021-11-01T10:51:46.162,14.840,-0.179,-1.046,0.159
1635778306172,2021-11-01T10:51:46.172,14.850,-0.180,-1.029,0.159
1635778306182,2021-11-01T10:51:46.182,14.860,-0.196,-1.003,0.157
1635778306192,2021-11-01T10:51:46.192,14.870,-0.212,-0.984,0.145
1635778306202,2021-11-01T10:51:46.202,14.880,-0.219,-0.997,0.143
1635778306212,2021-11-01T10:51:46.212,14.890,-0.223,-1.036,0.136
1635778306222,2021-11-01T10:51:46.222,14.900,-0.220,-1.055,0.148
1635778306232,2021-11-01T10:51:46.232,14.910,-0.210,-1.052,0.138
1635778306242,2021-11-01T10:51:46.242,14.920,-0.207,-1.049,0.143
1635778306252,2021-11-01T10:51:46.252,14.930,-0.209,-1.052,0.146
1635778306262,2021-11-01T10:51:46.262,14.940,-0.213,-1.042,0.144
1635778306272,2021-11-01T10:51:46.272,14.950,-0.220,-1.021,0.143
1635778306282,2021-11-01T10:51:46.282,14.960,-0.225,-1.002,0.141
1635778306292,2021-11-01T10:51:46.292,14.970,-0.229,-1.005,0.138
1635778306302,2021-11-01T10:51:46.302,14.980,-0.232,-1.023,0.138
1635778306312,2021-11-01T10:51:46.312,14.990,-0.223,-1.038,0.144
1635778306322,2021-11-01T10:51:46.322,15.000,-0.210,-1.039,0.142
1635778306332,2021-11-01T10:51:46.332,15.010,-0.202,-1.035,0.151
1635778306342,2021-11-01T10:51:46.342,15.020,-0.187,-1.039,0.153
1635778306352,2021-11-01T10:51:46.352,15.030,-0.183,-1.038,0.164
1635778306362,2021-11-01T10:51:46.362,15.040,-0.184,-1.034,0.167
1635778306372,2021-11-01T10:51:46.372,15.050,-0.187,-1.025,0.169
1635778306382,2021-11-01T10:51:46.382,15.060,-0.188,-1.007,0.166
1635778306392,2021-11-01T10:51:46.392,15.070,-0.190,-1.007,0.161
1635778306402,2021-11-01T10:51:46.402,15.080,-0.199,-1.023,0.161
1635778306412,2021-11-01T10:51:46.412,15.090,-0.198,-1.036,0.157
1635778306422,2021-11-01T10:51:46.422,15.100,-0.192,-1.031,0.157
1635778306432,2021-11-01T10:51:46.432,15.110,-0.182,-1.024,0.158
1635778306442,2021-11-01T10:51:46.442,15.120,-0.178,-1.028,0.160
1635778306452,2021-11-01T10:51:46.452,15.130,-0.178,-1.028,0.172
1635778306462,2021-11-01T10:51:46.462,15.140,-0.172,-1.022,0.170
1635778306472,2021-11-01T10:51:46.472,15.150,-0.168,-1.016,0.172
1635778306482,2021-11-01T10:51:46.482,15.160,-0.177,-1.003,0.168
1635778306492,2021-11-01T10:51:46.492,15.170,-0.184,-0.994,0.159
1635778306502,2021-11-01T10:51:46.502,15.180,-0.185,-0.994,0.150
1635778306512,2021-11-01T10:51:46.512,15.190,-0.185,-1.005,0.144
1635778306522,2021-11-01T10:51:46.522,15.200,-0.187,-1.011,0.139
1635778306532,2021-11-01T10:51:46.532,15.210,-0.189,-1.007,0.136
1635778306542,2021-11-01T10:51:46.542,15.220,-0.192,-1.000,0.135
1635778306552,2021-11-01T10:51:46.552,15.230,-0.194,-0.995,0.135
1635778306562,2021-11-01T10:51:46.562,15.240,-0.192,-0.991,0.129
1635778306572,2021-11-01T10:51:46.572,15.250,-0.201,-0.980,0.132
1635778306582,2021-11-01T10:51:46.582,15.260,-0.202,-0.965,0.133
1635778306592,2021-11-01T10:51:46.592,15.270,-0.189,-0.971,0.133
1635778306602,2021-11-01T10:51:46.602,15.280,-0.186,-1.003,0.141
1635778306612,2021-11-01T10:51:46.612,15.290,-0.195,-1.048,0.147
1635778306622,2021-11-01T10:51:46.622,15.300,-0.220,-1.066,0.152
1635778306632,2021-11-01T10:51:46.632,15.310,-0.250,-1.055,0.161
1635778306642,2021-11-01T10:51:46.642,15.320,-0.255,-1.047,0.159
1635778306652,2021-11-01T10:51:46.652,15.330,-0.260,-1.053,0.153
1635778306662,2021-11-01T10:51:46.662,15.340,-0.270,-1.056,0.160
1635778306672,2021-11-01T10:51:46.672,15.350,-0.273,-1.048,0.162
1635778306682,2021-11-01T10:51:46.682,15.360,-0.275,-1.050,0.161
1635778306692,2021-11-01T10:51:46.692,15.370,-0.293,-1.076,0.154
1635778306702,2021-11-01T10:51:46.702,15.380,-0.313,-1.100,0.160
1635778306712,2021-11-01T10:51:46.712,15.390,-0.322,-1.093,0.158
1635778306722,2021-11-01T10:51:46.722,15.400,-0.314,-1.063,0.152
1635778306732,2021-11-01T10:51:46.732,15.410,-0.301,-1.035,0.150
1635778306742,2021-11-01T10:51:46.742,15.420,-0.288,-1.018,0.144
1635778306752,2021-11-01T10:51:46.752,15.430,-0.272,-1.010,0.145
1635778306762,2021-11-01T10:51:46.762,15.440,-0.257,-1.002,0.141
1635778306772,2021-11-01T10:51:46.772,15.450,-0.240,-0.993,0.137
1635778306782,2021-11-01T10:51:46.782,15.460,-0.225,-0.984,0.139
1635778306792,2021-11-01T10:51:46.792,15.470,-0.220,-0.986,0.138
1635778306802,2021-11-01T10:51:46.802,15.480,-0.212,-0.991,0.140
1635778306812,2021-11-01T10:51:46.812,15.490,-0.206,-0.993,0.139
1635778306822,2021-11-01T10:51:46.822,15.500,-0.209,-0.989,0.139
1635778306832,2021-11-01T10:51:46.832,15.510,-0.218,-0.993,0.139
1635778306842,2021-11-01T10:51:46.842,15.520,-0.222,-1.003,0.139
1635778306852,2021-11-01T10:51:46.852,15.530,-0.221,-1.000,0.143
1635778306862,2021-11-01T10:51:46.862,15.540,-0.219,-1.004,0.145
1635778306872,2021-11-01T10:51:46.872,15.550,-0.218,-1.014,0.146
1635778306882,2021-11-01T10:51:46.882,15.560,-0.221,-1.012,0.147
1635778306892,2021-11-01T10:51:46.892,15.570,-0.230,-1.004,0.146
1635778306902,2021-11-01T10:51:46.902,15.580,-0.241,-1.005,0.135
1635778306912,2021-11-01T10:51:46.912,15.590,-0.245,-1.022,0.131
1635778306922,2021-11-01T10:51:46.922,15.600,-0.242,-1.035,0.131
1635778306932,2021-11-01T10:51:46.932,15.610,-0.239,-1.032,0.136
1635778306942,2021-11-01T10:51:46.942,15.620,-0.232,-1.028,0.144
1635778306952,2021-11-01T10:51:46.952,15.630,-0.235,-1.026,0.150
1635778306962,2021-11-01T10:51:46.962,15.640,-0.233,-1.030,0.153
1635778306972,2021-11-01T10:51:46.972,15.650,-0.231,-1.023,0.156
1635778306982,2021-11-01T10:51:46.982,15.660,-0.240,-1.014,0.154
1635778306992,2021-11-01T10:51:46.992,15.670,-0.242,-1.015,0.148
1635778307002,2021-11-01T10:51:47.002,15.680,-0.244,-1.024,0.141
1635778307012,2021-11-01T10:51:47.012,15.690,-0.247,-1.028,0.141
1635778307022,2021-11-01T10:51:47.022,15.700,-0.244,-1.025,0.142
1635778307032,2021-11-01T10:51:47.032,15.710,-0.241,-1.018,0.141
1635778307042,2021-11-01T10:51:47.042,15.720,-0.238,-1.015,0.141
1635778307052,2021-11-01T10:51:47.052,15.730,-0.237,-1.018,0.138
1635778307062,2021-11-01T10:51:47.062,15.740,-0.241,-1.013,0.133
1635778307072,2021-11-01T10:51:47.072,15.750,-0.242,-1.011,0.133
1635778307082,2021-11-01T10:51:47.082,15.760,-0.243,-1.020,0.127
1635778307092,2021-11-01T10:51:47.092,15.770,-0.247,-1.031,0.118
1635778307102,2021-11-01T10:51:47.102,15.780,-0.248,-1.055,0.099
1635778307112,2021-11-01T10:51:47.112,15.790,-0.257,-1.094,0.088
1635778307122,2021-11-01T10:51:47.122,15.800,-0.275,-1.103,0.096
1635778307132,2021-11-01T10:51:47.132,15.810,-0.281,-1.066,0.100
1635778307142,2021-11-01T10:51:47.142,15.820,-0.277,-1.023,0.105
1635778307152,2021-11-01T10:51:47.152,15.830,-0.266,-1.012,0.117
1635778307162,2021-11-01T10:51:47.162,15.840,-0.247,-1.020,0.125
1635778307172,2021-11-01T10:51:47.172,15.850,-0.223,-1.017,0.131
1635778307182,2021-11-01T10:51:47.182,15.860,-0.198,-1.012,0.142
1635778307192,2021-11-01T10:51:47.192,15.870,-0.175,-1.003,0.144
1635778307202,2021-11-01T10:51:47.202,15.880,-0.163,-0.996,0.147
1635778307212,2021-11-01T10:51:47.212,15.890,-0.155,-0.988,0.148
1635778307222,2021-11-01T10:51:47.222,15.900,-0.152,-0.977,0.151
1635778307232,2021-11-01T10:51:47.232,15.910,-0.149,-0.980,0.142
1635778307242,2021-11-01T10:51:47.242,15.920,-0.153,-0.994,0.131
1635778307252,2021-11-01T10:51:47.252,15.930,-0.172,-1.012,0.124
1635778307262,2021-11-01T10:51:47.262,15.940,-0.195,-1.011,0.111
1635778307272,2021-11-01T10:51:47.272,15.950,-0.212,-1.000,0.098
1635778307282,2021-11-01T10:51:47.282,15.960,-0.227,-1.001,0.087
1635778307292,2021-11-01T10:51:47.292,15.970,-0.235,-1.015,0.081
1635778307302,2021-11-01T10:51:47.302,15.980,-0.235,-1.032,0.083
1635778307312,2021-11-01T10:51:47.312,15.990,-0.229,-1.043,0.091
1635778307322,2021-11-01T10:51:47.322,16.000,-0.219,-1.062,0.099
1635778307332,2021-11-01T10:51:47.332,16.010,-0.210,-1.077,0.110
1635778307342,2021-11-01T10:51:47.342,16.020,-0.206,-1.078,0.119
1635778307352,2021-11-01T10:51:47.352,16.030,-0.200,-1.063,0.120
1635778307362,2021-11-01T10:51:47.362,16.040,-0.188,-1.044,0.124
1635778307372,2021-11-01T10:51:47.372,16.050,-0.174,-1.033,0.125
1635778307382,2021-11-01T10:51:47.382,16.060,-0.170,-1.028,0.132
1635778307392,2021-11-01T10:51:47.392,16.070,-0.166,-1.016,0.133
1635778307402,2021-11-01T10:51:47.402,16.080,-0.159,-0.999,0.140
1635778307412,2021-11-01T10:51:47.412,16.090,-0.155,-0.999,0.144
1635778307422,2021-11-01T10:51:47.422,16.100,-0.158,-1.009,0.148
1635778307432,2021-11-01T10:51:47.432,16.110,-0.158,-1.012,0.147
1635778307442,2021-11-01T10:51:47.442,16.120,-0.157,-1.000,0.152
1635778307452,2021-11-01T10:51:47.452,16.130,-0.149,-0.998,0.154
1635778307462,2021-11-01T10:51:47.462,16.140,-0.142,-1.005,0.156
1635778307472,2021-11-01T10:51:47.472,16.150,-0.126,-1.013,0.155
1635778307482,2021-11-01T10:51:47.482,16.160,-0.112,-1.034,0.148
1635778307492,2021-11-01T10:51:47.492,16.170,-0.111,-1.050,0.146
1635778307502,2021-11-01T10:51:47.502,16.180,-0.117,-1.037,0.141
1635778307512,2021-11-01T10:51:47.512,16.190,-0.121,-1.011,0.140
1635778307522,2021-11-01T10:51:47.522,16.200,-0.129,-1.009,0.139
1635778307532,2021-11-01T10:51:47.532,16.210,-0.131,-1.019,0.138
1635778307542,2021-11-01T10:51:47.542,16.220,-0.124,-1.016,0.135
1635778307552,2021-11-01T10:51:47.552,16.230,-0.122,-0.995,0.128
1635778307562,2021-11-01T10:51:47.562,16.240,-0.123,-0.977,0.112
1635778307572,2021-11-01T10:51:47.572,16.250,-0.137,-0.978,0.106
1635778307582,2021-11-01T10:51:47.582,16.260,-0.149,-0.984,0.095
1635778307592,2021-11-01T10:51:47.592,16.270,-0.150,-1.000,0.092
1635778307602,2021-11-01T10:51:47.602,16.280,-0.145,-1.009,0.091
1635778307612,2021-11-01T10:51:47.612,16.290,-0.147,-1.008,0.096
1635778307622,2021-11-01T10:51:47.622,16.300,-0.143,-1.005,0.093
1635778307632,2021-11-01T10:51:47.632,16.310,-0.148,-1.000,0.086
1635778307642,2021-11-01T10:51:47.642,16.320,-0.167,-0.993,0.079
1635778307652,2021-11-01T10:51:47.652,16.330,-0.188,-0.977,0.073
1635778307662,2021-11-01T10:51:47.662,16.340,-0.201,-0.966,0.059
1635778307672,2021-11-01T10:51:47.672,16.350,-0.214,-0.982,0.055
1635778307682,2021-11-01T10:51:47.682,16.360,-0.213,-0.993,0.065
1635778307692,2021-11-01T10:51:47.692,16.370,-0.198,-0.977,0.080
1635778307702,2021-11-01T10:51:47.702,16.380,-0.188,-0.974,0.084
1635778307712,2021-11-01T10:51:47.712,16.390,-0.194,-0.975,0.085
1635778307722,2021-11-01T10:51:47.722,16.400,-0.214,-0.950,0.073
1635778307732,2021-11-01T10:51:47.732,16.410,-0.237,-0.908,0.054
1635778307742,2021-11-01T10:51:47.742,16.420,-0.254,-0.887,0.049
1635778307752,2021-11-01T10:51:47.752,16.430,-0.274,-0.895,0.060
1635778307762,2021-11-01T10:51:47.762,16.440,-0.281,-0.928,0.064
1635778307772,2021-11-01T10:51:47.772,16.450,-0.282,-0.958,0.068
1635778307782,2021-11-01T10:51:47.782,16.460,-0.286,-0.966,0.064
1635778307792,2021-11-01T10:51:47.792,16.470,-0.293,-0.952,0.055
1635778307802,2021-11-01T10:51:47.802,16.480,-0.291,-0.940,0.038
1635778307812,2021-11-01T10:51:47.812,16.490,-0.296,-0.942,0.023
1635778307822,2021-11-01T10:51:47.822,16.500,-0.305,-0.952,0.020
1635778307832,2021-11-01T10:51:47.832,16.510,-0.304,-0.958,0.013
1635778307842,2021-11-01T10:51:47.842,16.520,-0.299,-0.954,0.011
1635778307852,2021-11-01T10:51:47.852,16.530,-0.304,-0.943,0.017
1635778307862,2021-11-01T10:51:47.862,16.540,-0.311,-0.933,0.031
1635778307872,2021-11-01T10:51:47.872,16.550,-0.318,-0.913,0.037
1635778307882,2021-11-01T10:51:47.882,16.560,-0.330,-0.875,0.028
1635778307892,2021-11-01T10:51:47.892,16.570,-0.344,-0.837,0.024
1635778307902,2021-11-01T10:51:47.902,16.580,-0.358,-0.869,0.011
1635778307912,2021-11-01T10:51:47.912,16.590,-0.392,-0.938,0.019
1635778307922,2021-11-01T10:51:47.922,16.600,-0.427,-0.980,0.046
1635778307932,2021-11-01T10:51:47.932,16.610,-0.444,-0.982,0.054
1635778307942,2021-11-01T10:51:47.942,16.620,-0.455,-0.938,0.053
1635778307952,2021-11-01T10:51:47.952,16.630,-0.478,-0.856,0.043
1635778307962,2021-11-01T10:51:47.962,16.640,-0.498,-0.778,0.028
1635778307972,2021-11-01T10:51:47.972,16.650,-0.508,-0.750,0.019
1635778307982,2021-11-01T10:51:47.982,16.660,-0.541,-0.789,0.038
1635778307992,2021-11-01T10:51:47.992,16.670,-0.569,-0.880,0.070
1635778308002,2021-11-01T10:51:48.002,16.680,-0.587,-0.981,0.092
1635778308012,2021-11-01T10:51:48.012,16.690,-0.614,-1.029,0.101
1635778308022,2021-11-01T10:51:48.022,16.700,-0.655,-1.003,0.086
1635778308032,2021-11-01T10:51:48.032,16.710,-0.699,-0.919,0.052
1635778308042,2021-11-01T10:51:48.042,16.720,-0.723,-0.825,0.013
1635778308052,2021-11-01T10:51:48.052,16.730,-0.731,-0.790,-0.008
1635778308062,2021-11-01T10:51:48.062,16.740,-0.737,-0.826,0.004
1635778308072,2021-11-01T10:51:48.072,16.750,-0.749,-0.896,0.030
1635778308082,2021-11-01T10:51:48.082,16.760,-0.771,-0.955,0.048
1635778308092,2021-11-01T10:51:48.092,16.770,-0.805,-0.977,0.058
1635778308102,2021-11-01T10:51:48.102,16.780,-0.851,-0.965,0.048
1635778308112,2021-11-01T10:51:48.112,16.790,-0.892,-0.919,0.034
1635778308122,2021-11-01T10:51:48.122,16.800,-0.912,-0.901,0.019
1635778308132,2021-11-01T10:51:48.132,16.810,-0.930,-0.925,0.038
1635778308142,2021-11-01T10:51:48.142,16.820,-0.942,-0.981,0.067
1635778308152,2021-11-01T10:51:48.152,16.830,-0.950,-1.018,0.095
1635778308162,2021-11-01T10:51:48.162,16.840,-0.971,-1.034,0.105
1635778308172,2021-11-01T10:51:48.172,16.850,-1.001,-1.017,0.112
1635778308182,2021-11-01T10:51:48.182,16.860,-1.009,-0.960,0.095
1635778308192,2021-11-01T10:51:48.192,16.870,-1.067,-0.949,0.070
1635778308202,2021-11-01T10:51:48.202,16.880,-1.109,-0.991,0.087
1635778308212,2021-11-01T10:51:48.212,16.890,-1.113,-1.042,0.117
1635778308222,2021-11-01T10:51:48.222,16.900,-1.116,-1.059,0.145
1635778308232,2021-11-01T10:51:48.232,16.910,-1.114,-1.057,0.155
1635778308242,2021-11-01T10:51:48.242,16.920,-1.110,-1.031,0.146
1635778308252,2021-11-01T10:51:48.252,16.930,-1.107,-0.985,0.128
1635778308262,2021-11-01T10:51:48.262,16.940,-1.100,-0.964,0.098
1635778308272,2021-11-01T10:51:48.272,16.950,-1.074,-0.998,0.088
1635778308282,2021-11-01T10:51:48.282,16.960,-1.064,-1.044,0.095
1635778308292,2021-11-01T10:51:48.292,16.970,-1.052,-1.055,0.095
1635778308302,2021-11-01T10:51:48.302,16.980,-1.037,-1.025,0.086
1635778308312,2021-11-01T10:51:48.312,16.990,-1.013,-0.977,0.079
1635778308322,2021-11-01T10:51:48.322,17.000,-0.971,-0.924,0.063
1635778308332,2021-11-01T10:51:48.332,17.010,-0.940,-0.880,0.049
1635778308342,2021-11-01T10:51:48.342,17.020,-0.917,-0.867,0.028
1635778308352,2021-11-01T10:51:48.352,17.030,-0.886,-0.890,0.038
1635778308362,2021-11-01T10:51:48.362,17.040,-0.859,-0.924,0.059
1635778308372,2021-11-01T10:51:48.372,17.050,-0.845,-0.927,0.073
1635778308382,2021-11-01T10:51:48.382,17.060,-0.832,-0.893,0.071
1635778308392,2021-11-01T10:51:48.392,17.070,-0.829,-0.836,0.066
1635778308402,2021-11-01T10:51:48.402,17.080,-0.818,-0.823,0.055
1635778308412,2021-11-01T10:51:48.412,17.090,-0.805,-0.857,0.056
1635778308422,2021-11-01T10:51:48.422,17.100,-0.797,-0.901,0.083
1635778308432,2021-11-01T10:51:48.432,17.110,-0.801,-0.938,0.097
1635778308442,2021-11-01T10:51:48.442,17.120,-0.808,-0.926,0.101
1635778308452,2021-11-01T10:51:48.452,17.130,-0.805,-0.869,0.095
1635778308462,2021-11-01T10:51:48.462,17.140,-0.811,-0.803,0.078
1635778308472,2021-11-01T10:51:48.472,17.150,-0.813,-0.770,0.059
1635778308482,2021-11-01T10:51:48.482,17.160,-0.803,-0.778,0.058
1635778308492,2021-11-01T10:51:48.492,17.170,-0.789,-0.805,0.069
1635778308502,2021-11-01T10:51:48.502,17.180,-0.762,-0.822,0.084
1635778308512,2021-11-01T10:51:48.512,17.190,-0.737,-0.834,0.100
1635778308522,2021-11-01T10:51:48.522,17.200,-0.730,-0.840,0.111
1635778308532,2021-11-01T10:51:48.532,17.210,-0.743,-0.823,0.109
1635778308542,2021-11-01T10:51:48.542,17.220,-0.764,-0.792,0.095
1635778308552,2021-11-01T10:51:48.552,17.230,-0.775,-0.775,0.086
1635778308562,2021-11-01T10:51:48.562,17.240,-0.770,-0.785,0.083
1635778308572,2021-11-01T10:51:48.572,17.250,-0.770,-0.799,0.085
1635778308582,2021-11-01T10:51:48.582,17.260,-0.754,-0.803,0.083
1635778308592,2021-11-01T10:51:48.592,17.270,-0.727,-0.797,0.087
1635778308602,2021-11-01T10:51:48.602,17.280,-0.712,-0.783,0.097
1635778308612,2021-11-01T10:51:48.612,17.290,-0.701,-0.756,0.100
1635778308622,2021-11-01T10:51:48.622,17.300,-0.682,-0.744,0.095
1635778308632,2021-11-01T10:51:48.632,17.310,-0.668,-0.764,0.101
1635778308642,2021-11-01T10:51:48.642,17.320,-0.653,-0.804,0.106
1635778308652,2021-11-01T10:51:48.652,17.330,-0.624,-0.824,0.120
1635778308662,2021-11-01T10:51:48.662,17.340,-0.580,-0.838,0.143
1635778308672,2021-11-01T10:51:48.672,17.350,-0.548,-0.863,0.148
1635778308682,2021-11-01T10:51:48.682,17.360,-0.541,-0.838,0.149
1635778308692,2021-11-01T10:51:48.692,17.370,-0.553,-0.760,0.122
1635778308702,2021-11-01T10:51:48.702,17.380,-0.567,-0.706,0.094
1635778308712,2021-11-01T10:51:48.712,17.390,-0.570,-0.699,0.081
1635778308722,2021-11-01T10:51:48.722,17.400,-0.562,-0.709,0.073
1635778308732,2021-11-01T10:51:48.732,17.410,-0.550,-0.714,0.076
1635778308742,2021-11-01T10:51:48.742,17.420,-0.530,-0.739,0.082
1635778308752,2021-11-01T10:51:48.752,17.430,-0.507,-0.788,0.098
1635778308762,2021-11-01T10:51:48.762,17.440,-0.494,-0.825,0.112
1635778308772,2021-11-01T10:51:48.772,17.450,-0.501,-0.820,0.111
1635778308782,2021-11-01T10:51:48.782,17.460,-0.514,-0.787,0.108
1635778308792,2021-11-01T10:51:48.792,17.470,-0.512,-0.763,0.101
1635778308802,2021-11-01T10:51:48.802,17.480,-0.502,-0.757,0.088
1635778308812,2021-11-01T10:51:48.812,17.490,-0.492,-0.756,0.085
1635778308822,2021-11-01T10:51:48.822,17.500,-0.475,-0.750,0.092
1635778308832,2021-11-01T10:51:48.832,17.510,-0.451,-0.755,0.104
1635778308842,2021-11-01T10:51:48.842,17.520,-0.433,-0.774,0.115
1635778308852,2021-11-01T10:51:48.852,17.530,-0.429,-0.785,0.121
1635778308862,2021-11-01T10:51:48.862,17.540,-0.422,-0.781,0.124
1635778308872,2021-11-01T10:51:48.872,17.550,-0.413,-0.772,0.120
1635778308882,2021-11-01T10:51:48.882,17.560,-0.404,-0.774,0.122
1635778308892,2021-11-01T10:51:48.892,17.570,-0.396,-0.788,0.125
1635778308902,2021-11-01T10:51:48.902,17.580,-0.386,-0.777,0.133
1635778308912,2021-11-01T10:51:48.912,17.590,-0.364,-0.778,0.144
1635778308922,2021-11-01T10:51:48.922,17.600,-0.348,-0.809,0.148
1635778308932,2021-11-01T10:51:48.932,17.610,-0.355,-0.823,0.158
1635778308942,2021-11-01T10:51:48.942,17.620,-0.371,-0.808,0.156
1635778308952,2021-11-01T10:51:48.952,17.630,-0.387,-0.795,0.143
1635778308962,2021-11-01T10:51:48.962,17.640,-0.398,-0.809,0.134
1635778308972,2021-11-01T10:51:48.972,17.650,-0.413,-0.835,0.131
1635778308982,2021-11-01T10:51:48.982,17.660,-0.413,-0.863,0.120
1635778308992,2021-11-01T10:51:48.992,17.670,-0.413,-0.875,0.111
1635778309002,2021-11-01T10:51:49.002,17.680,-0.413,-0.854,0.117
1635778309012,2021-11-01T10:51:49.012,17.690,-0.402,-0.834,0.125
1635778309022,2021-11-01T10:51:49.022,17.700,-0.385,-0.864,0.126
1635778309032,2021-11-01T10:51:49.032,17.710,-0.396,-0.886,0.129
1635778309042,2021-11-01T10:51:49.042,17.720,-0.403,-0.848,0.125
1635778309052,2021-11-01T10:51:49.052,17.730,-0.387,-0.812,0.107
1635778309062,2021-11-01T10:51:49.062,17.740,-0.378,-0.826,0.106
1635778309072,2021-11-01T10:51:49.072,17.750,-0.387,-0.866,0.109
1635778309082,2021-11-01T10:51:49.082,17.760,-0.386,-0.880,0.104
1635778309092,2021-11-01T10:51:49.092,17.770,-0.372,-0.877,0.097
1635778309102,2021-11-01T10:51:49.102,17.780,-0.365,-0.878,0.100
1635778309112,2021-11-01T10:51:49.112,17.790,-0.368,-0.890,0.102
1635778309122,2021-11-01T10:51:49.122,17.800,-0.377,-0.890,0.104
1635778309132,2021-11-01T10:51:49.132,17.810,-0.382,-0.885,0.098
1635778309142,2021-11-01T10:51:49.142,17.820,-0.370,-0.880,0.091
1635778309152,2021-11-01T10:51:49.152,17.830,-0.350,-0.881,0.091
1635778309162,2021-11-01T10:51:49.162,17.840,-0.331,-0.883,0.085
1635778309172,2021-11-01T10:51:49.172,17.850,-0.309,-0.871,0.087
1635778309182,2021-11-01T10:51:49.182,17.860,-0.292,-0.868,0.088
1635778309192,2021-11-01T10:51:49.192,17.870,-0.280,-0.899,0.095
1635778309202,2021-11-01T10:51:49.202,17.880,-0.282,-0.938,0.107
1635778309212,2021-11-01T10:51:49.212,17.890,-0.286,-0.949,0.109
1635778309222,2021-11-01T10:51:49.222,17.900,-0.293,-0.927,0.107
1635778309232,2021-11-01T10:51:49.232,17.910,-0.306,-0.898,0.112
1635778309242,2021-11-01T10:51:49.242,17.920,-0.311,-0.907,0.117
1635778309252,2021-11-01T10:51:49.252,17.930,-0.300,-0.957,0.136
1635778309262,2021-11-01T10:51:49.262,17.940,-0.289,-1.020,0.158
1635778309272,2021-11-01T10:51:49.272,17.950,-0.289,-1.067,0.172
1635778309282,2021-11-01T10:51:49.282,17.960,-0.293,-1.063,0.167
1635778309292,2021-11-01T10:51:49.292,17.970,-0.292,-1.031,0.151
1635778309302,2021-11-01T10:51:49.302,17.980,-0.280,-1.026,0.132
1635778309312,2021-11-01T10:51:49.312,17.990,-0.273,-1.024,0.118
1635778309322,2021-11-01T10:51:49.322,18.000,-0.262,-1.000,0.099
1635778309332,2021-11-01T10:51:49.332,18.010,-0.243,-0.968,0.079
1635778309342,2021-11-01T10:51:49.342,18.020,-0.225,-0.944,0.064
1635778309352,2021-11-01T10:51:49.352,18.030,-0.199,-0.940,0.056
1635778309362,2021-11-01T10:51:49.362,18.040,-0.181,-0.949,0.044
1635778309372,2021-11-01T10:51:49.372,18.050,-0.168,-0.941,0.035
1635778309382,2021-11-01T10:51:49.382,18.060,-0.150,-0.928,0.021
1635778309392,2021-11-01T10:51:49.392,18.070,-0.133,-0.923,0.021
1635778309402,2021-11-01T10:51:49.402,18.080,-0.123,-0.917,0.025
1635778309412,2021-11-01T10:51:49.412,18.090,-0.109,-0.911,0.029
1635778309422,2021-11-01T10:51:49.422,18.100,-0.092,-0.923,0.039
1635778309432,2021-11-01T10:51:49.432,18.110,-0.082,-0.946,0.052
1635778309442,2021-11-01T10:51:49.442,18.120,-0.072,-0.961,0.052
1635778309452,2021-11-01T10:51:49.452,18.130,-0.065,-0.958,0.045
1635778309462,2021-11-01T10:51:49.462,18.140,-0.061,-0.963,0.034
1635778309472,2021-11-01T10:51:49.472,18.150,-0.060,-0.981,0.028
1635778309482,2021-11-01T10:51:49.482,18.160,-0.055,-1.006,0.026
1635778309492,2021-11-01T10:51:49.492,18.170,-0.054,-1.030,0.021
1635778309502,2021-11-01T10:51:49.502,18.180,-0.057,-1.044,0.019
1635778309512,2021-11-01T10:51:49.512,18.190,-0.066,-1.044,0.015
1635778309522,2021-11-01T10:51:49.522,18.200,-0.074,-1.025,0.011
1635778309532,2021-11-01T10:51:49.532,18.210,-0.086,-1.001,0.005
1635778309542,2021-11-01T10:51:49.542,18.220,-0.103,-0.982,-0.008
1635778309552,2021-11-01T10:51:49.552,18.230,-0.121,-0.973,-0.018
1635778309562,2021-11-01T10:51:49.562,18.240,-0.135,-0.971,-0.020
1635778309572,2021-11-01T10:51:49.572,18.250,-0.144,-0.983,-0.022
1635778309582,2021-11-01T10:51:49.582,18.260,-0.146,-1.002,-0.019
1635778309592,2021-11-01T10:51:49.592,18.270,-0.147,-1.011,-0.010
1635778309602,2021-11-01T10:51:49.602,18.280,-0.146,-1.007,-0.004
1635778309612,2021-11-01T10:51:49.612,18.290,-0.153,-1.011,-0.004
1635778309622,2021-11-01T10:51:49.622,18.300,-0.160,-1.019,-0.000
1635778309632,2021-11-01T10:51:49.632,18.310,-0.159,-1.029,0.004
1635778309642,2021-11-01T10:51:49.642,18.320,-0.161,-1.039,0.008
1635778309652,2021-11-01T10:51:49.652,18.330,-0.164,-1.037,0.019
1635778309662,2021-11-01T10:51:49.662,18.340,-0.160,-1.034,0.027
1635778309672,2021-11-01T10:51:49.672,18.350,-0.159,-1.039,0.030
1635778309682,2021-11-01T10:51:49.682,18.360,-0.162,-1.047,0.042
1635778309692,2021-11-01T10:51:49.692,18.370,-0.174,-1.035,0.048
1635778309702,2021-11-01T10:51:49.702,18.380,-0.195,-1.004,0.049
1635778309712,2021-11-01T10:51:49.712,18.390,-0.207,-0.998,0.036
1635778309722,2021-11-01T10:51:49.722,18.400,-0.213,-1.030,0.031
1635778309732,2021-11-01T10:51:49.732,18.410,-0.231,-1.050,0.034
1635778309742,2021-11-01T10:51:49.742,18.420,-0.241,-1.046,0.028
1635778309752,2021-11-01T10:51:49.752,18.430,-0.247,-1.046,0.031
1635778309762,2021-11-01T10:51:49.762,18.440,-0.253,-1.052,0.039
1635778309772,2021-11-01T10:51:49.772,18.450,-0.261,-1.061,0.043
1635778309782,2021-11-01T10:51:49.782,18.460,-0.275,-1.069,0.044
1635778309792,2021-11-01T10:51:49.792,18.470,-0.283,-1.054,0.039
1635778309802,2021-11-01T10:51:49.802,18.480,-0.289,-1.030,0.037
1635778309812,2021-11-01T10:51:49.812,18.490,-0.287,-1.028,0.033
1635778309822,2021-11-01T10:51:49.822,18.500,-0.286,-1.038,0.035
1635778309832,2021-11-01T10:51:49.832,18.510,-0.286,-1.040,0.041
1635778309842,2021-11-01T10:51:49.842,18.520,-0.281,-1.058,0.042
1635778309852,2021-11-01T10:51:49.852,18.530,-0.285,-1.079,0.051
1635778309862,2021-11-01T10:51:49.862,18.540,-0.291,-1.079,0.052
1635778309872,2021-11-01T10:51:49.872,18.550,-0.297,-1.058,0.042
1635778309882,2021-11-01T10:51:49.882,18.560,-0.295,-1.029,0.032
1635778309892,2021-11-01T10:51:49.892,18.570,-0.290,-1.032,0.025
1635778309902,2021-11-01T10:51:49.902,18.580,-0.289,-1.036,0.028
1635778309912,2021-11-01T10:51:49.912,18.590,-0.279,-1.051,0.026
1635778309922,2021-11-01T10:51:49.922,18.600,-0.275,-1.073,0.032
1635778309932,2021-11-01T10:51:49.932,18.610,-0.285,-1.069,0.039
1635778309942,2021-11-01T10:51:49.942,18.620,-0.287,-1.039,0.036
1635778309952,2021-11-01T10:51:49.952,18.630,-0.280,-1.021,0.023
1635778309962,2021-11-01T10:51:49.962,18.640,-0.267,-1.018,0.024
1635778309972,2021-11-01T10:51:49.972,18.650,-0.261,-1.018,0.025
1635778309982,2021-11-01T10:51:49.982,18.660,-0.263,-1.017,0.019
1635778309992,2021-11-01T10:51:49.992,18.670,-0.245,-1.018,0.014
1635778310002,2021-11-01T10:51:50.002,18.680,-0.224,-1.022,0.012
1635778310012,2021-11-01T10:51:50.012,18.690,-0.216,-1.021,0.015
1635778310022,2021-11-01T10:51:50.022,18.700,-0.212,-1.021,0.006
1635778310032,2021-11-01T10:51:50.032,18.710,-0.233,-1.013,0.002
1635778310042,2021-11-01T10:51:50.042,18.720,-0.244,-0.997,-0.010
1635778310052,2021-11-01T10:51:50.052,18.730,-0.227,-0.988,-0.014
1635778310062,2021-11-01T10:51:50.062,18.740,-0.217,-1.001,-0.013
1635778310072,2021-11-01T10:51:50.072,18.750,-0.216,-1.035,-0.011
1635778310082,2021-11-01T10:51:50.082,18.760,-0.223,-1.047,-0.005
1635778310092,2021-11-01T10:51:50.092,18.770,-0.212,-1.034,-0.007
1635778310102,2021-11-01T10:51:50.102,18.780,-0.200,-1.014,-0.013
1635778310112,2021-11-01T10:51:50.112,18.790,-0.203,-1.005,-0.018
1635778310122,2021-11-01T10:51:50.122,18.800,-0.199,-1.004,-0.021
1635778310132,2021-11-01T10:51:50.132,18.810,-0.197,-1.002,-0.020
1635778310142,2021-11-01T10:51:50.142,18.820,-0.197,-1.012,-0.019
1635778310152,2021-11-01T10:51:50.152,18.830,-0.186,-1.022,-0.018
1635778310162,2021-11-01T10:51:50.162,18.840,-0.192,-1.030,-0.019
1635778310172,2021-11-01T10:51:50.172,18.850,-0.193,-1.031,-0.022
1635778310182,2021-11-01T10:51:50.182,18.860,-0.188,-1.016,-0.027
1635778310192,2021-11-01T10:51:50.192,18.870,-0.177,-1.004,-0.032
1635778310202,2021-11-01T10:51:50.202,18.880,-0.177,-1.013,-0.038
1635778310212,2021-11-01T10:51:50.212,18.890,-0.189,-1.037,-0.029
1635778310222,2021-11-01T10:51:50.222,18.900,-0.187,-1.044,-0.026
1635778310232,2021-11-01T10:51:50.232,18.910,-0.184,-1.027,-0.027
1635778310242,2021-11-01T10:51:50.242,18.920,-0.183,-1.009,-0.026
1635778310252,2021-11-01T10:51:50.252,18.930,-0.182,-1.008,-0.032
1635778310262,2021-11-01T10:51:50.262,18.940,-0.182,-1.010,-0.028
1635778310272,2021-11-01T10:51:50.272,18.950,-0.174,-1.007,-0.024
1635778310282,2021-11-01T10:51:50.282,18.960,-0.176,-1.006,-0.021
1635778310292,2021-11-01T10:51:50.292,18.970,-0.170,-1.028,-0.017
1635778310302,2021-11-01T10:51:50.302,18.980,-0.182,-1.062,-0.010
1635778310312,2021-11-01T10:51:50.312,18.990,-0.194,-1.062,-0.015
1635778310322,2021-11-01T10:51:50.322,19.000,-0.198,-1.037,-0.018
1635778310332,2021-11-01T10:51:50.332,19.010,-0.182,-1.039,-0.034
1635778310342,2021-11-01T10:51:50.342,19.020,-0.184,-1.049,-0.034
1635778310352,2021-11-01T10:51:50.352,19.030,-0.190,-1.031,-0.040
1635778310362,2021-11-01T10:51:50.362,19.040,-0.180,-1.010,-0.044
1635778310372,2021-11-01T10:51:50.372,19.050,-0.181,-1.011,-0.044
1635778310382,2021-11-01T10:51:50.382,19.060,-0.187,-1.022,-0.043
1635778310392,2021-11-01T10:51:50.392,19.070,-0.180,-1.026,-0.048
1635778310402,2021-11-01T10:51:50.402,19.080,-0.179,-1.026,-0.053
1635778310412,2021-11-01T10:51:50.412,19.090,-0.190,-1.022,-0.058
1635778310422,2021-11-01T10:51:50.422,19.100,-0.194,-1.015,-0.062
1635778310432,2021-11-01T10:51:50.432,19.110,-0.195,-1.013,-0.059
1635778310442,2021-11-01T10:51:50.442,19.120,-0.200,-1.010,-0.054
1635778310452,2021-11-01T10:51:50.452,19.130,-0.208,-1.017,-0.058
1635778310462,2021-11-01T10:51:50.462,19.140,-0.196,-1.025,-0.054
1635778310472,2021-11-01T10:51:50.472,19.150,-0.185,-1.025,-0.050
1635778310482,2021-11-01T10:51:50.482,19.160,-0.189,-1.010,-0.053
1635778310492,2021-11-01T10:51:50.492,19.170,-0.195,-1.002,-0.055
1635778310502,2021-11-01T10:51:50.502,19.180,-0.190,-1.018,-0.053
1635778310512,2021-11-01T10:51:50.512,19.190,-0.198,-1.038,-0.049
1635778310522,2021-11-01T10:51:50.522,19.200,-0.206,-1.040,-0.044
1635778310532,2021-11-01T10:51:50.532,19.210,-0.206,-1.030,-0.046
1635778310542,2021-11-01T10:51:50.542,19.220,-0.195,-1.031,-0.042
1635778310552,2021-11-01T10:51:50.552,19.230,-0.200,-1.034,-0.042
1635778310562,2021-11-01T10:51:50.562,19.240,-0.197,-1.034,-0.044
1635778310572,2021-11-01T10:51:50.572,19.250,-0.192,-1.035,-0.043
1635778310582,2021-11-01T10:51:50.582,19.260,-0.194,-1.026,-0.044
1635778310592,2021-11-01T10:51:50.592,19.270,-0.205,-1.019,-0.045
1635778310602,2021-11-01T10:51:50.602,19.280,-0.208,-1.027,-0.050
1635778310612,2021-11-01T10:51:50.612,19.290,-0.195,-1.042,-0.054
1635778310622,2021-11-01T10:51:50.622,19.300,-0.198,-1.044,-0.051
1635778310632,2021-11-01T10:51:50.632,19.310,-0.197,-1.031,-0.058
1635778310642,2021-11-01T10:51:50.642,19.320,-0.195,-1.023,-0.053
1635778310652,2021-11-01T10:51:50.652,19.330,-0.187,-1.026,-0.058
1635778310662,2021-11-01T10:51:50.662,19.340,-0.189,-1.034,-0.057
1635778310672,2021-11-01T10:51:50.672,19.350,-0.192,-1.040,-0.057
1635778310682,2021-11-01T10:51:50.682,19.360,-0.193,-1.034,-0.057
1635778310692,2021-11-01T10:51:50.692,19.370,-0.188,-1.022,-0.058
1635778310702,2021-11-01T10:51:50.702,19.380,-0.186,-1.021,-0.051
1635778310712,2021-11-01T10:51:50.712,19.390,-0.188,-1.015,-0.051
1635778310722,2021-11-01T10:51:50.722,19.400,-0.192,-1.004,-0.050
1635778310732,2021-11-01T10:51:50.732,19.410,-0.190,-1.003,-0.046
1635778310742,2021-11-01T10:51:50.742,19.420,-0.187,-1.008,-0.043
1635778310752,2021-11-01T10:51:50.752,19.430,-0.193,-1.014,-0.039
1635778310762,2021-11-01T10:51:50.762,19.440,-0.197,-1.021,-0.041
1635778310772,2021-11-01T10:51:50.772,19.450,-0.204,-1.028,-0.040
1635778310782,2021-11-01T10:51:50.782,19.460,-0.210,-1.036,-0.045
1635778310792,2021-11-01T10:51:50.792,19.470,-0.218,-1.038,-0.053
1635778310802,2021-11-01T10:51:50.802,19.480,-0.228,-1.036,-0.054
1635778310812,2021-11-01T10:51:50.812,19.490,-0.230,-1.029,-0.060
1635778310822,2021-11-01T10:51:50.822,19.500,-0.234,-1.026,-0.062
1635778310832,2021-11-01T10:51:50.832,19.510,-0.241,-1.016,-0.063
1635778310842,2021-11-01T10:51:50.842,19.520,-0.240,-1.007,-0.062
1635778310852,2021-11-01T10:51:50.852,19.530,-0.240,-1.008,-0.067
1635778310862,2021-11-01T10:51:50.862,19.540,-0.242,-1.021,-0.063
1635778310872,2021-11-01T10:51:50.872,19.550,-0.239,-1.036,-0.061
1635778310882,2021-11-01T10:51:50.882,19.560,-0.233,-1.032,-0.063
1635778310892,2021-11-01T10:51:50.892,19.570,-0.235,-1.027,-0.064
1635778310902,2021-11-01T10:51:50.902,19.580,-0.235,-1.018,-0.063
1635778310912,2021-11-01T10:51:50.912,19.590,-0.235,-1.011,-0.056
1635778310922,2021-11-01T10:51:50.922,19.600,-0.235,-1.010,-0.052
1635778310932,2021-11-01T10:51:50.932,19.610,-0.238,-1.016,-0.046
1635778310942,2021-11-01T10:51:50.942,19.620,-0.236,-1.026,-0.046
1635778310952,2021-11-01T10:51:50.952,19.630,-0.234,-1.031,-0.043
1635778310962,2021-11-01T10:51:50.962,19.640,-0.229,-1.037,-0.035
1635778310972,2021-11-01T10:51:50.972,19.650,-0.231,-1.039,-0.027
1635778310982,2021-11-01T10:51:50.982,19.660,-0.234,-1.039,-0.027
1635778310992,2021-11-01T10:51:50.992,19.670,-0.233,-1.030,-0.023
1635778311002,2021-11-01T10:51:51.002,19.680,-0.232,-1.020,-0.023
1635778311012,2021-11-01T10:51:51.012,19.690,-0.237,-1.019,-0.026
1635778311022,2021-11-01T10:51:51.022,19.700,-0.236,-1.021,-0.029
1635778311032,2021-11-01T10:51:51.032,19.710,-0.233,-1.027,-0.030
1635778311042,2021-11-01T10:51:51.042,19.720,-0.235,-1.032,-0.035
1635778311052,2021-11-01T10:51:51.052,19.730,-0.233,-1.033,-0.035
1635778311062,2021-11-01T10:51:51.062,19.740,-0.235,-1.029,-0.034
1635778311072,2021-11-01T10:51:51.072,19.750,-0.238,-1.020,-0.038
1635778311082,2021-11-01T10:51:51.082,19.760,-0.239,-1.020,-0.034
1635778311092,2021-11-01T10:51:51.092,19.770,-0.236,-1.022,-0.032
1635778311102,2021-11-01T10:51:51.102,19.780,-0.242,-1.023,-0.035
1635778311112,2021-11-01T10:51:51.112,19.790,-0.247,-1.023,-0.037
1635778311122,2021-11-01T10:51:51.122,19.800,-0.249,-1.025,-0.040
1635778311132,2021-11-01T10:51:51.132,19.810,-0.249,-1.031,-0.042
1635778311142,2021-11-01T10:51:51.142,19.820,-0.249,-1.031,-0.043
1635778311152,2021-11-01T10:51:51.152,19.830,-0.247,-1.025,-0.040
1635778311162,2021-11-01T10:51:51.162,19.840,-0.241,-1.019,-0.041
1635778311172,2021-11-01T10:51:51.172,19.850,-0.237,-1.016,-0.036
1635778311182,2021-11-01T10:51:51.182,19.860,-0.236,-1.021,-0.031
1635778311192,2021-11-01T10:51:51.192,19.870,-0.236,-1.022,-0.026
1635778311202,2021-11-01T10:51:51.202,19.880,-0.235,-1.026,-0.028
1635778311212,2021-11-01T10:51:51.212,19.890,-0.228,-1.030,-0.032
1635778311222,2021-11-01T10:51:51.222,19.900,-0.227,-1.033,-0.028
1635778311232,2021-11-01T10:51:51.232,19.910,-0.229,-1.032,-0.025
1635778311242,2021-11-01T10:51:51.242,19.920,-0.226,-1.026,-0.024
1635778311252,2021-11-01T10:51:51.252,19.930,-0.219,-1.026,-0.022
1635778311262,2021-11-01T10:51:51.262,19.940,-0.217,-1.029,-0.018
1635778311272,2021-11-01T10:51:51.272,19.950,-0.214,-1.021,-0.015
1635778311282,2021-11-01T10:51:51.282,19.960,-0.213,-1.020,-0.015
1635778311292,2021-11-01T10:51:51.292,19.970,-0.205,-1.026,-0.018
1635778311302,2021-11-01T10:51:51.302,19.980,-0.209,-1.032,-0.021
1635778311312,2021-11-01T10:51:51.312,19.990,-0.215,-1.036,-0.024
1635778311322,2021-11-01T10:51:51.322,20.000,-0.214,-1.040,-0.027
1635778311332,2021-11-01T10:51:51.332,20.010,-0.213,-1.033,-0.027
1635778311342,2021-11-01T10:51:51.342,20.020,-0.217,-1.025,-0.032
1635778311352,2021-11-01T10:51:51.352,20.030,-0.219,-1.025,-0.031
1635778311362,2021-11-01T10:51:51.362,20.040,-0.217,-1.025,-0.024
1635778311372,2021-11-01T10:51:51.372,20.050,-0.204,-1.026,-0.026
1635778311382,2021-11-01T10:51:51.382,20.060,-0.202,-1.032,-0.030
1635778311392,2021-11-01T10:51:51.392,20.070,-0.205,-1.040,-0.035
1635778311402,2021-11-01T10:51:51.402,20.080,-0.199,-1.040,-0.033
1635778311412,2021-11-01T10:51:51.412,20.090,-0.208,-1.020,-0.036
1635778311422,2021-11-01T10:51:51.422,20.100,-0.216,-1.008,-0.037
1635778311432,2021-11-01T10:51:51.432,20.110,-0.217,-1.020,-0.040
1635778311442,2021-11-01T10:51:51.442,20.120,-0.221,-1.026,-0.037
1635778311452,2021-11-01T10:51:51.452,20.130,-0.216,-1.018,-0.036
1635778311462,2021-11-01T10:51:51.462,20.140,-0.208,-1.014,-0.034
1635778311472,2021-11-01T10:51:51.472,20.150,-0.207,-1.015,-0.027
1635778311482,2021-11-01T10:51:51.482,20.160,-0.208,-1.022,-0.028
1635778311492,2021-11-01T10:51:51.492,20.170,-0.211,-1.023,-0.026
1635778311502,2021-11-01T10:51:51.502,20.180,-0.211,-1.021,-0.026
1635778311512,2021-11-01T10:51:51.512,20.190,-0.215,-1.021,-0.025
1635778311522,2021-11-01T10:51:51.522,20.200,-0.219,-1.021,-0.024
1635778311532,2021-11-01T10:51:51.532,20.210,-0.218,-1.030,-0.025
1635778311542,2021-11-01T10:51:51.542,20.220,-0.218,-1.040,-0.023
1635778311552,2021-11-01T10:51:51.552,20.230,-0.215,-1.032,-0.018
1635778311562,2021-11-01T10:51:51.562,20.240,-0.219,-1.026,-0.016
1635778311572,2021-11-01T10:51:51.572,20.250,-0.221,-1.026,-0.014
1635778311582,2021-11-01T10:51:51.582,20.260,-0.215,-1.028,-0.015
1635778311592,2021-11-01T10:51:51.592,20.270,-0.212,-1.032,-0.011
1635778311602,2021-11-01T10:51:51.602,20.280,-0.216,-1.030,-0.017
1635778311612,2021-11-01T10:51:51.612,20.290,-0.221,-1.024,-0.022
1635778311622,2021-11-01T10:51:51.622,20.300,-0.224,-1.027,-0.022
1635778311632,2021-11-01T10:51:51.632,20.310,-0.229,-1.035,-0.021
1635778311642,2021-11-01T10:51:51.642,20.320,-0.226,-1.037,-0.021
1635778311652,2021-11-01T10:51:51.652,20.330,-0.221,-1.031,-0.017
1635778311662,2021-11-01T10:51:51.662,20.340,-0.218,-1.025,-0.016
1635778311672,2021-11-01T10:51:51.672,20.350,-0.218,-1.028,-0.016
1635778311682,2021-11-01T10:51:51.682,20.360,-0.218,-1.032,-0.015
1635778311692,2021-11-01T10:51:51.692,20.370,-0.216,-1.030,-0.016
1635778311702,2021-11-01T10:51:51.702,20.380,-0.216,-1.019,-0.018
1635778311712,2021-11-01T10:51:51.712,20.390,-0.222,-1.015,-0.019
1635778311722,2021-11-01T10:51:51.722,20.400,-0.217,-1.029,-0.019
1635778311732,2021-11-01T10:51:51.732,20.410,-0.220,-1.037,-0.019
1635778311742,2021-11-01T10:51:51.742,20.420,-0.221,-1.032,-0.018
1635778311752,2021-11-01T10:51:51.752,20.430,-0.219,-1.028,-0.016
1635778311762,2021-11-01T10:51:51.762,20.440,-0.220,-1.031,-0.016
1635778311772,2021-11-01T10:51:51.772,20.450,-0.222,-1.029,-0.012
1635778311782,2021-11-01T10:51:51.782,20.460,-0.220,-1.027,-0.015
1635778311792,2021-11-01T10:51:51.792,20.470,-0.222,-1.027,-0.017
1635778311802,2021-11-01T10:51:51.802,20.480,-0.223,-1.030,-0.017
1635778311812,2021-11-01T10:51:51.812,20.490,-0.227,-1.029,-0.017
1635778311822,2021-11-01T10:51:51.822,20.500,-0.229,-1.027,-0.015
1635778311832,2021-11-01T10:51:51.832,20.510,-0.228,-1.024,-0.018
1635778311842,2021-11-01T10:51:51.842,20.520,-0.225,-1.029,-0.013
1635778311852,2021-11-01T10:51:51.852,20.530,-0.223,-1.034,-0.010
1635778311862,2021-11-01T10:51:51.862,20.540,-0.218,-1.028,-0.006
1635778311872,2021-11-01T10:51:51.872,20.550,-0.211,-1.027,-0.009
1635778311882,2021-11-01T10:51:51.882,20.560,-0.210,-1.035,-0.012
1635778311892,2021-11-01T10:51:51.892,20.570,-0.212,-1.032,-0.013
1635778311902,2021-11-01T10:51:51.902,20.580,-0.213,-1.019,-0.015
1635778311912,2021-11-01T10:51:51.912,20.590,-0.216,-1.013,-0.019
1635778311922,2021-11-01T10:51:51.922,20.600,-0.222,-1.017,-0.020
1635778311932,2021-11-01T10:51:51.932,20.610,-0.228,-1.023,-0.018
1635778311942,2021-11-01T10:51:51.942,20.620,-0.226,-1.018,-0.014
1635778311952,2021-11-01T10:51:51.952,20.630,-0.219,-1.019,-0.014
1635778311962,2021-11-01T10:51:51.962,20.640,-0.217,-1.029,-0.013
1635778311972,2021-11-01T10:51:51.972,20.650,-0.220,-1.033,-0.010
1635778311982,2021-11-01T10:51:51.982,20.660,-0.221,-1.026,-0.012
1635778311992,2021-11-01T10:51:51.992,20.670,-0.220,-1.021,-0.013
1635778312002,2021-11-01T10:51:52.002,20.680,-0.217,-1.023,-0.012
1635778312012,2021-11-01T10:51:52.012,20.690,-0.218,-1.023,-0.011
1635778312022,2021-11-01T10:51:52.022,20.700,-0.220,-1.020,-0.012
1635778312032,2021-11-01T10:51:52.032,20.710,-0.219,-1.019,-0.009
1635778312042,2021-11-01T10:51:52.042,20.720,-0.218,-1.019,-0.007
1635778312052,2021-11-01T10:51:52.052,20.730,-0.213,-1.032,-0.011
1635778312062,2021-11-01T10:51:52.062,20.740,-0.220,-1.045,-0.003
1635778312072,2021-11-01T10:51:52.072,20.750,-0.226,-1.046,-0.002
1635778312082,2021-11-01T10:51:52.082,20.760,-0.221,-1.038,-0.010
1635778312092,2021-11-01T10:51:52.092,20.770,-0.224,-1.036,-0.010
1635778312102,2021-11-01T10:51:52.102,20.780,-0.226,-1.038,-0.007
1635778312112,2021-11-01T10:51:52.112,20.790,-0.227,-1.033,-0.004
1635778312122,2021-11-01T10:51:52.122,20.800,-0.220,-1.025,-0.002
1635778312132,2021-11-01T10:51:52.132,20.810,-0.211,-1.029,0.000
1635778312142,2021-11-01T10:51:52.142,20.820,-0.211,-1.037,0.000
1635778312152,2021-11-01T10:51:52.152,20.830,-0.209,-1.037,0.001
1635778312162,2021-11-01T10:51:52.162,20.840,-0.209,-1.030,0.001
1635778312172,2021-11-01T10:51:52.172,20.850,-0.209,-1.022,0.001
1635778312182,2021-11-01T10:51:52.182,20.860,-0.214,-1.023,-0.003
1635778312192,2021-11-01T10:51:52.192,20.870,-0.218,-1.030,-0.009
1635778312202,2021-11-01T10:51:52.202,20.880,-0.216,-1.032,-0.010
1635778312212,2021-11-01T10:51:52.212,20.890,-0.217,-1.029,-0.012
1635778312222,2021-11-01T10:51:52.222,20.900,-0.217,-1.027,-0.006
1635778312232,2021-11-01T10:51:52.232,20.910,-0.215,-1.031,-0.006
1635778312242,2021-11-01T10:51:52.242,20.920,-0.213,-1.038,-0.006
1635778312252,2021-11-01T10:51:52.252,20.930,-0.212,-1.039,-0.004
1635778312262,2021-11-01T10:51:52.262,20.940,-0.216,-1.037,-0.006
1635778312272,2021-11-01T10:51:52.272,20.950,-0.216,-1.038,-0.002
1635778312282,2021-11-01T10:51:52.282,20.960,-0.223,-1.037,0.003
1635778312292,2021-11-01T10:51:52.292,20.970,-0.219,-1.042,0.005
1635778312302,2021-11-01T10:51:52.302,20.980,-0.213,-1.048,0.009
1635778312312,2021-11-01T10:51:52.312,20.990,-0.201,-1.057,0.017
1635778312322,2021-11-01T10:51:52.322,21.000,-0.190,-1.058,0.017
1635778312332,2021-11-01T10:51:52.332,21.010,-0.185,-1.055,0.015
1635778312342,2021-11-01T10:51:52.342,21.020,-0.177,-1.047,0.008
1635778312352,2021-11-01T10:51:52.352,21.030,-0.175,-1.035,-0.000
1635778312362,2021-11-01T10:51:52.362,21.040,-0.176,-1.021,-0.006
1635778312372,2021-11-01T10:51:52.372,21.050,-0.181,-1.009,-0.011
1635778312382,2021-11-01T10:51:52.382,21.060,-0.185,-1.002,-0.015
1635778312392,2021-11-01T10:51:52.392,21.070,-0.190,-0.995,-0.019
1635778312402,2021-11-01T10:51:52.402,21.080,-0.192,-0.996,-0.025
1635778312412,2021-11-01T10:51:52.412,21.090,-0.202,-1.003,-0.023
1635778312422,2021-11-01T10:51:52.422,21.100,-0.203,-1.008,-0.027
1635778312432,2021-11-01T10:51:52.432,21.110,-0.204,-1.000,-0.027
1635778312442,2021-11-01T10:51:52.442,21.120,-0.208,-0.996,-0.028
1635778312452,2021-11-01T10:51:52.452,21.130,-0.212,-1.004,-0.029
1635778312462,2021-11-01T10:51:52.462,21.140,-0.212,-1.013,-0.024
1635778312472,2021-11-01T10:51:52.472,21.150,-0.208,-1.020,-0.020
1635778312482,2021-11-01T10:51:52.482,21.160,-0.207,-1.024,-0.017
1635778312492,2021-11-01T10:51:52.492,21.170,-0.205,-1.030,-0.008
1635778312502,2021-11-01T10:51:52.502,21.180,-0.203,-1.035,-0.003
1635778312512,2021-11-01T10:51:52.512,21.190,-0.199,-1.035,0.001
1635778312522,2021-11-01T10:51:52.522,21.200,-0.204,-1.031,0.005
1635778312532,2021-11-01T10:51:52.532,21.210,-0.204,-1.027,0.002
1635778312542,2021-11-01T10:51:52.542,21.220,-0.208,-1.026,0.007
1635778312552,2021-11-01T10:51:52.552,21.230,-0.209,-1.029,0.008
1635778312562,2021-11-01T10:51:52.562,21.240,-0.210,-1.039,0.001
1635778312572,2021-11-01T10:51:52.572,21.250,-0.216,-1.043,0.002
1635778312582,2021-11-01T10:51:52.582,21.260,-0.216,-1.040,0.002
1635778312592,2021-11-01T10:51:52.592,21.270,-0.218,-1.036,0.000
1635778312602,2021-11-01T10:51:52.602,21.280,-0.224,-1.027,-0.007
1635778312612,2021-11-01T10:51:52.612,21.290,-0.227,-1.023,-0.013
1635778312622,2021-11-01T10:51:52.622,21.300,-0.234,-1.023,-0.016
1635778312632,2021-11-01T10:51:52.632,21.310,-0.233,-1.023,-0.020
1635778312642,2021-11-01T10:51:52.642,21.320,-0.237,-1.026,-0.021
1635778312652,2021-11-01T10:51:52.652,21.330,-0.240,-1.027,-0.021
1635778312662,2021-11-01T10:51:52.662,21.340,-0.242,-1.030,-0.021
1635778312672,2021-11-01T10:51:52.672,21.350,-0.243,-1.032,-0.017
1635778312682,2021-11-01T10:51:52.682,21.360,-0.243,-1.026,-0.010
1635778312692,2021-11-01T10:51:52.692,21.370,-0.242,-1.021,-0.014
1635778312702,2021-11-01T10:51:52.702,21.380,-0.241,-1.024,-0.014
1635778312712,2021-11-01T10:51:52.712,21.390,-0.238,-1.026,-0.008
1635778312722,2021-11-01T10:51:52.722,21.400,-0.236,-1.029,-0.006
1635778312732,2021-11-01T10:51:52.732,21.410,-0.238,-1.037,-0.006
1635778312742,2021-11-01T10:51:52.742,21.420,-0.240,-1.034,-0.002
1635778312752,2021-11-01T10:51:52.752,21.430,-0.238,-1.028,0.000
1635778312762,2021-11-01T10:51:52.762,21.440,-0.239,-1.021,0.002
1635778312772,2021-11-01T10:51:52.772,21.450,-0.238,-1.025,0.005
1635778312782,2021-11-01T10:51:52.782,21.460,-0.236,-1.026,0.006
1635778312792,2021-11-01T10:51:52.792,21.470,-0.230,-1.009,0.003
1635778312802,2021-11-01T10:51:52.802,21.480,-0.230,-1.011,-0.000
1635778312812,2021-11-01T10:51:52.812,21.490,-0.235,-1.030,-0.007
1635778312822,2021-11-01T10:51:52.822,21.500,-0.238,-1.042,-0.004
1635778312832,2021-11-01T10:51:52.832,21.510,-0.242,-1.030,-0.005
1635778312842,2021-11-01T10:51:52.842,21.520,-0.244,-1.017,-0.006
1635778312852,2021-11-01T10:51:52.852,21.530,-0.239,-1.022,-0.004
1635778312862,2021-11-01T10:51:52.862,21.540,-0.238,-1.034,-0.007
1635778312872,2021-11-01T10:51:52.872,21.550,-0.235,-1.032,-0.006
1635778312882,2021-11-01T10:51:52.882,21.560,-0.238,-1.024,-0.010
1635778312892,2021-11-01T10:51:52.892,21.570,-0.239,-1.015,-0.013
1635778312902,2021-11-01T10:51:52.902,21.580,-0.240,-1.017,-0.018
1635778312912,2021-11-01T10:51:52.912,21.590,-0.242,-1.025,-0.017
1635778312922,2021-11-01T10:51:52.922,21.600,-0.247,-1.030,-0.015
1635778312932,2021-11-01T10:51:52.932,21.610,-0.241,-1.027,-0.013
1635778312942,2021-11-01T10:51:52.942,21.620,-0.235,-1.022,-0.008
1635778312952,2021-11-01T10:51:52.952,21.630,-0.233,-1.027,-0.007
1635778312962,2021-11-01T10:51:52.962,21.640,-0.230,-1.031,-0.004
1635778312972,2021-11-01T10:51:52.972,21.650,-0.232,-1.027,-0.007
1635778312982,2021-11-01T10:51:52.982,21.660,-0.231,-1.020,-0.006
1635778312992,2021-11-01T10:51:52.992,21.670,-0.228,-1.013,-0.008
1635778313002,2021-11-01T10:51:53.002,21.680,-0.227,-1.013,-0.012
1635778313012,2021-11-01T10:51:53.012,21.690,-0.230,-1.023,-0.012
1635778313022,2021-11-01T10:51:53.022,21.700,-0.230,-1.029,-0.016
1635778313032,2021-11-01T10:51:53.032,21.710,-0.230,-1.020,-0.016
1635778313042,2021-11-01T10:51:53.042,21.720,-0.232,-1.010,-0.015
1635778313052,2021-11-01T10:51:53.052,21.730,-0.231,-1.003,-0.013
1635778313062,2021-11-01T10:51:53.062,21.740,-0.232,-0.998,-0.020
1635778313072,2021-11-01T10:51:53.072,21.750,-0.233,-1.001,-0.021
1635778313082,2021-11-01T10:51:53.082,21.760,-0.235,-1.007,-0.016
1635778313092,2021-11-01T10:51:53.092,21.770,-0.238,-1.021,-0.014
1635778313102,2021-11-01T10:51:53.102,21.780,-0.241,-1.042,-0.009
1635778313112,2021-11-01T10:51:53.112,21.790,-0.240,-1.054,-0.004
1635778313122,2021-11-01T10:51:53.122,21.800,-0.239,-1.053,0.002
1635778313132,2021-11-01T10:51:53.132,21.810,-0.236,-1.047,0.011
1635778313142,2021-11-01T10:51:53.142,21.820,-0.238,-1.039,0.013
1635778313152,2021-11-01T10:51:53.152,21.830,-0.236,-1.042,0.006
1635778313162,2021-11-01T10:51:53.162,21.840,-0.231,-1.043,0.008
1635778313172,2021-11-01T10:51:53.172,21.850,-0.236,-1.027,0.003
1635778313182,2021-11-01T10:51:53.182,21.860,-0.240,-1.015,-0.000
1635778313192,2021-11-01T10:51:53.192,21.870,-0.239,-1.022,-0.002
1635778313202,2021-11-01T10:51:53.202,21.880,-0.244,-1.024,-0.000
1635778313212,2021-11-01T10:51:53.212,21.890,-0.247,-1.023,-0.000
1635778313222,2021-11-01T10:51:53.222,21.900,-0.239,-1.022,-0.004
1635778313232,2021-11-01T10:51:53.232,21.910,-0.239,-1.026,-0.007
1635778313242,2021-11-01T10:51:53.242,21.920,-0.242,-1.023,-0.009
1635778313252,2021-11-01T10:51:53.252,21.930,-0.249,-1.017,-0.015
1635778313262,2021-11-01T10:51:53.262,21.940,-0.252,-1.014,-0.023
1635778313272,2021-11-01T10:51:53.272,21.950,-0.254,-1.018,-0.023
1635778313282,2021-11-01T10:51:53.282,21.960,-0.259,-1.031,-0.028
1635778313292,2021-11-01T10:51:53.292,21.970,-0.262,-1.035,-0.020
1635778313302,2021-11-01T10:51:53.302,21.980,-0.260,-1.029,-0.016
1635778313312,2021-11-01T10:51:53.312,21.990,-0.256,-1.017,-0.013
1635778313322,2021-11-01T10:51:53.322,22.000,-0.257,-1.009,-0.010
1635778313332,2021-11-01T10:51:53.332,22.010,-0.256,-1.013,-0.000
1635778313342,2021-11-01T10:51:53.342,22.020,-0.250,-1.034,0.013
1635778313352,2021-11-01T10:51:53.352,22.030,-0.239,-1.089,0.031
1635778313362,2021-11-01T10:51:53.362,22.040,-0.238,-1.135,0.045
1635778313372,2021-11-01T10:51:53.372,22.050,-0.255,-1.110,0.046
1635778313382,2021-11-01T10:51:53.382,22.060,-0.270,-1.035,0.023
1635778313392,2021-11-01T10:51:53.392,22.070,-0.279,-0.979,-0.002
1635778313402,2021-11-01T10:51:53.402,22.080,-0.286,-0.971,-0.023
1635778313412,2021-11-01T10:51:53.412,22.090,-0.290,-0.999,-0.038
1635778313422,2021-11-01T10:51:53.422,22.100,-0.282,-1.019,-0.040
1635778313432,2021-11-01T10:51:53.432,22.110,-0.265,-1.016,-0.044
1635778313442,2021-11-01T10:51:53.442,22.120,-0.242,-1.004,-0.045
1635778313452,2021-11-01T10:51:53.452,22.130,-0.223,-1.010,-0.043
1635778313462,2021-11-01T10:51:53.462,22.140,-0.212,-1.021,-0.033
1635778313472,2021-11-01T10:51:53.472,22.150,-0.201,-1.014,-0.029
1635778313482,2021-11-01T10:51:53.482,22.160,-0.184,-1.001,-0.026
1635778313492,2021-11-01T10:51:53.492,22.170,-0.168,-1.000,-0.018
1635778313502,2021-11-01T10:51:53.502,22.180,-0.155,-1.007,-0.008
1635778313512,2021-11-01T10:51:53.512,22.190,-0.140,-1.007,-0.001
1635778313522,2021-11-01T10:51:53.522,22.200,-0.127,-1.004,-0.001
1635778313532,2021-11-01T10:51:53.532,22.210,-0.122,-1.014,-0.003
1635778313542,2021-11-01T10:51:53.542,22.220,-0.121,-1.017,-0.005
1635778313552,2021-11-01T10:51:53.552,22.230,-0.113,-1.018,-0.007
1635778313562,2021-11-01T10:51:53.562,22.240,-0.103,-1.021,-0.013
1635778313572,2021-11-01T10:51:53.572,22.250,-0.101,-1.014,-0.013
1635778313582,2021-11-01T10:51:53.582,22.260,-0.099,-0.999,-0.021
1635778313592,2021-11-01T10:51:53.592,22.270,-0.096,-0.993,-0.031
1635778313602,2021-11-01T10:51:53.602,22.280,-0.101,-0.980,-0.035
1635778313612,2021-11-01T10:51:53.612,22.290,-0.105,-0.954,-0.042
1635778313622,2021-11-01T10:51:53.622,22.300,-0.101,-0.938,-0.049
1635778313632,2021-11-01T10:51:53.632,22.310,-0.099,-0.934,-0.056
1635778313642,2021-11-01T10:51:53.642,22.320,-0.106,-0.927,-0.056
1635778313652,2021-11-01T10:51:53.652,22.330,-0.105,-0.932,-0.058
1635778313662,2021-11-01T10:51:53.662,22.340,-0.103,-0.965,-0.058
1635778313672,2021-11-01T10:51:53.672,22.350,-0.111,-0.990,-0.051
1635778313682,2021-11-01T10:51:53.682,22.360,-0.122,-0.974,-0.049
1635778313692,2021-11-01T10:51:53.692,22.370,-0.127,-0.926,-0.047
1635778313702,2021-11-01T10:51:53.702,22.380,-0.131,-0.889,-0.046
1635778313712,2021-11-01T10:51:53.712,22.390,-0.142,-0.884,-0.040
1635778313722,2021-11-01T10:51:53.722,22.400,-0.161,-0.875,-0.023
1635778313732,2021-11-01T10:51:53.732,22.410,-0.172,-0.878,-0.002
1635778313742,2021-11-01T10:51:53.742,22.420,-0.179,-0.898,0.012
1635778313752,2021-11-01T10:51:53.752,22.430,-0.203,-0.884,0.024
1635778313762,2021-11-01T10:51:53.762,22.440,-0.225,-0.841,0.023
1635778313772,2021-11-01T10:51:53.772,22.450,-0.242,-0.820,0.016
1635778313782,2021-11-01T10:51:53.782,22.460,-0.254,-0.834,0.019
1635778313792,2021-11-01T10:51:53.792,22.470,-0.273,-0.866,0.020
1635778313802,2021-11-01T10:51:53.802,22.480,-0.296,-0.881,0.021
1635778313812,2021-11-01T10:51:53.812,22.490,-0.319,-0.903,0.023
1635778313822,2021-11-01T10:51:53.822,22.500,-0.336,-0.949,0.033
1635778313832,2021-11-01T10:51:53.832,22.510,-0.362,-0.944,0.050
1635778313842,2021-11-01T10:51:53.842,22.520,-0.380,-0.880,0.052
1635778313852,2021-11-01T10:51:53.852,22.530,-0.383,-0.819,0.052
1635778313862,2021-11-01T10:51:53.862,22.540,-0.378,-0.804,0.057
1635778313872,2021-11-01T10:51:53.872,22.550,-0.377,-0.815,0.063
1635778313882,2021-11-01T10:51:53.882,22.560,-0.369,-0.825,0.081
1635778313892,2021-11-01T10:51:53.892,22.570,-0.363,-0.822,0.097
1635778313902,2021-11-01T10:51:53.902,22.580,-0.369,-0.809,0.112
1635778313912,2021-11-01T10:51:53.912,22.590,-0.392,-0.774,0.121
1635778313922,2021-11-01T10:51:53.922,22.600,-0.408,-0.744,0.118
1635778313932,2021-11-01T10:51:53.932,22.610,-0.407,-0.745,0.111
1635778313942,2021-11-01T10:51:53.942,22.620,-0.400,-0.777,0.108
1635778313952,2021-11-01T10:51:53.952,22.630,-0.391,-0.818,0.110
1635778313962,2021-11-01T10:51:53.962,22.640,-0.373,-0.837,0.117
1635778313972,2021-11-01T10:51:53.972,22.650,-0.370,-0.832,0.118
1635778313982,2021-11-01T10:51:53.982,22.660,-0.389,-0.811,0.114
1635778313992,2021-11-01T10:51:53.992,22.670,-0.410,-0.780,0.104
1635778314002,2021-11-01T10:51:54.002,22.680,-0.423,-0.733,0.090
1635778314012,2021-11-01T10:51:54.012,22.690,-0.427,-0.723,0.067
1635778314022,2021-11-01T10:51:54.022,22.700,-0.425,-0.769,0.069
1635778314032,2021-11-01T10:51:54.032,22.710,-0.421,-0.827,0.068
1635778314042,2021-11-01T10:51:54.042,22.720,-0.426,-0.837,0.064
1635778314052,2021-11-01T10:51:54.052,22.730,-0.452,-0.783,0.058
1635778314062,2021-11-01T10:51:54.062,22.740,-0.474,-0.718,0.050
1635778314072,2021-11-01T10:51:54.072,22.750,-0.490,-0.698,0.042
1635778314082,2021-11-01T10:51:54.082,22.760,-0.514,-0.716,0.035
1635778314092,2021-11-01T10:51:54.092,22.770,-0.533,-0.765,0.041
1635778314102,2021-11-01T10:51:54.102,22.780,-0.532,-0.845,0.054
1635778314112,2021-11-01T10:51:54.112,22.790,-0.529,-0.927,0.064
1635778314122,2021-11-01T10:51:54.122,22.800,-0.530,-0.947,0.068
1635778314132,2021-11-01T10:51:54.132,22.810,-0.535,-0.871,0.062
1635778314142,2021-11-01T10:51:54.142,22.820,-0.543,-0.764,0.052
1635778314152,2021-11-01T10:51:54.152,22.830,-0.560,-0.708,0.050
1635778314162,2021-11-01T10:51:54.162,22.840,-0.581,-0.721,0.047
1635778314172,2021-11-01T10:51:54.172,22.850,-0.602,-0.773,0.063
1635778314182,2021-11-01T10:51:54.182,22.860,-0.607,-0.871,0.065
1635778314192,2021-11-01T10:51:54.192,22.870,-0.619,-0.946,0.076
1635778314202,2021-11-01T10:51:54.202,22.880,-0.618,-0.937,0.078
1635778314212,2021-11-01T10:51:54.212,22.890,-0.610,-0.855,0.060
1635778314222,2021-11-01T10:51:54.222,22.900,-0.638,-0.786,0.054
1635778314232,2021-11-01T10:51:54.232,22.910,-0.673,-0.775,0.066
1635778314242,2021-11-01T10:51:54.242,22.920,-0.696,-0.805,0.095
1635778314252,2021-11-01T10:51:54.252,22.930,-0.714,-0.854,0.124
1635778314262,2021-11-01T10:51:54.262,22.940,-0.735,-0.890,0.151
1635778314272,2021-11-01T10:51:54.272,22.950,-0.728,-0.909,0.162
1635778314282,2021-11-01T10:51:54.282,22.960,-0.702,-0.931,0.150
1635778314292,2021-11-01T10:51:54.292,22.970,-0.697,-0.926,0.137
1635778314302,2021-11-01T10:51:54.302,22.980,-0.693,-0.873,0.120
1635778314312,2021-11-01T10:51:54.312,22.990,-0.690,-0.794,0.111
1635778314322,2021-11-01T10:51:54.322,23.000,-0.700,-0.749,0.116
1635778314332,2021-11-01T10:51:54.332,23.010,-0.733,-0.750,0.120
1635778314342,2021-11-01T10:51:54.342,23.020,-0.787,-0.754,0.128
1635778314352,2021-11-01T10:51:54.352,23.030,-0.825,-0.760,0.117
1635778314362,2021-11-01T10:51:54.362,23.040,-0.829,-0.813,0.096
1635778314372,2021-11-01T10:51:54.372,23.050,-0.825,-0.880,0.095
1635778314382,2021-11-01T10:51:54.382,23.060,-0.804,-0.904,0.097
1635778314392,2021-11-01T10:51:54.392,23.070,-0.768,-0.872,0.096
1635778314402,2021-11-01T10:51:54.402,23.080,-0.752,-0.825,0.092
1635778314412,2021-11-01T10:51:54.412,23.090,-0.775,-0.786,0.088
1635778314422,2021-11-01T10:51:54.422,23.100,-0.805,-0.748,0.082
1635778314432,2021-11-01T10:51:54.432,23.110,-0.810,-0.732,0.073
1635778314442,2021-11-01T10:51:54.442,23.120,-0.807,-0.765,0.070
1635778314452,2021-11-01T10:51:54.452,23.130,-0.800,-0.823,0.070
1635778314462,2021-11-01T10:51:54.462,23.140,-0.792,-0.851,0.073
1635778314472,2021-11-01T10:51:54.472,23.150,-0.775,-0.833,0.069
1635778314482,2021-11-01T10:51:54.482,23.160,-0.777,-0.785,0.070
1635778314492,2021-11-01T10:51:54.492,23.170,-0.789,-0.748,0.068
1635778314502,2021-11-01T10:51:54.502,23.180,-0.813,-0.744,0.069
1635778314512,2021-11-01T10:51:54.512,23.190,-0.829,-0.757,0.074
1635778314522,2021-11-01T10:51:54.522,23.200,-0.837,-0.777,0.082
1635778314532,2021-11-01T10:51:54.532,23.210,-0.835,-0.818,0.090
1635778314542,2021-11-01T10:51:54.542,23.220,-0.832,-0.860,0.088
1635778314552,2021-11-01T10:51:54.552,23.230,-0.830,-0.868,0.080
1635778314562,2021-11-01T10:51:54.562,23.240,-0.839,-0.828,0.067
1635778314572,2021-11-01T10:51:54.572,23.250,-0.853,-0.792,0.051
1635778314582,2021-11-01T10:51:54.582,23.260,-0.863,-0.805,0.055
1635778314592,2021-11-01T10:51:54.592,23.270,-0.885,-0.838,0.076
1635778314602,2021-11-01T10:51:54.602,23.280,-0.893,-0.863,0.089
1635778314612,2021-11-01T10:51:54.612,23.290,-0.883,-0.859,0.108
1635778314622,2021-11-01T10:51:54.622,23.300,-0.889,-0.858,0.107
1635778314632,2021-11-01T10:51:54.632,23.310,-0.913,-0.842,0.102
1635778314642,2021-11-01T10:51:54.642,23.320,-0.923,-0.825,0.081
1635778314652,2021-11-01T10:51:54.652,23.330,-0.935,-0.840,0.064
1635778314662,2021-11-01T10:51:54.662,23.340,-0.950,-0.880,0.066
1635778314672,2021-11-01T10:51:54.672,23.350,-0.964,-0.914,0.078
1635778314682,2021-11-01T10:51:54.682,23.360,-0.979,-0.916,0.091
1635778314692,2021-11-01T10:51:54.692,23.370,-0.983,-0.906,0.094
1635778314702,2021-11-01T10:51:54.702,23.380,-0.982,-0.901,0.094
1635778314712,2021-11-01T10:51:54.712,23.390,-0.983,-0.869,0.088
1635778314722,2021-11-01T10:51:54.722,23.400,-0.977,-0.818,0.075
1635778314732,2021-11-01T10:51:54.732,23.410,-0.967,-0.816,0.063
1635778314742,2021-11-01T10:51:54.742,23.420,-0.958,-0.851,0.074
1635778314752,2021-11-01T10:51:54.752,23.430,-0.953,-0.863,0.087
1635778314762,2021-11-01T10:51:54.762,23.440,-0.946,-0.835,0.099
1635778314772,2021-11-01T10:51:54.772,23.450,-0.937,-0.791,0.111
1635778314782,2021-11-01T10:51:54.782,23.460,-0.929,-0.787,0.104
1635778314792,2021-11-01T10:51:54.792,23.470,-0.936,-0.851,0.084
1635778314802,2021-11-01T10:51:54.802,23.480,-0.937,-0.950,0.067
1635778314812,2021-11-01T10:51:54.812,23.490,-0.939,-1.024,0.058
1635778314822,2021-11-01T10:51:54.822,23.500,-0.896,-1.093,0.059
1635778314832,2021-11-01T10:51:54.832,23.510,-0.823,-1.200,0.057
1635778314842,2021-11-01T10:51:54.842,23.520,-0.775,-1.267,0.063
1635778314852,2021-11-01T10:51:54.852,23.530,-0.729,-1.262,0.054
1635778314862,2021-11-01T10:51:54.862,23.540,-0.672,-1.235,0.032
1635778314872,2021-11-01T10:51:54.872,23.550,-0.617,-1.269,0.009
1635778314882,2021-11-01T10:51:54.882,23.560,-0.598,-1.361,-0.006
1635778314892,2021-11-01T10:51:54.892,23.570,-0.594,-1.422,-0.007
1635778314902,2021-11-01T10:51:54.902,23.580,-0.558,-1.406,-0.019
1635778314912,2021-11-01T10:51:54.912,23.590,-0.506,-1.331,-0.025
1635778314922,2021-11-01T10:51:54.922,23.600,-0.459,-1.249,-0.024
1635778314932,2021-11-01T10:51:54.932,23.610,-0.421,-1.158,-0.021
1635778314942,2021-11-01T10:51:54.942,23.620,-0.389,-1.061,-0.029
1635778314952,2021-11-01T10:51:54.952,23.630,-0.374,-0.977,-0.032
1635778314962,2021-11-01T10:51:54.962,23.640,-0.357,-0.906,-0.026
1635778314972,2021-11-01T10:51:54.972,23.650,-0.321,-0.848,-0.017
1635778314982,2021-11-01T10:51:54.982,23.660,-0.290,-0.804,-0.010
1635778314992,2021-11-01T10:51:54.992,23.670,-0.291,-0.768,-0.002
1635778315002,2021-11-01T10:51:55.002,23.680,-0.283,-0.741,0.004
1635778315012,2021-11-01T10:51:55.012,23.690,-0.259,-0.737,0.001
1635778315022,2021-11-01T10:51:55.022,23.700,-0.239,-0.753,0.001
1635778315032,2021-11-01T10:51:55.032,23.710,-0.228,-0.773,0.003
1635778315042,2021-11-01T10:51:55.042,23.720,-0.218,-0.781,0.007
1635778315052,2021-11-01T10:51:55.052,23.730,-0.199,-0.791,0.013
1635778315062,2021-11-01T10:51:55.062,23.740,-0.172,-0.841,0.014
1635778315072,2021-11-01T10:51:55.072,23.750,-0.161,-0.899,0.017
1635778315082,2021-11-01T10:51:55.082,23.760,-0.157,-0.931,0.020
1635778315092,2021-11-01T10:51:55.092,23.770,-0.146,-0.947,0.017
1635778315102,2021-11-01T10:51:55.102,23.780,-0.133,-0.958,0.005
1635778315112,2021-11-01T10:51:55.112,23.790,-0.117,-0.974,-0.001
1635778315122,2021-11-01T10:51:55.122,23.800,-0.105,-0.991,-0.005
1635778315132,2021-11-01T10:51:55.132,23.810,-0.097,-1.003,-0.012
1635778315142,2021-11-01T10:51:55.142,23.820,-0.088,-1.016,-0.017
1635778315152,2021-11-01T10:51:55.152,23.830,-0.076,-1.040,-0.023
1635778315162,2021-11-01T10:51:55.162,23.840,-0.070,-1.071,-0.025
1635778315172,2021-11-01T10:51:55.172,23.850,-0.075,-1.080,-0.029
1635778315182,2021-11-01T10:51:55.182,23.860,-0.078,-1.064,-0.023
1635778315192,2021-11-01T10:51:55.192,23.870,-0.076,-1.043,-0.018
1635778315202,2021-11-01T10:51:55.202,23.880,-0.075,-1.022,-0.010
1635778315212,2021-11-01T10:51:55.212,23.890,-0.079,-0.991,-0.007
1635778315222,2021-11-01T10:51:55.222,23.900,-0.083,-0.962,-0.006
1635778315232,2021-11-01T10:51:55.232,23.910,-0.093,-0.970,-0.010
1635778315242,2021-11-01T10:51:55.242,23.920,-0.118,-0.993,-0.017
1635778315252,2021-11-01T10:51:55.252,23.930,-0.139,-1.004,-0.019
1635778315262,2021-11-01T10:51:55.262,23.940,-0.141,-1.003,-0.029
1635778315272,2021-11-01T10:51:55.272,23.950,-0.126,-1.015,-0.023
1635778315282,2021-11-01T10:51:55.282,23.960,-0.118,-1.034,-0.016
1635778315292,2021-11-01T10:51:55.292,23.970,-0.108,-1.040,-0.016
1635778315302,2021-11-01T10:51:55.302,23.980,-0.099,-1.020,-0.016
1635778315312,2021-11-01T10:51:55.312,23.990,-0.100,-0.997,-0.006
1635778315322,2021-11-01T10:51:55.322,24.000,-0.102,-0.994,-0.001
1635778315332,2021-11-01T10:51:55.332,24.010,-0.110,-1.017,0.004
1635778315342,2021-11-01T10:51:55.342,24.020,-0.114,-1.043,0.010
1635778315352,2021-11-01T10:51:55.352,24.030,-0.113,-1.060,0.021
1635778315362,2021-11-01T10:51:55.362,24.040,-0.114,-1.066,0.027
1635778315372,2021-11-01T10:51:55.372,24.050,-0.116,-1.059,0.035
1635778315382,2021-11-01T10:51:55.382,24.060,-0.112,-1.042,0.038
1635778315392,2021-11-01T10:51:55.392,24.070,-0.105,-1.028,0.044
1635778315402,2021-11-01T10:51:55.402,24.080,-0.106,-1.011,0.047
1635778315412,2021-11-01T10:51:55.412,24.090,-0.114,-1.011,0.048
1635778315422,2021-11-01T10:51:55.422,24.100,-0.113,-1.032,0.051
1635778315432,2021-11-01T10:51:55.432,24.110,-0.111,-1.052,0.057
1635778315442,2021-11-01T10:51:55.442,24.120,-0.114,-1.042,0.063
1635778315452,2021-11-01T10:51:55.452,24.130,-0.116,-1.037,0.067
1635778315462,2021-11-01T10:51:55.462,24.140,-0.119,-1.060,0.081
1635778315472,2021-11-01T10:51:55.472,24.150,-0.117,-1.068,0.090
1635778315482,2021-11-01T10:51:55.482,24.160,-0.104,-1.053,0.095
1635778315492,2021-11-01T10:51:55.492,24.170,-0.099,-1.033,0.099
1635778315502,2021-11-01T10:51:55.502,24.180,-0.102,-1.024,0.108
1635778315512,2021-11-01T10:51:55.512,24.190,-0.098,-1.034,0.107
1635778315522,2021-11-01T10:51:55.522,24.200,-0.092,-1.043,0.106
1635778315532,2021-11-01T10:51:55.532,24.210,-0.096,-1.038,0.105
1635778315542,2021-11-01T10:51:55.542,24.220,-0.100,-1.041,0.097
1635778315552,2021-11-01T10:51:55.552,24.230,-0.106,-1.042,0.094
1635778315562,2021-11-01T10:51:55.562,24.240,-0.115,-1.034,0.091
1635778315572,2021-11-01T10:51:55.572,24.250,-0.117,-1.026,0.089
1635778315582,2021-11-01T10:51:55.582,24.260,-0.117,-1.025,0.093
1635778315592,2021-11-01T10:51:55.592,24.270,-0.117,-1.031,0.095
1635778315602,2021-11-01T10:51:55.602,24.280,-0.117,-1.047,0.099
1635778315612,2021-11-01T10:51:55.612,24.290,-0.116,-1.062,0.097
1635778315622,2021-11-01T10:51:55.622,24.300,-0.117,-1.068,0.096
1635778315632,2021-11-01T10:51:55.632,24.310,-0.120,-1.073,0.093
1635778315642,2021-11-01T10:51:55.642,24.320,-0.124,-1.069,0.092
1635778315652,2021-11-01T10:51:55.652,24.330,-0.122,-1.061,0.093
1635778315662,2021-11-01T10:51:55.662,24.340,-0.117,-1.049,0.090
1635778315672,2021-11-01T10:51:55.672,24.350,-0.110,-1.043,0.088
1635778315682,2021-11-01T10:51:55.682,24.360,-0.102,-1.047,0.085
1635778315692,2021-11-01T10:51:55.692,24.370,-0.098,-1.040,0.087
1635778315702,2021-11-01T10:51:55.702,24.380,-0.095,-1.024,0.088
1635778315712,2021-11-01T10:51:55.712,24.390,-0.091,-1.018,0.081
1635778315722,2021-11-01T10:51:55.722,24.400,-0.089,-1.034,0.081
1635778315732,2021-11-01T10:51:55.732,24.410,-0.085,-1.046,0.086
1635778315742,2021-11-01T10:51:55.742,24.420,-0.081,-1.043,0.088
1635778315752,2021-11-01T10:51:55.752,24.430,-0.080,-1.046,0.085
1635778315762,2021-11-01T10:51:55.762,24.440,-0.078,-1.052,0.084
1635778315772,2021-11-01T10:51:55.772,24.450,-0.076,-1.044,0.087
1635778315782,2021-11-01T10:51:55.782,24.460,-0.076,-1.025,0.083
1635778315792,2021-11-01T10:51:55.792,24.470,-0.072,-1.020,0.084
1635778315802,2021-11-01T10:51:55.802,24.480,-0.076,-1.030,0.093
1635778315812,2021-11-01T10:51:55.812,24.490,-0.077,-1.035,0.102
1635778315822,2021-11-01T10:51:55.822,24.500,-0.081,-1.036,0.095
1635778315832,2021-11-01T10:51:55.832,24.510,-0.090,-1.042,0.099
1635778315842,2021-11-01T10:51:55.842,24.520,-0.092,-1.043,0.098
1635778315852,2021-11-01T10:51:55.852,24.530,-0.089,-1.041,0.098
1635778315862,2021-11-01T10:51:55.862,24.540,-0.084,-1.040,0.096
1635778315872,2021-11-01T10:51:55.872,24.550,-0.083,-1.041,0.095
1635778315882,2021-11-01T10:51:55.882,24.560,-0.085,-1.035,0.092
1635778315892,2021-11-01T10:51:55.892,24.570,-0.086,-1.027,0.087
1635778315902,2021-11-01T10:51:55.902,24.580,-0.089,-1.025,0.085
1635778315912,2021-11-01T10:51:55.912,24.590,-0.096,-1.034,0.083
1635778315922,2021-11-01T10:51:55.922,24.600,-0.108,-1.039,0.081
1635778315932,2021-11-01T10:51:55.932,24.610,-0.115,-1.035,0.080
1635778315942,2021-11-01T10:51:55.942,24.620,-0.123,-1.047,0.078
1635778315952,2021-11-01T10:51:55.952,24.630,-0.129,-1.052,0.080
1635778315962,2021-11-01T10:51:55.962,24.640,-0.125,-1.052,0.079
1635778315972,2021-11-01T10:51:55.972,24.650,-0.123,-1.048,0.081
1635778315982,2021-11-01T10:51:55.982,24.660,-0.119,-1.039,0.081
1635778315992,2021-11-01T10:51:55.992,24.670,-0.117,-1.033,0.083
1635778316002,2021-11-01T10:51:56.002,24.680,-0.120,-1.037,0.082
1635778316012,2021-11-01T10:51:56.012,24.690,-0.125,-1.042,0.079
1635778316022,2021-11-01T10:51:56.022,24.700,-0.136,-1.040,0.077
1635778316032,2021-11-01T10:51:56.032,24.710,-0.148,-1.040,0.072
1635778316042,2021-11-01T10:51:56.042,24.720,-0.157,-1.044,0.074
1635778316052,2021-11-01T10:51:56.052,24.730,-0.160,-1.046,0.074
1635778316062,2021-11-01T10:51:56.062,24.740,-0.158,-1.045,0.074
1635778316072,2021-11-01T10:51:56.072,24.750,-0.159,-1.040,0.074
1635778316082,2021-11-01T10:51:56.082,24.760,-0.156,-1.037,0.074
1635778316092,2021-11-01T10:51:56.092,24.770,-0.157,-1.033,0.075
1635778316102,2021-11-01T10:51:56.102,24.780,-0.163,-1.030,0.070
1635778316112,2021-11-01T10:51:56.112,24.790,-0.170,-1.023,0.063
1635778316122,2021-11-01T10:51:56.122,24.800,-0.174,-1.020,0.059
1635778316132,2021-11-01T10:51:56.132,24.810,-0.176,-1.030,0.055
1635778316142,2021-11-01T10:51:56.142,24.820,-0.181,-1.044,0.056
1635778316152,2021-11-01T10:51:56.152,24.830,-0.184,-1.051,0.059
1635778316162,2021-11-01T10:51:56.162,24.840,-0.180,-1.044,0.061
1635778316172,2021-11-01T10:51:56.172,24.850,-0.179,-1.036,0.068
1635778316182,2021-11-01T10:51:56.182,24.860,-0.174,-1.032,0.068
1635778316192,2021-11-01T10:51:56.192,24.870,-0.177,-1.027,0.066
1635778316202,2021-11-01T10:51:56.202,24.880,-0.178,-1.030,0.064
1635778316212,2021-11-01T10:51:56.212,24.890,-0.179,-1.027,0.061
1635778316222,2021-11-01T10:51:56.222,24.900,-0.177,-1.026,0.052
1635778316232,2021-11-01T10:51:56.232,24.910,-0.176,-1.025,0.052
1635778316242,2021-11-01T10:51:56.242,24.920,-0.180,-1.030,0.050
1635778316252,2021-11-01T10:51:56.252,24.930,-0.184,-1.041,0.047
1635778316262,2021-11-01T10:51:56.262,24.940,-0.182,-1.050,0.051
1635778316272,2021-11-01T10:51:56.272,24.950,-0.170,-1.053,0.059
1635778316282,2021-11-01T10:51:56.282,24.960,-0.170,-1.048,0.059
1635778316292,2021-11-01T10:51:56.292,24.970,-0.173,-1.034,0.055
1635778316302,2021-11-01T10:51:56.302,24.980,-0.184,-1.025,0.054
1635778316312,2021-11-01T10:51:56.312,24.990,-0.191,-1.023,0.050
1635778316322,2021-11-01T10:51:56.322,25.000,-0.198,-1.021,0.047
1635778316332,2021-11-01T10:51:56.332,25.010,-0.197,-1.027,0.043
1635778316342,2021-11-01T10:51:56.342,25.020,-0.195,-1.036,0.042
1635778316352,2021-11-01T10:51:56.352,25.030,-0.197,-1.041,0.040
1635778316362,2021-11-01T10:51:56.362,25.040,-0.192,-1.043,0.042
1635778316372,2021-11-01T10:51:56.372,25.050,-0.196,-1.042,0.038
1635778316382,2021-11-01T10:51:56.382,25.060,-0.200,-1.040,0.042
1635778316392,2021-11-01T10:51:56.392,25.070,-0.203,-1.032,0.042
1635778316402,2021-11-01T10:51:56.402,25.080,-0.212,-1.025,0.035
1635778316412,2021-11-01T10:51:56.412,25.090,-0.215,-1.025,0.033
1635778316422,2021-11-01T10:51:56.422,25.100,-0.218,-1.030,0.028
1635778316432,2021-11-01T10:51:56.432,25.110,-0.216,-1.035,0.026
1635778316442,2021-11-01T10:51:56.442,25.120,-0.209,-1.047,0.035
1635778316452,2021-11-01T10:51:56.452,25.130,-0.200,-1.053,0.039
1635778316462,2021-11-01T10:51:56.462,25.140,-0.203,-1.053,0.040
1635778316472,2021-11-01T10:51:56.472,25.150,-0.203,-1.050,0.052
1635778316482,2021-11-01T10:51:56.482,25.160,-0.198,-1.047,0.054
1635778316492,2021-11-01T10:51:56.492,25.170,-0.199,-1.042,0.053
1635778316502,2021-11-01T10:51:56.502,25.180,-0.206,-1.034,0.046
1635778316512,2021-11-01T10:51:56.512,25.190,-0.207,-1.039,0.039
1635778316522,2021-11-01T10:51:56.522,25.200,-0.210,-1.051,0.041
1635778316532,2021-11-01T10:51:56.532,25.210,-0.208,-1.048,0.042
1635778316542,2021-11-01T10:51:56.542,25.220,-0.199,-1.043,0.041
1635778316552,2021-11-01T10:51:56.552,25.230,-0.192,-1.042,0.039
1635778316562,2021-11-01T10:51:56.562,25.240,-0.187,-1.036,0.039
1635778316572,2021-11-01T10:51:56.572,25.250,-0.182,-1.027,0.034
1635778316582,2021-11-01T10:51:56.582,25.260,-0.182,-1.025,0.034
1635778316592,2021-11-01T10:51:56.592,25.270,-0.184,-1.040,0.033
1635778316602,2021-11-01T10:51:56.602,25.280,-0.184,-1.052,0.034
1635778316612,2021-11-01T10:51:56.612,25.290,-0.188,-1.052,0.030
1635778316622,2021-11-01T10:51:56.622,25.300,-0.188,-1.041,0.029
1635778316632,2021-11-01T10:51:56.632,25.310,-0.187,-1.031,0.025
1635778316642,2021-11-01T10:51:56.642,25.320,-0.186,-1.021,0.021
1635778316652,2021-11-01T10:51:56.652,25.330,-0.192,-1.012,0.010
1635778316662,2021-11-01T10:51:56.662,25.340,-0.189,-1.009,-0.001
1635778316672,2021-11-01T10:51:56.672,25.350,-0.182,-1.015,-0.002
1635778316682,2021-11-01T10:51:56.682,25.360,-0.182,-1.033,-0.007
1635778316692,2021-11-01T10:51:56.692,25.370,-0.179,-1.047,-0.008
1635778316702,2021-11-01T10:51:56.702,25.380,-0.173,-1.042,-0.009
1635778316712,2021-11-01T10:51:56.712,25.390,-0.175,-1.017,-0.008
1635778316722,2021-11-01T10:51:56.722,25.400,-0.170,-1.009,-0.009
1635778316732,2021-11-01T10:51:56.732,25.410,-0.168,-1.008,-0.010
1635778316742,2021-11-01T10:51:56.742,25.420,-0.168,-1.006,-0.013
1635778316752,2021-11-01T10:51:56.752,25.430,-0.165,-1.000,-0.018
1635778316762,2021-11-01T10:51:56.762,25.440,-0.168,-1.000,-0.022
1635778316772,2021-11-01T10:51:56.772,25.450,-0.164,-1.015,-0.021
1635778316782,2021-11-01T10:51:56.782,25.460,-0.161,-1.021,-0.018
1635778316792,2021-11-01T10:51:56.792,25.470,-0.159,-1.021,-0.015
1635778316802,2021-11-01T10:51:56.802,25.480,-0.154,-1.021,-0.011
1635778316812,2021-11-01T10:51:56.812,25.490,-0.152,-1.021,-0.004
1635778316822,2021-11-01T10:51:56.822,25.500,-0.153,-1.017,-0.002
1635778316832,2021-11-01T10:51:56.832,25.510,-0.153,-1.011,-0.002
1635778316842,2021-11-01T10:51:56.842,25.520,-0.153,-1.009,-0.004
1635778316852,2021-11-01T10:51:56.852,25.530,-0.162,-1.011,-0.009
1635778316862,2021-11-01T10:51:56.862,25.540,-0.169,-1.013,-0.010
1635778316872,2021-11-01T10:51:56.872,25.550,-0.171,-1.017,-0.012
1635778316882,2021-11-01T10:51:56.882,25.560,-0.172,-1.026,-0.009
1635778316892,2021-11-01T10:51:56.892,25.570,-0.174,-1.037,-0.008
1635778316902,2021-11-01T10:51:56.902,25.580,-0.180,-1.044,-0.003
1635778316912,2021-11-01T10:51:56.912,25.590,-0.188,-1.043,0.004
1635778316922,2021-11-01T10:51:56.922,25.600,-0.188,-1.035,0.002
1635778316932,2021-11-01T10:51:56.932,25.610,-0.192,-1.033,0.006
1635778316942,2021-11-01T10:51:56.942,25.620,-0.192,-1.032,0.011
1635778316952,2021-11-01T10:51:56.952,25.630,-0.193,-1.038,0.012
1635778316962,2021-11-01T10:51:56.962,25.640,-0.193,-1.041,0.014
1635778316972,2021-11-01T10:51:56.972,25.650,-0.195,-1.040,0.016
1635778316982,2021-11-01T10:51:56.982,25.660,-0.202,-1.040,0.021
1635778316992,2021-11-01T10:51:56.992,25.670,-0.204,-1.041,0.020
1635778317002,2021-11-01T10:51:57.002,25.680,-0.207,-1.042,0.022
1635778317012,2021-11-01T10:51:57.012,25.690,-0.210,-1.041,0.022
1635778317022,2021-11-01T10:51:57.022,25.700,-0.211,-1.040,0.021
1635778317032,2021-11-01T10:51:57.032,25.710,-0.216,-1.036,0.024
1635778317042,2021-11-01T10:51:57.042,25.720,-0.222,-1.037,0.021
1635778317052,2021-11-01T10:51:57.052,25.730,-0.222,-1.028,0.013
1635778317062,2021-11-01T10:51:57.062,25.740,-0.221,-1.018,0.005
1635778317072,2021-11-01T10:51:57.072,25.750,-0.225,-1.025,0.004
1635778317082,2021-11-01T10:51:57.082,25.760,-0.225,-1.040,0.010
1635778317092,2021-11-01T10:51:57.092,25.770,-0.226,-1.044,0.014
1635778317102,2021-11-01T10:51:57.102,25.780,-0.221,-1.041,0.013
1635778317112,2021-11-01T10:51:57.112,25.790,-0.218,-1.032,0.018
1635778317122,2021-11-01T10:51:57.122,25.800,-0.221,-1.025,0.022
1635778317132,2021-11-01T10:51:57.132,25.810,-0.219,-1.025,0.024
1635778317142,2021-11-01T10:51:57.142,25.820,-0.215,-1.023,0.021
1635778317152,2021-11-01T10:51:57.152,25.830,-0.224,-1.025,0.019
1635778317162,2021-11-01T10:51:57.162,25.840,-0.230,-1.024,0.019
1635778317172,2021-11-01T10:51:57.172,25.850,-0.227,-1.033,0.013
1635778317182,2021-11-01T10:51:57.182,25.860,-0.233,-1.039,0.010
1635778317192,2021-11-01T10:51:57.192,25.870,-0.240,-1.031,0.016
1635778317202,2021-11-01T10:51:57.202,25.880,-0.238,-1.023,0.020
1635778317212,2021-11-01T10:51:57.212,25.890,-0.234,-1.031,0.019
1635778317222,2021-11-01T10:51:57.222,25.900,-0.235,-1.035,0.022
1635778317232,2021-11-01T10:51:57.232,25.910,-0.235,-1.030,0.026
1635778317242,2021-11-01T10:51:57.242,25.920,-0.235,-1.018,0.026
1635778317252,2021-11-01T10:51:57.252,25.930,-0.235,-1.018,0.021
1635778317262,2021-11-01T10:51:57.262,25.940,-0.244,-1.032,0.023
1635778317272,2021-11-01T10:51:57.272,25.950,-0.243,-1.041,0.022
1635778317282,2021-11-01T10:51:57.282,25.960,-0.246,-1.040,0.021
1635778317292,2021-11-01T10:51:57.292,25.970,-0.246,-1.036,0.022
1635778317302,2021-11-01T10:51:57.302,25.980,-0.242,-1.031,0.023
1635778317312,2021-11-01T10:51:57.312,25.990,-0.241,-1.029,0.025
1635778317322,2021-11-01T10:51:57.322,26.000,-0.243,-1.029,0.023
1635778317332,2021-11-01T10:51:57.332,26.010,-0.244,-1.026,0.017
1635778317342,2021-11-01T10:51:57.342,26.020,-0.245,-1.019,0.015
1635778317352,2021-11-01T10:51:57.352,26.030,-0.246,-1.021,0.017
1635778317362,2021-11-01T10:51:57.362,26.040,-0.246,-1.028,0.015
1635778317372,2021-11-01T10:51:57.372,26.050,-0.248,-1.026,0.017
1635778317382,2021-11-01T10:51:57.382,26.060,-0.241,-1.019,0.021
1635778317392,2021-11-01T10:51:57.392,26.070,-0.241,-1.016,0.025
1635778317402,2021-11-01T10:51:57.402,26.080,-0.239,-1.009,0.030
1635778317412,2021-11-01T10:51:57.412,26.090,-0.239,-1.017,0.028
1635778317422,2021-11-01T10:51:57.422,26.100,-0.243,-1.023,0.031
1635778317432,2021-11-01T10:51:57.432,26.110,-0.246,-1.030,0.029
1635778317442,2021-11-01T10:51:57.442,26.120,-0.250,-1.033,0.025
1635778317452,2021-11-01T10:51:57.452,26.130,-0.255,-1.035,0.024
1635778317462,2021-11-01T10:51:57.462,26.140,-0.259,-1.032,0.019
1635778317472,2021-11-01T10:51:57.472,26.150,-0.263,-1.035,0.014
1635778317482,2021-11-01T10:51:57.482,26.160,-0.260,-1.038,0.009
1635778317492,2021-11-01T10:51:57.492,26.170,-0.260,-1.028,0.013
1635778317502,2021-11-01T10:51:57.502,26.180,-0.257,-1.022,0.012
1635778317512,2021-11-01T10:51:57.512,26.190,-0.250,-1.031,0.009
1635778317522,2021-11-01T10:51:57.522,26.200,-0.257,-1.039,0.012
1635778317532,2021-11-01T10:51:57.532,26.210,-0.255,-1.033,0.012
1635778317542,2021-11-01T10:51:57.542,26.220,-0.257,-1.023,0.008
1635778317552,2021-11-01T10:51:57.552,26.230,-0.258,-1.017,0.002
1635778317562,2021-11-01T10:51:57.562,26.240,-0.250,-1.016,0.003
1635778317572,2021-11-01T10:51:57.572,26.250,-0.240,-1.031,0.003
1635778317582,2021-11-01T10:51:57.582,26.260,-0.235,-1.041,0.004
1635778317592,2021-11-01T10:51:57.592,26.270,-0.222,-1.036,0.007
1635778317602,2021-11-01T10:51:57.602,26.280,-0.209,-1.023,0.005
1635778317612,2021-11-01T10:51:57.612,26.290,-0.207,-1.009,0.006
1635778317622,2021-11-01T10:51:57.622,26.300,-0.208,-1.005,0.003
1635778317632,2021-11-01T10:51:57.632,26.310,-0.209,-1.015,0.000
1635778317642,2021-11-01T10:51:57.642,26.320,-0.208,-1.020,0.001
1635778317652,2021-11-01T10:51:57.652,26.330,-0.206,-1.013,0.003
1635778317662,2021-11-01T10:51:57.662,26.340,-0.205,-1.009,0.007
1635778317672,2021-11-01T10:51:57.672,26.350,-0.202,-1.017,0.010
1635778317682,2021-11-01T10:51:57.682,26.360,-0.201,-1.026,0.015
1635778317692,2021-11-01T10:51:57.692,26.370,-0.196,-1.023,0.021
1635778317702,2021-11-01T10:51:57.702,26.380,-0.196,-1.019,0.021
1635778317712,2021-11-01T10:51:57.712,26.390,-0.204,-1.019,0.021
1635778317722,2021-11-01T10:51:57.722,26.400,-0.210,-1.022,0.021
1635778317732,2021-11-01T10:51:57.732,26.410,-0.220,-1.031,0.018
1635778317742,2021-11-01T10:51:57.742,26.420,-0.226,-1.041,0.014
1635778317752,2021-11-01T10:51:57.752,26.430,-0.229,-1.037,0.013
1635778317762,2021-11-01T10:51:57.762,26.440,-0.234,-1.027,0.016
1635778317772,2021-11-01T10:51:57.772,26.450,-0.237,-1.026,0.016
1635778317782,2021-11-01T10:51:57.782,26.460,-0.234,-1.032,0.013
1635778317792,2021-11-01T10:51:57.792,26.470,-0.234,-1.037,0.012
1635778317802,2021-11-01T10:51:57.802,26.480,-0.230,-1.041,0.011
1635778317812,2021-11-01T10:51:57.812,26.490,-0.228,-1.039,0.009
1635778317822,2021-11-01T10:51:57.822,26.500,-0.229,-1.033,0.003
1635778317832,2021-11-01T10:51:57.832,26.510,-0.228,-1.033,0.000
1635778317842,2021-11-01T10:51:57.842,26.520,-0.229,-1.034,0.005
1635778317852,2021-11-01T10:51:57.852,26.530,-0.228,-1.040,0.000
1635778317862,2021-11-01T10:51:57.862,26.540,-0.224,-1.036,-0.001
1635778317872,2021-11-01T10:51:57.872,26.550,-0.218,-1.029,0.002
1635778317882,2021-11-01T10:51:57.882,26.560,-0.213,-1.018,0.002
1635778317892,2021-11-01T10:51:57.892,26.570,-0.210,-1.018,0.003
1635778317902,2021-11-01T10:51:57.902,26.580,-0.208,-1.024,0.008
1635778317912,2021-11-01T10:51:57.912,26.590,-0.204,-1.030,0.006
1635778317922,2021-11-01T10:51:57.922,26.600,-0.204,-1.031,0.008
1635778317932,2021-11-01T10:51:57.932,26.610,-0.208,-1.032,0.007
1635778317942,2021-11-01T10:51:57.942,26.620,-0.210,-1.034,0.006
1635778317952,2021-11-01T10:51:57.952,26.630,-0.214,-1.035,0.006
1635778317962,2021-11-01T10:51:57.962,26.640,-0.214,-1.028,0.005
1635778317972,2021-11-01T10:51:57.972,26.650,-0.211,-1.027,0.006
1635778317982,2021-11-01T10:51:57.982,26.660,-0.210,-1.025,0.004
1635778317992,2021-11-01T10:51:57.992,26.670,-0.206,-1.018,0.004
1635778318002,2021-11-01T10:51:58.002,26.680,-0.205,-1.014,0.005
1635778318012,2021-11-01T10:51:58.012,26.690,-0.197,-1.022,0.007
1635778318022,2021-11-01T10:51:58.022,26.700,-0.198,-1.031,0.010
1635778318032,2021-11-01T10:51:58.032,26.710,-0.198,-1.029,0.008
1635778318042,2021-11-01T10:51:58.042,26.720,-0.200,-1.016,0.008
1635778318052,2021-11-01T10:51:58.052,26.730,-0.203,-1.013,0.007
1635778318062,2021-11-01T10:51:58.062,26.740,-0.205,-1.022,0.011
1635778318072,2021-11-01T10:51:58.072,26.750,-0.209,-1.035,0.013
1635778318082,2021-11-01T10:51:58.082,26.760,-0.208,-1.033,0.010
1635778318092,2021-11-01T10:51:58.092,26.770,-0.203,-1.028,0.015
1635778318102,2021-11-01T10:51:58.102,26.780,-0.203,-1.029,0.015
1635778318112,2021-11-01T10:51:58.112,26.790,-0.203,-1.033,0.017
1635778318122,2021-11-01T10:51:58.122,26.800,-0.199,-1.033,0.012
1635778318132,2021-11-01T10:51:58.132,26.810,-0.199,-1.031,0.013
1635778318142,2021-11-01T10:51:58.142,26.820,-0.200,-1.028,0.012
1635778318152,2021-11-01T10:51:58.152,26.830,-0.202,-1.023,0.010
1635778318162,2021-11-01T10:51:58.162,26.840,-0.204,-1.025,0.007
1635778318172,2021-11-01T10:51:58.172,26.850,-0.203,-1.030,0.011
1635778318182,2021-11-01T10:51:58.182,26.860,-0.204,-1.035,0.012
1635778318192,2021-11-01T10:51:58.192,26.870,-0.200,-1.030,0.012
1635778318202,2021-11-01T10:51:58.202,26.880,-0.196,-1.022,0.019
1635778318212,2021-11-01T10:51:58.212,26.890,-0.197,-1.024,0.020
1635778318222,2021-11-01T10:51:58.222,26.900,-0.205,-1.029,0.019
1635778318232,2021-11-01T10:51:58.232,26.910,-0.209,-1.032,0.021
1635778318242,2021-11-01T10:51:58.242,26.920,-0.213,-1.030,0.018
1635778318252,2021-11-01T10:51:58.252,26.930,-0.213,-1.024,0.016
1635778318262,2021-11-01T10:51:58.262,26.940,-0.210,-1.019,0.016
1635778318272,2021-11-01T10:51:58.272,26.950,-0.206,-1.019,0.015
1635778318282,2021-11-01T10:51:58.282,26.960,-0.210,-1.019,0.016
1635778318292,2021-11-01T10:51:58.292,26.970,-0.210,-1.025,0.019
1635778318302,2021-11-01T10:51:58.302,26.980,-0.215,-1.035,0.019
1635778318312,2021-11-01T10:51:58.312,26.990,-0.222,-1.041,0.018
1635778318322,2021-11-01T10:51:58.322,27.000,-0.229,-1.030,0.019
1635778318332,2021-11-01T10:51:58.332,27.010,-0.234,-1.023,0.018
1635778318342,2021-11-01T10:51:58.342,27.020,-0.230,-1.037,0.010
1635778318352,2021-11-01T10:51:58.352,27.030,-0.230,-1.047,0.016
1635778318362,2021-11-01T10:51:58.362,27.040,-0.229,-1.041,0.015
1635778318372,2021-11-01T10:51:58.372,27.050,-0.225,-1.028,0.014
1635778318382,2021-11-01T10:51:58.382,27.060,-0.220,-1.037,0.016
1635778318392,2021-11-01T10:51:58.392,27.070,-0.224,-1.046,0.019
1635778318402,2021-11-01T10:51:58.402,27.080,-0.223,-1.042,0.023
1635778318412,2021-11-01T10:51:58.412,27.090,-0.223,-1.039,0.017
1635778318422,2021-11-01T10:51:58.422,27.100,-0.227,-1.042,0.018
1635778318432,2021-11-01T10:51:58.432,27.110,-0.225,-1.040,0.022
1635778318442,2021-11-01T10:51:58.442,27.120,-0.216,-1.037,0.020
1635778318452,2021-11-01T10:51:58.452,27.130,-0.215,-1.038,0.023
1635778318462,2021-11-01T10:51:58.462,27.140,-0.209,-1.033,0.020
1635778318472,2021-11-01T10:51:58.472,27.150,-0.203,-1.026,0.021
1635778318482,2021-11-01T10:51:58.482,27.160,-0.194,-1.025,0.017
1635778318492,2021-11-01T10:51:58.492,27.170,-0.188,-1.025,0.016
1635778318502,2021-11-01T10:51:58.502,27.180,-0.189,-1.024,0.013
1635778318512,2021-11-01T10:51:58.512,27.190,-0.193,-1.023,0.009
1635778318522,2021-11-01T10:51:58.522,27.200,-0.190,-1.028,0.009
1635778318532,2021-11-01T10:51:58.532,27.210,-0.186,-1.026,0.009
1635778318542,2021-11-01T10:51:58.542,27.220,-0.184,-1.024,0.005
1635778318552,2021-11-01T10:51:58.552,27.230,-0.188,-1.018,-0.000
1635778318562,2021-11-01T10:51:58.562,27.240,-0.188,-1.010,-0.001
1635778318572,2021-11-01T10:51:58.572,27.250,-0.187,-1.012,-0.008
1635778318582,2021-11-01T10:51:58.582,27.260,-0.197,-1.016,-0.008
1635778318592,2021-11-01T10:51:58.592,27.270,-0.208,-1.007,-0.011
1635778318602,2021-11-01T10:51:58.602,27.280,-0.213,-1.004,-0.014
1635778318612,2021-11-01T10:51:58.612,27.290,-0.219,-1.015,-0.013
1635778318622,2021-11-01T10:51:58.622,27.300,-0.217,-1.026,-0.008
1635778318632,2021-11-01T10:51:58.632,27.310,-0.215,-1.033,-0.005
1635778318642,2021-11-01T10:51:58.642,27.320,-0.213,-1.039,-0.006
1635778318652,2021-11-01T10:51:58.652,27.330,-0.215,-1.039,-0.001
1635778318662,2021-11-01T10:51:58.662,27.340,-0.212,-1.038,0.007
1635778318672,2021-11-01T10:51:58.672,27.350,-0.215,-1.034,0.002
1635778318682,2021-11-01T10:51:58.682,27.360,-0.222,-1.032,0.005
1635778318692,2021-11-01T10:51:58.692,27.370,-0.231,-1.034,0.006
1635778318702,2021-11-01T10:51:58.702,27.380,-0.234,-1.036,0.008
1635778318712,2021-11-01T10:51:58.712,27.390,-0.235,-1.037,0.006
1635778318722,2021-11-01T10:51:58.722,27.400,-0.235,-1.036,0.004
1635778318732,2021-11-01T10:51:58.732,27.410,-0.232,-1.031,0.003
1635778318742,2021-11-01T10:51:58.742,27.420,-0.236,-1.021,0.005
1635778318752,2021-11-01T10:51:58.752,27.430,-0.233,-1.024,-0.004
1635778318762,2021-11-01T10:51:58.762,27.440,-0.236,-1.035,-0.004
1635778318772,2021-11-01T10:51:58.772,27.450,-0.236,-1.032,0.002
1635778318782,2021-11-01T10:51:58.782,27.460,-0.233,-1.029,-0.004
1635778318792,2021-11-01T10:51:58.792,27.470,-0.237,-1.034,-0.006
1635778318802,2021-11-01T10:51:58.802,27.480,-0.238,-1.030,0.001
1635778318812,2021-11-01T10:51:58.812,27.490,-0.234,-1.021,0.001
1635778318822,2021-11-01T10:51:58.822,27.500,-0.232,-1.024,-0.003
1635778318832,2021-11-01T10:51:58.832,27.510,-0.231,-1.025,0.005
1635778318842,2021-11-01T10:51:58.842,27.520,-0.221,-1.020,0.001
1635778318852,2021-11-01T10:51:58.852,27.530,-0.222,-1.018,0.003
1635778318862,2021-11-01T10:51:58.862,27.540,-0.222,-1.026,0.005
1635778318872,2021-11-01T10:51:58.872,27.550,-0.223,-1.026,0.007
1635778318882,2021-11-01T10:51:58.882,27.560,-0.224,-1.023,0.004
1635778318892,2021-11-01T10:51:58.892,27.570,-0.220,-1.023,0.006
1635778318902,2021-11-01T10:51:58.902,27.580,-0.221,-1.029,0.007
1635778318912,2021-11-01T10:51:58.912,27.590,-0.222,-1.034,0.006
1635778318922,2021-11-01T10:51:58.922,27.600,-0.225,-1.030,0.005
1635778318932,2021-11-01T10:51:58.932,27.610,-0.222,-1.029,0.006
1635778318942,2021-11-01T10:51:58.942,27.620,-0.217,-1.027,0.012
1635778318952,2021-11-01T10:51:58.952,27.630,-0.215,-1.025,0.011
1635778318962,2021-11-01T10:51:58.962,27.640,-0.219,-1.022,0.011
1635778318972,2021-11-01T10:51:58.972,27.650,-0.222,-1.021,0.007
1635778318982,2021-11-01T10:51:58.982,27.660,-0.223,-1.023,0.001
1635778318992,2021-11-01T10:51:58.992,27.670,-0.222,-1.022,0.002
1635778319002,2021-11-01T10:51:59.002,27.680,-0.214,-1.019,0.001
1635778319012,2021-11-01T10:51:59.012,27.690,-0.214,-1.019,0.002
1635778319022,2021-11-01T10:51:59.022,27.700,-0.210,-1.024,-0.000
1635778319032,2021-11-01T10:51:59.032,27.710,-0.210,-1.032,-0.000
1635778319042,2021-11-01T10:51:59.042,27.720,-0.211,-1.033,-0.001
1635778319052,2021-11-01T10:51:59.052,27.730,-0.209,-1.041,0.000
1635778319062,2021-11-01T10:51:59.062,27.740,-0.203,-1.049,-0.001
1635778319072,2021-11-01T10:51:59.072,27.750,-0.193,-1.053,-0.000
1635778319082,2021-11-01T10:51:59.082,27.760,-0.181,-1.057,0.000
1635778319092,2021-11-01T10:51:59.092,27.770,-0.164,-1.060,0.002
1635778319102,2021-11-01T10:51:59.102,27.780,-0.151,-1.052,0.008
1635778319112,2021-11-01T10:51:59.112,27.790,-0.143,-1.040,0.012
1635778319122,2021-11-01T10:51:59.122,27.800,-0.135,-1.024,0.015
1635778319132,2021-11-01T10:51:59.132,27.810,-0.124,-1.017,0.016
1635778319142,2021-11-01T10:51:59.142,27.820,-0.113,-1.029,0.015
1635778319152,2021-11-01T10:51:59.152,27.830,-0.109,-1.044,0.020
1635778319162,2021-11-01T10:51:59.162,27.840,-0.104,-1.047,0.019
1635778319172,2021-11-01T10:51:59.172,27.850,-0.101,-1.041,0.025
1635778319182,2021-11-01T10:51:59.182,27.860,-0.093,-1.027,0.033
1635778319192,2021-11-01T10:51:59.192,27.870,-0.086,-1.016,0.035
1635778319202,2021-11-01T10:51:59.202,27.880,-0.079,-1.006,0.041
1635778319212,2021-11-01T10:51:59.212,27.890,-0.073,-0.991,0.045
1635778319222,2021-11-01T10:51:59.222,27.900,-0.070,-0.976,0.055
1635778319232,2021-11-01T10:51:59.232,27.910,-0.063,-0.990,0.050
1635778319242,2021-11-01T10:51:59.242,27.920,-0.064,-1.019,0.051
1635778319252,2021-11-01T10:51:59.252,27.930,-0.064,-1.034,0.053
1635778319262,2021-11-01T10:51:59.262,27.940,-0.057,-1.031,0.051
1635778319272,2021-11-01T10:51:59.272,27.950,-0.054,-1.018,0.046
1635778319282,2021-11-01T10:51:59.282,27.960,-0.060,-1.013,0.042
1635778319292,2021-11-01T10:51:59.292,27.970,-0.055,-1.009,0.043
1635778319302,2021-11-01T10:51:59.302,27.980,-0.053,-0.990,0.043
1635778319312,2021-11-01T10:51:59.312,27.990,-0.056,-0.984,0.037
1635778319322,2021-11-01T10:51:59.322,28.000,-0.066,-1.006,0.031
1635778319332,2021-11-01T10:51:59.332,28.010,-0.069,-1.032,0.027
1635778319342,2021-11-01T10:51:59.342,28.020,-0.060,-1.058,0.017
1635778319352,2021-11-01T10:51:59.352,28.030,-0.057,-1.071,0.012
1635778319362,2021-11-01T10:51:59.362,28.040,-0.054,-1.072,0.004
1635778319372,2021-11-01T10:51:59.372,28.050,-0.040,-1.070,0.000
1635778319382,2021-11-01T10:51:59.382,28.060,-0.032,-1.050,-0.008
1635778319392,2021-11-01T10:51:59.392,28.070,-0.029,-1.012,-0.016
1635778319402,2021-11-01T10:51:59.402,28.080,-0.030,-0.984,-0.024
1635778319412,2021-11-01T10:51:59.412,28.090,-0.031,-0.973,-0.032
1635778319422,2021-11-01T10:51:59.422,28.100,-0.029,-0.968,-0.033
1635778319432,2021-11-01T10:51:59.432,28.110,-0.035,-0.956,-0.044
1635778319442,2021-11-01T10:51:59.442,28.120,-0.034,-0.946,-0.050
1635778319452,2021-11-01T10:51:59.452,28.130,-0.032,-0.945,-0.053
1635778319462,2021-11-01T10:51:59.462,28.140,-0.031,-0.936,-0.055
1635778319472,2021-11-01T10:51:59.472,28.150,-0.029,-0.913,-0.053
1635778319482,2021-11-01T10:51:59.482,28.160,-0.018,-0.887,-0.042
1635778319492,2021-11-01T10:51:59.492,28.170,-0.012,-0.878,-0.036
1635778319502,2021-11-01T10:51:59.502,28.180,-0.018,-0.878,-0.034
1635778319512,2021-11-01T10:51:59.512,28.190,-0.054,-0.876,-0.044
1635778319522,2021-11-01T10:51:59.522,28.200,-0.133,-0.840,-0.056
1635778319532,2021-11-01T10:51:59.532,28.210,-0.238,-0.783,-0.055
1635778319542,2021-11-01T10:51:59.542,28.220,-0.293,-0.759,-0.028
1635778319552,2021-11-01T10:51:59.552,28.230,-0.260,-0.827,0.012
1635778319562,2021-11-01T10:51:59.562,28.240,-0.209,-0.959,0.024
1635778319572,2021-11-01T10:51:59.572,28.250,-0.191,-1.036,0.021
1635778319582,2021-11-01T10:51:59.582,28.260,-0.190,-1.026,0.000
1635778319592,2021-11-01T10:51:59.592,28.270,-0.207,-0.969,-0.008
1635778319602,2021-11-01T10:51:59.602,28.280,-0.243,-0.906,-0.005
1635778319612,2021-11-01T10:51:59.612,28.290,-0.292,-0.857,0.004
1635778319622,2021-11-01T10:51:59.622,28.300,-0.335,-0.823,0.019
1635778319632,2021-11-01T10:51:59.632,28.310,-0.354,-0.796,0.040
1635778319642,2021-11-01T10:51:59.642,28.320,-0.364,-0.767,0.049
1635778319652,2021-11-01T10:51:59.652,28.330,-0.381,-0.756,0.036
1635778319662,2021-11-01T10:51:59.662,28.340,-0.429,-0.772,0.011
1635778319672,2021-11-01T10:51:59.672,28.350,-0.521,-0.816,-0.022
1635778319682,2021-11-01T10:51:59.682,28.360,-0.634,-0.882,-0.042
1635778319692,2021-11-01T10:51:59.692,28.370,-0.728,-0.979,-0.035
1635778319702,2021-11-01T10:51:59.702,28.380,-0.791,-1.072,0.024
1635778319712,2021-11-01T10:51:59.712,28.390,-0.804,-1.107,0.084
1635778319722,2021-11-01T10:51:59.722,28.400,-0.816,-1.003,0.088
1635778319732,2021-11-01T10:51:59.732,28.410,-0.856,-0.833,0.033
1635778319742,2021-11-01T10:51:59.742,28.420,-0.893,-0.780,-0.037
1635778319752,2021-11-01T10:51:59.752,28.430,-0.940,-0.882,-0.039
1635778319762,2021-11-01T10:51:59.762,28.440,-0.967,-1.049,0.012
1635778319772,2021-11-01T10:51:59.772,28.450,-0.977,-1.156,0.073
1635778319782,2021-11-01T10:51:59.782,28.460,-0.988,-1.140,0.119
1635778319792,2021-11-01T10:51:59.792,28.470,-0.979,-1.079,0.123
1635778319802,2021-11-01T10:51:59.802,28.480,-0.974,-1.036,0.123
1635778319812,2021-11-01T10:51:59.812,28.490,-0.988,-1.038,0.108
1635778319822,2021-11-01T10:51:59.822,28.500,-0.993,-1.051,0.096
1635778319832,2021-11-01T10:51:59.832,28.510,-1.001,-1.082,0.116
1635778319842,2021-11-01T10:51:59.842,28.520,-1.032,-1.132,0.151
1635778319852,2021-11-01T10:51:59.852,28.530,-1.084,-1.158,0.188
1635778319862,2021-11-01T10:51:59.862,28.540,-1.134,-1.163,0.208
1635778319872,2021-11-01T10:51:59.872,28.550,-1.183,-1.116,0.199
1635778319882,2021-11-01T10:51:59.882,28.560,-1.221,-1.013,0.161
1635778319892,2021-11-01T10:51:59.892,28.570,-1.204,-0.974,0.121
1635778319902,2021-11-01T10:51:59.902,28.580,-1.164,-1.031,0.134
1635778319912,2021-11-01T10:51:59.912,28.590,-1.119,-1.083,0.177
1635778319922,2021-11-01T10:51:59.922,28.600,-1.060,-1.076,0.204
1635778319932,2021-11-01T10:51:59.932,28.610,-1.012,-1.048,0.208
1635778319942,2021-11-01T10:51:59.942,28.620,-0.996,-0.960,0.189
1635778319952,2021-11-01T10:51:59.952,28.630,-0.996,-0.858,0.143
1635778319962,2021-11-01T10:51:59.962,28.640,-0.987,-0.829,0.099
1635778319972,2021-11-01T10:51:59.972,28.650,-0.959,-0.851,0.093
1635778319982,2021-11-01T10:51:59.982,28.660,-0.941,-0.874,0.098
1635778319992,2021-11-01T10:51:59.992,28.670,-0.917,-0.879,0.105
1635778320002,2021-11-01T10:52:00.002,28.680,-0.883,-0.912,0.127
1635778320012,2021-11-01T10:52:00.012,28.690,-0.867,-0.958,0.134
1635778320022,2021-11-01T10:52:00.022,28.700,-0.855,-0.958,0.138
1635778320032,2021-11-01T10:52:00.032,28.710,-0.823,-0.923,0.125
1635778320042,2021-11-01T10:52:00.042,28.720,-0.794,-0.874,0.116
1635778320052,2021-11-01T10:52:00.052,28.730,-0.773,-0.833,0.087
1635778320062,2021-11-01T10:52:00.062,28.740,-0.748,-0.807,0.066
1635778320072,2021-11-01T10:52:00.072,28.750,-0.729,-0.821,0.073
1635778320082,2021-11-01T10:52:00.082,28.760,-0.730,-0.855,0.089
1635778320092,2021-11-01T10:52:00.092,28.770,-0.743,-0.870,0.115
1635778320102,2021-11-01T10:52:00.102,28.780,-0.745,-0.883,0.128
1635778320112,2021-11-01T10:52:00.112,28.790,-0.754,-0.893,0.127
1635778320122,2021-11-01T10:52:00.122,28.800,-0.769,-0.875,0.125
1635778320132,2021-11-01T10:52:00.132,28.810,-0.773,-0.853,0.106
1635778320142,2021-11-01T10:52:00.142,28.820,-0.770,-0.843,0.091
1635778320152,2021-11-01T10:52:00.152,28.830,-0.757,-0.853,0.090
1635778320162,2021-11-01T10:52:00.162,28.840,-0.757,-0.857,0.106
1635778320172,2021-11-01T10:52:00.172,28.850,-0.782,-0.879,0.117
1635778320182,2021-11-01T10:52:00.182,28.860,-0.801,-0.913,0.122
1635778320192,2021-11-01T10:52:00.192,28.870,-0.805,-0.916,0.129
1635778320202,2021-11-01T10:52:00.202,28.880,-0.814,-0.902,0.128
1635778320212,2021-11-01T10:52:00.212,28.890,-0.812,-0.892,0.130
1635778320222,2021-11-01T10:52:00.222,28.900,-0.796,-0.883,0.135
1635778320232,2021-11-01T10:52:00.232,28.910,-0.792,-0.892,0.136
1635778320242,2021-11-01T10:52:00.242,28.920,-0.790,-0.923,0.143
1635778320252,2021-11-01T10:52:00.252,28.930,-0.789,-0.953,0.152
1635778320262,2021-11-01T10:52:00.262,28.940,-0.785,-0.970,0.154
1635778320272,2021-11-01T10:52:00.272,28.950,-0.786,-0.954,0.150
1635778320282,2021-11-01T10:52:00.282,28.960,-0.794,-0.901,0.133
1635778320292,2021-11-01T10:52:00.292,28.970,-0.796,-0.854,0.113
1635778320302,2021-11-01T10:52:00.302,28.980,-0.775,-0.857,0.104
1635778320312,2021-11-01T10:52:00.312,28.990,-0.754,-0.866,0.106
1635778320322,2021-11-01T10:52:00.322,29.000,-0.730,-0.838,0.123
1635778320332,2021-11-01T10:52:00.332,29.010,-0.715,-0.817,0.139
1635778320342,2021-11-01T10:52:00.342,29.020,-0.702,-0.830,0.150
1635778320352,2021-11-01T10:52:00.352,29.030,-0.680,-0.857,0.152
1635778320362,2021-11-01T10:52:00.362,29.040,-0.677,-0.841,0.139
1635778320372,2021-11-01T10:52:00.372,29.050,-0.673,-0.790,0.114
1635778320382,2021-11-01T10:52:00.382,29.060,-0.641,-0.764,0.085
1635778320392,2021-11-01T10:52:00.392,29.070,-0.618,-0.748,0.073
1635778320402,2021-11-01T10:52:00.402,29.080,-0.595,-0.732,0.061
1635778320412,2021-11-01T10:52:00.412,29.090,-0.568,-0.717,0.057
1635778320422,2021-11-01T10:52:00.422,29.100,-0.549,-0.703,0.061
1635778320432,2021-11-01T10:52:00.432,29.110,-0.530,-0.697,0.070
1635778320442,2021-11-01T10:52:00.442,29.120,-0.522,-0.702,0.084
1635778320452,2021-11-01T10:52:00.452,29.130,-0.505,-0.710,0.090
1635778320462,2021-11-01T10:52:00.462,29.140,-0.492,-0.715,0.088
1635778320472,2021-11-01T10:52:00.472,29.150,-0.485,-0.707,0.080
1635778320482,2021-11-01T10:52:00.482,29.160,-0.465,-0.695,0.057
1635778320492,2021-11-01T10:52:00.492,29.170,-0.437,-0.695,0.044
1635778320502,2021-11-01T10:52:00.502,29.180,-0.413,-0.694,0.036
1635778320512,2021-11-01T10:52:00.512,29.190,-0.399,-0.667,0.045
1635778320522,2021-11-01T10:52:00.522,29.200,-0.395,-0.640,0.055
1635778320532,2021-11-01T10:52:00.532,29.210,-0.388,-0.646,0.072
1635778320542,2021-11-01T10:52:00.542,29.220,-0.378,-0.693,0.088
1635778320552,2021-11-01T10:52:00.552,29.230,-0.374,-0.731,0.096
1635778320562,2021-11-01T10:52:00.562,29.240,-0.378,-0.715,0.099
1635778320572,2021-11-01T10:52:00.572,29.250,-0.367,-0.681,0.082
1635778320582,2021-11-01T10:52:00.582,29.260,-0.357,-0.680,0.063
1635778320592,2021-11-01T10:52:00.592,29.270,-0.345,-0.707,0.057
1635778320602,2021-11-01T10:52:00.602,29.280,-0.329,-0.730,0.042
1635778320612,2021-11-01T10:52:00.612,29.290,-0.311,-0.730,0.033
1635778320622,2021-11-01T10:52:00.622,29.300,-0.307,-0.712,0.025
1635778320632,2021-11-01T10:52:00.632,29.310,-0.317,-0.709,0.016
1635778320642,2021-11-01T10:52:00.642,29.320,-0.338,-0.732,0.006
1635778320652,2021-11-01T10:52:00.652,29.330,-0.360,-0.751,-0.000
1635778320662,2021-11-01T10:52:00.662,29.340,-0.362,-0.757,-0.011
1635778320672,2021-11-01T10:52:00.672,29.350,-0.354,-0.769,-0.021
1635778320682,2021-11-01T10:52:00.682,29.360,-0.347,-0.791,-0.021
1635778320692,2021-11-01T10:52:00.692,29.370,-0.332,-0.811,-0.020
1635778320702,2021-11-01T10:52:00.702,29.380,-0.312,-0.820,-0.023
1635778320712,2021-11-01T10:52:00.712,29.390,-0.293,-0.828,-0.029
1635778320722,2021-11-01T10:52:00.722,29.400,-0.275,-0.841,-0.027
1635778320732,2021-11-01T10:52:00.732,29.410,-0.253,-0.851,-0.014
1635778320742,2021-11-01T10:52:00.742,29.420,-0.228,-0.863,-0.007
1635778320752,2021-11-01T10:52:00.752,29.430,-0.212,-0.871,-0.004
1635778320762,2021-11-01T10:52:00.762,29.440,-0.203,-0.868,-0.000
1635778320772,2021-11-01T10:52:00.772,29.450,-0.200,-0.865,-0.005
1635778320782,2021-11-01T10:52:00.782,29.460,-0.203,-0.864,-0.008
1635778320792,2021-11-01T10:52:00.792,29.470,-0.199,-0.870,-0.009
1635778320802,2021-11-01T10:52:00.802,29.480,-0.198,-0.882,-0.012
1635778320812,2021-11-01T10:52:00.812,29.490,-0.203,-0.896,-0.019
1635778320822,2021-11-01T10:52:00.822,29.500,-0.204,-0.905,-0.017
1635778320832,2021-11-01T10:52:00.832,29.510,-0.200,-0.917,-0.021
1635778320842,2021-11-01T10:52:00.842,29.520,-0.197,-0.928,-0.022
1635778320852,2021-11-01T10:52:00.852,29.530,-0.185,-0.933,-0.025
1635778320862,2021-11-01T10:52:00.862,29.540,-0.180,-0.943,-0.029
1635778320872,2021-11-01T10:52:00.872,29.550,-0.184,-0.954,-0.032
1635778320882,2021-11-01T10:52:00.882,29.560,-0.192,-0.964,-0.043
1635778320892,2021-11-01T10:52:00.892,29.570,-0.204,-0.973,-0.047
1635778320902,2021-11-01T10:52:00.902,29.580,-0.215,-0.961,-0.048
1635778320912,2021-11-01T10:52:00.912,29.590,-0.218,-0.941,-0.050
1635778320922,2021-11-01T10:52:00.922,29.600,-0.222,-0.940,-0.049
1635778320932,2021-11-01T10:52:00.932,29.610,-0.221,-0.968,-0.052
1635778320942,2021-11-01T10:52:00.942,29.620,-0.211,-1.016,-0.049
1635778320952,2021-11-01T10:52:00.952,29.630,-0.209,-1.056,-0.043
1635778320962,2021-11-01T10:52:00.962,29.640,-0.214,-1.053,-0.037
1635778320972,2021-11-01T10:52:00.972,29.650,-0.216,-1.021,-0.027
1635778320982,2021-11-01T10:52:00.982,29.660,-0.221,-1.010,-0.020
1635778320992,2021-11-01T10:52:00.992,29.670,-0.229,-1.009,-0.012
1635778321002,2021-11-01T10:52:01.002,29.680,-0.237,-1.005,-0.009
1635778321012,2021-11-01T10:52:01.012,29.690,-0.246,-0.999,-0.005
1635778321022,2021-11-01T10:52:01.022,29.700,-0.245,-1.011,-0.006
1635778321032,2021-11-01T10:52:01.032,29.710,-0.243,-1.036,-0.008
1635778321042,2021-11-01T10:52:01.042,29.720,-0.242,-1.045,-0.005
1635778321052,2021-11-01T10:52:01.052,29.730,-0.239,-1.038,-0.007
1635778321062,2021-11-01T10:52:01.062,29.740,-0.234,-1.022,-0.003
1635778321072,2021-11-01T10:52:01.072,29.750,-0.232,-1.014,-0.005
1635778321082,2021-11-01T10:52:01.082,29.760,-0.234,-1.025,-0.007
1635778321092,2021-11-01T10:52:01.092,29.770,-0.228,-1.042,-0.008
1635778321102,2021-11-01T10:52:01.102,29.780,-0.225,-1.049,-0.007
1635778321112,2021-11-01T10:52:01.112,29.790,-0.221,-1.039,-0.006
1635778321122,2021-11-01T10:52:01.122,29.800,-0.217,-1.021,-0.008
1635778321132,2021-11-01T10:52:01.132,29.810,-0.208,-1.010,-0.011
1635778321142,2021-11-01T10:52:01.142,29.820,-0.206,-1.012,-0.008
1635778321152,2021-11-01T10:52:01.152,29.830,-0.203,-1.008,-0.008
1635778321162,2021-11-01T10:52:01.162,29.840,-0.208,-0.997,-0.018
1635778321172,2021-11-01T10:52:01.172,29.850,-0.212,-0.988,-0.025
1635778321182,2021-11-01T10:52:01.182,29.860,-0.218,-1.002,-0.032
1635778321192,2021-11-01T10:52:01.192,29.870,-0.227,-1.016,-0.036
1635778321202,2021-11-01T10:52:01.202,29.880,-0.230,-1.021,-0.036
1635778321212,2021-11-01T10:52:01.212,29.890,-0.227,-1.017,-0.036
1635778321222,2021-11-01T10:52:01.222,29.900,-0.226,-1.015,-0.038
1635778321232,2021-11-01T10:52:01.232,29.910,-0.224,-1.013,-0.032
1635778321242,2021-11-01T10:52:01.242,29.920,-0.221,-1.011,-0.029
1635778321252,2021-11-01T10:52:01.252,29.930,-0.221,-1.008,-0.030
1635778321262,2021-11-01T10:52:01.262,29.940,-0.220,-1.011,-0.028
1635778321272,2021-11-01T10:52:01.272,29.950,-0.221,-1.017,-0.030
1635778321282,2021-11-01T10:52:01.282,29.960,-0.217,-1.021,-0.031
1635778321292,2021-11-01T10:52:01.292,29.970,-0.219,-1.021,-0.030
1635778321302,2021-11-01T10:52:01.302,29.980,-0.224,-1.016,-0.031
1635778321312,2021-11-01T10:52:01.312,29.990,-0.222,-1.017,-0.031
1635778321322,2021-11-01T10:52:01.322,30.000,-0.222,-1.020,-0.030
1635778321332,2021-11-01T10:52:01.332,30.010,-0.224,-1.017,-0.030
1635778321342,2021-11-01T10:52:01.342,30.020,-0.223,-1.016,-0.030
1635778321352,2021-11-01T10:52:01.352,30.030,-0.217,-1.016,-0.032
1635778321362,2021-11-01T10:52:01.362,30.040,-0.221,-1.024,-0.032
1635778321372,2021-11-01T10:52:01.372,30.050,-0.230,-1.021,-0.030
1635778321382,2021-11-01T10:52:01.382,30.060,-0.231,-1.006,-0.034
1635778321392,2021-11-01T10:52:01.392,30.070,-0.226,-0.995,-0.033
1635778321402,2021-11-01T10:52:01.402,30.080,-0.230,-1.004,-0.036
1635778321412,2021-11-01T10:52:01.412,30.090,-0.238,-1.022,-0.033
1635778321422,2021-11-01T10:52:01.422,30.100,-0.237,-1.036,-0.035
1635778321432,2021-11-01T10:52:01.432,30.110,-0.236,-1.035,-0.042
1635778321442,2021-11-01T10:52:01.442,30.120,-0.242,-1.025,-0.042
1635778321452,2021-11-01T10:52:01.452,30.130,-0.248,-1.023,-0.047
1635778321462,2021-11-01T10:52:01.462,30.140,-0.249,-1.021,-0.048
1635778321472,2021-11-01T10:52:01.472,30.150,-0.250,-1.013,-0.046
1635778321482,2021-11-01T10:52:01.482,30.160,-0.253,-1.012,-0.048
1635778321492,2021-11-01T10:52:01.492,30.170,-0.253,-1.022,-0.048
1635778321502,2021-11-01T10:52:01.502,30.180,-0.252,-1.031,-0.045
1635778321512,2021-11-01T10:52:01.512,30.190,-0.246,-1.032,-0.042
1635778321522,2021-11-01T10:52:01.522,30.200,-0.243,-1.029,-0.039
1635778321532,2021-11-01T10:52:01.532,30.210,-0.239,-1.024,-0.040
1635778321542,2021-11-01T10:52:01.542,30.220,-0.235,-1.021,-0.035
1635778321552,2021-11-01T10:52:01.552,30.230,-0.239,-1.009,-0.029
1635778321562,2021-11-01T10:52:01.562,30.240,-0.241,-1.002,-0.030
1635778321572,2021-11-01T10:52:01.572,30.250,-0.241,-1.007,-0.035
1635778321582,2021-11-01T10:52:01.582,30.260,-0.241,-1.013,-0.036
1635778321592,2021-11-01T10:52:01.592,30.270,-0.242,-1.018,-0.034
1635778321602,2021-11-01T10:52:01.602,30.280,-0.241,-1.024,-0.032
1635778321612,2021-11-01T10:52:01.612,30.290,-0.234,-1.029,-0.032
1635778321622,2021-11-01T10:52:01.622,30.300,-0.237,-1.028,-0.033
1635778321632,2021-11-01T10:52:01.632,30.310,-0.236,-1.019,-0.028
1635778321642,2021-11-01T10:52:01.642,30.320,-0.240,-1.010,-0.032
1635778321652,2021-11-01T10:52:01.652,30.330,-0.242,-1.008,-0.035
1635778321662,2021-11-01T10:52:01.662,30.340,-0.244,-1.015,-0.032
1635778321672,2021-11-01T10:52:01.672,30.350,-0.247,-1.024,-0.029
1635778321682,2021-11-01T10:52:01.682,30.360,-0.252,-1.024,-0.031
1635778321692,2021-11-01T10:52:01.692,30.370,-0.253,-1.015,-0.029
1635778321702,2021-11-01T10:52:01.702,30.380,-0.252,-1.020,-0.023
1635778321712,2021-11-01T10:52:01.712,30.390,-0.260,-1.028,-0.024
1635778321722,2021-11-01T10:52:01.722,30.400,-0.261,-1.021,-0.028
1635778321732,2021-11-01T10:52:01.732,30.410,-0.264,-1.012,-0.027
1635778321742,2021-11-01T10:52:01.742,30.420,-0.269,-1.011,-0.028
1635778321752,2021-11-01T10:52:01.752,30.430,-0.271,-1.021,-0.029
1635778321762,2021-11-01T10:52:01.762,30.440,-0.274,-1.026,-0.027
1635778321772,2021-11-01T10:52:01.772,30.450,-0.272,-1.026,-0.025
1635778321782,2021-11-01T10:52:01.782,30.460,-0.268,-1.027,-0.023
1635778321792,2021-11-01T10:52:01.792,30.470,-0.262,-1.031,-0.022
1635778321802,2021-11-01T10:52:01.802,30.480,-0.262,-1.029,-0.019
1635778321812,2021-11-01T10:52:01.812,30.490,-0.260,-1.022,-0.017
1635778321822,2021-11-01T10:52:01.822,30.500,-0.256,-1.024,-0.016
1635778321832,2021-11-01T10:52:01.832,30.510,-0.256,-1.030,-0.016
1635778321842,2021-11-01T10:52:01.842,30.520,-0.256,-1.029,-0.015
1635778321852,2021-11-01T10:52:01.852,30.530,-0.254,-1.036,-0.021
1635778321862,2021-11-01T10:52:01.862,30.540,-0.255,-1.041,-0.022
1635778321872,2021-11-01T10:52:01.872,30.550,-0.258,-1.030,-0.026
1635778321882,2021-11-01T10:52:01.882,30.560,-0.256,-1.013,-0.023
1635778321892,2021-11-01T10:52:01.892,30.570,-0.253,-1.001,-0.025
1635778321902,2021-11-01T10:52:01.902,30.580,-0.254,-1.007,-0.030
1635778321912,2021-11-01T10:52:01.912,30.590,-0.250,-1.021,-0.027
1635778321922,2021-11-01T10:52:01.922,30.600,-0.247,-1.030,-0.025
1635778321932,2021-11-01T10:52:01.932,30.610,-0.245,-1.032,-0.022
1635778321942,2021-11-01T10:52:01.942,30.620,-0.246,-1.030,-0.020
1635778321952,2021-11-01T10:52:01.952,30.630,-0.241,-1.027,-0.021
1635778321962,2021-11-01T10:52:01.962,30.640,-0.243,-1.021,-0.023
1635778321972,2021-11-01T10:52:01.972,30.650,-0.248,-1.013,-0.024
1635778321982,2021-11-01T10:52:01.982,30.660,-0.252,-1.008,-0.024
1635778321992,2021-11-01T10:52:01.992,30.670,-0.247,-1.001,-0.020
1635778322002,2021-11-01T10:52:02.002,30.680,-0.246,-1.005,-0.022
1635778322012,2021-11-01T10:52:02.012,30.690,-0.243,-1.022,-0.024
1635778322022,2021-11-01T10:52:02.022,30.700,-0.242,-1.030,-0.023
1635778322032,2021-11-01T10:52:02.032,30.710,-0.242,-1.028,-0.024
1635778322042,2021-11-01T10:52:02.042,30.720,-0.240,-1.030,-0.024
1635778322052,2021-11-01T10:52:02.052,30.730,-0.241,-1.034,-0.028
1635778322062,2021-11-01T10:52:02.062,30.740,-0.240,-1.034,-0.022
1635778322072,2021-11-01T10:52:02.072,30.750,-0.237,-1.029,-0.019
1635778322082,2021-11-01T10:52:02.082,30.760,-0.234,-1.023,-0.017
1635778322092,2021-11-01T10:52:02.092,30.770,-0.228,-1.018,-0.012
1635778322102,2021-11-01T10:52:02.102,30.780,-0.220,-1.021,-0.012
1635778322112,2021-11-01T10:52:02.112,30.790,-0.215,-1.023,-0.015
1635778322122,2021-11-01T10:52:02.122,30.800,-0.212,-1.021,-0.015
1635778322132,2021-11-01T10:52:02.132,30.810,-0.214,-1.022,-0.014
1635778322142,2021-11-01T10:52:02.142,30.820,-0.210,-1.026,-0.014
1635778322152,2021-11-01T10:52:02.152,30.830,-0.207,-1.028,-0.021
1635778322162,2021-11-01T10:52:02.162,30.840,-0.214,-1.026,-0.021
1635778322172,2021-11-01T10:52:02.172,30.850,-0.220,-1.019,-0.019
1635778322182,2021-11-01T10:52:02.182,30.860,-0.220,-1.016,-0.018
1635778322192,2021-11-01T10:52:02.192,30.870,-0.218,-1.023,-0.019
1635778322202,2021-11-01T10:52:02.202,30.880,-0.219,-1.027,-0.014
1635778322212,2021-11-01T10:52:02.212,30.890,-0.216,-1.020,-0.013
1635778322222,2021-11-01T10:52:02.222,30.900,-0.212,-1.019,-0.011
1635778322232,2021-11-01T10:52:02.232,30.910,-0.209,-1.029,-0.013
1635778322242,2021-11-01T10:52:02.242,30.920,-0.212,-1.032,-0.012
1635778322252,2021-11-01T10:52:02.252,30.930,-0.215,-1.023,-0.009
1635778322262,2021-11-01T10:52:02.262,30.940,-0.219,-1.023,-0.013
1635778322272,2021-11-01T10:52:02.272,30.950,-0.216,-1.037,-0.012
1635778322282,2021-11-01T10:52:02.282,30.960,-0.213,-1.047,-0.009
1635778322292,2021-11-01T10:52:02.292,30.970,-0.212,-1.041,-0.012
1635778322302,2021-11-01T10:52:02.302,30.980,-0.210,-1.033,-0.014
1635778322312,2021-11-01T10:52:02.312,30.990,-0.210,-1.028,-0.012
1635778322322,2021-11-01T10:52:02.322,31.000,-0.208,-1.021,-0.013
1635778322332,2021-11-01T10:52:02.332,31.010,-0.202,-1.013,-0.017
1635778322342,2021-11-01T10:52:02.342,31.020,-0.204,-1.021,-0.018
1635778322352,2021-11-01T10:52:02.352,31.030,-0.206,-1.027,-0.016
1635778322362,2021-11-01T10:52:02.362,31.040,-0.202,-1.032,-0.021
1635778322372,2021-11-01T10:52:02.372,31.050,-0.201,-1.030,-0.021
1635778322382,2021-11-01T10:52:02.382,31.060,-0.197,-1.032,-0.019
1635778322392,2021-11-01T10:52:02.392,31.070,-0.196,-1.030,-0.019
1635778322402,2021-11-01T10:52:02.402,31.080,-0.194,-1.026,-0.021
1635778322412,2021-11-01T10:52:02.412,31.090,-0.194,-1.019,-0.021
1635778322422,2021-11-01T10:52:02.422,31.100,-0.199,-1.011,-0.018
1635778322432,2021-11-01T10:52:02.432,31.110,-0.199,-1.006,-0.017
1635778322442,2021-11-01T10:52:02.442,31.120,-0.197,-1.008,-0.019
1635778322452,2021-11-01T10:52:02.452,31.130,-0.198,-1.016,-0.019
1635778322462,2021-11-01T10:52:02.462,31.140,-0.200,-1.031,-0.020
1635778322472,2021-11-01T10:52:02.472,31.150,-0.200,-1.037,-0.018
1635778322482,2021-11-01T10:52:02.482,31.160,-0.201,-1.032,-0.017
1635778322492,2021-11-01T10:52:02.492,31.170,-0.206,-1.026,-0.013
1635778322502,2021-11-01T10:52:02.502,31.180,-0.205,-1.023,-0.013
1635778322512,2021-11-01T10:52:02.512,31.190,-0.208,-1.021,-0.013
1635778322522,2021-11-01T10:52:02.522,31.200,-0.209,-1.011,-0.008
1635778322532,2021-11-01T10:52:02.532,31.210,-0.210,-1.009,-0.008
1635778322542,2021-11-01T10:52:02.542,31.220,-0.211,-1.020,-0.009
1635778322552,2021-11-01T10:52:02.552,31.230,-0.212,-1.037,-0.010
1635778322562,2021-11-01T10:52:02.562,31.240,-0.216,-1.042,-0.015
1635778322572,2021-11-01T10:52:02.572,31.250,-0.218,-1.036,-0.012
1635778322582,2021-11-01T10:52:02.582,31.260,-0.220,-1.029,-0.011
1635778322592,2021-11-01T10:52:02.592,31.270,-0.223,-1.030,-0.013
1635778322602,2021-11-01T10:52:02.602,31.280,-0.223,-1.032,-0.014
1635778322612,2021-11-01T10:52:02.612,31.290,-0.222,-1.039,-0.011
1635778322622,2021-11-01T10:52:02.622,31.300,-0.219,-1.040,-0.011
1635778322632,2021-11-01T10:52:02.632,31.310,-0.222,-1.030,-0.012
1635778322642,2021-11-01T10:52:02.642,31.320,-0.225,-1.021,-0.015
1635778322652,2021-11-01T10:52:02.652,31.330,-0.230,-1.016,-0.023
1635778322662,2021-11-01T10:52:02.662,31.340,-0.234,-1.015,-0.023
1635778322672,2021-11-01T10:52:02.672,31.350,-0.238,-1.017,-0.024
1635778322682,2021-11-01T10:52:02.682,31.360,-0.239,-1.022,-0.022
1635778322692,2021-11-01T10:52:02.692,31.370,-0.242,-1.023,-0.019
1635778322702,2021-11-01T10:52:02.702,31.380,-0.242,-1.021,-0.014
1635778322712,2021-11-01T10:52:02.712,31.390,-0.243,-1.025,-0.013
1635778322722,2021-11-01T10:52:02.722,31.400,-0.240,-1.033,-0.015
1635778322732,2021-11-01T10:52:02.732,31.410,-0.239,-1.034,-0.008
1635778322742,2021-11-01T10:52:02.742,31.420,-0.236,-1.029,-0.009
1635778322752,2021-11-01T10:52:02.752,31.430,-0.236,-1.025,-0.010
1635778322762,2021-11-01T10:52:02.762,31.440,-0.236,-1.028,-0.010
1635778322772,2021-11-01T10:52:02.772,31.450,-0.239,-1.030,-0.012
1635778322782,2021-11-01T10:52:02.782,31.460,-0.242,-1.023,-0.010
1635778322792,2021-11-01T10:52:02.792,31.470,-0.243,-1.015,-0.015
1635778322802,2021-11-01T10:52:02.802,31.480,-0.244,-1.016,-0.014
1635778322812,2021-11-01T10:52:02.812,31.490,-0.241,-1.020,-0.014
1635778322822,2021-11-01T10:52:02.822,31.500,-0.241,-1.028,-0.013
1635778322832,2021-11-01T10:52:02.832,31.510,-0.243,-1.025,-0.016
1635778322842,2021-11-01T10:52:02.842,31.520,-0.244,-1.021,-0.019
1635778322852,2021-11-01T10:52:02.852,31.530,-0.249,-1.025,-0.017
1635778322862,2021-11-01T10:52:02.862,31.540,-0.252,-1.026,-0.019
1635778322872,2021-11-01T10:52:02.872,31.550,-0.255,-1.031,-0.020
1635778322882,2021-11-01T10:52:02.882,31.560,-0.252,-1.033,-0.020
1635778322892,2021-11-01T10:52:02.892,31.570,-0.250,-1.026,-0.018
1635778322902,2021-11-01T10:52:02.902,31.580,-0.250,-1.021,-0.018
1635778322912,2021-11-01T10:52:02.912,31.590,-0.250,-1.021,-0.019
1635778322922,2021-11-01T10:52:02.922,31.600,-0.253,-1.021,-0.014
1635778322932,2021-11-01T10:52:02.932,31.610,-0.254,-1.018,-0.015
1635778322942,2021-11-01T10:52:02.942,31.620,-0.252,-1.021,-0.015
1635778322952,2021-11-01T10:52:02.952,31.630,-0.254,-1.028,-0.015
1635778322962,2021-11-01T10:52:02.962,31.640,-0.251,-1.034,-0.017
1635778322972,2021-11-01T10:52:02.972,31.650,-0.254,-1.028,-0.011
1635778322982,2021-11-01T10:52:02.982,31.660,-0.257,-1.020,-0.017
1635778322992,2021-11-01T10:52:02.992,31.670,-0.253,-1.017,-0.017
1635778323002,2021-11-01T10:52:03.002,31.680,-0.253,-1.017,-0.013
1635778323012,2021-11-01T10:52:03.012,31.690,-0.251,-1.019,-0.019
1635778323022,2021-11-01T10:52:03.022,31.700,-0.254,-1.018,-0.014
1635778323032,2021-11-01T10:52:03.032,31.710,-0.249,-1.015,-0.010
1635778323042,2021-11-01T10:52:03.042,31.720,-0.246,-1.021,-0.013
1635778323052,2021-11-01T10:52:03.052,31.730,-0.247,-1.029,-0.009
1635778323062,2021-11-01T10:52:03.062,31.740,-0.241,-1.030,-0.007
1635778323072,2021-11-01T10:52:03.072,31.750,-0.237,-1.031,-0.004
1635778323082,2021-11-01T10:52:03.082,31.760,-0.238,-1.034,-0.004
1635778323092,2021-11-01T10:52:03.092,31.770,-0.241,-1.034,-0.007
1635778323102,2021-11-01T10:52:03.102,31.780,-0.241,-1.033,-0.011
1635778323112,2021-11-01T10:52:03.112,31.790,-0.238,-1.028,-0.011
1635778323122,2021-11-01T10:52:03.122,31.800,-0.239,-1.021,-0.008
1635778323132,2021-11-01T10:52:03.132,31.810,-0.239,-1.011,-0.010
1635778323142,2021-11-01T10:52:03.142,31.820,-0.241,-1.006,-0.007
1635778323152,2021-11-01T10:52:03.152,31.830,-0.244,-1.007,-0.007
1635778323162,2021-11-01T10:52:03.162,31.840,-0.240,-1.018,-0.006
1635778323172,2021-11-01T10:52:03.172,31.850,-0.240,-1.028,-0.003
1635778323182,2021-11-01T10:52:03.182,31.860,-0.240,-1.026,-0.002
1635778323192,2021-11-01T10:52:03.192,31.870,-0.245,-1.024,-0.002
1635778323202,2021-11-01T10:52:03.202,31.880,-0.250,-1.021,-0.003
1635778323212,2021-11-01T10:52:03.212,31.890,-0.248,-1.020,-0.008
1635778323222,2021-11-01T10:52:03.222,31.900,-0.246,-1.025,-0.010
1635778323232,2021-11-01T10:52:03.232,31.910,-0.251,-1.029,-0.009
1635778323242,2021-11-01T10:52:03.242,31.920,-0.253,-1.027,-0.006
1635778323252,2021-11-01T10:52:03.252,31.930,-0.244,-1.023,-0.008
1635778323262,2021-11-01T10:52:03.262,31.940,-0.247,-1.025,-0.006
1635778323272,2021-11-01T10:52:03.272,31.950,-0.247,-1.023,-0.002
1635778323282,2021-11-01T10:52:03.282,31.960,-0.245,-1.024,-0.001
1635778323292,2021-11-01T10:52:03.292,31.970,-0.241,-1.021,0.001
1635778323302,2021-11-01T10:52:03.302,31.980,-0.237,-1.023,0.003
1635778323312,2021-11-01T10:52:03.312,31.990,-0.236,-1.022,0.000
1635778323322,2021-11-01T10:52:03.322,32.000,-0.238,-1.024,-0.005
1635778323332,2021-11-01T10:52:03.332,32.010,-0.237,-1.029,-0.005
1635778323342,2021-11-01T10:52:03.342,32.020,-0.241,-1.029,-0.002
1635778323352,2021-11-01T10:52:03.352,32.030,-0.243,-1.021,-0.005
1635778323362,2021-11-01T10:52:03.362,32.040,-0.241,-1.019,-0.005
1635778323372,2021-11-01T10:52:03.372,32.050,-0.242,-1.027,-0.006
1635778323382,2021-11-01T10:52:03.382,32.060,-0.242,-1.028,-0.006
1635778323392,2021-11-01T10:52:03.392,32.070,-0.242,-1.017,-0.001
1635778323402,2021-11-01T10:52:03.402,32.080,-0.241,-1.011,-0.003
1635778323412,2021-11-01T10:52:03.412,32.090,-0.241,-1.019,-0.003
1635778323422,2021-11-01T10:52:03.422,32.100,-0.241,-1.031,-0.000
1635778323432,2021-11-01T10:52:03.432,32.110,-0.238,-1.032,0.001
1635778323442,2021-11-01T10:52:03.442,32.120,-0.238,-1.026,0.000
1635778323452,2021-11-01T10:52:03.452,32.130,-0.236,-1.025,0.000
1635778323462,2021-11-01T10:52:03.462,32.140,-0.236,-1.029,0.003
1635778323472,2021-11-01T10:52:03.472,32.150,-0.235,-1.027,0.000
1635778323482,2021-11-01T10:52:03.482,32.160,-0.230,-1.021,-0.000
1635778323492,2021-11-01T10:52:03.492,32.170,-0.229,-1.011,0.002
1635778323502,2021-11-01T10:52:03.502,32.180,-0.227,-1.019,-0.002
1635778323512,2021-11-01T10:52:03.512,32.190,-0.229,-1.032,0.003
1635778323522,2021-11-01T10:52:03.522,32.200,-0.229,-1.032,0.007
1635778323532,2021-11-01T10:52:03.532,32.210,-0.230,-1.026,0.002
1635778323542,2021-11-01T10:52:03.542,32.220,-0.235,-1.024,-0.001
1635778323552,2021-11-01T10:52:03.552,32.230,-0.238,-1.021,-0.003
1635778323562,2021-11-01T10:52:03.562,32.240,-0.238,-1.020,-0.002
1635778323572,2021-11-01T10:52:03.572,32.250,-0.239,-1.023,-0.006
1635778323582,2021-11-01T10:52:03.582,32.260,-0.235,-1.027,-0.007
1635778323592,2021-11-01T10:52:03.592,32.270,-0.230,-1.026,-0.004
1635778323602,2021-11-01T10:52:03.602,32.280,-0.225,-1.012,-0.001
1635778323612,2021-11-01T10:52:03.612,32.290,-0.226,-1.005,-0.002
1635778323622,2021-11-01T10:52:03.622,32.300,-0.233,-1.011,-0.003
1635778323632,2021-11-01T10:52:03.632,32.310,-0.234,-1.017,0.000
1635778323642,2021-11-01T10:52:03.642,32.320,-0.231,-1.020,0.000
1635778323652,2021-11-01T10:52:03.652,32.330,-0.233,-1.026,0.002
1635778323662,2021-11-01T10:52:03.662,32.340,-0.238,-1.026,0.007
1635778323672,2021-11-01T10:52:03.672,32.350,-0.236,-1.020,0.006
1635778323682,2021-11-01T10:52:03.682,32.360,-0.240,-1.014,0.004
1635778323692,2021-11-01T10:52:03.692,32.370,-0.241,-1.021,0.000
1635778323702,2021-11-01T10:52:03.702,32.380,-0.248,-1.029,0.001
1635778323712,2021-11-01T10:52:03.712,32.390,-0.253,-1.029,0.000
1635778323722,2021-11-01T10:52:03.722,32.400,-0.254,-1.028,-0.001
1635778323732,2021-11-01T10:52:03.732,32.410,-0.257,-1.027,0.004
1635778323742,2021-11-01T10:52:03.742,32.420,-0.255,-1.031,0.003
1635778323752,2021-11-01T10:52:03.752,32.430,-0.260,-1.034,0.002
1635778323762,2021-11-01T10:52:03.762,32.440,-0.260,-1.031,0.003
1635778323772,2021-11-01T10:52:03.772,32.450,-0.253,-1.021,0.004
1635778323782,2021-11-01T10:52:03.782,32.460,-0.252,-1.014,0.004
1635778323792,2021-11-01T10:52:03.792,32.470,-0.257,-1.021,-0.001
1635778323802,2021-11-01T10:52:03.802,32.480,-0.256,-1.027,-0.003
1635778323812,2021-11-01T10:52:03.812,32.490,-0.259,-1.025,-0.005
1635778323822,2021-11-01T10:52:03.822,32.500,-0.258,-1.025,-0.001
1635778323832,2021-11-01T10:52:03.832,32.510,-0.261,-1.028,-0.001
1635778323842,2021-11-01T10:52:03.842,32.520,-0.260,-1.022,0.000
1635778323852,2021-11-01T10:52:03.852,32.530,-0.257,-1.018,-0.000
1635778323862,2021-11-01T10:52:03.862,32.540,-0.256,-1.021,-0.000
1635778323872,2021-11-01T10:52:03.872,32.550,-0.258,-1.021,0.003
1635778323882,2021-11-01T10:52:03.882,32.560,-0.257,-1.019,0.003
1635778323892,2021-11-01T10:52:03.892,32.570,-0.256,-1.014,-0.000
1635778323902,2021-11-01T10:52:03.902,32.580,-0.257,-1.016,-0.003
1635778323912,2021-11-01T10:52:03.912,32.590,-0.258,-1.019,-0.003
1635778323922,2021-11-01T10:52:03.922,32.600,-0.256,-1.020,0.001
1635778323932,2021-11-01T10:52:03.932,32.610,-0.253,-1.018,0.000
1635778323942,2021-11-01T10:52:03.942,32.620,-0.255,-1.021,0.003
1635778323952,2021-11-01T10:52:03.952,32.630,-0.253,-1.025,0.006
1635778323962,2021-11-01T10:52:03.962,32.640,-0.253,-1.025,0.009
1635778323972,2021-11-01T10:52:03.972,32.650,-0.250,-1.023,0.006
1635778323982,2021-11-01T10:52:03.982,32.660,-0.252,-1.025,0.003
1635778323992,2021-11-01T10:52:03.992,32.670,-0.254,-1.021,0.000
1635778324002,2021-11-01T10:52:04.002,32.680,-0.258,-1.017,-0.001
1635778324012,2021-11-01T10:52:04.012,32.690,-0.258,-1.020,0.000
1635778324022,2021-11-01T10:52:04.022,32.700,-0.253,-1.022,-0.003
1635778324032,2021-11-01T10:52:04.032,32.710,-0.250,-1.019,-0.001
1635778324042,2021-11-01T10:52:04.042,32.720,-0.253,-1.012,0.002
1635778324052,2021-11-01T10:52:04.052,32.730,-0.249,-1.019,-0.002
1635778324062,2021-11-01T10:52:04.062,32.740,-0.248,-1.031,-0.001
1635778324072,2021-11-01T10:52:04.072,32.750,-0.244,-1.024,-0.001
1635778324082,2021-11-01T10:52:04.082,32.760,-0.240,-1.013,-0.003
1635778324092,2021-11-01T10:52:04.092,32.770,-0.244,-1.015,0.000
1635778324102,2021-11-01T10:52:04.102,32.780,-0.248,-1.021,-0.002
1635778324112,2021-11-01T10:52:04.112,32.790,-0.253,-1.023,-0.003
1635778324122,2021-11-01T10:52:04.122,32.800,-0.254,-1.023,0.000
1635778324132,2021-11-01T10:52:04.132,32.810,-0.251,-1.027,-0.001
1635778324142,2021-11-01T10:52:04.142,32.820,-0.250,-1.026,0.000
1635778324152,2021-11-01T10:52:04.152,32.830,-0.247,-1.025,0.000
1635778324162,2021-11-01T10:52:04.162,32.840,-0.248,-1.021,-0.003
1635778324172,2021-11-01T10:52:04.172,32.850,-0.249,-1.015,-0.001
1635778324182,2021-11-01T10:52:04.182,32.860,-0.247,-1.009,-0.002
1635778324192,2021-11-01T10:52:04.192,32.870,-0.246,-1.006,0.002
1635778324202,2021-11-01T10:52:04.202,32.880,-0.245,-1.015,-0.003
1635778324212,2021-11-01T10:52:04.212,32.890,-0.246,-1.030,-0.001
1635778324222,2021-11-01T10:52:04.222,32.900,-0.252,-1.030,-0.002
1635778324232,2021-11-01T10:52:04.232,32.910,-0.254,-1.020,-0.001
1635778324242,2021-11-01T10:52:04.242,32.920,-0.255,-1.017,0.001
1635778324252,2021-11-01T10:52:04.252,32.930,-0.253,-1.023,-0.002
1635778324262,2021-11-01T10:52:04.262,32.940,-0.254,-1.027,0.000
1635778324272,2021-11-01T10:52:04.272,32.950,-0.252,-1.026,0.000
1635778324282,2021-11-01T10:52:04.282,32.960,-0.251,-1.019,0.002
1635778324292,2021-11-01T10:52:04.292,32.970,-0.253,-1.015,0.003
1635778324302,2021-11-01T10:52:04.302,32.980,-0.254,-1.016,0.002
1635778324312,2021-11-01T10:52:04.312,32.990,-0.252,-1.020,0.005
1635778324322,2021-11-01T10:52:04.322,33.000,-0.248,-1.028,0.001
1635778324332,2021-11-01T10:52:04.332,33.010,-0.252,-1.032,0.001
1635778324342,2021-11-01T10:52:04.342,33.020,-0.255,-1.024,0.006
1635778324352,2021-11-01T10:52:04.352,33.030,-0.256,-1.022,0.000
1635778324362,2021-11-01T10:52:04.362,33.040,-0.256,-1.022,0.001
1635778324372,2021-11-01T10:52:04.372,33.050,-0.258,-1.016,0.003
1635778324382,2021-11-01T10:52:04.382,33.060,-0.257,-1.010,0.000
1635778324392,2021-11-01T10:52:04.392,33.070,-0.256,-1.014,0.003
1635778324402,2021-11-01T10:52:04.402,33.080,-0.256,-1.020,0.001
1635778324412,2021-11-01T10:52:04.412,33.090,-0.256,-1.020,-0.000
1635778324422,2021-11-01T10:52:04.422,33.100,-0.258,-1.021,0.000
1635778324432,2021-11-01T10:52:04.432,33.110,-0.258,-1.025,0.003
1635778324442,2021-11-01T10:52:04.442,33.120,-0.259,-1.023,0.002
1635778324452,2021-11-01T10:52:04.452,33.130,-0.257,-1.023,0.005
1635778324462,2021-11-01T10:52:04.462,33.140,-0.257,-1.023,0.008
1635778324472,2021-11-01T10:52:04.472,33.150,-0.255,-1.025,0.010
1635778324482,2021-11-01T10:52:04.482,33.160,-0.257,-1.027,0.010
1635778324492,2021-11-01T10:52:04.492,33.170,-0.256,-1.024,0.011
1635778324502,2021-11-01T10:52:04.502,33.180,-0.258,-1.020,0.009
1635778324512,2021-11-01T10:52:04.512,33.190,-0.253,-1.015,0.009
1635778324522,2021-11-01T10:52:04.522,33.200,-0.248,-1.017,0.006
1635778324532,2021-11-01T10:52:04.532,33.210,-0.246,-1.032,0.000
1635778324542,2021-11-01T10:52:04.542,33.220,-0.248,-1.044,-0.000
1635778324552,2021-11-01T10:52:04.552,33.230,-0.251,-1.040,-0.004
1635778324562,2021-11-01T10:52:04.562,33.240,-0.255,-1.028,-0.005
1635778324572,2021-11-01T10:52:04.572,33.250,-0.259,-1.012,-0.005
1635778324582,2021-11-01T10:52:04.582,33.260,-0.261,-1.010,-0.003
1635778324592,2021-11-01T10:52:04.592,33.270,-0.260,-1.016,0.002
1635778324602,2021-11-01T10:52:04.602,33.280,-0.257,-1.011,0.005
1635778324612,2021-11-01T10:52:04.612,33.290,-0.253,-0.999,0.008
1635778324622,2021-11-01T10:52:04.622,33.300,-0.251,-1.000,0.008
1635778324632,2021-11-01T10:52:04.632,33.310,-0.253,-1.006,0.012
1635778324642,2021-11-01T10:52:04.642,33.320,-0.257,-0.997,0.017
1635778324652,2021-11-01T10:52:04.652,33.330,-0.255,-0.991,0.012
1635778324662,2021-11-01T10:52:04.662,33.340,-0.254,-1.006,0.014
1635778324672,2021-11-01T10:52:04.672,33.350,-0.253,-1.017,0.018
1635778324682,2021-11-01T10:52:04.682,33.360,-0.250,-1.015,0.018
1635778324692,2021-11-01T10:52:04.692,33.370,-0.254,-1.006,0.019
1635778324702,2021-11-01T10:52:04.702,33.380,-0.254,-1.013,0.020
1635778324712,2021-11-01T10:52:04.712,33.390,-0.256,-1.028,0.011
1635778324722,2021-11-01T10:52:04.722,33.400,-0.263,-1.031,0.012
1635778324732,2021-11-01T10:52:04.732,33.410,-0.263,-1.026,0.016
1635778324742,2021-11-01T10:52:04.742,33.420,-0.267,-1.031,0.017
1635778324752,2021-11-01T10:52:04.752,33.430,-0.271,-1.046,0.018
1635778324762,2021-11-01T10:52:04.762,33.440,-0.275,-1.059,0.018
1635778324772,2021-11-01T10:52:04.772,33.450,-0.283,-1.045,0.017
1635778324782,2021-11-01T10:52:04.782,33.460,-0.286,-1.027,0.006
1635778324792,2021-11-01T10:52:04.792,33.470,-0.284,-1.033,-0.000
1635778324802,2021-11-01T10:52:04.802,33.480,-0.290,-1.041,-0.005
1635778324812,2021-11-01T10:52:04.812,33.490,-0.285,-1.036,-0.010
1635778324822,2021-11-01T10:52:04.822,33.500,-0.272,-1.027,-0.013
1635778324832,2021-11-01T10:52:04.832,33.510,-0.268,-1.019,-0.013
1635778324842,2021-11-01T10:52:04.842,33.520,-0.261,-1.009,-0.012
1635778324852,2021-11-01T10:52:04.852,33.530,-0.253,-1.004,-0.012
1635778324862,2021-11-01T10:52:04.862,33.540,-0.246,-1.004,-0.011
1635778324872,2021-11-01T10:52:04.872,33.550,-0.240,-1.007,-0.008
1635778324882,2021-11-01T10:52:04.882,33.560,-0.228,-1.013,-0.006
1635778324892,2021-11-01T10:52:04.892,33.570,-0.222,-1.016,-0.003
1635778324902,2021-11-01T10:52:04.902,33.580,-0.219,-1.018,-0.000
1635778324912,2021-11-01T10:52:04.912,33.590,-0.216,-1.009,0.000
1635778324922,2021-11-01T10:52:04.922,33.600,-0.210,-0.998,-0.001
1635778324932,2021-11-01T10:52:04.932,33.610,-0.205,-0.996,0.000
1635778324942,2021-11-01T10:52:04.942,33.620,-0.204,-1.001,-0.001
1635778324952,2021-11-01T10:52:04.952,33.630,-0.203,-1.004,-0.003
1635778324962,2021-11-01T10:52:04.962,33.640,-0.197,-1.002,-0.007
1635778324972,2021-11-01T10:52:04.972,33.650,-0.194,-1.007,-0.009
1635778324982,2021-11-01T10:52:04.982,33.660,-0.190,-1.020,-0.013
1635778324992,2021-11-01T10:52:04.992,33.670,-0.187,-1.020,-0.013
1635778325002,2021-11-01T10:52:05.002,33.680,-0.183,-1.011,-0.015
1635778325012,2021-11-01T10:52:05.012,33.690,-0.175,-1.001,-0.021
1635778325022,2021-11-01T10:52:05.022,33.700,-0.176,-1.005,-0.022
1635778325032,2021-11-01T10:52:05.032,33.710,-0.175,-1.004,-0.027
1635778325042,2021-11-01T10:52:05.042,33.720,-0.170,-0.988,-0.029
1635778325052,2021-11-01T10:52:05.052,33.730,-0.165,-0.976,-0.036
1635778325062,2021-11-01T10:52:05.062,33.740,-0.162,-0.976,-0.039
1635778325072,2021-11-01T10:52:05.072,33.750,-0.155,-0.965,-0.035
1635778325082,2021-11-01T10:52:05.082,33.760,-0.146,-0.956,-0.037
1635778325092,2021-11-01T10:52:05.092,33.770,-0.138,-0.956,-0.040
1635778325102,2021-11-01T10:52:05.102,33.780,-0.138,-0.943,-0.034
1635778325112,2021-11-01T10:52:05.112,33.790,-0.134,-0.917,-0.034
1635778325122,2021-11-01T10:52:05.122,33.800,-0.132,-0.890,-0.033
1635778325132,2021-11-01T10:52:05.132,33.810,-0.133,-0.870,-0.023
1635778325142,2021-11-01T10:52:05.142,33.820,-0.141,-0.853,-0.014
1635778325152,2021-11-01T10:52:05.152,33.830,-0.144,-0.851,-0.008
1635778325162,2021-11-01T10:52:05.162,33.840,-0.142,-0.889,-0.008
1635778325172,2021-11-01T10:52:05.172,33.850,-0.151,-0.926,-0.001
1635778325182,2021-11-01T10:52:05.182,33.860,-0.159,-0.896,0.010
1635778325192,2021-11-01T10:52:05.192,33.870,-0.161,-0.828,0.011
1635778325202,2021-11-01T10:52:05.202,33.880,-0.176,-0.783,0.023
1635778325212,2021-11-01T10:52:05.212,33.890,-0.207,-0.779,0.028
1635778325222,2021-11-01T10:52:05.222,33.900,-0.236,-0.794,0.039
1635778325232,2021-11-01T10:52:05.232,33.910,-0.251,-0.799,0.044
1635778325242,2021-11-01T10:52:05.242,33.920,-0.270,-0.774,0.047
1635778325252,2021-11-01T10:52:05.252,33.930,-0.280,-0.724,0.048
1635778325262,2021-11-01T10:52:05.262,33.940,-0.278,-0.681,0.053
1635778325272,2021-11-01T10:52:05.272,33.950,-0.282,-0.650,0.053
1635778325282,2021-11-01T10:52:05.282,33.960,-0.290,-0.643,0.056
1635778325292,2021-11-01T10:52:05.292,33.970,-0.299,-0.683,0.057
1635778325302,2021-11-01T10:52:05.302,33.980,-0.316,-0.748,0.068
1635778325312,2021-11-01T10:52:05.312,33.990,-0.347,-0.813,0.075
1635778325322,2021-11-01T10:52:05.322,34.000,-0.398,-0.826,0.090
1635778325332,2021-11-01T10:52:05.332,34.010,-0.430,-0.769,0.097
1635778325342,2021-11-01T10:52:05.342,34.020,-0.438,-0.689,0.096
1635778325352,2021-11-01T10:52:05.352,34.030,-0.461,-0.658,0.095
1635778325362,2021-11-01T10:52:05.362,34.040,-0.471,-0.705,0.093
1635778325372,2021-11-01T10:52:05.372,34.050,-0.463,-0.788,0.090
1635778325382,2021-11-01T10:52:05.382,34.060,-0.456,-0.817,0.098
1635778325392,2021-11-01T10:52:05.392,34.070,-0.462,-0.761,0.102
1635778325402,2021-11-01T10:52:05.402,34.080,-0.481,-0.677,0.103
1635778325412,2021-11-01T10:52:05.412,34.090,-0.493,-0.642,0.092
1635778325422,2021-11-01T10:52:05.422,34.100,-0.512,-0.658,0.077
1635778325432,2021-11-01T10:52:05.432,34.110,-0.533,-0.706,0.061
1635778325442,2021-11-01T10:52:05.442,34.120,-0.524,-0.792,0.035
1635778325452,2021-11-01T10:52:05.452,34.130,-0.521,-0.849,0.031
1635778325462,2021-11-01T10:52:05.462,34.140,-0.530,-0.803,0.049
1635778325472,2021-11-01T10:52:05.472,34.150,-0.530,-0.711,0.061
1635778325482,2021-11-01T10:52:05.482,34.160,-0.530,-0.676,0.054
1635778325492,2021-11-01T10:52:05.492,34.170,-0.556,-0.709,0.064
1635778325502,2021-11-01T10:52:05.502,34.180,-0.565,-0.764,0.047
1635778325512,2021-11-01T10:52:05.512,34.190,-0.574,-0.772,0.032
1635778325522,2021-11-01T10:52:05.522,34.200,-0.594,-0.753,0.028
1635778325532,2021-11-01T10:52:05.532,34.210,-0.614,-0.749,0.033
1635778325542,2021-11-01T10:52:05.542,34.220,-0.638,-0.727,0.051
1635778325552,2021-11-01T10:52:05.552,34.230,-0.650,-0.709,0.075
1635778325562,2021-11-01T10:52:05.562,34.240,-0.650,-0.713,0.084
1635778325572,2021-11-01T10:52:05.572,34.250,-0.658,-0.737,0.095
1635778325582,2021-11-01T10:52:05.582,34.260,-0.654,-0.768,0.089
1635778325592,2021-11-01T10:52:05.592,34.270,-0.648,-0.805,0.082
1635778325602,2021-11-01T10:52:05.602,34.280,-0.676,-0.801,0.084
1635778325612,2021-11-01T10:52:05.612,34.290,-0.708,-0.734,0.085
1635778325622,2021-11-01T10:52:05.622,34.300,-0.719,-0.692,0.073
1635778325632,2021-11-01T10:52:05.632,34.310,-0.739,-0.731,0.074
1635778325642,2021-11-01T10:52:05.642,34.320,-0.775,-0.801,0.091
1635778325652,2021-11-01T10:52:05.652,34.330,-0.798,-0.809,0.100
1635778325662,2021-11-01T10:52:05.662,34.340,-0.793,-0.766,0.089
1635778325672,2021-11-01T10:52:05.672,34.350,-0.778,-0.732,0.070
1635778325682,2021-11-01T10:52:05.682,34.360,-0.769,-0.745,0.051
1635778325692,2021-11-01T10:52:05.692,34.370,-0.770,-0.766,0.049
1635778325702,2021-11-01T10:52:05.702,34.380,-0.790,-0.744,0.071
1635778325712,2021-11-01T10:52:05.712,34.390,-0.797,-0.724,0.073
1635778325722,2021-11-01T10:52:05.722,34.400,-0.824,-0.739,0.085
1635778325732,2021-11-01T10:52:05.732,34.410,-0.860,-0.769,0.094
1635778325742,2021-11-01T10:52:05.742,34.420,-0.895,-0.764,0.090
1635778325752,2021-11-01T10:52:05.752,34.430,-0.914,-0.751,0.078
1635778325762,2021-11-01T10:52:05.762,34.440,-0.909,-0.778,0.066
1635778325772,2021-11-01T10:52:05.772,34.450,-0.916,-0.823,0.073
1635778325782,2021-11-01T10:52:05.782,34.460,-0.925,-0.830,0.088
1635778325792,2021-11-01T10:52:05.792,34.470,-0.914,-0.799,0.095
1635778325802,2021-11-01T10:52:05.802,34.480,-0.917,-0.750,0.106
1635778325812,2021-11-01T10:52:05.812,34.490,-0.937,-0.710,0.114
1635778325822,2021-11-01T10:52:05.822,34.500,-0.965,-0.690,0.106
1635778325832,2021-11-01T10:52:05.832,34.510,-0.986,-0.701,0.090
1635778325842,2021-11-01T10:52:05.842,34.520,-1.000,-0.760,0.080
1635778325852,2021-11-01T10:52:05.852,34.530,-1.007,-0.840,0.090
1635778325862,2021-11-01T10:52:05.862,34.540,-1.003,-0.878,0.101
1635778325872,2021-11-01T10:52:05.872,34.550,-1.001,-0.834,0.115
1635778325882,2021-11-01T10:52:05.882,34.560,-0.997,-0.766,0.109
1635778325892,2021-11-01T10:52:05.892,34.570,-1.015,-0.728,0.101
1635778325902,2021-11-01T10:52:05.902,34.580,-1.048,-0.726,0.102
1635778325912,2021-11-01T10:52:05.912,34.590,-1.065,-0.732,0.102
1635778325922,2021-11-01T10:52:05.922,34.600,-1.053,-0.738,0.097
1635778325932,2021-11-01T10:52:05.932,34.610,-1.035,-0.764,0.106
1635778325942,2021-11-01T10:52:05.942,34.620,-1.028,-0.805,0.117
1635778325952,2021-11-01T10:52:05.952,34.630,-1.027,-0.826,0.118
1635778325962,2021-11-01T10:52:05.962,34.640,-1.043,-0.795,0.106
1635778325972,2021-11-01T10:52:05.972,34.650,-1.070,-0.725,0.092
1635778325982,2021-11-01T10:52:05.982,34.660,-1.095,-0.665,0.083
1635778325992,2021-11-01T10:52:05.992,34.670,-1.106,-0.679,0.084
1635778326002,2021-11-01T10:52:06.002,34.680,-1.109,-0.743,0.113
1635778326012,2021-11-01T10:52:06.012,34.690,-1.089,-0.821,0.125
1635778326022,2021-11-01T10:52:06.022,34.700,-1.090,-0.857,0.140
1635778326032,2021-11-01T10:52:06.032,34.710,-1.105,-0.819,0.154
1635778326042,2021-11-01T10:52:06.042,34.720,-1.104,-0.750,0.142
1635778326052,2021-11-01T10:52:06.052,34.730,-1.106,-0.726,0.138
1635778326062,2021-11-01T10:52:06.062,34.740,-1.122,-0.755,0.142
1635778326072,2021-11-01T10:52:06.072,34.750,-1.141,-0.792,0.146
1635778326082,2021-11-01T10:52:06.082,34.760,-1.141,-0.801,0.155
1635778326092,2021-11-01T10:52:06.092,34.770,-1.129,-0.786,0.163
1635778326102,2021-11-01T10:52:06.102,34.780,-1.122,-0.756,0.162
1635778326112,2021-11-01T10:52:06.112,34.790,-1.109,-0.742,0.146
1635778326122,2021-11-01T10:52:06.122,34.800,-1.094,-0.745,0.132
1635778326132,2021-11-01T10:52:06.132,34.810,-1.068,-0.762,0.120
1635778326142,2021-11-01T10:52:06.142,34.820,-1.022,-0.786,0.114
1635778326152,2021-11-01T10:52:06.152,34.830,-0.989,-0.819,0.117
1635778326162,2021-11-01T10:52:06.162,34.840,-0.967,-0.865,0.112
1635778326172,2021-11-01T10:52:06.172,34.850,-0.936,-0.917,0.115
1635778326182,2021-11-01T10:52:06.182,34.860,-0.895,-0.971,0.111
1635778326192,2021-11-01T10:52:06.192,34.870,-0.868,-1.001,0.100
1635778326202,2021-11-01T10:52:06.202,34.880,-0.848,-0.995,0.098
1635778326212,2021-11-01T10:52:06.212,34.890,-0.808,-1.007,0.085
1635778326222,2021-11-01T10:52:06.222,34.900,-0.745,-1.082,0.081
1635778326232,2021-11-01T10:52:06.232,34.910,-0.674,-1.176,0.093
1635778326242,2021-11-01T10:52:06.242,34.920,-0.634,-1.223,0.095
1635778326252,2021-11-01T10:52:06.252,34.930,-0.608,-1.185,0.086
1635778326262,2021-11-01T10:52:06.262,34.940,-0.560,-1.116,0.069
1635778326272,2021-11-01T10:52:06.272,34.950,-0.525,-1.085,0.055
1635778326282,2021-11-01T10:52:06.282,34.960,-0.524,-1.076,0.045
1635778326292,2021-11-01T10:52:06.292,34.970,-0.526,-1.057,0.035
1635778326302,2021-11-01T10:52:06.302,34.980,-0.512,-1.015,0.021
1635778326312,2021-11-01T10:52:06.312,34.990,-0.490,-0.970,0.020
1635778326322,2021-11-01T10:52:06.322,35.000,-0.462,-0.916,0.020
1635778326332,2021-11-01T10:52:06.332,35.010,-0.433,-0.854,0.022
1635778326342,2021-11-01T10:52:06.342,35.020,-0.400,-0.818,0.027
1635778326352,2021-11-01T10:52:06.352,35.030,-0.362,-0.813,0.034
1635778326362,2021-11-01T10:52:06.362,35.040,-0.342,-0.817,0.035
1635778326372,2021-11-01T10:52:06.372,35.050,-0.335,-0.797,0.040
1635778326382,2021-11-01T10:52:06.382,35.060,-0.323,-0.778,0.038
1635778326392,2021-11-01T10:52:06.392,35.070,-0.312,-0.780,0.037
1635778326402,2021-11-01T10:52:06.402,35.080,-0.312,-0.784,0.038
1635778326412,2021-11-01T10:52:06.412,35.090,-0.304,-0.792,0.031
1635778326422,2021-11-01T10:52:06.422,35.100,-0.283,-0.814,0.023
1635778326432,2021-11-01T10:52:06.432,35.110,-0.264,-0.841,0.023
1635778326442,2021-11-01T10:52:06.442,35.120,-0.250,-0.855,0.021
1635778326452,2021-11-01T10:52:06.452,35.130,-0.244,-0.869,0.012
1635778326462,2021-11-01T10:52:06.462,35.140,-0.241,-0.901,0.007
1635778326472,2021-11-01T10:52:06.472,35.150,-0.242,-0.943,0.003
1635778326482,2021-11-01T10:52:06.482,35.160,-0.253,-0.966,0.007
1635778326492,2021-11-01T10:52:06.492,35.170,-0.256,-0.973,0.002
1635778326502,2021-11-01T10:52:06.502,35.180,-0.245,-0.986,-0.002
1635778326512,2021-11-01T10:52:06.512,35.190,-0.241,-1.000,0.001
1635778326522,2021-11-01T10:52:06.522,35.200,-0.240,-1.001,0.005
1635778326532,2021-11-01T10:52:06.532,35.210,-0.238,-0.998,-0.002
1635778326542,2021-11-01T10:52:06.542,35.220,-0.238,-0.994,-0.005
1635778326552,2021-11-01T10:52:06.552,35.230,-0.244,-1.002,-0.003
1635778326562,2021-11-01T10:52:06.562,35.240,-0.252,-1.004,-0.003
1635778326572,2021-11-01T10:52:06.572,35.250,-0.260,-1.006,-0.010
1635778326582,2021-11-01T10:52:06.582,35.260,-0.266,-1.008,-0.015
1635778326592,2021-11-01T10:52:06.592,35.270,-0.266,-1.013,-0.022
1635778326602,2021-11-01T10:52:06.602,35.280,-0.265,-1.014,-0.023
1635778326612,2021-11-01T10:52:06.612,35.290,-0.262,-0.999,-0.026
1635778326622,2021-11-01T10:52:06.622,35.300,-0.259,-0.975,-0.026
1635778326632,2021-11-01T10:52:06.632,35.310,-0.258,-0.962,-0.027
1635778326642,2021-11-01T10:52:06.642,35.320,-0.258,-0.949,-0.023
1635778326652,2021-11-01T10:52:06.652,35.330,-0.255,-0.957,-0.027
1635778326662,2021-11-01T10:52:06.662,35.340,-0.258,-0.987,-0.035
1635778326672,2021-11-01T10:52:06.672,35.350,-0.265,-1.000,-0.034
1635778326682,2021-11-01T10:52:06.682,35.360,-0.264,-0.994,-0.036
1635778326692,2021-11-01T10:52:06.692,35.370,-0.257,-0.979,-0.038
1635778326702,2021-11-01T10:52:06.702,35.380,-0.254,-0.969,-0.037
1635778326712,2021-11-01T10:52:06.712,35.390,-0.250,-0.971,-0.038
1635778326722,2021-11-01T10:52:06.722,35.400,-0.246,-0.978,-0.039
1635778326732,2021-11-01T10:52:06.732,35.410,-0.245,-0.987,-0.040
1635778326742,2021-11-01T10:52:06.742,35.420,-0.249,-0.995,-0.041
1635778326752,2021-11-01T10:52:06.752,35.430,-0.250,-1.011,-0.041
1635778326762,2021-11-01T10:52:06.762,35.440,-0.252,-1.028,-0.038
1635778326772,2021-11-01T10:52:06.772,35.450,-0.253,-1.043,-0.035
1635778326782,2021-11-01T10:52:06.782,35.460,-0.248,-1.047,-0.034
1635778326792,2021-11-01T10:52:06.792,35.470,-0.244,-1.034,-0.034
1635778326802,2021-11-01T10:52:06.802,35.480,-0.241,-1.023,-0.029
1635778326812,2021-11-01T10:52:06.812,35.490,-0.235,-1.018,-0.026
1635778326822,2021-11-01T10:52:06.822,35.500,-0.235,-1.008,-0.026
1635778326832,2021-11-01T10:52:06.832,35.510,-0.237,-0.992,-0.026
1635778326842,2021-11-01T10:52:06.842,35.520,-0.240,-0.984,-0.024
1635778326852,2021-11-01T10:52:06.852,35.530,-0.244,-0.998,-0.028
1635778326862,2021-11-01T10:52:06.862,35.540,-0.252,-1.009,-0.031
1635778326872,2021-11-01T10:52:06.872,35.550,-0.255,-1.015,-0.028
1635778326882,2021-11-01T10:52:06.882,35.560,-0.256,-1.025,-0.032
1635778326892,2021-11-01T10:52:06.892,35.570,-0.259,-1.031,-0.031
1635778326902,2021-11-01T10:52:06.902,35.580,-0.260,-1.027,-0.029
1635778326912,2021-11-01T10:52:06.912,35.590,-0.256,-1.018,-0.031
1635778326922,2021-11-01T10:52:06.922,35.600,-0.256,-1.011,-0.027
1635778326932,2021-11-01T10:52:06.932,35.610,-0.258,-1.011,-0.024
1635778326942,2021-11-01T10:52:06.942,35.620,-0.257,-1.010,-0.025
1635778326952,2021-11-01T10:52:06.952,35.630,-0.257,-1.009,-0.032
1635778326962,2021-11-01T10:52:06.962,35.640,-0.258,-1.009,-0.030
1635778326972,2021-11-01T10:52:06.972,35.650,-0.258,-1.021,-0.032
1635778326982,2021-11-01T10:52:06.982,35.660,-0.260,-1.026,-0.032
1635778326992,2021-11-01T10:52:06.992,35.670,-0.258,-1.023,-0.032
1635778327002,2021-11-01T10:52:07.002,35.680,-0.255,-1.020,-0.032
1635778327012,2021-11-01T10:52:07.012,35.690,-0.252,-1.018,-0.034
1635778327022,2021-11-01T10:52:07.022,35.700,-0.245,-1.021,-0.032
1635778327032,2021-11-01T10:52:07.032,35.710,-0.243,-1.017,-0.033
1635778327042,2021-11-01T10:52:07.042,35.720,-0.238,-1.007,-0.034
1635778327052,2021-11-01T10:52:07.052,35.730,-0.238,-1.009,-0.034
1635778327062,2021-11-01T10:52:07.062,35.740,-0.239,-1.015,-0.032
1635778327072,2021-11-01T10:52:07.072,35.750,-0.240,-1.019,-0.029
1635778327082,2021-11-01T10:52:07.082,35.760,-0.242,-1.018,-0.031
1635778327092,2021-11-01T10:52:07.092,35.770,-0.241,-1.016,-0.033
1635778327102,2021-11-01T10:52:07.102,35.780,-0.242,-1.015,-0.029
1635778327112,2021-11-01T10:52:07.112,35.790,-0.241,-1.010,-0.030
1635778327122,2021-11-01T10:52:07.122,35.800,-0.241,-1.009,-0.030
1635778327132,2021-11-01T10:52:07.132,35.810,-0.236,-1.010,-0.030
1635778327142,2021-11-01T10:52:07.142,35.820,-0.234,-1.009,-0.026
1635778327152,2021-11-01T10:52:07.152,35.830,-0.238,-1.004,-0.021
1635778327162,2021-11-01T10:52:07.162,35.840,-0.234,-1.007,-0.021
1635778327172,2021-11-01T10:52:07.172,35.850,-0.240,-1.009,-0.022
1635778327182,2021-11-01T10:52:07.182,35.860,-0.248,-1.005,-0.017
1635778327192,2021-11-01T10:52:07.192,35.870,-0.251,-0.999,-0.020
1635778327202,2021-11-01T10:52:07.202,35.880,-0.253,-1.002,-0.018
1635778327212,2021-11-01T10:52:07.212,35.890,-0.255,-1.007,-0.017
1635778327222,2021-11-01T10:52:07.222,35.900,-0.255,-1.005,-0.016
1635778327232,2021-11-01T10:52:07.232,35.910,-0.257,-1.003,-0.016
1635778327242,2021-11-01T10:52:07.242,35.920,-0.261,-1.009,-0.012
1635778327252,2021-11-01T10:52:07.252,35.930,-0.265,-1.013,-0.012
1635778327262,2021-11-01T10:52:07.262,35.940,-0.268,-1.010,-0.012
1635778327272,2021-11-01T10:52:07.272,35.950,-0.271,-1.007,-0.014
1635778327282,2021-11-01T10:52:07.282,35.960,-0.277,-1.008,-0.011
1635778327292,2021-11-01T10:52:07.292,35.970,-0.278,-1.011,-0.010
1635778327302,2021-11-01T10:52:07.302,35.980,-0.280,-1.006,-0.006
1635778327312,2021-11-01T10:52:07.312,35.990,-0.284,-1.001,-0.006
1635778327322,2021-11-01T10:52:07.322,36.000,-0.284,-1.010,-0.008
1635778327332,2021-11-01T10:52:07.332,36.010,-0.283,-1.022,-0.003
1635778327342,2021-11-01T10:52:07.342,36.020,-0.287,-1.016,-0.001
1635778327352,2021-11-01T10:52:07.352,36.030,-0.288,-1.009,-0.002
1635778327362,2021-11-01T10:52:07.362,36.040,-0.292,-1.013,0.000
1635778327372,2021-11-01T10:52:07.372,36.050,-0.297,-1.012,0.003
1635778327382,2021-11-01T10:52:07.382,36.060,-0.307,-1.006,0.000
1635778327392,2021-11-01T10:52:07.392,36.070,-0.312,-0.999,-0.003
1635778327402,2021-11-01T10:52:07.402,36.080,-0.308,-1.003,0.000
1635778327412,2021-11-01T10:52:07.412,36.090,-0.308,-1.014,0.003
1635778327422,2021-11-01T10:52:07.422,36.100,-0.305,-1.014,0.004
1635778327432,2021-11-01T10:52:07.432,36.110,-0.307,-1.010,0.007
1635778327442,2021-11-01T10:52:07.442,36.120,-0.308,-1.005,0.012
1635778327452,2021-11-01T10:52:07.452,36.130,-0.308,-1.008,0.012
1635778327462,2021-11-01T10:52:07.462,36.140,-0.310,-1.011,0.012
1635778327472,2021-11-01T10:52:07.472,36.150,-0.314,-1.009,0.014
1635778327482,2021-11-01T10:52:07.482,36.160,-0.313,-1.007,0.011
1635778327492,2021-11-01T10:52:07.492,36.170,-0.315,-1.008,0.011
1635778327502,2021-11-01T10:52:07.502,36.180,-0.319,-1.011,0.011
1635778327512,2021-11-01T10:52:07.512,36.190,-0.321,-1.013,0.008
1635778327522,2021-11-01T10:52:07.522,36.200,-0.318,-1.004,0.007
1635778327532,2021-11-01T10:52:07.532,36.210,-0.317,-0.995,0.006
1635778327542,2021-11-01T10:52:07.542,36.220,-0.317,-0.997,0.005
1635778327552,2021-11-01T10:52:07.552,36.230,-0.323,-1.009,0.005
1635778327562,2021-11-01T10:52:07.562,36.240,-0.325,-1.013,0.006
1635778327572,2021-11-01T10:52:07.572,36.250,-0.326,-1.005,0.008
1635778327582,2021-11-01T10:52:07.582,36.260,-0.332,-1.000,0.004
1635778327592,2021-11-01T10:52:07.592,36.270,-0.335,-1.002,0.003
1635778327602,2021-11-01T10:52:07.602,36.280,-0.336,-1.008,0.003
1635778327612,2021-11-01T10:52:07.612,36.290,-0.339,-1.006,-0.001
1635778327622,2021-11-01T10:52:07.622,36.300,-0.335,-1.009,0.000
1635778327632,2021-11-01T10:52:07.632,36.310,-0.334,-1.010,0.002
1635778327642,2021-11-01T10:52:07.642,36.320,-0.334,-1.007,0.003
1635778327652,2021-11-01T10:52:07.652,36.330,-0.328,-1.003,0.003
1635778327662,2021-11-01T10:52:07.662,36.340,-0.333,-1.001,-0.000
1635778327672,2021-11-01T10:52:07.672,36.350,-0.333,-0.999,0.004
1635778327682,2021-11-01T10:52:07.682,36.360,-0.327,-0.995,0.000
1635778327692,2021-11-01T10:52:07.692,36.370,-0.330,-1.002,0.003
1635778327702,2021-11-01T10:52:07.702,36.380,-0.334,-1.009,0.004
1635778327712,2021-11-01T10:52:07.712,36.390,-0.332,-1.006,0.001
1635778327722,2021-11-01T10:52:07.722,36.400,-0.329,-1.000,0.002
1635778327732,2021-11-01T10:52:07.732,36.410,-0.332,-0.998,0.004
1635778327742,2021-11-01T10:52:07.742,36.420,-0.328,-1.004,0.008
1635778327752,2021-11-01T10:52:07.752,36.430,-0.323,-1.005,0.005
1635778327762,2021-11-01T10:52:07.762,36.440,-0.321,-0.999,0.004
1635778327772,2021-11-01T10:52:07.772,36.450,-0.321,-0.999,0.007
1635778327782,2021-11-01T10:52:07.782,36.460,-0.317,-1.007,0.007
1635778327792,2021-11-01T10:52:07.792,36.470,-0.318,-1.009,0.008
1635778327802,2021-11-01T10:52:07.802,36.480,-0.323,-1.008,0.005
1635778327812,2021-11-01T10:52:07.812,36.490,-0.323,-1.003,0.003
1635778327822,2021-11-01T10:52:07.822,36.500,-0.324,-1.000,0.003
1635778327832,2021-11-01T10:52:07.832,36.510,-0.325,-0.997,0.003
1635778327842,2021-11-01T10:52:07.842,36.520,-0.329,-0.997,0.004
1635778327852,2021-11-01T10:52:07.852,36.530,-0.325,-0.997,0.003
1635778327862,2021-11-01T10:52:07.862,36.540,-0.323,-1.000,0.006
1635778327872,2021-11-01T10:52:07.872,36.550,-0.320,-0.997,0.007
1635778327882,2021-11-01T10:52:07.882,36.560,-0.322,-0.990,0.008
1635778327892,2021-11-01T10:52:07.892,36.570,-0.323,-0.996,0.007
1635778327902,2021-11-01T10:52:07.902,36.580,-0.323,-1.005,0.007
1635778327912,2021-11-01T10:52:07.912,36.590,-0.327,-1.008,0.008
1635778327922,2021-11-01T10:52:07.922,36.600,-0.333,-1.004,0.004
1635778327932,2021-11-01T10:52:07.932,36.610,-0.329,-0.999,0.006
1635778327942,2021-11-01T10:52:07.942,36.620,-0.332,-1.002,0.008
1635778327952,2021-11-01T10:52:07.952,36.630,-0.329,-1.004,0.006
1635778327962,2021-11-01T10:52:07.962,36.640,-0.326,-1.003,0.008
1635778327972,2021-11-01T10:52:07.972,36.650,-0.321,-1.002,0.010
1635778327982,2021-11-01T10:52:07.982,36.660,-0.319,-0.999,0.008
1635778327992,2021-11-01T10:52:07.992,36.670,-0.317,-0.997,0.008
1635778328002,2021-11-01T10:52:08.002,36.680,-0.314,-1.000,0.010
1635778328012,2021-11-01T10:52:08.012,36.690,-0.317,-1.007,0.007
1635778328022,2021-11-01T10:52:08.022,36.700,-0.313,-1.008,0.008
1635778328032,2021-11-01T10:52:08.032,36.710,-0.312,-1.007,0.005
1635778328042,2021-11-01T10:52:08.042,36.720,-0.316,-1.004,0.007
1635778328052,2021-11-01T10:52:08.052,36.730,-0.319,-1.003,0.008
1635778328062,2021-11-01T10:52:08.062,36.740,-0.318,-1.001,0.006
1635778328072,2021-11-01T10:52:08.072,36.750,-0.319,-1.004,0.008
1635778328082,2021-11-01T10:52:08.082,36.760,-0.322,-1.005,0.010
1635778328092,2021-11-01T10:52:08.092,36.770,-0.319,-1.006,0.008
1635778328102,2021-11-01T10:52:08.102,36.780,-0.317,-1.004,0.009
1635778328112,2021-11-01T10:52:08.112,36.790,-0.321,-1.002,0.007
1635778328122,2021-11-01T10:52:08.122,36.800,-0.323,-0.999,0.010
1635778328132,2021-11-01T10:52:08.132,36.810,-0.321,-1.001,0.006
1635778328142,2021-11-01T10:52:08.142,36.820,-0.324,-1.005,0.005
1635778328152,2021-11-01T10:52:08.152,36.830,-0.324,-1.005,0.009
1635778328162,2021-11-01T10:52:08.162,36.840,-0.321,-1.000,0.009
1635778328172,2021-11-01T10:52:08.172,36.850,-0.320,-1.000,0.009
1635778328182,2021-11-01T10:52:08.182,36.860,-0.320,-1.004,0.014
1635778328192,2021-11-01T10:52:08.192,36.870,-0.318,-1.005,0.011
1635778328202,2021-11-01T10:52:08.202,36.880,-0.317,-1.004,0.012
1635778328212,2021-11-01T10:52:08.212,36.890,-0.317,-1.003,0.012
1635778328222,2021-11-01T10:52:08.222,36.900,-0.316,-1.001,0.014
1635778328232,2021-11-01T10:52:08.232,36.910,-0.312,-1.000,0.016
1635778328242,2021-11-01T10:52:08.242,36.920,-0.312,-1.002,0.014
1635778328252,2021-11-01T10:52:08.252,36.930,-0.310,-1.004,0.014
1635778328262,2021-11-01T10:52:08.262,36.940,-0.307,-1.007,0.008
1635778328272,2021-11-01T10:52:08.272,36.950,-0.311,-1.010,0.011
1635778328282,2021-11-01T10:52:08.282,36.960,-0.310,-1.010,0.006
1635778328292,2021-11-01T10:52:08.292,36.970,-0.309,-1.010,0.004
1635778328302,2021-11-01T10:52:08.302,36.980,-0.316,-1.005,0.004
1635778328312,2021-11-01T10:52:08.312,36.990,-0.320,-1.000,0.001
1635778328322,2021-11-01T10:52:08.322,37.000,-0.320,-1.000,0.001
1635778328332,2021-11-01T10:52:08.332,37.010,-0.317,-1.000,0.006
1635778328342,2021-11-01T10:52:08.342,37.020,-0.315,-0.999,0.006
1635778328352,2021-11-01T10:52:08.352,37.030,-0.314,-0.999,0.007
1635778328362,2021-11-01T10:52:08.362,37.040,-0.313,-1.002,0.008
1635778328372,2021-11-01T10:52:08.372,37.050,-0.318,-0.998,0.009
1635778328382,2021-11-01T10:52:08.382,37.060,-0.317,-0.998,0.009
1635778328392,2021-11-01T10:52:08.392,37.070,-0.315,-1.004,0.012
1635778328402,2021-11-01T10:52:08.402,37.080,-0.313,-1.010,0.014
1635778328412,2021-11-01T10:52:08.412,37.090,-0.315,-1.011,0.012
1635778328422,2021-11-01T10:52:08.422,37.100,-0.315,-1.008,0.012
1635778328432,2021-11-01T10:52:08.432,37.110,-0.315,-1.005,0.013
1635778328442,2021-11-01T10:52:08.442,37.120,-0.313,-1.004,0.008
1635778328452,2021-11-01T10:52:08.452,37.130,-0.318,-1.002,0.005
1635778328462,2021-11-01T10:52:08.462,37.140,-0.318,-1.000,0.010
1635778328472,2021-11-01T10:52:08.472,37.150,-0.305,-1.000,0.007
1635778328482,2021-11-01T10:52:08.482,37.160,-0.312,-1.000,0.004
1635778328492,2021-11-01T10:52:08.492,37.170,-0.317,-1.000,0.003
1635778328502,2021-11-01T10:52:08.502,37.180,-0.315,-1.002,0.003
1635778328512,2021-11-01T10:52:08.512,37.190,-0.316,-1.004,0.002
1635778328522,2021-11-01T10:52:08.522,37.200,-0.317,-1.005,0.003
1635778328532,2021-11-01T10:52:08.532,37.210,-0.323,-1.011,0.010
1635778328542,2021-11-01T10:52:08.542,37.220,-0.322,-1.015,0.010
1635778328552,2021-11-01T10:52:08.552,37.230,-0.321,-1.016,0.010
1635778328562,2021-11-01T10:52:08.562,37.240,-0.324,-1.009,0.010
1635778328572,2021-11-01T10:52:08.572,37.250,-0.320,-1.007,0.008
1635778328582,2021-11-01T10:52:08.582,37.260,-0.321,-1.009,0.004
1635778328592,2021-11-01T10:52:08.592,37.270,-0.323,-1.007,0.002
1635778328602,2021-11-01T10:52:08.602,37.280,-0.328,-1.004,0.001
1635778328612,2021-11-01T10:52:08.612,37.290,-0.324,-1.001,0.003
1635778328622,2021-11-01T10:52:08.622,37.300,-0.315,-1.004,0.004
1635778328632,2021-11-01T10:52:08.632,37.310,-0.314,-1.004,0.005
1635778328642,2021-11-01T10:52:08.642,37.320,-0.313,-1.002,0.008
1635778328652,2021-11-01T10:52:08.652,37.330,-0.313,-1.002,0.010
1635778328662,2021-11-01T10:52:08.662,37.340,-0.309,-1.001,0.011
1635778328672,2021-11-01T10:52:08.672,37.350,-0.307,-1.001,0.007
1635778328682,2021-11-01T10:52:08.682,37.360,-0.306,-1.001,0.005
1635778328692,2021-11-01T10:52:08.692,37.370,-0.303,-1.003,0.001
1635778328702,2021-11-01T10:52:08.702,37.380,-0.305,-1.002,0.003
1635778328712,2021-11-01T10:52:08.712,37.390,-0.304,-1.003,0.007
1635778328722,2021-11-01T10:52:08.722,37.400,-0.304,-1.004,0.004
1635778328732,2021-11-01T10:52:08.732,37.410,-0.301,-1.003,0.004
1635778328742,2021-11-01T10:52:08.742,37.420,-0.298,-1.007,0.003
1635778328752,2021-11-01T10:52:08.752,37.430,-0.295,-1.013,0.002
1635778328762,2021-11-01T10:52:08.762,37.440,-0.298,-1.007,0.001
1635778328772,2021-11-01T10:52:08.772,37.450,-0.299,-1.004,0.002
1635778328782,2021-11-01T10:52:08.782,37.460,-0.299,-1.003,0.005
1635778328792,2021-11-01T10:52:08.792,37.470,-0.302,-1.003,0.002
1635778328802,2021-11-01T10:52:08.802,37.480,-0.306,-1.005,-0.000
1635778328812,2021-11-01T10:52:08.812,37.490,-0.308,-1.009,0.004
1635778328822,2021-11-01T10:52:08.822,37.500,-0.307,-1.004,0.007
1635778328832,2021-11-01T10:52:08.832,37.510,-0.305,-0.998,0.005
1635778328842,2021-11-01T10:52:08.842,37.520,-0.307,-1.001,0.005
1635778328852,2021-11-01T10:52:08.852,37.530,-0.304,-1.007,-0.000
1635778328862,2021-11-01T10:52:08.862,37.540,-0.306,-1.009,-0.001
1635778328872,2021-11-01T10:52:08.872,37.550,-0.305,-1.007,0.001
1635778328882,2021-11-01T10:52:08.882,37.560,-0.308,-1.005,0.001
1635778328892,2021-11-01T10:52:08.892,37.570,-0.309,-1.001,0.001
1635778328902,2021-11-01T10:52:08.902,37.580,-0.308,-1.005,0.002
1635778328912,2021-11-01T10:52:08.912,37.590,-0.309,-1.008,0.004
1635778328922,2021-11-01T10:52:08.922,37.600,-0.308,-1.006,0.000
1635778328932,2021-11-01T10:52:08.932,37.610,-0.307,-1.004,0.002
1635778328942,2021-11-01T10:52:08.942,37.620,-0.303,-1.002,-0.001
1635778328952,2021-11-01T10:52:08.952,37.630,-0.300,-1.006,0.000
1635778328962,2021-11-01T10:52:08.962,37.640,-0.300,-1.014,0.001
1635778328972,2021-11-01T10:52:08.972,37.650,-0.300,-1.013,-0.000
1635778328982,2021-11-01T10:52:08.982,37.660,-0.302,-1.003,-0.002
1635778328992,2021-11-01T10:52:08.992,37.670,-0.307,-0.998,-0.006
1635778329002,2021-11-01T10:52:09.002,37.680,-0.308,-0.999,-0.006
1635778329012,2021-11-01T10:52:09.012,37.690,-0.309,-1.005,-0.006
1635778329022,2021-11-01T10:52:09.022,37.700,-0.309,-1.010,-0.003
1635778329032,2021-11-01T10:52:09.032,37.710,-0.305,-1.009,-0.004
1635778329042,2021-11-01T10:52:09.042,37.720,-0.307,-1.007,-0.004
1635778329052,2021-11-01T10:52:09.052,37.730,-0.307,-1.007,-0.002
1635778329062,2021-11-01T10:52:09.062,37.740,-0.305,-1.005,-0.001
1635778329072,2021-11-01T10:52:09.072,37.750,-0.304,-1.010,-0.005
1635778329082,2021-11-01T10:52:09.082,37.760,-0.304,-1.009,-0.000
1635778329092,2021-11-01T10:52:09.092,37.770,-0.302,-1.011,-0.001
1635778329102,2021-11-01T10:52:09.102,37.780,-0.304,-1.012,-0.000
1635778329112,2021-11-01T10:52:09.112,37.790,-0.301,-1.008,0.001
1635778329122,2021-11-01T10:52:09.122,37.800,-0.297,-1.001,0.000
1635778329132,2021-11-01T10:52:09.132,37.810,-0.297,-1.000,-0.002
1635778329142,2021-11-01T10:52:09.142,37.820,-0.297,-1.001,-0.002
1635778329152,2021-11-01T10:52:09.152,37.830,-0.299,-1.002,-0.005
1635778329162,2021-11-01T10:52:09.162,37.840,-0.297,-1.004,-0.002
1635778329172,2021-11-01T10:52:09.172,37.850,-0.296,-1.007,0.000
1635778329182,2021-11-01T10:52:09.182,37.860,-0.299,-1.011,-0.002
1635778329192,2021-11-01T10:52:09.192,37.870,-0.302,-1.014,-0.001
1635778329202,2021-11-01T10:52:09.202,37.880,-0.306,-1.007,-0.000
1635778329212,2021-11-01T10:52:09.212,37.890,-0.303,-1.005,-0.001
1635778329222,2021-11-01T10:52:09.222,37.900,-0.302,-1.006,-0.000
1635778329232,2021-11-01T10:52:09.232,37.910,-0.305,-1.005,-0.002
1635778329242,2021-11-01T10:52:09.242,37.920,-0.303,-1.005,-0.002
1635778329252,2021-11-01T10:52:09.252,37.930,-0.301,-1.012,-0.007
1635778329262,2021-11-01T10:52:09.262,37.940,-0.298,-1.011,-0.003
1635778329272,2021-11-01T10:52:09.272,37.950,-0.300,-1.007,-0.001
1635778329282,2021-11-01T10:52:09.282,37.960,-0.299,-1.005,-0.002
1635778329292,2021-11-01T10:52:09.292,37.970,-0.301,-1.009,-0.001
1635778329302,2021-11-01T10:52:09.302,37.980,-0.302,-1.010,0.000
1635778329312,2021-11-01T10:52:09.312,37.990,-0.306,-1.010,-0.001
1635778329322,2021-11-01T10:52:09.322,38.000,-0.306,-1.009,-0.002
1635778329332,2021-11-01T10:52:09.332,38.010,-0.301,-1.006,-0.001
1635778329342,2021-11-01T10:52:09.342,38.020,-0.302,-1.004,0.000
1635778329352,2021-11-01T10:52:09.352,38.030,-0.303,-1.003,0.002
1635778329362,2021-11-01T10:52:09.362,38.040,-0.303,-1.003,-0.003
1635778329372,2021-11-01T10:52:09.372,38.050,-0.305,-1.000,-0.005
1635778329382,2021-11-01T10:52:09.382,38.060,-0.306,-1.002,-0.004
1635778329392,2021-11-01T10:52:09.392,38.070,-0.307,-1.008,-0.004
1635778329402,2021-11-01T10:52:09.402,38.080,-0.308,-1.009,-0.006
1635778329412,2021-11-01T10:52:09.412,38.090,-0.304,-1.007,-0.004
1635778329422,2021-11-01T10:52:09.422,38.100,-0.303,-1.007,-0.004
1635778329432,2021-11-01T10:52:09.432,38.110,-0.304,-1.006,-0.000
1635778329442,2021-11-01T10:52:09.442,38.120,-0.304,-1.004,-0.004
1635778329452,2021-11-01T10:52:09.452,38.130,-0.302,-1.000,-0.000
1635778329462,2021-11-01T10:52:09.462,38.140,-0.297,-1.001,-0.001
1635778329472,2021-11-01T10:52:09.472,38.150,-0.300,-1.010,-0.002
1635778329482,2021-11-01T10:52:09.482,38.160,-0.300,-1.009,-0.003
1635778329492,2021-11-01T10:52:09.492,38.170,-0.298,-1.012,-0.005
1635778329502,2021-11-01T10:52:09.502,38.180,-0.304,-1.013,-0.004
1635778329512,2021-11-01T10:52:09.512,38.190,-0.310,-1.011,-0.003
1635778329522,2021-11-01T10:52:09.522,38.200,-0.311,-1.005,-0.004
1635778329532,2021-11-01T10:52:09.532,38.210,-0.310,-1.006,-0.009
1635778329542,2021-11-01T10:52:09.542,38.220,-0.309,-1.009,-0.006
1635778329552,2021-11-01T10:52:09.552,38.230,-0.307,-1.007,-0.008
1635778329562,2021-11-01T10:52:09.562,38.240,-0.303,-1.005,-0.006
1635778329572,2021-11-01T10:52:09.572,38.250,-0.303,-1.003,-0.006
1635778329582,2021-11-01T10:52:09.582,38.260,-0.306,-1.003,-0.004
1635778329592,2021-11-01T10:52:09.592,38.270,-0.306,-1.003,-0.001
1635778329602,2021-11-01T10:52:09.602,38.280,-0.306,-1.005,-0.003
1635778329612,2021-11-01T10:52:09.612,38.290,-0.307,-1.009,-0.003
1635778329622,2021-11-01T10:52:09.622,38.300,-0.305,-1.010,-0.003
1635778329632,2021-11-01T10:52:09.632,38.310,-0.304,-1.011,-0.001
1635778329642,2021-11-01T10:52:09.642,38.320,-0.304,-1.009,0.001
1635778329652,2021-11-01T10:52:09.652,38.330,-0.302,-1.002,0.000
1635778329662,2021-11-01T10:52:09.662,38.340,-0.299,-1.000,-0.001
1635778329672,2021-11-01T10:52:09.672,38.350,-0.303,-1.005,-0.001
1635778329682,2021-11-01T10:52:09.682,38.360,-0.301,-1.006,-0.002
1635778329692,2021-11-01T10:52:09.692,38.370,-0.304,-1.005,-0.003
1635778329702,2021-11-01T10:52:09.702,38.380,-0.306,-1.012,-0.003
1635778329712,2021-11-01T10:52:09.712,38.390,-0.310,-1.015,-0.001
1635778329722,2021-11-01T10:52:09.722,38.400,-0.310,-1.013,0.000
1635778329732,2021-11-01T10:52:09.732,38.410,-0.311,-1.008,-0.003
1635778329742,2021-11-01T10:52:09.742,38.420,-0.308,-1.007,0.000
1635778329752,2021-11-01T10:52:09.752,38.430,-0.306,-1.005,-0.002
1635778329762,2021-11-01T10:52:09.762,38.440,-0.302,-1.001,-0.001
1635778329772,2021-11-01T10:52:09.772,38.450,-0.302,-1.005,-0.004
1635778329782,2021-11-01T10:52:09.782,38.460,-0.300,-1.007,-0.007
1635778329792,2021-11-01T10:52:09.792,38.470,-0.298,-1.012,-0.004
1635778329802,2021-11-01T10:52:09.802,38.480,-0.303,-1.017,-0.006
1635778329812,2021-11-01T10:52:09.812,38.490,-0.305,-1.010,-0.008
1635778329822,2021-11-01T10:52:09.822,38.500,-0.303,-1.002,-0.002
1635778329832,2021-11-01T10:52:09.832,38.510,-0.305,-0.999,-0.001
1635778329842,2021-11-01T10:52:09.842,38.520,-0.304,-1.000,-0.002
1635778329852,2021-11-01T10:52:09.852,38.530,-0.302,-1.001,-0.003
1635778329862,2021-11-01T10:52:09.862,38.540,-0.301,-1.002,-0.000
1635778329872,2021-11-01T10:52:09.872,38.550,-0.299,-1.005,-0.004
1635778329882,2021-11-01T10:52:09.882,38.560,-0.304,-1.012,-0.005
1635778329892,2021-11-01T10:52:09.892,38.570,-0.308,-1.013,-0.001
1635778329902,2021-11-01T10:52:09.902,38.580,-0.307,-1.014,0.000
1635778329912,2021-11-01T10:52:09.912,38.590,-0.306,-1.009,-0.002
1635778329922,2021-11-01T10:52:09.922,38.600,-0.305,-1.005,0.002
1635778329932,2021-11-01T10:52:09.932,38.610,-0.305,-1.007,0.002
1635778329942,2021-11-01T10:52:09.942,38.620,-0.302,-1.009,0.004
1635778329952,2021-11-01T10:52:09.952,38.630,-0.301,-1.010,0.000
1635778329962,2021-11-01T10:52:09.962,38.640,-0.304,-1.012,0.000
1635778329972,2021-11-01T10:52:09.972,38.650,-0.308,-1.011,-0.001
1635778329982,2021-11-01T10:52:09.982,38.660,-0.312,-1.008,-0.004
1635778329992,2021-11-01T10:52:09.992,38.670,-0.314,-1.004,-0.008
1635778330002,2021-11-01T10:52:10.002,38.680,-0.308,-1.007,-0.007
1635778330012,2021-11-01T10:52:10.012,38.690,-0.308,-1.010,-0.011
1635778330022,2021-11-01T10:52:10.022,38.700,-0.309,-1.010,-0.013
1635778330032,2021-11-01T10:52:10.032,38.710,-0.307,-1.004,-0.012
1635778330042,2021-11-01T10:52:10.042,38.720,-0.309,-1.005,-0.011
1635778330052,2021-11-01T10:52:10.052,38.730,-0.310,-1.010,-0.011
1635778330062,2021-11-01T10:52:10.062,38.740,-0.304,-1.011,-0.007
1635778330072,2021-11-01T10:52:10.072,38.750,-0.304,-1.010,-0.007
1635778330082,2021-11-01T10:52:10.082,38.760,-0.307,-1.008,-0.009
1635778330092,2021-11-01T10:52:10.092,38.770,-0.305,-1.010,-0.011
1635778330102,2021-11-01T10:52:10.102,38.780,-0.301,-1.013,-0.010
1635778330112,2021-11-01T10:52:10.112,38.790,-0.304,-1.015,-0.009
1635778330122,2021-11-01T10:52:10.122,38.800,-0.307,-1.011,-0.013
1635778330132,2021-11-01T10:52:10.132,38.810,-0.310,-1.015,-0.021
1635778330142,2021-11-01T10:52:10.142,38.820,-0.316,-1.031,-0.032
1635778330152,2021-11-01T10:52:10.152,38.830,-0.332,-1.042,-0.041
1635778330162,2021-11-01T10:52:10.162,38.840,-0.344,-1.025,-0.045
1635778330172,2021-11-01T10:52:10.172,38.850,-0.343,-0.997,-0.055
1635778330182,2021-11-01T10:52:10.182,38.860,-0.345,-0.979,-0.056
1635778330192,2021-11-01T10:52:10.192,38.870,-0.345,-0.969,-0.047
1635778330202,2021-11-01T10:52:10.202,38.880,-0.337,-0.960,-0.042
1635778330212,2021-11-01T10:52:10.212,38.890,-0.321,-0.956,-0.027
1635778330222,2021-11-01T10:52:10.222,38.900,-0.301,-0.973,-0.011
1635778330232,2021-11-01T10:52:10.232,38.910,-0.287,-1.002,0.005
1635778330242,2021-11-01T10:52:10.242,38.920,-0.275,-1.027,0.019
1635778330252,2021-11-01T10:52:10.252,38.930,-0.262,-1.030,0.029
1635778330262,2021-11-01T10:52:10.262,38.940,-0.254,-1.024,0.038
1635778330272,2021-11-01T10:52:10.272,38.950,-0.248,-1.035,0.037
1635778330282,2021-11-01T10:52:10.282,38.960,-0.247,-1.049,0.036
1635778330292,2021-11-01T10:52:10.292,38.970,-0.246,-1.041,0.039
1635778330302,2021-11-01T10:52:10.302,38.980,-0.243,-1.019,0.039
1635778330312,2021-11-01T10:52:10.312,38.990,-0.242,-1.012,0.036
1635778330322,2021-11-01T10:52:10.322,39.000,-0.243,-1.023,0.034
1635778330332,2021-11-01T10:52:10.332,39.010,-0.243,-1.022,0.030
1635778330342,2021-11-01T10:52:10.342,39.020,-0.238,-1.012,0.029
1635778330352,2021-11-01T10:52:10.352,39.030,-0.240,-1.004,0.026
1635778330362,2021-11-01T10:52:10.362,39.040,-0.242,-1.006,0.018
1635778330372,2021-11-01T10:52:10.372,39.050,-0.246,-1.010,0.006
1635778330382,2021-11-01T10:52:10.382,39.060,-0.249,-1.009,0.006
1635778330392,2021-11-01T10:52:10.392,39.070,-0.254,-1.011,-0.004
1635778330402,2021-11-01T10:52:10.402,39.080,-0.259,-1.007,-0.008
1635778330412,2021-11-01T10:52:10.412,39.090,-0.256,-0.998,-0.008
1635778330422,2021-11-01T10:52:10.422,39.100,-0.257,-0.998,-0.013
1635778330432,2021-11-01T10:52:10.432,39.110,-0.258,-1.006,-0.008
1635778330442,2021-11-01T10:52:10.442,39.120,-0.259,-1.009,0.001
1635778330452,2021-11-01T10:52:10.452,39.130,-0.256,-1.006,0.003
1635778330462,2021-11-01T10:52:10.462,39.140,-0.250,-1.006,0.002
1635778330472,2021-11-01T10:52:10.472,39.150,-0.250,-1.016,0.007
1635778330482,2021-11-01T10:52:10.482,39.160,-0.249,-1.025,0.006
1635778330492,2021-11-01T10:52:10.492,39.170,-0.247,-1.024,0.006
1635778330502,2021-11-01T10:52:10.502,39.180,-0.242,-1.026,0.006
1635778330512,2021-11-01T10:52:10.512,39.190,-0.233,-1.038,0.007
1635778330522,2021-11-01T10:52:10.522,39.200,-0.230,-1.035,0.009
1635778330532,2021-11-01T10:52:10.532,39.210,-0.226,-1.017,0.007
1635778330542,2021-11-01T10:52:10.542,39.220,-0.216,-1.014,0.000
1635778330552,2021-11-01T10:52:10.552,39.230,-0.213,-1.031,-0.001
1635778330562,2021-11-01T10:52:10.562,39.240,-0.214,-1.047,-0.005
1635778330572,2021-11-01T10:52:10.572,39.250,-0.209,-1.051,-0.011
1635778330582,2021-11-01T10:52:10.582,39.260,-0.201,-1.051,-0.010
1635778330592,2021-11-01T10:52:10.592,39.270,-0.194,-1.061,-0.011
1635778330602,2021-11-01T10:52:10.602,39.280,-0.181,-1.063,-0.005
1635778330612,2021-11-01T10:52:10.612,39.290,-0.168,-1.040,0.000
1635778330622,2021-11-01T10:52:10.622,39.300,-0.153,-1.006,0.005
1635778330632,2021-11-01T10:52:10.632,39.310,-0.140,-0.990,0.004
1635778330642,2021-11-01T10:52:10.642,39.320,-0.133,-0.991,0.006
1635778330652,2021-11-01T10:52:10.652,39.330,-0.122,-1.003,0.008
1635778330662,2021-11-01T10:52:10.662,39.340,-0.119,-1.029,0.013
1635778330672,2021-11-01T10:52:10.672,39.350,-0.127,-1.056,0.012
1635778330682,2021-11-01T10:52:10.682,39.360,-0.135,-1.055,0.017
1635778330692,2021-11-01T10:52:10.692,39.370,-0.137,-1.044,0.016
1635778330702,2021-11-01T10:52:10.702,39.380,-0.126,-1.041,0.021
1635778330712,2021-11-01T10:52:10.712,39.390,-0.116,-1.044,0.023
1635778330722,2021-11-01T10:52:10.722,39.400,-0.104,-1.031,0.029
1635778330732,2021-11-01T10:52:10.732,39.410,-0.094,-1.007,0.031
1635778330742,2021-11-01T10:52:10.742,39.420,-0.084,-1.012,0.024
1635778330752,2021-11-01T10:52:10.752,39.430,-0.084,-1.037,0.018
1635778330762,2021-11-01T10:52:10.762,39.440,-0.083,-1.061,0.015
1635778330772,2021-11-01T10:52:10.772,39.450,-0.075,-1.071,0.004
1635778330782,2021-11-01T10:52:10.782,39.460,-0.070,-1.065,0.002
1635778330792,2021-11-01T10:52:10.792,39.470,-0.063,-1.052,0.000
1635778330802,2021-11-01T10:52:10.802,39.480,-0.057,-1.022,0.001
1635778330812,2021-11-01T10:52:10.812,39.490,-0.043,-0.995,-0.004
1635778330822,2021-11-01T10:52:10.822,39.500,-0.036,-0.973,-0.005
1635778330832,2021-11-01T10:52:10.832,39.510,-0.038,-0.964,-0.007
1635778330842,2021-11-01T10:52:10.842,39.520,-0.040,-0.972,-0.015
1635778330852,2021-11-01T10:52:10.852,39.530,-0.046,-0.979,-0.016
1635778330862,2021-11-01T10:52:10.862,39.540,-0.050,-0.982,-0.019
1635778330872,2021-11-01T10:52:10.872,39.550,-0.053,-0.976,-0.024
1635778330882,2021-11-01T10:52:10.882,39.560,-0.067,-0.956,-0.021
1635778330892,2021-11-01T10:52:10.892,39.570,-0.080,-0.931,-0.018
1635778330902,2021-11-01T10:52:10.902,39.580,-0.095,-0.908,-0.013
1635778330912,2021-11-01T10:52:10.912,39.590,-0.102,-0.895,-0.009
1635778330922,2021-11-01T10:52:10.922,39.600,-0.109,-0.904,-0.010
1635778330932,2021-11-01T10:52:10.932,39.610,-0.112,-0.924,-0.009
1635778330942,2021-11-01T10:52:10.942,39.620,-0.119,-0.943,-0.009
1635778330952,2021-11-01T10:52:10.952,39.630,-0.132,-0.952,-0.011
1635778330962,2021-11-01T10:52:10.962,39.640,-0.150,-0.946,-0.005
1635778330972,2021-11-01T10:52:10.972,39.650,-0.162,-0.925,0.005
1635778330982,2021-11-01T10:52:10.982,39.660,-0.176,-0.879,0.014
1635778330992,2021-11-01T10:52:10.992,39.670,-0.194,-0.832,0.022
1635778331002,2021-11-01T10:52:11.002,39.680,-0.218,-0.814,0.029
1635778331012,2021-11-01T10:52:11.012,39.690,-0.230,-0.840,0.035
1635778331022,2021-11-01T10:52:11.022,39.700,-0.239,-0.893,0.040
1635778331032,2021-11-01T10:52:11.032,39.710,-0.262,-0.946,0.052
1635778331042,2021-11-01T10:52:11.042,39.720,-0.297,-0.953,0.068
1635778331052,2021-11-01T10:52:11.052,39.730,-0.316,-0.904,0.068
1635778331062,2021-11-01T10:52:11.062,39.740,-0.335,-0.819,0.071
1635778331072,2021-11-01T10:52:11.072,39.750,-0.359,-0.748,0.074
1635778331082,2021-11-01T10:52:11.082,39.760,-0.387,-0.734,0.073
1635778331092,2021-11-01T10:52:11.092,39.770,-0.435,-0.772,0.074
1635778331102,2021-11-01T10:52:11.102,39.780,-0.479,-0.826,0.082
1635778331112,2021-11-01T10:52:11.112,39.790,-0.506,-0.863,0.083
1635778331122,2021-11-01T10:52:11.122,39.800,-0.542,-0.865,0.078
1635778331132,2021-11-01T10:52:11.132,39.810,-0.580,-0.822,0.078
1635778331142,2021-11-01T10:52:11.142,39.820,-0.607,-0.762,0.073
1635778331152,2021-11-01T10:52:11.152,39.830,-0.627,-0.746,0.063
1635778331162,2021-11-01T10:52:11.162,39.840,-0.663,-0.787,0.067
1635778331172,2021-11-01T10:52:11.172,39.850,-0.696,-0.850,0.079
1635778331182,2021-11-01T10:52:11.182,39.860,-0.709,-0.913,0.076
1635778331192,2021-11-01T10:52:11.192,39.870,-0.736,-0.941,0.081
1635778331202,2021-11-01T10:52:11.202,39.880,-0.774,-0.927,0.090
1635778331212,2021-11-01T10:52:11.212,39.890,-0.811,-0.872,0.089
1635778331222,2021-11-01T10:52:11.222,39.900,-0.836,-0.832,0.073
1635778331232,2021-11-01T10:52:11.232,39.910,-0.865,-0.850,0.070
1635778331242,2021-11-01T10:52:11.242,39.920,-0.884,-0.934,0.083
1635778331252,2021-11-01T10:52:11.252,39.930,-0.896,-1.037,0.103
1635778331262,2021-11-01T10:52:11.262,39.940,-0.906,-1.095,0.115
1635778331272,2021-11-01T10:52:11.272,39.950,-0.927,-1.064,0.112
1635778331282,2021-11-01T10:52:11.282,39.960,-0.949,-0.979,0.097
1635778331292,2021-11-01T10:52:11.292,39.970,-0.986,-0.908,0.067
1635778331302,2021-11-01T10:52:11.302,39.980,-1.033,-0.881,0.065
1635778331312,2021-11-01T10:52:11.312,39.990,-1.059,-0.915,0.089
1635778331322,2021-11-01T10:52:11.322,40.000,-1.082,-0.990,0.123
1635778331332,2021-11-01T10:52:11.332,40.010,-1.118,-1.047,0.166
1635778331342,2021-11-01T10:52:11.342,40.020,-1.137,-1.046,0.188
1635778331352,2021-11-01T10:52:11.352,40.030,-1.145,-1.007,0.201
1635778331362,2021-11-01T10:52:11.362,40.040,-1.171,-0.965,0.196
1635778331372,2021-11-01T10:52:11.372,40.050,-1.206,-0.958,0.180
1635778331382,2021-11-01T10:52:11.382,40.060,-1.247,-0.985,0.184
1635778331392,2021-11-01T10:52:11.392,40.070,-1.258,-1.032,0.200
1635778331402,2021-11-01T10:52:11.402,40.080,-1.262,-1.044,0.221
1635778331412,2021-11-01T10:52:11.412,40.090,-1.245,-1.013,0.237
1635778331422,2021-11-01T10:52:11.422,40.100,-1.228,-0.981,0.230
1635778331432,2021-11-01T10:52:11.432,40.110,-1.230,-0.978,0.221
1635778331442,2021-11-01T10:52:11.442,40.120,-1.231,-0.990,0.208
1635778331452,2021-11-01T10:52:11.452,40.130,-1.209,-0.998,0.196
1635778331462,2021-11-01T10:52:11.462,40.140,-1.183,-1.000,0.191
1635778331472,2021-11-01T10:52:11.472,40.150,-1.170,-0.993,0.194
1635778331482,2021-11-01T10:52:11.482,40.160,-1.137,-0.975,0.187
1635778331492,2021-11-01T10:52:11.492,40.170,-1.099,-0.955,0.172
1635778331502,2021-11-01T10:52:11.502,40.180,-1.077,-0.935,0.163
1635778331512,2021-11-01T10:52:11.512,40.190,-1.054,-0.908,0.152
1635778331522,2021-11-01T10:52:11.522,40.200,-1.020,-0.886,0.144
1635778331532,2021-11-01T10:52:11.532,40.210,-0.998,-0.869,0.138
1635778331542,2021-11-01T10:52:11.542,40.220,-0.979,-0.866,0.145
1635778331552,2021-11-01T10:52:11.552,40.230,-0.960,-0.886,0.156
1635778331562,2021-11-01T10:52:11.562,40.240,-0.950,-0.901,0.166
1635778331572,2021-11-01T10:52:11.572,40.250,-0.941,-0.885,0.169
1635778331582,2021-11-01T10:52:11.582,40.260,-0.931,-0.858,0.167
1635778331592,2021-11-01T10:52:11.592,40.270,-0.928,-0.837,0.165
1635778331602,2021-11-01T10:52:11.602,40.280,-0.930,-0.829,0.154
1635778331612,2021-11-01T10:52:11.612,40.290,-0.934,-0.830,0.141
1635778331622,2021-11-01T10:52:11.622,40.300,-0.927,-0.843,0.127
1635778331632,2021-11-01T10:52:11.632,40.310,-0.925,-0.858,0.124
1635778331642,2021-11-01T10:52:11.642,40.320,-0.927,-0.866,0.134
1635778331652,2021-11-01T10:52:11.652,40.330,-0.919,-0.873,0.140
1635778331662,2021-11-01T10:52:11.662,40.340,-0.900,-0.866,0.142
1635778331672,2021-11-01T10:52:11.672,40.350,-0.885,-0.837,0.139
1635778331682,2021-11-01T10:52:11.682,40.360,-0.872,-0.810,0.136
1635778331692,2021-11-01T10:52:11.692,40.370,-0.847,-0.801,0.125
1635778331702,2021-11-01T10:52:11.702,40.380,-0.819,-0.785,0.113
1635778331712,2021-11-01T10:52:11.712,40.390,-0.781,-0.762,0.106
1635778331722,2021-11-01T10:52:11.722,40.400,-0.749,-0.730,0.106
1635778331732,2021-11-01T10:52:11.732,40.410,-0.720,-0.716,0.109
1635778331742,2021-11-01T10:52:11.742,40.420,-0.687,-0.734,0.109
1635778331752,2021-11-01T10:52:11.752,40.430,-0.668,-0.761,0.107
1635778331762,2021-11-01T10:52:11.762,40.440,-0.680,-0.763,0.110
1635778331772,2021-11-01T10:52:11.772,40.450,-0.676,-0.741,0.107
1635778331782,2021-11-01T10:52:11.782,40.460,-0.655,-0.711,0.104
1635778331792,2021-11-01T10:52:11.792,40.470,-0.638,-0.691,0.096
1635778331802,2021-11-01T10:52:11.802,40.480,-0.618,-0.679,0.085
1635778331812,2021-11-01T10:52:11.812,40.490,-0.593,-0.674,0.076
1635778331822,2021-11-01T10:52:11.822,40.500,-0.568,-0.660,0.069
1635778331832,2021-11-01T10:52:11.832,40.510,-0.536,-0.651,0.069
1635778331842,2021-11-01T10:52:11.842,40.520,-0.503,-0.659,0.077
1635778331852,2021-11-01T10:52:11.852,40.530,-0.487,-0.689,0.083
1635778331862,2021-11-01T10:52:11.862,40.540,-0.481,-0.713,0.089
1635778331872,2021-11-01T10:52:11.872,40.550,-0.464,-0.718,0.090
1635778331882,2021-11-01T10:52:11.882,40.560,-0.454,-0.706,0.090
1635778331892,2021-11-01T10:52:11.892,40.570,-0.443,-0.692,0.081
1635778331902,2021-11-01T10:52:11.902,40.580,-0.424,-0.694,0.067
1635778331912,2021-11-01T10:52:11.912,40.590,-0.402,-0.703,0.059
1635778331922,2021-11-01T10:52:11.922,40.600,-0.387,-0.701,0.052
1635778331932,2021-11-01T10:52:11.932,40.610,-0.372,-0.692,0.042
1635778331942,2021-11-01T10:52:11.942,40.620,-0.366,-0.680,0.043
1635778331952,2021-11-01T10:52:11.952,40.630,-0.354,-0.684,0.039
1635778331962,2021-11-01T10:52:11.962,40.640,-0.347,-0.693,0.037
1635778331972,2021-11-01T10:52:11.972,40.650,-0.343,-0.690,0.033
1635778331982,2021-11-01T10:52:11.982,40.660,-0.334,-0.682,0.026
1635778331992,2021-11-01T10:52:11.992,40.670,-0.323,-0.664,0.024
1635778332002,2021-11-01T10:52:12.002,40.680,-0.303,-0.672,0.010
1635778332012,2021-11-01T10:52:12.012,40.690,-0.296,-0.696,0.003
1635778332022,2021-11-01T10:52:12.022,40.700,-0.296,-0.741,-0.001
1635778332032,2021-11-01T10:52:12.032,40.710,-0.300,-0.784,-0.004
1635778332042,2021-11-01T10:52:12.042,40.720,-0.310,-0.801,-0.003
1635778332052,2021-11-01T10:52:12.052,40.730,-0.314,-0.798,-0.010
1635778332062,2021-11-01T10:52:12.062,40.740,-0.311,-0.786,-0.012
1635778332072,2021-11-01T10:52:12.072,40.750,-0.309,-0.762,-0.007
1635778332082,2021-11-01T10:52:12.082,40.760,-0.300,-0.762,-0.017
1635778332092,2021-11-01T10:52:12.092,40.770,-0.289,-0.808,-0.032
1635778332102,2021-11-01T10:52:12.102,40.780,-0.290,-0.852,-0.030
1635778332112,2021-11-01T10:52:12.112,40.790,-0.298,-0.833,-0.028
1635778332122,2021-11-01T10:52:12.122,40.800,-0.295,-0.792,-0.043
1635778332132,2021-11-01T10:52:12.132,40.810,-0.303,-0.770,-0.055
1635778332142,2021-11-01T10:52:12.142,40.820,-0.307,-0.780,-0.057
1635778332152,2021-11-01T10:52:12.152,40.830,-0.299,-0.800,-0.063
1635778332162,2021-11-01T10:52:12.162,40.840,-0.282,-0.807,-0.073
1635778332172,2021-11-01T10:52:12.172,40.850,-0.273,-0.807,-0.079
1635778332182,2021-11-01T10:52:12.182,40.860,-0.258,-0.808,-0.084
1635778332192,2021-11-01T10:52:12.192,40.870,-0.239,-0.822,-0.089
1635778332202,2021-11-01T10:52:12.202,40.880,-0.231,-0.844,-0.096
1635778332212,2021-11-01T10:52:12.212,40.890,-0.229,-0.845,-0.096
1635778332222,2021-11-01T10:52:12.222,40.900,-0.225,-0.837,-0.100
1635778332232,2021-11-01T10:52:12.232,40.910,-0.228,-0.833,-0.098
1635778332242,2021-11-01T10:52:12.242,40.920,-0.232,-0.853,-0.105
1635778332252,2021-11-01T10:52:12.252,40.930,-0.237,-0.894,-0.113
1635778332262,2021-11-01T10:52:12.262,40.940,-0.243,-0.916,-0.118
1635778332272,2021-11-01T10:52:12.272,40.950,-0.245,-0.934,-0.125
1635778332282,2021-11-01T10:52:12.282,40.960,-0.245,-0.950,-0.135
1635778332292,2021-11-01T10:52:12.292,40.970,-0.249,-0.969,-0.141
1635778332302,2021-11-01T10:52:12.302,40.980,-0.250,-0.968,-0.138
1635778332312,2021-11-01T10:52:12.312,40.990,-0.248,-0.952,-0.141
1635778332322,2021-11-01T10:52:12.322,41.000,-0.252,-0.932,-0.153
1635778332332,2021-11-01T10:52:12.332,41.010,-0.259,-0.941,-0.164
1635778332342,2021-11-01T10:52:12.342,41.020,-0.270,-0.969,-0.173
1635778332352,2021-11-01T10:52:12.352,41.030,-0.281,-0.990,-0.180
1635778332362,2021-11-01T10:52:12.362,41.040,-0.286,-0.982,-0.185
1635778332372,2021-11-01T10:52:12.372,41.050,-0.280,-0.970,-0.191
1635778332382,2021-11-01T10:52:12.382,41.060,-0.271,-0.978,-0.199
1635778332392,2021-11-01T10:52:12.392,41.070,-0.266,-0.982,-0.199
1635778332402,2021-11-01T10:52:12.402,41.080,-0.265,-0.957,-0.200
1635778332412,2021-11-01T10:52:12.412,41.090,-0.253,-0.917,-0.209
1635778332422,2021-11-01T10:52:12.422,41.100,-0.246,-0.916,-0.214
1635778332432,2021-11-01T10:52:12.432,41.110,-0.248,-0.940,-0.216
1635778332442,2021-11-01T10:52:12.442,41.120,-0.254,-0.960,-0.218
1635778332452,2021-11-01T10:52:12.452,41.130,-0.261,-0.938,-0.215
1635778332462,2021-11-01T10:52:12.462,41.140,-0.257,-0.908,-0.218
1635778332472,2021-11-01T10:52:12.472,41.150,-0.258,-0.899,-0.213
1635778332482,2021-11-01T10:52:12.482,41.160,-0.257,-0.926,-0.210
1635778332492,2021-11-01T10:52:12.492,41.170,-0.250,-0.999,-0.223
1635778332502,2021-11-01T10:52:12.502,41.180,-0.253,-1.045,-0.221
1635778332512,2021-11-01T10:52:12.512,41.190,-0.260,-0.975,-0.196
1635778332522,2021-11-01T10:52:12.522,41.200,-0.244,-0.904,-0.211
1635778332532,2021-11-01T10:52:12.532,41.210,-0.229,-0.971,-0.221
1635778332542,2021-11-01T10:52:12.542,41.220,-0.239,-1.066,-0.204
1635778332552,2021-11-01T10:52:12.552,41.230,-0.244,-1.046,-0.188
1635778332562,2021-11-01T10:52:12.562,41.240,-0.234,-0.946,-0.189
1635778332572,2021-11-01T10:52:12.572,41.250,-0.228,-0.914,-0.190
1635778332582,2021-11-01T10:52:12.582,41.260,-0.245,-0.958,-0.176
1635778332592,2021-11-01T10:52:12.592,41.270,-0.258,-0.979,-0.165
1635778332602,2021-11-01T10:52:12.602,41.280,-0.269,-0.945,-0.156
1635778332612,2021-11-01T10:52:12.612,41.290,-0.276,-0.919,-0.146
1635778332622,2021-11-01T10:52:12.622,41.300,-0.276,-0.938,-0.140
1635778332632,2021-11-01T10:52:12.632,41.310,-0.283,-0.970,-0.132
1635778332642,2021-11-01T10:52:12.642,41.320,-0.286,-0.987,-0.125
1635778332652,2021-11-01T10:52:12.652,41.330,-0.289,-0.997,-0.131
1635778332662,2021-11-01T10:52:12.662,41.340,-0.290,-1.008,-0.124
1635778332672,2021-11-01T10:52:12.672,41.350,-0.292,-1.015,-0.122
1635778332682,2021-11-01T10:52:12.682,41.360,-0.297,-1.009,-0.123
1635778332692,2021-11-01T10:52:12.692,41.370,-0.298,-1.014,-0.122
1635778332702,2021-11-01T10:52:12.702,41.380,-0.298,-1.024,-0.117
1635778332712,2021-11-01T10:52:12.712,41.390,-0.292,-1.023,-0.115
1635778332722,2021-11-01T10:52:12.722,41.400,-0.291,-1.017,-0.111
1635778332732,2021-11-01T10:52:12.732,41.410,-0.286,-1.015,-0.110
1635778332742,2021-11-01T10:52:12.742,41.420,-0.282,-1.009,-0.103
1635778332752,2021-11-01T10:52:12.752,41.430,-0.279,-0.995,-0.101
1635778332762,2021-11-01T10:52:12.762,41.440,-0.281,-0.987,-0.103
1635778332772,2021-11-01T10:52:12.772,41.450,-0.281,-0.991,-0.103
1635778332782,2021-11-01T10:52:12.782,41.460,-0.282,-1.001,-0.105
1635778332792,2021-11-01T10:52:12.792,41.470,-0.287,-1.014,-0.108
1635778332802,2021-11-01T10:52:12.802,41.480,-0.292,-1.008,-0.107
1635778332812,2021-11-01T10:52:12.812,41.490,-0.292,-0.997,-0.110
1635778332822,2021-11-01T10:52:12.822,41.500,-0.296,-0.998,-0.111
1635778332832,2021-11-01T10:52:12.832,41.510,-0.305,-1.001,-0.109
1635778332842,2021-11-01T10:52:12.842,41.520,-0.306,-1.006,-0.110
1635778332852,2021-11-01T10:52:12.852,41.530,-0.303,-1.012,-0.108
1635778332862,2021-11-01T10:52:12.862,41.540,-0.299,-1.018,-0.109
1635778332872,2021-11-01T10:52:12.872,41.550,-0.300,-1.021,-0.115
1635778332882,2021-11-01T10:52:12.882,41.560,-0.297,-1.019,-0.119
1635778332892,2021-11-01T10:52:12.892,41.570,-0.294,-1.009,-0.120
1635778332902,2021-11-01T10:52:12.902,41.580,-0.296,-0.993,-0.122
1635778332912,2021-11-01T10:52:12.912,41.590,-0.290,-0.984,-0.122
1635778332922,2021-11-01T10:52:12.922,41.600,-0.283,-1.000,-0.119
1635778332932,2021-11-01T10:52:12.932,41.610,-0.285,-1.018,-0.112
1635778332942,2021-11-01T10:52:12.942,41.620,-0.287,-1.021,-0.104
1635778332952,2021-11-01T10:52:12.952,41.630,-0.280,-1.017,-0.109
1635778332962,2021-11-01T10:52:12.962,41.640,-0.280,-1.013,-0.110
1635778332972,2021-11-01T10:52:12.972,41.650,-0.282,-1.011,-0.114
1635778332982,2021-11-01T10:52:12.982,41.660,-0.285,-1.005,-0.123
1635778332992,2021-11-01T10:52:12.992,41.670,-0.289,-0.991,-0.126
1635778333002,2021-11-01T10:52:13.002,41.680,-0.293,-0.976,-0.127
1635778333012,2021-11-01T10:52:13.012,41.690,-0.295,-0.969,-0.130
1635778333022,2021-11-01T10:52:13.022,41.700,-0.297,-0.973,-0.134
1635778333032,2021-11-01T10:52:13.032,41.710,-0.297,-0.987,-0.135
1635778333042,2021-11-01T10:52:13.042,41.720,-0.293,-1.006,-0.133
1635778333052,2021-11-01T10:52:13.052,41.730,-0.285,-1.023,-0.132
1635778333062,2021-11-01T10:52:13.062,41.740,-0.282,-1.035,-0.132
1635778333072,2021-11-01T10:52:13.072,41.750,-0.277,-1.034,-0.130
1635778333082,2021-11-01T10:52:13.082,41.760,-0.275,-1.024,-0.128
1635778333092,2021-11-01T10:52:13.092,41.770,-0.274,-1.007,-0.128
1635778333102,2021-11-01T10:52:13.102,41.780,-0.275,-0.993,-0.127
1635778333112,2021-11-01T10:52:13.112,41.790,-0.269,-0.989,-0.127
1635778333122,2021-11-01T10:52:13.122,41.800,-0.266,-0.990,-0.125
1635778333132,2021-11-01T10:52:13.132,41.810,-0.266,-0.992,-0.122
1635778333142,2021-11-01T10:52:13.142,41.820,-0.264,-1.000,-0.119
1635778333152,2021-11-01T10:52:13.152,41.830,-0.266,-1.004,-0.115
1635778333162,2021-11-01T10:52:13.162,41.840,-0.264,-1.002,-0.112
1635778333172,2021-11-01T10:52:13.172,41.850,-0.258,-0.996,-0.113
1635778333182,2021-11-01T10:52:13.182,41.860,-0.263,-0.988,-0.115
1635778333192,2021-11-01T10:52:13.192,41.870,-0.262,-0.996,-0.121
1635778333202,2021-11-01T10:52:13.202,41.880,-0.261,-1.001,-0.121
1635778333212,2021-11-01T10:52:13.212,41.890,-0.264,-1.005,-0.126
1635778333222,2021-11-01T10:52:13.222,41.900,-0.258,-1.008,-0.133
1635778333232,2021-11-01T10:52:13.232,41.910,-0.258,-1.014,-0.134
1635778333242,2021-11-01T10:52:13.242,41.920,-0.266,-1.013,-0.133
1635778333252,2021-11-01T10:52:13.252,41.930,-0.264,-1.006,-0.135
1635778333262,2021-11-01T10:52:13.262,41.940,-0.260,-1.000,-0.137
1635778333272,2021-11-01T10:52:13.272,41.950,-0.264,-1.000,-0.141
1635778333282,2021-11-01T10:52:13.282,41.960,-0.265,-1.002,-0.142
1635778333292,2021-11-01T10:52:13.292,41.970,-0.264,-0.999,-0.145
1635778333302,2021-11-01T10:52:13.302,41.980,-0.264,-0.992,-0.148
1635778333312,2021-11-01T10:52:13.312,41.990,-0.265,-0.988,-0.149
1635778333322,2021-11-01T10:52:13.322,42.000,-0.268,-0.986,-0.146
1635778333332,2021-11-01T10:52:13.332,42.010,-0.267,-0.978,-0.145
1635778333342,2021-11-01T10:52:13.342,42.020,-0.267,-0.982,-0.146
1635778333352,2021-11-01T10:52:13.352,42.030,-0.273,-0.993,-0.143
1635778333362,2021-11-01T10:52:13.362,42.040,-0.270,-1.006,-0.138
1635778333372,2021-11-01T10:52:13.372,42.050,-0.269,-1.014,-0.138
1635778333382,2021-11-01T10:52:13.382,42.060,-0.274,-1.015,-0.131
1635778333392,2021-11-01T10:52:13.392,42.070,-0.268,-1.008,-0.128
1635778333402,2021-11-01T10:52:13.402,42.080,-0.266,-1.003,-0.129
1635778333412,2021-11-01T10:52:13.412,42.090,-0.266,-1.001,-0.126
1635778333422,2021-11-01T10:52:13.422,42.100,-0.269,-1.003,-0.128
1635778333432,2021-11-01T10:52:13.432,42.110,-0.266,-1.009,-0.129
1635778333442,2021-11-01T10:52:13.442,42.120,-0.262,-1.013,-0.129
1635778333452,2021-11-01T10:52:13.452,42.130,-0.260,-1.011,-0.129
1635778333462,2021-11-01T10:52:13.462,42.140,-0.263,-1.009,-0.130
1635778333472,2021-11-01T10:52:13.472,42.150,-0.261,-1.007,-0.134
1635778333482,2021-11-01T10:52:13.482,42.160,-0.261,-1.005,-0.134
1635778333492,2021-11-01T10:52:13.492,42.170,-0.266,-0.998,-0.136
1635778333502,2021-11-01T10:52:13.502,42.180,-0.271,-1.000,-0.138
1635778333512,2021-11-01T10:52:13.512,42.190,-0.275,-1.005,-0.142
1635778333522,2021-11-01T10:52:13.522,42.200,-0.275,-1.002,-0.143
1635778333532,2021-11-01T10:52:13.532,42.210,-0.277,-0.996,-0.146
1635778333542,2021-11-01T10:52:13.542,42.220,-0.282,-0.999,-0.148
1635778333552,2021-11-01T10:52:13.552,42.230,-0.282,-1.005,-0.148
1635778333562,2021-11-01T10:52:13.562,42.240,-0.276,-1.007,-0.150
1635778333572,2021-11-01T10:52:13.572,42.250,-0.272,-1.007,-0.148
1635778333582,2021-11-01T10:52:13.582,42.260,-0.270,-1.002,-0.149
1635778333592,2021-11-01T10:52:13.592,42.270,-0.269,-0.997,-0.146
1635778333602,2021-11-01T10:52:13.602,42.280,-0.265,-0.997,-0.143
1635778333612,2021-11-01T10:52:13.612,42.290,-0.268,-0.998,-0.138
1635778333622,2021-11-01T10:52:13.622,42.300,-0.272,-0.991,-0.136
1635778333632,2021-11-01T10:52:13.632,42.310,-0.271,-0.985,-0.131
1635778333642,2021-11-01T10:52:13.642,42.320,-0.265,-0.994,-0.129
1635778333652,2021-11-01T10:52:13.652,42.330,-0.267,-1.009,-0.124
1635778333662,2021-11-01T10:52:13.662,42.340,-0.268,-1.008,-0.119
1635778333672,2021-11-01T10:52:13.672,42.350,-0.262,-1.000,-0.116
1635778333682,2021-11-01T10:52:13.682,42.360,-0.264,-0.996,-0.118
1635778333692,2021-11-01T10:52:13.692,42.370,-0.271,-0.996,-0.119
1635778333702,2021-11-01T10:52:13.702,42.380,-0.274,-0.998,-0.122
1635778333712,2021-11-01T10:52:13.712,42.390,-0.278,-1.000,-0.122
1635778333722,2021-11-01T10:52:13.722,42.400,-0.278,-1.006,-0.119
1635778333732,2021-11-01T10:52:13.732,42.410,-0.277,-1.010,-0.122
1635778333742,2021-11-01T10:52:13.742,42.420,-0.275,-1.009,-0.122
1635778333752,2021-11-01T10:52:13.752,42.430,-0.271,-1.010,-0.121
1635778333762,2021-11-01T10:52:13.762,42.440,-0.271,-1.008,-0.119
1635778333772,2021-11-01T10:52:13.772,42.450,-0.276,-1.004,-0.121
1635778333782,2021-11-01T10:52:13.782,42.460,-0.279,-0.999,-0.120
1635778333792,2021-11-01T10:52:13.792,42.470,-0.280,-0.997,-0.121
1635778333802,2021-11-01T10:52:13.802,42.480,-0.281,-1.008,-0.122
1635778333812,2021-11-01T10:52:13.812,42.490,-0.286,-1.023,-0.119
1635778333822,2021-11-01T10:52:13.822,42.500,-0.286,-1.023,-0.114
1635778333832,2021-11-01T10:52:13.832,42.510,-0.282,-1.009,-0.115
1635778333842,2021-11-01T10:52:13.842,42.520,-0.281,-0.998,-0.114
1635778333852,2021-11-01T10:52:13.852,42.530,-0.283,-1.002,-0.113
1635778333862,2021-11-01T10:52:13.862,42.540,-0.287,-1.000,-0.117
1635778333872,2021-11-01T10:52:13.872,42.550,-0.287,-1.000,-0.119
1635778333882,2021-11-01T10:52:13.882,42.560,-0.287,-1.003,-0.121
1635778333892,2021-11-01T10:52:13.892,42.570,-0.285,-1.007,-0.122
1635778333902,2021-11-01T10:52:13.902,42.580,-0.280,-1.011,-0.119
1635778333912,2021-11-01T10:52:13.912,42.590,-0.278,-1.003,-0.115
1635778333922,2021-11-01T10:52:13.922,42.600,-0.277,-0.996,-0.111
1635778333932,2021-11-01T10:52:13.932,42.610,-0.278,-0.996,-0.112
1635778333942,2021-11-01T10:52:13.942,42.620,-0.281,-0.996,-0.113
1635778333952,2021-11-01T10:52:13.952,42.630,-0.290,-0.988,-0.116
1635778333962,2021-11-01T10:52:13.962,42.640,-0.292,-0.984,-0.124
1635778333972,2021-11-01T10:52:13.972,42.650,-0.292,-0.997,-0.125
1635778333982,2021-11-01T10:52:13.982,42.660,-0.293,-1.012,-0.124
1635778333992,2021-11-01T10:52:13.992,42.670,-0.292,-1.010,-0.120
1635778334002,2021-11-01T10:52:14.002,42.680,-0.288,-0.996,-0.112
1635778334012,2021-11-01T10:52:14.012,42.690,-0.281,-0.989,-0.109
1635778334022,2021-11-01T10:52:14.022,42.700,-0.279,-0.993,-0.107
1635778334032,2021-11-01T10:52:14.032,42.710,-0.278,-1.000,-0.100
1635778334042,2021-11-01T10:52:14.042,42.720,-0.272,-0.995,-0.088
1635778334052,2021-11-01T10:52:14.052,42.730,-0.256,-0.982,-0.082
1635778334062,2021-11-01T10:52:14.062,42.740,-0.246,-0.984,-0.075
1635778334072,2021-11-01T10:52:14.072,42.750,-0.239,-1.004,-0.066
1635778334082,2021-11-01T10:52:14.082,42.760,-0.231,-1.030,-0.063
1635778334092,2021-11-01T10:52:14.092,42.770,-0.234,-1.043,-0.057
1635778334102,2021-11-01T10:52:14.102,42.780,-0.241,-1.031,-0.052
1635778334112,2021-11-01T10:52:14.112,42.790,-0.245,-1.021,-0.059
1635778334122,2021-11-01T10:52:14.122,42.800,-0.245,-1.026,-0.057
1635778334132,2021-11-01T10:52:14.132,42.810,-0.242,-1.021,-0.053
1635778334142,2021-11-01T10:52:14.142,42.820,-0.237,-1.011,-0.054
1635778334152,2021-11-01T10:52:14.152,42.830,-0.240,-1.003,-0.054
1635778334162,2021-11-01T10:52:14.162,42.840,-0.241,-1.002,-0.052
1635778334172,2021-11-01T10:52:14.172,42.850,-0.244,-1.003,-0.052
1635778334182,2021-11-01T10:52:14.182,42.860,-0.242,-1.018,-0.053
1635778334192,2021-11-01T10:52:14.192,42.870,-0.232,-1.042,-0.048
1635778334202,2021-11-01T10:52:14.202,42.880,-0.231,-1.056,-0.036
1635778334212,2021-11-01T10:52:14.212,42.890,-0.226,-1.053,-0.035
1635778334222,2021-11-01T10:52:14.222,42.900,-0.223,-1.048,-0.033
1635778334232,2021-11-01T10:52:14.232,42.910,-0.219,-1.041,-0.021
1635778334242,2021-11-01T10:52:14.242,42.920,-0.218,-1.022,-0.017
1635778334252,2021-11-01T10:52:14.252,42.930,-0.220,-1.006,-0.019
1635778334262,2021-11-01T10:52:14.262,42.940,-0.219,-1.000,-0.020
1635778334272,2021-11-01T10:52:14.272,42.950,-0.217,-1.002,-0.026
1635778334282,2021-11-01T10:52:14.282,42.960,-0.216,-1.021,-0.034
1635778334292,2021-11-01T10:52:14.292,42.970,-0.221,-1.040,-0.039
1635778334302,2021-11-01T10:52:14.302,42.980,-0.221,-1.045,-0.043
1635778334312,2021-11-01T10:52:14.312,42.990,-0.224,-1.023,-0.042
1635778334322,2021-11-01T10:52:14.322,43.000,-0.235,-0.999,-0.044
1635778334332,2021-11-01T10:52:14.332,43.010,-0.251,-0.980,-0.049
1635778334342,2021-11-01T10:52:14.342,43.020,-0.260,-0.963,-0.055
1635778334352,2021-11-01T10:52:14.352,43.030,-0.265,-0.970,-0.058
1635778334362,2021-11-01T10:52:14.362,43.040,-0.267,-0.988,-0.053
1635778334372,2021-11-01T10:52:14.372,43.050,-0.261,-1.011,-0.045
1635778334382,2021-11-01T10:52:14.382,43.060,-0.261,-1.021,-0.040
1635778334392,2021-11-01T10:52:14.392,43.070,-0.264,-1.027,-0.035
1635778334402,2021-11-01T10:52:14.402,43.080,-0.268,-1.023,-0.026
1635778334412,2021-11-01T10:52:14.412,43.090,-0.274,-1.012,-0.022
1635778334422,2021-11-01T10:52:14.422,43.100,-0.282,-1.005,-0.024
1635778334432,2021-11-01T10:52:14.432,43.110,-0.291,-1.004,-0.026
1635778334442,2021-11-01T10:52:14.442,43.120,-0.293,-1.011,-0.021
1635778334452,2021-11-01T10:52:14.452,43.130,-0.293,-1.018,-0.020
1635778334462,2021-11-01T10:52:14.462,43.140,-0.292,-1.021,-0.015
1635778334472,2021-11-01T10:52:14.472,43.150,-0.291,-1.020,-0.007
1635778334482,2021-11-01T10:52:14.482,43.160,-0.287,-1.012,-0.003
1635778334492,2021-11-01T10:52:14.492,43.170,-0.289,-1.007,-0.004
1635778334502,2021-11-01T10:52:14.502,43.180,-0.296,-1.000,-0.008
1635778334512,2021-11-01T10:52:14.512,43.190,-0.298,-1.003,-0.014
1635778334522,2021-11-01T10:52:14.522,43.200,-0.296,-1.020,-0.012
1635778334532,2021-11-01T10:52:14.532,43.210,-0.292,-1.042,-0.007
1635778334542,2021-11-01T10:52:14.542,43.220,-0.298,-1.059,-0.002
1635778334552,2021-11-01T10:52:14.552,43.230,-0.299,-1.053,0.007
1635778334562,2021-11-01T10:52:14.562,43.240,-0.294,-1.039,0.011
1635778334572,2021-11-01T10:52:14.572,43.250,-0.294,-1.030,0.016
1635778334582,2021-11-01T10:52:14.582,43.260,-0.300,-1.031,0.018
1635778334592,2021-11-01T10:52:14.592,43.270,-0.303,-1.028,0.016
1635778334602,2021-11-01T10:52:14.602,43.280,-0.300,-1.020,0.014
1635778334612,2021-11-01T10:52:14.612,43.290,-0.297,-1.009,0.019
1635778334622,2021-11-01T10:52:14.622,43.300,-0.295,-1.006,0.023
1635778334632,2021-11-01T10:52:14.632,43.310,-0.291,-1.008,0.025
1635778334642,2021-11-01T10:52:14.642,43.320,-0.284,-1.015,0.034
1635778334652,2021-11-01T10:52:14.652,43.330,-0.280,-1.029,0.038
1635778334662,2021-11-01T10:52:14.662,43.340,-0.283,-1.035,0.037
1635778334672,2021-11-01T10:52:14.672,43.350,-0.283,-1.027,0.034
1635778334682,2021-11-01T10:52:14.682,43.360,-0.288,-1.023,0.029
1635778334692,2021-11-01T10:52:14.692,43.370,-0.292,-1.024,0.028
1635778334702,2021-11-01T10:52:14.702,43.380,-0.291,-1.016,0.027
1635778334712,2021-11-01T10:52:14.712,43.390,-0.290,-1.006,0.024
1635778334722,2021-11-01T10:52:14.722,43.400,-0.291,-1.004,0.026
1635778334732,2021-11-01T10:52:14.732,43.410,-0.287,-1.017,0.025
1635778334742,2021-11-01T10:52:14.742,43.420,-0.290,-1.025,0.027
1635778334752,2021-11-01T10:52:14.752,43.430,-0.290,-1.023,0.030
1635778334762,2021-11-01T10:52:14.762,43.440,-0.294,-1.015,0.029
1635778334772,2021-11-01T10:52:14.772,43.450,-0.296,-1.010,0.024
1635778334782,2021-11-01T10:52:14.782,43.460,-0.297,-1.013,0.024
1635778334792,2021-11-01T10:52:14.792,43.470,-0.295,-1.021,0.029
1635778334802,2021-11-01T10:52:14.802,43.480,-0.289,-1.026,0.026
1635778334812,2021-11-01T10:52:14.812,43.490,-0.286,-1.029,0.028
1635778334822,2021-11-01T10:52:14.822,43.500,-0.286,-1.025,0.028
1635778334832,2021-11-01T10:52:14.832,43.510,-0.283,-1.013,0.032
1635778334842,2021-11-01T10:52:14.842,43.520,-0.285,-1.007,0.028
1635778334852,2021-11-01T10:52:14.852,43.530,-0.292,-1.007,0.026
1635778334862,2021-11-01T10:52:14.862,43.540,-0.298,-1.010,0.022
1635778334872,2021-11-01T10:52:14.872,43.550,-0.296,-1.003,0.024
1635778334882,2021-11-01T10:52:14.882,43.560,-0.296,-1.000,0.027
1635778334892,2021-11-01T10:52:14.892,43.570,-0.297,-1.009,0.022
1635778334902,2021-11-01T10:52:14.902,43.580,-0.295,-1.020,0.023
1635778334912,2021-11-01T10:52:14.912,43.590,-0.294,-1.015,0.027
1635778334922,2021-11-01T10:52:14.922,43.600,-0.290,-0.998,0.026
1635778334932,2021-11-01T10:52:14.932,43.610,-0.288,-0.993,0.030
1635778334942,2021-11-01T10:52:14.942,43.620,-0.289,-0.999,0.028
1635778334952,2021-11-01T10:52:14.952,43.630,-0.292,-1.000,0.027
1635778334962,2021-11-01T10:52:14.962,43.640,-0.292,-0.998,0.025
1635778334972,2021-11-01T10:52:14.972,43.650,-0.293,-1.007,0.022
1635778334982,2021-11-01T10:52:14.982,43.660,-0.294,-1.017,0.024
1635778334992,2021-11-01T10:52:14.992,43.670,-0.292,-1.026,0.026
1635778335002,2021-11-01T10:52:15.002,43.680,-0.296,-1.018,0.023
1635778335012,2021-11-01T10:52:15.012,43.690,-0.296,-1.009,0.025
1635778335022,2021-11-01T10:52:15.022,43.700,-0.298,-1.009,0.025
1635778335032,2021-11-01T10:52:15.032,43.710,-0.302,-1.011,0.021
1635778335042,2021-11-01T10:52:15.042,43.720,-0.300,-1.010,0.016
1635778335052,2021-11-01T10:52:15.052,43.730,-0.302,-1.009,0.015
1635778335062,2021-11-01T10:52:15.062,43.740,-0.301,-1.010,0.017
1635778335072,2021-11-01T10:52:15.072,43.750,-0.299,-1.016,0.013
1635778335082,2021-11-01T10:52:15.082,43.760,-0.300,-1.011,0.017
1635778335092,2021-11-01T10:52:15.092,43.770,-0.295,-1.007,0.017
1635778335102,2021-11-01T10:52:15.102,43.780,-0.297,-1.016,0.023
1635778335112,2021-11-01T10:52:15.112,43.790,-0.293,-1.017,0.027
1635778335122,2021-11-01T10:52:15.122,43.800,-0.293,-1.009,0.024
1635778335132,2021-11-01T10:52:15.132,43.810,-0.293,-1.004,0.029
1635778335142,2021-11-01T10:52:15.142,43.820,-0.292,-1.010,0.029
1635778335152,2021-11-01T10:52:15.152,43.830,-0.294,-1.014,0.025
1635778335162,2021-11-01T10:52:15.162,43.840,-0.293,-1.009,0.020
1635778335172,2021-11-01T10:52:15.172,43.850,-0.295,-1.002,0.015
1635778335182,2021-11-01T10:52:15.182,43.860,-0.296,-0.999,0.018
1635778335192,2021-11-01T10:52:15.192,43.870,-0.296,-1.018,0.013
1635778335202,2021-11-01T10:52:15.202,43.880,-0.301,-1.029,0.018
1635778335212,2021-11-01T10:52:15.212,43.890,-0.300,-1.021,0.018
1635778335222,2021-11-01T10:52:15.222,43.900,-0.297,-1.004,0.018
1635778335232,2021-11-01T10:52:15.232,43.910,-0.296,-0.998,0.020
1635778335242,2021-11-01T10:52:15.242,43.920,-0.298,-1.007,0.022
1635778335252,2021-11-01T10:52:15.252,43.930,-0.297,-1.013,0.021
1635778335262,2021-11-01T10:52:15.262,43.940,-0.297,-1.009,0.020
1635778335272,2021-11-01T10:52:15.272,43.950,-0.296,-1.011,0.017
1635778335282,2021-11-01T10:52:15.282,43.960,-0.296,-1.012,0.018
1635778335292,2021-11-01T10:52:15.292,43.970,-0.297,-1.012,0.018
1635778335302,2021-11-01T10:52:15.302,43.980,-0.292,-1.015,0.021
1635778335312,2021-11-01T10:52:15.312,43.990,-0.289,-1.013,0.020
1635778335322,2021-11-01T10:52:15.322,44.000,-0.288,-1.012,0.020
1635778335332,2021-11-01T10:52:15.332,44.010,-0.290,-1.008,0.021
1635778335342,2021-11-01T10:52:15.342,44.020,-0.285,-1.006,0.017
1635778335352,2021-11-01T10:52:15.352,44.030,-0.290,-0.999,0.018
1635778335362,2021-11-01T10:52:15.362,44.040,-0.297,-0.998,0.018
1635778335372,2021-11-01T10:52:15.372,44.050,-0.296,-1.002,0.021
1635778335382,2021-11-01T10:52:15.382,44.060,-0.298,-1.005,0.019
1635778335392,2021-11-01T10:52:15.392,44.070,-0.303,-1.010,0.021
1635778335402,2021-11-01T10:52:15.402,44.080,-0.306,-1.016,0.021
1635778335412,2021-11-01T10:52:15.412,44.090,-0.306,-1.017,0.018
1635778335422,2021-11-01T10:52:15.422,44.100,-0.304,-1.010,0.022
1635778335432,2021-11-01T10:52:15.432,44.110,-0.307,-1.007,0.021
1635778335442,2021-11-01T10:52:15.442,44.120,-0.304,-1.004,0.019
1635778335452,2021-11-01T10:52:15.452,44.130,-0.298,-1.005,0.022
1635778335462,2021-11-01T10:52:15.462,44.140,-0.298,-1.007,0.023
1635778335472,2021-11-01T10:52:15.472,44.150,-0.296,-1.010,0.025
1635778335482,2021-11-01T10:52:15.482,44.160,-0.295,-1.011,0.028
1635778335492,2021-11-01T10:52:15.492,44.170,-0.291,-1.020,0.027
1635778335502,2021-11-01T10:52:15.502,44.180,-0.296,-1.021,0.027
1635778335512,2021-11-01T10:52:15.512,44.190,-0.295,-1.015,0.028
1635778335522,2021-11-01T10:52:15.522,44.200,-0.293,-1.011,0.029
1635778335532,2021-11-01T10:52:15.532,44.210,-0.295,-1.017,0.024
1635778335542,2021-11-01T10:52:15.542,44.220,-0.293,-1.018,0.027
1635778335552,2021-11-01T10:52:15.552,44.230,-0.296,-1.010,0.030
1635778335562,2021-11-01T10:52:15.562,44.240,-0.296,-1.011,0.027
1635778335572,2021-11-01T10:52:15.572,44.250,-0.294,-1.015,0.028
1635778335582,2021-11-01T10:52:15.582,44.260,-0.297,-1.015,0.023
1635778335592,2021-11-01T10:52:15.592,44.270,-0.300,-1.009,0.019
1635778335602,2021-11-01T10:52:15.602,44.280,-0.299,-1.001,0.014
1635778335612,2021-11-01T10:52:15.612,44.290,-0.300,-1.003,0.014
1635778335622,2021-11-01T10:52:15.622,44.300,-0.298,-1.012,0.009
1635778335632,2021-11-01T10:52:15.632,44.310,-0.297,-1.011,0.011
1635778335642,2021-11-01T10:52:15.642,44.320,-0.293,-1.002,0.014
1635778335652,2021-11-01T10:52:15.652,44.330,-0.292,-0.994,0.016
1635778335662,2021-11-01T10:52:15.662,44.340,-0.293,-0.999,0.013
1635778335672,2021-11-01T10:52:15.672,44.350,-0.293,-1.011,0.013
1635778335682,2021-11-01T10:52:15.682,44.360,-0.293,-1.013,0.014
1635778335692,2021-11-01T10:52:15.692,44.370,-0.297,-1.004,0.012
1635778335702,2021-11-01T10:52:15.702,44.380,-0.298,-1.000,0.012
1635778335712,2021-11-01T10:52:15.712,44.390,-0.297,-1.004,0.010
1635778335722,2021-11-01T10:52:15.722,44.400,-0.298,-1.012,0.012
1635778335732,2021-11-01T10:52:15.732,44.410,-0.301,-1.008,0.018
1635778335742,2021-11-01T10:52:15.742,44.420,-0.298,-1.003,0.016
1635778335752,2021-11-01T10:52:15.752,44.430,-0.294,-1.007,0.017
1635778335762,2021-11-01T10:52:15.762,44.440,-0.294,-1.012,0.021
1635778335772,2021-11-01T10:52:15.772,44.450,-0.295,-1.017,0.018
1635778335782,2021-11-01T10:52:15.782,44.460,-0.296,-1.019,0.017
1635778335792,2021-11-01T10:52:15.792,44.470,-0.299,-1.016,0.019
1635778335802,2021-11-01T10:52:15.802,44.480,-0.297,-1.010,0.019
1635778335812,2021-11-01T10:52:15.812,44.490,-0.300,-1.008,0.014
1635778335822,2021-11-01T10:52:15.822,44.500,-0.300,-1.009,0.018
1635778335832,2021-11-01T10:52:15.832,44.510,-0.293,-1.016,0.019
1635778335842,2021-11-01T10:52:15.842,44.520,-0.292,-1.019,0.019
1635778335852,2021-11-01T10:52:15.852,44.530,-0.289,-1.015,0.020
1635778335862,2021-11-01T10:52:15.862,44.540,-0.289,-1.008,0.019
1635778335872,2021-11-01T10:52:15.872,44.550,-0.291,-1.004,0.020
1635778335882,2021-11-01T10:52:15.882,44.560,-0.293,-1.000,0.023
1635778335892,2021-11-01T10:52:15.892,44.570,-0.296,-0.999,0.019
1635778335902,2021-11-01T10:52:15.902,44.580,-0.294,-1.005,0.021
1635778335912,2021-11-01T10:52:15.912,44.590,-0.297,-1.015,0.021
1635778335922,2021-11-01T10:52:15.922,44.600,-0.297,-1.017,0.021
1635778335932,2021-11-01T10:52:15.932,44.610,-0.297,-1.021,0.021
1635778335942,2021-11-01T10:52:15.942,44.620,-0.297,-1.016,0.025
1635778335952,2021-11-01T10:52:15.952,44.630,-0.293,-1.011,0.031
1635778335962,2021-11-01T10:52:15.962,44.640,-0.292,-1.017,0.028
1635778335972,2021-11-01T10:52:15.972,44.650,-0.292,-1.026,0.025
1635778335982,2021-11-01T10:52:15.982,44.660,-0.295,-1.025,0.023
1635778335992,2021-11-01T10:52:15.992,44.670,-0.293,-1.010,0.024
1635778336002,2021-11-01T10:52:16.002,44.680,-0.294,-0.998,0.021
1635778336012,2021-11-01T10:52:16.012,44.690,-0.290,-1.004,0.022
1635778336022,2021-11-01T10:52:16.022,44.700,-0.283,-1.023,0.020
1635778336032,2021-11-01T10:52:16.032,44.710,-0.285,-1.035,0.017
1635778336042,2021-11-01T10:52:16.042,44.720,-0.281,-1.022,0.021
1635778336052,2021-11-01T10:52:16.052,44.730,-0.276,-1.006,0.017
1635778336062,2021-11-01T10:52:16.062,44.740,-0.274,-1.012,0.011
1635778336072,2021-11-01T10:52:16.072,44.750,-0.278,-1.014,0.008
1635778336082,2021-11-01T10:52:16.082,44.760,-0.282,-0.996,0.008
1635778336092,2021-11-01T10:52:16.092,44.770,-0.280,-0.998,0.006
1635778336102,2021-11-01T10:52:16.102,44.780,-0.280,-1.006,0.001
1635778336112,2021-11-01T10:52:16.112,44.790,-0.280,-1.000,0.005
1635778336122,2021-11-01T10:52:16.122,44.800,-0.278,-0.993,0.008
1635778336132,2021-11-01T10:52:16.132,44.810,-0.275,-0.990,0.014
1635778336142,2021-11-01T10:52:16.142,44.820,-0.275,-0.996,0.014
1635778336152,2021-11-01T10:52:16.152,44.830,-0.277,-1.002,0.016
1635778336162,2021-11-01T10:52:16.162,44.840,-0.279,-1.001,0.017
1635778336172,2021-11-01T10:52:16.172,44.850,-0.276,-1.001,0.015
1635778336182,2021-11-01T10:52:16.182,44.860,-0.277,-1.001,0.013
1635778336192,2021-11-01T10:52:16.192,44.870,-0.281,-1.001,0.015
1635778336202,2021-11-01T10:52:16.202,44.880,-0.281,-0.999,0.017
1635778336212,2021-11-01T10:52:16.212,44.890,-0.283,-1.006,0.017
1635778336222,2021-11-01T10:52:16.222,44.900,-0.289,-1.014,0.017
1635778336232,2021-11-01T10:52:16.232,44.910,-0.293,-1.020,0.015
1635778336242,2021-11-01T10:52:16.242,44.920,-0.295,-1.024,0.014
1635778336252,2021-11-01T10:52:16.252,44.930,-0.294,-1.030,0.016
1635778336262,2021-11-01T10:52:16.262,44.940,-0.293,-1.030,0.015
1635778336272,2021-11-01T10:52:16.272,44.950,-0.290,-1.025,0.017
1635778336282,2021-11-01T10:52:16.282,44.960,-0.285,-1.015,0.014
1635778336292,2021-11-01T10:52:16.292,44.970,-0.283,-1.008,0.011
1635778336302,2021-11-01T10:52:16.302,44.980,-0.287,-1.004,0.018
1635778336312,2021-11-01T10:52:16.312,44.990,-0.285,-1.005,0.018
1635778336322,2021-11-01T10:52:16.322,45.000,-0.288,-1.001,0.017
1635778336332,2021-11-01T10:52:16.332,45.010,-0.290,-0.996,0.018
1635778336342,2021-11-01T10:52:16.342,45.020,-0.286,-0.995,0.015
1635778336352,2021-11-01T10:52:16.352,45.030,-0.284,-0.994,0.013
1635778336362,2021-11-01T10:52:16.362,45.040,-0.283,-0.991,0.015
1635778336372,2021-11-01T10:52:16.372,45.050,-0.276,-0.987,0.015
1635778336382,2021-11-01T10:52:16.382,45.060,-0.275,-0.985,0.016
1635778336392,2021-11-01T10:52:16.392,45.070,-0.272,-0.986,0.014
1635778336402,2021-11-01T10:52:16.402,45.080,-0.274,-0.979,0.015
1635778336412,2021-11-01T10:52:16.412,45.090,-0.269,-0.976,0.015
1635778336422,2021-11-01T10:52:16.422,45.100,-0.270,-0.982,0.015
1635778336432,2021-11-01T10:52:16.432,45.110,-0.264,-1.000,0.012
1635778336442,2021-11-01T10:52:16.442,45.120,-0.264,-1.002,0.009
1635778336452,2021-11-01T10:52:16.452,45.130,-0.256,-1.002,0.006
1635778336462,2021-11-01T10:52:16.462,45.140,-0.247,-1.005,0.004
1635778336472,2021-11-01T10:52:16.472,45.150,-0.229,-1.007,0.007
1635778336482,2021-11-01T10:52:16.482,45.160,-0.206,-0.991,0.004
1635778336492,2021-11-01T10:52:16.492,45.170,-0.192,-0.933,0.004
1635778336502,2021-11-01T10:52:16.502,45.180,-0.179,-0.884,-0.001
1635778336512,2021-11-01T10:52:16.512,45.190,-0.165,-0.883,-0.014
1635778336522,2021-11-01T10:52:16.522,45.200,-0.160,-0.891,-0.006
1635778336532,2021-11-01T10:52:16.532,45.210,-0.147,-0.874,-0.004
1635778336542,2021-11-01T10:52:16.542,45.220,-0.138,-0.837,-0.013
1635778336552,2021-11-01T10:52:16.552,45.230,-0.133,-0.830,-0.015
1635778336562,2021-11-01T10:52:16.562,45.240,-0.139,-0.870,-0.021
1635778336572,2021-11-01T10:52:16.572,45.250,-0.151,-0.892,-0.016
1635778336582,2021-11-01T10:52:16.582,45.260,-0.159,-0.859,-0.016
1635778336592,2021-11-01T10:52:16.592,45.270,-0.177,-0.789,-0.010
1635778336602,2021-11-01T10:52:16.602,45.280,-0.184,-0.746,-0.008
1635778336612,2021-11-01T10:52:16.612,45.290,-0.195,-0.741,-0.003
1635778336622,2021-11-01T10:52:16.622,45.300,-0.199,-0.748,0.010
1635778336632,2021-11-01T10:52:16.632,45.310,-0.216,-0.741,0.015
1635778336642,2021-11-01T10:52:16.642,45.320,-0.235,-0.722,0.016
1635778336652,2021-11-01T10:52:16.652,45.330,-0.253,-0.705,0.021
1635778336662,2021-11-01T10:52:16.662,45.340,-0.267,-0.693,0.030
1635778336672,2021-11-01T10:52:16.672,45.350,-0.272,-0.682,0.028
1635778336682,2021-11-01T10:52:16.682,45.360,-0.265,-0.677,0.028
1635778336692,2021-11-01T10:52:16.692,45.370,-0.260,-0.712,0.030
1635778336702,2021-11-01T10:52:16.702,45.380,-0.273,-0.750,0.036
1635778336712,2021-11-01T10:52:16.712,45.390,-0.293,-0.727,0.059
1635778336722,2021-11-01T10:52:16.722,45.400,-0.302,-0.669,0.067
1635778336732,2021-11-01T10:52:16.732,45.410,-0.320,-0.624,0.069
1635778336742,2021-11-01T10:52:16.742,45.420,-0.350,-0.640,0.068
1635778336752,2021-11-01T10:52:16.752,45.430,-0.395,-0.663,0.070
1635778336762,2021-11-01T10:52:16.762,45.440,-0.419,-0.647,0.070
1635778336772,2021-11-01T10:52:16.772,45.450,-0.419,-0.641,0.063
1635778336782,2021-11-01T10:52:16.782,45.460,-0.429,-0.663,0.065
1635778336792,2021-11-01T10:52:16.792,45.470,-0.447,-0.681,0.079
1635778336802,2021-11-01T10:52:16.802,45.480,-0.458,-0.681,0.084
1635778336812,2021-11-01T10:52:16.812,45.490,-0.484,-0.680,0.083
1635778336822,2021-11-01T10:52:16.822,45.500,-0.530,-0.676,0.085
1635778336832,2021-11-01T10:52:16.832,45.510,-0.570,-0.655,0.088
1635778336842,2021-11-01T10:52:16.842,45.520,-0.590,-0.616,0.090
1635778336852,2021-11-01T10:52:16.852,45.530,-0.602,-0.585,0.092
1635778336862,2021-11-01T10:52:16.862,45.540,-0.623,-0.601,0.095
1635778336872,2021-11-01T10:52:16.872,45.550,-0.641,-0.659,0.091
1635778336882,2021-11-01T10:52:16.882,45.560,-0.650,-0.717,0.097
1635778336892,2021-11-01T10:52:16.892,45.570,-0.655,-0.734,0.118
1635778336902,2021-11-01T10:52:16.902,45.580,-0.670,-0.697,0.117
1635778336912,2021-11-01T10:52:16.912,45.590,-0.709,-0.605,0.119
1635778336922,2021-11-01T10:52:16.922,45.600,-0.751,-0.525,0.119
1635778336932,2021-11-01T10:52:16.932,45.610,-0.793,-0.531,0.109
1635778336942,2021-11-01T10:52:16.942,45.620,-0.833,-0.626,0.114
1635778336952,2021-11-01T10:52:16.952,45.630,-0.848,-0.760,0.125
1635778336962,2021-11-01T10:52:16.962,45.640,-0.847,-0.852,0.125
1635778336972,2021-11-01T10:52:16.972,45.650,-0.830,-0.847,0.122
1635778336982,2021-11-01T10:52:16.982,45.660,-0.814,-0.747,0.117
1635778336992,2021-11-01T10:52:16.992,45.670,-0.815,-0.622,0.118
1635778337002,2021-11-01T10:52:17.002,45.680,-0.832,-0.548,0.115
1635778337012,2021-11-01T10:52:17.012,45.690,-0.863,-0.568,0.122
1635778337022,2021-11-01T10:52:17.022,45.700,-0.905,-0.662,0.133
1635778337032,2021-11-01T10:52:17.032,45.710,-0.936,-0.772,0.146
1635778337042,2021-11-01T10:52:17.042,45.720,-0.952,-0.832,0.146
1635778337052,2021-11-01T10:52:17.052,45.730,-0.961,-0.811,0.143
1635778337062,2021-11-01T10:52:17.062,45.740,-0.958,-0.748,0.132
1635778337072,2021-11-01T10:52:17.072,45.750,-0.936,-0.715,0.118
1635778337082,2021-11-01T10:52:17.082,45.760,-0.907,-0.714,0.113
1635778337092,2021-11-01T10:52:17.092,45.770,-0.902,-0.675,0.124
1635778337102,2021-11-01T10:52:17.102,45.780,-0.919,-0.597,0.137
1635778337112,2021-11-01T10:52:17.112,45.790,-0.943,-0.582,0.149
1635778337122,2021-11-01T10:52:17.122,45.800,-0.983,-0.671,0.156
1635778337132,2021-11-01T10:52:17.132,45.810,-1.029,-0.777,0.154
1635778337142,2021-11-01T10:52:17.142,45.820,-1.065,-0.798,0.143
1635778337152,2021-11-01T10:52:17.152,45.830,-1.072,-0.746,0.126
1635778337162,2021-11-01T10:52:17.162,45.840,-1.062,-0.723,0.120
1635778337172,2021-11-01T10:52:17.172,45.850,-1.037,-0.745,0.121
1635778337182,2021-11-01T10:52:17.182,45.860,-1.019,-0.745,0.129
1635778337192,2021-11-01T10:52:17.192,45.870,-1.016,-0.703,0.133
1635778337202,2021-11-01T10:52:17.202,45.880,-1.019,-0.654,0.132
1635778337212,2021-11-01T10:52:17.212,45.890,-1.026,-0.662,0.123
1635778337222,2021-11-01T10:52:17.222,45.900,-1.050,-0.722,0.117
1635778337232,2021-11-01T10:52:17.232,45.910,-1.071,-0.756,0.115
1635778337242,2021-11-01T10:52:17.242,45.920,-1.057,-0.734,0.113
1635778337252,2021-11-01T10:52:17.252,45.930,-1.031,-0.702,0.113
1635778337262,2021-11-01T10:52:17.262,45.940,-1.018,-0.693,0.116
1635778337272,2021-11-01T10:52:17.272,45.950,-1.014,-0.680,0.121
1635778337282,2021-11-01T10:52:17.282,45.960,-1.021,-0.652,0.121
1635778337292,2021-11-01T10:52:17.292,45.970,-1.039,-0.638,0.117
1635778337302,2021-11-01T10:52:17.302,45.980,-1.064,-0.667,0.112
1635778337312,2021-11-01T10:52:17.312,45.990,-1.064,-0.710,0.104
1635778337322,2021-11-01T10:52:17.322,46.000,-1.055,-0.721,0.094
1635778337332,2021-11-01T10:52:17.332,46.010,-1.057,-0.706,0.094
1635778337342,2021-11-01T10:52:17.342,46.020,-1.065,-0.693,0.099
1635778337352,2021-11-01T10:52:17.352,46.030,-1.087,-0.674,0.100
1635778337362,2021-11-01T10:52:17.362,46.040,-1.107,-0.642,0.092
1635778337372,2021-11-01T10:52:17.372,46.050,-1.112,-0.614,0.080
1635778337382,2021-11-01T10:52:17.382,46.060,-1.106,-0.620,0.076
1635778337392,2021-11-01T10:52:17.392,46.070,-1.084,-0.663,0.071
1635778337402,2021-11-01T10:52:17.402,46.080,-1.062,-0.718,0.071
1635778337412,2021-11-01T10:52:17.412,46.090,-1.050,-0.727,0.071
1635778337422,2021-11-01T10:52:17.422,46.100,-1.034,-0.688,0.063
1635778337432,2021-11-01T10:52:17.432,46.110,-1.029,-0.635,0.059
1635778337442,2021-11-01T10:52:17.442,46.120,-1.038,-0.609,0.054
1635778337452,2021-11-01T10:52:17.452,46.130,-1.052,-0.628,0.054
1635778337462,2021-11-01T10:52:17.462,46.140,-1.076,-0.655,0.057
1635778337472,2021-11-01T10:52:17.472,46.150,-1.089,-0.669,0.060
1635778337482,2021-11-01T10:52:17.482,46.160,-1.087,-0.700,0.069
1635778337492,2021-11-01T10:52:17.492,46.170,-1.079,-0.727,0.094
1635778337502,2021-11-01T10:52:17.502,46.180,-1.070,-0.727,0.107
1635778337512,2021-11-01T10:52:17.512,46.190,-1.050,-0.708,0.111
1635778337522,2021-11-01T10:52:17.522,46.200,-1.049,-0.688,0.118
1635778337532,2021-11-01T10:52:17.532,46.210,-1.066,-0.682,0.109
1635778337542,2021-11-01T10:52:17.542,46.220,-1.074,-0.698,0.088
1635778337552,2021-11-01T10:52:17.552,46.230,-1.068,-0.756,0.082
1635778337562,2021-11-01T10:52:17.562,46.240,-1.060,-0.841,0.081
1635778337572,2021-11-01T10:52:17.572,46.250,-1.055,-0.899,0.081
1635778337582,2021-11-01T10:52:17.582,46.260,-1.029,-0.939,0.076
1635778337592,2021-11-01T10:52:17.592,46.270,-0.991,-0.972,0.074
1635778337602,2021-11-01T10:52:17.602,46.280,-0.955,-0.989,0.075
1635778337612,2021-11-01T10:52:17.612,46.290,-0.909,-0.998,0.067
1635778337622,2021-11-01T10:52:17.622,46.300,-0.860,-1.012,0.055
1635778337632,2021-11-01T10:52:17.632,46.310,-0.816,-1.052,0.042
1635778337642,2021-11-01T10:52:17.642,46.320,-0.777,-1.115,0.034
1635778337652,2021-11-01T10:52:17.652,46.330,-0.744,-1.158,0.034
1635778337662,2021-11-01T10:52:17.662,46.340,-0.717,-1.154,0.030
1635778337672,2021-11-01T10:52:17.672,46.350,-0.692,-1.108,0.030
1635778337682,2021-11-01T10:52:17.682,46.360,-0.670,-1.065,0.026
1635778337692,2021-11-01T10:52:17.692,46.370,-0.649,-1.033,0.027
1635778337702,2021-11-01T10:52:17.702,46.380,-0.625,-0.991,0.022
1635778337712,2021-11-01T10:52:17.712,46.390,-0.603,-0.936,0.017
1635778337722,2021-11-01T10:52:17.722,46.400,-0.579,-0.887,0.006
1635778337732,2021-11-01T10:52:17.732,46.410,-0.550,-0.850,0.011
1635778337742,2021-11-01T10:52:17.742,46.420,-0.521,-0.820,0.018
1635778337752,2021-11-01T10:52:17.752,46.430,-0.493,-0.798,0.024
1635778337762,2021-11-01T10:52:17.762,46.440,-0.462,-0.785,0.025
1635778337772,2021-11-01T10:52:17.772,46.450,-0.438,-0.769,0.036
1635778337782,2021-11-01T10:52:17.782,46.460,-0.420,-0.742,0.040
1635778337792,2021-11-01T10:52:17.792,46.470,-0.400,-0.735,0.030
1635778337802,2021-11-01T10:52:17.802,46.480,-0.382,-0.749,0.028
1635778337812,2021-11-01T10:52:17.812,46.490,-0.373,-0.764,0.026
1635778337822,2021-11-01T10:52:17.822,46.500,-0.364,-0.783,0.022
1635778337832,2021-11-01T10:52:17.832,46.510,-0.361,-0.806,0.021
1635778337842,2021-11-01T10:52:17.842,46.520,-0.359,-0.837,0.021
1635778337852,2021-11-01T10:52:17.852,46.530,-0.357,-0.865,0.023
1635778337862,2021-11-01T10:52:17.862,46.540,-0.354,-0.881,0.022
1635778337872,2021-11-01T10:52:17.872,46.550,-0.346,-0.883,0.023
1635778337882,2021-11-01T10:52:17.882,46.560,-0.332,-0.889,0.022
1635778337892,2021-11-01T10:52:17.892,46.570,-0.322,-0.907,0.015
1635778337902,2021-11-01T10:52:17.902,46.580,-0.313,-0.927,0.014
1635778337912,2021-11-01T10:52:17.912,46.590,-0.298,-0.933,-0.002
1635778337922,2021-11-01T10:52:17.922,46.600,-0.289,-0.937,-0.015
1635778337932,2021-11-01T10:52:17.932,46.610,-0.287,-0.938,-0.021
1635778337942,2021-11-01T10:52:17.942,46.620,-0.282,-0.932,-0.024
1635778337952,2021-11-01T10:52:17.952,46.630,-0.275,-0.929,-0.032
1635778337962,2021-11-01T10:52:17.962,46.640,-0.271,-0.940,-0.039
1635778337972,2021-11-01T10:52:17.972,46.650,-0.277,-0.966,-0.042
1635778337982,2021-11-01T10:52:17.982,46.660,-0.278,-0.976,-0.042
1635778337992,2021-11-01T10:52:17.992,46.670,-0.278,-0.967,-0.046
1635778338002,2021-11-01T10:52:18.002,46.680,-0.284,-0.950,-0.049
1635778338012,2021-11-01T10:52:18.012,46.690,-0.292,-0.936,-0.048
1635778338022,2021-11-01T10:52:18.022,46.700,-0.295,-0.923,-0.047
1635778338032,2021-11-01T10:52:18.032,46.710,-0.307,-0.920,-0.049
1635778338042,2021-11-01T10:52:18.042,46.720,-0.310,-0.923,-0.052
1635778338052,2021-11-01T10:52:18.052,46.730,-0.313,-0.933,-0.049
1635778338062,2021-11-01T10:52:18.062,46.740,-0.318,-0.950,-0.049
1635778338072,2021-11-01T10:52:18.072,46.750,-0.316,-0.962,-0.045
1635778338082,2021-11-01T10:52:18.082,46.760,-0.309,-0.967,-0.045
1635778338092,2021-11-01T10:52:18.092,46.770,-0.304,-0.972,-0.042
1635778338102,2021-11-01T10:52:18.102,46.780,-0.295,-0.978,-0.036
1635778338112,2021-11-01T10:52:18.112,46.790,-0.284,-0.978,-0.031
1635778338122,2021-11-01T10:52:18.122,46.800,-0.280,-0.972,-0.028
1635778338132,2021-11-01T10:52:18.132,46.810,-0.273,-0.969,-0.024
1635778338142,2021-11-01T10:52:18.142,46.820,-0.265,-0.978,-0.022
1635778338152,2021-11-01T10:52:18.152,46.830,-0.264,-1.001,-0.021
1635778338162,2021-11-01T10:52:18.162,46.840,-0.270,-1.023,-0.021
1635778338172,2021-11-01T10:52:18.172,46.850,-0.273,-1.031,-0.019
1635778338182,2021-11-01T10:52:18.182,46.860,-0.278,-1.025,-0.019
1635778338192,2021-11-01T10:52:18.192,46.870,-0.272,-1.021,-0.013
1635778338202,2021-11-01T10:52:18.202,46.880,-0.267,-1.022,-0.011
1635778338212,2021-11-01T10:52:18.212,46.890,-0.261,-1.029,-0.012
1635778338222,2021-11-01T10:52:18.222,46.900,-0.262,-1.031,-0.010
1635778338232,2021-11-01T10:52:18.232,46.910,-0.267,-1.025,-0.008
1635778338242,2021-11-01T10:52:18.242,46.920,-0.264,-1.016,-0.009
1635778338252,2021-11-01T10:52:18.252,46.930,-0.268,-1.019,-0.017
1635778338262,2021-11-01T10:52:18.262,46.940,-0.273,-1.035,-0.015
1635778338272,2021-11-01T10:52:18.272,46.950,-0.269,-1.042,-0.017
1635778338282,2021-11-01T10:52:18.282,46.960,-0.259,-1.027,-0.023
1635778338292,2021-11-01T10:52:18.292,46.970,-0.256,-1.008,-0.023
1635778338302,2021-11-01T10:52:18.302,46.980,-0.250,-1.002,-0.020
1635778338312,2021-11-01T10:52:18.312,46.990,-0.235,-1.006,-0.020
1635778338322,2021-11-01T10:52:18.322,47.000,-0.235,-1.004,-0.020
1635778338332,2021-11-01T10:52:18.332,47.010,-0.233,-0.996,-0.020
1635778338342,2021-11-01T10:52:18.342,47.020,-0.227,-0.995,-0.023
1635778338352,2021-11-01T10:52:18.352,47.030,-0.222,-1.000,-0.021
1635778338362,2021-11-01T10:52:18.362,47.040,-0.216,-1.008,-0.025
1635778338372,2021-11-01T10:52:18.372,47.050,-0.216,-1.013,-0.020
1635778338382,2021-11-01T10:52:18.382,47.060,-0.216,-1.013,-0.023
1635778338392,2021-11-01T10:52:18.392,47.070,-0.210,-1.012,-0.027
1635778338402,2021-11-01T10:52:18.402,47.080,-0.208,-1.005,-0.023
1635778338412,2021-11-01T10:52:18.412,47.090,-0.205,-1.006,-0.017
1635778338422,2021-11-01T10:52:18.422,47.100,-0.206,-1.012,-0.017
1635778338432,2021-11-01T10:52:18.432,47.110,-0.205,-1.010,-0.017
1635778338442,2021-11-01T10:52:18.442,47.120,-0.205,-1.003,-0.019
1635778338452,2021-11-01T10:52:18.452,47.130,-0.213,-1.000,-0.025
1635778338462,2021-11-01T10:52:18.462,47.140,-0.218,-1.001,-0.022
1635778338472,2021-11-01T10:52:18.472,47.150,-0.211,-1.010,-0.024
1635778338482,2021-11-01T10:52:18.482,47.160,-0.208,-1.021,-0.024
1635778338492,2021-11-01T10:52:18.492,47.170,-0.208,-1.021,-0.022
1635778338502,2021-11-01T10:52:18.502,47.180,-0.206,-1.014,-0.021
1635778338512,2021-11-01T10:52:18.512,47.190,-0.204,-1.014,-0.025
1635778338522,2021-11-01T10:52:18.522,47.200,-0.209,-1.010,-0.022
1635778338532,2021-11-01T10:52:18.532,47.210,-0.212,-1.008,-0.018
1635778338542,2021-11-01T10:52:18.542,47.220,-0.217,-1.015,-0.017
1635778338552,2021-11-01T10:52:18.552,47.230,-0.215,-1.028,-0.017
1635778338562,2021-11-01T10:52:18.562,47.240,-0.210,-1.036,-0.014
1635778338572,2021-11-01T10:52:18.572,47.250,-0.209,-1.032,-0.009
1635778338582,2021-11-01T10:52:18.582,47.260,-0.208,-1.024,-0.005
1635778338592,2021-11-01T10:52:18.592,47.270,-0.204,-1.028,-0.005
1635778338602,2021-11-01T10:52:18.602,47.280,-0.207,-1.035,-0.003
1635778338612,2021-11-01T10:52:18.612,47.290,-0.204,-1.036,-0.002
1635778338622,2021-11-01T10:52:18.622,47.300,-0.205,-1.035,-0.006
1635778338632,2021-11-01T10:52:18.632,47.310,-0.211,-1.033,-0.007
1635778338642,2021-11-01T10:52:18.642,47.320,-0.209,-1.034,-0.004
1635778338652,2021-11-01T10:52:18.652,47.330,-0.208,-1.037,-0.002
1635778338662,2021-11-01T10:52:18.662,47.340,-0.213,-1.033,-0.001
1635778338672,2021-11-01T10:52:18.672,47.350,-0.205,-1.027,0.000
1635778338682,2021-11-01T10:52:18.682,47.360,-0.197,-1.028,0.001
1635778338692,2021-11-01T10:52:18.692,47.370,-0.198,-1.031,0.004
1635778338702,2021-11-01T10:52:18.702,47.380,-0.200,-1.029,0.008
1635778338712,2021-11-01T10:52:18.712,47.390,-0.197,-1.023,0.006
1635778338722,2021-11-01T10:52:18.722,47.400,-0.193,-1.021,0.002
1635778338732,2021-11-01T10:52:18.732,47.410,-0.197,-1.023,0.002
1635778338742,2021-11-01T10:52:18.742,47.420,-0.199,-1.025,-0.003
1635778338752,2021-11-01T10:52:18.752,47.430,-0.206,-1.027,-0.003
1635778338762,2021-11-01T10:52:18.762,47.440,-0.202,-1.028,-0.004
1635778338772,2021-11-01T10:52:18.772,47.450,-0.199,-1.025,-0.006
1635778338782,2021-11-01T10:52:18.782,47.460,-0.198,-1.021,0.000
1635778338792,2021-11-01T10:52:18.792,47.470,-0.199,-1.018,0.000
1635778338802,2021-11-01T10:52:18.802,47.480,-0.201,-1.016,0.002
1635778338812,2021-11-01T10:52:18.812,47.490,-0.204,-1.031,0.001
1635778338822,2021-11-01T10:52:18.822,47.500,-0.209,-1.042,0.003
1635778338832,2021-11-01T10:52:18.832,47.510,-0.213,-1.036,0.006
1635778338842,2021-11-01T10:52:18.842,47.520,-0.209,-1.031,0.002
1635778338852,2021-11-01T10:52:18.852,47.530,-0.216,-1.028,0.003
1635778338862,2021-11-01T10:52:18.862,47.540,-0.222,-1.028,0.001
1635778338872,2021-11-01T10:52:18.872,47.550,-0.222,-1.028,0.000
1635778338882,2021-11-01T10:52:18.882,47.560,-0.220,-1.024,0.000
1635778338892,2021-11-01T10:52:18.892,47.570,-0.222,-1.026,0.001
1635778338902,2021-11-01T10:52:18.902,47.580,-0.228,-1.026,-0.001
1635778338912,2021-11-01T10:52:18.912,47.590,-0.229,-1.024,-0.008
1635778338922,2021-11-01T10:52:18.922,47.600,-0.230,-1.032,-0.010
1635778338932,2021-11-01T10:52:18.932,47.610,-0.231,-1.036,-0.012
1635778338942,2021-11-01T10:52:18.942,47.620,-0.237,-1.035,-0.012
1635778338952,2021-11-01T10:52:18.952,47.630,-0.235,-1.024,-0.013
1635778338962,2021-11-01T10:52:18.962,47.640,-0.228,-1.026,-0.016
1635778338972,2021-11-01T10:52:18.972,47.650,-0.227,-1.024,-0.011
1635778338982,2021-11-01T10:52:18.982,47.660,-0.227,-1.022,-0.012
1635778338992,2021-11-01T10:52:18.992,47.670,-0.220,-1.022,-0.010
1635778339002,2021-11-01T10:52:19.002,47.680,-0.221,-1.011,-0.010
1635778339012,2021-11-01T10:52:19.012,47.690,-0.223,-1.008,-0.019
1635778339022,2021-11-01T10:52:19.022,47.700,-0.225,-1.015,-0.018
1635778339032,2021-11-01T10:52:19.032,47.710,-0.227,-1.021,-0.019
1635778339042,2021-11-01T10:52:19.042,47.720,-0.229,-1.021,-0.017
1635778339052,2021-11-01T10:52:19.052,47.730,-0.225,-1.024,-0.018
1635778339062,2021-11-01T10:52:19.062,47.740,-0.225,-1.029,-0.013
1635778339072,2021-11-01T10:52:19.072,47.750,-0.228,-1.027,-0.007
1635778339082,2021-11-01T10:52:19.082,47.760,-0.228,-1.019,-0.008
1635778339092,2021-11-01T10:52:19.092,47.770,-0.228,-1.020,-0.010
1635778339102,2021-11-01T10:52:19.102,47.780,-0.229,-1.031,-0.011
1635778339112,2021-11-01T10:52:19.112,47.790,-0.232,-1.039,-0.008
1635778339122,2021-11-01T10:52:19.122,47.800,-0.237,-1.034,-0.008
1635778339132,2021-11-01T10:52:19.132,47.810,-0.232,-1.024,-0.016
1635778339142,2021-11-01T10:52:19.142,47.820,-0.235,-1.014,-0.014
1635778339152,2021-11-01T10:52:19.152,47.830,-0.237,-1.009,-0.014
1635778339162,2021-11-01T10:52:19.162,47.840,-0.236,-1.013,-0.019
1635778339172,2021-11-01T10:52:19.172,47.850,-0.235,-1.019,-0.016
1635778339182,2021-11-01T10:52:19.182,47.860,-0.235,-1.019,-0.022
1635778339192,2021-11-01T10:52:19.192,47.870,-0.239,-1.017,-0.026
1635778339202,2021-11-01T10:52:19.202,47.880,-0.244,-1.018,-0.024
1635778339212,2021-11-01T10:52:19.212,47.890,-0.240,-1.022,-0.027
1635778339222,2021-11-01T10:52:19.222,47.900,-0.244,-1.029,-0.028
1635778339232,2021-11-01T10:52:19.232,47.910,-0.244,-1.036,-0.023
1635778339242,2021-11-01T10:52:19.242,47.920,-0.242,-1.033,-0.026
1635778339252,2021-11-01T10:52:19.252,47.930,-0.240,-1.026,-0.022
1635778339262,2021-11-01T10:52:19.262,47.940,-0.241,-1.019,-0.019
1635778339272,2021-11-01T10:52:19.272,47.950,-0.243,-1.012,-0.017
1635778339282,2021-11-01T10:52:19.282,47.960,-0.243,-1.010,-0.020
1635778339292,2021-11-01T10:52:19.292,47.970,-0.245,-1.017,-0.017
1635778339302,2021-11-01T10:52:19.302,47.980,-0.249,-1.027,-0.014
1635778339312,2021-11-01T10:52:19.312,47.990,-0.247,-1.030,-0.013
1635778339322,2021-11-01T10:52:19.322,48.000,-0.244,-1.027,-0.013
1635778339332,2021-11-01T10:52:19.332,48.010,-0.246,-1.019,-0.012
1635778339342,2021-11-01T10:52:19.342,48.020,-0.245,-1.018,-0.012
1635778339352,2021-11-01T10:52:19.352,48.030,-0.241,-1.017,-0.008
1635778339362,2021-11-01T10:52:19.362,48.040,-0.241,-1.015,-0.009
1635778339372,2021-11-01T10:52:19.372,48.050,-0.242,-1.023,-0.009
1635778339382,2021-11-01T10:52:19.382,48.060,-0.243,-1.030,-0.008
1635778339392,2021-11-01T10:52:19.392,48.070,-0.248,-1.032,-0.009
1635778339402,2021-11-01T10:52:19.402,48.080,-0.252,-1.028,-0.011
1635778339412,2021-11-01T10:52:19.412,48.090,-0.252,-1.024,-0.011
1635778339422,2021-11-01T10:52:19.422,48.100,-0.251,-1.023,-0.013
1635778339432,2021-11-01T10:52:19.432,48.110,-0.250,-1.020,-0.014
1635778339442,2021-11-01T10:52:19.442,48.120,-0.246,-1.016,-0.014
1635778339452,2021-11-01T10:52:19.452,48.130,-0.242,-1.018,-0.016
1635778339462,2021-11-01T10:52:19.462,48.140,-0.241,-1.024,-0.017
1635778339472,2021-11-01T10:52:19.472,48.150,-0.242,-1.029,-0.016
1635778339482,2021-11-01T10:52:19.482,48.160,-0.245,-1.021,-0.017
1635778339492,2021-11-01T10:52:19.492,48.170,-0.250,-1.013,-0.018
1635778339502,2021-11-01T10:52:19.502,48.180,-0.248,-1.012,-0.015
1635778339512,2021-11-01T10:52:19.512,48.190,-0.252,-1.021,-0.015
1635778339522,2021-11-01T10:52:19.522,48.200,-0.249,-1.029,-0.010
1635778339532,2021-11-01T10:52:19.532,48.210,-0.246,-1.028,-0.013
1635778339542,2021-11-01T10:52:19.542,48.220,-0.242,-1.023,-0.010
1635778339552,2021-11-01T10:52:19.552,48.230,-0.241,-1.021,-0.005
1635778339562,2021-11-01T10:52:19.562,48.240,-0.242,-1.018,-0.005
1635778339572,2021-11-01T10:52:19.572,48.250,-0.244,-1.019,-0.011
1635778339582,2021-11-01T10:52:19.582,48.260,-0.244,-1.020,-0.007
1635778339592,2021-11-01T10:52:19.592,48.270,-0.246,-1.021,-0.007
1635778339602,2021-11-01T10:52:19.602,48.280,-0.248,-1.025,-0.009
1635778339612,2021-11-01T10:52:19.612,48.290,-0.250,-1.027,-0.007
1635778339622,2021-11-01T10:52:19.622,48.300,-0.252,-1.026,-0.005
1635778339632,2021-11-01T10:52:19.632,48.310,-0.247,-1.024,-0.011
1635778339642,2021-11-01T10:52:19.642,48.320,-0.247,-1.021,-0.005
1635778339652,2021-11-01T10:52:19.652,48.330,-0.250,-1.020,-0.005
1635778339662,2021-11-01T10:52:19.662,48.340,-0.248,-1.022,-0.007
1635778339672,2021-11-01T10:52:19.672,48.350,-0.245,-1.023,-0.006
1635778339682,2021-11-01T10:52:19.682,48.360,-0.246,-1.021,-0.004
1635778339692,2021-11-01T10:52:19.692,48.370,-0.245,-1.023,-0.006
1635778339702,2021-11-01T10:52:19.702,48.380,-0.249,-1.027,-0.006
1635778339712,2021-11-01T10:52:19.712,48.390,-0.250,-1.022,-0.009
1635778339722,2021-11-01T10:52:19.722,48.400,-0.248,-1.021,-0.011
1635778339732,2021-11-01T10:52:19.732,48.410,-0.246,-1.030,-0.012
1635778339742,2021-11-01T10:52:19.742,48.420,-0.244,-1.029,-0.009
1635778339752,2021-11-01T10:52:19.752,48.430,-0.243,-1.018,-0.008
1635778339762,2021-11-01T10:52:19.762,48.440,-0.238,-1.010,-0.014
1635778339772,2021-11-01T10:52:19.772,48.450,-0.241,-1.013,-0.009
1635778339782,2021-11-01T10:52:19.782,48.460,-0.246,-1.021,-0.008
1635778339792,2021-11-01T10:52:19.792,48.470,-0.246,-1.022,-0.008
1635778339802,2021-11-01T10:52:19.802,48.480,-0.250,-1.022,-0.009
1635778339812,2021-11-01T10:52:19.812,48.490,-0.257,-1.022,-0.011
1635778339822,2021-11-01T10:52:19.822,48.500,-0.256,-1.028,-0.006
1635778339832,2021-11-01T10:52:19.832,48.510,-0.252,-1.021,-0.009
1635778339842,2021-11-01T10:52:19.842,48.520,-0.248,-1.010,-0.011
1635778339852,2021-11-01T10:52:19.852,48.530,-0.249,-1.019,-0.007
1635778339862,2021-11-01T10:52:19.862,48.540,-0.253,-1.028,-0.006
1635778339872,2021-11-01T10:52:19.872,48.550,-0.247,-1.016,-0.007
1635778339882,2021-11-01T10:52:19.882,48.560,-0.246,-1.013,-0.003
1635778339892,2021-11-01T10:52:19.892,48.570,-0.250,-1.018,-0.003
1635778339902,2021-11-01T10:52:19.902,48.580,-0.248,-1.026,-0.005
1635778339912,2021-11-01T10:52:19.912,48.590,-0.252,-1.028,-0.003
1635778339922,2021-11-01T10:52:19.922,48.600,-0.261,-1.024,-0.002
1635778339932,2021-11-01T10:52:19.932,48.610,-0.259,-1.021,-0.002
1635778339942,2021-11-01T10:52:19.942,48.620,-0.254,-1.021,-0.001
1635778339952,2021-11-01T10:52:19.952,48.630,-0.254,-1.029,-0.001
1635778339962,2021-11-01T10:52:19.962,48.640,-0.254,-1.027,-0.001
1635778339972,2021-11-01T10:52:19.972,48.650,-0.250,-1.023,0.002
1635778339982,2021-11-01T10:52:19.982,48.660,-0.248,-1.021,0.000
1635778339992,2021-11-01T10:52:19.992,48.670,-0.252,-1.021,0.000
1635778340002,2021-11-01T10:52:20.002,48.680,-0.255,-1.021,0.001
1635778340012,2021-11-01T10:52:20.012,48.690,-0.259,-1.027,-0.002
1635778340022,2021-11-01T10:52:20.022,48.700,-0.260,-1.032,-0.004
1635778340032,2021-11-01T10:52:20.032,48.710,-0.263,-1.033,-0.005
1635778340042,2021-11-01T10:52:20.042,48.720,-0.264,-1.029,-0.005
1635778340052,2021-11-01T10:52:20.052,48.730,-0.262,-1.024,-0.006
1635778340062,2021-11-01T10:52:20.062,48.740,-0.259,-1.029,-0.007
1635778340072,2021-11-01T10:52:20.072,48.750,-0.258,-1.031,-0.005
1635778340082,2021-11-01T10:52:20.082,48.760,-0.257,-1.026,0.000
1635778340092,2021-11-01T10:52:20.092,48.770,-0.255,-1.020,-0.002
1635778340102,2021-11-01T10:52:20.102,48.780,-0.260,-1.015,-0.001
1635778340112,2021-11-01T10:52:20.112,48.790,-0.260,-1.019,-0.004
1635778340122,2021-11-01T10:52:20.122,48.800,-0.258,-1.027,-0.004
1635778340132,2021-11-01T10:52:20.132,48.810,-0.254,-1.023,-0.000
1635778340142,2021-11-01T10:52:20.142,48.820,-0.251,-1.021,-0.001
1635778340152,2021-11-01T10:52:20.152,48.830,-0.249,-1.029,0.000
1635778340162,2021-11-01T10:52:20.162,48.840,-0.249,-1.031,0.004
1635778340172,2021-11-01T10:52:20.172,48.850,-0.248,-1.021,-0.001
1635778340182,2021-11-01T10:52:20.182,48.860,-0.250,-1.015,-0.008
1635778340192,2021-11-01T10:52:20.192,48.870,-0.252,-1.019,-0.008
1635778340202,2021-11-01T10:52:20.202,48.880,-0.256,-1.023,-0.008
1635778340212,2021-11-01T10:52:20.212,48.890,-0.255,-1.021,-0.009
1635778340222,2021-11-01T10:52:20.222,48.900,-0.251,-1.018,-0.014
1635778340232,2021-11-01T10:52:20.232,48.910,-0.248,-1.028,-0.014
1635778340242,2021-11-01T10:52:20.242,48.920,-0.247,-1.035,-0.014
1635778340252,2021-11-01T10:52:20.252,48.930,-0.241,-1.033,-0.017
1635778340262,2021-11-01T10:52:20.262,48.940,-0.242,-1.027,-0.017
1635778340272,2021-11-01T10:52:20.272,48.950,-0.242,-1.023,-0.017
1635778340282,2021-11-01T10:52:20.282,48.960,-0.236,-1.027,-0.020
1635778340292,2021-11-01T10:52:20.292,48.970,-0.235,-1.020,-0.018
1635778340302,2021-11-01T10:52:20.302,48.980,-0.234,-1.010,-0.018
1635778340312,2021-11-01T10:52:20.312,48.990,-0.233,-1.008,-0.017
1635778340322,2021-11-01T10:52:20.322,49.000,-0.232,-1.012,-0.015
1635778340332,2021-11-01T10:52:20.332,49.010,-0.233,-1.011,-0.014
1635778340342,2021-11-01T10:52:20.342,49.020,-0.226,-1.006,-0.016
1635778340352,2021-11-01T10:52:20.352,49.030,-0.226,-1.018,-0.019
1635778340362,2021-11-01T10:52:20.362,49.040,-0.229,-1.023,-0.020
1635778340372,2021-11-01T10:52:20.372,49.050,-0.228,-1.014,-0.020
1635778340382,2021-11-01T10:52:20.382,49.060,-0.233,-1.010,-0.025
1635778340392,2021-11-01T10:52:20.392,49.070,-0.233,-1.017,-0.030
1635778340402,2021-11-01T10:52:20.402,49.080,-0.230,-1.022,-0.033
1635778340412,2021-11-01T10:52:20.412,49.090,-0.229,-1.016,-0.030
1635778340422,2021-11-01T10:52:20.422,49.100,-0.232,-1.012,-0.029
1635778340432,2021-11-01T10:52:20.432,49.110,-0.235,-1.018,-0.033
1635778340442,2021-11-01T10:52:20.442,49.120,-0.237,-1.020,-0.031
1635778340452,2021-11-01T10:52:20.452,49.130,-0.237,-1.017,-0.032
1635778340462,2021-11-01T10:52:20.462,49.140,-0.243,-1.019,-0.031
1635778340472,2021-11-01T10:52:20.472,49.150,-0.243,-1.026,-0.030
1635778340482,2021-11-01T10:52:20.482,49.160,-0.244,-1.027,-0.035
1635778340492,2021-11-01T10:52:20.492,49.170,-0.247,-1.021,-0.040
1635778340502,2021-11-01T10:52:20.502,49.180,-0.246,-1.023,-0.040
1635778340512,2021-11-01T10:52:20.512,49.190,-0.242,-1.025,-0.040
1635778340522,2021-11-01T10:52:20.522,49.200,-0.244,-1.019,-0.038
1635778340532,2021-11-01T10:52:20.532,49.210,-0.244,-1.015,-0.036
1635778340542,2021-11-01T10:52:20.542,49.220,-0.244,-1.021,-0.034
1635778340552,2021-11-01T10:52:20.552,49.230,-0.243,-1.025,-0.033
1635778340562,2021-11-01T10:52:20.562,49.240,-0.245,-1.023,-0.033
1635778340572,2021-11-01T10:52:20.572,49.250,-0.245,-1.022,-0.033
1635778340582,2021-11-01T10:52:20.582,49.260,-0.246,-1.023,-0.031
1635778340592,2021-11-01T10:52:20.592,49.270,-0.245,-1.026,-0.032
1635778340602,2021-11-01T10:52:20.602,49.280,-0.250,-1.023,-0.033
1635778340612,2021-11-01T10:52:20.612,49.290,-0.243,-1.026,-0.028
1635778340622,2021-11-01T10:52:20.622,49.300,-0.243,-1.032,-0.026
1635778340632,2021-11-01T10:52:20.632,49.310,-0.242,-1.032,-0.021
1635778340642,2021-11-01T10:52:20.642,49.320,-0.238,-1.024,-0.022
1635778340652,2021-11-01T10:52:20.652,49.330,-0.238,-1.016,-0.022
1635778340662,2021-11-01T10:52:20.662,49.340,-0.233,-1.018,-0.026
1635778340672,2021-11-01T10:52:20.672,49.350,-0.230,-1.022,-0.023
1635778340682,2021-11-01T10:52:20.682,49.360,-0.231,-1.022,-0.024
1635778340692,2021-11-01T10:52:20.692,49.370,-0.236,-1.027,-0.027
1635778340702,2021-11-01T10:52:20.702,49.380,-0.238,-1.026,-0.029
1635778340712,2021-11-01T10:52:20.712,49.390,-0.238,-1.028,-0.029
1635778340722,2021-11-01T10:52:20.722,49.400,-0.240,-1.027,-0.032
1635778340732,2021-11-01T10:52:20.732,49.410,-0.241,-1.026,-0.031
1635778340742,2021-11-01T10:52:20.742,49.420,-0.238,-1.024,-0.032
1635778340752,2021-11-01T10:52:20.752,49.430,-0.230,-1.028,-0.033
1635778340762,2021-11-01T10:52:20.762,49.440,-0.231,-1.025,-0.031
1635778340772,2021-11-01T10:52:20.772,49.450,-0.226,-1.021,-0.034
1635778340782,2021-11-01T10:52:20.782,49.460,-0.227,-1.021,-0.035
1635778340792,2021-11-01T10:52:20.792,49.470,-0.232,-1.019,-0.032
1635778340802,2021-11-01T10:52:20.802,49.480,-0.232,-1.017,-0.031
1635778340812,2021-11-01T10:52:20.812,49.490,-0.231,-1.020,-0.031
1635778340822,2021-11-01T10:52:20.822,49.500,-0.227,-1.027,-0.034
1635778340832,2021-11-01T10:52:20.832,49.510,-0.229,-1.019,-0.032
1635778340842,2021-11-01T10:52:20.842,49.520,-0.224,-1.010,-0.033
1635778340852,2021-11-01T10:52:20.852,49.530,-0.225,-1.015,-0.038
1635778340862,2021-11-01T10:52:20.862,49.540,-0.229,-1.017,-0.029
1635778340872,2021-11-01T10:52:20.872,49.550,-0.227,-1.010,-0.027
1635778340882,2021-11-01T10:52:20.882,49.560,-0.232,-1.014,-0.029
1635778340892,2021-11-01T10:52:20.892,49.570,-0.235,-1.028,-0.028
1635778340902,2021-11-01T10:52:20.902,49.580,-0.240,-1.030,-0.023
1635778340912,2021-11-01T10:52:20.912,49.590,-0.241,-1.016,-0.024
1635778340922,2021-11-01T10:52:20.922,49.600,-0.245,-1.018,-0.028
1635778340932,2021-11-01T10:52:20.932,49.610,-0.245,-1.029,-0.023
1635778340942,2021-11-01T10:52:20.942,49.620,-0.245,-1.029,-0.022
1635778340952,2021-11-01T10:52:20.952,49.630,-0.240,-1.015,-0.022
1635778340962,2021-11-01T10:52:20.962,49.640,-0.238,-1.007,-0.020
1635778340972,2021-11-01T10:52:20.972,49.650,-0.238,-1.017,-0.021
1635778340982,2021-11-01T10:52:20.982,49.660,-0.242,-1.031,-0.022
1635778340992,2021-11-01T10:52:20.992,49.670,-0.243,-1.028,-0.022
1635778341002,2021-11-01T10:52:21.002,49.680,-0.242,-1.025,-0.026
1635778341012,2021-11-01T10:52:21.012,49.690,-0.246,-1.027,-0.029
1635778341022,2021-11-01T10:52:21.022,49.700,-0.255,-1.027,-0.028
1635778341032,2021-11-01T10:52:21.032,49.710,-0.252,-1.023,-0.028
1635778341042,2021-11-01T10:52:21.042,49.720,-0.247,-1.025,-0.031
1635778341052,2021-11-01T10:52:21.052,49.730,-0.250,-1.031,-0.032
1635778341062,2021-11-01T10:52:21.062,49.740,-0.246,-1.023,-0.030
1635778341072,2021-11-01T10:52:21.072,49.750,-0.245,-1.014,-0.029
1635778341082,2021-11-01T10:52:21.082,49.760,-0.246,-1.015,-0.029
1635778341092,2021-11-01T10:52:21.092,49.770,-0.245,-1.023,-0.026
1635778341102,2021-11-01T10:52:21.102,49.780,-0.242,-1.026,-0.023
1635778341112,2021-11-01T10:52:21.112,49.790,-0.244,-1.026,-0.027
1635778341122,2021-11-01T10:52:21.122,49.800,-0.250,-1.024,-0.026
1635778341132,2021-11-01T10:52:21.132,49.810,-0.248,-1.023,-0.025
1635778341142,2021-11-01T10:52:21.142,49.820,-0.249,-1.030,-0.025
1635778341152,2021-11-01T10:52:21.152,49.830,-0.252,-1.030,-0.026
1635778341162,2021-11-01T10:52:21.162,49.840,-0.248,-1.023,-0.028
1635778341172,2021-11-01T10:52:21.172,49.850,-0.244,-1.022,-0.026
1635778341182,2021-11-01T10:52:21.182,49.860,-0.241,-1.025,-0.025
1635778341192,2021-11-01T10:52:21.192,49.870,-0.241,-1.023,-0.025
1635778341202,2021-11-01T10:52:21.202,49.880,-0.238,-1.022,-0.028
1635778341212,2021-11-01T10:52:21.212,49.890,-0.239,-1.024,-0.027
1635778341222,2021-11-01T10:52:21.222,49.900,-0.244,-1.021,-0.027
1635778341232,2021-11-01T10:52:21.232,49.910,-0.244,-1.014,-0.029
1635778341242,2021-11-01T10:52:21.242,49.920,-0.245,-1.016,-0.029
1635778341252,2021-11-01T10:52:21.252,49.930,-0.241,-1.021,-0.028
1635778341262,2021-11-01T10:52:21.262,49.940,-0.241,-1.021,-0.027
1635778341272,2021-11-01T10:52:21.272,49.950,-0.236,-1.017,-0.027
1635778341282,2021-11-01T10:52:21.282,49.960,-0.234,-1.018,-0.030
1635778341292,2021-11-01T10:52:21.292,49.970,-0.235,-1.023,-0.030
1635778341302,2021-11-01T10:52:21.302,49.980,-0.237,-1.027,-0.031
1635778341312,2021-11-01T10:52:21.312,49.990,-0.239,-1.028,-0.032
1635778341322,2021-11-01T10:52:21.322,50.000,-0.241,-1.024,-0.031
1635778341332,2021-11-01T10:52:21.332,50.010,-0.236,-1.022,-0.029
1635778341342,2021-11-01T10:52:21.342,50.020,-0.234,-1.019,-0.032
1635778341352,2021-11-01T10:52:21.352,50.030,-0.233,-1.027,-0.026
1635778341362,2021-11-01T10:52:21.362,50.040,-0.225,-1.028,-0.027
1635778341372,2021-11-01T10:52:21.372,50.050,-0.221,-1.023,-0.029
1635778341382,2021-11-01T10:52:21.382,50.060,-0.219,-1.024,-0.028
1635778341392,2021-11-01T10:52:21.392,50.070,-0.224,-1.021,-0.027
1635778341402,2021-11-01T10:52:21.402,50.080,-0.231,-1.018,-0.025
1635778341412,2021-11-01T10:52:21.412,50.090,-0.226,-1.017,-0.030
1635778341422,2021-11-01T10:52:21.422,50.100,-0.229,-1.022,-0.028
1635778341432,2021-11-01T10:52:21.432,50.110,-0.234,-1.021,-0.027
1635778341442,2021-11-01T10:52:21.442,50.120,-0.230,-1.010,-0.022
1635778341452,2021-11-01T10:52:21.452,50.130,-0.226,-1.012,-0.022
1635778341462,2021-11-01T10:52:21.462,50.140,-0.227,-1.017,-0.021
1635778341472,2021-11-01T10:52:21.472,50.150,-0.223,-1.022,-0.017
1635778341482,2021-11-01T10:52:21.482,50.160,-0.220,-1.024,-0.018
1635778341492,2021-11-01T10:52:21.492,50.170,-0.217,-1.018,-0.017
1635778341502,2021-11-01T10:52:21.502,50.180,-0.217,-1.012,-0.018
1635778341512,2021-11-01T10:52:21.512,50.190,-0.215,-1.008,-0.018
1635778341522,2021-11-01T10:52:21.522,50.200,-0.217,-1.000,-0.022
1635778341532,2021-11-01T10:52:21.532,50.210,-0.218,-1.002,-0.027
1635778341542,2021-11-01T10:52:21.542,50.220,-0.218,-1.007,-0.028
1635778341552,2021-11-01T10:52:21.552,50.230,-0.210,-1.007,-0.028
1635778341562,2021-11-01T10:52:21.562,50.240,-0.197,-1.011,-0.030
1635778341572,2021-11-01T10:52:21.572,50.250,-0.188,-1.018,-0.028
1635778341582,2021-11-01T10:52:21.582,50.260,-0.182,-1.018,-0.028
1635778341592,2021-11-01T10:52:21.592,50.270,-0.171,-1.010,-0.029
1635778341602,2021-11-01T10:52:21.602,50.280,-0.162,-1.013,-0.025
1635778341612,2021-11-01T10:52:21.612,50.290,-0.147,-1.018,-0.021
1635778341622,2021-11-01T10:52:21.622,50.300,-0.135,-1.019,-0.022
1635778341632,2021-11-01T10:52:21.632,50.310,-0.127,-1.031,-0.023
1635778341642,2021-11-01T10:52:21.642,50.320,-0.124,-1.050,-0.022
1635778341652,2021-11-01T10:52:21.652,50.330,-0.127,-1.068,-0.019
1635778341662,2021-11-01T10:52:21.662,50.340,-0.120,-1.081,-0.024
1635778341672,2021-11-01T10:52:21.672,50.350,-0.118,-1.093,-0.028
1635778341682,2021-11-01T10:52:21.682,50.360,-0.121,-1.083,-0.025
1635778341692,2021-11-01T10:52:21.692,50.370,-0.125,-1.059,-0.030
1635778341702,2021-11-01T10:52:21.702,50.380,-0.126,-1.032,-0.033
1635778341712,2021-11-01T10:52:21.712,50.390,-0.127,-0.998,-0.030
1635778341722,2021-11-01T10:52:21.722,50.400,-0.122,-0.984,-0.035
1635778341732,2021-11-01T10:52:21.732,50.410,-0.121,-0.987,-0.038
1635778341742,2021-11-01T10:52:21.742,50.420,-0.133,-0.984,-0.040
1635778341752,2021-11-01T10:52:21.752,50.430,-0.140,-0.984,-0.045
1635778341762,2021-11-01T10:52:21.762,50.440,-0.138,-0.988,-0.038
1635778341772,2021-11-01T10:52:21.772,50.450,-0.136,-0.991,-0.026
1635778341782,2021-11-01T10:52:21.782,50.460,-0.126,-0.988,-0.021
1635778341792,2021-11-01T10:52:21.792,50.470,-0.120,-0.979,-0.013
1635778341802,2021-11-01T10:52:21.802,50.480,-0.118,-0.980,-0.011
1635778341812,2021-11-01T10:52:21.812,50.490,-0.119,-0.994,-0.002
1635778341822,2021-11-01T10:52:21.822,50.500,-0.115,-1.000,0.001
1635778341832,2021-11-01T10:52:21.832,50.510,-0.119,-1.002,-0.003
1635778341842,2021-11-01T10:52:21.842,50.520,-0.125,-1.014,-0.008
1635778341852,2021-11-01T10:52:21.852,50.530,-0.133,-1.040,-0.008
1635778341862,2021-11-01T10:52:21.862,50.540,-0.140,-1.042,-0.010
1635778341872,2021-11-01T10:52:21.872,50.550,-0.135,-1.010,-0.015
1635778341882,2021-11-01T10:52:21.882,50.560,-0.132,-0.982,-0.027
1635778341892,2021-11-01T10:52:21.892,50.570,-0.125,-0.987,-0.038
1635778341902,2021-11-01T10:52:21.902,50.580,-0.125,-0.986,-0.037
1635778341912,2021-11-01T10:52:21.912,50.590,-0.125,-0.971,-0.045
1635778341922,2021-11-01T10:52:21.922,50.600,-0.128,-0.952,-0.053
1635778341932,2021-11-01T10:52:21.932,50.610,-0.127,-0.942,-0.058
1635778341942,2021-11-01T10:52:21.942,50.620,-0.132,-0.946,-0.058
1635778341952,2021-11-01T10:52:21.952,50.630,-0.144,-0.935,-0.054
1635778341962,2021-11-01T10:52:21.962,50.640,-0.155,-0.917,-0.051
1635778341972,2021-11-01T10:52:21.972,50.650,-0.166,-0.906,-0.049
1635778341982,2021-11-01T10:52:21.982,50.660,-0.166,-0.903,-0.035
1635778341992,2021-11-01T10:52:21.992,50.670,-0.158,-0.908,-0.030
1635778342002,2021-11-01T10:52:22.002,50.680,-0.146,-0.901,-0.020
1635778342012,2021-11-01T10:52:22.012,50.690,-0.149,-0.883,-0.020
1635778342022,2021-11-01T10:52:22.022,50.700,-0.169,-0.862,-0.024
1635778342032,2021-11-01T10:52:22.032,50.710,-0.184,-0.837,-0.020
1635778342042,2021-11-01T10:52:22.042,50.720,-0.190,-0.817,-0.018
1635778342052,2021-11-01T10:52:22.052,50.730,-0.208,-0.826,-0.013
1635778342062,2021-11-01T10:52:22.062,50.740,-0.238,-0.850,0.008
1635778342072,2021-11-01T10:52:22.072,50.750,-0.261,-0.849,0.027
1635778342082,2021-11-01T10:52:22.082,50.760,-0.291,-0.854,0.024
1635778342092,2021-11-01T10:52:22.092,50.770,-0.349,-0.870,0.023
1635778342102,2021-11-01T10:52:22.102,50.780,-0.404,-0.871,0.021
1635778342112,2021-11-01T10:52:22.112,50.790,-0.429,-0.858,0.016
1635778342122,2021-11-01T10:52:22.122,50.800,-0.433,-0.827,0.015
1635778342132,2021-11-01T10:52:22.132,50.810,-0.449,-0.797,0.020
1635778342142,2021-11-01T10:52:22.142,50.820,-0.497,-0.832,0.035
1635778342152,2021-11-01T10:52:22.152,50.830,-0.565,-0.917,0.056
1635778342162,2021-11-01T10:52:22.162,50.840,-0.628,-1.014,0.059
1635778342172,2021-11-01T10:52:22.172,50.850,-0.687,-1.046,0.051
1635778342182,2021-11-01T10:52:22.182,50.860,-0.726,-0.982,0.044
1635778342192,2021-11-01T10:52:22.192,50.870,-0.741,-0.879,0.030
1635778342202,2021-11-01T10:52:22.202,50.880,-0.736,-0.817,0.021
1635778342212,2021-11-01T10:52:22.212,50.890,-0.732,-0.845,0.009
1635778342222,2021-11-01T10:52:22.222,50.900,-0.769,-0.886,0.031
1635778342232,2021-11-01T10:52:22.232,50.910,-0.807,-0.921,0.028
1635778342242,2021-11-01T10:52:22.242,50.920,-0.854,-0.961,0.021
1635778342252,2021-11-01T10:52:22.252,50.930,-0.917,-0.979,0.030
1635778342262,2021-11-01T10:52:22.262,50.940,-0.972,-0.968,0.040
1635778342272,2021-11-01T10:52:22.272,50.950,-1.015,-0.938,0.056
1635778342282,2021-11-01T10:52:22.282,50.960,-1.047,-0.916,0.074
1635778342292,2021-11-01T10:52:22.292,50.970,-1.071,-0.918,0.112
1635778342302,2021-11-01T10:52:22.302,50.980,-1.096,-0.974,0.130
1635778342312,2021-11-01T10:52:22.312,50.990,-1.150,-1.019,0.143
1635778342322,2021-11-01T10:52:22.322,51.000,-1.204,-1.017,0.139
1635778342332,2021-11-01T10:52:22.332,51.010,-1.244,-1.003,0.135
1635778342342,2021-11-01T10:52:22.342,51.020,-1.263,-1.016,0.147
1635778342352,2021-11-01T10:52:22.352,51.030,-1.269,-1.022,0.164
1635778342362,2021-11-01T10:52:22.362,51.040,-1.260,-1.014,0.186
1635778342372,2021-11-01T10:52:22.372,51.050,-1.257,-1.033,0.192
1635778342382,2021-11-01T10:52:22.382,51.060,-1.284,-1.031,0.201
1635778342392,2021-11-01T10:52:22.392,51.070,-1.287,-0.989,0.183
1635778342402,2021-11-01T10:52:22.402,51.080,-1.282,-0.943,0.162
1635778342412,2021-11-01T10:52:22.412,51.090,-1.269,-0.936,0.151
1635778342422,2021-11-01T10:52:22.422,51.100,-1.231,-0.966,0.143
1635778342432,2021-11-01T10:52:22.432,51.110,-1.190,-0.988,0.152
1635778342442,2021-11-01T10:52:22.442,51.120,-1.153,-0.995,0.160
1635778342452,2021-11-01T10:52:22.452,51.130,-1.132,-0.959,0.160
1635778342462,2021-11-01T10:52:22.462,51.140,-1.110,-0.885,0.149
1635778342472,2021-11-01T10:52:22.472,51.150,-1.085,-0.845,0.138
1635778342482,2021-11-01T10:52:22.482,51.160,-1.086,-0.869,0.122
1635778342492,2021-11-01T10:52:22.492,51.170,-1.090,-0.912,0.120
1635778342502,2021-11-01T10:52:22.502,51.180,-1.065,-0.935,0.129
1635778342512,2021-11-01T10:52:22.512,51.190,-1.042,-0.934,0.142
1635778342522,2021-11-01T10:52:22.522,51.200,-1.025,-0.924,0.154
1635778342532,2021-11-01T10:52:22.532,51.210,-1.001,-0.905,0.154
1635778342542,2021-11-01T10:52:22.542,51.220,-0.991,-0.875,0.140
1635778342552,2021-11-01T10:52:22.552,51.230,-1.003,-0.850,0.121
1635778342562,2021-11-01T10:52:22.562,51.240,-0.999,-0.852,0.104
1635778342572,2021-11-01T10:52:22.572,51.250,-0.990,-0.873,0.100
1635778342582,2021-11-01T10:52:22.582,51.260,-0.995,-0.877,0.113
1635778342592,2021-11-01T10:52:22.592,51.270,-0.996,-0.871,0.118
1635778342602,2021-11-01T10:52:22.602,51.280,-0.992,-0.858,0.117
1635778342612,2021-11-01T10:52:22.612,51.290,-0.987,-0.842,0.110
1635778342622,2021-11-01T10:52:22.622,51.300,-0.982,-0.825,0.100
1635778342632,2021-11-01T10:52:22.632,51.310,-0.975,-0.811,0.083
1635778342642,2021-11-01T10:52:22.642,51.320,-0.957,-0.804,0.072
1635778342652,2021-11-01T10:52:22.652,51.330,-0.940,-0.807,0.058
1635778342662,2021-11-01T10:52:22.662,51.340,-0.923,-0.802,0.055
1635778342672,2021-11-01T10:52:22.672,51.350,-0.899,-0.794,0.059
1635778342682,2021-11-01T10:52:22.682,51.360,-0.872,-0.789,0.064
1635778342692,2021-11-01T10:52:22.692,51.370,-0.854,-0.775,0.077
1635778342702,2021-11-01T10:52:22.702,51.380,-0.832,-0.768,0.083
1635778342712,2021-11-01T10:52:22.712,51.390,-0.801,-0.750,0.088
1635778342722,2021-11-01T10:52:22.722,51.400,-0.778,-0.717,0.083
1635778342732,2021-11-01T10:52:22.732,51.410,-0.763,-0.689,0.069
1635778342742,2021-11-01T10:52:22.742,51.420,-0.744,-0.683,0.058
1635778342752,2021-11-01T10:52:22.752,51.430,-0.714,-0.683,0.056
1635778342762,2021-11-01T10:52:22.762,51.440,-0.684,-0.675,0.059
1635778342772,2021-11-01T10:52:22.772,51.450,-0.648,-0.674,0.070
1635778342782,2021-11-01T10:52:22.782,51.460,-0.614,-0.678,0.080
1635778342792,2021-11-01T10:52:22.792,51.470,-0.585,-0.667,0.086
1635778342802,2021-11-01T10:52:22.802,51.480,-0.561,-0.656,0.086
1635778342812,2021-11-01T10:52:22.812,51.490,-0.542,-0.659,0.086
1635778342822,2021-11-01T10:52:22.822,51.500,-0.528,-0.657,0.087
1635778342832,2021-11-01T10:52:22.832,51.510,-0.523,-0.644,0.076
1635778342842,2021-11-01T10:52:22.842,51.520,-0.520,-0.626,0.062
1635778342852,2021-11-01T10:52:22.852,51.530,-0.513,-0.615,0.057
1635778342862,2021-11-01T10:52:22.862,51.540,-0.502,-0.623,0.053
1635778342872,2021-11-01T10:52:22.872,51.550,-0.504,-0.632,0.054
1635778342882,2021-11-01T10:52:22.882,51.560,-0.494,-0.643,0.054
1635778342892,2021-11-01T10:52:22.892,51.570,-0.466,-0.646,0.043
1635778342902,2021-11-01T10:52:22.902,51.580,-0.438,-0.628,0.042
1635778342912,2021-11-01T10:52:22.912,51.590,-0.413,-0.609,0.047
1635778342922,2021-11-01T10:52:22.922,51.600,-0.384,-0.604,0.045
1635778342932,2021-11-01T10:52:22.932,51.610,-0.352,-0.622,0.042
1635778342942,2021-11-01T10:52:22.942,51.620,-0.336,-0.620,0.044
1635778342952,2021-11-01T10:52:22.952,51.630,-0.333,-0.593,0.046
1635778342962,2021-11-01T10:52:22.962,51.640,-0.325,-0.569,0.047
1635778342972,2021-11-01T10:52:22.972,51.650,-0.307,-0.575,0.049
1635778342982,2021-11-01T10:52:22.982,51.660,-0.292,-0.617,0.051
1635778342992,2021-11-01T10:52:22.992,51.670,-0.293,-0.661,0.047
1635778343002,2021-11-01T10:52:23.002,51.680,-0.291,-0.689,0.043
1635778343012,2021-11-01T10:52:23.012,51.690,-0.278,-0.736,0.039
1635778343022,2021-11-01T10:52:23.022,51.700,-0.269,-0.777,0.042
1635778343032,2021-11-01T10:52:23.032,51.710,-0.267,-0.781,0.050
1635778343042,2021-11-01T10:52:23.042,51.720,-0.265,-0.749,0.048
1635778343052,2021-11-01T10:52:23.052,51.730,-0.269,-0.711,0.054
1635778343062,2021-11-01T10:52:23.062,51.740,-0.270,-0.697,0.059
1635778343072,2021-11-01T10:52:23.072,51.750,-0.262,-0.714,0.055
1635778343082,2021-11-01T10:52:23.082,51.760,-0.262,-0.752,0.045
1635778343092,2021-11-01T10:52:23.092,51.770,-0.267,-0.805,0.033
1635778343102,2021-11-01T10:52:23.102,51.780,-0.270,-0.855,0.027
1635778343112,2021-11-01T10:52:23.112,51.790,-0.269,-0.871,0.021
1635778343122,2021-11-01T10:52:23.122,51.800,-0.261,-0.836,0.021
1635778343132,2021-11-01T10:52:23.132,51.810,-0.253,-0.801,0.013
1635778343142,2021-11-01T10:52:23.142,51.820,-0.241,-0.811,0.005
1635778343152,2021-11-01T10:52:23.152,51.830,-0.247,-0.827,0.000
1635778343162,2021-11-01T10:52:23.162,51.840,-0.255,-0.819,-0.006
1635778343172,2021-11-01T10:52:23.172,51.850,-0.261,-0.813,-0.011
1635778343182,2021-11-01T10:52:23.182,51.860,-0.264,-0.846,-0.015
1635778343192,2021-11-01T10:52:23.192,51.870,-0.283,-0.887,-0.010
1635778343202,2021-11-01T10:52:23.202,51.880,-0.303,-0.896,0.004
1635778343212,2021-11-01T10:52:23.212,51.890,-0.303,-0.881,0.010
1635778343222,2021-11-01T10:52:23.222,51.900,-0.294,-0.884,0.018
1635778343232,2021-11-01T10:52:23.232,51.910,-0.296,-0.900,0.027
1635778343242,2021-11-01T10:52:23.242,51.920,-0.302,-0.915,0.030
1635778343252,2021-11-01T10:52:23.252,51.930,-0.304,-0.914,0.031
1635778343262,2021-11-01T10:52:23.262,51.940,-0.305,-0.918,0.023
1635778343272,2021-11-01T10:52:23.272,51.950,-0.310,-0.941,0.016
1635778343282,2021-11-01T10:52:23.282,51.960,-0.321,-0.959,0.021
1635778343292,2021-11-01T10:52:23.292,51.970,-0.314,-0.952,0.028
1635778343302,2021-11-01T10:52:23.302,51.980,-0.310,-0.938,0.039
1635778343312,2021-11-01T10:52:23.312,51.990,-0.306,-0.915,0.045
1635778343322,2021-11-01T10:52:23.322,52.000,-0.307,-0.910,0.050
1635778343332,2021-11-01T10:52:23.332,52.010,-0.319,-0.927,0.052
1635778343342,2021-11-01T10:52:23.342,52.020,-0.328,-0.956,0.052
1635778343352,2021-11-01T10:52:23.352,52.030,-0.331,-0.988,0.056
1635778343362,2021-11-01T10:52:23.362,52.040,-0.328,-1.016,0.063
1635778343372,2021-11-01T10:52:23.372,52.050,-0.321,-1.027,0.075
1635778343382,2021-11-01T10:52:23.382,52.060,-0.323,-1.022,0.083
1635778343392,2021-11-01T10:52:23.392,52.070,-0.326,-1.004,0.090
1635778343402,2021-11-01T10:52:23.402,52.080,-0.333,-0.995,0.097
1635778343412,2021-11-01T10:52:23.412,52.090,-0.341,-1.001,0.091
1635778343422,2021-11-01T10:52:23.422,52.100,-0.350,-1.003,0.084
1635778343432,2021-11-01T10:52:23.432,52.110,-0.352,-0.995,0.086
1635778343442,2021-11-01T10:52:23.442,52.120,-0.340,-0.993,0.083
1635778343452,2021-11-01T10:52:23.452,52.130,-0.324,-0.999,0.083
1635778343462,2021-11-01T10:52:23.462,52.140,-0.309,-1.000,0.090
1635778343472,2021-11-01T10:52:23.472,52.150,-0.298,-0.983,0.092
1635778343482,2021-11-01T10:52:23.482,52.160,-0.299,-0.950,0.091
1635778343492,2021-11-01T10:52:23.492,52.170,-0.304,-0.926,0.094
1635778343502,2021-11-01T10:52:23.502,52.180,-0.302,-0.945,0.098
1635778343512,2021-11-01T10:52:23.512,52.190,-0.301,-0.979,0.105
1635778343522,2021-11-01T10:52:23.522,52.200,-0.295,-0.977,0.119
1635778343532,2021-11-01T10:52:23.532,52.210,-0.283,-0.945,0.128
1635778343542,2021-11-01T10:52:23.542,52.220,-0.278,-0.922,0.132
1635778343552,2021-11-01T10:52:23.552,52.230,-0.283,-0.928,0.139
1635778343562,2021-11-01T10:52:23.562,52.240,-0.280,-0.958,0.152
1635778343572,2021-11-01T10:52:23.572,52.250,-0.277,-0.990,0.162
1635778343582,2021-11-01T10:52:23.582,52.260,-0.285,-1.008,0.174
1635778343592,2021-11-01T10:52:23.592,52.270,-0.291,-1.032,0.181
1635778343602,2021-11-01T10:52:23.602,52.280,-0.294,-1.055,0.191
1635778343612,2021-11-01T10:52:23.612,52.290,-0.307,-1.054,0.200
1635778343622,2021-11-01T10:52:23.622,52.300,-0.325,-1.024,0.206
1635778343632,2021-11-01T10:52:23.632,52.310,-0.344,-0.985,0.199
1635778343642,2021-11-01T10:52:23.642,52.320,-0.351,-0.974,0.192
1635778343652,2021-11-01T10:52:23.652,52.330,-0.361,-0.983,0.194
1635778343662,2021-11-01T10:52:23.662,52.340,-0.372,-0.989,0.194
1635778343672,2021-11-01T10:52:23.672,52.350,-0.377,-0.994,0.192
1635778343682,2021-11-01T10:52:23.682,52.360,-0.371,-1.001,0.191
1635778343692,2021-11-01T10:52:23.692,52.370,-0.370,-1.010,0.187
1635778343702,2021-11-01T10:52:23.702,52.380,-0.375,-1.016,0.185
1635778343712,2021-11-01T10:52:23.712,52.390,-0.378,-1.039,0.185
1635778343722,2021-11-01T10:52:23.722,52.400,-0.378,-1.061,0.182
1635778343732,2021-11-01T10:52:23.732,52.410,-0.378,-1.050,0.187
1635778343742,2021-11-01T10:52:23.742,52.420,-0.373,-1.016,0.188
1635778343752,2021-11-01T10:52:23.752,52.430,-0.365,-0.989,0.188
1635778343762,2021-11-01T10:52:23.762,52.440,-0.353,-0.983,0.188
1635778343772,2021-11-01T10:52:23.772,52.450,-0.347,-0.987,0.187
1635778343782,2021-11-01T10:52:23.782,52.460,-0.341,-0.986,0.183
1635778343792,2021-11-01T10:52:23.792,52.470,-0.338,-0.978,0.181
1635778343802,2021-11-01T10:52:23.802,52.480,-0.333,-0.976,0.180
1635778343812,2021-11-01T10:52:23.812,52.490,-0.334,-0.977,0.177
1635778343822,2021-11-01T10:52:23.822,52.500,-0.339,-0.976,0.177
1635778343832,2021-11-01T10:52:23.832,52.510,-0.340,-0.965,0.178
1635778343842,2021-11-01T10:52:23.842,52.520,-0.342,-0.950,0.176
1635778343852,2021-11-01T10:52:23.852,52.530,-0.346,-0.947,0.176
1635778343862,2021-11-01T10:52:23.862,52.540,-0.343,-0.965,0.174
1635778343872,2021-11-01T10:52:23.872,52.550,-0.346,-0.988,0.174
1635778343882,2021-11-01T10:52:23.882,52.560,-0.351,-0.989,0.177
1635778343892,2021-11-01T10:52:23.892,52.570,-0.349,-0.977,0.175
1635778343902,2021-11-01T10:52:23.902,52.580,-0.347,-0.968,0.177
1635778343912,2021-11-01T10:52:23.912,52.590,-0.347,-0.973,0.181
1635778343922,2021-11-01T10:52:23.922,52.600,-0.345,-0.986,0.179
1635778343932,2021-11-01T10:52:23.932,52.610,-0.349,-0.996,0.175
1635778343942,2021-11-01T10:52:23.942,52.620,-0.351,-0.999,0.178
1635778343952,2021-11-01T10:52:23.952,52.630,-0.346,-0.998,0.174
1635778343962,2021-11-01T10:52:23.962,52.640,-0.341,-0.998,0.173
1635778343972,2021-11-01T10:52:23.972,52.650,-0.344,-0.987,0.175
1635778343982,2021-11-01T10:52:23.982,52.660,-0.345,-0.974,0.175
1635778343992,2021-11-01T10:52:23.992,52.670,-0.339,-0.968,0.176
1635778344002,2021-11-01T10:52:24.002,52.680,-0.339,-0.980,0.178
1635778344012,2021-11-01T10:52:24.012,52.690,-0.337,-0.989,0.177
1635778344022,2021-11-01T10:52:24.022,52.700,-0.339,-0.994,0.173
1635778344032,2021-11-01T10:52:24.032,52.710,-0.340,-0.982,0.170
1635778344042,2021-11-01T10:52:24.042,52.720,-0.344,-0.971,0.167
1635778344052,2021-11-01T10:52:24.052,52.730,-0.349,-0.965,0.160
1635778344062,2021-11-01T10:52:24.062,52.740,-0.356,-0.958,0.159
1635778344072,2021-11-01T10:52:24.072,52.750,-0.355,-0.953,0.161
1635778344082,2021-11-01T10:52:24.082,52.760,-0.357,-0.957,0.157
1635778344092,2021-11-01T10:52:24.092,52.770,-0.357,-0.973,0.158
1635778344102,2021-11-01T10:52:24.102,52.780,-0.354,-0.985,0.161
1635778344112,2021-11-01T10:52:24.112,52.790,-0.353,-0.990,0.163
1635778344122,2021-11-01T10:52:24.122,52.800,-0.355,-0.985,0.160
1635778344132,2021-11-01T10:52:24.132,52.810,-0.353,-0.981,0.165
1635778344142,2021-11-01T10:52:24.142,52.820,-0.350,-0.981,0.172
1635778344152,2021-11-01T10:52:24.152,52.830,-0.353,-0.981,0.172
1635778344162,2021-11-01T10:52:24.162,52.840,-0.356,-0.981,0.175
1635778344172,2021-11-01T10:52:24.172,52.850,-0.348,-0.982,0.178
1635778344182,2021-11-01T10:52:24.182,52.860,-0.349,-0.987,0.177
1635778344192,2021-11-01T10:52:24.192,52.870,-0.353,-0.980,0.179
1635778344202,2021-11-01T10:52:24.202,52.880,-0.349,-0.979,0.180
1635778344212,2021-11-01T10:52:24.212,52.890,-0.347,-0.980,0.180
1635778344222,2021-11-01T10:52:24.222,52.900,-0.352,-0.984,0.180
1635778344232,2021-11-01T10:52:24.232,52.910,-0.358,-0.987,0.185
1635778344242,2021-11-01T10:52:24.242,52.920,-0.350,-0.989,0.182
1635778344252,2021-11-01T10:52:24.252,52.930,-0.344,-0.991,0.183
1635778344262,2021-11-01T10:52:24.262,52.940,-0.346,-0.994,0.184
1635778344272,2021-11-01T10:52:24.272,52.950,-0.342,-0.984,0.183
1635778344282,2021-11-01T10:52:24.282,52.960,-0.335,-0.978,0.183
1635778344292,2021-11-01T10:52:24.292,52.970,-0.339,-0.969,0.181
1635778344302,2021-11-01T10:52:24.302,52.980,-0.343,-0.966,0.176
1635778344312,2021-11-01T10:52:24.312,52.990,-0.348,-0.970,0.176
1635778344322,2021-11-01T10:52:24.322,53.000,-0.346,-0.976,0.177
1635778344332,2021-11-01T10:52:24.332,53.010,-0.342,-0.985,0.178
1635778344342,2021-11-01T10:52:24.342,53.020,-0.341,-0.990,0.175
1635778344352,2021-11-01T10:52:24.352,53.030,-0.344,-0.992,0.173
1635778344362,2021-11-01T10:52:24.362,53.040,-0.344,-0.989,0.179
1635778344372,2021-11-01T10:52:24.372,53.050,-0.343,-0.984,0.178
1635778344382,2021-11-01T10:52:24.382,53.060,-0.346,-0.979,0.178
1635778344392,2021-11-01T10:52:24.392,53.070,-0.352,-0.981,0.180
1635778344402,2021-11-01T10:52:24.402,53.080,-0.347,-0.983,0.183
1635778344412,2021-11-01T10:52:24.412,53.090,-0.340,-0.988,0.179
1635778344422,2021-11-01T10:52:24.422,53.100,-0.339,-1.000,0.178
1635778344432,2021-11-01T10:52:24.432,53.110,-0.338,-1.002,0.179
1635778344442,2021-11-01T10:52:24.442,53.120,-0.336,-0.993,0.179
1635778344452,2021-11-01T10:52:24.452,53.130,-0.334,-0.979,0.176
1635778344462,2021-11-01T10:52:24.462,53.140,-0.336,-0.980,0.173
1635778344472,2021-11-01T10:52:24.472,53.150,-0.342,-0.986,0.174
1635778344482,2021-11-01T10:52:24.482,53.160,-0.344,-0.988,0.171
1635778344492,2021-11-01T10:52:24.492,53.170,-0.342,-0.986,0.169
1635778344502,2021-11-01T10:52:24.502,53.180,-0.342,-0.984,0.169
1635778344512,2021-11-01T10:52:24.512,53.190,-0.342,-0.982,0.172
1635778344522,2021-11-01T10:52:24.522,53.200,-0.342,-0.977,0.172
1635778344532,2021-11-01T10:52:24.532,53.210,-0.339,-0.979,0.172
1635778344542,2021-11-01T10:52:24.542,53.220,-0.337,-0.983,0.171
1635778344552,2021-11-01T10:52:24.552,53.230,-0.332,-0.979,0.174
1635778344562,2021-11-01T10:52:24.562,53.240,-0.332,-0.979,0.175
1635778344572,2021-11-01T10:52:24.572,53.250,-0.331,-0.990,0.176
1635778344582,2021-11-01T10:52:24.582,53.260,-0.331,-0.993,0.178
1635778344592,2021-11-01T10:52:24.592,53.270,-0.333,-0.980,0.177
1635778344602,2021-11-01T10:52:24.602,53.280,-0.333,-0.975,0.175
1635778344612,2021-11-01T10:52:24.612,53.290,-0.334,-0.981,0.178
1635778344622,2021-11-01T10:52:24.622,53.300,-0.334,-0.991,0.175
1635778344632,2021-11-01T10:52:24.632,53.310,-0.334,-0.982,0.176
1635778344642,2021-11-01T10:52:24.642,53.320,-0.331,-0.977,0.171
1635778344652,2021-11-01T10:52:24.652,53.330,-0.331,-0.993,0.170
1635778344662,2021-11-01T10:52:24.662,53.340,-0.333,-1.002,0.176
1635778344672,2021-11-01T10:52:24.672,53.350,-0.334,-0.992,0.176
1635778344682,2021-11-01T10:52:24.682,53.360,-0.335,-0.975,0.173
1635778344692,2021-11-01T10:52:24.692,53.370,-0.338,-0.971,0.172
1635778344702,2021-11-01T10:52:24.702,53.380,-0.339,-0.981,0.173
1635778344712,2021-11-01T10:52:24.712,53.390,-0.338,-0.990,0.174
1635778344722,2021-11-01T10:52:24.722,53.400,-0.336,-0.991,0.172
1635778344732,2021-11-01T10:52:24.732,53.410,-0.338,-0.992,0.171
1635778344742,2021-11-01T10:52:24.742,53.420,-0.335,-0.988,0.172
1635778344752,2021-11-01T10:52:24.752,53.430,-0.334,-0.986,0.170
1635778344762,2021-11-01T10:52:24.762,53.440,-0.336,-0.989,0.173
1635778344772,2021-11-01T10:52:24.772,53.450,-0.337,-0.994,0.170
1635778344782,2021-11-01T10:52:24.782,53.460,-0.332,-1.004,0.175
1635778344792,2021-11-01T10:52:24.792,53.470,-0.331,-1.002,0.175
1635778344802,2021-11-01T10:52:24.802,53.480,-0.328,-0.996,0.173
1635778344812,2021-11-01T10:52:24.812,53.490,-0.326,-0.987,0.172
1635778344822,2021-11-01T10:52:24.822,53.500,-0.328,-0.984,0.170
1635778344832,2021-11-01T10:52:24.832,53.510,-0.329,-0.978,0.169
1635778344842,2021-11-01T10:52:24.842,53.520,-0.330,-0.972,0.170
1635778344852,2021-11-01T10:52:24.852,53.530,-0.330,-0.976,0.167
1635778344862,2021-11-01T10:52:24.862,53.540,-0.331,-0.990,0.167
1635778344872,2021-11-01T10:52:24.872,53.550,-0.330,-0.994,0.170
1635778344882,2021-11-01T10:52:24.882,53.560,-0.328,-0.992,0.170
1635778344892,2021-11-01T10:52:24.892,53.570,-0.323,-0.992,0.171
1635778344902,2021-11-01T10:52:24.902,53.580,-0.324,-0.998,0.172
1635778344912,2021-11-01T10:52:24.912,53.590,-0.324,-1.000,0.171
1635778344922,2021-11-01T10:52:24.922,53.600,-0.321,-0.984,0.168
1635778344932,2021-11-01T10:52:24.932,53.610,-0.322,-0.974,0.165
1635778344942,2021-11-01T10:52:24.942,53.620,-0.324,-0.978,0.168
1635778344952,2021-11-01T10:52:24.952,53.630,-0.328,-0.981,0.167
1635778344962,2021-11-01T10:52:24.962,53.640,-0.329,-0.982,0.164
1635778344972,2021-11-01T10:52:24.972,53.650,-0.326,-0.984,0.165
1635778344982,2021-11-01T10:52:24.982,53.660,-0.324,-0.990,0.164
1635778344992,2021-11-01T10:52:24.992,53.670,-0.325,-0.985,0.167
1635778345002,2021-11-01T10:52:25.002,53.680,-0.324,-0.978,0.168
1635778345012,2021-11-01T10:52:25.012,53.690,-0.323,-0.973,0.168
1635778345022,2021-11-01T10:52:25.022,53.700,-0.322,-0.974,0.168
1635778345032,2021-11-01T10:52:25.032,53.710,-0.318,-0.980,0.169
1635778345042,2021-11-01T10:52:25.042,53.720,-0.317,-0.981,0.172
1635778345052,2021-11-01T10:52:25.052,53.730,-0.311,-0.982,0.174
1635778345062,2021-11-01T10:52:25.062,53.740,-0.307,-0.990,0.171
1635778345072,2021-11-01T10:52:25.072,53.750,-0.309,-0.999,0.175
1635778345082,2021-11-01T10:52:25.082,53.760,-0.312,-1.001,0.174
1635778345092,2021-11-01T10:52:25.092,53.770,-0.321,-1.002,0.175
1635778345102,2021-11-01T10:52:25.102,53.780,-0.333,-1.002,0.174
1635778345112,2021-11-01T10:52:25.112,53.790,-0.335,-0.999,0.172
1635778345122,2021-11-01T10:52:25.122,53.800,-0.338,-0.995,0.167
1635778345132,2021-11-01T10:52:25.132,53.810,-0.339,-0.991,0.164
1635778345142,2021-11-01T10:52:25.142,53.820,-0.337,-0.989,0.165
1635778345152,2021-11-01T10:52:25.152,53.830,-0.337,-0.980,0.163
1635778345162,2021-11-01T10:52:25.162,53.840,-0.338,-0.974,0.164
1635778345172,2021-11-01T10:52:25.172,53.850,-0.339,-0.975,0.166
1635778345182,2021-11-01T10:52:25.182,53.860,-0.341,-0.986,0.166
1635778345192,2021-11-01T10:52:25.192,53.870,-0.338,-1.000,0.165
1635778345202,2021-11-01T10:52:25.202,53.880,-0.336,-1.000,0.167
1635778345212,2021-11-01T10:52:25.212,53.890,-0.336,-0.999,0.167
1635778345222,2021-11-01T10:52:25.222,53.900,-0.343,-1.000,0.167
1635778345232,2021-11-01T10:52:25.232,53.910,-0.346,-1.000,0.167
1635778345242,2021-11-01T10:52:25.242,53.920,-0.349,-0.992,0.167
1635778345252,2021-11-01T10:52:25.252,53.930,-0.345,-0.987,0.168
1635778345262,2021-11-01T10:52:25.262,53.940,-0.343,-0.986,0.169
1635778345272,2021-11-01T10:52:25.272,53.950,-0.340,-0.988,0.168
1635778345282,2021-11-01T10:52:25.282,53.960,-0.334,-0.989,0.164
1635778345292,2021-11-01T10:52:25.292,53.970,-0.328,-0.988,0.168
1635778345302,2021-11-01T10:52:25.302,53.980,-0.326,-0.985,0.169
1635778345312,2021-11-01T10:52:25.312,53.990,-0.324,-0.983,0.167
1635778345322,2021-11-01T10:52:25.322,54.000,-0.325,-0.988,0.165
1635778345332,2021-11-01T10:52:25.332,54.010,-0.326,-0.993,0.165
1635778345342,2021-11-01T10:52:25.342,54.020,-0.327,-0.990,0.167
1635778345352,2021-11-01T10:52:25.352,54.030,-0.327,-0.982,0.166
1635778345362,2021-11-01T10:52:25.362,54.040,-0.328,-0.976,0.167
1635778345372,2021-11-01T10:52:25.372,54.050,-0.330,-0.975,0.163
1635778345382,2021-11-01T10:52:25.382,54.060,-0.333,-0.976,0.162
1635778345392,2021-11-01T10:52:25.392,54.070,-0.329,-0.988,0.157
1635778345402,2021-11-01T10:52:25.402,54.080,-0.327,-0.995,0.157
1635778345412,2021-11-01T10:52:25.412,54.090,-0.326,-0.988,0.157
1635778345422,2021-11-01T10:52:25.422,54.100,-0.325,-0.980,0.158
1635778345432,2021-11-01T10:52:25.432,54.110,-0.332,-0.979,0.160
1635778345442,2021-11-01T10:52:25.442,54.120,-0.338,-0.981,0.163
1635778345452,2021-11-01T10:52:25.452,54.130,-0.338,-0.989,0.163
1635778345462,2021-11-01T10:52:25.462,54.140,-0.340,-0.984,0.166
1635778345472,2021-11-01T10:52:25.472,54.150,-0.342,-0.978,0.165
1635778345482,2021-11-01T10:52:25.482,54.160,-0.343,-0.980,0.164
1635778345492,2021-11-01T10:52:25.492,54.170,-0.346,-0.985,0.168
1635778345502,2021-11-01T10:52:25.502,54.180,-0.348,-0.989,0.167
1635778345512,2021-11-01T10:52:25.512,54.190,-0.344,-0.997,0.164
1635778345522,2021-11-01T10:52:25.522,54.200,-0.342,-0.997,0.168
1635778345532,2021-11-01T10:52:25.532,54.210,-0.340,-0.992,0.168
1635778345542,2021-11-01T10:52:25.542,54.220,-0.339,-0.986,0.170
1635778345552,2021-11-01T10:52:25.552,54.230,-0.337,-0.982,0.168
1635778345562,2021-11-01T10:52:25.562,54.240,-0.336,-0.990,0.167
1635778345572,2021-11-01T10:52:25.572,54.250,-0.339,-0.992,0.169
1635778345582,2021-11-01T10:52:25.582,54.260,-0.340,-0.985,0.167
1635778345592,2021-11-01T10:52:25.592,54.270,-0.340,-0.986,0.168
1635778345602,2021-11-01T10:52:25.602,54.280,-0.336,-0.993,0.167
1635778345612,2021-11-01T10:52:25.612,54.290,-0.337,-1.000,0.163
1635778345622,2021-11-01T10:52:25.622,54.300,-0.335,-0.999,0.163
1635778345632,2021-11-01T10:52:25.632,54.310,-0.330,-0.989,0.165
1635778345642,2021-11-01T10:52:25.642,54.320,-0.333,-0.982,0.163
1635778345652,2021-11-01T10:52:25.652,54.330,-0.333,-0.980,0.167
1635778345662,2021-11-01T10:52:25.662,54.340,-0.336,-0.982,0.165
1635778345672,2021-11-01T10:52:25.672,54.350,-0.340,-0.984,0.164
1635778345682,2021-11-01T10:52:25.682,54.360,-0.340,-0.987,0.164
1635778345692,2021-11-01T10:52:25.692,54.370,-0.342,-0.991,0.161
1635778345702,2021-11-01T10:52:25.702,54.380,-0.343,-0.991,0.162
1635778345712,2021-11-01T10:52:25.712,54.390,-0.342,-0.994,0.161
1635778345722,2021-11-01T10:52:25.722,54.400,-0.340,-0.989,0.161
1635778345732,2021-11-01T10:52:25.732,54.410,-0.336,-0.980,0.162
1635778345742,2021-11-01T10:52:25.742,54.420,-0.334,-0.980,0.163
1635778345752,2021-11-01T10:52:25.752,54.430,-0.333,-0.977,0.165
1635778345762,2021-11-01T10:52:25.762,54.440,-0.333,-0.981,0.166
1635778345772,2021-11-01T10:52:25.772,54.450,-0.333,-0.992,0.166
1635778345782,2021-11-01T10:52:25.782,54.460,-0.331,-0.997,0.166
1635778345792,2021-11-01T10:52:25.792,54.470,-0.333,-0.995,0.164
1635778345802,2021-11-01T10:52:25.802,54.480,-0.338,-0.995,0.163
1635778345812,2021-11-01T10:52:25.812,54.490,-0.338,-0.994,0.163
1635778345822,2021-11-01T10:52:25.822,54.500,-0.336,-0.996,0.162
1635778345832,2021-11-01T10:52:25.832,54.510,-0.337,-0.988,0.161
1635778345842,2021-11-01T10:52:25.842,54.520,-0.335,-0.982,0.162
1635778345852,2021-11-01T10:52:25.852,54.530,-0.334,-0.980,0.161
1635778345862,2021-11-01T10:52:25.862,54.540,-0.334,-0.984,0.161
1635778345872,2021-11-01T10:52:25.872,54.550,-0.329,-0.995,0.157
1635778345882,2021-11-01T10:52:25.882,54.560,-0.332,-1.000,0.158
1635778345892,2021-11-01T10:52:25.892,54.570,-0.330,-0.993,0.160
1635778345902,2021-11-01T10:52:25.902,54.580,-0.324,-1.000,0.146
1635778345912,2021-11-01T10:52:25.912,54.590,-0.333,-1.028,0.126
1635778345922,2021-11-01T10:52:25.922,54.600,-0.358,-1.028,0.133
1635778345932,2021-11-01T10:52:25.932,54.610,-0.369,-0.983,0.136
1635778345942,2021-11-01T10:52:25.942,54.620,-0.361,-0.936,0.135
1635778345952,2021-11-01T10:52:25.952,54.630,-0.344,-0.937,0.147
1635778345962,2021-11-01T10:52:25.962,54.640,-0.325,-0.968,0.163
1635778345972,2021-11-01T10:52:25.972,54.650,-0.303,-0.980,0.168
1635778345982,2021-11-01T10:52:25.982,54.660,-0.289,-0.965,0.174
1635778345992,2021-11-01T10:52:25.992,54.670,-0.283,-0.955,0.173
1635778346002,2021-11-01T10:52:26.002,54.680,-0.285,-0.962,0.173
1635778346012,2021-11-01T10:52:26.012,54.690,-0.288,-0.970,0.175
1635778346022,2021-11-01T10:52:26.022,54.700,-0.288,-0.961,0.170
1635778346032,2021-11-01T10:52:26.032,54.710,-0.292,-0.948,0.167
1635778346042,2021-11-01T10:52:26.042,54.720,-0.306,-0.939,0.158
1635778346052,2021-11-01T10:52:26.052,54.730,-0.324,-0.950,0.149
1635778346062,2021-11-01T10:52:26.062,54.740,-0.340,-0.977,0.145
1635778346072,2021-11-01T10:52:26.072,54.750,-0.357,-0.997,0.142
1635778346082,2021-11-01T10:52:26.082,54.760,-0.372,-0.993,0.141
1635778346092,2021-11-01T10:52:26.092,54.770,-0.371,-0.981,0.139
1635778346102,2021-11-01T10:52:26.102,54.780,-0.373,-0.981,0.140
1635778346112,2021-11-01T10:52:26.112,54.790,-0.376,-0.991,0.145
1635778346122,2021-11-01T10:52:26.122,54.800,-0.376,-0.989,0.147
1635778346132,2021-11-01T10:52:26.132,54.810,-0.374,-0.976,0.146
1635778346142,2021-11-01T10:52:26.142,54.820,-0.373,-0.971,0.153
1635778346152,2021-11-01T10:52:26.152,54.830,-0.370,-0.987,0.155
1635778346162,2021-11-01T10:52:26.162,54.840,-0.370,-1.001,0.159
1635778346172,2021-11-01T10:52:26.172,54.850,-0.377,-0.996,0.158
1635778346182,2021-11-01T10:52:26.182,54.860,-0.384,-0.994,0.154
1635778346192,2021-11-01T10:52:26.192,54.870,-0.394,-1.002,0.153
1635778346202,2021-11-01T10:52:26.202,54.880,-0.399,-1.009,0.149
1635778346212,2021-11-01T10:52:26.212,54.890,-0.397,-1.000,0.151
1635778346222,2021-11-01T10:52:26.222,54.900,-0.396,-0.984,0.150
1635778346232,2021-11-01T10:52:26.232,54.910,-0.392,-0.980,0.149
1635778346242,2021-11-01T10:52:26.242,54.920,-0.390,-0.984,0.153
1635778346252,2021-11-01T10:52:26.252,54.930,-0.390,-0.986,0.151
1635778346262,2021-11-01T10:52:26.262,54.940,-0.388,-0.982,0.149
1635778346272,2021-11-01T10:52:26.272,54.950,-0.386,-0.977,0.144
1635778346282,2021-11-01T10:52:26.282,54.960,-0.386,-0.974,0.146
1635778346292,2021-11-01T10:52:26.292,54.970,-0.384,-0.974,0.149
1635778346302,2021-11-01T10:52:26.302,54.980,-0.377,-0.979,0.148
1635778346312,2021-11-01T10:52:26.312,54.990,-0.376,-0.980,0.148
1635778346322,2021-11-01T10:52:26.322,55.000,-0.378,-0.976,0.150
1635778346332,2021-11-01T10:52:26.332,55.010,-0.382,-0.966,0.150
1635778346342,2021-11-01T10:52:26.342,55.020,-0.387,-0.962,0.147
1635778346352,2021-11-01T10:52:26.352,55.030,-0.383,-0.969,0.143
1635778346362,2021-11-01T10:52:26.362,55.040,-0.387,-0.985,0.146
1635778346372,2021-11-01T10:52:26.372,55.050,-0.384,-0.990,0.145
1635778346382,2021-11-01T10:52:26.382,55.060,-0.381,-0.974,0.146
1635778346392,2021-11-01T10:52:26.392,55.070,-0.378,-0.963,0.145
1635778346402,2021-11-01T10:52:26.402,55.080,-0.379,-0.968,0.147
1635778346412,2021-11-01T10:52:26.412,55.090,-0.379,-0.975,0.153
1635778346422,2021-11-01T10:52:26.422,55.100,-0.375,-0.972,0.152
1635778346432,2021-11-01T10:52:26.432,55.110,-0.379,-0.966,0.154
1635778346442,2021-11-01T10:52:26.442,55.120,-0.384,-0.973,0.151
1635778346452,2021-11-01T10:52:26.452,55.130,-0.395,-0.980,0.150
1635778346462,2021-11-01T10:52:26.462,55.140,-0.397,-0.984,0.151
1635778346472,2021-11-01T10:52:26.472,55.150,-0.392,-0.988,0.152
1635778346482,2021-11-01T10:52:26.482,55.160,-0.391,-0.985,0.152
1635778346492,2021-11-01T10:52:26.492,55.170,-0.387,-0.977,0.154
1635778346502,2021-11-01T10:52:26.502,55.180,-0.387,-0.975,0.149
1635778346512,2021-11-01T10:52:26.512,55.190,-0.388,-0.979,0.152
1635778346522,2021-11-01T10:52:26.522,55.200,-0.387,-0.980,0.151
1635778346532,2021-11-01T10:52:26.532,55.210,-0.385,-0.982,0.152
1635778346542,2021-11-01T10:52:26.542,55.220,-0.377,-0.983,0.156
1635778346552,2021-11-01T10:52:26.552,55.230,-0.366,-0.992,0.157
1635778346562,2021-11-01T10:52:26.562,55.240,-0.370,-0.998,0.158
1635778346572,2021-11-01T10:52:26.572,55.250,-0.380,-0.994,0.158
1635778346582,2021-11-01T10:52:26.582,55.260,-0.387,-0.985,0.153
1635778346592,2021-11-01T10:52:26.592,55.270,-0.387,-0.979,0.152
1635778346602,2021-11-01T10:52:26.602,55.280,-0.382,-0.978,0.151
1635778346612,2021-11-01T10:52:26.612,55.290,-0.379,-0.977,0.150
1635778346622,2021-11-01T10:52:26.622,55.300,-0.369,-0.973,0.148
1635778346632,2021-11-01T10:52:26.632,55.310,-0.360,-0.975,0.146
1635778346642,2021-11-01T10:52:26.642,55.320,-0.359,-0.977,0.148
1635778346652,2021-11-01T10:52:26.652,55.330,-0.355,-0.971,0.146
1635778346662,2021-11-01T10:52:26.662,55.340,-0.358,-0.961,0.145
1635778346672,2021-11-01T10:52:26.672,55.350,-0.358,-0.967,0.142
1635778346682,2021-11-01T10:52:26.682,55.360,-0.357,-0.984,0.139
1635778346692,2021-11-01T10:52:26.692,55.370,-0.354,-0.988,0.142
1635778346702,2021-11-01T10:52:26.702,55.380,-0.351,-0.981,0.142
1635778346712,2021-11-01T10:52:26.712,55.390,-0.345,-0.976,0.143
1635778346722,2021-11-01T10:52:26.722,55.400,-0.339,-0.977,0.147
1635778346732,2021-11-01T10:52:26.732,55.410,-0.342,-0.970,0.143
1635778346742,2021-11-01T10:52:26.742,55.420,-0.341,-0.958,0.142
1635778346752,2021-11-01T10:52:26.752,55.430,-0.338,-0.956,0.141
1635778346762,2021-11-01T10:52:26.762,55.440,-0.338,-0.975,0.145
1635778346772,2021-11-01T10:52:26.772,55.450,-0.345,-0.991,0.146
1635778346782,2021-11-01T10:52:26.782,55.460,-0.345,-0.991,0.145
1635778346792,2021-11-01T10:52:26.792,55.470,-0.342,-0.986,0.146
1635778346802,2021-11-01T10:52:26.802,55.480,-0.344,-0.974,0.146
1635778346812,2021-11-01T10:52:26.812,55.490,-0.347,-0.964,0.145
1635778346822,2021-11-01T10:52:26.822,55.500,-0.347,-0.959,0.138
1635778346832,2021-11-01T10:52:26.832,55.510,-0.345,-0.968,0.141
1635778346842,2021-11-01T10:52:26.842,55.520,-0.344,-0.991,0.142
1635778346852,2021-11-01T10:52:26.852,55.530,-0.337,-1.006,0.143
1635778346862,2021-11-01T10:52:26.862,55.540,-0.332,-1.003,0.148
1635778346872,2021-11-01T10:52:26.872,55.550,-0.341,-0.989,0.146
1635778346882,2021-11-01T10:52:26.882,55.560,-0.348,-0.973,0.148
1635778346892,2021-11-01T10:52:26.892,55.570,-0.354,-0.970,0.147
1635778346902,2021-11-01T10:52:26.902,55.580,-0.358,-0.983,0.147
1635778346912,2021-11-01T10:52:26.912,55.590,-0.361,-0.990,0.147
1635778346922,2021-11-01T10:52:26.922,55.600,-0.362,-0.989,0.147
1635778346932,2021-11-01T10:52:26.932,55.610,-0.361,-0.995,0.147
1635778346942,2021-11-01T10:52:26.942,55.620,-0.360,-1.002,0.152
1635778346952,2021-11-01T10:52:26.952,55.630,-0.358,-1.004,0.153
1635778346962,2021-11-01T10:52:26.962,55.640,-0.357,-1.002,0.154
1635778346972,2021-11-01T10:52:26.972,55.650,-0.354,-0.991,0.155
1635778346982,2021-11-01T10:52:26.982,55.660,-0.352,-0.982,0.152
1635778346992,2021-11-01T10:52:26.992,55.670,-0.347,-0.977,0.154
1635778347002,2021-11-01T10:52:27.002,55.680,-0.342,-0.974,0.155
1635778347012,2021-11-01T10:52:27.012,55.690,-0.335,-0.981,0.148
1635778347022,2021-11-01T10:52:27.022,55.700,-0.329,-0.997,0.142
1635778347032,2021-11-01T10:52:27.032,55.710,-0.325,-1.004,0.139
1635778347042,2021-11-01T10:52:27.042,55.720,-0.317,-1.000,0.139
1635778347052,2021-11-01T10:52:27.052,55.730,-0.305,-0.998,0.135
1635778347062,2021-11-01T10:52:27.062,55.740,-0.301,-0.995,0.137
1635778347072,2021-11-01T10:52:27.072,55.750,-0.300,-0.990,0.130
1635778347082,2021-11-01T10:52:27.082,55.760,-0.300,-0.984,0.124
1635778347092,2021-11-01T10:52:27.092,55.770,-0.295,-0.992,0.118
1635778347102,2021-11-01T10:52:27.102,55.780,-0.294,-0.990,0.115
1635778347112,2021-11-01T10:52:27.112,55.790,-0.287,-0.978,0.115
1635778347122,2021-11-01T10:52:27.122,55.800,-0.277,-0.968,0.113
1635778347132,2021-11-01T10:52:27.132,55.810,-0.271,-0.967,0.112
1635778347142,2021-11-01T10:52:27.142,55.820,-0.265,-0.973,0.108
1635778347152,2021-11-01T10:52:27.152,55.830,-0.258,-0.973,0.110
1635778347162,2021-11-01T10:52:27.162,55.840,-0.248,-0.973,0.109
1635778347172,2021-11-01T10:52:27.172,55.850,-0.246,-0.971,0.111
1635778347182,2021-11-01T10:52:27.182,55.860,-0.243,-0.972,0.107
1635778347192,2021-11-01T10:52:27.192,55.870,-0.237,-0.971,0.107
1635778347202,2021-11-01T10:52:27.202,55.880,-0.229,-0.972,0.104
1635778347212,2021-11-01T10:52:27.212,55.890,-0.219,-0.956,0.104
1635778347222,2021-11-01T10:52:27.222,55.900,-0.210,-0.936,0.106
1635778347232,2021-11-01T10:52:27.232,55.910,-0.206,-0.903,0.111
1635778347242,2021-11-01T10:52:27.242,55.920,-0.198,-0.871,0.114
1635778347252,2021-11-01T10:52:27.252,55.930,-0.189,-0.863,0.107
1635778347262,2021-11-01T10:52:27.262,55.940,-0.190,-0.890,0.108
1635778347272,2021-11-01T10:52:27.272,55.950,-0.202,-0.910,0.112
1635778347282,2021-11-01T10:52:27.282,55.960,-0.211,-0.876,0.116
1635778347292,2021-11-01T10:52:27.292,55.970,-0.218,-0.819,0.118
1635778347302,2021-11-01T10:52:27.302,55.980,-0.222,-0.792,0.120
1635778347312,2021-11-01T10:52:27.312,55.990,-0.217,-0.805,0.121
1635778347322,2021-11-01T10:52:27.322,56.000,-0.219,-0.808,0.124
1635778347332,2021-11-01T10:52:27.332,56.010,-0.223,-0.773,0.118
1635778347342,2021-11-01T10:52:27.342,56.020,-0.224,-0.737,0.113
1635778347352,2021-11-01T10:52:27.352,56.030,-0.231,-0.713,0.111
1635778347362,2021-11-01T10:52:27.362,56.040,-0.236,-0.678,0.121
1635778347372,2021-11-01T10:52:27.372,56.050,-0.233,-0.643,0.120
1635778347382,2021-11-01T10:52:27.382,56.060,-0.246,-0.605,0.118
1635778347392,2021-11-01T10:52:27.392,56.070,-0.254,-0.562,0.132
1635778347402,2021-11-01T10:52:27.402,56.080,-0.267,-0.560,0.135
1635778347412,2021-11-01T10:52:27.412,56.090,-0.297,-0.602,0.130
1635778347422,2021-11-01T10:52:27.422,56.100,-0.346,-0.620,0.147
1635778347432,2021-11-01T10:52:27.432,56.110,-0.369,-0.604,0.154
1635778347442,2021-11-01T10:52:27.442,56.120,-0.374,-0.612,0.144
1635778347452,2021-11-01T10:52:27.452,56.130,-0.382,-0.638,0.153
1635778347462,2021-11-01T10:52:27.462,56.140,-0.393,-0.640,0.164
1635778347472,2021-11-01T10:52:27.472,56.150,-0.408,-0.625,0.171
1635778347482,2021-11-01T10:52:27.482,56.160,-0.433,-0.610,0.180
1635778347492,2021-11-01T10:52:27.492,56.170,-0.475,-0.615,0.186
1635778347502,2021-11-01T10:52:27.502,56.180,-0.532,-0.634,0.190
1635778347512,2021-11-01T10:52:27.512,56.190,-0.583,-0.625,0.200
1635778347522,2021-11-01T10:52:27.522,56.200,-0.598,-0.606,0.204
1635778347532,2021-11-01T10:52:27.532,56.210,-0.594,-0.609,0.208
1635778347542,2021-11-01T10:52:27.542,56.220,-0.577,-0.664,0.207
1635778347552,2021-11-01T10:52:27.552,56.230,-0.574,-0.729,0.218
1635778347562,2021-11-01T10:52:27.562,56.240,-0.600,-0.746,0.229
1635778347572,2021-11-01T10:52:27.572,56.250,-0.635,-0.707,0.234
1635778347582,2021-11-01T10:52:27.582,56.260,-0.678,-0.677,0.229
1635778347592,2021-11-01T10:52:27.592,56.270,-0.741,-0.664,0.225
1635778347602,2021-11-01T10:52:27.602,56.280,-0.779,-0.659,0.219
1635778347612,2021-11-01T10:52:27.612,56.290,-0.768,-0.686,0.207
1635778347622,2021-11-01T10:52:27.622,56.300,-0.749,-0.772,0.205
1635778347632,2021-11-01T10:52:27.632,56.310,-0.733,-0.893,0.208
1635778347642,2021-11-01T10:52:27.642,56.320,-0.724,-0.929,0.218
1635778347652,2021-11-01T10:52:27.652,56.330,-0.726,-0.827,0.217
1635778347662,2021-11-01T10:52:27.662,56.340,-0.730,-0.670,0.210
1635778347672,2021-11-01T10:52:27.672,56.350,-0.767,-0.577,0.196
1635778347682,2021-11-01T10:52:27.682,56.360,-0.810,-0.591,0.179
1635778347692,2021-11-01T10:52:27.692,56.370,-0.817,-0.657,0.188
1635778347702,2021-11-01T10:52:27.702,56.380,-0.791,-0.709,0.197
1635778347712,2021-11-01T10:52:27.712,56.390,-0.750,-0.760,0.195
1635778347722,2021-11-01T10:52:27.722,56.400,-0.718,-0.794,0.204
1635778347732,2021-11-01T10:52:27.732,56.410,-0.709,-0.783,0.215
1635778347742,2021-11-01T10:52:27.742,56.420,-0.734,-0.711,0.210
1635778347752,2021-11-01T10:52:27.752,56.430,-0.771,-0.626,0.200
1635778347762,2021-11-01T10:52:27.762,56.440,-0.812,-0.593,0.187
1635778347772,2021-11-01T10:52:27.772,56.450,-0.848,-0.623,0.191
1635778347782,2021-11-01T10:52:27.782,56.460,-0.858,-0.689,0.211
1635778347792,2021-11-01T10:52:27.792,56.470,-0.846,-0.771,0.224
1635778347802,2021-11-01T10:52:27.802,56.480,-0.836,-0.835,0.232
1635778347812,2021-11-01T10:52:27.812,56.490,-0.833,-0.853,0.232
1635778347822,2021-11-01T10:52:27.822,56.500,-0.852,-0.807,0.224
1635778347832,2021-11-01T10:52:27.832,56.510,-0.881,-0.708,0.203
1635778347842,2021-11-01T10:52:27.842,56.520,-0.898,-0.646,0.192
1635778347852,2021-11-01T10:52:27.852,56.530,-0.916,-0.639,0.210
1635778347862,2021-11-01T10:52:27.862,56.540,-0.934,-0.658,0.245
1635778347872,2021-11-01T10:52:27.872,56.550,-0.937,-0.705,0.264
1635778347882,2021-11-01T10:52:27.882,56.560,-0.927,-0.771,0.278
1635778347892,2021-11-01T10:52:27.892,56.570,-0.941,-0.821,0.276
1635778347902,2021-11-01T10:52:27.902,56.580,-0.976,-0.806,0.259
1635778347912,2021-11-01T10:52:27.912,56.590,-0.998,-0.754,0.235
1635778347922,2021-11-01T10:52:27.922,56.600,-1.009,-0.719,0.225
1635778347932,2021-11-01T10:52:27.932,56.610,-1.016,-0.709,0.230
1635778347942,2021-11-01T10:52:27.942,56.620,-1.006,-0.730,0.234
1635778347952,2021-11-01T10:52:27.952,56.630,-1.003,-0.748,0.250
1635778347962,2021-11-01T10:52:27.962,56.640,-1.016,-0.750,0.244
1635778347972,2021-11-01T10:52:27.972,56.650,-1.030,-0.750,0.233
1635778347982,2021-11-01T10:52:27.982,56.660,-1.029,-0.761,0.215
1635778347992,2021-11-01T10:52:27.992,56.670,-1.036,-0.783,0.201
1635778348002,2021-11-01T10:52:28.002,56.680,-1.045,-0.785,0.193
1635778348012,2021-11-01T10:52:28.012,56.690,-1.030,-0.769,0.182
1635778348022,2021-11-01T10:52:28.022,56.700,-1.014,-0.742,0.172
1635778348032,2021-11-01T10:52:28.032,56.710,-1.006,-0.734,0.167
1635778348042,2021-11-01T10:52:28.042,56.720,-1.001,-0.727,0.161
1635778348052,2021-11-01T10:52:28.052,56.730,-0.992,-0.707,0.155
1635778348062,2021-11-01T10:52:28.062,56.740,-0.991,-0.686,0.145
1635778348072,2021-11-01T10:52:28.072,56.750,-0.977,-0.688,0.137
1635778348082,2021-11-01T10:52:28.082,56.760,-0.950,-0.710,0.133
1635778348092,2021-11-01T10:52:28.092,56.770,-0.932,-0.721,0.129
1635778348102,2021-11-01T10:52:28.102,56.780,-0.923,-0.699,0.141
1635778348112,2021-11-01T10:52:28.112,56.790,-0.950,-0.685,0.144
1635778348122,2021-11-01T10:52:28.122,56.800,-1.003,-0.671,0.159
1635778348132,2021-11-01T10:52:28.132,56.810,-1.026,-0.682,0.177
1635778348142,2021-11-01T10:52:28.142,56.820,-1.040,-0.722,0.196
1635778348152,2021-11-01T10:52:28.152,56.830,-1.045,-0.755,0.217
1635778348162,2021-11-01T10:52:28.162,56.840,-1.029,-0.775,0.230
1635778348172,2021-11-01T10:52:28.172,56.850,-1.014,-0.792,0.232
1635778348182,2021-11-01T10:52:28.182,56.860,-1.005,-0.813,0.235
1635778348192,2021-11-01T10:52:28.192,56.870,-1.013,-0.824,0.229
1635778348202,2021-11-01T10:52:28.202,56.880,-1.035,-0.780,0.220
1635778348212,2021-11-01T10:52:28.212,56.890,-1.047,-0.735,0.204
1635778348222,2021-11-01T10:52:28.222,56.900,-1.048,-0.752,0.208
1635778348232,2021-11-01T10:52:28.232,56.910,-1.039,-0.842,0.212
1635778348242,2021-11-01T10:52:28.242,56.920,-1.014,-0.937,0.216
1635778348252,2021-11-01T10:52:28.252,56.930,-0.978,-0.993,0.218
1635778348262,2021-11-01T10:52:28.262,56.940,-0.933,-1.028,0.221
1635778348272,2021-11-01T10:52:28.272,56.950,-0.891,-1.055,0.220
1635778348282,2021-11-01T10:52:28.282,56.960,-0.867,-1.080,0.216
1635778348292,2021-11-01T10:52:28.292,56.970,-0.858,-1.110,0.212
1635778348302,2021-11-01T10:52:28.302,56.980,-0.844,-1.143,0.218
1635778348312,2021-11-01T10:52:28.312,56.990,-0.814,-1.164,0.232
1635778348322,2021-11-01T10:52:28.322,57.000,-0.781,-1.183,0.236
1635778348332,2021-11-01T10:52:28.332,57.010,-0.738,-1.216,0.241
1635778348342,2021-11-01T10:52:28.342,57.020,-0.697,-1.229,0.244
1635778348352,2021-11-01T10:52:28.352,57.030,-0.649,-1.192,0.244
1635778348362,2021-11-01T10:52:28.362,57.040,-0.604,-1.105,0.235
1635778348372,2021-11-01T10:52:28.372,57.050,-0.574,-1.023,0.223
1635778348382,2021-11-01T10:52:28.382,57.060,-0.566,-0.981,0.212
1635778348392,2021-11-01T10:52:28.392,57.070,-0.581,-0.953,0.198
1635778348402,2021-11-01T10:52:28.402,57.080,-0.597,-0.905,0.178
1635778348412,2021-11-01T10:52:28.412,57.090,-0.592,-0.843,0.161
1635778348422,2021-11-01T10:52:28.422,57.100,-0.573,-0.804,0.145
1635778348432,2021-11-01T10:52:28.432,57.110,-0.548,-0.794,0.131
1635778348442,2021-11-01T10:52:28.442,57.120,-0.520,-0.782,0.125
1635778348452,2021-11-01T10:52:28.452,57.130,-0.484,-0.753,0.115
1635778348462,2021-11-01T10:52:28.462,57.140,-0.441,-0.718,0.115
1635778348472,2021-11-01T10:52:28.472,57.150,-0.397,-0.705,0.114
1635778348482,2021-11-01T10:52:28.482,57.160,-0.363,-0.720,0.108
1635778348492,2021-11-01T10:52:28.492,57.170,-0.339,-0.753,0.109
1635778348502,2021-11-01T10:52:28.502,57.180,-0.327,-0.790,0.113
1635778348512,2021-11-01T10:52:28.512,57.190,-0.322,-0.800,0.123
1635778348522,2021-11-01T10:52:28.522,57.200,-0.317,-0.795,0.121
1635778348532,2021-11-01T10:52:28.532,57.210,-0.309,-0.821,0.120
1635778348542,2021-11-01T10:52:28.542,57.220,-0.300,-0.871,0.127
1635778348552,2021-11-01T10:52:28.552,57.230,-0.287,-0.917,0.128
1635778348562,2021-11-01T10:52:28.562,57.240,-0.275,-0.939,0.131
1635778348572,2021-11-01T10:52:28.572,57.250,-0.265,-0.954,0.142
1635778348582,2021-11-01T10:52:28.582,57.260,-0.261,-0.983,0.143
1635778348592,2021-11-01T10:52:28.592,57.270,-0.262,-1.010,0.154
1635778348602,2021-11-01T10:52:28.602,57.280,-0.272,-1.020,0.150
1635778348612,2021-11-01T10:52:28.612,57.290,-0.288,-1.017,0.141
1635778348622,2021-11-01T10:52:28.622,57.300,-0.297,-1.011,0.128
1635778348632,2021-11-01T10:52:28.632,57.310,-0.300,-1.008,0.119
1635778348642,2021-11-01T10:52:28.642,57.320,-0.301,-1.006,0.107
1635778348652,2021-11-01T10:52:28.652,57.330,-0.294,-0.997,0.099
1635778348662,2021-11-01T10:52:28.662,57.340,-0.290,-0.978,0.098
1635778348672,2021-11-01T10:52:28.672,57.350,-0.282,-0.963,0.088
1635778348682,2021-11-01T10:52:28.682,57.360,-0.279,-0.962,0.077
1635778348692,2021-11-01T10:52:28.692,57.370,-0.287,-0.966,0.068
1635778348702,2021-11-01T10:52:28.702,57.380,-0.303,-0.959,0.054
1635778348712,2021-11-01T10:52:28.712,57.390,-0.313,-0.945,0.042
1635778348722,2021-11-01T10:52:28.722,57.400,-0.318,-0.939,0.033
1635778348732,2021-11-01T10:52:28.732,57.410,-0.320,-0.948,0.032
1635778348742,2021-11-01T10:52:28.742,57.420,-0.315,-0.964,0.031
1635778348752,2021-11-01T10:52:28.752,57.430,-0.306,-0.974,0.032
1635778348762,2021-11-01T10:52:28.762,57.440,-0.292,-0.984,0.035
1635778348772,2021-11-01T10:52:28.772,57.450,-0.272,-0.978,0.044
1635778348782,2021-11-01T10:52:28.782,57.460,-0.256,-0.959,0.049
1635778348792,2021-11-01T10:52:28.792,57.470,-0.246,-0.950,0.045
1635778348802,2021-11-01T10:52:28.802,57.480,-0.238,-0.974,0.038
1635778348812,2021-11-01T10:52:28.812,57.490,-0.237,-1.015,0.028
1635778348822,2021-11-01T10:52:28.822,57.500,-0.242,-1.026,0.021
1635778348832,2021-11-01T10:52:28.832,57.510,-0.244,-1.024,0.014
1635778348842,2021-11-01T10:52:28.842,57.520,-0.246,-1.025,0.004
1635778348852,2021-11-01T10:52:28.852,57.530,-0.250,-1.027,-0.001
1635778348862,2021-11-01T10:52:28.862,57.540,-0.250,-1.032,-0.011
1635778348872,2021-11-01T10:52:28.872,57.550,-0.250,-1.039,-0.018
1635778348882,2021-11-01T10:52:28.882,57.560,-0.256,-1.032,-0.022
1635778348892,2021-11-01T10:52:28.892,57.570,-0.264,-1.031,-0.040
1635778348902,2021-11-01T10:52:28.902,57.580,-0.271,-1.038,-0.044
1635778348912,2021-11-01T10:52:28.912,57.590,-0.274,-1.040,-0.050
1635778348922,2021-11-01T10:52:28.922,57.600,-0.271,-1.024,-0.057
1635778348932,2021-11-01T10:52:28.932,57.610,-0.272,-0.986,-0.062
1635778348942,2021-11-01T10:52:28.942,57.620,-0.278,-0.946,-0.073
1635778348952,2021-11-01T10:52:28.952,57.630,-0.275,-0.918,-0.081
1635778348962,2021-11-01T10:52:28.962,57.640,-0.262,-0.901,-0.096
1635778348972,2021-11-01T10:52:28.972,57.650,-0.248,-0.914,-0.110
1635778348982,2021-11-01T10:52:28.982,57.660,-0.233,-0.970,-0.112
1635778348992,2021-11-01T10:52:28.992,57.670,-0.221,-1.017,-0.111
1635778349002,2021-11-01T10:52:29.002,57.680,-0.210,-1.036,-0.114
1635778349012,2021-11-01T10:52:29.012,57.690,-0.200,-1.037,-0.107
1635778349022,2021-11-01T10:52:29.022,57.700,-0.197,-1.023,-0.098
1635778349032,2021-11-01T10:52:29.032,57.710,-0.196,-1.007,-0.095
1635778349042,2021-11-01T10:52:29.042,57.720,-0.200,-0.996,-0.091
1635778349052,2021-11-01T10:52:29.052,57.730,-0.203,-0.993,-0.093
1635778349062,2021-11-01T10:52:29.062,57.740,-0.197,-0.997,-0.091
1635778349072,2021-11-01T10:52:29.072,57.750,-0.190,-1.003,-0.089
1635778349082,2021-11-01T10:52:29.082,57.760,-0.181,-1.009,-0.089
1635778349092,2021-11-01T10:52:29.092,57.770,-0.170,-1.019,-0.087
1635778349102,2021-11-01T10:52:29.102,57.780,-0.156,-1.025,-0.086
1635778349112,2021-11-01T10:52:29.112,57.790,-0.147,-1.025,-0.090
1635778349122,2021-11-01T10:52:29.122,57.800,-0.151,-1.011,-0.097
1635778349132,2021-11-01T10:52:29.132,57.810,-0.156,-0.991,-0.108
1635778349142,2021-11-01T10:52:29.142,57.820,-0.161,-0.981,-0.117
1635778349152,2021-11-01T10:52:29.152,57.830,-0.166,-0.981,-0.122
1635778349162,2021-11-01T10:52:29.162,57.840,-0.174,-0.981,-0.126
1635778349172,2021-11-01T10:52:29.172,57.850,-0.178,-0.980,-0.136
1635778349182,2021-11-01T10:52:29.182,57.860,-0.187,-0.985,-0.139
1635778349192,2021-11-01T10:52:29.192,57.870,-0.191,-0.987,-0.136
1635778349202,2021-11-01T10:52:29.202,57.880,-0.181,-0.996,-0.125
1635778349212,2021-11-01T10:52:29.212,57.890,-0.171,-1.012,-0.114
1635778349222,2021-11-01T10:52:29.222,57.900,-0.154,-1.018,-0.097
1635778349232,2021-11-01T10:52:29.232,57.910,-0.150,-1.008,-0.083
1635778349242,2021-11-01T10:52:29.242,57.920,-0.159,-0.984,-0.080
1635778349252,2021-11-01T10:52:29.252,57.930,-0.172,-0.970,-0.085
1635778349262,2021-11-01T10:52:29.262,57.940,-0.176,-0.982,-0.084
1635778349272,2021-11-01T10:52:29.272,57.950,-0.171,-1.017,-0.081
1635778349282,2021-11-01T10:52:29.282,57.960,-0.160,-1.043,-0.073
1635778349292,2021-11-01T10:52:29.292,57.970,-0.145,-1.056,-0.063
1635778349302,2021-11-01T10:52:29.302,57.980,-0.132,-1.059,-0.050
1635778349312,2021-11-01T10:52:29.312,57.990,-0.131,-1.063,-0.041
1635778349322,2021-11-01T10:52:29.322,58.000,-0.141,-1.049,-0.040
1635778349332,2021-11-01T10:52:29.332,58.010,-0.147,-1.030,-0.035
1635778349342,2021-11-01T10:52:29.342,58.020,-0.152,-1.014,-0.026
1635778349352,2021-11-01T10:52:29.352,58.030,-0.150,-1.009,-0.020
1635778349362,2021-11-01T10:52:29.362,58.040,-0.140,-1.026,-0.015
1635778349372,2021-11-01T10:52:29.372,58.050,-0.135,-1.057,-0.007
1635778349382,2021-11-01T10:52:29.382,58.060,-0.129,-1.075,0.000
1635778349392,2021-11-01T10:52:29.392,58.070,-0.140,-1.076,0.004
1635778349402,2021-11-01T10:52:29.402,58.080,-0.152,-1.074,0.007
1635778349412,2021-11-01T10:52:29.412,58.090,-0.151,-1.067,0.010
1635778349422,2021-11-01T10:52:29.422,58.100,-0.156,-1.051,0.021
1635778349432,2021-11-01T10:52:29.432,58.110,-0.154,-1.033,0.026
1635778349442,2021-11-01T10:52:29.442,58.120,-0.145,-1.031,0.033
1635778349452,2021-11-01T10:52:29.452,58.130,-0.141,-1.046,0.033
1635778349462,2021-11-01T10:52:29.462,58.140,-0.136,-1.042,0.033
1635778349472,2021-11-01T10:52:29.472,58.150,-0.134,-1.035,0.023
1635778349482,2021-11-01T10:52:29.482,58.160,-0.148,-1.039,0.016
1635778349492,2021-11-01T10:52:29.492,58.170,-0.154,-1.041,0.013
1635778349502,2021-11-01T10:52:29.502,58.180,-0.155,-1.035,0.007
1635778349512,2021-11-01T10:52:29.512,58.190,-0.154,-1.020,0.007
1635778349522,2021-11-01T10:52:29.522,58.200,-0.150,-1.009,0.012
1635778349532,2021-11-01T10:52:29.532,58.210,-0.151,-1.017,0.015
1635778349542,2021-11-01T10:52:29.542,58.220,-0.155,-1.025,0.018
1635778349552,2021-11-01T10:52:29.552,58.230,-0.162,-1.020,0.015
1635778349562,2021-11-01T10:52:29.562,58.240,-0.177,-1.016,0.007
1635778349572,2021-11-01T10:52:29.572,58.250,-0.194,-1.026,0.003
1635778349582,2021-11-01T10:52:29.582,58.260,-0.198,-1.034,0.003
1635778349592,2021-11-01T10:52:29.592,58.270,-0.196,-1.031,0.007
1635778349602,2021-11-01T10:52:29.602,58.280,-0.192,-1.033,0.009
1635778349612,2021-11-01T10:52:29.612,58.290,-0.188,-1.043,0.020
1635778349622,2021-11-01T10:52:29.622,58.300,-0.182,-1.038,0.024
1635778349632,2021-11-01T10:52:29.632,58.310,-0.182,-1.022,0.023
1635778349642,2021-11-01T10:52:29.642,58.320,-0.190,-1.008,0.020
1635778349652,2021-11-01T10:52:29.652,58.330,-0.195,-1.006,0.018
1635778349662,2021-11-01T10:52:29.662,58.340,-0.201,-1.009,0.012
1635778349672,2021-11-01T10:52:29.672,58.350,-0.203,-1.021,0.011
1635778349682,2021-11-01T10:52:29.682,58.360,-0.205,-1.021,0.019
1635778349692,2021-11-01T10:52:29.692,58.370,-0.203,-1.020,0.021
1635778349702,2021-11-01T10:52:29.702,58.380,-0.203,-1.025,0.031
1635778349712,2021-11-01T10:52:29.712,58.390,-0.204,-1.031,0.033
1635778349722,2021-11-01T10:52:29.722,58.400,-0.218,-1.037,0.032
1635778349732,2021-11-01T10:52:29.732,58.410,-0.228,-1.035,0.032
1635778349742,2021-11-01T10:52:29.742,58.420,-0.234,-1.031,0.030
1635778349752,2021-11-01T10:52:29.752,58.430,-0.236,-1.030,0.033
1635778349762,2021-11-01T10:52:29.762,58.440,-0.237,-1.023,0.036
1635778349772,2021-11-01T10:52:29.772,58.450,-0.235,-1.021,0.035
1635778349782,2021-11-01T10:52:29.782,58.460,-0.236,-1.032,0.036
1635778349792,2021-11-01T10:52:29.792,58.470,-0.245,-1.043,0.040
1635778349802,2021-11-01T10:52:29.802,58.480,-0.251,-1.040,0.041
1635778349812,2021-11-01T10:52:29.812,58.490,-0.249,-1.029,0.036
1635778349822,2021-11-01T10:52:29.822,58.500,-0.246,-1.031,0.036
1635778349832,2021-11-01T10:52:29.832,58.510,-0.246,-1.037,0.035
1635778349842,2021-11-01T10:52:29.842,58.520,-0.250,-1.041,0.041
1635778349852,2021-11-01T10:52:29.852,58.530,-0.255,-1.036,0.040
1635778349862,2021-11-01T10:52:29.862,58.540,-0.252,-1.019,0.048
1635778349872,2021-11-01T10:52:29.872,58.550,-0.256,-1.008,0.043
1635778349882,2021-11-01T10:52:29.882,58.560,-0.271,-1.022,0.043
1635778349892,2021-11-01T10:52:29.892,58.570,-0.265,-1.037,0.042
1635778349902,2021-11-01T10:52:29.902,58.580,-0.268,-1.041,0.033
1635778349912,2021-11-01T10:52:29.912,58.590,-0.272,-1.043,0.032
1635778349922,2021-11-01T10:52:29.922,58.600,-0.278,-1.038,0.032
1635778349932,2021-11-01T10:52:29.932,58.610,-0.294,-1.039,0.030
1635778349942,2021-11-01T10:52:29.942,58.620,-0.288,-1.035,0.029
1635778349952,2021-11-01T10:52:29.952,58.630,-0.280,-1.017,0.026
1635778349962,2021-11-01T10:52:29.962,58.640,-0.295,-1.001,0.027
1635778349972,2021-11-01T10:52:29.972,58.650,-0.292,-0.997,0.031
1635778349982,2021-11-01T10:52:29.982,58.660,-0.289,-1.001,0.021
1635778349992,2021-11-01T10:52:29.992,58.670,-0.285,-1.014,0.021
1635778350002,2021-11-01T10:52:30.002,58.680,-0.289,-1.022,0.022
1635778350012,2021-11-01T10:52:30.012,58.690,-0.299,-1.023,0.018
1635778350022,2021-11-01T10:52:30.022,58.700,-0.290,-1.028,0.017
1635778350032,2021-11-01T10:52:30.032,58.710,-0.285,-1.022,0.025
1635778350042,2021-11-01T10:52:30.042,58.720,-0.288,-1.020,0.022
1635778350052,2021-11-01T10:52:30.052,58.730,-0.287,-1.014,0.023
1635778350062,2021-11-01T10:52:30.062,58.740,-0.278,-1.017,0.024
1635778350072,2021-11-01T10:52:30.072,58.750,-0.277,-1.016,0.025
1635778350082,2021-11-01T10:52:30.082,58.760,-0.271,-1.015,0.026
1635778350092,2021-11-01T10:52:30.092,58.770,-0.270,-1.017,0.021
1635778350102,2021-11-01T10:52:30.102,58.780,-0.277,-1.018,0.022
1635778350112,2021-11-01T10:52:30.112,58.790,-0.278,-1.013,0.020
1635778350122,2021-11-01T10:52:30.122,58.800,-0.282,-1.011,0.019
1635778350132,2021-11-01T10:52:30.132,58.810,-0.279,-1.014,0.024
1635778350142,2021-11-01T10:52:30.142,58.820,-0.274,-1.020,0.029
1635778350152,2021-11-01T10:52:30.152,58.830,-0.269,-1.018,0.035
1635778350162,2021-11-01T10:52:30.162,58.840,-0.268,-1.015,0.043
1635778350172,2021-11-01T10:52:30.172,58.850,-0.267,-1.013,0.040
1635778350182,2021-11-01T10:52:30.182,58.860,-0.265,-1.009,0.041
1635778350192,2021-11-01T10:52:30.192,58.870,-0.272,-1.002,0.041
1635778350202,2021-11-01T10:52:30.202,58.880,-0.273,-1.009,0.030
1635778350212,2021-11-01T10:52:30.212,58.890,-0.277,-1.018,0.029
1635778350222,2021-11-01T10:52:30.222,58.900,-0.283,-1.023,0.029
1635778350232,2021-11-01T10:52:30.232,58.910,-0.283,-1.022,0.030
1635778350242,2021-11-01T10:52:30.242,58.920,-0.283,-1.018,0.031
1635778350252,2021-11-01T10:52:30.252,58.930,-0.284,-1.015,0.026
1635778350262,2021-11-01T10:52:30.262,58.940,-0.282,-1.019,0.031
1635778350272,2021-11-01T10:52:30.272,58.950,-0.277,-1.020,0.031
1635778350282,2021-11-01T10:52:30.282,58.960,-0.276,-1.019,0.030
1635778350292,2021-11-01T10:52:30.292,58.970,-0.278,-1.018,0.033
1635778350302,2021-11-01T10:52:30.302,58.980,-0.279,-1.021,0.028
1635778350312,2021-11-01T10:52:30.312,58.990,-0.280,-1.024,0.027
1635778350322,2021-11-01T10:52:30.322,59.000,-0.278,-1.019,0.034
1635778350332,2021-11-01T10:52:30.332,59.010,-0.275,-1.007,0.035
1635778350342,2021-11-01T10:52:30.342,59.020,-0.273,-1.006,0.036
1635778350352,2021-11-01T10:52:30.352,59.030,-0.273,-1.015,0.036
1635778350362,2021-11-01T10:52:30.362,59.040,-0.270,-1.021,0.039
1635778350372,2021-11-01T10:52:30.372,59.050,-0.274,-1.019,0.037
1635778350382,2021-11-01T10:52:30.382,59.060,-0.282,-1.018,0.031
1635778350392,2021-11-01T10:52:30.392,59.070,-0.289,-1.017,0.028
1635778350402,2021-11-01T10:52:30.402,59.080,-0.297,-1.014,0.026
1635778350412,2021-11-01T10:52:30.412,59.090,-0.296,-1.012,0.025
1635778350422,2021-11-01T10:52:30.422,59.100,-0.294,-1.022,0.022
1635778350432,2021-11-01T10:52:30.432,59.110,-0.289,-1.019,0.028
1635778350442,2021-11-01T10:52:30.442,59.120,-0.285,-1.007,0.030
1635778350452,2021-11-01T10:52:30.452,59.130,-0.281,-1.006,0.028
1635778350462,2021-11-01T10:52:30.462,59.140,-0.278,-1.012,0.030
1635778350472,2021-11-01T10:52:30.472,59.150,-0.281,-1.014,0.034
1635778350482,2021-11-01T10:52:30.482,59.160,-0.280,-1.019,0.032
1635778350492,2021-11-01T10:52:30.492,59.170,-0.282,-1.018,0.031
1635778350502,2021-11-01T10:52:30.502,59.180,-0.287,-1.022,0.028
1635778350512,2021-11-01T10:52:30.512,59.190,-0.291,-1.015,0.034
1635778350522,2021-11-01T10:52:30.522,59.200,-0.283,-1.007,0.033
1635778350532,2021-11-01T10:52:30.532,59.210,-0.277,-1.016,0.036
1635778350542,2021-11-01T10:52:30.542,59.220,-0.274,-1.023,0.041
1635778350552,2021-11-01T10:52:30.552,59.230,-0.272,-1.018,0.038
1635778350562,2021-11-01T10:52:30.562,59.240,-0.277,-1.010,0.036
1635778350572,2021-11-01T10:52:30.572,59.250,-0.284,-1.005,0.036
1635778350582,2021-11-01T10:52:30.582,59.260,-0.288,-1.007,0.033
1635778350592,2021-11-01T10:52:30.592,59.270,-0.290,-1.018,0.037
1635778350602,2021-11-01T10:52:30.602,59.280,-0.293,-1.023,0.040
1635778350612,2021-11-01T10:52:30.612,59.290,-0.286,-1.024,0.042
1635778350622,2021-11-01T10:52:30.622,59.300,-0.286,-1.025,0.040
1635778350632,2021-11-01T10:52:30.632,59.310,-0.286,-1.024,0.040
1635778350642,2021-11-01T10:52:30.642,59.320,-0.284,-1.018,0.042
1635778350652,2021-11-01T10:52:30.652,59.330,-0.286,-1.013,0.038
1635778350662,2021-11-01T10:52:30.662,59.340,-0.291,-1.015,0.036
1635778350672,2021-11-01T10:52:30.672,59.350,-0.292,-1.014,0.035
1635778350682,2021-11-01T10:52:30.682,59.360,-0.291,-1.017,0.029
1635778350692,2021-11-01T10:52:30.692,59.370,-0.293,-1.026,0.024
1635778350702,2021-11-01T10:52:30.702,59.380,-0.290,-1.024,0.027
1635778350712,2021-11-01T10:52:30.712,59.390,-0.284,-1.014,0.023
1635778350722,2021-11-01T10:52:30.722,59.400,-0.284,-1.003,0.021
1635778350732,2021-11-01T10:52:30.732,59.410,-0.281,-1.000,0.019
1635778350742,2021-11-01T10:52:30.742,59.420,-0.275,-1.004,0.015
1635778350752,2021-11-01T10:52:30.752,59.430,-0.273,-1.008,0.017
1635778350762,2021-11-01T10:52:30.762,59.440,-0.279,-1.007,0.012
1635778350772,2021-11-01T10:52:30.772,59.450,-0.282,-1.005,0.009
1635778350782,2021-11-01T10:52:30.782,59.460,-0.282,-1.015,0.007
1635778350792,2021-11-01T10:52:30.792,59.470,-0.279,-1.018,0.007
1635778350802,2021-11-01T10:52:30.802,59.480,-0.280,-1.016,0.008
1635778350812,2021-11-01T10:52:30.812,59.490,-0.277,-1.017,0.007
1635778350822,2021-11-01T10:52:30.822,59.500,-0.271,-1.016,0.012
1635778350832,2021-11-01T10:52:30.832,59.510,-0.268,-1.017,0.013
1635778350842,2021-11-01T10:52:30.842,59.520,-0.271,-1.008,0.013
1635778350852,2021-11-01T10:52:30.852,59.530,-0.275,-1.001,0.008
1635778350862,2021-11-01T10:52:30.862,59.540,-0.279,-1.003,0.007
1635778350872,2021-11-01T10:52:30.872,59.550,-0.278,-1.008,0.004
1635778350882,2021-11-01T10:52:30.882,59.560,-0.279,-1.017,0.002
1635778350892,2021-11-01T10:52:30.892,59.570,-0.282,-1.021,0.005
1635778350902,2021-11-01T10:52:30.902,59.580,-0.276,-1.017,0.008
1635778350912,2021-11-01T10:52:30.912,59.590,-0.274,-1.015,0.009
1635778350922,2021-11-01T10:52:30.922,59.600,-0.272,-1.014,0.008
1635778350932,2021-11-01T10:52:30.932,59.610,-0.273,-1.009,0.005
1635778350942,2021-11-01T10:52:30.942,59.620,-0.274,-1.008,0.003
1635778350952,2021-11-01T10:52:30.952,59.630,-0.279,-1.012,-0.001
1635778350962,2021-11-01T10:52:30.962,59.640,-0.280,-1.014,-0.003
1635778350972,2021-11-01T10:52:30.972,59.650,-0.282,-1.015,-0.002
1635778350982,2021-11-01T10:52:30.982,59.660,-0.285,-1.014,-0.001
1635778350992,2021-11-01T10:52:30.992,59.670,-0.284,-1.011,0.002
1635778351002,2021-11-01T10:52:31.002,59.680,-0.284,-1.011,-0.003
1635778351012,2021-11-01T10:52:31.012,59.690,-0.277,-1.014,0.000
1635778351022,2021-11-01T10:52:31.022,59.700,-0.268,-1.018,0.003
1635778351032,2021-11-01T10:52:31.032,59.710,-0.262,-1.015,0.003
1635778351042,2021-11-01T10:52:31.042,59.720,-0.266,-1.013,0.008
1635778351052,2021-11-01T10:52:31.052,59.730,-0.267,-1.015,0.010
1635778351062,2021-11-01T10:52:31.062,59.740,-0.264,-1.021,0.010
1635778351072,2021-11-01T10:52:31.072,59.750,-0.269,-1.025,0.013
1635778351082,2021-11-01T10:52:31.082,59.760,-0.267,-1.021,0.016
1635778351092,2021-11-01T10:52:31.092,59.770,-0.266,-1.013,0.016
1635778351102,2021-11-01T10:52:31.102,59.780,-0.270,-1.019,0.016
1635778351112,2021-11-01T10:52:31.112,59.790,-0.270,-1.021,0.014
1635778351122,2021-11-01T10:52:31.122,59.800,-0.270,-1.013,0.011
1635778351132,2021-11-01T10:52:31.132,59.810,-0.274,-1.005,0.006
1635778351142,2021-11-01T10:52:31.142,59.820,-0.277,-1.007,0.004
1635778351152,2021-11-01T10:52:31.152,59.830,-0.278,-1.013,0.004
1635778351162,2021-11-01T10:52:31.162,59.840,-0.276,-1.021,0.007
1635778351172,2021-11-01T10:52:31.172,59.850,-0.275,-1.030,0.009
1635778351182,2021-11-01T10:52:31.182,59.860,-0.272,-1.025,0.012
1635778351192,2021-11-01T10:52:31.192,59.870,-0.271,-1.015,0.011
1635778351202,2021-11-01T10:52:31.202,59.880,-0.272,-1.008,0.012
1635778351212,2021-11-01T10:52:31.212,59.890,-0.265,-1.013,0.013
1635778351222,2021-11-01T10:52:31.222,59.900,-0.264,-1.014,0.009
1635778351232,2021-11-01T10:52:31.232,59.910,-0.268,-1.008,0.009
1635778351242,2021-11-01T10:52:31.242,59.920,-0.269,-1.003,0.000
1635778351252,2021-11-01T10:52:31.252,59.930,-0.269,-1.007,-0.000
1635778351262,2021-11-01T10:52:31.262,59.940,-0.271,-1.016,0.003
1635778351272,2021-11-01T10:52:31.272,59.950,-0.269,-1.023,0.004
1635778351282,2021-11-01T10:52:31.282,59.960,-0.266,-1.015,0.008
1635778351292,2021-11-01T10:52:31.292,59.970,-0.265,-1.009,0.009
1635778351302,2021-11-01T10:52:31.302,59.980,-0.261,-1.017,0.010
1635778351312,2021-11-01T10:52:31.312,59.990,-0.260,-1.020,0.011
1635778351322,2021-11-01T10:52:31.322,60.000,-0.259,-1.011,0.010
1635778351332,2021-11-01T10:52:31.332,60.010,-0.258,-1.004,0.009
1635778351342,2021-11-01T10:52:31.342,60.020,-0.260,-1.003,0.006
1635778351352,2021-11-01T10:52:31.352,60.030,-0.262,-1.006,0.003
1635778351362,2021-11-01T10:52:31.362,60.040,-0.261,-1.010,0.004
1635778351372,2021-11-01T10:52:31.372,60.050,-0.256,-1.011,0.010
1635778351382,2021-11-01T10:52:31.382,60.060,-0.258,-1.007,0.012
1635778351392,2021-11-01T10:52:31.392,60.070,-0.262,-1.000,0.017
1635778351402,2021-11-01T10:52:31.402,60.080,-0.263,-1.005,0.009
1635778351412,2021-11-01T10:52:31.412,60.090,-0.267,-1.010,0.014
1635778351422,2021-11-01T10:52:31.422,60.100,-0.270,-1.013,0.018
1635778351432,2021-11-01T10:52:31.432,60.110,-0.270,-1.011,0.012
1635778351442,2021-11-01T10:52:31.442,60.120,-0.289,-1.011,0.009
1635778351452,2021-11-01T10:52:31.452,60.130,-0.297,-1.020,0.010
1635778351462,2021-11-01T10:52:31.462,60.140,-0.293,-1.037,0.011
1635778351472,2021-11-01T10:52:31.472,60.150,-0.293,-1.039,0.015
1635778351482,2021-11-01T10:52:31.482,60.160,-0.292,-1.022,0.012
1635778351492,2021-11-01T10:52:31.492,60.170,-0.288,-1.020,0.013
1635778351502,2021-11-01T10:52:31.502,60.180,-0.286,-1.018,0.015
1635778351512,2021-11-01T10:52:31.512,60.190,-0.279,-1.017,0.017
1635778351522,2021-11-01T10:52:31.522,60.200,-0.279,-1.021,0.015
1635778351532,2021-11-01T10:52:31.532,60.210,-0.278,-1.017,0.015
1635778351542,2021-11-01T10:52:31.542,60.220,-0.277,-1.014,0.012
1635778351552,2021-11-01T10:52:31.552,60.230,-0.279,-1.011,0.017
1635778351562,2021-11-01T10:52:31.562,60.240,-0.279,-1.009,0.017
1635778351572,2021-11-01T10:52:31.572,60.250,-0.282,-1.008,0.016
1635778351582,2021-11-01T10:52:31.582,60.260,-0.282,-1.017,0.017
1635778351592,2021-11-01T10:52:31.592,60.270,-0.281,-1.023,0.018
1635778351602,2021-11-01T10:52:31.602,60.280,-0.279,-1.020,0.018
1635778351612,2021-11-01T10:52:31.612,60.290,-0.285,-1.009,0.020
1635778351622,2021-11-01T10:52:31.622,60.300,-0.286,-1.005,0.017
1635778351632,2021-11-01T10:52:31.632,60.310,-0.285,-1.011,0.013
1635778351642,2021-11-01T10:52:31.642,60.320,-0.287,-1.012,0.010
1635778351652,2021-11-01T10:52:31.652,60.330,-0.285,-1.005,0.015
1635778351662,2021-11-01T10:52:31.662,60.340,-0.283,-1.007,0.014
1635778351672,2021-11-01T10:52:31.672,60.350,-0.284,-1.015,0.011
1635778351682,2021-11-01T10:52:31.682,60.360,-0.282,-1.021,0.014
1635778351692,2021-11-01T10:52:31.692,60.370,-0.283,-1.024,0.018
1635778351702,2021-11-01T10:52:31.702,60.380,-0.282,-1.018,0.021
1635778351712,2021-11-01T10:52:31.712,60.390,-0.280,-1.009,0.020
1635778351722,2021-11-01T10:52:31.722,60.400,-0.281,-1.005,0.017
1635778351732,2021-11-01T10:52:31.732,60.410,-0.280,-1.010,0.016
1635778351742,2021-11-01T10:52:31.742,60.420,-0.280,-1.012,0.014
1635778351752,2021-11-01T10:52:31.752,60.430,-0.282,-1.013,0.010
1635778351762,2021-11-01T10:52:31.762,60.440,-0.285,-1.011,0.010
1635778351772,2021-11-01T10:52:31.772,60.450,-0.286,-1.010,0.009
1635778351782,2021-11-01T10:52:31.782,60.460,-0.284,-1.014,0.013
1635778351792,2021-11-01T10:52:31.792,60.470,-0.286,-1.022,0.012
1635778351802,2021-11-01T10:52:31.802,60.480,-0.284,-1.020,0.016
1635778351812,2021-11-01T10:52:31.812,60.490,-0.281,-1.011,0.019
1635778351822,2021-11-01T10:52:31.822,60.500,-0.282,-1.005,0.016
1635778351832,2021-11-01T10:52:31.832,60.510,-0.283,-1.005,0.011
1635778351842,2021-11-01T10:52:31.842,60.520,-0.288,-1.006,0.007
1635778351852,2021-11-01T10:52:31.852,60.530,-0.288,-1.009,0.005
1635778351862,2021-11-01T10:52:31.862,60.540,-0.292,-1.014,0.004
1635778351872,2021-11-01T10:52:31.872,60.550,-0.295,-1.016,0.008
1635778351882,2021-11-01T10:52:31.882,60.560,-0.290,-1.016,0.007
1635778351892,2021-11-01T10:52:31.892,60.570,-0.287,-1.018,0.013
1635778351902,2021-11-01T10:52:31.902,60.580,-0.289,-1.018,0.015
1635778351912,2021-11-01T10:52:31.912,60.590,-0.289,-1.012,0.015
1635778351922,2021-11-01T10:52:31.922,60.600,-0.291,-1.008,0.010
1635778351932,2021-11-01T10:52:31.932,60.610,-0.294,-0.996,0.019
1635778351942,2021-11-01T10:52:31.942,60.620,-0.291,-1.004,0.010
1635778351952,2021-11-01T10:52:31.952,60.630,-0.288,-1.030,0.007
1635778351962,2021-11-01T10:52:31.962,60.640,-0.289,-1.033,0.013
1635778351972,2021-11-01T10:52:31.972,60.650,-0.284,-1.018,0.016
1635778351982,2021-11-01T10:52:31.982,60.660,-0.283,-1.010,0.016
1635778351992,2021-11-01T10:52:31.992,60.670,-0.285,-1.016,0.018
1635778352002,2021-11-01T10:52:32.002,60.680,-0.284,-1.020,0.018
1635778352012,2021-11-01T10:52:32.012,60.690,-0.290,-1.017,0.015
1635778352022,2021-11-01T10:52:32.022,60.700,-0.292,-1.018,0.009
1635778352032,2021-11-01T10:52:32.032,60.710,-0.292,-1.014,0.007
1635778352042,2021-11-01T10:52:32.042,60.720,-0.292,-1.011,0.004
1635778352052,2021-11-01T10:52:32.052,60.730,-0.291,-1.013,-0.001
1635778352062,2021-11-01T10:52:32.062,60.740,-0.292,-1.011,0.002
1635778352072,2021-11-01T10:52:32.072,60.750,-0.289,-1.005,0.001
1635778352082,2021-11-01T10:52:32.082,60.760,-0.287,-1.011,0.002
1635778352092,2021-11-01T10:52:32.092,60.770,-0.285,-1.020,0.005
1635778352102,2021-11-01T10:52:32.102,60.780,-0.288,-1.029,0.008
1635778352112,2021-11-01T10:52:32.112,60.790,-0.288,-1.031,0.006
1635778352122,2021-11-01T10:52:32.122,60.800,-0.293,-1.023,0.012
1635778352132,2021-11-01T10:52:32.132,60.810,-0.290,-1.017,0.014
1635778352142,2021-11-01T10:52:32.142,60.820,-0.288,-1.016,0.010
1635778352152,2021-11-01T10:52:32.152,60.830,-0.286,-1.005,0.013
1635778352162,2021-11-01T10:52:32.162,60.840,-0.284,-0.991,0.008
1635778352172,2021-11-01T10:52:32.172,60.850,-0.287,-0.986,0.006
1635778352182,2021-11-01T10:52:32.182,60.860,-0.287,-0.996,0.003
1635778352192,2021-11-01T10:52:32.192,60.870,-0.282,-1.011,-0.001
1635778352202,2021-11-01T10:52:32.202,60.880,-0.278,-1.019,0.000
1635778352212,2021-11-01T10:52:32.212,60.890,-0.278,-1.020,0.002
1635778352222,2021-11-01T10:52:32.222,60.900,-0.273,-1.022,0.004
1635778352232,2021-11-01T10:52:32.232,60.910,-0.269,-1.028,0.008
1635778352242,2021-11-01T10:52:32.242,60.920,-0.271,-1.023,0.006
1635778352252,2021-11-01T10:52:32.252,60.930,-0.269,-1.008,0.008
1635778352262,2021-11-01T10:52:32.262,60.940,-0.265,-0.999,0.006
1635778352272,2021-11-01T10:52:32.272,60.950,-0.258,-1.005,0.008
1635778352282,2021-11-01T10:52:32.282,60.960,-0.251,-1.013,0.004
1635778352292,2021-11-01T10:52:32.292,60.970,-0.250,-1.016,0.000
1635778352302,2021-11-01T10:52:32.302,60.980,-0.248,-1.018,-0.001
1635778352312,2021-11-01T10:52:32.312,60.990,-0.247,-1.017,0.000
1635778352322,2021-11-01T10:52:32.322,61.000,-0.247,-1.016,0.000
1635778352332,2021-11-01T10:52:32.332,61.010,-0.241,-1.007,-0.003
1635778352342,2021-11-01T10:52:32.342,61.020,-0.232,-1.009,-0.012
1635778352352,2021-11-01T10:52:32.352,61.030,-0.234,-1.031,-0.022
1635778352362,2021-11-01T10:52:32.362,61.040,-0.233,-1.038,-0.022
1635778352372,2021-11-01T10:52:32.372,61.050,-0.220,-1.042,-0.031
1635778352382,2021-11-01T10:52:32.382,61.060,-0.203,-1.046,-0.029
1635778352392,2021-11-01T10:52:32.392,61.070,-0.183,-1.029,-0.020
1635778352402,2021-11-01T10:52:32.402,61.080,-0.166,-1.004,-0.022
1635778352412,2021-11-01T10:52:32.412,61.090,-0.157,-1.002,-0.026
1635778352422,2021-11-01T10:52:32.422,61.100,-0.145,-1.017,-0.022
1635778352432,2021-11-01T10:52:32.432,61.110,-0.132,-1.034,-0.024
1635778352442,2021-11-01T10:52:32.442,61.120,-0.117,-1.040,-0.022
1635778352452,2021-11-01T10:52:32.452,61.130,-0.108,-1.045,-0.021
1635778352462,2021-11-01T10:52:32.462,61.140,-0.096,-1.057,-0.018
1635778352472,2021-11-01T10:52:32.472,61.150,-0.085,-1.065,-0.016
1635778352482,2021-11-01T10:52:32.482,61.160,-0.080,-1.055,-0.014
1635778352492,2021-11-01T10:52:32.492,61.170,-0.077,-1.034,-0.010
1635778352502,2021-11-01T10:52:32.502,61.180,-0.064,-1.007,-0.002
1635778352512,2021-11-01T10:52:32.512,61.190,-0.051,-0.999,-0.006
1635778352522,2021-11-01T10:52:32.522,61.200,-0.042,-0.998,-0.003
1635778352532,2021-11-01T10:52:32.532,61.210,-0.035,-0.990,-0.003
1635778352542,2021-11-01T10:52:32.542,61.220,-0.025,-0.997,-0.012
1635778352552,2021-11-01T10:52:32.552,61.230,-0.020,-1.002,-0.009
1635778352562,2021-11-01T10:52:32.562,61.240,-0.009,-0.996,-0.005
1635778352572,2021-11-01T10:52:32.572,61.250,0.007,-0.990,0.000
1635778352582,2021-11-01T10:52:32.582,61.260,0.010,-0.981,0.007
1635778352592,2021-11-01T10:52:32.592,61.270,0.013,-0.961,0.016
1635778352602,2021-11-01T10:52:32.602,61.280,0.019,-0.946,0.016
1635778352612,2021-11-01T10:52:32.612,61.290,0.013,-0.935,0.020
1635778352622,2021-11-01T10:52:32.622,61.300,0.005,-0.922,0.028
1635778352632,2021-11-01T10:52:32.632,61.310,0.001,-0.927,0.022
1635778352642,2021-11-01T10:52:32.642,61.320,-0.008,-0.947,0.019
1635778352652,2021-11-01T10:52:32.652,61.330,-0.016,-0.969,0.020
1635778352662,2021-11-01T10:52:32.662,61.340,-0.027,-0.992,0.012
1635778352672,2021-11-01T10:52:32.672,61.350,-0.045,-0.997,0.012
1635778352682,2021-11-01T10:52:32.682,61.360,-0.060,-0.962,0.017
1635778352692,2021-11-01T10:52:32.692,61.370,-0.060,-0.917,0.016
1635778352702,2021-11-01T10:52:32.702,61.380,-0.064,-0.886,0.012
1635778352712,2021-11-01T10:52:32.712,61.390,-0.079,-0.876,0.019
1635778352722,2021-11-01T10:52:32.722,61.400,-0.093,-0.878,0.026
1635778352732,2021-11-01T10:52:32.732,61.410,-0.113,-0.883,0.036
1635778352742,2021-11-01T10:52:32.742,61.420,-0.148,-0.889,0.039
1635778352752,2021-11-01T10:52:32.752,61.430,-0.177,-0.902,0.038
1635778352762,2021-11-01T10:52:32.762,61.440,-0.201,-0.902,0.038
1635778352772,2021-11-01T10:52:32.772,61.450,-0.230,-0.881,0.040
1635778352782,2021-11-01T10:52:32.782,61.460,-0.246,-0.857,0.031
1635778352792,2021-11-01T10:52:32.792,61.470,-0.274,-0.861,0.033
1635778352802,2021-11-01T10:52:32.802,61.480,-0.333,-0.892,0.033
1635778352812,2021-11-01T10:52:32.812,61.490,-0.403,-0.889,0.043
1635778352822,2021-11-01T10:52:32.822,61.500,-0.441,-0.883,0.038
1635778352832,2021-11-01T10:52:32.832,61.510,-0.474,-0.881,0.030
1635778352842,2021-11-01T10:52:32.842,61.520,-0.495,-0.874,0.041
1635778352852,2021-11-01T10:52:32.852,61.530,-0.482,-0.880,0.053
1635778352862,2021-11-01T10:52:32.862,61.540,-0.473,-0.915,0.053
1635778352872,2021-11-01T10:52:32.872,61.550,-0.521,-0.953,0.059
1635778352882,2021-11-01T10:52:32.882,61.560,-0.607,-0.940,0.046
1635778352892,2021-11-01T10:52:32.892,61.570,-0.695,-0.877,0.014
1635778352902,2021-11-01T10:52:32.902,61.580,-0.767,-0.826,-0.012
1635778352912,2021-11-01T10:52:32.912,61.590,-0.796,-0.849,-0.032
1635778352922,2021-11-01T10:52:32.922,61.600,-0.806,-0.949,-0.032
1635778352932,2021-11-01T10:52:32.932,61.610,-0.809,-1.047,-0.013
1635778352942,2021-11-01T10:52:32.942,61.620,-0.824,-1.066,0.014
1635778352952,2021-11-01T10:52:32.952,61.630,-0.847,-0.999,0.025
1635778352962,2021-11-01T10:52:32.962,61.640,-0.880,-0.931,0.032
1635778352972,2021-11-01T10:52:32.972,61.650,-0.924,-0.936,0.043
1635778352982,2021-11-01T10:52:32.982,61.660,-0.967,-0.982,0.050
1635778352992,2021-11-01T10:52:32.992,61.670,-0.986,-1.022,0.065
1635778353002,2021-11-01T10:52:33.002,61.680,-1.003,-1.042,0.090
1635778353012,2021-11-01T10:52:33.012,61.690,-1.010,-1.060,0.113
1635778353022,2021-11-01T10:52:33.022,61.700,-1.021,-1.061,0.139
1635778353032,2021-11-01T10:52:33.032,61.710,-1.036,-1.045,0.148
1635778353042,2021-11-01T10:52:33.042,61.720,-1.063,-1.009,0.132
1635778353052,2021-11-01T10:52:33.052,61.730,-1.085,-0.957,0.113
1635778353062,2021-11-01T10:52:33.062,61.740,-1.094,-0.935,0.104
1635778353072,2021-11-01T10:52:33.072,61.750,-1.093,-0.936,0.118
1635778353082,2021-11-01T10:52:33.082,61.760,-1.076,-0.946,0.131
1635778353092,2021-11-01T10:52:33.092,61.770,-1.068,-0.961,0.165
1635778353102,2021-11-01T10:52:33.102,61.780,-1.083,-1.006,0.178
1635778353112,2021-11-01T10:52:33.112,61.790,-1.122,-1.024,0.174
1635778353122,2021-11-01T10:52:33.122,61.800,-1.156,-0.979,0.156
1635778353132,2021-11-01T10:52:33.132,61.810,-1.164,-0.936,0.114
1635778353142,2021-11-01T10:52:33.142,61.820,-1.146,-0.961,0.083
1635778353152,2021-11-01T10:52:33.152,61.830,-1.139,-1.000,0.075
1635778353162,2021-11-01T10:52:33.162,61.840,-1.113,-0.991,0.073
1635778353172,2021-11-01T10:52:33.172,61.850,-1.077,-0.948,0.069
1635778353182,2021-11-01T10:52:33.182,61.860,-1.036,-0.916,0.079
1635778353192,2021-11-01T10:52:33.192,61.870,-1.005,-0.913,0.089
1635778353202,2021-11-01T10:52:33.202,61.880,-0.979,-0.915,0.087
1635778353212,2021-11-01T10:52:33.212,61.890,-0.962,-0.899,0.072
1635778353222,2021-11-01T10:52:33.222,61.900,-0.939,-0.874,0.063
1635778353232,2021-11-01T10:52:33.232,61.910,-0.917,-0.868,0.063
1635778353242,2021-11-01T10:52:33.242,61.920,-0.912,-0.879,0.076
1635778353252,2021-11-01T10:52:33.252,61.930,-0.905,-0.903,0.095
1635778353262,2021-11-01T10:52:33.262,61.940,-0.881,-0.931,0.118
1635778353272,2021-11-01T10:52:33.272,61.950,-0.866,-0.942,0.131
1635778353282,2021-11-01T10:52:33.282,61.960,-0.863,-0.919,0.126
1635778353292,2021-11-01T10:52:33.292,61.970,-0.867,-0.889,0.114
1635778353302,2021-11-01T10:52:33.302,61.980,-0.876,-0.865,0.102
1635778353312,2021-11-01T10:52:33.312,61.990,-0.882,-0.857,0.090
1635778353322,2021-11-01T10:52:33.322,62.000,-0.892,-0.871,0.072
1635778353332,2021-11-01T10:52:33.332,62.010,-0.906,-0.896,0.075
1635778353342,2021-11-01T10:52:33.342,62.020,-0.908,-0.914,0.079
1635778353352,2021-11-01T10:52:33.352,62.030,-0.903,-0.919,0.075
1635778353362,2021-11-01T10:52:33.362,62.040,-0.904,-0.921,0.067
1635778353372,2021-11-01T10:52:33.372,62.050,-0.899,-0.920,0.065
1635778353382,2021-11-01T10:52:33.382,62.060,-0.888,-0.910,0.066
1635778353392,2021-11-01T10:52:33.392,62.070,-0.883,-0.891,0.061
1635778353402,2021-11-01T10:52:33.402,62.080,-0.881,-0.869,0.061
1635778353412,2021-11-01T10:52:33.412,62.090,-0.871,-0.869,0.058
1635778353422,2021-11-01T10:52:33.422,62.100,-0.861,-0.883,0.063
1635778353432,2021-11-01T10:52:33.432,62.110,-0.845,-0.899,0.075
1635778353442,2021-11-01T10:52:33.442,62.120,-0.824,-0.907,0.095
1635778353452,2021-11-01T10:52:33.452,62.130,-0.800,-0.916,0.104
1635778353462,2021-11-01T10:52:33.462,62.140,-0.776,-0.909,0.115
1635778353472,2021-11-01T10:52:33.472,62.150,-0.753,-0.878,0.127
1635778353482,2021-11-01T10:52:33.482,62.160,-0.726,-0.843,0.124
1635778353492,2021-11-01T10:52:33.492,62.170,-0.697,-0.818,0.115
1635778353502,2021-11-01T10:52:33.502,62.180,-0.670,-0.809,0.104
1635778353512,2021-11-01T10:52:33.512,62.190,-0.658,-0.790,0.089
1635778353522,2021-11-01T10:52:33.522,62.200,-0.652,-0.759,0.068
1635778353532,2021-11-01T10:52:33.532,62.210,-0.651,-0.734,0.053
1635778353542,2021-11-01T10:52:33.542,62.220,-0.636,-0.736,0.044
1635778353552,2021-11-01T10:52:33.552,62.230,-0.615,-0.749,0.048
1635778353562,2021-11-01T10:52:33.562,62.240,-0.592,-0.769,0.050
1635778353572,2021-11-01T10:52:33.572,62.250,-0.567,-0.783,0.052
1635778353582,2021-11-01T10:52:33.582,62.260,-0.542,-0.764,0.054
1635778353592,2021-11-01T10:52:33.592,62.270,-0.520,-0.723,0.052
1635778353602,2021-11-01T10:52:33.602,62.280,-0.502,-0.675,0.054
1635778353612,2021-11-01T10:52:33.612,62.290,-0.484,-0.638,0.054
1635778353622,2021-11-01T10:52:33.622,62.300,-0.463,-0.634,0.040
1635778353632,2021-11-01T10:52:33.632,62.310,-0.456,-0.639,0.039
1635778353642,2021-11-01T10:52:33.642,62.320,-0.453,-0.636,0.041
1635778353652,2021-11-01T10:52:33.652,62.330,-0.432,-0.639,0.033
1635778353662,2021-11-01T10:52:33.662,62.340,-0.404,-0.644,0.029
1635778353672,2021-11-01T10:52:33.672,62.350,-0.372,-0.642,0.032
1635778353682,2021-11-01T10:52:33.682,62.360,-0.335,-0.632,0.031
1635778353692,2021-11-01T10:52:33.692,62.370,-0.310,-0.615,0.034
1635778353702,2021-11-01T10:52:33.702,62.380,-0.298,-0.601,0.032
1635778353712,2021-11-01T10:52:33.712,62.390,-0.292,-0.599,0.044
1635778353722,2021-11-01T10:52:33.722,62.400,-0.293,-0.619,0.046
1635778353732,2021-11-01T10:52:33.732,62.410,-0.305,-0.642,0.051
1635778353742,2021-11-01T10:52:33.742,62.420,-0.305,-0.672,0.050
1635778353752,2021-11-01T10:52:33.752,62.430,-0.300,-0.688,0.049
1635778353762,2021-11-01T10:52:33.762,62.440,-0.292,-0.685,0.052
1635778353772,2021-11-01T10:52:33.772,62.450,-0.271,-0.699,0.045
1635778353782,2021-11-01T10:52:33.782,62.460,-0.247,-0.719,0.042
1635778353792,2021-11-01T10:52:33.792,62.470,-0.232,-0.718,0.051
1635778353802,2021-11-01T10:52:33.802,62.480,-0.215,-0.705,0.039
1635778353812,2021-11-01T10:52:33.812,62.490,-0.219,-0.708,0.023
1635778353822,2021-11-01T10:52:33.822,62.500,-0.230,-0.743,0.019
1635778353832,2021-11-01T10:52:33.832,62.510,-0.237,-0.789,0.019
1635778353842,2021-11-01T10:52:33.842,62.520,-0.245,-0.795,0.021
1635778353852,2021-11-01T10:52:33.852,62.530,-0.257,-0.764,0.017
1635778353862,2021-11-01T10:52:33.862,62.540,-0.260,-0.746,0.003
1635778353872,2021-11-01T10:52:33.872,62.550,-0.271,-0.767,0.003
1635778353882,2021-11-01T10:52:33.882,62.560,-0.290,-0.787,0.011
1635778353892,2021-11-01T10:52:33.892,62.570,-0.300,-0.789,0.012
1635778353902,2021-11-01T10:52:33.902,62.580,-0.298,-0.806,0.021
1635778353912,2021-11-01T10:52:33.912,62.590,-0.295,-0.855,0.032
1635778353922,2021-11-01T10:52:33.922,62.600,-0.305,-0.892,0.049
1635778353932,2021-11-01T10:52:33.932,62.610,-0.315,-0.879,0.068
1635778353942,2021-11-01T10:52:33.942,62.620,-0.309,-0.861,0.068
1635778353952,2021-11-01T10:52:33.952,62.630,-0.308,-0.880,0.065
1635778353962,2021-11-01T10:52:33.962,62.640,-0.316,-0.906,0.070
1635778353972,2021-11-01T10:52:33.972,62.650,-0.324,-0.911,0.068
1635778353982,2021-11-01T10:52:33.982,62.660,-0.324,-0.906,0.065
1635778353992,2021-11-01T10:52:33.992,62.670,-0.329,-0.913,0.071
1635778354002,2021-11-01T10:52:34.002,62.680,-0.332,-0.939,0.082
1635778354012,2021-11-01T10:52:34.012,62.690,-0.333,-0.970,0.086
1635778354022,2021-11-01T10:52:34.022,62.700,-0.332,-0.992,0.092
1635778354032,2021-11-01T10:52:34.032,62.710,-0.332,-1.004,0.092
1635778354042,2021-11-01T10:52:34.042,62.720,-0.338,-1.012,0.096
1635778354052,2021-11-01T10:52:34.052,62.730,-0.342,-0.995,0.098
1635778354062,2021-11-01T10:52:34.062,62.740,-0.341,-0.970,0.099
1635778354072,2021-11-01T10:52:34.072,62.750,-0.341,-0.972,0.100
1635778354082,2021-11-01T10:52:34.082,62.760,-0.344,-0.992,0.101
1635778354092,2021-11-01T10:52:34.092,62.770,-0.345,-1.004,0.097
1635778354102,2021-11-01T10:52:34.102,62.780,-0.341,-1.013,0.104
1635778354112,2021-11-01T10:52:34.112,62.790,-0.337,-1.009,0.106
1635778354122,2021-11-01T10:52:34.122,62.800,-0.325,-1.001,0.107
1635778354132,2021-11-01T10:52:34.132,62.810,-0.308,-1.007,0.108
1635778354142,2021-11-01T10:52:34.142,62.820,-0.305,-1.005,0.110
1635778354152,2021-11-01T10:52:34.152,62.830,-0.305,-0.993,0.107
1635778354162,2021-11-01T10:52:34.162,62.840,-0.293,-0.976,0.101
1635778354172,2021-11-01T10:52:34.172,62.850,-0.282,-0.971,0.099
1635778354182,2021-11-01T10:52:34.182,62.860,-0.278,-0.979,0.106
1635778354192,2021-11-01T10:52:34.192,62.870,-0.277,-0.979,0.111
1635778354202,2021-11-01T10:52:34.202,62.880,-0.278,-0.973,0.117
1635778354212,2021-11-01T10:52:34.212,62.890,-0.277,-0.970,0.126
1635778354222,2021-11-01T10:52:34.222,62.900,-0.280,-0.976,0.130
1635778354232,2021-11-01T10:52:34.232,62.910,-0.283,-0.983,0.138
1635778354242,2021-11-01T10:52:34.242,62.920,-0.286,-0.979,0.138
1635778354252,2021-11-01T10:52:34.252,62.930,-0.292,-0.974,0.137
1635778354262,2021-11-01T10:52:34.262,62.940,-0.291,-0.972,0.140
1635778354272,2021-11-01T10:52:34.272,62.950,-0.290,-0.963,0.147
1635778354282,2021-11-01T10:52:34.282,62.960,-0.286,-0.966,0.150
1635778354292,2021-11-01T10:52:34.292,62.970,-0.277,-0.978,0.150
1635778354302,2021-11-01T10:52:34.302,62.980,-0.276,-0.980,0.153
1635778354312,2021-11-01T10:52:34.312,62.990,-0.279,-0.975,0.151
1635778354322,2021-11-01T10:52:34.322,63.000,-0.284,-0.975,0.149
1635778354332,2021-11-01T10:52:34.332,63.010,-0.286,-0.977,0.152
1635778354342,2021-11-01T10:52:34.342,63.020,-0.293,-0.971,0.153
1635778354352,2021-11-01T10:52:34.352,63.030,-0.297,-0.950,0.148
1635778354362,2021-11-01T10:52:34.362,63.040,-0.290,-0.932,0.143
1635778354372,2021-11-01T10:52:34.372,63.050,-0.285,-0.928,0.140
1635778354382,2021-11-01T10:52:34.382,63.060,-0.290,-0.929,0.135
1635778354392,2021-11-01T10:52:34.392,63.070,-0.292,-0.948,0.134
1635778354402,2021-11-01T10:52:34.402,63.080,-0.297,-0.985,0.132
1635778354412,2021-11-01T10:52:34.412,63.090,-0.301,-1.011,0.135
1635778354422,2021-11-01T10:52:34.422,63.100,-0.315,-1.006,0.147
1635778354432,2021-11-01T10:52:34.432,63.110,-0.330,-0.983,0.167
1635778354442,2021-11-01T10:52:34.442,63.120,-0.335,-0.967,0.178
1635778354452,2021-11-01T10:52:34.452,63.130,-0.332,-0.986,0.194
1635778354462,2021-11-01T10:52:34.462,63.140,-0.329,-1.024,0.212
1635778354472,2021-11-01T10:52:34.472,63.150,-0.329,-1.038,0.226
1635778354482,2021-11-01T10:52:34.482,63.160,-0.322,-1.021,0.230
1635778354492,2021-11-01T10:52:34.492,63.170,-0.315,-1.002,0.237
1635778354502,2021-11-01T10:52:34.502,63.180,-0.316,-0.997,0.239
1635778354512,2021-11-01T10:52:34.512,63.190,-0.327,-0.996,0.238
1635778354522,2021-11-01T10:52:34.522,63.200,-0.328,-0.981,0.233
1635778354532,2021-11-01T10:52:34.532,63.210,-0.332,-0.964,0.230
1635778354542,2021-11-01T10:52:34.542,63.220,-0.338,-0.962,0.226
1635778354552,2021-11-01T10:52:34.552,63.230,-0.340,-0.974,0.227
1635778354562,2021-11-01T10:52:34.562,63.240,-0.340,-0.982,0.232
1635778354572,2021-11-01T10:52:34.572,63.250,-0.343,-0.982,0.231
1635778354582,2021-11-01T10:52:34.582,63.260,-0.345,-0.984,0.226
1635778354592,2021-11-01T10:52:34.592,63.270,-0.357,-0.983,0.222
1635778354602,2021-11-01T10:52:34.602,63.280,-0.372,-0.978,0.223
1635778354612,2021-11-01T10:52:34.612,63.290,-0.384,-0.981,0.214
1635778354622,2021-11-01T10:52:34.622,63.300,-0.395,-0.983,0.208
1635778354632,2021-11-01T10:52:34.632,63.310,-0.399,-0.978,0.209
1635778354642,2021-11-01T10:52:34.642,63.320,-0.400,-0.965,0.205
1635778354652,2021-11-01T10:52:34.652,63.330,-0.395,-0.962,0.206
1635778354662,2021-11-01T10:52:34.662,63.340,-0.387,-0.973,0.207
1635778354672,2021-11-01T10:52:34.672,63.350,-0.381,-0.984,0.208
1635778354682,2021-11-01T10:52:34.682,63.360,-0.376,-0.981,0.207
1635778354692,2021-11-01T10:52:34.692,63.370,-0.372,-0.979,0.209
1635778354702,2021-11-01T10:52:34.702,63.380,-0.366,-0.990,0.209
1635778354712,2021-11-01T10:52:34.712,63.390,-0.365,-1.004,0.209
1635778354722,2021-11-01T10:52:34.722,63.400,-0.368,-1.008,0.210
1635778354732,2021-11-01T10:52:34.732,63.410,-0.366,-0.996,0.207
1635778354742,2021-11-01T10:52:34.742,63.420,-0.368,-0.979,0.201
1635778354752,2021-11-01T10:52:34.752,63.430,-0.373,-0.967,0.201
1635778354762,2021-11-01T10:52:34.762,63.440,-0.373,-0.958,0.206
1635778354772,2021-11-01T10:52:34.772,63.450,-0.366,-0.962,0.201
1635778354782,2021-11-01T10:52:34.782,63.460,-0.361,-0.969,0.205
1635778354792,2021-11-01T10:52:34.792,63.470,-0.356,-0.966,0.209
1635778354802,2021-11-01T10:52:34.802,63.480,-0.350,-0.958,0.219
1635778354812,2021-11-01T10:52:34.812,63.490,-0.341,-0.947,0.226
1635778354822,2021-11-01T10:52:34.822,63.500,-0.342,-0.940,0.233
1635778354832,2021-11-01T10:52:34.832,63.510,-0.347,-0.935,0.236
1635778354842,2021-11-01T10:52:34.842,63.520,-0.351,-0.938,0.239
1635778354852,2021-11-01T10:52:34.852,63.530,-0.349,-0.948,0.246
1635778354862,2021-11-01T10:52:34.862,63.540,-0.348,-0.961,0.246
1635778354872,2021-11-01T10:52:34.872,63.550,-0.353,-0.975,0.248
1635778354882,2021-11-01T10:52:34.882,63.560,-0.347,-0.991,0.247
1635778354892,2021-11-01T10:52:34.892,63.570,-0.347,-1.000,0.251
1635778354902,2021-11-01T10:52:34.902,63.580,-0.345,-1.002,0.258
1635778354912,2021-11-01T10:52:34.912,63.590,-0.343,-1.002,0.261
1635778354922,2021-11-01T10:52:34.922,63.600,-0.346,-0.998,0.264
1635778354932,2021-11-01T10:52:34.932,63.610,-0.350,-0.984,0.261
1635778354942,2021-11-01T10:52:34.942,63.620,-0.352,-0.969,0.257
1635778354952,2021-11-01T10:52:34.952,63.630,-0.351,-0.963,0.250
1635778354962,2021-11-01T10:52:34.962,63.640,-0.354,-0.969,0.244
1635778354972,2021-11-01T10:52:34.972,63.650,-0.352,-0.977,0.242
1635778354982,2021-11-01T10:52:34.982,63.660,-0.348,-0.969,0.237
1635778354992,2021-11-01T10:52:34.992,63.670,-0.342,-0.962,0.231
1635778355002,2021-11-01T10:52:35.002,63.680,-0.343,-0.970,0.226
1635778355012,2021-11-01T10:52:35.012,63.690,-0.346,-0.975,0.226
1635778355022,2021-11-01T10:52:35.022,63.700,-0.344,-0.967,0.227
1635778355032,2021-11-01T10:52:35.032,63.710,-0.343,-0.950,0.220
1635778355042,2021-11-01T10:52:35.042,63.720,-0.346,-0.942,0.219
1635778355052,2021-11-01T10:52:35.052,63.730,-0.346,-0.956,0.219
1635778355062,2021-11-01T10:52:35.062,63.740,-0.342,-0.962,0.221
1635778355072,2021-11-01T10:52:35.072,63.750,-0.340,-0.953,0.220
1635778355082,2021-11-01T10:52:35.082,63.760,-0.339,-0.947,0.223
1635778355092,2021-11-01T10:52:35.092,63.770,-0.341,-0.952,0.225
1635778355102,2021-11-01T10:52:35.102,63.780,-0.343,-0.946,0.229
1635778355112,2021-11-01T10:52:35.112,63.790,-0.344,-0.942,0.230
1635778355122,2021-11-01T10:52:35.122,63.800,-0.348,-0.948,0.229
1635778355132,2021-11-01T10:52:35.132,63.810,-0.352,-0.960,0.231
1635778355142,2021-11-01T10:52:35.142,63.820,-0.354,-0.967,0.235
1635778355152,2021-11-01T10:52:35.152,63.830,-0.358,-0.967,0.237
1635778355162,2021-11-01T10:52:35.162,63.840,-0.358,-0.966,0.236
1635778355172,2021-11-01T10:52:35.172,63.850,-0.354,-0.980,0.241
1635778355182,2021-11-01T10:52:35.182,63.860,-0.359,-0.999,0.244
1635778355192,2021-11-01T10:52:35.192,63.870,-0.360,-1.000,0.246
1635778355202,2021-11-01T10:52:35.202,63.880,-0.359,-0.989,0.239
1635778355212,2021-11-01T10:52:35.212,63.890,-0.363,-0.981,0.236
1635778355222,2021-11-01T10:52:35.222,63.900,-0.367,-0.974,0.232
1635778355232,2021-11-01T10:52:35.232,63.910,-0.373,-0.967,0.227
1635778355242,2021-11-01T10:52:35.242,63.920,-0.373,-0.957,0.224
1635778355252,2021-11-01T10:52:35.252,63.930,-0.371,-0.956,0.220
1635778355262,2021-11-01T10:52:35.262,63.940,-0.367,-0.964,0.218
1635778355272,2021-11-01T10:52:35.272,63.950,-0.366,-0.974,0.217
1635778355282,2021-11-01T10:52:35.282,63.960,-0.366,-0.985,0.217
1635778355292,2021-11-01T10:52:35.292,63.970,-0.364,-0.987,0.213
1635778355302,2021-11-01T10:52:35.302,63.980,-0.366,-0.974,0.215
1635778355312,2021-11-01T10:52:35.312,63.990,-0.367,-0.956,0.215
1635778355322,2021-11-01T10:52:35.322,64.000,-0.368,-0.954,0.212
1635778355332,2021-11-01T10:52:35.332,64.010,-0.369,-0.962,0.213
1635778355342,2021-11-01T10:52:35.342,64.020,-0.371,-0.970,0.212
1635778355352,2021-11-01T10:52:35.352,64.030,-0.368,-0.968,0.209
1635778355362,2021-11-01T10:52:35.362,64.040,-0.367,-0.970,0.211
1635778355372,2021-11-01T10:52:35.372,64.050,-0.362,-0.979,0.209
1635778355382,2021-11-01T10:52:35.382,64.060,-0.367,-0.984,0.208
1635778355392,2021-11-01T10:52:35.392,64.070,-0.362,-0.981,0.210
1635778355402,2021-11-01T10:52:35.402,64.080,-0.358,-0.976,0.209
1635778355412,2021-11-01T10:52:35.412,64.090,-0.361,-0.969,0.209
1635778355422,2021-11-01T10:52:35.422,64.100,-0.361,-0.963,0.204
1635778355432,2021-11-01T10:52:35.432,64.110,-0.365,-0.957,0.202
1635778355442,2021-11-01T10:52:35.442,64.120,-0.363,-0.953,0.203
1635778355452,2021-11-01T10:52:35.452,64.130,-0.365,-0.954,0.200
1635778355462,2021-11-01T10:52:35.462,64.140,-0.362,-0.958,0.198
1635778355472,2021-11-01T10:52:35.472,64.150,-0.360,-0.960,0.200
1635778355482,2021-11-01T10:52:35.482,64.160,-0.359,-0.964,0.199
1635778355492,2021-11-01T10:52:35.492,64.170,-0.357,-0.972,0.199
1635778355502,2021-11-01T10:52:35.502,64.180,-0.359,-0.980,0.202
1635778355512,2021-11-01T10:52:35.512,64.190,-0.358,-0.980,0.201
1635778355522,2021-11-01T10:52:35.522,64.200,-0.359,-0.973,0.200
1635778355532,2021-11-01T10:52:35.532,64.210,-0.361,-0.969,0.202
1635778355542,2021-11-01T10:52:35.542,64.220,-0.362,-0.970,0.199
1635778355552,2021-11-01T10:52:35.552,64.230,-0.361,-0.972,0.199
1635778355562,2021-11-01T10:52:35.562,64.240,-0.362,-0.973,0.195
1635778355572,2021-11-01T10:52:35.572,64.250,-0.368,-0.969,0.195
1635778355582,2021-11-01T10:52:35.582,64.260,-0.370,-0.971,0.192
1635778355592,2021-11-01T10:52:35.592,64.270,-0.371,-0.974,0.195
1635778355602,2021-11-01T10:52:35.602,64.280,-0.371,-0.978,0.195
1635778355612,2021-11-01T10:52:35.612,64.290,-0.370,-0.985,0.195
1635778355622,2021-11-01T10:52:35.622,64.300,-0.371,-0.984,0.198
1635778355632,2021-11-01T10:52:35.632,64.310,-0.372,-0.978,0.198
1635778355642,2021-11-01T10:52:35.642,64.320,-0.371,-0.979,0.195
1635778355652,2021-11-01T10:52:35.652,64.330,-0.370,-0.977,0.196
1635778355662,2021-11-01T10:52:35.662,64.340,-0.374,-0.968,0.196
1635778355672,2021-11-01T10:52:35.672,64.350,-0.374,-0.972,0.191
1635778355682,2021-11-01T10:52:35.682,64.360,-0.369,-0.978,0.192
1635778355692,2021-11-01T10:52:35.692,64.370,-0.363,-0.976,0.191
1635778355702,2021-11-01T10:52:35.702,64.380,-0.358,-0.976,0.187
1635778355712,2021-11-01T10:52:35.712,64.390,-0.355,-0.980,0.186
1635778355722,2021-11-01T10:52:35.722,64.400,-0.352,-0.973,0.188
1635778355732,2021-11-01T10:52:35.732,64.410,-0.349,-0.963,0.188
1635778355742,2021-11-01T10:52:35.742,64.420,-0.346,-0.964,0.190
1635778355752,2021-11-01T10:52:35.752,64.430,-0.349,-0.972,0.186
1635778355762,2021-11-01T10:52:35.762,64.440,-0.346,-0.971,0.186
1635778355772,2021-11-01T10:52:35.772,64.450,-0.341,-0.970,0.182
1635778355782,2021-11-01T10:52:35.782,64.460,-0.343,-0.975,0.183
1635778355792,2021-11-01T10:52:35.792,64.470,-0.343,-0.982,0.188
1635778355802,2021-11-01T10:52:35.802,64.480,-0.342,-0.976,0.188
1635778355812,2021-11-01T10:52:35.812,64.490,-0.344,-0.964,0.192
1635778355822,2021-11-01T10:52:35.822,64.500,-0.349,-0.961,0.189
1635778355832,2021-11-01T10:52:35.832,64.510,-0.348,-0.970,0.193
1635778355842,2021-11-01T10:52:35.842,64.520,-0.349,-0.975,0.194
1635778355852,2021-11-01T10:52:35.852,64.530,-0.354,-0.977,0.188
1635778355862,2021-11-01T10:52:35.862,64.540,-0.353,-0.984,0.190
1635778355872,2021-11-01T10:52:35.872,64.550,-0.352,-0.985,0.190
1635778355882,2021-11-01T10:52:35.882,64.560,-0.349,-0.979,0.188
1635778355892,2021-11-01T10:52:35.892,64.570,-0.347,-0.973,0.192
1635778355902,2021-11-01T10:52:35.902,64.580,-0.348,-0.972,0.192
1635778355912,2021-11-01T10:52:35.912,64.590,-0.344,-0.974,0.196
1635778355922,2021-11-01T10:52:35.922,64.600,-0.342,-0.973,0.196
1635778355932,2021-11-01T10:52:35.932,64.610,-0.338,-0.974,0.197
1635778355942,2021-11-01T10:52:35.942,64.620,-0.341,-0.974,0.203
1635778355952,2021-11-01T10:52:35.952,64.630,-0.339,-0.973,0.200
1635778355962,2021-11-01T10:52:35.962,64.640,-0.340,-0.975,0.201
1635778355972,2021-11-01T10:52:35.972,64.650,-0.340,-0.976,0.203
1635778355982,2021-11-01T10:52:35.982,64.660,-0.340,-0.972,0.201
1635778355992,2021-11-01T10:52:35.992,64.670,-0.345,-0.967,0.199
1635778356002,2021-11-01T10:52:36.002,64.680,-0.349,-0.970,0.201
1635778356012,2021-11-01T10:52:36.012,64.690,-0.350,-0.970,0.202
1635778356022,2021-11-01T10:52:36.022,64.700,-0.347,-0.971,0.203
1635778356032,2021-11-01T10:52:36.032,64.710,-0.347,-0.979,0.207
1635778356042,2021-11-01T10:52:36.042,64.720,-0.346,-0.985,0.206
1635778356052,2021-11-01T10:52:36.052,64.730,-0.341,-0.993,0.208
1635778356062,2021-11-01T10:52:36.062,64.740,-0.342,-0.992,0.210
1635778356072,2021-11-01T10:52:36.072,64.750,-0.343,-0.982,0.208
1635778356082,2021-11-01T10:52:36.082,64.760,-0.345,-0.973,0.210
1635778356092,2021-11-01T10:52:36.092,64.770,-0.346,-0.960,0.207
1635778356102,2021-11-01T10:52:36.102,64.780,-0.351,-0.957,0.205
1635778356112,2021-11-01T10:52:36.112,64.790,-0.354,-0.962,0.208
1635778356122,2021-11-01T10:52:36.122,64.800,-0.352,-0.965,0.211
1635778356132,2021-11-01T10:52:36.132,64.810,-0.353,-0.971,0.213
1635778356142,2021-11-01T10:52:36.142,64.820,-0.349,-0.983,0.212
1635778356152,2021-11-01T10:52:36.152,64.830,-0.354,-0.987,0.214
1635778356162,2021-11-01T10:52:36.162,64.840,-0.360,-0.987,0.210
1635778356172,2021-11-01T10:52:36.172,64.850,-0.361,-0.981,0.208
1635778356182,2021-11-01T10:52:36.182,64.860,-0.362,-0.976,0.206
1635778356192,2021-11-01T10:52:36.192,64.870,-0.363,-0.978,0.207
1635778356202,2021-11-01T10:52:36.202,64.880,-0.363,-0.984,0.205
1635778356212,2021-11-01T10:52:36.212,64.890,-0.358,-0.981,0.202
1635778356222,2021-11-01T10:52:36.222,64.900,-0.358,-0.981,0.202
1635778356232,2021-11-01T10:52:36.232,64.910,-0.362,-0.975,0.202
1635778356242,2021-11-01T10:52:36.242,64.920,-0.359,-0.964,0.204
1635778356252,2021-11-01T10:52:36.252,64.930,-0.356,-0.963,0.206
1635778356262,2021-11-01T10:52:36.262,64.940,-0.352,-0.965,0.204
1635778356272,2021-11-01T10:52:36.272,64.950,-0.351,-0.973,0.206
1635778356282,2021-11-01T10:52:36.282,64.960,-0.352,-0.970,0.207
1635778356292,2021-11-01T10:52:36.292,64.970,-0.353,-0.971,0.207
1635778356302,2021-11-01T10:52:36.302,64.980,-0.345,-0.971,0.206
1635778356312,2021-11-01T10:52:36.312,64.990,-0.346,-0.969,0.211
1635778356322,2021-11-01T10:52:36.322,65.000,-0.348,-0.969,0.209
1635778356332,2021-11-01T10:52:36.332,65.010,-0.345,-0.969,0.210
1635778356342,2021-11-01T10:52:36.342,65.020,-0.343,-0.971,0.213
1635778356352,2021-11-01T10:52:36.352,65.030,-0.348,-0.977,0.209
1635778356362,2021-11-01T10:52:36.362,65.040,-0.351,-0.988,0.210
1635778356372,2021-11-01T10:52:36.372,65.050,-0.351,-0.988,0.210
1635778356382,2021-11-01T10:52:36.382,65.060,-0.350,-0.981,0.209
1635778356392,2021-11-01T10:52:36.392,65.070,-0.349,-0.980,0.208
1635778356402,2021-11-01T10:52:36.402,65.080,-0.349,-0.978,0.208
1635778356412,2021-11-01T10:52:36.412,65.090,-0.347,-0.976,0.208
1635778356422,2021-11-01T10:52:36.422,65.100,-0.347,-0.971,0.209
1635778356432,2021-11-01T10:52:36.432,65.110,-0.345,-0.976,0.209
1635778356442,2021-11-01T10:52:36.442,65.120,-0.345,-0.983,0.210
1635778356452,2021-11-01T10:52:36.452,65.130,-0.343,-0.988,0.211
1635778356462,2021-11-01T10:52:36.462,65.140,-0.342,-0.988,0.213
1635778356472,2021-11-01T10:52:36.472,65.150,-0.345,-0.977,0.212
1635778356482,2021-11-01T10:52:36.482,65.160,-0.342,-0.975,0.210
1635778356492,2021-11-01T10:52:36.492,65.170,-0.340,-0.982,0.209
1635778356502,2021-11-01T10:52:36.502,65.180,-0.337,-0.982,0.211
1635778356512,2021-11-01T10:52:36.512,65.190,-0.333,-0.971,0.212
1635778356522,2021-11-01T10:52:36.522,65.200,-0.330,-0.971,0.211
1635778356532,2021-11-01T10:52:36.532,65.210,-0.328,-0.976,0.213
1635778356542,2021-11-01T10:52:36.542,65.220,-0.328,-0.986,0.209
1635778356552,2021-11-01T10:52:36.552,65.230,-0.328,-0.998,0.212
1635778356562,2021-11-01T10:52:36.562,65.240,-0.329,-0.997,0.213
1635778356572,2021-11-01T10:52:36.572,65.250,-0.325,-0.982,0.212
1635778356582,2021-11-01T10:52:36.582,65.260,-0.324,-0.975,0.212
1635778356592,2021-11-01T10:52:36.592,65.270,-0.327,-0.973,0.211
1635778356602,2021-11-01T10:52:36.602,65.280,-0.328,-0.968,0.211
1635778356612,2021-11-01T10:52:36.612,65.290,-0.331,-0.960,0.210
1635778356622,2021-11-01T10:52:36.622,65.300,-0.332,-0.955,0.211
1635778356632,2021-11-01T10:52:36.632,65.310,-0.329,-0.959,0.210
1635778356642,2021-11-01T10:52:36.642,65.320,-0.332,-0.973,0.210
1635778356652,2021-11-01T10:52:36.652,65.330,-0.334,-0.986,0.210
1635778356662,2021-11-01T10:52:36.662,65.340,-0.330,-0.991,0.209
1635778356672,2021-11-01T10:52:36.672,65.350,-0.331,-0.990,0.212
1635778356682,2021-11-01T10:52:36.682,65.360,-0.332,-0.988,0.208
1635778356692,2021-11-01T10:52:36.692,65.370,-0.335,-0.986,0.208
1635778356702,2021-11-01T10:52:36.702,65.380,-0.336,-0.982,0.206
1635778356712,2021-11-01T10:52:36.712,65.390,-0.336,-0.974,0.207
1635778356722,2021-11-01T10:52:36.722,65.400,-0.336,-0.973,0.207
1635778356732,2021-11-01T10:52:36.732,65.410,-0.339,-0.982,0.206
1635778356742,2021-11-01T10:52:36.742,65.420,-0.338,-0.982,0.205
1635778356752,2021-11-01T10:52:36.752,65.430,-0.335,-0.985,0.202
1635778356762,2021-11-01T10:52:36.762,65.440,-0.337,-0.984,0.205
1635778356772,2021-11-01T10:52:36.772,65.450,-0.334,-0.981,0.202
1635778356782,2021-11-01T10:52:36.782,65.460,-0.332,-0.981,0.199
1635778356792,2021-11-01T10:52:36.792,65.470,-0.334,-0.977,0.200
1635778356802,2021-11-01T10:52:36.802,65.480,-0.328,-0.972,0.199
1635778356812,2021-11-01T10:52:36.812,65.490,-0.329,-0.968,0.196
1635778356822,2021-11-01T10:52:36.822,65.500,-0.330,-0.976,0.196
1635778356832,2021-11-01T10:52:36.832,65.510,-0.333,-0.982,0.198
1635778356842,2021-11-01T10:52:36.842,65.520,-0.337,-0.977,0.196
1635778356852,2021-11-01T10:52:36.852,65.530,-0.337,-0.977,0.195
1635778356862,2021-11-01T10:52:36.862,65.540,-0.341,-0.982,0.194
1635778356872,2021-11-01T10:52:36.872,65.550,-0.342,-0.983,0.195
1635778356882,2021-11-01T10:52:36.882,65.560,-0.340,-0.979,0.194
1635778356892,2021-11-01T10:52:36.892,65.570,-0.338,-0.975,0.196
1635778356902,2021-11-01T10:52:36.902,65.580,-0.342,-0.975,0.195
1635778356912,2021-11-01T10:52:36.912,65.590,-0.344,-0.975,0.200
1635778356922,2021-11-01T10:52:36.922,65.600,-0.342,-0.973,0.201
1635778356932,2021-11-01T10:52:36.932,65.610,-0.336,-0.976,0.197
1635778356942,2021-11-01T10:52:36.942,65.620,-0.335,-0.982,0.201
1635778356952,2021-11-01T10:52:36.952,65.630,-0.342,-0.989,0.198
1635778356962,2021-11-01T10:52:36.962,65.640,-0.347,-0.987,0.199
1635778356972,2021-11-01T10:52:36.972,65.650,-0.346,-0.985,0.196
1635778356982,2021-11-01T10:52:36.982,65.660,-0.343,-0.986,0.195
1635778356992,2021-11-01T10:52:36.992,65.670,-0.344,-0.985,0.196
1635778357002,2021-11-01T10:52:37.002,65.680,-0.344,-0.975,0.198
1635778357012,2021-11-01T10:52:37.012,65.690,-0.339,-0.970,0.200
1635778357022,2021-11-01T10:52:37.022,65.700,-0.341,-0.975,0.195
1635778357032,2021-11-01T10:52:37.032,65.710,-0.344,-0.984,0.196
1635778357042,2021-11-01T10:52:37.042,65.720,-0.344,-0.998,0.191
1635778357052,2021-11-01T10:52:37.052,65.730,-0.344,-0.998,0.192
1635778357062,2021-11-01T10:52:37.062,65.740,-0.344,-0.981,0.193
1635778357072,2021-11-01T10:52:37.072,65.750,-0.343,-0.972,0.191
1635778357082,2021-11-01T10:52:37.082,65.760,-0.342,-0.976,0.188
1635778357092,2021-11-01T10:52:37.092,65.770,-0.342,-0.980,0.189
1635778357102,2021-11-01T10:52:37.102,65.780,-0.345,-0.971,0.192
1635778357112,2021-11-01T10:52:37.112,65.790,-0.342,-0.963,0.195
1635778357122,2021-11-01T10:52:37.122,65.800,-0.340,-0.967,0.193
1635778357132,2021-11-01T10:52:37.132,65.810,-0.342,-0.977,0.194
1635778357142,2021-11-01T10:52:37.142,65.820,-0.346,-0.981,0.195
1635778357152,2021-11-01T10:52:37.152,65.830,-0.345,-0.976,0.192
1635778357162,2021-11-01T10:52:37.162,65.840,-0.343,-0.978,0.192
1635778357172,2021-11-01T10:52:37.172,65.850,-0.344,-0.981,0.195
1635778357182,2021-11-01T10:52:37.182,65.860,-0.345,-0.981,0.198
1635778357192,2021-11-01T10:52:37.192,65.870,-0.343,-0.979,0.195
1635778357202,2021-11-01T10:52:37.202,65.880,-0.344,-0.977,0.196
1635778357212,2021-11-01T10:52:37.212,65.890,-0.346,-0.975,0.194
1635778357222,2021-11-01T10:52:37.222,65.900,-0.346,-0.974,0.192
1635778357232,2021-11-01T10:52:37.232,65.910,-0.345,-0.974,0.193
1635778357242,2021-11-01T10:52:37.242,65.920,-0.347,-0.974,0.192
1635778357252,2021-11-01T10:52:37.252,65.930,-0.345,-0.976,0.192
1635778357262,2021-11-01T10:52:37.262,65.940,-0.347,-0.981,0.189
1635778357272,2021-11-01T10:52:37.272,65.950,-0.350,-0.984,0.188
1635778357282,2021-11-01T10:52:37.282,65.960,-0.351,-0.980,0.189
1635778357292,2021-11-01T10:52:37.292,65.970,-0.354,-0.975,0.188
1635778357302,2021-11-01T10:52:37.302,65.980,-0.353,-0.971,0.189
1635778357312,2021-11-01T10:52:37.312,65.990,-0.355,-0.971,0.190
1635778357322,2021-11-01T10:52:37.322,66.000,-0.354,-0.976,0.189
1635778357332,2021-11-01T10:52:37.332,66.010,-0.354,-0.977,0.190
1635778357342,2021-11-01T10:52:37.342,66.020,-0.352,-0.978,0.187
1635778357352,2021-11-01T10:52:37.352,66.030,-0.351,-0.981,0.189
1635778357362,2021-11-01T10:52:37.362,66.040,-0.353,-0.986,0.192
1635778357372,2021-11-01T10:52:37.372,66.050,-0.353,-0.984,0.190
1635778357382,2021-11-01T10:52:37.382,66.060,-0.354,-0.979,0.190
1635778357392,2021-11-01T10:52:37.392,66.070,-0.352,-0.977,0.195
1635778357402,2021-11-01T10:52:37.402,66.080,-0.352,-0.979,0.195
1635778357412,2021-11-01T10:52:37.412,66.090,-0.352,-0.975,0.199
1635778357422,2021-11-01T10:52:37.422,66.100,-0.350,-0.973,0.203
1635778357432,2021-11-01T10:52:37.432,66.110,-0.347,-0.984,0.197
1635778357442,2021-11-01T10:52:37.442,66.120,-0.349,-0.995,0.198
1635778357452,2021-11-01T10:52:37.452,66.130,-0.353,-0.985,0.195
1635778357462,2021-11-01T10:52:37.462,66.140,-0.354,-0.968,0.196
1635778357472,2021-11-01T10:52:37.472,66.150,-0.352,-0.965,0.196
1635778357482,2021-11-01T10:52:37.482,66.160,-0.352,-0.983,0.191
1635778357492,2021-11-01T10:52:37.492,66.170,-0.357,-0.987,0.193
1635778357502,2021-11-01T10:52:37.502,66.180,-0.355,-0.973,0.194
1635778357512,2021-11-01T10:52:37.512,66.190,-0.349,-0.966,0.191
1635778357522,2021-11-01T10:52:37.522,66.200,-0.350,-0.978,0.194
1635778357532,2021-11-01T10:52:37.532,66.210,-0.347,-0.987,0.192
1635778357542,2021-11-01T10:52:37.542,66.220,-0.344,-0.979,0.193
1635778357552,2021-11-01T10:52:37.552,66.230,-0.338,-0.969,0.191
1635778357562,2021-11-01T10:52:37.562,66.240,-0.339,-0.973,0.191
1635778357572,2021-11-01T10:52:37.572,66.250,-0.346,-0.979,0.194
1635778357582,2021-11-01T10:52:37.582,66.260,-0.348,-0.982,0.188
1635778357592,2021-11-01T10:52:37.592,66.270,-0.350,-0.979,0.189
1635778357602,2021-11-01T10:52:37.602,66.280,-0.352,-0.974,0.190
1635778357612,2021-11-01T10:52:37.612,66.290,-0.351,-0.970,0.190
1635778357622,2021-11-01T10:52:37.622,66.300,-0.350,-0.974,0.192
1635778357632,2021-11-01T10:52:37.632,66.310,-0.349,-0.972,0.194
1635778357642,2021-11-01T10:52:37.642,66.320,-0.346,-0.970,0.191
1635778357652,2021-11-01T10:52:37.652,66.330,-0.348,-0.973,0.192
1635778357662,2021-11-01T10:52:37.662,66.340,-0.347,-0.975,0.193
1635778357672,2021-11-01T10:52:37.672,66.350,-0.343,-0.977,0.192
1635778357682,2021-11-01T10:52:37.682,66.360,-0.342,-0.977,0.192
1635778357692,2021-11-01T10:52:37.692,66.370,-0.334,-0.979,0.192
1635778357702,2021-11-01T10:52:37.702,66.380,-0.327,-0.974,0.192
1635778357712,2021-11-01T10:52:37.712,66.390,-0.322,-0.976,0.190
1635778357722,2021-11-01T10:52:37.722,66.400,-0.315,-0.973,0.189
1635778357732,2021-11-01T10:52:37.732,66.410,-0.307,-0.972,0.184
1635778357742,2021-11-01T10:52:37.742,66.420,-0.303,-0.975,0.181
1635778357752,2021-11-01T10:52:37.752,66.430,-0.300,-0.989,0.180
1635778357762,2021-11-01T10:52:37.762,66.440,-0.297,-1.005,0.174
1635778357772,2021-11-01T10:52:37.772,66.450,-0.298,-1.012,0.173
1635778357782,2021-11-01T10:52:37.782,66.460,-0.296,-1.004,0.168
1635778357792,2021-11-01T10:52:37.792,66.470,-0.289,-0.997,0.162
1635778357802,2021-11-01T10:52:37.802,66.480,-0.281,-0.991,0.161
1635778357812,2021-11-01T10:52:37.812,66.490,-0.272,-0.976,0.158
1635778357822,2021-11-01T10:52:37.822,66.500,-0.260,-0.965,0.152
1635778357832,2021-11-01T10:52:37.832,66.510,-0.249,-0.958,0.148
1635778357842,2021-11-01T10:52:37.842,66.520,-0.240,-0.949,0.147
1635778357852,2021-11-01T10:52:37.852,66.530,-0.231,-0.926,0.143
1635778357862,2021-11-01T10:52:37.862,66.540,-0.223,-0.895,0.142
1635778357872,2021-11-01T10:52:37.872,66.550,-0.225,-0.873,0.140
1635778357882,2021-11-01T10:52:37.882,66.560,-0.224,-0.875,0.139
1635778357892,2021-11-01T10:52:37.892,66.570,-0.223,-0.881,0.142
1635778357902,2021-11-01T10:52:37.902,66.580,-0.229,-0.875,0.146
1635778357912,2021-11-01T10:52:37.912,66.590,-0.229,-0.853,0.147
1635778357922,2021-11-01T10:52:37.922,66.600,-0.228,-0.825,0.154
1635778357932,2021-11-01T10:52:37.932,66.610,-0.232,-0.796,0.164
1635778357942,2021-11-01T10:52:37.942,66.620,-0.242,-0.789,0.169
1635778357952,2021-11-01T10:52:37.952,66.630,-0.265,-0.800,0.184
1635778357962,2021-11-01T10:52:37.962,66.640,-0.287,-0.845,0.188
1635778357972,2021-11-01T10:52:37.972,66.650,-0.309,-0.881,0.184
1635778357982,2021-11-01T10:52:37.982,66.660,-0.319,-0.877,0.191
1635778357992,2021-11-01T10:52:37.992,66.670,-0.325,-0.857,0.186
1635778358002,2021-11-01T10:52:38.002,66.680,-0.330,-0.839,0.186
1635778358012,2021-11-01T10:52:38.012,66.690,-0.325,-0.817,0.188
1635778358022,2021-11-01T10:52:38.022,66.700,-0.319,-0.780,0.188
1635778358032,2021-11-01T10:52:38.032,66.710,-0.314,-0.736,0.184
1635778358042,2021-11-01T10:52:38.042,66.720,-0.315,-0.710,0.177
1635778358052,2021-11-01T10:52:38.052,66.730,-0.320,-0.704,0.176
1635778358062,2021-11-01T10:52:38.062,66.740,-0.331,-0.694,0.175
1635778358072,2021-11-01T10:52:38.072,66.750,-0.338,-0.683,0.168
1635778358082,2021-11-01T10:52:38.082,66.760,-0.347,-0.668,0.158
1635778358092,2021-11-01T10:52:38.092,66.770,-0.354,-0.660,0.169
1635778358102,2021-11-01T10:52:38.102,66.780,-0.361,-0.679,0.161
1635778358112,2021-11-01T10:52:38.112,66.790,-0.379,-0.687,0.165
1635778358122,2021-11-01T10:52:38.122,66.800,-0.394,-0.666,0.173
1635778358132,2021-11-01T10:52:38.132,66.810,-0.398,-0.651,0.169
1635778358142,2021-11-01T10:52:38.142,66.820,-0.396,-0.673,0.169
1635778358152,2021-11-01T10:52:38.152,66.830,-0.412,-0.693,0.175
1635778358162,2021-11-01T10:52:38.162,66.840,-0.434,-0.673,0.181
1635778358172,2021-11-01T10:52:38.172,66.850,-0.454,-0.646,0.182
1635778358182,2021-11-01T10:52:38.182,66.860,-0.473,-0.640,0.179
1635778358192,2021-11-01T10:52:38.192,66.870,-0.483,-0.629,0.184
1635778358202,2021-11-01T10:52:38.202,66.880,-0.486,-0.626,0.184
1635778358212,2021-11-01T10:52:38.212,66.890,-0.491,-0.643,0.177
1635778358222,2021-11-01T10:52:38.222,66.900,-0.512,-0.644,0.182
1635778358232,2021-11-01T10:52:38.232,66.910,-0.550,-0.610,0.193
1635778358242,2021-11-01T10:52:38.242,66.920,-0.594,-0.565,0.195
1635778358252,2021-11-01T10:52:38.252,66.930,-0.635,-0.564,0.203
1635778358262,2021-11-01T10:52:38.262,66.940,-0.685,-0.640,0.193
1635778358272,2021-11-01T10:52:38.272,66.950,-0.736,-0.735,0.203
1635778358282,2021-11-01T10:52:38.282,66.960,-0.764,-0.794,0.226
1635778358292,2021-11-01T10:52:38.292,66.970,-0.767,-0.806,0.242
1635778358302,2021-11-01T10:52:38.302,66.980,-0.763,-0.801,0.257
1635778358312,2021-11-01T10:52:38.312,66.990,-0.774,-0.804,0.260
1635778358322,2021-11-01T10:52:38.322,67.000,-0.817,-0.783,0.253
1635778358332,2021-11-01T10:52:38.332,67.010,-0.845,-0.731,0.239
1635778358342,2021-11-01T10:52:38.342,67.020,-0.847,-0.697,0.218
1635778358352,2021-11-01T10:52:38.352,67.030,-0.837,-0.722,0.198
1635778358362,2021-11-01T10:52:38.362,67.040,-0.830,-0.785,0.182
1635778358372,2021-11-01T10:52:38.372,67.050,-0.817,-0.825,0.168
1635778358382,2021-11-01T10:52:38.382,67.060,-0.795,-0.797,0.160
1635778358392,2021-11-01T10:52:38.392,67.070,-0.780,-0.718,0.158
1635778358402,2021-11-01T10:52:38.402,67.080,-0.786,-0.614,0.162
1635778358412,2021-11-01T10:52:38.412,67.090,-0.811,-0.527,0.161
1635778358422,2021-11-01T10:52:38.422,67.100,-0.824,-0.514,0.162
1635778358432,2021-11-01T10:52:38.432,67.110,-0.827,-0.604,0.159
1635778358442,2021-11-01T10:52:38.442,67.120,-0.837,-0.726,0.160
1635778358452,2021-11-01T10:52:38.452,67.130,-0.834,-0.777,0.155
1635778358462,2021-11-01T10:52:38.462,67.140,-0.818,-0.742,0.155
1635778358472,2021-11-01T10:52:38.472,67.150,-0.800,-0.671,0.160
1635778358482,2021-11-01T10:52:38.482,67.160,-0.806,-0.616,0.171
1635778358492,2021-11-01T10:52:38.492,67.170,-0.821,-0.594,0.180
1635778358502,2021-11-01T10:52:38.502,67.180,-0.834,-0.604,0.192
1635778358512,2021-11-01T10:52:38.512,67.190,-0.859,-0.637,0.201
1635778358522,2021-11-01T10:52:38.522,67.200,-0.870,-0.676,0.192
1635778358532,2021-11-01T10:52:38.532,67.210,-0.875,-0.711,0.182
1635778358542,2021-11-01T10:52:38.542,67.220,-0.886,-0.724,0.164
1635778358552,2021-11-01T10:52:38.552,67.230,-0.876,-0.700,0.157
1635778358562,2021-11-01T10:52:38.562,67.240,-0.863,-0.646,0.162
1635778358572,2021-11-01T10:52:38.572,67.250,-0.859,-0.595,0.166
1635778358582,2021-11-01T10:52:38.582,67.260,-0.872,-0.581,0.174
1635778358592,2021-11-01T10:52:38.592,67.270,-0.893,-0.602,0.182
1635778358602,2021-11-01T10:52:38.602,67.280,-0.917,-0.633,0.185
1635778358612,2021-11-01T10:52:38.612,67.290,-0.951,-0.655,0.178
1635778358622,2021-11-01T10:52:38.622,67.300,-0.972,-0.666,0.164
1635778358632,2021-11-01T10:52:38.632,67.310,-0.971,-0.677,0.156
1635778358642,2021-11-01T10:52:38.642,67.320,-0.976,-0.686,0.160
1635778358652,2021-11-01T10:52:38.652,67.330,-0.981,-0.688,0.174
1635778358662,2021-11-01T10:52:38.662,67.340,-0.975,-0.691,0.196
1635778358672,2021-11-01T10:52:38.672,67.350,-0.969,-0.713,0.207
1635778358682,2021-11-01T10:52:38.682,67.360,-0.988,-0.730,0.216
1635778358692,2021-11-01T10:52:38.692,67.370,-1.016,-0.720,0.216
1635778358702,2021-11-01T10:52:38.702,67.380,-1.031,-0.703,0.194
1635778358712,2021-11-01T10:52:38.712,67.390,-1.034,-0.713,0.179
1635778358722,2021-11-01T10:52:38.722,67.400,-1.041,-0.741,0.182
1635778358732,2021-11-01T10:52:38.732,67.410,-1.070,-0.737,0.188
1635778358742,2021-11-01T10:52:38.742,67.420,-1.072,-0.734,0.180
1635778358752,2021-11-01T10:52:38.752,67.430,-1.077,-0.767,0.180
1635778358762,2021-11-01T10:52:38.762,67.440,-1.117,-0.797,0.178
1635778358772,2021-11-01T10:52:38.772,67.450,-1.147,-0.778,0.165
1635778358782,2021-11-01T10:52:38.782,67.460,-1.153,-0.737,0.152
1635778358792,2021-11-01T10:52:38.792,67.470,-1.132,-0.717,0.153
1635778358802,2021-11-01T10:52:38.802,67.480,-1.090,-0.717,0.162
1635778358812,2021-11-01T10:52:38.812,67.490,-1.054,-0.724,0.182
1635778358822,2021-11-01T10:52:38.822,67.500,-1.018,-0.741,0.200
1635778358832,2021-11-01T10:52:38.832,67.510,-1.006,-0.761,0.213
1635778358842,2021-11-01T10:52:38.842,67.520,-1.017,-0.780,0.212
1635778358852,2021-11-01T10:52:38.852,67.530,-1.034,-0.781,0.206
1635778358862,2021-11-01T10:52:38.862,67.540,-1.049,-0.750,0.198
1635778358872,2021-11-01T10:52:38.872,67.550,-1.050,-0.730,0.184
1635778358882,2021-11-01T10:52:38.882,67.560,-1.039,-0.741,0.176
1635778358892,2021-11-01T10:52:38.892,67.570,-1.032,-0.761,0.181
1635778358902,2021-11-01T10:52:38.902,67.580,-1.027,-0.768,0.194
1635778358912,2021-11-01T10:52:38.912,67.590,-1.025,-0.761,0.193
1635778358922,2021-11-01T10:52:38.922,67.600,-1.035,-0.734,0.182
1635778358932,2021-11-01T10:52:38.932,67.610,-1.047,-0.703,0.166
1635778358942,2021-11-01T10:52:38.942,67.620,-1.052,-0.696,0.160
1635778358952,2021-11-01T10:52:38.952,67.630,-1.049,-0.711,0.165
1635778358962,2021-11-01T10:52:38.962,67.640,-1.040,-0.735,0.174
1635778358972,2021-11-01T10:52:38.972,67.650,-1.024,-0.776,0.186
1635778358982,2021-11-01T10:52:38.982,67.660,-1.007,-0.818,0.194
1635778358992,2021-11-01T10:52:38.992,67.670,-0.995,-0.829,0.192
1635778359002,2021-11-01T10:52:39.002,67.680,-0.981,-0.814,0.176
1635778359012,2021-11-01T10:52:39.012,67.690,-0.961,-0.813,0.158
1635778359022,2021-11-01T10:52:39.022,67.700,-0.928,-0.857,0.154
1635778359032,2021-11-01T10:52:39.032,67.710,-0.878,-0.945,0.165
1635778359042,2021-11-01T10:52:39.042,67.720,-0.827,-1.037,0.177
1635778359052,2021-11-01T10:52:39.052,67.730,-0.792,-1.087,0.181
1635778359062,2021-11-01T10:52:39.062,67.740,-0.744,-1.077,0.173
1635778359072,2021-11-01T10:52:39.072,67.750,-0.700,-1.031,0.155
1635778359082,2021-11-01T10:52:39.082,67.760,-0.675,-1.011,0.134
1635778359092,2021-11-01T10:52:39.092,67.770,-0.647,-1.031,0.123
1635778359102,2021-11-01T10:52:39.102,67.780,-0.601,-1.084,0.109
1635778359112,2021-11-01T10:52:39.112,67.790,-0.561,-1.141,0.094
1635778359122,2021-11-01T10:52:39.122,67.800,-0.532,-1.159,0.091
1635778359132,2021-11-01T10:52:39.132,67.810,-0.496,-1.146,0.084
1635778359142,2021-11-01T10:52:39.142,67.820,-0.468,-1.102,0.077
1635778359152,2021-11-01T10:52:39.152,67.830,-0.442,-1.052,0.080
1635778359162,2021-11-01T10:52:39.162,67.840,-0.417,-1.001,0.086
1635778359172,2021-11-01T10:52:39.172,67.850,-0.394,-0.940,0.083
1635778359182,2021-11-01T10:52:39.182,67.860,-0.372,-0.883,0.087
1635778359192,2021-11-01T10:52:39.192,67.870,-0.343,-0.835,0.094
1635778359202,2021-11-01T10:52:39.202,67.880,-0.314,-0.802,0.100
1635778359212,2021-11-01T10:52:39.212,67.890,-0.283,-0.770,0.108
1635778359222,2021-11-01T10:52:39.222,67.900,-0.257,-0.753,0.111
1635778359232,2021-11-01T10:52:39.232,67.910,-0.232,-0.748,0.111
1635778359242,2021-11-01T10:52:39.242,67.920,-0.212,-0.754,0.114
1635778359252,2021-11-01T10:52:39.252,67.930,-0.201,-0.763,0.114
1635778359262,2021-11-01T10:52:39.262,67.940,-0.202,-0.772,0.112
1635778359272,2021-11-01T10:52:39.272,67.950,-0.198,-0.795,0.111
1635778359282,2021-11-01T10:52:39.282,67.960,-0.190,-0.828,0.109
1635778359292,2021-11-01T10:52:39.292,67.970,-0.183,-0.864,0.108
1635778359302,2021-11-01T10:52:39.302,67.980,-0.176,-0.884,0.110
1635778359312,2021-11-01T10:52:39.312,67.990,-0.164,-0.895,0.110
1635778359322,2021-11-01T10:52:39.322,68.000,-0.153,-0.911,0.112
1635778359332,2021-11-01T10:52:39.332,68.010,-0.145,-0.931,0.112
1635778359342,2021-11-01T10:52:39.342,68.020,-0.134,-0.944,0.114
1635778359352,2021-11-01T10:52:39.352,68.030,-0.134,-0.953,0.102
1635778359362,2021-11-01T10:52:39.362,68.040,-0.140,-0.955,0.095
1635778359372,2021-11-01T10:52:39.372,68.050,-0.140,-0.969,0.086
1635778359382,2021-11-01T10:52:39.382,68.060,-0.140,-0.985,0.081
1635778359392,2021-11-01T10:52:39.392,68.070,-0.137,-0.998,0.077
1635778359402,2021-11-01T10:52:39.402,68.080,-0.134,-0.999,0.077
1635778359412,2021-11-01T10:52:39.412,68.090,-0.132,-1.006,0.074
1635778359422,2021-11-01T10:52:39.422,68.100,-0.133,-1.019,0.071
1635778359432,2021-11-01T10:52:39.432,68.110,-0.138,-1.033,0.070
1635778359442,2021-11-01T10:52:39.442,68.120,-0.159,-1.035,0.071
1635778359452,2021-11-01T10:52:39.452,68.130,-0.198,-1.012,0.065
1635778359462,2021-11-01T10:52:39.462,68.140,-0.234,-0.990,0.057
1635778359472,2021-11-01T10:52:39.472,68.150,-0.251,-0.999,0.049
1635778359482,2021-11-01T10:52:39.482,68.160,-0.261,-1.017,0.054
1635778359492,2021-11-01T10:52:39.492,68.170,-0.263,-1.024,0.056
1635778359502,2021-11-01T10:52:39.502,68.180,-0.257,-1.011,0.062
1635778359512,2021-11-01T10:52:39.512,68.190,-0.246,-1.002,0.064
1635778359522,2021-11-01T10:52:39.522,68.200,-0.237,-0.995,0.071
1635778359532,2021-11-01T10:52:39.532,68.210,-0.227,-0.983,0.070
1635778359542,2021-11-01T10:52:39.542,68.220,-0.216,-0.985,0.073
1635778359552,2021-11-01T10:52:39.552,68.230,-0.211,-1.015,0.076
1635778359562,2021-11-01T10:52:39.562,68.240,-0.222,-1.036,0.076
1635778359572,2021-11-01T10:52:39.572,68.250,-0.231,-1.032,0.077
1635778359582,2021-11-01T10:52:39.582,68.260,-0.231,-1.017,0.075
1635778359592,2021-11-01T10:52:39.592,68.270,-0.228,-1.019,0.072
1635778359602,2021-11-01T10:52:39.602,68.280,-0.221,-1.033,0.073
1635778359612,2021-11-01T10:52:39.612,68.290,-0.214,-1.038,0.075
1635778359622,2021-11-01T10:52:39.622,68.300,-0.201,-1.032,0.075
1635778359632,2021-11-01T10:52:39.632,68.310,-0.196,-1.023,0.070
1635778359642,2021-11-01T10:52:39.642,68.320,-0.197,-1.019,0.067
1635778359652,2021-11-01T10:52:39.652,68.330,-0.194,-1.013,0.060
1635778359662,2021-11-01T10:52:39.662,68.340,-0.197,-1.006,0.045
1635778359672,2021-11-01T10:52:39.672,68.350,-0.209,-0.994,0.042
1635778359682,2021-11-01T10:52:39.682,68.360,-0.209,-0.996,0.030
1635778359692,2021-11-01T10:52:39.692,68.370,-0.215,-1.006,0.029
1635778359702,2021-11-01T10:52:39.702,68.380,-0.217,-1.007,0.025
1635778359712,2021-11-01T10:52:39.712,68.390,-0.213,-1.004,0.024
1635778359722,2021-11-01T10:52:39.722,68.400,-0.217,-1.009,0.021
1635778359732,2021-11-01T10:52:39.732,68.410,-0.226,-1.015,0.025
1635778359742,2021-11-01T10:52:39.742,68.420,-0.237,-1.017,0.026
1635778359752,2021-11-01T10:52:39.752,68.430,-0.245,-1.017,0.027
1635778359762,2021-11-01T10:52:39.762,68.440,-0.246,-1.017,0.027
1635778359772,2021-11-01T10:52:39.772,68.450,-0.252,-1.018,0.030
1635778359782,2021-11-01T10:52:39.782,68.460,-0.253,-1.017,0.032
1635778359792,2021-11-01T10:52:39.792,68.470,-0.255,-1.012,0.034
1635778359802,2021-11-01T10:52:39.802,68.480,-0.256,-1.010,0.033
1635778359812,2021-11-01T10:52:39.812,68.490,-0.255,-1.008,0.038
1635778359822,2021-11-01T10:52:39.822,68.500,-0.258,-1.011,0.039
1635778359832,2021-11-01T10:52:39.832,68.510,-0.262,-1.014,0.038
1635778359842,2021-11-01T10:52:39.842,68.520,-0.260,-1.020,0.037
1635778359852,2021-11-01T10:52:39.852,68.530,-0.257,-1.025,0.033
1635778359862,2021-11-01T10:52:39.862,68.540,-0.260,-1.026,0.037
1635778359872,2021-11-01T10:52:39.872,68.550,-0.256,-1.026,0.034
1635778359882,2021-11-01T10:52:39.882,68.560,-0.258,-1.018,0.033
1635778359892,2021-11-01T10:52:39.892,68.570,-0.257,-1.013,0.033
1635778359902,2021-11-01T10:52:39.902,68.580,-0.258,-1.016,0.030
1635778359912,2021-11-01T10:52:39.912,68.590,-0.260,-1.014,0.031
1635778359922,2021-11-01T10:52:39.922,68.600,-0.266,-1.004,0.028
1635778359932,2021-11-01T10:52:39.932,68.610,-0.272,-0.991,0.026
1635778359942,2021-11-01T10:52:39.942,68.620,-0.282,-0.990,0.022
1635778359952,2021-11-01T10:52:39.952,68.630,-0.292,-1.007,0.021
1635778359962,2021-11-01T10:52:39.962,68.640,-0.292,-1.029,0.027
1635778359972,2021-11-01T10:52:39.972,68.650,-0.292,-1.036,0.029
1635778359982,2021-11-01T10:52:39.982,68.660,-0.292,-1.031,0.027
1635778359992,2021-11-01T10:52:39.992,68.670,-0.291,-1.028,0.027
1635778360002,2021-11-01T10:52:40.002,68.680,-0.291,-1.029,0.026
1635778360012,2021-11-01T10:52:40.012,68.690,-0.288,-1.024,0.027
1635778360022,2021-11-01T10:52:40.022,68.700,-0.284,-1.013,0.033
1635778360032,2021-11-01T10:52:40.032,68.710,-0.283,-1.008,0.029
1635778360042,2021-11-01T10:52:40.042,68.720,-0.285,-1.008,0.036
1635778360052,2021-11-01T10:52:40.052,68.730,-0.284,-1.012,0.033
1635778360062,2021-11-01T10:52:40.062,68.740,-0.285,-1.016,0.033
1635778360072,2021-11-01T10:52:40.072,68.750,-0.285,-1.021,0.034
1635778360082,2021-11-01T10:52:40.082,68.760,-0.287,-1.017,0.033
1635778360092,2021-11-01T10:52:40.092,68.770,-0.281,-1.015,0.032
1635778360102,2021-11-01T10:52:40.102,68.780,-0.281,-1.014,0.035
1635778360112,2021-11-01T10:52:40.112,68.790,-0.281,-1.016,0.034
1635778360122,2021-11-01T10:52:40.122,68.800,-0.281,-1.018,0.032
1635778360132,2021-11-01T10:52:40.132,68.810,-0.279,-1.016,0.033
1635778360142,2021-11-01T10:52:40.142,68.820,-0.284,-1.010,0.032
1635778360152,2021-11-01T10:52:40.152,68.830,-0.286,-1.013,0.025
1635778360162,2021-11-01T10:52:40.162,68.840,-0.291,-1.019,0.027
1635778360172,2021-11-01T10:52:40.172,68.850,-0.291,-1.021,0.027
1635778360182,2021-11-01T10:52:40.182,68.860,-0.291,-1.015,0.028
1635778360192,2021-11-01T10:52:40.192,68.870,-0.291,-1.012,0.022
1635778360202,2021-11-01T10:52:40.202,68.880,-0.292,-1.006,0.024
1635778360212,2021-11-01T10:52:40.212,68.890,-0.290,-1.009,0.024
1635778360222,2021-11-01T10:52:40.222,68.900,-0.285,-1.014,0.025
1635778360232,2021-11-01T10:52:40.232,68.910,-0.289,-1.015,0.028
1635778360242,2021-11-01T10:52:40.242,68.920,-0.287,-1.011,0.028
1635778360252,2021-11-01T10:52:40.252,68.930,-0.289,-1.007,0.027
1635778360262,2021-11-01T10:52:40.262,68.940,-0.291,-1.002,0.027
1635778360272,2021-11-01T10:52:40.272,68.950,-0.291,-1.001,0.030
1635778360282,2021-11-01T10:52:40.282,68.960,-0.290,-1.005,0.032
1635778360292,2021-11-01T10:52:40.292,68.970,-0.289,-1.005,0.034
1635778360302,2021-11-01T10:52:40.302,68.980,-0.287,-1.010,0.032
1635778360312,2021-11-01T10:52:40.312,68.990,-0.287,-1.013,0.035
1635778360322,2021-11-01T10:52:40.322,69.000,-0.288,-1.011,0.040
1635778360332,2021-11-01T10:52:40.332,69.010,-0.286,-1.012,0.038
1635778360342,2021-11-01T10:52:40.342,69.020,-0.286,-1.010,0.038
1635778360352,2021-11-01T10:52:40.352,69.030,-0.281,-1.020,0.037
1635778360362,2021-11-01T10:52:40.362,69.040,-0.285,-1.021,0.038
1635778360372,2021-11-01T10:52:40.372,69.050,-0.290,-1.012,0.035
1635778360382,2021-11-01T10:52:40.382,69.060,-0.292,-1.011,0.026
1635778360392,2021-11-01T10:52:40.392,69.070,-0.301,-1.012,0.034
1635778360402,2021-11-01T10:52:40.402,69.080,-0.304,-1.016,0.032
1635778360412,2021-11-01T10:52:40.412,69.090,-0.303,-1.021,0.029
1635778360422,2021-11-01T10:52:40.422,69.100,-0.302,-1.020,0.033
1635778360432,2021-11-01T10:52:40.432,69.110,-0.295,-1.011,0.036
1635778360442,2021-11-01T10:52:40.442,69.120,-0.291,-1.009,0.037
1635778360452,2021-11-01T10:52:40.452,69.130,-0.292,-1.014,0.033
1635778360462,2021-11-01T10:52:40.462,69.140,-0.290,-1.010,0.034
1635778360472,2021-11-01T10:52:40.472,69.150,-0.287,-0.999,0.031
1635778360482,2021-11-01T10:52:40.482,69.160,-0.290,-0.999,0.029
1635778360492,2021-11-01T10:52:40.492,69.170,-0.287,-1.003,0.035
1635778360502,2021-11-01T10:52:40.502,69.180,-0.284,-1.012,0.037
1635778360512,2021-11-01T10:52:40.512,69.190,-0.283,-1.013,0.039
1635778360522,2021-11-01T10:52:40.522,69.200,-0.284,-1.012,0.035
1635778360532,2021-11-01T10:52:40.532,69.210,-0.285,-1.012,0.037
1635778360542,2021-11-01T10:52:40.542,69.220,-0.284,-1.008,0.040
1635778360552,2021-11-01T10:52:40.552,69.230,-0.282,-1.001,0.042
1635778360562,2021-11-01T10:52:40.562,69.240,-0.279,-1.003,0.039
1635778360572,2021-11-01T10:52:40.572,69.250,-0.278,-1.012,0.038
1635778360582,2021-11-01T10:52:40.582,69.260,-0.280,-1.014,0.041
1635778360592,2021-11-01T10:52:40.592,69.270,-0.281,-1.018,0.036
1635778360602,2021-11-01T10:52:40.602,69.280,-0.282,-1.013,0.038
1635778360612,2021-11-01T10:52:40.612,69.290,-0.283,-1.009,0.033
1635778360622,2021-11-01T10:52:40.622,69.300,-0.286,-1.010,0.034
1635778360632,2021-11-01T10:52:40.632,69.310,-0.286,-1.014,0.033
1635778360642,2021-11-01T10:52:40.642,69.320,-0.284,-1.013,0.032
1635778360652,2021-11-01T10:52:40.652,69.330,-0.280,-1.012,0.035
1635778360662,2021-11-01T10:52:40.662,69.340,-0.282,-1.013,0.039
1635778360672,2021-11-01T10:52:40.672,69.350,-0.281,-1.013,0.035
1635778360682,2021-11-01T10:52:40.682,69.360,-0.279,-1.013,0.037
1635778360692,2021-11-01T10:52:40.692,69.370,-0.283,-1.013,0.041
1635778360702,2021-11-01T10:52:40.702,69.380,-0.286,-1.013,0.040
1635778360712,2021-11-01T10:52:40.712,69.390,-0.286,-1.021,0.037
1635778360722,2021-11-01T10:52:40.722,69.400,-0.289,-1.023,0.040
1635778360732,2021-11-01T10:52:40.732,69.410,-0.287,-1.015,0.043
1635778360742,2021-11-01T10:52:40.742,69.420,-0.282,-1.006,0.042
1635778360752,2021-11-01T10:52:40.752,69.430,-0.281,-1.005,0.042
1635778360762,2021-11-01T10:52:40.762,69.440,-0.282,-1.011,0.039
1635778360772,2021-11-01T10:52:40.772,69.450,-0.278,-1.015,0.041
1635778360782,2021-11-01T10:52:40.782,69.460,-0.276,-1.009,0.036
1635778360792,2021-11-01T10:52:40.792,69.470,-0.278,-1.004,0.036
1635778360802,2021-11-01T10:52:40.802,69.480,-0.280,-1.005,0.038
1635778360812,2021-11-01T10:52:40.812,69.490,-0.278,-1.013,0.034
1635778360822,2021-11-01T10:52:40.822,69.500,-0.274,-1.020,0.034
1635778360832,2021-11-01T10:52:40.832,69.510,-0.274,-1.020,0.036
1635778360842,2021-11-01T10:52:40.842,69.520,-0.268,-1.011,0.035
1635778360852,2021-11-01T10:52:40.852,69.530,-0.269,-1.008,0.040
1635778360862,2021-11-01T10:52:40.862,69.540,-0.270,-1.009,0.037
1635778360872,2021-11-01T10:52:40.872,69.550,-0.270,-1.014,0.040
1635778360882,2021-11-01T10:52:40.882,69.560,-0.272,-1.023,0.043
1635778360892,2021-11-01T10:52:40.892,69.570,-0.273,-1.026,0.046
1635778360902,2021-11-01T10:52:40.902,69.580,-0.275,-1.022,0.043
1635778360912,2021-11-01T10:52:40.912,69.590,-0.278,-1.015,0.042
1635778360922,2021-11-01T10:52:40.922,69.600,-0.280,-1.016,0.040
1635778360932,2021-11-01T10:52:40.932,69.610,-0.288,-1.016,0.038
1635778360942,2021-11-01T10:52:40.942,69.620,-0.283,-1.009,0.039
1635778360952,2021-11-01T10:52:40.952,69.630,-0.278,-1.010,0.039
1635778360962,2021-11-01T10:52:40.962,69.640,-0.278,-1.014,0.037
1635778360972,2021-11-01T10:52:40.972,69.650,-0.279,-1.019,0.036
1635778360982,2021-11-01T10:52:40.982,69.660,-0.277,-1.023,0.038
1635778360992,2021-11-01T10:52:40.992,69.670,-0.274,-1.016,0.038
1635778361002,2021-11-01T10:52:41.002,69.680,-0.273,-1.010,0.039
1635778361012,2021-11-01T10:52:41.012,69.690,-0.274,-1.010,0.038
1635778361022,2021-11-01T10:52:41.022,69.700,-0.271,-1.009,0.037
1635778361032,2021-11-01T10:52:41.032,69.710,-0.265,-1.008,0.039
1635778361042,2021-11-01T10:52:41.042,69.720,-0.265,-1.013,0.041
1635778361052,2021-11-01T10:52:41.052,69.730,-0.265,-1.015,0.040
1635778361062,2021-11-01T10:52:41.062,69.740,-0.264,-1.013,0.042
1635778361072,2021-11-01T10:52:41.072,69.750,-0.261,-1.009,0.038
1635778361082,2021-11-01T10:52:41.082,69.760,-0.265,-1.013,0.037
1635778361092,2021-11-01T10:52:41.092,69.770,-0.269,-1.017,0.036
1635778361102,2021-11-01T10:52:41.102,69.780,-0.272,-1.019,0.036
1635778361112,2021-11-01T10:52:41.112,69.790,-0.273,-1.019,0.038
1635778361122,2021-11-01T10:52:41.122,69.800,-0.273,-1.020,0.037
1635778361132,2021-11-01T10:52:41.132,69.810,-0.271,-1.020,0.037
1635778361142,2021-11-01T10:52:41.142,69.820,-0.269,-1.016,0.036
1635778361152,2021-11-01T10:52:41.152,69.830,-0.267,-1.013,0.036
1635778361162,2021-11-01T10:52:41.162,69.840,-0.271,-1.008,0.039
1635778361172,2021-11-01T10:52:41.172,69.850,-0.272,-1.014,0.041
1635778361182,2021-11-01T10:52:41.182,69.860,-0.274,-1.022,0.039
1635778361192,2021-11-01T10:52:41.192,69.870,-0.278,-1.031,0.037
1635778361202,2021-11-01T10:52:41.202,69.880,-0.279,-1.028,0.040
1635778361212,2021-11-01T10:52:41.212,69.890,-0.281,-1.021,0.040
1635778361222,2021-11-01T10:52:41.222,69.900,-0.280,-1.020,0.038
1635778361232,2021-11-01T10:52:41.232,69.910,-0.277,-1.014,0.044
1635778361242,2021-11-01T10:52:41.242,69.920,-0.272,-1.009,0.045
1635778361252,2021-11-01T10:52:41.252,69.930,-0.268,-1.015,0.047
1635778361262,2021-11-01T10:52:41.262,69.940,-0.266,-1.018,0.050
1635778361272,2021-11-01T10:52:41.272,69.950,-0.261,-1.014,0.052
1635778361282,2021-11-01T10:52:41.282,69.960,-0.260,-1.010,0.054
1635778361292,2021-11-01T10:52:41.292,69.970,-0.259,-1.016,0.050
1635778361302,2021-11-01T10:52:41.302,69.980,-0.255,-1.024,0.052
1635778361312,2021-11-01T10:52:41.312,69.990,-0.258,-1.026,0.049
1635778361322,2021-11-01T10:52:41.322,70.000,-0.262,-1.018,0.048
1635778361332,2021-11-01T10:52:41.332,70.010,-0.259,-1.007,0.047
1635778361342,2021-11-01T10:52:41.342,70.020,-0.262,-1.009,0.045
1635778361352,2021-11-01T10:52:41.352,70.030,-0.267,-1.012,0.049
1635778361362,2021-11-01T10:52:41.362,70.040,-0.269,-1.013,0.047
1635778361372,2021-11-01T10:52:41.372,70.050,-0.271,-1.016,0.044
1635778361382,2021-11-01T10:52:41.382,70.060,-0.267,-1.023,0.046
1635778361392,2021-11-01T10:52:41.392,70.070,-0.262,-1.026,0.050
1635778361402,2021-11-01T10:52:41.402,70.080,-0.266,-1.025,0.047
1635778361412,2021-11-01T10:52:41.412,70.090,-0.272,-1.023,0.049
1635778361422,2021-11-01T10:52:41.422,70.100,-0.274,-1.016,0.049
1635778361432,2021-11-01T10:52:41.432,70.110,-0.273,-1.013,0.046
1635778361442,2021-11-01T10:52:41.442,70.120,-0.271,-1.011,0.049
1635778361452,2021-11-01T10:52:41.452,70.130,-0.272,-1.011,0.048
1635778361462,2021-11-01T10:52:41.462,70.140,-0.270,-1.014,0.049
1635778361472,2021-11-01T10:52:41.472,70.150,-0.267,-1.018,0.047
1635778361482,2021-11-01T10:52:41.482,70.160,-0.274,-1.017,0.046
1635778361492,2021-11-01T10:52:41.492,70.170,-0.275,-1.016,0.044
1635778361502,2021-11-01T10:52:41.502,70.180,-0.273,-1.017,0.048
1635778361512,2021-11-01T10:52:41.512,70.190,-0.271,-1.022,0.048
1635778361522,2021-11-01T10:52:41.522,70.200,-0.271,-1.021,0.048
1635778361532,2021-11-01T10:52:41.532,70.210,-0.268,-1.015,0.045
1635778361542,2021-11-01T10:52:41.542,70.220,-0.263,-1.014,0.046
1635778361552,2021-11-01T10:52:41.552,70.230,-0.262,-1.009,0.050
1635778361562,2021-11-01T10:52:41.562,70.240,-0.259,-1.007,0.047
1635778361572,2021-11-01T10:52:41.572,70.250,-0.260,-1.007,0.048
1635778361582,2021-11-01T10:52:41.582,70.260,-0.257,-1.011,0.050
1635778361592,2021-11-01T10:52:41.592,70.270,-0.256,-1.018,0.054
1635778361602,2021-11-01T10:52:41.602,70.280,-0.259,-1.019,0.051
1635778361612,2021-11-01T10:52:41.612,70.290,-0.261,-1.017,0.048
1635778361622,2021-11-01T10:52:41.622,70.300,-0.264,-1.023,0.048
1635778361632,2021-11-01T10:52:41.632,70.310,-0.268,-1.021,0.047
1635778361642,2021-11-01T10:52:41.642,70.320,-0.268,-1.017,0.048
1635778361652,2021-11-01T10:52:41.652,70.330,-0.268,-1.014,0.045
1635778361662,2021-11-01T10:52:41.662,70.340,-0.265,-1.016,0.045
1635778361672,2021-11-01T10:52:41.672,70.350,-0.264,-1.019,0.049
1635778361682,2021-11-01T10:52:41.682,70.360,-0.265,-1.014,0.048
1635778361692,2021-11-01T10:52:41.692,70.370,-0.263,-1.009,0.049
1635778361702,2021-11-01T10:52:41.702,70.380,-0.258,-1.016,0.053
1635778361712,2021-11-01T10:52:41.712,70.390,-0.264,-1.028,0.049
1635778361722,2021-11-01T10:52:41.722,70.400,-0.267,-1.029,0.055
1635778361732,2021-11-01T10:52:41.732,70.410,-0.264,-1.016,0.054
1635778361742,2021-11-01T10:52:41.742,70.420,-0.266,-1.011,0.052
1635778361752,2021-11-01T10:52:41.752,70.430,-0.270,-1.014,0.058
1635778361762,2021-11-01T10:52:41.762,70.440,-0.267,-1.017,0.055
1635778361772,2021-11-01T10:52:41.772,70.450,-0.265,-1.018,0.052
1635778361782,2021-11-01T10:52:41.782,70.460,-0.262,-1.018,0.051
1635778361792,2021-11-01T10:52:41.792,70.470,-0.258,-1.020,0.052
1635778361802,2021-11-01T10:52:41.802,70.480,-0.256,-1.027,0.052
1635778361812,2021-11-01T10:52:41.812,70.490,-0.259,-1.029,0.049
1635778361822,2021-11-01T10:52:41.822,70.500,-0.261,-1.020,0.044
1635778361832,2021-11-01T10:52:41.832,70.510,-0.260,-1.013,0.047
1635778361842,2021-11-01T10:52:41.842,70.520,-0.261,-1.007,0.044
1635778361852,2021-11-01T10:52:41.852,70.530,-0.266,-1.006,0.042
1635778361862,2021-11-01T10:52:41.862,70.540,-0.265,-1.006,0.044
1635778361872,2021-11-01T10:52:41.872,70.550,-0.268,-0.999,0.039
1635778361882,2021-11-01T10:52:41.882,70.560,-0.266,-0.994,0.042
1635778361892,2021-11-01T10:52:41.892,70.570,-0.262,-0.992,0.045
1635778361902,2021-11-01T10:52:41.902,70.580,-0.259,-0.999,0.041
1635778361912,2021-11-01T10:52:41.912,70.590,-0.257,-1.005,0.049
1635778361922,2021-11-01T10:52:41.922,70.600,-0.258,-1.021,0.051
1635778361932,2021-11-01T10:52:41.932,70.610,-0.265,-1.034,0.057
1635778361942,2021-11-01T10:52:41.942,70.620,-0.267,-1.033,0.060
1635778361952,2021-11-01T10:52:41.952,70.630,-0.263,-1.029,0.060
1635778361962,2021-11-01T10:52:41.962,70.640,-0.267,-1.025,0.062
1635778361972,2021-11-01T10:52:41.972,70.650,-0.265,-1.024,0.065
1635778361982,2021-11-01T10:52:41.982,70.660,-0.262,-1.020,0.061
1635778361992,2021-11-01T10:52:41.992,70.670,-0.261,-1.015,0.064
1635778362002,2021-11-01T10:52:42.002,70.680,-0.260,-1.018,0.063
1635778362012,2021-11-01T10:52:42.012,70.690,-0.257,-1.025,0.061
1635778362022,2021-11-01T10:52:42.022,70.700,-0.257,-1.030,0.057
1635778362032,2021-11-01T10:52:42.032,70.710,-0.263,-1.033,0.057
1635778362042,2021-11-01T10:52:42.042,70.720,-0.268,-1.027,0.052
1635778362052,2021-11-01T10:52:42.052,70.730,-0.266,-1.019,0.049
1635778362062,2021-11-01T10:52:42.062,70.740,-0.270,-1.011,0.049
1635778362072,2021-11-01T10:52:42.072,70.750,-0.270,-1.008,0.049
1635778362082,2021-11-01T10:52:42.082,70.760,-0.272,-1.009,0.046
1635778362092,2021-11-01T10:52:42.092,70.770,-0.273,-1.006,0.048
1635778362102,2021-11-01T10:52:42.102,70.780,-0.269,-1.015,0.048
1635778362112,2021-11-01T10:52:42.112,70.790,-0.273,-1.024,0.050
1635778362122,2021-11-01T10:52:42.122,70.800,-0.277,-1.030,0.053
1635778362132,2021-11-01T10:52:42.132,70.810,-0.275,-1.032,0.055
1635778362142,2021-11-01T10:52:42.142,70.820,-0.273,-1.030,0.053
1635778362152,2021-11-01T10:52:42.152,70.830,-0.271,-1.026,0.053
1635778362162,2021-11-01T10:52:42.162,70.840,-0.270,-1.021,0.054
1635778362172,2021-11-01T10:52:42.172,70.850,-0.264,-1.015,0.055
1635778362182,2021-11-01T10:52:42.182,70.860,-0.264,-1.013,0.055
1635778362192,2021-11-01T10:52:42.192,70.870,-0.265,-1.009,0.057
1635778362202,2021-11-01T10:52:42.202,70.880,-0.258,-1.009,0.055
1635778362212,2021-11-01T10:52:42.212,70.890,-0.255,-1.014,0.055
1635778362222,2021-11-01T10:52:42.222,70.900,-0.255,-1.019,0.053
1635778362232,2021-11-01T10:52:42.232,70.910,-0.253,-1.022,0.052
1635778362242,2021-11-01T10:52:42.242,70.920,-0.252,-1.018,0.054
1635778362252,2021-11-01T10:52:42.252,70.930,-0.251,-1.010,0.054
1635778362262,2021-11-01T10:52:42.262,70.940,-0.252,-1.003,0.055
1635778362272,2021-11-01T10:52:42.272,70.950,-0.249,-1.002,0.050
1635778362282,2021-11-01T10:52:42.282,70.960,-0.243,-1.003,0.048
1635778362292,2021-11-01T10:52:42.292,70.970,-0.246,-1.003,0.048
1635778362302,2021-11-01T10:52:42.302,70.980,-0.246,-1.002,0.046
1635778362312,2021-11-01T10:52:42.312,70.990,-0.242,-1.013,0.045
1635778362322,2021-11-01T10:52:42.322,71.000,-0.240,-1.024,0.043
1635778362332,2021-11-01T10:52:42.332,71.010,-0.239,-1.033,0.048
1635778362342,2021-11-01T10:52:42.342,71.020,-0.250,-1.040,0.049
1635778362352,2021-11-01T10:52:42.352,71.030,-0.254,-1.040,0.052
1635778362362,2021-11-01T10:52:42.362,71.040,-0.254,-1.036,0.055
1635778362372,2021-11-01T10:52:42.372,71.050,-0.260,-1.031,0.057
1635778362382,2021-11-01T10:52:42.382,71.060,-0.261,-1.021,0.056
1635778362392,2021-11-01T10:52:42.392,71.070,-0.262,-1.012,0.062
1635778362402,2021-11-01T10:52:42.402,71.080,-0.257,-1.011,0.059
1635778362412,2021-11-01T10:52:42.412,71.090,-0.261,-1.012,0.060
1635778362422,2021-11-01T10:52:42.422,71.100,-0.259,-1.015,0.061
1635778362432,2021-11-01T10:52:42.432,71.110,-0.264,-1.024,0.061
1635778362442,2021-11-01T10:52:42.442,71.120,-0.265,-1.029,0.062
1635778362452,2021-11-01T10:52:42.452,71.130,-0.265,-1.032,0.057
1635778362462,2021-11-01T10:52:42.462,71.140,-0.268,-1.036,0.057
1635778362472,2021-11-01T10:52:42.472,71.150,-0.267,-1.034,0.057
1635778362482,2021-11-01T10:52:42.482,71.160,-0.268,-1.027,0.058
1635778362492,2021-11-01T10:52:42.492,71.170,-0.266,-1.019,0.055
1635778362502,2021-11-01T10:52:42.502,71.180,-0.263,-1.014,0.057
1635778362512,2021-11-01T10:52:42.512,71.190,-0.262,-1.006,0.059
1635778362522,2021-11-01T10:52:42.522,71.200,-0.256,-1.009,0.057
1635778362532,2021-11-01T10:52:42.532,71.210,-0.252,-1.021,0.059
1635778362542,2021-11-01T10:52:42.542,71.220,-0.247,-1.028,0.065
1635778362552,2021-11-01T10:52:42.552,71.230,-0.246,-1.029,0.065
1635778362562,2021-11-01T10:52:42.562,71.240,-0.248,-1.025,0.065
1635778362572,2021-11-01T10:52:42.572,71.250,-0.251,-1.021,0.062
1635778362582,2021-11-01T10:52:42.582,71.260,-0.251,-1.015,0.068
1635778362592,2021-11-01T10:52:42.592,71.270,-0.249,-1.018,0.064
1635778362602,2021-11-01T10:52:42.602,71.280,-0.250,-1.020,0.064
1635778362612,2021-11-01T10:52:42.612,71.290,-0.249,-1.020,0.062
1635778362622,2021-11-01T10:52:42.622,71.300,-0.246,-1.014,0.062
1635778362632,2021-11-01T10:52:42.632,71.310,-0.245,-1.008,0.063
1635778362642,2021-11-01T10:52:42.642,71.320,-0.244,-1.004,0.064
1635778362652,2021-11-01T10:52:42.652,71.330,-0.247,-1.003,0.061
1635778362662,2021-11-01T10:52:42.662,71.340,-0.241,-1.007,0.060
1635778362672,2021-11-01T10:52:42.672,71.350,-0.240,-1.007,0.063
1635778362682,2021-11-01T10:52:42.682,71.360,-0.240,-1.005,0.065
1635778362692,2021-11-01T10:52:42.692,71.370,-0.235,-1.013,0.064
1635778362702,2021-11-01T10:52:42.702,71.380,-0.232,-1.021,0.070
1635778362712,2021-11-01T10:52:42.712,71.390,-0.234,-1.018,0.069
1635778362722,2021-11-01T10:52:42.722,71.400,-0.236,-1.016,0.071
1635778362732,2021-11-01T10:52:42.732,71.410,-0.243,-1.020,0.071
1635778362742,2021-11-01T10:52:42.742,71.420,-0.242,-1.017,0.071
1635778362752,2021-11-01T10:52:42.752,71.430,-0.239,-1.013,0.070
1635778362762,2021-11-01T10:52:42.762,71.440,-0.243,-1.021,0.072
1635778362772,2021-11-01T10:52:42.772,71.450,-0.248,-1.028,0.072
1635778362782,2021-11-01T10:52:42.782,71.460,-0.250,-1.035,0.073
1635778362792,2021-11-01T10:52:42.792,71.470,-0.256,-1.042,0.068
1635778362802,2021-11-01T10:52:42.802,71.480,-0.259,-1.040,0.071
1635778362812,2021-11-01T10:52:42.812,71.490,-0.259,-1.032,0.071
1635778362822,2021-11-01T10:52:42.822,71.500,-0.254,-1.030,0.075
1635778362832,2021-11-01T10:52:42.832,71.510,-0.251,-1.035,0.070
1635778362842,2021-11-01T10:52:42.842,71.520,-0.250,-1.028,0.076
1635778362852,2021-11-01T10:52:42.852,71.530,-0.245,-1.013,0.073
1635778362862,2021-11-01T10:52:42.862,71.540,-0.243,-1.011,0.076
1635778362872,2021-11-01T10:52:42.872,71.550,-0.243,-1.023,0.078
1635778362882,2021-11-01T10:52:42.882,71.560,-0.240,-1.032,0.081
1635778362892,2021-11-01T10:52:42.892,71.570,-0.240,-1.027,0.078
1635778362902,2021-11-01T10:52:42.902,71.580,-0.241,-1.021,0.077
1635778362912,2021-11-01T10:52:42.912,71.590,-0.243,-1.018,0.078
1635778362922,2021-11-01T10:52:42.922,71.600,-0.243,-1.021,0.077
1635778362932,2021-11-01T10:52:42.932,71.610,-0.243,-1.018,0.072
1635778362942,2021-11-01T10:52:42.942,71.620,-0.243,-1.013,0.072
1635778362952,2021-11-01T10:52:42.952,71.630,-0.241,-1.015,0.071
1635778362962,2021-11-01T10:52:42.962,71.640,-0.239,-1.016,0.069
1635778362972,2021-11-01T10:52:42.972,71.650,-0.241,-1.015,0.066
1635778362982,2021-11-01T10:52:42.982,71.660,-0.245,-1.021,0.066
1635778362992,2021-11-01T10:52:42.992,71.670,-0.245,-1.026,0.063
1635778363002,2021-11-01T10:52:43.002,71.680,-0.242,-1.023,0.061
1635778363012,2021-11-01T10:52:43.012,71.690,-0.240,-1.018,0.063
1635778363022,2021-11-01T10:52:43.022,71.700,-0.238,-1.017,0.063
1635778363032,2021-11-01T10:52:43.032,71.710,-0.233,-1.012,0.069
1635778363042,2021-11-01T10:52:43.042,71.720,-0.222,-1.019,0.068
1635778363052,2021-11-01T10:52:43.052,71.730,-0.212,-1.032,0.072
1635778363062,2021-11-01T10:52:43.062,71.740,-0.201,-1.041,0.075
1635778363072,2021-11-01T10:52:43.072,71.750,-0.195,-1.053,0.076
1635778363082,2021-11-01T10:52:43.082,71.760,-0.192,-1.058,0.076
1635778363092,2021-11-01T10:52:43.092,71.770,-0.188,-1.053,0.078
1635778363102,2021-11-01T10:52:43.102,71.780,-0.180,-1.046,0.078
1635778363112,2021-11-01T10:52:43.112,71.790,-0.168,-1.037,0.084
1635778363122,2021-11-01T10:52:43.122,71.800,-0.159,-1.026,0.087
1635778363132,2021-11-01T10:52:43.132,71.810,-0.147,-1.008,0.099
1635778363142,2021-11-01T10:52:43.142,71.820,-0.130,-1.009,0.102
1635778363152,2021-11-01T10:52:43.152,71.830,-0.121,-1.038,0.095
1635778363162,2021-11-01T10:52:43.162,71.840,-0.119,-1.070,0.099
1635778363172,2021-11-01T10:52:43.172,71.850,-0.111,-1.091,0.094
1635778363182,2021-11-01T10:52:43.182,71.860,-0.101,-1.094,0.091
1635778363192,2021-11-01T10:52:43.192,71.870,-0.096,-1.083,0.090
1635778363202,2021-11-01T10:52:43.202,71.880,-0.092,-1.061,0.089
1635778363212,2021-11-01T10:52:43.212,71.890,-0.087,-1.032,0.084
1635778363222,2021-11-01T10:52:43.222,71.900,-0.086,-1.013,0.080
1635778363232,2021-11-01T10:52:43.232,71.910,-0.085,-1.011,0.075
1635778363242,2021-11-01T10:52:43.242,71.920,-0.078,-1.012,0.074
1635778363252,2021-11-01T10:52:43.252,71.930,-0.073,-1.011,0.070
1635778363262,2021-11-01T10:52:43.262,71.940,-0.070,-1.015,0.069
1635778363272,2021-11-01T10:52:43.272,71.950,-0.066,-1.024,0.067
1635778363282,2021-11-01T10:52:43.282,71.960,-0.067,-1.033,0.066
1635778363292,2021-11-01T10:52:43.292,71.970,-0.059,-1.035,0.064
1635778363302,2021-11-01T10:52:43.302,71.980,-0.058,-1.023,0.065
1635778363312,2021-11-01T10:52:43.312,71.990,-0.067,-1.010,0.064
1635778363322,2021-11-01T10:52:43.322,72.000,-0.077,-1.008,0.057
1635778363332,2021-11-01T10:52:43.332,72.010,-0.074,-1.009,0.057
1635778363342,2021-11-01T10:52:43.342,72.020,-0.072,-1.006,0.057
1635778363352,2021-11-01T10:52:43.352,72.030,-0.069,-1.001,0.053
1635778363362,2021-11-01T10:52:43.362,72.040,-0.070,-1.007,0.058
1635778363372,2021-11-01T10:52:43.372,72.050,-0.067,-1.034,0.065
1635778363382,2021-11-01T10:52:43.382,72.060,-0.071,-1.067,0.069
1635778363392,2021-11-01T10:52:43.392,72.070,-0.088,-1.076,0.073
1635778363402,2021-11-01T10:52:43.402,72.080,-0.105,-1.054,0.070
1635778363412,2021-11-01T10:52:43.412,72.090,-0.112,-1.009,0.068
1635778363422,2021-11-01T10:52:43.422,72.100,-0.114,-0.973,0.064
1635778363432,2021-11-01T10:52:43.432,72.110,-0.116,-0.949,0.058
1635778363442,2021-11-01T10:52:43.442,72.120,-0.104,-0.928,0.055
1635778363452,2021-11-01T10:52:43.452,72.130,-0.085,-0.907,0.053
1635778363462,2021-11-01T10:52:43.462,72.140,-0.074,-0.896,0.058
1635778363472,2021-11-01T10:52:43.472,72.150,-0.069,-0.910,0.053
1635778363482,2021-11-01T10:52:43.482,72.160,-0.075,-0.907,0.048
1635778363492,2021-11-01T10:52:43.492,72.170,-0.083,-0.876,0.039
1635778363502,2021-11-01T10:52:43.502,72.180,-0.093,-0.863,0.022
1635778363512,2021-11-01T10:52:43.512,72.190,-0.114,-0.875,0.019
1635778363522,2021-11-01T10:52:43.522,72.200,-0.137,-0.858,0.031
1635778363532,2021-11-01T10:52:43.532,72.210,-0.166,-0.842,0.040
1635778363542,2021-11-01T10:52:43.542,72.220,-0.213,-0.862,0.045
1635778363552,2021-11-01T10:52:43.552,72.230,-0.271,-0.870,0.056
1635778363562,2021-11-01T10:52:43.562,72.240,-0.308,-0.828,0.045
1635778363572,2021-11-01T10:52:43.572,72.250,-0.321,-0.766,0.032
1635778363582,2021-11-01T10:52:43.582,72.260,-0.337,-0.729,0.017
1635778363592,2021-11-01T10:52:43.592,72.270,-0.359,-0.739,0.012
1635778363602,2021-11-01T10:52:43.602,72.280,-0.377,-0.772,0.024
1635778363612,2021-11-01T10:52:43.612,72.290,-0.386,-0.824,0.044
1635778363622,2021-11-01T10:52:43.622,72.300,-0.410,-0.891,0.064
1635778363632,2021-11-01T10:52:43.632,72.310,-0.459,-0.932,0.073
1635778363642,2021-11-01T10:52:43.642,72.320,-0.513,-0.882,0.066
1635778363652,2021-11-01T10:52:43.652,72.330,-0.552,-0.761,0.049
1635778363662,2021-11-01T10:52:43.662,72.340,-0.580,-0.681,0.022
1635778363672,2021-11-01T10:52:43.672,72.350,-0.621,-0.681,0.016
1635778363682,2021-11-01T10:52:43.682,72.360,-0.654,-0.757,0.025
1635778363692,2021-11-01T10:52:43.692,72.370,-0.673,-0.891,0.045
1635778363702,2021-11-01T10:52:43.702,72.380,-0.723,-1.003,0.071
1635778363712,2021-11-01T10:52:43.712,72.390,-0.766,-1.011,0.092
1635778363722,2021-11-01T10:52:43.722,72.400,-0.795,-0.944,0.097
1635778363732,2021-11-01T10:52:43.732,72.410,-0.843,-0.876,0.091
1635778363742,2021-11-01T10:52:43.742,72.420,-0.896,-0.854,0.093
1635778363752,2021-11-01T10:52:43.752,72.430,-0.914,-0.904,0.109
1635778363762,2021-11-01T10:52:43.762,72.440,-0.940,-1.021,0.125
1635778363772,2021-11-01T10:52:43.772,72.450,-1.002,-1.152,0.131
1635778363782,2021-11-01T10:52:43.782,72.460,-1.060,-1.188,0.136
1635778363792,2021-11-01T10:52:43.792,72.470,-1.106,-1.083,0.120
1635778363802,2021-11-01T10:52:43.802,72.480,-1.155,-0.894,0.086
1635778363812,2021-11-01T10:52:43.812,72.490,-1.154,-0.778,0.052
1635778363822,2021-11-01T10:52:43.822,72.500,-1.116,-0.827,0.039
1635778363832,2021-11-01T10:52:43.832,72.510,-1.073,-0.926,0.050
1635778363842,2021-11-01T10:52:43.842,72.520,-1.050,-0.940,0.061
1635778363852,2021-11-01T10:52:43.852,72.530,-1.049,-0.867,0.069
1635778363862,2021-11-01T10:52:43.862,72.540,-1.055,-0.798,0.069
1635778363872,2021-11-01T10:52:43.872,72.550,-1.089,-0.787,0.079
1635778363882,2021-11-01T10:52:43.882,72.560,-1.134,-0.830,0.092
1635778363892,2021-11-01T10:52:43.892,72.570,-1.170,-0.881,0.113
1635778363902,2021-11-01T10:52:43.902,72.580,-1.193,-0.917,0.138
1635778363912,2021-11-01T10:52:43.912,72.590,-1.213,-0.924,0.149
1635778363922,2021-11-01T10:52:43.922,72.600,-1.230,-0.928,0.156
1635778363932,2021-11-01T10:52:43.932,72.610,-1.249,-0.955,0.165
1635778363942,2021-11-01T10:52:43.942,72.620,-1.267,-0.990,0.169
1635778363952,2021-11-01T10:52:43.952,72.630,-1.282,-0.993,0.169
1635778363962,2021-11-01T10:52:43.962,72.640,-1.281,-0.964,0.152
1635778363972,2021-11-01T10:52:43.972,72.650,-1.274,-0.944,0.135
1635778363982,2021-11-01T10:52:43.982,72.660,-1.252,-0.945,0.146
1635778363992,2021-11-01T10:52:43.992,72.670,-1.213,-0.949,0.154
1635778364002,2021-11-01T10:52:44.002,72.680,-1.182,-0.951,0.163
1635778364012,2021-11-01T10:52:44.012,72.690,-1.156,-0.955,0.172
1635778364022,2021-11-01T10:52:44.022,72.700,-1.129,-0.940,0.172
1635778364032,2021-11-01T10:52:44.032,72.710,-1.116,-0.900,0.174
1635778364042,2021-11-01T10:52:44.042,72.720,-1.104,-0.863,0.166
1635778364052,2021-11-01T10:52:44.052,72.730,-1.093,-0.863,0.166
1635778364062,2021-11-01T10:52:44.062,72.740,-1.074,-0.900,0.182
1635778364072,2021-11-01T10:52:44.072,72.750,-1.039,-0.948,0.191
1635778364082,2021-11-01T10:52:44.082,72.760,-1.015,-0.947,0.188
1635778364092,2021-11-01T10:52:44.092,72.770,-1.002,-0.888,0.183
1635778364102,2021-11-01T10:52:44.102,72.780,-0.989,-0.813,0.160
1635778364112,2021-11-01T10:52:44.112,72.790,-0.968,-0.785,0.137
1635778364122,2021-11-01T10:52:44.122,72.800,-0.953,-0.797,0.126
1635778364132,2021-11-01T10:52:44.132,72.810,-0.940,-0.809,0.115
1635778364142,2021-11-01T10:52:44.142,72.820,-0.932,-0.798,0.106
1635778364152,2021-11-01T10:52:44.152,72.830,-0.916,-0.779,0.095
1635778364162,2021-11-01T10:52:44.162,72.840,-0.908,-0.775,0.085
1635778364172,2021-11-01T10:52:44.172,72.850,-0.902,-0.783,0.080
1635778364182,2021-11-01T10:52:44.182,72.860,-0.888,-0.778,0.071
1635778364192,2021-11-01T10:52:44.192,72.870,-0.872,-0.744,0.068
1635778364202,2021-11-01T10:52:44.202,72.880,-0.862,-0.729,0.057
1635778364212,2021-11-01T10:52:44.212,72.890,-0.852,-0.727,0.059
1635778364222,2021-11-01T10:52:44.222,72.900,-0.832,-0.719,0.065
1635778364232,2021-11-01T10:52:44.232,72.910,-0.816,-0.719,0.068
1635778364242,2021-11-01T10:52:44.242,72.920,-0.802,-0.743,0.074
1635778364252,2021-11-01T10:52:44.252,72.930,-0.778,-0.769,0.083
1635778364262,2021-11-01T10:52:44.262,72.940,-0.759,-0.767,0.086
1635778364272,2021-11-01T10:52:44.272,72.950,-0.745,-0.746,0.084
1635778364282,2021-11-01T10:52:44.282,72.960,-0.721,-0.735,0.080
1635778364292,2021-11-01T10:52:44.292,72.970,-0.708,-0.733,0.077
1635778364302,2021-11-01T10:52:44.302,72.980,-0.707,-0.720,0.063
1635778364312,2021-11-01T10:52:44.312,72.990,-0.706,-0.700,0.050
1635778364322,2021-11-01T10:52:44.322,73.000,-0.686,-0.693,0.032
1635778364332,2021-11-01T10:52:44.332,73.010,-0.661,-0.691,0.026
1635778364342,2021-11-01T10:52:44.342,73.020,-0.629,-0.666,0.029
1635778364352,2021-11-01T10:52:44.352,73.030,-0.586,-0.638,0.021
1635778364362,2021-11-01T10:52:44.362,73.040,-0.535,-0.630,0.023
1635778364372,2021-11-01T10:52:44.372,73.050,-0.490,-0.634,0.020
1635778364382,2021-11-01T10:52:44.382,73.060,-0.457,-0.627,0.018
1635778364392,2021-11-01T10:52:44.392,73.070,-0.435,-0.613,0.006
1635778364402,2021-11-01T10:52:44.402,73.080,-0.423,-0.600,-0.001
1635778364412,2021-11-01T10:52:44.412,73.090,-0.403,-0.606,-0.007
1635778364422,2021-11-01T10:52:44.422,73.100,-0.375,-0.610,-0.004
1635778364432,2021-11-01T10:52:44.432,73.110,-0.351,-0.593,-0.008
1635778364442,2021-11-01T10:52:44.442,73.120,-0.348,-0.565,-0.008
1635778364452,2021-11-01T10:52:44.452,73.130,-0.343,-0.553,-0.008
1635778364462,2021-11-01T10:52:44.462,73.140,-0.327,-0.556,-0.010
1635778364472,2021-11-01T10:52:44.472,73.150,-0.308,-0.586,-0.018
1635778364482,2021-11-01T10:52:44.482,73.160,-0.311,-0.614,-0.010
1635778364492,2021-11-01T10:52:44.492,73.170,-0.321,-0.627,0.006
1635778364502,2021-11-01T10:52:44.502,73.180,-0.328,-0.655,0.009
1635778364512,2021-11-01T10:52:44.512,73.190,-0.335,-0.698,0.015
1635778364522,2021-11-01T10:52:44.522,73.200,-0.338,-0.717,0.026
1635778364532,2021-11-01T10:52:44.532,73.210,-0.322,-0.710,0.021
1635778364542,2021-11-01T10:52:44.542,73.220,-0.310,-0.705,0.018
1635778364552,2021-11-01T10:52:44.552,73.230,-0.307,-0.703,0.021
1635778364562,2021-11-01T10:52:44.562,73.240,-0.296,-0.697,0.029
1635778364572,2021-11-01T10:52:44.572,73.250,-0.292,-0.709,0.027
1635778364582,2021-11-01T10:52:44.582,73.260,-0.293,-0.726,0.036
1635778364592,2021-11-01T10:52:44.592,73.270,-0.282,-0.724,0.050
1635778364602,2021-11-01T10:52:44.602,73.280,-0.272,-0.716,0.051
1635778364612,2021-11-01T10:52:44.612,73.290,-0.271,-0.742,0.045
1635778364622,2021-11-01T10:52:44.622,73.300,-0.271,-0.788,0.051
1635778364632,2021-11-01T10:52:44.632,73.310,-0.271,-0.814,0.055
1635778364642,2021-11-01T10:52:44.642,73.320,-0.279,-0.803,0.058
1635778364652,2021-11-01T10:52:44.652,73.330,-0.279,-0.788,0.055
1635778364662,2021-11-01T10:52:44.662,73.340,-0.288,-0.781,0.056
1635778364672,2021-11-01T10:52:44.672,73.350,-0.292,-0.803,0.058
1635778364682,2021-11-01T10:52:44.682,73.360,-0.296,-0.851,0.052
1635778364692,2021-11-01T10:52:44.692,73.370,-0.296,-0.907,0.053
1635778364702,2021-11-01T10:52:44.702,73.380,-0.292,-0.946,0.044
1635778364712,2021-11-01T10:52:44.712,73.390,-0.297,-0.951,0.040
1635778364722,2021-11-01T10:52:44.722,73.400,-0.309,-0.934,0.037
1635778364732,2021-11-01T10:52:44.732,73.410,-0.313,-0.915,0.024
1635778364742,2021-11-01T10:52:44.742,73.420,-0.330,-0.899,0.018
1635778364752,2021-11-01T10:52:44.752,73.430,-0.347,-0.880,0.024
1635778364762,2021-11-01T10:52:44.762,73.440,-0.352,-0.859,0.021
1635778364772,2021-11-01T10:52:44.772,73.450,-0.355,-0.872,0.015
1635778364782,2021-11-01T10:52:44.782,73.460,-0.362,-0.909,0.025
1635778364792,2021-11-01T10:52:44.792,73.470,-0.372,-0.918,0.028
1635778364802,2021-11-01T10:52:44.802,73.480,-0.371,-0.905,0.032
1635778364812,2021-11-01T10:52:44.812,73.490,-0.367,-0.903,0.035
1635778364822,2021-11-01T10:52:44.822,73.500,-0.360,-0.916,0.041
1635778364832,2021-11-01T10:52:44.832,73.510,-0.359,-0.945,0.043
1635778364842,2021-11-01T10:52:44.842,73.520,-0.366,-0.960,0.050
1635778364852,2021-11-01T10:52:44.852,73.530,-0.372,-0.967,0.056
1635778364862,2021-11-01T10:52:44.862,73.540,-0.369,-0.976,0.070
1635778364872,2021-11-01T10:52:44.872,73.550,-0.360,-0.980,0.095
1635778364882,2021-11-01T10:52:44.882,73.560,-0.354,-0.968,0.107
1635778364892,2021-11-01T10:52:44.892,73.570,-0.346,-0.950,0.120
1635778364902,2021-11-01T10:52:44.902,73.580,-0.336,-0.940,0.135
1635778364912,2021-11-01T10:52:44.912,73.590,-0.333,-0.944,0.141
1635778364922,2021-11-01T10:52:44.922,73.600,-0.340,-0.956,0.145
1635778364932,2021-11-01T10:52:44.932,73.610,-0.338,-0.973,0.140
1635778364942,2021-11-01T10:52:44.942,73.620,-0.342,-0.986,0.136
1635778364952,2021-11-01T10:52:44.952,73.630,-0.347,-0.995,0.129
1635778364962,2021-11-01T10:52:44.962,73.640,-0.353,-1.005,0.120
1635778364972,2021-11-01T10:52:44.972,73.650,-0.354,-1.003,0.119
1635778364982,2021-11-01T10:52:44.982,73.660,-0.351,-0.989,0.120
1635778364992,2021-11-01T10:52:44.992,73.670,-0.350,-0.964,0.121
1635778365002,2021-11-01T10:52:45.002,73.680,-0.355,-0.947,0.122
1635778365012,2021-11-01T10:52:45.012,73.690,-0.367,-0.933,0.119
1635778365022,2021-11-01T10:52:45.022,73.700,-0.379,-0.923,0.117
1635778365032,2021-11-01T10:52:45.032,73.710,-0.387,-0.928,0.114
1635778365042,2021-11-01T10:52:45.042,73.720,-0.387,-0.956,0.110
1635778365052,2021-11-01T10:52:45.052,73.730,-0.390,-0.984,0.107
1635778365062,2021-11-01T10:52:45.062,73.740,-0.398,-0.979,0.111
1635778365072,2021-11-01T10:52:45.072,73.750,-0.393,-0.948,0.108
1635778365082,2021-11-01T10:52:45.082,73.760,-0.397,-0.923,0.105
1635778365092,2021-11-01T10:52:45.092,73.770,-0.409,-0.921,0.102
1635778365102,2021-11-01T10:52:45.102,73.780,-0.413,-0.931,0.103
1635778365112,2021-11-01T10:52:45.112,73.790,-0.411,-0.956,0.100
1635778365122,2021-11-01T10:52:45.122,73.800,-0.410,-0.990,0.101
1635778365132,2021-11-01T10:52:45.132,73.810,-0.413,-1.027,0.102
1635778365142,2021-11-01T10:52:45.142,73.820,-0.412,-1.052,0.109
1635778365152,2021-11-01T10:52:45.152,73.830,-0.412,-1.033,0.120
1635778365162,2021-11-01T10:52:45.162,73.840,-0.411,-0.994,0.132
1635778365172,2021-11-01T10:52:45.172,73.850,-0.405,-0.962,0.144
1635778365182,2021-11-01T10:52:45.182,73.860,-0.405,-0.943,0.152
1635778365192,2021-11-01T10:52:45.192,73.870,-0.407,-0.938,0.154
1635778365202,2021-11-01T10:52:45.202,73.880,-0.406,-0.958,0.149
1635778365212,2021-11-01T10:52:45.212,73.890,-0.407,-0.978,0.146
1635778365222,2021-11-01T10:52:45.222,73.900,-0.401,-0.982,0.142
1635778365232,2021-11-01T10:52:45.232,73.910,-0.395,-0.981,0.137
1635778365242,2021-11-01T10:52:45.242,73.920,-0.394,-0.981,0.136
1635778365252,2021-11-01T10:52:45.252,73.930,-0.395,-0.983,0.140
1635778365262,2021-11-01T10:52:45.262,73.940,-0.391,-0.983,0.138
1635778365272,2021-11-01T10:52:45.272,73.950,-0.389,-0.971,0.136
1635778365282,2021-11-01T10:52:45.282,73.960,-0.387,-0.959,0.138
1635778365292,2021-11-01T10:52:45.292,73.970,-0.385,-0.954,0.139
1635778365302,2021-11-01T10:52:45.302,73.980,-0.392,-0.940,0.136
1635778365312,2021-11-01T10:52:45.312,73.990,-0.398,-0.924,0.135
1635778365322,2021-11-01T10:52:45.322,74.000,-0.398,-0.935,0.131
1635778365332,2021-11-01T10:52:45.332,74.010,-0.402,-0.958,0.135
1635778365342,2021-11-01T10:52:45.342,74.020,-0.402,-0.966,0.142
1635778365352,2021-11-01T10:52:45.352,74.030,-0.401,-0.968,0.140
1635778365362,2021-11-01T10:52:45.362,74.040,-0.402,-0.979,0.143
1635778365372,2021-11-01T10:52:45.372,74.050,-0.404,-0.980,0.152
1635778365382,2021-11-01T10:52:45.382,74.060,-0.403,-0.971,0.152
1635778365392,2021-11-01T10:52:45.392,74.070,-0.404,-0.954,0.155
1635778365402,2021-11-01T10:52:45.402,74.080,-0.410,-0.945,0.157
1635778365412,2021-11-01T10:52:45.412,74.090,-0.417,-0.942,0.163
1635778365422,2021-11-01T10:52:45.422,74.100,-0.423,-0.936,0.167
1635778365432,2021-11-01T10:52:45.432,74.110,-0.424,-0.947,0.160
1635778365442,2021-11-01T10:52:45.442,74.120,-0.425,-0.974,0.161
1635778365452,2021-11-01T10:52:45.452,74.130,-0.425,-0.995,0.164
1635778365462,2021-11-01T10:52:45.462,74.140,-0.422,-0.990,0.164
1635778365472,2021-11-01T10:52:45.472,74.150,-0.414,-0.980,0.155
1635778365482,2021-11-01T10:52:45.482,74.160,-0.414,-0.978,0.153
1635778365492,2021-11-01T10:52:45.492,74.170,-0.413,-0.969,0.157
1635778365502,2021-11-01T10:52:45.502,74.180,-0.408,-0.953,0.157
1635778365512,2021-11-01T10:52:45.512,74.190,-0.406,-0.942,0.157
1635778365522,2021-11-01T10:52:45.522,74.200,-0.402,-0.945,0.159
1635778365532,2021-11-01T10:52:45.532,74.210,-0.399,-0.950,0.160
1635778365542,2021-11-01T10:52:45.542,74.220,-0.397,-0.943,0.162
1635778365552,2021-11-01T10:52:45.552,74.230,-0.393,-0.935,0.168
1635778365562,2021-11-01T10:52:45.562,74.240,-0.390,-0.939,0.172
1635778365572,2021-11-01T10:52:45.572,74.250,-0.392,-0.960,0.174
1635778365582,2021-11-01T10:52:45.582,74.260,-0.392,-0.976,0.175
1635778365592,2021-11-01T10:52:45.592,74.270,-0.392,-0.976,0.180
1635778365602,2021-11-01T10:52:45.602,74.280,-0.392,-0.979,0.175
1635778365612,2021-11-01T10:52:45.612,74.290,-0.399,-0.989,0.170
1635778365622,2021-11-01T10:52:45.622,74.300,-0.403,-0.994,0.167
1635778365632,2021-11-01T10:52:45.632,74.310,-0.406,-0.984,0.165
1635778365642,2021-11-01T10:52:45.642,74.320,-0.406,-0.958,0.160
1635778365652,2021-11-01T10:52:45.652,74.330,-0.406,-0.958,0.149
1635778365662,2021-11-01T10:52:45.662,74.340,-0.408,-0.980,0.145
1635778365672,2021-11-01T10:52:45.672,74.350,-0.409,-0.991,0.143
1635778365682,2021-11-01T10:52:45.682,74.360,-0.408,-0.991,0.142
1635778365692,2021-11-01T10:52:45.692,74.370,-0.406,-0.977,0.148
1635778365702,2021-11-01T10:52:45.702,74.380,-0.409,-0.959,0.140
1635778365712,2021-11-01T10:52:45.712,74.390,-0.411,-0.954,0.134
1635778365722,2021-11-01T10:52:45.722,74.400,-0.416,-0.960,0.129
1635778365732,2021-11-01T10:52:45.732,74.410,-0.415,-0.960,0.126
1635778365742,2021-11-01T10:52:45.742,74.420,-0.413,-0.953,0.126
1635778365752,2021-11-01T10:52:45.752,74.430,-0.413,-0.945,0.121
1635778365762,2021-11-01T10:52:45.762,74.440,-0.411,-0.943,0.127
1635778365772,2021-11-01T10:52:45.772,74.450,-0.409,-0.950,0.132
1635778365782,2021-11-01T10:52:45.782,74.460,-0.408,-0.963,0.140
1635778365792,2021-11-01T10:52:45.792,74.470,-0.407,-0.970,0.141
1635778365802,2021-11-01T10:52:45.802,74.480,-0.400,-0.974,0.144
1635778365812,2021-11-01T10:52:45.812,74.490,-0.396,-0.975,0.148
1635778365822,2021-11-01T10:52:45.822,74.500,-0.394,-0.963,0.159
1635778365832,2021-11-01T10:52:45.832,74.510,-0.388,-0.948,0.157
1635778365842,2021-11-01T10:52:45.842,74.520,-0.385,-0.952,0.158
1635778365852,2021-11-01T10:52:45.852,74.530,-0.385,-0.960,0.163
1635778365862,2021-11-01T10:52:45.862,74.540,-0.382,-0.954,0.167
1635778365872,2021-11-01T10:52:45.872,74.550,-0.376,-0.943,0.169
1635778365882,2021-11-01T10:52:45.882,74.560,-0.374,-0.959,0.171
1635778365892,2021-11-01T10:52:45.892,74.570,-0.371,-0.984,0.173
1635778365902,2021-11-01T10:52:45.902,74.580,-0.376,-0.994,0.173
1635778365912,2021-11-01T10:52:45.912,74.590,-0.384,-0.978,0.168
1635778365922,2021-11-01T10:52:45.922,74.600,-0.388,-0.960,0.167
1635778365932,2021-11-01T10:52:45.932,74.610,-0.397,-0.956,0.164
1635778365942,2021-11-01T10:52:45.942,74.620,-0.397,-0.958,0.161
1635778365952,2021-11-01T10:52:45.952,74.630,-0.395,-0.958,0.162
1635778365962,2021-11-01T10:52:45.962,74.640,-0.392,-0.969,0.159
1635778365972,2021-11-01T10:52:45.972,74.650,-0.394,-0.975,0.160
1635778365982,2021-11-01T10:52:45.982,74.660,-0.390,-0.972,0.163
1635778365992,2021-11-01T10:52:45.992,74.670,-0.390,-0.970,0.163
1635778366002,2021-11-01T10:52:46.002,74.680,-0.394,-0.975,0.163
1635778366012,2021-11-01T10:52:46.012,74.690,-0.397,-0.973,0.162
1635778366022,2021-11-01T10:52:46.022,74.700,-0.398,-0.965,0.158
1635778366032,2021-11-01T10:52:46.032,74.710,-0.400,-0.966,0.159
1635778366042,2021-11-01T10:52:46.042,74.720,-0.398,-0.966,0.158
1635778366052,2021-11-01T10:52:46.052,74.730,-0.392,-0.967,0.155
1635778366062,2021-11-01T10:52:46.062,74.740,-0.389,-0.964,0.153
1635778366072,2021-11-01T10:52:46.072,74.750,-0.392,-0.964,0.154
1635778366082,2021-11-01T10:52:46.082,74.760,-0.393,-0.970,0.155
1635778366092,2021-11-01T10:52:46.092,74.770,-0.396,-0.954,0.163
1635778366102,2021-11-01T10:52:46.102,74.780,-0.396,-0.941,0.155
1635778366112,2021-11-01T10:52:46.112,74.790,-0.398,-0.946,0.156
1635778366122,2021-11-01T10:52:46.122,74.800,-0.398,-0.967,0.155
1635778366132,2021-11-01T10:52:46.132,74.810,-0.401,-0.980,0.153
1635778366142,2021-11-01T10:52:46.142,74.820,-0.402,-0.982,0.162
1635778366152,2021-11-01T10:52:46.152,74.830,-0.398,-0.979,0.163
1635778366162,2021-11-01T10:52:46.162,74.840,-0.396,-0.979,0.167
1635778366172,2021-11-01T10:52:46.172,74.850,-0.393,-0.984,0.168
1635778366182,2021-11-01T10:52:46.182,74.860,-0.393,-0.987,0.166
1635778366192,2021-11-01T10:52:46.192,74.870,-0.390,-0.988,0.162
1635778366202,2021-11-01T10:52:46.202,74.880,-0.387,-0.993,0.158
1635778366212,2021-11-01T10:52:46.212,74.890,-0.386,-0.986,0.156
1635778366222,2021-11-01T10:52:46.222,74.900,-0.387,-0.973,0.156
1635778366232,2021-11-01T10:52:46.232,74.910,-0.388,-0.956,0.154
1635778366242,2021-11-01T10:52:46.242,74.920,-0.392,-0.943,0.151
1635778366252,2021-11-01T10:52:46.252,74.930,-0.392,-0.939,0.151
1635778366262,2021-11-01T10:52:46.262,74.940,-0.393,-0.946,0.156
1635778366272,2021-11-01T10:52:46.272,74.950,-0.389,-0.958,0.156
1635778366282,2021-11-01T10:52:46.282,74.960,-0.389,-0.973,0.156
1635778366292,2021-11-01T10:52:46.292,74.970,-0.385,-0.980,0.160
1635778366302,2021-11-01T10:52:46.302,74.980,-0.380,-0.981,0.163
1635778366312,2021-11-01T10:52:46.312,74.990,-0.383,-0.978,0.166
1635778366322,2021-11-01T10:52:46.322,75.000,-0.383,-0.972,0.169
1635778366332,2021-11-01T10:52:46.332,75.010,-0.384,-0.963,0.167
1635778366342,2021-11-01T10:52:46.342,75.020,-0.384,-0.961,0.164
1635778366352,2021-11-01T10:52:46.352,75.030,-0.385,-0.967,0.162
1635778366362,2021-11-01T10:52:46.362,75.040,-0.390,-0.971,0.158
1635778366372,2021-11-01T10:52:46.372,75.050,-0.391,-0.971,0.156
1635778366382,2021-11-01T10:52:46.382,75.060,-0.387,-0.971,0.151
1635778366392,2021-11-01T10:52:46.392,75.070,-0.388,-0.968,0.151
1635778366402,2021-11-01T10:52:46.402,75.080,-0.386,-0.967,0.151
1635778366412,2021-11-01T10:52:46.412,75.090,-0.397,-0.974,0.144
1635778366422,2021-11-01T10:52:46.422,75.100,-0.406,-0.983,0.146
1635778366432,2021-11-01T10:52:46.432,75.110,-0.390,-0.988,0.144
1635778366442,2021-11-01T10:52:46.442,75.120,-0.385,-0.977,0.148
1635778366452,2021-11-01T10:52:46.452,75.130,-0.380,-0.956,0.152
1635778366462,2021-11-01T10:52:46.462,75.140,-0.394,-0.953,0.139
1635778366472,2021-11-01T10:52:46.472,75.150,-0.404,-0.961,0.142
1635778366482,2021-11-01T10:52:46.482,75.160,-0.396,-0.978,0.146
1635778366492,2021-11-01T10:52:46.492,75.170,-0.397,-0.978,0.150
1635778366502,2021-11-01T10:52:46.502,75.180,-0.388,-0.967,0.150
1635778366512,2021-11-01T10:52:46.512,75.190,-0.390,-0.966,0.143
1635778366522,2021-11-01T10:52:46.522,75.200,-0.402,-0.964,0.149
1635778366532,2021-11-01T10:52:46.532,75.210,-0.387,-0.963,0.151
1635778366542,2021-11-01T10:52:46.542,75.220,-0.381,-0.962,0.150
1635778366552,2021-11-01T10:52:46.552,75.230,-0.385,-0.963,0.154
1635778366562,2021-11-01T10:52:46.562,75.240,-0.383,-0.980,0.150
1635778366572,2021-11-01T10:52:46.572,75.250,-0.374,-0.986,0.155
1635778366582,2021-11-01T10:52:46.582,75.260,-0.380,-0.978,0.153
1635778366592,2021-11-01T10:52:46.592,75.270,-0.390,-0.968,0.147
1635778366602,2021-11-01T10:52:46.602,75.280,-0.383,-0.975,0.151
1635778366612,2021-11-01T10:52:46.612,75.290,-0.381,-0.984,0.149
1635778366622,2021-11-01T10:52:46.622,75.300,-0.378,-0.986,0.149
1635778366632,2021-11-01T10:52:46.632,75.310,-0.378,-0.979,0.152
1635778366642,2021-11-01T10:52:46.642,75.320,-0.372,-0.973,0.150
1635778366652,2021-11-01T10:52:46.652,75.330,-0.367,-0.974,0.153
1635778366662,2021-11-01T10:52:46.662,75.340,-0.367,-0.989,0.161
1635778366672,2021-11-01T10:52:46.672,75.350,-0.365,-1.011,0.176
1635778366682,2021-11-01T10:52:46.682,75.360,-0.364,-1.038,0.189
1635778366692,2021-11-01T10:52:46.692,75.370,-0.373,-1.069,0.198
1635778366702,2021-11-01T10:52:46.702,75.380,-0.374,-1.061,0.196
1635778366712,2021-11-01T10:52:46.712,75.390,-0.390,-1.009,0.183
1635778366722,2021-11-01T10:52:46.722,75.400,-0.414,-0.953,0.158
1635778366732,2021-11-01T10:52:46.732,75.410,-0.432,-0.915,0.124
1635778366742,2021-11-01T10:52:46.742,75.420,-0.438,-0.924,0.100
1635778366752,2021-11-01T10:52:46.752,75.430,-0.437,-0.952,0.091
1635778366762,2021-11-01T10:52:46.762,75.440,-0.423,-0.975,0.081
1635778366772,2021-11-01T10:52:46.772,75.450,-0.400,-0.982,0.081
1635778366782,2021-11-01T10:52:46.782,75.460,-0.378,-0.977,0.086
1635778366792,2021-11-01T10:52:46.792,75.470,-0.365,-0.970,0.088
1635778366802,2021-11-01T10:52:46.802,75.480,-0.357,-0.966,0.094
1635778366812,2021-11-01T10:52:46.812,75.490,-0.347,-0.954,0.094
1635778366822,2021-11-01T10:52:46.822,75.500,-0.340,-0.941,0.099
1635778366832,2021-11-01T10:52:46.832,75.510,-0.338,-0.940,0.102
1635778366842,2021-11-01T10:52:46.842,75.520,-0.333,-0.944,0.101
1635778366852,2021-11-01T10:52:46.852,75.530,-0.334,-0.952,0.102
1635778366862,2021-11-01T10:52:46.862,75.540,-0.337,-0.965,0.099
1635778366872,2021-11-01T10:52:46.872,75.550,-0.337,-0.972,0.107
1635778366882,2021-11-01T10:52:46.882,75.560,-0.333,-0.983,0.113
1635778366892,2021-11-01T10:52:46.892,75.570,-0.334,-0.999,0.113
1635778366902,2021-11-01T10:52:46.902,75.580,-0.331,-1.003,0.114
1635778366912,2021-11-01T10:52:46.912,75.590,-0.331,-0.992,0.113
1635778366922,2021-11-01T10:52:46.922,75.600,-0.340,-0.977,0.112
1635778366932,2021-11-01T10:52:46.932,75.610,-0.347,-0.969,0.109
1635778366942,2021-11-01T10:52:46.942,75.620,-0.353,-0.974,0.104
1635778366952,2021-11-01T10:52:46.952,75.630,-0.353,-0.990,0.103
1635778366962,2021-11-01T10:52:46.962,75.640,-0.356,-1.005,0.097
1635778366972,2021-11-01T10:52:46.972,75.650,-0.356,-1.002,0.098
1635778366982,2021-11-01T10:52:46.982,75.660,-0.351,-0.984,0.101
1635778366992,2021-11-01T10:52:46.992,75.670,-0.349,-0.968,0.101
1635778367002,2021-11-01T10:52:47.002,75.680,-0.355,-0.968,0.096
1635778367012,2021-11-01T10:52:47.012,75.690,-0.355,-0.969,0.098
1635778367022,2021-11-01T10:52:47.022,75.700,-0.355,-0.968,0.094
1635778367032,2021-11-01T10:52:47.032,75.710,-0.357,-0.978,0.095
1635778367042,2021-11-01T10:52:47.042,75.720,-0.363,-0.992,0.097
1635778367052,2021-11-01T10:52:47.052,75.730,-0.364,-0.998,0.103
1635778367062,2021-11-01T10:52:47.062,75.740,-0.365,-0.992,0.104
1635778367072,2021-11-01T10:52:47.072,75.750,-0.360,-0.994,0.106
1635778367082,2021-11-01T10:52:47.082,75.760,-0.359,-0.999,0.109
1635778367092,2021-11-01T10:52:47.092,75.770,-0.359,-0.998,0.111
1635778367102,2021-11-01T10:52:47.102,75.780,-0.361,-0.990,0.114
1635778367112,2021-11-01T10:52:47.112,75.790,-0.360,-0.979,0.115
1635778367122,2021-11-01T10:52:47.122,75.800,-0.354,-0.974,0.115
1635778367132,2021-11-01T10:52:47.132,75.810,-0.358,-0.984,0.112
1635778367142,2021-11-01T10:52:47.142,75.820,-0.358,-0.990,0.108
1635778367152,2021-11-01T10:52:47.152,75.830,-0.366,-0.995,0.107
1635778367162,2021-11-01T10:52:47.162,75.840,-0.361,-0.990,0.108
1635778367172,2021-11-01T10:52:47.172,75.850,-0.356,-0.990,0.108
1635778367182,2021-11-01T10:52:47.182,75.860,-0.362,-0.999,0.108
1635778367192,2021-11-01T10:52:47.192,75.870,-0.357,-1.001,0.111
1635778367202,2021-11-01T10:52:47.202,75.880,-0.354,-0.992,0.111
1635778367212,2021-11-01T10:52:47.212,75.890,-0.356,-0.982,0.111
1635778367222,2021-11-01T10:52:47.222,75.900,-0.362,-0.973,0.107
1635778367232,2021-11-01T10:52:47.232,75.910,-0.367,-0.975,0.103
1635778367242,2021-11-01T10:52:47.242,75.920,-0.367,-0.987,0.105
1635778367252,2021-11-01T10:52:47.252,75.930,-0.365,-0.995,0.104
1635778367262,2021-11-01T10:52:47.262,75.940,-0.364,-0.991,0.105
1635778367272,2021-11-01T10:52:47.272,75.950,-0.351,-0.993,0.107
1635778367282,2021-11-01T10:52:47.282,75.960,-0.346,-1.000,0.108
1635778367292,2021-11-01T10:52:47.292,75.970,-0.339,-0.998,0.107
1635778367302,2021-11-01T10:52:47.302,75.980,-0.339,-0.989,0.104
1635778367312,2021-11-01T10:52:47.312,75.990,-0.341,-0.983,0.105
1635778367322,2021-11-01T10:52:47.322,76.000,-0.342,-0.980,0.102
1635778367332,2021-11-01T10:52:47.332,76.010,-0.346,-0.977,0.096
1635778367342,2021-11-01T10:52:47.342,76.020,-0.350,-0.981,0.098
1635778367352,2021-11-01T10:52:47.352,76.030,-0.352,-0.985,0.100
1635778367362,2021-11-01T10:52:47.362,76.040,-0.345,-0.988,0.094
1635778367372,2021-11-01T10:52:47.372,76.050,-0.351,-0.986,0.098
1635778367382,2021-11-01T10:52:47.382,76.060,-0.351,-0.978,0.098
1635778367392,2021-11-01T10:52:47.392,76.070,-0.346,-0.974,0.094
1635778367402,2021-11-01T10:52:47.402,76.080,-0.347,-0.982,0.095
1635778367412,2021-11-01T10:52:47.412,76.090,-0.355,-0.986,0.091
1635778367422,2021-11-01T10:52:47.422,76.100,-0.359,-0.987,0.091
1635778367432,2021-11-01T10:52:47.432,76.110,-0.358,-0.987,0.092
1635778367442,2021-11-01T10:52:47.442,76.120,-0.359,-0.982,0.094
1635778367452,2021-11-01T10:52:47.452,76.130,-0.355,-0.972,0.098
1635778367462,2021-11-01T10:52:47.462,76.140,-0.356,-0.976,0.098
1635778367472,2021-11-01T10:52:47.472,76.150,-0.354,-0.991,0.099
1635778367482,2021-11-01T10:52:47.482,76.160,-0.354,-0.996,0.099
1635778367492,2021-11-01T10:52:47.492,76.170,-0.355,-0.991,0.099
1635778367502,2021-11-01T10:52:47.502,76.180,-0.358,-0.994,0.092
1635778367512,2021-11-01T10:52:47.512,76.190,-0.358,-1.005,0.097
1635778367522,2021-11-01T10:52:47.522,76.200,-0.364,-1.009,0.099
1635778367532,2021-11-01T10:52:47.532,76.210,-0.367,-0.996,0.096
1635778367542,2021-11-01T10:52:47.542,76.220,-0.359,-0.985,0.096
1635778367552,2021-11-01T10:52:47.552,76.230,-0.353,-0.986,0.093
1635778367562,2021-11-01T10:52:47.562,76.240,-0.350,-0.989,0.090
1635778367572,2021-11-01T10:52:47.572,76.250,-0.347,-0.989,0.099
1635778367582,2021-11-01T10:52:47.582,76.260,-0.339,-0.988,0.097
1635778367592,2021-11-01T10:52:47.592,76.270,-0.337,-0.992,0.085
1635778367602,2021-11-01T10:52:47.602,76.280,-0.344,-0.996,0.086
1635778367612,2021-11-01T10:52:47.612,76.290,-0.348,-0.989,0.084
1635778367622,2021-11-01T10:52:47.622,76.300,-0.349,-0.983,0.083
1635778367632,2021-11-01T10:52:47.632,76.310,-0.348,-0.979,0.079
1635778367642,2021-11-01T10:52:47.642,76.320,-0.346,-0.985,0.079
1635778367652,2021-11-01T10:52:47.652,76.330,-0.348,-0.981,0.087
1635778367662,2021-11-01T10:52:47.662,76.340,-0.346,-0.974,0.091
1635778367672,2021-11-01T10:52:47.672,76.350,-0.343,-0.970,0.095
1635778367682,2021-11-01T10:52:47.682,76.360,-0.339,-0.972,0.094
1635778367692,2021-11-01T10:52:47.692,76.370,-0.337,-0.979,0.097
1635778367702,2021-11-01T10:52:47.702,76.380,-0.339,-0.994,0.094
1635778367712,2021-11-01T10:52:47.712,76.390,-0.345,-1.000,0.093
1635778367722,2021-11-01T10:52:47.722,76.400,-0.346,-1.003,0.094
1635778367732,2021-11-01T10:52:47.732,76.410,-0.345,-1.005,0.094
1635778367742,2021-11-01T10:52:47.742,76.420,-0.349,-0.997,0.094
1635778367752,2021-11-01T10:52:47.752,76.430,-0.352,-0.992,0.095
1635778367762,2021-11-01T10:52:47.762,76.440,-0.349,-0.985,0.096
1635778367772,2021-11-01T10:52:47.772,76.450,-0.347,-0.984,0.094
1635778367782,2021-11-01T10:52:47.782,76.460,-0.344,-0.988,0.094
1635778367792,2021-11-01T10:52:47.792,76.470,-0.345,-0.989,0.091
1635778367802,2021-11-01T10:52:47.802,76.480,-0.343,-0.990,0.090
1635778367812,2021-11-01T10:52:47.812,76.490,-0.340,-0.989,0.088
1635778367822,2021-11-01T10:52:47.822,76.500,-0.345,-0.989,0.084
1635778367832,2021-11-01T10:52:47.832,76.510,-0.350,-0.985,0.085
1635778367842,2021-11-01T10:52:47.842,76.520,-0.355,-0.988,0.082
1635778367852,2021-11-01T10:52:47.852,76.530,-0.357,-0.989,0.086
1635778367862,2021-11-01T10:52:47.862,76.540,-0.355,-0.984,0.085
1635778367872,2021-11-01T10:52:47.872,76.550,-0.356,-0.983,0.087
1635778367882,2021-11-01T10:52:47.882,76.560,-0.354,-0.984,0.084
1635778367892,2021-11-01T10:52:47.892,76.570,-0.354,-0.982,0.086
1635778367902,2021-11-01T10:52:47.902,76.580,-0.351,-0.981,0.089
1635778367912,2021-11-01T10:52:47.912,76.590,-0.353,-0.982,0.084
1635778367922,2021-11-01T10:52:47.922,76.600,-0.354,-0.986,0.089
1635778367932,2021-11-01T10:52:47.932,76.610,-0.354,-0.991,0.086
1635778367942,2021-11-01T10:52:47.942,76.620,-0.360,-0.996,0.084
1635778367952,2021-11-01T10:52:47.952,76.630,-0.360,-0.999,0.085
1635778367962,2021-11-01T10:52:47.962,76.640,-0.355,-0.992,0.090
1635778367972,2021-11-01T10:52:47.972,76.650,-0.357,-0.986,0.088
1635778367982,2021-11-01T10:52:47.982,76.660,-0.357,-0.981,0.091
1635778367992,2021-11-01T10:52:47.992,76.670,-0.354,-0.981,0.089
1635778368002,2021-11-01T10:52:48.002,76.680,-0.352,-0.988,0.086
1635778368012,2021-11-01T10:52:48.012,76.690,-0.356,-0.986,0.088
1635778368022,2021-11-01T10:52:48.022,76.700,-0.354,-0.985,0.086
1635778368032,2021-11-01T10:52:48.032,76.710,-0.353,-0.993,0.084
1635778368042,2021-11-01T10:52:48.042,76.720,-0.354,-1.005,0.083
1635778368052,2021-11-01T10:52:48.052,76.730,-0.355,-1.006,0.083
1635778368062,2021-11-01T10:52:48.062,76.740,-0.358,-0.995,0.083
1635778368072,2021-11-01T10:52:48.072,76.750,-0.354,-0.988,0.085
1635778368082,2021-11-01T10:52:48.082,76.760,-0.353,-0.980,0.088
1635778368092,2021-11-01T10:52:48.092,76.770,-0.352,-0.979,0.085
1635778368102,2021-11-01T10:52:48.102,76.780,-0.357,-0.982,0.089
1635778368112,2021-11-01T10:52:48.112,76.790,-0.355,-0.991,0.089
1635778368122,2021-11-01T10:52:48.122,76.800,-0.356,-1.000,0.087
1635778368132,2021-11-01T10:52:48.132,76.810,-0.360,-0.999,0.087
1635778368142,2021-11-01T10:52:48.142,76.820,-0.357,-0.995,0.087
1635778368152,2021-11-01T10:52:48.152,76.830,-0.354,-0.989,0.089
1635778368162,2021-11-01T10:52:48.162,76.840,-0.357,-0.983,0.090
1635778368172,2021-11-01T10:52:48.172,76.850,-0.354,-0.983,0.084
1635778368182,2021-11-01T10:52:48.182,76.860,-0.354,-0.974,0.091
1635778368192,2021-11-01T10:52:48.192,76.870,-0.347,-0.969,0.091
1635778368202,2021-11-01T10:52:48.202,76.880,-0.342,-0.984,0.087
1635778368212,2021-11-01T10:52:48.212,76.890,-0.348,-0.994,0.091
1635778368222,2021-11-01T10:52:48.222,76.900,-0.341,-0.989,0.090
1635778368232,2021-11-01T10:52:48.232,76.910,-0.341,-0.982,0.085
1635778368242,2021-11-01T10:52:48.242,76.920,-0.346,-0.982,0.083
1635778368252,2021-11-01T10:52:48.252,76.930,-0.346,-0.983,0.084
1635778368262,2021-11-01T10:52:48.262,76.940,-0.344,-0.979,0.086
1635778368272,2021-11-01T10:52:48.272,76.950,-0.344,-0.975,0.085
1635778368282,2021-11-01T10:52:48.282,76.960,-0.344,-0.976,0.088
1635778368292,2021-11-01T10:52:48.292,76.970,-0.342,-0.990,0.093
1635778368302,2021-11-01T10:52:48.302,76.980,-0.344,-1.006,0.090
1635778368312,2021-11-01T10:52:48.312,76.990,-0.347,-1.004,0.090
1635778368322,2021-11-01T10:52:48.322,77.000,-0.350,-0.997,0.094
1635778368332,2021-11-01T10:52:48.332,77.010,-0.348,-0.985,0.093
1635778368342,2021-11-01T10:52:48.342,77.020,-0.349,-0.978,0.088
1635778368352,2021-11-01T10:52:48.352,77.030,-0.351,-0.970,0.089
1635778368362,2021-11-01T10:52:48.362,77.040,-0.355,-0.962,0.088
1635778368372,2021-11-01T10:52:48.372,77.050,-0.354,-0.963,0.085
1635778368382,2021-11-01T10:52:48.382,77.060,-0.360,-0.978,0.090
1635778368392,2021-11-01T10:52:48.392,77.070,-0.364,-0.991,0.096
1635778368402,2021-11-01T10:52:48.402,77.080,-0.367,-0.994,0.099
1635778368412,2021-11-01T10:52:48.412,77.090,-0.372,-1.002,0.107
1635778368422,2021-11-01T10:52:48.422,77.100,-0.375,-1.021,0.114
1635778368432,2021-11-01T10:52:48.432,77.110,-0.382,-1.042,0.118
1635778368442,2021-11-01T10:52:48.442,77.120,-0.396,-1.071,0.116
1635778368452,2021-11-01T10:52:48.452,77.130,-0.413,-1.099,0.114
1635778368462,2021-11-01T10:52:48.462,77.140,-0.432,-1.096,0.112
1635778368472,2021-11-01T10:52:48.472,77.150,-0.446,-1.059,0.120
1635778368482,2021-11-01T10:52:48.482,77.160,-0.441,-1.013,0.116
1635778368492,2021-11-01T10:52:48.492,77.170,-0.423,-0.998,0.108
1635778368502,2021-11-01T10:52:48.502,77.180,-0.399,-1.012,0.102
1635778368512,2021-11-01T10:52:48.512,77.190,-0.372,-1.010,0.097
1635778368522,2021-11-01T10:52:48.522,77.200,-0.344,-0.977,0.092
1635778368532,2021-11-01T10:52:48.532,77.210,-0.324,-0.943,0.089
1635778368542,2021-11-01T10:52:48.542,77.220,-0.306,-0.938,0.086
1635778368552,2021-11-01T10:52:48.552,77.230,-0.285,-0.956,0.081
1635778368562,2021-11-01T10:52:48.562,77.240,-0.273,-0.958,0.082
1635778368572,2021-11-01T10:52:48.572,77.250,-0.262,-0.946,0.079
1635778368582,2021-11-01T10:52:48.582,77.260,-0.244,-0.938,0.079
1635778368592,2021-11-01T10:52:48.592,77.270,-0.229,-0.938,0.082
1635778368602,2021-11-01T10:52:48.602,77.280,-0.224,-0.947,0.083
1635778368612,2021-11-01T10:52:48.612,77.290,-0.224,-0.959,0.083
1635778368622,2021-11-01T10:52:48.622,77.300,-0.229,-0.969,0.083
1635778368632,2021-11-01T10:52:48.632,77.310,-0.238,-0.963,0.078
1635778368642,2021-11-01T10:52:48.642,77.320,-0.241,-0.953,0.070
1635778368652,2021-11-01T10:52:48.652,77.330,-0.245,-0.954,0.064
1635778368662,2021-11-01T10:52:48.662,77.340,-0.250,-0.961,0.061
1635778368672,2021-11-01T10:52:48.672,77.350,-0.252,-0.958,0.056
1635778368682,2021-11-01T10:52:48.682,77.360,-0.246,-0.957,0.051
1635778368692,2021-11-01T10:52:48.692,77.370,-0.236,-0.992,0.041
1635778368702,2021-11-01T10:52:48.702,77.380,-0.241,-1.044,0.041
1635778368712,2021-11-01T10:52:48.712,77.390,-0.249,-1.079,0.042
1635778368722,2021-11-01T10:52:48.722,77.400,-0.251,-1.083,0.044
1635778368732,2021-11-01T10:52:48.732,77.410,-0.268,-1.075,0.047
1635778368742,2021-11-01T10:52:48.742,77.420,-0.304,-1.058,0.052
1635778368752,2021-11-01T10:52:48.752,77.430,-0.334,-1.014,0.059
1635778368762,2021-11-01T10:52:48.762,77.440,-0.319,-0.986,0.057
1635778368772,2021-11-01T10:52:48.772,77.450,-0.289,-0.982,0.045
1635778368782,2021-11-01T10:52:48.782,77.460,-0.267,-0.976,0.046
1635778368792,2021-11-01T10:52:48.792,77.470,-0.247,-0.946,0.041
1635778368802,2021-11-01T10:52:48.802,77.480,-0.222,-0.917,0.028
1635778368812,2021-11-01T10:52:48.812,77.490,-0.189,-0.908,0.015
1635778368822,2021-11-01T10:52:48.822,77.500,-0.157,-0.901,0.020
1635778368832,2021-11-01T10:52:48.832,77.510,-0.133,-0.881,0.019
1635778368842,2021-11-01T10:52:48.842,77.520,-0.111,-0.827,0.022
1635778368852,2021-11-01T10:52:48.852,77.530,-0.091,-0.769,0.033
1635778368862,2021-11-01T10:52:48.862,77.540,-0.077,-0.742,0.032
1635778368872,2021-11-01T10:52:48.872,77.550,-0.074,-0.737,0.035
1635778368882,2021-11-01T10:52:48.882,77.560,-0.083,-0.740,0.035
1635778368892,2021-11-01T10:52:48.892,77.570,-0.089,-0.729,0.024
1635778368902,2021-11-01T10:52:48.902,77.580,-0.092,-0.707,0.021
1635778368912,2021-11-01T10:52:48.912,77.590,-0.092,-0.662,0.034
1635778368922,2021-11-01T10:52:48.922,77.600,-0.092,-0.615,0.042
1635778368932,2021-11-01T10:52:48.932,77.610,-0.089,-0.592,0.042
1635778368942,2021-11-01T10:52:48.942,77.620,-0.104,-0.560,0.066
1635778368952,2021-11-01T10:52:48.952,77.630,-0.137,-0.534,0.087
1635778368962,2021-11-01T10:52:48.962,77.640,-0.172,-0.534,0.085
1635778368972,2021-11-01T10:52:48.972,77.650,-0.201,-0.552,0.097
1635778368982,2021-11-01T10:52:48.982,77.660,-0.228,-0.583,0.107
1635778368992,2021-11-01T10:52:48.992,77.670,-0.253,-0.606,0.123
1635778369002,2021-11-01T10:52:49.002,77.680,-0.278,-0.646,0.128
1635778369012,2021-11-01T10:52:49.012,77.690,-0.308,-0.703,0.147
1635778369022,2021-11-01T10:52:49.022,77.700,-0.341,-0.745,0.177
1635778369032,2021-11-01T10:52:49.032,77.710,-0.372,-0.754,0.186
1635778369042,2021-11-01T10:52:49.042,77.720,-0.402,-0.727,0.194
1635778369052,2021-11-01T10:52:49.052,77.730,-0.435,-0.687,0.197
1635778369062,2021-11-01T10:52:49.062,77.740,-0.468,-0.676,0.189
1635778369072,2021-11-01T10:52:49.072,77.750,-0.480,-0.732,0.175
1635778369082,2021-11-01T10:52:49.082,77.760,-0.491,-0.847,0.159
1635778369092,2021-11-01T10:52:49.092,77.770,-0.533,-0.901,0.163
1635778369102,2021-11-01T10:52:49.102,77.780,-0.563,-0.834,0.173
1635778369112,2021-11-01T10:52:49.112,77.790,-0.575,-0.713,0.163
1635778369122,2021-11-01T10:52:49.122,77.800,-0.611,-0.636,0.153
1635778369132,2021-11-01T10:52:49.132,77.810,-0.673,-0.618,0.158
1635778369142,2021-11-01T10:52:49.142,77.820,-0.716,-0.648,0.156
1635778369152,2021-11-01T10:52:49.152,77.830,-0.722,-0.712,0.143
1635778369162,2021-11-01T10:52:49.162,77.840,-0.688,-0.819,0.122
1635778369172,2021-11-01T10:52:49.172,77.850,-0.666,-0.880,0.128
1635778369182,2021-11-01T10:52:49.182,77.860,-0.674,-0.801,0.152
1635778369192,2021-11-01T10:52:49.192,77.870,-0.671,-0.672,0.150
1635778369202,2021-11-01T10:52:49.202,77.880,-0.691,-0.571,0.149
1635778369212,2021-11-01T10:52:49.212,77.890,-0.714,-0.545,0.160
1635778369222,2021-11-01T10:52:49.222,77.900,-0.715,-0.629,0.143
1635778369232,2021-11-01T10:52:49.232,77.910,-0.719,-0.756,0.143
1635778369242,2021-11-01T10:52:49.242,77.920,-0.724,-0.820,0.165
1635778369252,2021-11-01T10:52:49.252,77.930,-0.706,-0.783,0.182
1635778369262,2021-11-01T10:52:49.262,77.940,-0.667,-0.718,0.183
1635778369272,2021-11-01T10:52:49.272,77.950,-0.673,-0.682,0.198
1635778369282,2021-11-01T10:52:49.282,77.960,-0.724,-0.648,0.233
1635778369292,2021-11-01T10:52:49.292,77.970,-0.746,-0.596,0.242
1635778369302,2021-11-01T10:52:49.302,77.980,-0.752,-0.578,0.236
1635778369312,2021-11-01T10:52:49.312,77.990,-0.789,-0.644,0.227
1635778369322,2021-11-01T10:52:49.322,78.000,-0.852,-0.748,0.213
1635778369332,2021-11-01T10:52:49.332,78.010,-0.892,-0.820,0.190
1635778369342,2021-11-01T10:52:49.342,78.020,-0.910,-0.796,0.183
1635778369352,2021-11-01T10:52:49.352,78.030,-0.896,-0.695,0.183
1635778369362,2021-11-01T10:52:49.362,78.040,-0.890,-0.612,0.191
1635778369372,2021-11-01T10:52:49.372,78.050,-0.896,-0.606,0.208
1635778369382,2021-11-01T10:52:49.382,78.060,-0.926,-0.657,0.230
1635778369392,2021-11-01T10:52:49.392,78.070,-0.974,-0.698,0.243
1635778369402,2021-11-01T10:52:49.402,78.080,-1.000,-0.693,0.238
1635778369412,2021-11-01T10:52:49.412,78.090,-1.011,-0.677,0.221
1635778369422,2021-11-01T10:52:49.422,78.100,-1.023,-0.672,0.211
1635778369432,2021-11-01T10:52:49.432,78.110,-1.030,-0.687,0.207
1635778369442,2021-11-01T10:52:49.442,78.120,-1.033,-0.702,0.213
1635778369452,2021-11-01T10:52:49.452,78.130,-1.025,-0.714,0.220
1635778369462,2021-11-01T10:52:49.462,78.140,-1.036,-0.727,0.221
1635778369472,2021-11-01T10:52:49.472,78.150,-1.057,-0.720,0.217
1635778369482,2021-11-01T10:52:49.482,78.160,-1.062,-0.663,0.212
1635778369492,2021-11-01T10:52:49.492,78.170,-1.060,-0.605,0.189
1635778369502,2021-11-01T10:52:49.502,78.180,-1.057,-0.594,0.180
1635778369512,2021-11-01T10:52:49.512,78.190,-1.058,-0.626,0.182
1635778369522,2021-11-01T10:52:49.522,78.200,-1.061,-0.661,0.193
1635778369532,2021-11-01T10:52:49.532,78.210,-1.067,-0.690,0.211
1635778369542,2021-11-01T10:52:49.542,78.220,-1.062,-0.722,0.221
1635778369552,2021-11-01T10:52:49.552,78.230,-1.078,-0.723,0.226
1635778369562,2021-11-01T10:52:49.562,78.240,-1.096,-0.678,0.222
1635778369572,2021-11-01T10:52:49.572,78.250,-1.099,-0.615,0.203
1635778369582,2021-11-01T10:52:49.582,78.260,-1.094,-0.584,0.194
1635778369592,2021-11-01T10:52:49.592,78.270,-1.084,-0.625,0.191
1635778369602,2021-11-01T10:52:49.602,78.280,-1.085,-0.667,0.207
1635778369612,2021-11-01T10:52:49.612,78.290,-1.096,-0.670,0.216
1635778369622,2021-11-01T10:52:49.622,78.300,-1.113,-0.664,0.216
1635778369632,2021-11-01T10:52:49.632,78.310,-1.145,-0.676,0.217
1635778369642,2021-11-01T10:52:49.642,78.320,-1.175,-0.680,0.204
1635778369652,2021-11-01T10:52:49.652,78.330,-1.207,-0.663,0.192
1635778369662,2021-11-01T10:52:49.662,78.340,-1.212,-0.646,0.180
1635778369672,2021-11-01T10:52:49.672,78.350,-1.213,-0.653,0.176
1635778369682,2021-11-01T10:52:49.682,78.360,-1.218,-0.679,0.190
1635778369692,2021-11-01T10:52:49.692,78.370,-1.224,-0.704,0.207
1635778369702,2021-11-01T10:52:49.702,78.380,-1.234,-0.714,0.218
1635778369712,2021-11-01T10:52:49.712,78.390,-1.246,-0.690,0.212
1635778369722,2021-11-01T10:52:49.722,78.400,-1.259,-0.643,0.200
1635778369732,2021-11-01T10:52:49.732,78.410,-1.261,-0.619,0.187
1635778369742,2021-11-01T10:52:49.742,78.420,-1.259,-0.625,0.175
1635778369752,2021-11-01T10:52:49.752,78.430,-1.244,-0.631,0.168
1635778369762,2021-11-01T10:52:49.762,78.440,-1.202,-0.617,0.159
1635778369772,2021-11-01T10:52:49.772,78.450,-1.146,-0.605,0.150
1635778369782,2021-11-01T10:52:49.782,78.460,-1.111,-0.615,0.143
1635778369792,2021-11-01T10:52:49.792,78.470,-1.098,-0.660,0.130
1635778369802,2021-11-01T10:52:49.802,78.480,-1.095,-0.742,0.114
1635778369812,2021-11-01T10:52:49.812,78.490,-1.073,-0.873,0.093
1635778369822,2021-11-01T10:52:49.822,78.500,-1.040,-0.989,0.083
1635778369832,2021-11-01T10:52:49.832,78.510,-1.004,-1.032,0.087
1635778369842,2021-11-01T10:52:49.842,78.520,-0.939,-1.024,0.079
1635778369852,2021-11-01T10:52:49.852,78.530,-0.865,-1.028,0.083
1635778369862,2021-11-01T10:52:49.862,78.540,-0.813,-1.062,0.099
1635778369872,2021-11-01T10:52:49.872,78.550,-0.780,-1.084,0.105
1635778369882,2021-11-01T10:52:49.882,78.560,-0.772,-1.071,0.106
1635778369892,2021-11-01T10:52:49.892,78.570,-0.776,-1.057,0.104
1635778369902,2021-11-01T10:52:49.902,78.580,-0.772,-1.062,0.110
1635778369912,2021-11-01T10:52:49.912,78.590,-0.783,-1.053,0.125
1635778369922,2021-11-01T10:52:49.922,78.600,-0.791,-0.995,0.136
1635778369932,2021-11-01T10:52:49.932,78.610,-0.769,-0.911,0.147
1635778369942,2021-11-01T10:52:49.942,78.620,-0.739,-0.833,0.156
1635778369952,2021-11-01T10:52:49.952,78.630,-0.708,-0.780,0.166
1635778369962,2021-11-01T10:52:49.962,78.640,-0.667,-0.769,0.166
1635778369972,2021-11-01T10:52:49.972,78.650,-0.628,-0.771,0.165
1635778369982,2021-11-01T10:52:49.982,78.660,-0.594,-0.751,0.166
1635778369992,2021-11-01T10:52:49.992,78.670,-0.559,-0.703,0.154
1635778370002,2021-11-01T10:52:50.002,78.680,-0.523,-0.655,0.134
1635778370012,2021-11-01T10:52:50.012,78.690,-0.496,-0.628,0.115
1635778370022,2021-11-01T10:52:50.022,78.700,-0.469,-0.622,0.103
1635778370032,2021-11-01T10:52:50.032,78.710,-0.447,-0.637,0.089
1635778370042,2021-11-01T10:52:50.042,78.720,-0.427,-0.660,0.081
1635778370052,2021-11-01T10:52:50.052,78.730,-0.409,-0.680,0.075
1635778370062,2021-11-01T10:52:50.062,78.740,-0.392,-0.709,0.067
1635778370072,2021-11-01T10:52:50.072,78.750,-0.385,-0.747,0.068
1635778370082,2021-11-01T10:52:50.082,78.760,-0.391,-0.776,0.070
1635778370092,2021-11-01T10:52:50.092,78.770,-0.396,-0.799,0.063
1635778370102,2021-11-01T10:52:50.102,78.780,-0.400,-0.822,0.068
1635778370112,2021-11-01T10:52:50.112,78.790,-0.400,-0.851,0.078
1635778370122,2021-11-01T10:52:50.122,78.800,-0.395,-0.882,0.088
1635778370132,2021-11-01T10:52:50.132,78.810,-0.384,-0.896,0.104
1635778370142,2021-11-01T10:52:50.142,78.820,-0.373,-0.925,0.110
1635778370152,2021-11-01T10:52:50.152,78.830,-0.371,-0.966,0.125
1635778370162,2021-11-01T10:52:50.162,78.840,-0.376,-0.989,0.146
1635778370172,2021-11-01T10:52:50.172,78.850,-0.372,-0.994,0.150
1635778370182,2021-11-01T10:52:50.182,78.860,-0.368,-0.990,0.148
1635778370192,2021-11-01T10:52:50.192,78.870,-0.369,-0.980,0.149
1635778370202,2021-11-01T10:52:50.202,78.880,-0.376,-0.962,0.145
1635778370212,2021-11-01T10:52:50.212,78.890,-0.374,-0.956,0.137
1635778370222,2021-11-01T10:52:50.222,78.900,-0.374,-0.956,0.126
1635778370232,2021-11-01T10:52:50.232,78.910,-0.375,-0.943,0.117
1635778370242,2021-11-01T10:52:50.242,78.920,-0.378,-0.925,0.105
1635778370252,2021-11-01T10:52:50.252,78.930,-0.383,-0.910,0.095
1635778370262,2021-11-01T10:52:50.262,78.940,-0.391,-0.906,0.089
1635778370272,2021-11-01T10:52:50.272,78.950,-0.396,-0.913,0.082
1635778370282,2021-11-01T10:52:50.282,78.960,-0.397,-0.911,0.068
1635778370292,2021-11-01T10:52:50.292,78.970,-0.394,-0.899,0.061
1635778370302,2021-11-01T10:52:50.302,78.980,-0.397,-0.889,0.047
1635778370312,2021-11-01T10:52:50.312,78.990,-0.397,-0.879,0.038
1635778370322,2021-11-01T10:52:50.322,79.000,-0.386,-0.874,0.033
1635778370332,2021-11-01T10:52:50.332,79.010,-0.369,-0.859,0.034
1635778370342,2021-11-01T10:52:50.342,79.020,-0.361,-0.861,0.033
1635778370352,2021-11-01T10:52:50.352,79.030,-0.358,-0.902,0.039
1635778370362,2021-11-01T10:52:50.362,79.040,-0.361,-0.963,0.058
1635778370372,2021-11-01T10:52:50.372,79.050,-0.362,-0.998,0.078
1635778370382,2021-11-01T10:52:50.382,79.060,-0.357,-1.004,0.092
1635778370392,2021-11-01T10:52:50.392,79.070,-0.349,-1.012,0.104
1635778370402,2021-11-01T10:52:50.402,79.080,-0.346,-1.017,0.118
1635778370412,2021-11-01T10:52:50.412,79.090,-0.351,-1.012,0.123
1635778370422,2021-11-01T10:52:50.422,79.100,-0.354,-0.993,0.121
1635778370432,2021-11-01T10:52:50.432,79.110,-0.351,-0.978,0.120
1635778370442,2021-11-01T10:52:50.442,79.120,-0.352,-0.988,0.117
1635778370452,2021-11-01T10:52:50.452,79.130,-0.362,-0.995,0.119
1635778370462,2021-11-01T10:52:50.462,79.140,-0.363,-0.994,0.114
1635778370472,2021-11-01T10:52:50.472,79.150,-0.363,-0.988,0.107
1635778370482,2021-11-01T10:52:50.482,79.160,-0.370,-0.988,0.108
1635778370492,2021-11-01T10:52:50.492,79.170,-0.371,-0.990,0.099
1635778370502,2021-11-01T10:52:50.502,79.180,-0.368,-0.990,0.092
1635778370512,2021-11-01T10:52:50.512,79.190,-0.356,-0.984,0.087
1635778370522,2021-11-01T10:52:50.522,79.200,-0.349,-0.975,0.083
1635778370532,2021-11-01T10:52:50.532,79.210,-0.340,-0.973,0.076
1635778370542,2021-11-01T10:52:50.542,79.220,-0.335,-0.977,0.081
1635778370552,2021-11-01T10:52:50.552,79.230,-0.335,-0.979,0.089
1635778370562,2021-11-01T10:52:50.562,79.240,-0.336,-0.989,0.086
1635778370572,2021-11-01T10:52:50.572,79.250,-0.342,-1.011,0.092
1635778370582,2021-11-01T10:52:50.582,79.260,-0.351,-1.018,0.094
1635778370592,2021-11-01T10:52:50.592,79.270,-0.354,-1.006,0.098
1635778370602,2021-11-01T10:52:50.602,79.280,-0.354,-0.990,0.097
1635778370612,2021-11-01T10:52:50.612,79.290,-0.351,-0.984,0.095
1635778370622,2021-11-01T10:52:50.622,79.300,-0.349,-0.986,0.090
1635778370632,2021-11-01T10:52:50.632,79.310,-0.342,-0.994,0.099
1635778370642,2021-11-01T10:52:50.642,79.320,-0.333,-1.006,0.103
1635778370652,2021-11-01T10:52:50.652,79.330,-0.332,-1.011,0.103
1635778370662,2021-11-01T10:52:50.662,79.340,-0.331,-1.016,0.109
1635778370672,2021-11-01T10:52:50.672,79.350,-0.331,-1.019,0.113
1635778370682,2021-11-01T10:52:50.682,79.360,-0.331,-1.007,0.112
1635778370692,2021-11-01T10:52:50.692,79.370,-0.329,-0.992,0.105
1635778370702,2021-11-01T10:52:50.702,79.380,-0.325,-0.983,0.105
1635778370712,2021-11-01T10:52:50.712,79.390,-0.320,-0.980,0.105
1635778370722,2021-11-01T10:52:50.722,79.400,-0.310,-0.981,0.105
1635778370732,2021-11-01T10:52:50.732,79.410,-0.303,-1.003,0.107
1635778370742,2021-11-01T10:52:50.742,79.420,-0.298,-1.031,0.115
1635778370752,2021-11-01T10:52:50.752,79.430,-0.292,-1.038,0.120
1635778370762,2021-11-01T10:52:50.762,79.440,-0.285,-1.023,0.131
1635778370772,2021-11-01T10:52:50.772,79.450,-0.275,-1.009,0.137
1635778370782,2021-11-01T10:52:50.782,79.460,-0.266,-1.002,0.139
1635778370792,2021-11-01T10:52:50.792,79.470,-0.266,-0.997,0.145
1635778370802,2021-11-01T10:52:50.802,79.480,-0.269,-0.998,0.150
1635778370812,2021-11-01T10:52:50.812,79.490,-0.268,-1.010,0.153
1635778370822,2021-11-01T10:52:50.822,79.500,-0.268,-1.030,0.159
1635778370832,2021-11-01T10:52:50.832,79.510,-0.275,-1.042,0.161
1635778370842,2021-11-01T10:52:50.842,79.520,-0.281,-1.052,0.157
1635778370852,2021-11-01T10:52:50.852,79.530,-0.285,-1.050,0.159
1635778370862,2021-11-01T10:52:50.862,79.540,-0.285,-1.044,0.153
1635778370872,2021-11-01T10:52:50.872,79.550,-0.287,-1.027,0.143
1635778370882,2021-11-01T10:52:50.882,79.560,-0.285,-1.012,0.136
1635778370892,2021-11-01T10:52:50.892,79.570,-0.281,-1.004,0.130
1635778370902,2021-11-01T10:52:50.902,79.580,-0.276,-1.002,0.127
1635778370912,2021-11-01T10:52:50.912,79.590,-0.268,-1.001,0.130
1635778370922,2021-11-01T10:52:50.922,79.600,-0.259,-1.004,0.125
1635778370932,2021-11-01T10:52:50.932,79.610,-0.258,-1.014,0.112
1635778370942,2021-11-01T10:52:50.942,79.620,-0.263,-1.014,0.106
1635778370952,2021-11-01T10:52:50.952,79.630,-0.261,-1.004,0.102
1635778370962,2021-11-01T10:52:50.962,79.640,-0.249,-0.996,0.095
1635778370972,2021-11-01T10:52:50.972,79.650,-0.242,-0.992,0.089
1635778370982,2021-11-01T10:52:50.982,79.660,-0.237,-0.987,0.098
1635778370992,2021-11-01T10:52:50.992,79.670,-0.226,-0.988,0.107
1635778371002,2021-11-01T10:52:51.002,79.680,-0.218,-1.006,0.109
1635778371012,2021-11-01T10:52:51.012,79.690,-0.222,-1.030,0.115
1635778371022,2021-11-01T10:52:51.022,79.700,-0.220,-1.035,0.119
1635778371032,2021-11-01T10:52:51.032,79.710,-0.216,-1.019,0.114
1635778371042,2021-11-01T10:52:51.042,79.720,-0.219,-1.000,0.110
1635778371052,2021-11-01T10:52:51.052,79.730,-0.209,-1.001,0.109
1635778371062,2021-11-01T10:52:51.062,79.740,-0.199,-1.023,0.106
1635778371072,2021-11-01T10:52:51.072,79.750,-0.196,-1.035,0.110
1635778371082,2021-11-01T10:52:51.082,79.760,-0.196,-1.030,0.115
1635778371092,2021-11-01T10:52:51.092,79.770,-0.192,-1.024,0.118
1635778371102,2021-11-01T10:52:51.102,79.780,-0.195,-1.028,0.118
1635778371112,2021-11-01T10:52:51.112,79.790,-0.196,-1.022,0.115
1635778371122,2021-11-01T10:52:51.122,79.800,-0.195,-1.012,0.106
1635778371132,2021-11-01T10:52:51.132,79.810,-0.197,-1.005,0.095
1635778371142,2021-11-01T10:52:51.142,79.820,-0.198,-1.001,0.088
1635778371152,2021-11-01T10:52:51.152,79.830,-0.200,-1.003,0.079
1635778371162,2021-11-01T10:52:51.162,79.840,-0.197,-1.003,0.076
1635778371172,2021-11-01T10:52:51.172,79.850,-0.194,-1.000,0.073
1635778371182,2021-11-01T10:52:51.182,79.860,-0.192,-1.006,0.075
1635778371192,2021-11-01T10:52:51.192,79.870,-0.192,-1.020,0.077
1635778371202,2021-11-01T10:52:51.202,79.880,-0.188,-1.028,0.083
1635778371212,2021-11-01T10:52:51.212,79.890,-0.195,-1.033,0.081
1635778371222,2021-11-01T10:52:51.222,79.900,-0.204,-1.022,0.084
1635778371232,2021-11-01T10:52:51.232,79.910,-0.209,-1.001,0.076
1635778371242,2021-11-01T10:52:51.242,79.920,-0.212,-0.995,0.065
1635778371252,2021-11-01T10:52:51.252,79.930,-0.213,-1.000,0.062
1635778371262,2021-11-01T10:52:51.262,79.940,-0.211,-1.006,0.058
1635778371272,2021-11-01T10:52:51.272,79.950,-0.214,-1.014,0.056
1635778371282,2021-11-01T10:52:51.282,79.960,-0.221,-1.019,0.059
1635778371292,2021-11-01T10:52:51.292,79.970,-0.221,-1.025,0.059
1635778371302,2021-11-01T10:52:51.302,79.980,-0.226,-1.030,0.056
1635778371312,2021-11-01T10:52:51.312,79.990,-0.229,-1.023,0.055
1635778371322,2021-11-01T10:52:51.322,80.000,-0.232,-1.013,0.048
1635778371332,2021-11-01T10:52:51.332,80.010,-0.230,-1.009,0.044
1635778371342,2021-11-01T10:52:51.342,80.020,-0.227,-1.010,0.042
1635778371352,2021-11-01T10:52:51.352,80.030,-0.226,-1.012,0.048
1635778371362,2021-11-01T10:52:51.362,80.040,-0.221,-1.012,0.049
1635778371372,2021-11-01T10:52:51.372,80.050,-0.216,-1.021,0.048
1635778371382,2021-11-01T10:52:51.382,80.060,-0.215,-1.032,0.049
1635778371392,2021-11-01T10:52:51.392,80.070,-0.213,-1.025,0.054
1635778371402,2021-11-01T10:52:51.402,80.080,-0.217,-1.008,0.053
1635778371412,2021-11-01T10:52:51.412,80.090,-0.226,-1.004,0.042
1635778371422,2021-11-01T10:52:51.422,80.100,-0.230,-1.011,0.039
1635778371432,2021-11-01T10:52:51.432,80.110,-0.228,-1.013,0.037
1635778371442,2021-11-01T10:52:51.442,80.120,-0.228,-1.013,0.040
1635778371452,2021-11-01T10:52:51.452,80.130,-0.229,-1.020,0.043
1635778371462,2021-11-01T10:52:51.462,80.140,-0.232,-1.027,0.052
1635778371472,2021-11-01T10:52:51.472,80.150,-0.231,-1.031,0.059
1635778371482,2021-11-01T10:52:51.482,80.160,-0.229,-1.027,0.058
1635778371492,2021-11-01T10:52:51.492,80.170,-0.232,-1.023,0.056
1635778371502,2021-11-01T10:52:51.502,80.180,-0.236,-1.021,0.056
1635778371512,2021-11-01T10:52:51.512,80.190,-0.237,-1.019,0.055
1635778371522,2021-11-01T10:52:51.522,80.200,-0.237,-1.016,0.052
1635778371532,2021-11-01T10:52:51.532,80.210,-0.239,-1.022,0.052
1635778371542,2021-11-01T10:52:51.542,80.220,-0.238,-1.020,0.048
1635778371552,2021-11-01T10:52:51.552,80.230,-0.237,-1.011,0.047
1635778371562,2021-11-01T10:52:51.562,80.240,-0.237,-1.009,0.045
1635778371572,2021-11-01T10:52:51.572,80.250,-0.238,-1.012,0.042
1635778371582,2021-11-01T10:52:51.582,80.260,-0.240,-1.015,0.044
1635778371592,2021-11-01T10:52:51.592,80.270,-0.243,-1.018,0.044
1635778371602,2021-11-01T10:52:51.602,80.280,-0.241,-1.017,0.050
1635778371612,2021-11-01T10:52:51.612,80.290,-0.237,-1.010,0.051
1635778371622,2021-11-01T10:52:51.622,80.300,-0.238,-1.002,0.049
1635778371632,2021-11-01T10:52:51.632,80.310,-0.245,-1.011,0.049
1635778371642,2021-11-01T10:52:51.642,80.320,-0.246,-1.018,0.046
1635778371652,2021-11-01T10:52:51.652,80.330,-0.240,-1.018,0.054
1635778371662,2021-11-01T10:52:51.662,80.340,-0.243,-1.011,0.058
1635778371672,2021-11-01T10:52:51.672,80.350,-0.250,-1.011,0.062
1635778371682,2021-11-01T10:52:51.682,80.360,-0.250,-1.014,0.062
1635778371692,2021-11-01T10:52:51.692,80.370,-0.252,-1.012,0.063
1635778371702,2021-11-01T10:52:51.702,80.380,-0.257,-1.007,0.066
1635778371712,2021-11-01T10:52:51.712,80.390,-0.262,-1.003,0.063
1635778371722,2021-11-01T10:52:51.722,80.400,-0.268,-1.007,0.064
1635778371732,2021-11-01T10:52:51.732,80.410,-0.268,-1.014,0.070
1635778371742,2021-11-01T10:52:51.742,80.420,-0.269,-1.024,0.071
1635778371752,2021-11-01T10:52:51.752,80.430,-0.277,-1.034,0.075
1635778371762,2021-11-01T10:52:51.762,80.440,-0.280,-1.031,0.076
1635778371772,2021-11-01T10:52:51.772,80.450,-0.282,-1.024,0.074
1635778371782,2021-11-01T10:52:51.782,80.460,-0.286,-1.020,0.071
1635778371792,2021-11-01T10:52:51.792,80.470,-0.285,-1.016,0.069
1635778371802,2021-11-01T10:52:51.802,80.480,-0.286,-1.012,0.069
1635778371812,2021-11-01T10:52:51.812,80.490,-0.286,-1.005,0.066
1635778371822,2021-11-01T10:52:51.822,80.500,-0.284,-1.009,0.067
1635778371832,2021-11-01T10:52:51.832,80.510,-0.289,-1.013,0.068
1635778371842,2021-11-01T10:52:51.842,80.520,-0.289,-1.015,0.067
1635778371852,2021-11-01T10:52:51.852,80.530,-0.286,-1.017,0.066
1635778371862,2021-11-01T10:52:51.862,80.540,-0.287,-1.023,0.068
1635778371872,2021-11-01T10:52:51.872,80.550,-0.290,-1.023,0.071
1635778371882,2021-11-01T10:52:51.882,80.560,-0.289,-1.015,0.071
1635778371892,2021-11-01T10:52:51.892,80.570,-0.290,-1.002,0.069
1635778371902,2021-11-01T10:52:51.902,80.580,-0.293,-0.997,0.065
1635778371912,2021-11-01T10:52:51.912,80.590,-0.299,-0.998,0.063
1635778371922,2021-11-01T10:52:51.922,80.600,-0.304,-1.005,0.064
1635778371932,2021-11-01T10:52:51.932,80.610,-0.309,-1.005,0.064
1635778371942,2021-11-01T10:52:51.942,80.620,-0.312,-1.004,0.065
1635778371952,2021-11-01T10:52:51.952,80.630,-0.312,-1.005,0.064
1635778371962,2021-11-01T10:52:51.962,80.640,-0.314,-1.003,0.065
1635778371972,2021-11-01T10:52:51.972,80.650,-0.315,-1.005,0.064
1635778371982,2021-11-01T10:52:51.982,80.660,-0.315,-1.007,0.073
1635778371992,2021-11-01T10:52:51.992,80.670,-0.313,-1.011,0.077
1635778372002,2021-11-01T10:52:52.002,80.680,-0.314,-1.013,0.075
1635778372012,2021-11-01T10:52:52.012,80.690,-0.322,-1.011,0.076
1635778372022,2021-11-01T10:52:52.022,80.700,-0.325,-1.006,0.074
1635778372032,2021-11-01T10:52:52.032,80.710,-0.333,-1.005,0.070
1635778372042,2021-11-01T10:52:52.042,80.720,-0.335,-1.011,0.073
1635778372052,2021-11-01T10:52:52.052,80.730,-0.330,-1.017,0.075
1635778372062,2021-11-01T10:52:52.062,80.740,-0.329,-1.017,0.078
1635778372072,2021-11-01T10:52:52.072,80.750,-0.321,-1.011,0.082
1635778372082,2021-11-01T10:52:52.082,80.760,-0.312,-1.007,0.082
1635778372092,2021-11-01T10:52:52.092,80.770,-0.306,-1.010,0.085
1635778372102,2021-11-01T10:52:52.102,80.780,-0.307,-1.016,0.085
1635778372112,2021-11-01T10:52:52.112,80.790,-0.317,-1.007,0.078
1635778372122,2021-11-01T10:52:52.122,80.800,-0.322,-1.003,0.076
1635778372132,2021-11-01T10:52:52.132,80.810,-0.327,-1.014,0.075
1635778372142,2021-11-01T10:52:52.142,80.820,-0.328,-1.026,0.072
1635778372152,2021-11-01T10:52:52.152,80.830,-0.330,-1.022,0.072
1635778372162,2021-11-01T10:52:52.162,80.840,-0.329,-1.006,0.068
1635778372172,2021-11-01T10:52:52.172,80.850,-0.329,-0.998,0.067
1635778372182,2021-11-01T10:52:52.182,80.860,-0.331,-1.005,0.064
1635778372192,2021-11-01T10:52:52.192,80.870,-0.330,-1.010,0.062
1635778372202,2021-11-01T10:52:52.202,80.880,-0.330,-1.003,0.059
1635778372212,2021-11-01T10:52:52.212,80.890,-0.333,-0.996,0.056
1635778372222,2021-11-01T10:52:52.222,80.900,-0.337,-1.000,0.058
1635778372232,2021-11-01T10:52:52.232,80.910,-0.340,-1.004,0.058
1635778372242,2021-11-01T10:52:52.242,80.920,-0.337,-1.002,0.056
1635778372252,2021-11-01T10:52:52.252,80.930,-0.333,-1.001,0.061
1635778372262,2021-11-01T10:52:52.262,80.940,-0.331,-1.006,0.060
1635778372272,2021-11-01T10:52:52.272,80.950,-0.326,-1.006,0.060
1635778372282,2021-11-01T10:52:52.282,80.960,-0.325,-1.003,0.063
1635778372292,2021-11-01T10:52:52.292,80.970,-0.323,-1.004,0.062
1635778372302,2021-11-01T10:52:52.302,80.980,-0.320,-0.997,0.064
1635778372312,2021-11-01T10:52:52.312,80.990,-0.319,-0.995,0.062
1635778372322,2021-11-01T10:52:52.322,81.000,-0.318,-0.994,0.066
1635778372332,2021-11-01T10:52:52.332,81.010,-0.321,-0.994,0.062
1635778372342,2021-11-01T10:52:52.342,81.020,-0.323,-0.992,0.060
1635778372352,2021-11-01T10:52:52.352,81.030,-0.321,-0.992,0.059
1635778372362,2021-11-01T10:52:52.362,81.040,-0.317,-0.995,0.061
1635778372372,2021-11-01T10:52:52.372,81.050,-0.312,-1.001,0.064
1635778372382,2021-11-01T10:52:52.382,81.060,-0.308,-1.007,0.063
1635778372392,2021-11-01T10:52:52.392,81.070,-0.315,-1.005,0.062
1635778372402,2021-11-01T10:52:52.402,81.080,-0.322,-0.987,0.060
1635778372412,2021-11-01T10:52:52.412,81.090,-0.327,-0.976,0.058
1635778372422,2021-11-01T10:52:52.422,81.100,-0.329,-0.979,0.057
1635778372432,2021-11-01T10:52:52.432,81.110,-0.330,-0.985,0.053
1635778372442,2021-11-01T10:52:52.442,81.120,-0.328,-0.991,0.051
1635778372452,2021-11-01T10:52:52.452,81.130,-0.320,-0.982,0.055
1635778372462,2021-11-01T10:52:52.462,81.140,-0.314,-0.979,0.058
1635778372472,2021-11-01T10:52:52.472,81.150,-0.312,-0.973,0.069
1635778372482,2021-11-01T10:52:52.482,81.160,-0.304,-0.966,0.079
1635778372492,2021-11-01T10:52:52.492,81.170,-0.300,-0.961,0.090
1635778372502,2021-11-01T10:52:52.502,81.180,-0.295,-0.970,0.104
1635778372512,2021-11-01T10:52:52.512,81.190,-0.290,-0.983,0.118
1635778372522,2021-11-01T10:52:52.522,81.200,-0.280,-1.000,0.126
1635778372532,2021-11-01T10:52:52.532,81.210,-0.261,-1.011,0.126
1635778372542,2021-11-01T10:52:52.542,81.220,-0.253,-1.038,0.137
1635778372552,2021-11-01T10:52:52.552,81.230,-0.249,-1.077,0.148
1635778372562,2021-11-01T10:52:52.562,81.240,-0.248,-1.098,0.150
1635778372572,2021-11-01T10:52:52.572,81.250,-0.270,-1.084,0.147
1635778372582,2021-11-01T10:52:52.582,81.260,-0.280,-1.046,0.149
1635778372592,2021-11-01T10:52:52.592,81.270,-0.280,-1.006,0.147
1635778372602,2021-11-01T10:52:52.602,81.280,-0.290,-0.994,0.137
1635778372612,2021-11-01T10:52:52.612,81.290,-0.293,-1.007,0.136
1635778372622,2021-11-01T10:52:52.622,81.300,-0.292,-1.014,0.133
1635778372632,2021-11-01T10:52:52.632,81.310,-0.292,-1.007,0.123
1635778372642,2021-11-01T10:52:52.642,81.320,-0.292,-0.998,0.113
1635778372652,2021-11-01T10:52:52.652,81.330,-0.295,-0.993,0.107
1635778372662,2021-11-01T10:52:52.662,81.340,-0.296,-0.999,0.098
1635778372672,2021-11-01T10:52:52.672,81.350,-0.304,-1.007,0.090
1635778372682,2021-11-01T10:52:52.682,81.360,-0.310,-1.007,0.086
1635778372692,2021-11-01T10:52:52.692,81.370,-0.313,-0.996,0.086
1635778372702,2021-11-01T10:52:52.702,81.380,-0.318,-0.992,0.088
1635778372712,2021-11-01T10:52:52.712,81.390,-0.317,-1.005,0.094
1635778372722,2021-11-01T10:52:52.722,81.400,-0.313,-1.016,0.102
1635778372732,2021-11-01T10:52:52.732,81.410,-0.312,-1.012,0.105
1635778372742,2021-11-01T10:52:52.742,81.420,-0.316,-1.002,0.108
1635778372752,2021-11-01T10:52:52.752,81.430,-0.319,-0.999,0.104
1635778372762,2021-11-01T10:52:52.762,81.440,-0.324,-1.003,0.100
1635778372772,2021-11-01T10:52:52.772,81.450,-0.330,-1.004,0.101
1635778372782,2021-11-01T10:52:52.782,81.460,-0.328,-1.004,0.095
1635778372792,2021-11-01T10:52:52.792,81.470,-0.319,-1.001,0.100
1635778372802,2021-11-01T10:52:52.802,81.480,-0.319,-1.000,0.097
1635778372812,2021-11-01T10:52:52.812,81.490,-0.324,-1.009,0.097
1635778372822,2021-11-01T10:52:52.822,81.500,-0.322,-1.016,0.100
1635778372832,2021-11-01T10:52:52.832,81.510,-0.320,-1.011,0.099
1635778372842,2021-11-01T10:52:52.842,81.520,-0.321,-1.004,0.096
1635778372852,2021-11-01T10:52:52.852,81.530,-0.317,-1.010,0.096
1635778372862,2021-11-01T10:52:52.862,81.540,-0.313,-1.018,0.096
1635778372872,2021-11-01T10:52:52.872,81.550,-0.317,-1.016,0.091
1635778372882,2021-11-01T10:52:52.882,81.560,-0.316,-1.003,0.093
1635778372892,2021-11-01T10:52:52.892,81.570,-0.313,-0.992,0.092
1635778372902,2021-11-01T10:52:52.902,81.580,-0.307,-0.985,0.097
1635778372912,2021-11-01T10:52:52.912,81.590,-0.302,-0.992,0.098
1635778372922,2021-11-01T10:52:52.922,81.600,-0.299,-1.009,0.101
1635778372932,2021-11-01T10:52:52.932,81.610,-0.305,-1.016,0.102
1635778372942,2021-11-01T10:52:52.942,81.620,-0.309,-1.011,0.093
1635778372952,2021-11-01T10:52:52.952,81.630,-0.310,-1.008,0.088
1635778372962,2021-11-01T10:52:52.962,81.640,-0.311,-1.005,0.084
1635778372972,2021-11-01T10:52:52.972,81.650,-0.314,-1.000,0.082
1635778372982,2021-11-01T10:52:52.982,81.660,-0.314,-0.998,0.082
1635778372992,2021-11-01T10:52:52.992,81.670,-0.310,-0.996,0.079
1635778373002,2021-11-01T10:52:53.002,81.680,-0.305,-1.002,0.077
1635778373012,2021-11-01T10:52:53.012,81.690,-0.306,-1.008,0.077
1635778373022,2021-11-01T10:52:53.022,81.700,-0.304,-1.010,0.079
1635778373032,2021-11-01T10:52:53.032,81.710,-0.299,-1.008,0.080
1635778373042,2021-11-01T10:52:53.042,81.720,-0.299,-1.000,0.087
1635778373052,2021-11-01T10:52:53.052,81.730,-0.294,-0.994,0.086
1635778373062,2021-11-01T10:52:53.062,81.740,-0.290,-0.994,0.088
1635778373072,2021-11-01T10:52:53.072,81.750,-0.289,-0.996,0.087
1635778373082,2021-11-01T10:52:53.082,81.760,-0.288,-0.991,0.088
1635778373092,2021-11-01T10:52:53.092,81.770,-0.292,-0.988,0.085
1635778373102,2021-11-01T10:52:53.102,81.780,-0.297,-0.992,0.086
1635778373112,2021-11-01T10:52:53.112,81.790,-0.296,-1.000,0.089
1635778373122,2021-11-01T10:52:53.122,81.800,-0.301,-0.997,0.094
1635778373132,2021-11-01T10:52:53.132,81.810,-0.305,-0.995,0.094
1635778373142,2021-11-01T10:52:53.142,81.820,-0.306,-1.000,0.091
1635778373152,2021-11-01T10:52:53.152,81.830,-0.308,-1.009,0.092
1635778373162,2021-11-01T10:52:53.162,81.840,-0.311,-1.009,0.092
1635778373172,2021-11-01T10:52:53.172,81.850,-0.312,-1.006,0.089
1635778373182,2021-11-01T10:52:53.182,81.860,-0.311,-1.007,0.087
1635778373192,2021-11-01T10:52:53.192,81.870,-0.313,-1.013,0.080
1635778373202,2021-11-01T10:52:53.202,81.880,-0.312,-1.016,0.086
1635778373212,2021-11-01T10:52:53.212,81.890,-0.312,-1.013,0.087
1635778373222,2021-11-01T10:52:53.222,81.900,-0.312,-1.013,0.086
1635778373232,2021-11-01T10:52:53.232,81.910,-0.312,-1.010,0.085
1635778373242,2021-11-01T10:52:53.242,81.920,-0.310,-1.011,0.079
1635778373252,2021-11-01T10:52:53.252,81.930,-0.307,-1.007,0.079
1635778373262,2021-11-01T10:52:53.262,81.940,-0.306,-0.996,0.079
1635778373272,2021-11-01T10:52:53.272,81.950,-0.307,-0.987,0.073
1635778373282,2021-11-01T10:52:53.282,81.960,-0.312,-0.988,0.072
1635778373292,2021-11-01T10:52:53.292,81.970,-0.313,-0.990,0.072
1635778373302,2021-11-01T10:52:53.302,81.980,-0.308,-0.993,0.071
1635778373312,2021-11-01T10:52:53.312,81.990,-0.304,-1.004,0.072
1635778373322,2021-11-01T10:52:53.322,82.000,-0.308,-1.012,0.080
1635778373332,2021-11-01T10:52:53.332,82.010,-0.304,-1.006,0.086
1635778373342,2021-11-01T10:52:53.342,82.020,-0.306,-0.996,0.083
1635778373352,2021-11-01T10:52:53.352,82.030,-0.313,-0.988,0.084
1635778373362,2021-11-01T10:52:53.362,82.040,-0.315,-0.988,0.088
1635778373372,2021-11-01T10:52:53.372,82.050,-0.315,-1.000,0.083
1635778373382,2021-11-01T10:52:53.382,82.060,-0.319,-1.005,0.091
1635778373392,2021-11-01T10:52:53.392,82.070,-0.318,-1.004,0.090
1635778373402,2021-11-01T10:52:53.402,82.080,-0.321,-1.003,0.090
1635778373412,2021-11-01T10:52:53.412,82.090,-0.320,-1.013,0.090
1635778373422,2021-11-01T10:52:53.422,82.100,-0.318,-1.020,0.093
1635778373432,2021-11-01T10:52:53.432,82.110,-0.318,-1.015,0.096
1635778373442,2021-11-01T10:52:53.442,82.120,-0.319,-1.006,0.095
1635778373452,2021-11-01T10:52:53.452,82.130,-0.316,-0.998,0.094
1635778373462,2021-11-01T10:52:53.462,82.140,-0.315,-0.992,0.091
1635778373472,2021-11-01T10:52:53.472,82.150,-0.318,-0.996,0.084
1635778373482,2021-11-01T10:52:53.482,82.160,-0.317,-1.002,0.082
1635778373492,2021-11-01T10:52:53.492,82.170,-0.322,-1.009,0.089
1635778373502,2021-11-01T10:52:53.502,82.180,-0.321,-1.008,0.085
1635778373512,2021-11-01T10:52:53.512,82.190,-0.318,-1.007,0.086
1635778373522,2021-11-01T10:52:53.522,82.200,-0.318,-1.007,0.086
1635778373532,2021-11-01T10:52:53.532,82.210,-0.320,-1.006,0.084
1635778373542,2021-11-01T10:52:53.542,82.220,-0.316,-1.001,0.088
1635778373552,2021-11-01T10:52:53.552,82.230,-0.317,-0.998,0.093
1635778373562,2021-11-01T10:52:53.562,82.240,-0.318,-0.999,0.088
1635778373572,2021-11-01T10:52:53.572,82.250,-0.320,-1.006,0.090
1635778373582,2021-11-01T10:52:53.582,82.260,-0.319,-1.004,0.091
1635778373592,2021-11-01T10:52:53.592,82.270,-0.318,-1.001,0.089
1635778373602,2021-11-01T10:52:53.602,82.280,-0.315,-1.002,0.094
1635778373612,2021-11-01T10:52:53.612,82.290,-0.314,-1.004,0.091
1635778373622,2021-11-01T10:52:53.622,82.300,-0.312,-1.004,0.093
1635778373632,2021-11-01T10:52:53.632,82.310,-0.310,-1.005,0.096
1635778373642,2021-11-01T10:52:53.642,82.320,-0.309,-1.003,0.096
1635778373652,2021-11-01T10:52:53.652,82.330,-0.312,-1.001,0.092
1635778373662,2021-11-01T10:52:53.662,82.340,-0.316,-0.997,0.090
1635778373672,2021-11-01T10:52:53.672,82.350,-0.319,-0.996,0.082
1635778373682,2021-11-01T10:52:53.682,82.360,-0.318,-0.987,0.081
1635778373692,2021-11-01T10:52:53.692,82.370,-0.315,-0.979,0.074
1635778373702,2021-11-01T10:52:53.702,82.380,-0.313,-0.989,0.067
1635778373712,2021-11-01T10:52:53.712,82.390,-0.313,-1.002,0.075
1635778373722,2021-11-01T10:52:53.722,82.400,-0.312,-1.005,0.081
1635778373732,2021-11-01T10:52:53.732,82.410,-0.309,-1.003,0.087
1635778373742,2021-11-01T10:52:53.742,82.420,-0.303,-1.005,0.094
1635778373752,2021-11-01T10:52:53.752,82.430,-0.303,-1.014,0.098
1635778373762,2021-11-01T10:52:53.762,82.440,-0.301,-1.022,0.101
1635778373772,2021-11-01T10:52:53.772,82.450,-0.296,-1.029,0.098
1635778373782,2021-11-01T10:52:53.782,82.460,-0.295,-1.031,0.098
1635778373792,2021-11-01T10:52:53.792,82.470,-0.292,-1.030,0.096
1635778373802,2021-11-01T10:52:53.802,82.480,-0.282,-1.041,0.093
1635778373812,2021-11-01T10:52:53.812,82.490,-0.274,-1.049,0.098
1635778373822,2021-11-01T10:52:53.822,82.500,-0.264,-1.038,0.099
1635778373832,2021-11-01T10:52:53.832,82.510,-0.253,-1.024,0.093
1635778373842,2021-11-01T10:52:53.842,82.520,-0.248,-1.019,0.093
1635778373852,2021-11-01T10:52:53.852,82.530,-0.241,-1.010,0.098
1635778373862,2021-11-01T10:52:53.862,82.540,-0.232,-1.002,0.098
1635778373872,2021-11-01T10:52:53.872,82.550,-0.227,-1.001,0.090
1635778373882,2021-11-01T10:52:53.882,82.560,-0.221,-1.007,0.087
1635778373892,2021-11-01T10:52:53.892,82.570,-0.218,-1.016,0.088
1635778373902,2021-11-01T10:52:53.902,82.580,-0.209,-1.026,0.089
1635778373912,2021-11-01T10:52:53.912,82.590,-0.200,-1.035,0.095
1635778373922,2021-11-01T10:52:53.922,82.600,-0.182,-1.029,0.095
1635778373932,2021-11-01T10:52:53.932,82.610,-0.162,-1.023,0.095
1635778373942,2021-11-01T10:52:53.942,82.620,-0.150,-1.030,0.100
1635778373952,2021-11-01T10:52:53.952,82.630,-0.130,-1.048,0.097
1635778373962,2021-11-01T10:52:53.962,82.640,-0.131,-1.031,0.103
1635778373972,2021-11-01T10:52:53.972,82.650,-0.119,-0.991,0.116
1635778373982,2021-11-01T10:52:53.982,82.660,-0.093,-0.997,0.089
1635778373992,2021-11-01T10:52:53.992,82.670,-0.099,-1.012,0.085
1635778374002,2021-11-01T10:52:54.002,82.680,-0.102,-1.027,0.085
1635778374012,2021-11-01T10:52:54.012,82.690,-0.097,-1.023,0.067
1635778374022,2021-11-01T10:52:54.022,82.700,-0.095,-1.000,0.064
1635778374032,2021-11-01T10:52:54.032,82.710,-0.086,-0.983,0.065
1635778374042,2021-11-01T10:52:54.042,82.720,-0.089,-0.973,0.063
1635778374052,2021-11-01T10:52:54.052,82.730,-0.087,-0.969,0.063
1635778374062,2021-11-01T10:52:54.062,82.740,-0.083,-0.963,0.071
1635778374072,2021-11-01T10:52:54.072,82.750,-0.073,-0.980,0.076
1635778374082,2021-11-01T10:52:54.082,82.760,-0.063,-1.018,0.084
1635778374092,2021-11-01T10:52:54.092,82.770,-0.072,-1.038,0.102
1635778374102,2021-11-01T10:52:54.102,82.780,-0.064,-1.036,0.109
1635778374112,2021-11-01T10:52:54.112,82.790,-0.052,-1.021,0.108
1635778374122,2021-11-01T10:52:54.122,82.800,-0.047,-1.007,0.115
1635778374132,2021-11-01T10:52:54.132,82.810,-0.053,-1.005,0.113
1635778374142,2021-11-01T10:52:54.142,82.820,-0.052,-0.999,0.112
1635778374152,2021-11-01T10:52:54.152,82.830,-0.051,-0.974,0.111
1635778374162,2021-11-01T10:52:54.162,82.840,-0.059,-0.948,0.111
1635778374172,2021-11-01T10:52:54.172,82.850,-0.063,-0.945,0.110
1635778374182,2021-11-01T10:52:54.182,82.860,-0.063,-0.961,0.109
1635778374192,2021-11-01T10:52:54.192,82.870,-0.077,-0.973,0.110
1635778374202,2021-11-01T10:52:54.202,82.880,-0.078,-0.964,0.108
1635778374212,2021-11-01T10:52:54.212,82.890,-0.068,-0.940,0.105
1635778374222,2021-11-01T10:52:54.222,82.900,-0.069,-0.923,0.102
1635778374232,2021-11-01T10:52:54.232,82.910,-0.092,-0.908,0.100
1635778374242,2021-11-01T10:52:54.242,82.920,-0.099,-0.896,0.086
1635778374252,2021-11-01T10:52:54.252,82.930,-0.104,-0.894,0.077
1635778374262,2021-11-01T10:52:54.262,82.940,-0.124,-0.876,0.076
1635778374272,2021-11-01T10:52:54.272,82.950,-0.155,-0.836,0.074
1635778374282,2021-11-01T10:52:54.282,82.960,-0.179,-0.801,0.073
1635778374292,2021-11-01T10:52:54.292,82.970,-0.200,-0.796,0.075
1635778374302,2021-11-01T10:52:54.302,82.980,-0.227,-0.802,0.085
1635778374312,2021-11-01T10:52:54.312,82.990,-0.251,-0.797,0.094
1635778374322,2021-11-01T10:52:54.322,83.000,-0.265,-0.795,0.093
1635778374332,2021-11-01T10:52:54.332,83.010,-0.293,-0.804,0.100
1635778374342,2021-11-01T10:52:54.342,83.020,-0.328,-0.810,0.101
1635778374352,2021-11-01T10:52:54.352,83.030,-0.361,-0.797,0.097
1635778374362,2021-11-01T10:52:54.362,83.040,-0.406,-0.762,0.092
1635778374372,2021-11-01T10:52:54.372,83.050,-0.450,-0.728,0.090
1635778374382,2021-11-01T10:52:54.382,83.060,-0.481,-0.713,0.095
1635778374392,2021-11-01T10:52:54.392,83.070,-0.486,-0.733,0.104
1635778374402,2021-11-01T10:52:54.402,83.080,-0.490,-0.774,0.124
1635778374412,2021-11-01T10:52:54.412,83.090,-0.510,-0.820,0.144
1635778374422,2021-11-01T10:52:54.422,83.100,-0.571,-0.833,0.151
1635778374432,2021-11-01T10:52:54.432,83.110,-0.652,-0.792,0.140
1635778374442,2021-11-01T10:52:54.442,83.120,-0.701,-0.754,0.127
1635778374452,2021-11-01T10:52:54.452,83.130,-0.752,-0.754,0.121
1635778374462,2021-11-01T10:52:54.462,83.140,-0.799,-0.776,0.129
1635778374472,2021-11-01T10:52:54.472,83.150,-0.821,-0.815,0.143
1635778374482,2021-11-01T10:52:54.482,83.160,-0.836,-0.854,0.164
1635778374492,2021-11-01T10:52:54.492,83.170,-0.864,-0.877,0.191
1635778374502,2021-11-01T10:52:54.502,83.180,-0.907,-0.865,0.207
1635778374512,2021-11-01T10:52:54.512,83.190,-0.979,-0.835,0.201
1635778374522,2021-11-01T10:52:54.522,83.200,-1.065,-0.801,0.176
1635778374532,2021-11-01T10:52:54.532,83.210,-1.121,-0.792,0.167
1635778374542,2021-11-01T10:52:54.542,83.220,-1.145,-0.818,0.167
1635778374552,2021-11-01T10:52:54.552,83.230,-1.172,-0.837,0.167
1635778374562,2021-11-01T10:52:54.562,83.240,-1.184,-0.817,0.177
1635778374572,2021-11-01T10:52:54.572,83.250,-1.181,-0.798,0.188
1635778374582,2021-11-01T10:52:54.582,83.260,-1.217,-0.798,0.184
1635778374592,2021-11-01T10:52:54.592,83.270,-1.279,-0.788,0.185
1635778374602,2021-11-01T10:52:54.602,83.280,-1.325,-0.763,0.169
1635778374612,2021-11-01T10:52:54.612,83.290,-1.351,-0.761,0.151
1635778374622,2021-11-01T10:52:54.622,83.300,-1.375,-0.792,0.162
1635778374632,2021-11-01T10:52:54.632,83.310,-1.386,-0.819,0.184
1635778374642,2021-11-01T10:52:54.642,83.320,-1.380,-0.816,0.198
1635778374652,2021-11-01T10:52:54.652,83.330,-1.375,-0.809,0.212
1635778374662,2021-11-01T10:52:54.662,83.340,-1.374,-0.826,0.226
1635778374672,2021-11-01T10:52:54.672,83.350,-1.381,-0.839,0.236
1635778374682,2021-11-01T10:52:54.682,83.360,-1.387,-0.831,0.231
1635778374692,2021-11-01T10:52:54.692,83.370,-1.375,-0.829,0.215
1635778374702,2021-11-01T10:52:54.702,83.380,-1.363,-0.853,0.204
1635778374712,2021-11-01T10:52:54.712,83.390,-1.351,-0.866,0.206
1635778374722,2021-11-01T10:52:54.722,83.400,-1.314,-0.838,0.207
1635778374732,2021-11-01T10:52:54.732,83.410,-1.280,-0.807,0.202
1635778374742,2021-11-01T10:52:54.742,83.420,-1.251,-0.804,0.207
1635778374752,2021-11-01T10:52:54.752,83.430,-1.238,-0.799,0.201
1635778374762,2021-11-01T10:52:54.762,83.440,-1.228,-0.771,0.195
1635778374772,2021-11-01T10:52:54.772,83.450,-1.206,-0.759,0.187
1635778374782,2021-11-01T10:52:54.782,83.460,-1.178,-0.770,0.176
1635778374792,2021-11-01T10:52:54.792,83.470,-1.155,-0.769,0.175
1635778374802,2021-11-01T10:52:54.802,83.480,-1.125,-0.756,0.170
1635778374812,2021-11-01T10:52:54.812,83.490,-1.105,-0.744,0.176
1635778374822,2021-11-01T10:52:54.822,83.500,-1.102,-0.735,0.173
1635778374832,2021-11-01T10:52:54.832,83.510,-1.092,-0.727,0.172
1635778374842,2021-11-01T10:52:54.842,83.520,-1.086,-0.720,0.170
1635778374852,2021-11-01T10:52:54.852,83.530,-1.082,-0.729,0.169
1635778374862,2021-11-01T10:52:54.862,83.540,-1.066,-0.736,0.168
1635778374872,2021-11-01T10:52:54.872,83.550,-1.050,-0.727,0.169
1635778374882,2021-11-01T10:52:54.882,83.560,-1.042,-0.713,0.167
1635778374892,2021-11-01T10:52:54.892,83.570,-1.024,-0.705,0.169
1635778374902,2021-11-01T10:52:54.902,83.580,-1.007,-0.722,0.170
1635778374912,2021-11-01T10:52:54.912,83.590,-1.014,-0.737,0.167
1635778374922,2021-11-01T10:52:54.922,83.600,-1.038,-0.723,0.170
1635778374932,2021-11-01T10:52:54.932,83.610,-1.059,-0.696,0.167
1635778374942,2021-11-01T10:52:54.942,83.620,-1.052,-0.691,0.158
1635778374952,2021-11-01T10:52:54.952,83.630,-1.045,-0.721,0.162
1635778374962,2021-11-01T10:52:54.962,83.640,-1.047,-0.737,0.166
1635778374972,2021-11-01T10:52:54.972,83.650,-1.025,-0.722,0.169
1635778374982,2021-11-01T10:52:54.982,83.660,-0.988,-0.709,0.169
1635778374992,2021-11-01T10:52:54.992,83.670,-0.970,-0.689,0.168
1635778375002,2021-11-01T10:52:55.002,83.680,-0.947,-0.670,0.162
1635778375012,2021-11-01T10:52:55.012,83.690,-0.909,-0.660,0.160
1635778375022,2021-11-01T10:52:55.022,83.700,-0.879,-0.652,0.160
1635778375032,2021-11-01T10:52:55.032,83.710,-0.853,-0.646,0.157
1635778375042,2021-11-01T10:52:55.042,83.720,-0.832,-0.628,0.164
1635778375052,2021-11-01T10:52:55.052,83.730,-0.793,-0.613,0.168
1635778375062,2021-11-01T10:52:55.062,83.740,-0.761,-0.596,0.177
1635778375072,2021-11-01T10:52:55.072,83.750,-0.744,-0.591,0.181
1635778375082,2021-11-01T10:52:55.082,83.760,-0.717,-0.603,0.183
1635778375092,2021-11-01T10:52:55.092,83.770,-0.698,-0.610,0.183
1635778375102,2021-11-01T10:52:55.102,83.780,-0.685,-0.597,0.168
1635778375112,2021-11-01T10:52:55.112,83.790,-0.673,-0.566,0.155
1635778375122,2021-11-01T10:52:55.122,83.800,-0.649,-0.547,0.139
1635778375132,2021-11-01T10:52:55.132,83.810,-0.616,-0.547,0.126
1635778375142,2021-11-01T10:52:55.142,83.820,-0.578,-0.545,0.123
1635778375152,2021-11-01T10:52:55.152,83.830,-0.541,-0.532,0.120
1635778375162,2021-11-01T10:52:55.162,83.840,-0.516,-0.503,0.121
1635778375172,2021-11-01T10:52:55.172,83.850,-0.500,-0.469,0.130
1635778375182,2021-11-01T10:52:55.182,83.860,-0.479,-0.478,0.135
1635778375192,2021-11-01T10:52:55.192,83.870,-0.469,-0.509,0.141
1635778375202,2021-11-01T10:52:55.202,83.880,-0.445,-0.536,0.135
1635778375212,2021-11-01T10:52:55.212,83.890,-0.427,-0.546,0.123
1635778375222,2021-11-01T10:52:55.222,83.900,-0.402,-0.537,0.113
1635778375232,2021-11-01T10:52:55.232,83.910,-0.371,-0.543,0.103
1635778375242,2021-11-01T10:52:55.242,83.920,-0.342,-0.563,0.090
1635778375252,2021-11-01T10:52:55.252,83.930,-0.340,-0.551,0.077
1635778375262,2021-11-01T10:52:55.262,83.940,-0.351,-0.498,0.061
1635778375272,2021-11-01T10:52:55.272,83.950,-0.354,-0.450,0.034
1635778375282,2021-11-01T10:52:55.282,83.960,-0.340,-0.458,0.019
1635778375292,2021-11-01T10:52:55.292,83.970,-0.319,-0.512,0.017
1635778375302,2021-11-01T10:52:55.302,83.980,-0.307,-0.548,0.021
1635778375312,2021-11-01T10:52:55.312,83.990,-0.291,-0.543,0.044
1635778375322,2021-11-01T10:52:55.322,84.000,-0.260,-0.588,0.059
1635778375332,2021-11-01T10:52:55.332,84.010,-0.253,-0.713,0.068
1635778375342,2021-11-01T10:52:55.342,84.020,-0.284,-0.787,0.099
1635778375352,2021-11-01T10:52:55.352,84.030,-0.326,-0.749,0.109
1635778375362,2021-11-01T10:52:55.362,84.040,-0.354,-0.672,0.094
1635778375372,2021-11-01T10:52:55.372,84.050,-0.364,-0.659,0.096
1635778375382,2021-11-01T10:52:55.382,84.060,-0.382,-0.702,0.107
1635778375392,2021-11-01T10:52:55.392,84.070,-0.404,-0.711,0.116
1635778375402,2021-11-01T10:52:55.402,84.080,-0.415,-0.678,0.123
1635778375412,2021-11-01T10:52:55.412,84.090,-0.409,-0.682,0.123
1635778375422,2021-11-01T10:52:55.422,84.100,-0.417,-0.757,0.131
1635778375432,2021-11-01T10:52:55.432,84.110,-0.437,-0.845,0.147
1635778375442,2021-11-01T10:52:55.442,84.120,-0.448,-0.877,0.152
1635778375452,2021-11-01T10:52:55.452,84.130,-0.453,-0.858,0.153
1635778375462,2021-11-01T10:52:55.462,84.140,-0.463,-0.838,0.149
1635778375472,2021-11-01T10:52:55.472,84.150,-0.478,-0.837,0.148
1635778375482,2021-11-01T10:52:55.482,84.160,-0.493,-0.841,0.148
1635778375492,2021-11-01T10:52:55.492,84.170,-0.503,-0.815,0.159
1635778375502,2021-11-01T10:52:55.502,84.180,-0.501,-0.811,0.162
1635778375512,2021-11-01T10:52:55.512,84.190,-0.490,-0.864,0.170
1635778375522,2021-11-01T10:52:55.522,84.200,-0.490,-0.924,0.191
1635778375532,2021-11-01T10:52:55.532,84.210,-0.500,-0.925,0.207
1635778375542,2021-11-01T10:52:55.542,84.220,-0.500,-0.884,0.204
1635778375552,2021-11-01T10:52:55.552,84.230,-0.505,-0.868,0.203
1635778375562,2021-11-01T10:52:55.562,84.240,-0.518,-0.880,0.209
1635778375572,2021-11-01T10:52:55.572,84.250,-0.521,-0.882,0.211
1635778375582,2021-11-01T10:52:55.582,84.260,-0.514,-0.871,0.210
1635778375592,2021-11-01T10:52:55.592,84.270,-0.507,-0.876,0.208
1635778375602,2021-11-01T10:52:55.602,84.280,-0.510,-0.896,0.211
1635778375612,2021-11-01T10:52:55.612,84.290,-0.512,-0.905,0.210
1635778375622,2021-11-01T10:52:55.622,84.300,-0.504,-0.896,0.203
1635778375632,2021-11-01T10:52:55.632,84.310,-0.504,-0.879,0.197
1635778375642,2021-11-01T10:52:55.642,84.320,-0.505,-0.865,0.191
1635778375652,2021-11-01T10:52:55.652,84.330,-0.503,-0.861,0.185
1635778375662,2021-11-01T10:52:55.662,84.340,-0.504,-0.861,0.185
1635778375672,2021-11-01T10:52:55.672,84.350,-0.499,-0.860,0.188
1635778375682,2021-11-01T10:52:55.682,84.360,-0.484,-0.870,0.191
1635778375692,2021-11-01T10:52:55.692,84.370,-0.468,-0.887,0.191
1635778375702,2021-11-01T10:52:55.702,84.380,-0.449,-0.915,0.184
1635778375712,2021-11-01T10:52:55.712,84.390,-0.435,-0.946,0.182
1635778375722,2021-11-01T10:52:55.722,84.400,-0.417,-0.971,0.183
1635778375732,2021-11-01T10:52:55.732,84.410,-0.411,-0.975,0.178
1635778375742,2021-11-01T10:52:55.742,84.420,-0.417,-0.948,0.176
1635778375752,2021-11-01T10:52:55.752,84.430,-0.419,-0.911,0.174
1635778375762,2021-11-01T10:52:55.762,84.440,-0.427,-0.893,0.178
1635778375772,2021-11-01T10:52:55.772,84.450,-0.436,-0.896,0.181
1635778375782,2021-11-01T10:52:55.782,84.460,-0.440,-0.907,0.186
1635778375792,2021-11-01T10:52:55.792,84.470,-0.437,-0.916,0.187
1635778375802,2021-11-01T10:52:55.802,84.480,-0.437,-0.929,0.192
1635778375812,2021-11-01T10:52:55.812,84.490,-0.443,-0.940,0.192
1635778375822,2021-11-01T10:52:55.822,84.500,-0.455,-0.937,0.188
1635778375832,2021-11-01T10:52:55.832,84.510,-0.457,-0.930,0.186
1635778375842,2021-11-01T10:52:55.842,84.520,-0.455,-0.918,0.190
1635778375852,2021-11-01T10:52:55.852,84.530,-0.460,-0.904,0.193
1635778375862,2021-11-01T10:52:55.862,84.540,-0.464,-0.890,0.202
1635778375872,2021-11-01T10:52:55.872,84.550,-0.462,-0.900,0.208
1635778375882,2021-11-01T10:52:55.882,84.560,-0.463,-0.924,0.213
1635778375892,2021-11-01T10:52:55.892,84.570,-0.466,-0.942,0.222
1635778375902,2021-11-01T10:52:55.902,84.580,-0.471,-0.951,0.229
1635778375912,2021-11-01T10:52:55.912,84.590,-0.479,-0.940,0.233
1635778375922,2021-11-01T10:52:55.922,84.600,-0.481,-0.930,0.238
1635778375932,2021-11-01T10:52:55.932,84.610,-0.484,-0.933,0.242
1635778375942,2021-11-01T10:52:55.942,84.620,-0.483,-0.942,0.245
1635778375952,2021-11-01T10:52:55.952,84.630,-0.476,-0.960,0.249
1635778375962,2021-11-01T10:52:55.962,84.640,-0.475,-0.977,0.251
1635778375972,2021-11-01T10:52:55.972,84.650,-0.475,-0.989,0.251
1635778375982,2021-11-01T10:52:55.982,84.660,-0.473,-0.985,0.252
1635778375992,2021-11-01T10:52:55.992,84.670,-0.467,-0.962,0.256
1635778376002,2021-11-01T10:52:56.002,84.680,-0.453,-0.950,0.250
1635778376012,2021-11-01T10:52:56.012,84.690,-0.443,-0.953,0.245
1635778376022,2021-11-01T10:52:56.022,84.700,-0.439,-0.964,0.248
1635778376032,2021-11-01T10:52:56.032,84.710,-0.425,-0.972,0.240
1635778376042,2021-11-01T10:52:56.042,84.720,-0.412,-0.969,0.239
1635778376052,2021-11-01T10:52:56.052,84.730,-0.396,-0.969,0.234
1635778376062,2021-11-01T10:52:56.062,84.740,-0.379,-0.961,0.232
1635778376072,2021-11-01T10:52:56.072,84.750,-0.368,-0.936,0.228
1635778376082,2021-11-01T10:52:56.082,84.760,-0.367,-0.910,0.222
1635778376092,2021-11-01T10:52:56.092,84.770,-0.366,-0.901,0.217
1635778376102,2021-11-01T10:52:56.102,84.780,-0.364,-0.917,0.209
1635778376112,2021-11-01T10:52:56.112,84.790,-0.366,-0.940,0.207
1635778376122,2021-11-01T10:52:56.122,84.800,-0.365,-0.949,0.208
1635778376132,2021-11-01T10:52:56.132,84.810,-0.358,-0.939,0.204
1635778376142,2021-11-01T10:52:56.142,84.820,-0.354,-0.931,0.202
1635778376152,2021-11-01T10:52:56.152,84.830,-0.354,-0.934,0.207
1635778376162,2021-11-01T10:52:56.162,84.840,-0.354,-0.933,0.207
1635778376172,2021-11-01T10:52:56.172,84.850,-0.360,-0.921,0.205
1635778376182,2021-11-01T10:52:56.182,84.860,-0.365,-0.914,0.201
1635778376192,2021-11-01T10:52:56.192,84.870,-0.376,-0.913,0.198
1635778376202,2021-11-01T10:52:56.202,84.880,-0.375,-0.924,0.204
1635778376212,2021-11-01T10:52:56.212,84.890,-0.372,-0.939,0.203
1635778376222,2021-11-01T10:52:56.222,84.900,-0.371,-0.952,0.206
1635778376232,2021-11-01T10:52:56.232,84.910,-0.359,-0.967,0.208
1635778376242,2021-11-01T10:52:56.242,84.920,-0.349,-0.979,0.209
1635778376252,2021-11-01T10:52:56.252,84.930,-0.343,-0.983,0.216
1635778376262,2021-11-01T10:52:56.262,84.940,-0.342,-0.983,0.217
1635778376272,2021-11-01T10:52:56.272,84.950,-0.344,-0.971,0.217
1635778376282,2021-11-01T10:52:56.282,84.960,-0.346,-0.962,0.218
1635778376292,2021-11-01T10:52:56.292,84.970,-0.345,-0.970,0.222
1635778376302,2021-11-01T10:52:56.302,84.980,-0.342,-0.995,0.219
1635778376312,2021-11-01T10:52:56.312,84.990,-0.345,-1.012,0.218
1635778376322,2021-11-01T10:52:56.322,85.000,-0.342,-1.007,0.224
1635778376332,2021-11-01T10:52:56.332,85.010,-0.339,-0.989,0.218
1635778376342,2021-11-01T10:52:56.342,85.020,-0.338,-0.982,0.214
1635778376352,2021-11-01T10:52:56.352,85.030,-0.337,-0.990,0.210
1635778376362,2021-11-01T10:52:56.362,85.040,-0.339,-0.995,0.204
1635778376372,2021-11-01T10:52:56.372,85.050,-0.338,-0.983,0.198
1635778376382,2021-11-01T10:52:56.382,85.060,-0.337,-0.973,0.192
1635778376392,2021-11-01T10:52:56.392,85.070,-0.332,-0.982,0.187
1635778376402,2021-11-01T10:52:56.402,85.080,-0.329,-0.987,0.187
1635778376412,2021-11-01T10:52:56.412,85.090,-0.324,-0.978,0.186
1635778376422,2021-11-01T10:52:56.422,85.100,-0.321,-0.971,0.184
1635778376432,2021-11-01T10:52:56.432,85.110,-0.314,-0.971,0.187
1635778376442,2021-11-01T10:52:56.442,85.120,-0.311,-0.972,0.188
1635778376452,2021-11-01T10:52:56.452,85.130,-0.311,-0.973,0.186
1635778376462,2021-11-01T10:52:56.462,85.140,-0.312,-0.967,0.185
1635778376472,2021-11-01T10:52:56.472,85.150,-0.312,-0.958,0.186
1635778376482,2021-11-01T10:52:56.482,85.160,-0.311,-0.956,0.195
1635778376492,2021-11-01T10:52:56.492,85.170,-0.313,-0.968,0.200
1635778376502,2021-11-01T10:52:56.502,85.180,-0.313,-0.985,0.202
1635778376512,2021-11-01T10:52:56.512,85.190,-0.313,-0.994,0.208
1635778376522,2021-11-01T10:52:56.522,85.200,-0.315,-1.001,0.207
1635778376532,2021-11-01T10:52:56.532,85.210,-0.318,-1.000,0.207
1635778376542,2021-11-01T10:52:56.542,85.220,-0.321,-0.991,0.205
1635778376552,2021-11-01T10:52:56.552,85.230,-0.326,-0.981,0.198
1635778376562,2021-11-01T10:52:56.562,85.240,-0.329,-0.973,0.197
1635778376572,2021-11-01T10:52:56.572,85.250,-0.328,-0.974,0.195
1635778376582,2021-11-01T10:52:56.582,85.260,-0.329,-0.980,0.190
1635778376592,2021-11-01T10:52:56.592,85.270,-0.325,-0.998,0.192
1635778376602,2021-11-01T10:52:56.602,85.280,-0.325,-1.006,0.193
1635778376612,2021-11-01T10:52:56.612,85.290,-0.319,-1.000,0.192
1635778376622,2021-11-01T10:52:56.622,85.300,-0.316,-0.990,0.187
1635778376632,2021-11-01T10:52:56.632,85.310,-0.315,-0.977,0.185
1635778376642,2021-11-01T10:52:56.642,85.320,-0.318,-0.970,0.186
1635778376652,2021-11-01T10:52:56.652,85.330,-0.322,-0.970,0.179
1635778376662,2021-11-01T10:52:56.662,85.340,-0.326,-0.971,0.177
1635778376672,2021-11-01T10:52:56.672,85.350,-0.327,-0.977,0.173
1635778376682,2021-11-01T10:52:56.682,85.360,-0.329,-0.981,0.170
1635778376692,2021-11-01T10:52:56.692,85.370,-0.325,-0.979,0.167
1635778376702,2021-11-01T10:52:56.702,85.380,-0.324,-0.983,0.170
1635778376712,2021-11-01T10:52:56.712,85.390,-0.328,-0.987,0.170
1635778376722,2021-11-01T10:52:56.722,85.400,-0.325,-0.991,0.166
1635778376732,2021-11-01T10:52:56.732,85.410,-0.328,-0.993,0.165
1635778376742,2021-11-01T10:52:56.742,85.420,-0.329,-0.993,0.165
1635778376752,2021-11-01T10:52:56.752,85.430,-0.328,-0.991,0.168
1635778376762,2021-11-01T10:52:56.762,85.440,-0.325,-0.987,0.167
1635778376772,2021-11-01T10:52:56.772,85.450,-0.326,-0.984,0.168
1635778376782,2021-11-01T10:52:56.782,85.460,-0.324,-0.980,0.170
1635778376792,2021-11-01T10:52:56.792,85.470,-0.323,-0.969,0.166
1635778376802,2021-11-01T10:52:56.802,85.480,-0.322,-0.964,0.165
1635778376812,2021-11-01T10:52:56.812,85.490,-0.324,-0.974,0.164
1635778376822,2021-11-01T10:52:56.822,85.500,-0.324,-0.987,0.165
1635778376832,2021-11-01T10:52:56.832,85.510,-0.326,-0.997,0.165
1635778376842,2021-11-01T10:52:56.842,85.520,-0.326,-1.000,0.164
1635778376852,2021-11-01T10:52:56.852,85.530,-0.327,-0.995,0.163
1635778376862,2021-11-01T10:52:56.862,85.540,-0.328,-0.991,0.160
1635778376872,2021-11-01T10:52:56.872,85.550,-0.327,-0.982,0.157
1635778376882,2021-11-01T10:52:56.882,85.560,-0.323,-0.977,0.157
1635778376892,2021-11-01T10:52:56.892,85.570,-0.322,-0.972,0.158
1635778376902,2021-11-01T10:52:56.902,85.580,-0.320,-0.968,0.156
1635778376912,2021-11-01T10:52:56.912,85.590,-0.318,-0.974,0.159
1635778376922,2021-11-01T10:52:56.922,85.600,-0.321,-0.979,0.159
1635778376932,2021-11-01T10:52:56.932,85.610,-0.325,-0.975,0.160
1635778376942,2021-11-01T10:52:56.942,85.620,-0.327,-0.969,0.156
1635778376952,2021-11-01T10:52:56.952,85.630,-0.331,-0.967,0.160
1635778376962,2021-11-01T10:52:56.962,85.640,-0.327,-0.971,0.164
1635778376972,2021-11-01T10:52:56.972,85.650,-0.332,-0.972,0.167
1635778376982,2021-11-01T10:52:56.982,85.660,-0.334,-0.973,0.168
1635778376992,2021-11-01T10:52:56.992,85.670,-0.331,-0.973,0.169
1635778377002,2021-11-01T10:52:57.002,85.680,-0.332,-0.980,0.168
1635778377012,2021-11-01T10:52:57.012,85.690,-0.340,-0.994,0.166
1635778377022,2021-11-01T10:52:57.022,85.700,-0.348,-1.002,0.167
1635778377032,2021-11-01T10:52:57.032,85.710,-0.352,-1.003,0.169
1635778377042,2021-11-01T10:52:57.042,85.720,-0.354,-0.991,0.168
1635778377052,2021-11-01T10:52:57.052,85.730,-0.355,-0.983,0.167
1635778377062,2021-11-01T10:52:57.062,85.740,-0.356,-0.981,0.170
1635778377072,2021-11-01T10:52:57.072,85.750,-0.354,-0.979,0.171
1635778377082,2021-11-01T10:52:57.082,85.760,-0.358,-0.980,0.167
1635778377092,2021-11-01T10:52:57.092,85.770,-0.365,-0.986,0.168
1635778377102,2021-11-01T10:52:57.102,85.780,-0.368,-0.998,0.166
1635778377112,2021-11-01T10:52:57.112,85.790,-0.369,-1.006,0.168
1635778377122,2021-11-01T10:52:57.122,85.800,-0.365,-1.011,0.171
1635778377132,2021-11-01T10:52:57.132,85.810,-0.360,-1.004,0.173
1635778377142,2021-11-01T10:52:57.142,85.820,-0.354,-0.989,0.177
1635778377152,2021-11-01T10:52:57.152,85.830,-0.352,-0.980,0.175
1635778377162,2021-11-01T10:52:57.162,85.840,-0.351,-0.971,0.174
1635778377172,2021-11-01T10:52:57.172,85.850,-0.347,-0.975,0.177
1635778377182,2021-11-01T10:52:57.182,85.860,-0.350,-0.981,0.177
1635778377192,2021-11-01T10:52:57.192,85.870,-0.352,-0.978,0.177
1635778377202,2021-11-01T10:52:57.202,85.880,-0.354,-0.979,0.177
1635778377212,2021-11-01T10:52:57.212,85.890,-0.353,-0.981,0.172
1635778377222,2021-11-01T10:52:57.222,85.900,-0.350,-0.983,0.170
1635778377232,2021-11-01T10:52:57.232,85.910,-0.354,-0.986,0.168
1635778377242,2021-11-01T10:52:57.242,85.920,-0.349,-0.979,0.172
1635778377252,2021-11-01T10:52:57.252,85.930,-0.348,-0.969,0.174
1635778377262,2021-11-01T10:52:57.262,85.940,-0.349,-0.966,0.174
1635778377272,2021-11-01T10:52:57.272,85.950,-0.350,-0.971,0.173
1635778377282,2021-11-01T10:52:57.282,85.960,-0.354,-0.982,0.170
1635778377292,2021-11-01T10:52:57.292,85.970,-0.357,-0.989,0.172
1635778377302,2021-11-01T10:52:57.302,85.980,-0.361,-0.987,0.168
1635778377312,2021-11-01T10:52:57.312,85.990,-0.361,-0.980,0.171
1635778377322,2021-11-01T10:52:57.322,86.000,-0.358,-0.978,0.171
1635778377332,2021-11-01T10:52:57.332,86.010,-0.356,-0.974,0.174
1635778377342,2021-11-01T10:52:57.342,86.020,-0.355,-0.971,0.174
1635778377352,2021-11-01T10:52:57.352,86.030,-0.353,-0.974,0.174
1635778377362,2021-11-01T10:52:57.362,86.040,-0.350,-0.976,0.176
1635778377372,2021-11-01T10:52:57.372,86.050,-0.350,-0.980,0.173
1635778377382,2021-11-01T10:52:57.382,86.060,-0.357,-0.986,0.176
1635778377392,2021-11-01T10:52:57.392,86.070,-0.356,-0.988,0.175
1635778377402,2021-11-01T10:52:57.402,86.080,-0.355,-0.988,0.172
1635778377412,2021-11-01T10:52:57.412,86.090,-0.355,-0.987,0.171
1635778377422,2021-11-01T10:52:57.422,86.100,-0.357,-0.981,0.173
1635778377432,2021-11-01T10:52:57.432,86.110,-0.354,-0.977,0.174
1635778377442,2021-11-01T10:52:57.442,86.120,-0.351,-0.969,0.175
1635778377452,2021-11-01T10:52:57.452,86.130,-0.350,-0.967,0.175
1635778377462,2021-11-01T10:52:57.462,86.140,-0.350,-0.971,0.175
1635778377472,2021-11-01T10:52:57.472,86.150,-0.349,-0.976,0.176
1635778377482,2021-11-01T10:52:57.482,86.160,-0.346,-0.975,0.176
1635778377492,2021-11-01T10:52:57.492,86.170,-0.351,-0.976,0.177
1635778377502,2021-11-01T10:52:57.502,86.180,-0.356,-0.976,0.178
1635778377512,2021-11-01T10:52:57.512,86.190,-0.359,-0.974,0.177
1635778377522,2021-11-01T10:52:57.522,86.200,-0.359,-0.973,0.176
1635778377532,2021-11-01T10:52:57.532,86.210,-0.355,-0.977,0.174
1635778377542,2021-11-01T10:52:57.542,86.220,-0.353,-0.986,0.176
1635778377552,2021-11-01T10:52:57.552,86.230,-0.352,-0.989,0.178
1635778377562,2021-11-01T10:52:57.562,86.240,-0.353,-0.992,0.176
1635778377572,2021-11-01T10:52:57.572,86.250,-0.354,-0.992,0.175
1635778377582,2021-11-01T10:52:57.582,86.260,-0.360,-0.982,0.180
1635778377592,2021-11-01T10:52:57.592,86.270,-0.361,-0.970,0.177
1635778377602,2021-11-01T10:52:57.602,86.280,-0.362,-0.979,0.169
1635778377612,2021-11-01T10:52:57.612,86.290,-0.368,-0.989,0.169
1635778377622,2021-11-01T10:52:57.622,86.300,-0.371,-0.985,0.168
1635778377632,2021-11-01T10:52:57.632,86.310,-0.372,-0.973,0.164
1635778377642,2021-11-01T10:52:57.642,86.320,-0.366,-0.971,0.163
1635778377652,2021-11-01T10:52:57.652,86.330,-0.363,-0.976,0.163
1635778377662,2021-11-01T10:52:57.662,86.340,-0.368,-0.976,0.162
1635778377672,2021-11-01T10:52:57.672,86.350,-0.369,-0.973,0.161
1635778377682,2021-11-01T10:52:57.682,86.360,-0.367,-0.972,0.161
1635778377692,2021-11-01T10:52:57.692,86.370,-0.368,-0.978,0.159
1635778377702,2021-11-01T10:52:57.702,86.380,-0.368,-0.984,0.160
1635778377712,2021-11-01T10:52:57.712,86.390,-0.366,-0.980,0.161
1635778377722,2021-11-01T10:52:57.722,86.400,-0.364,-0.973,0.163
1635778377732,2021-11-01T10:52:57.732,86.410,-0.362,-0.973,0.164
1635778377742,2021-11-01T10:52:57.742,86.420,-0.364,-0.974,0.169
1635778377752,2021-11-01T10:52:57.752,86.430,-0.363,-0.975,0.170
1635778377762,2021-11-01T10:52:57.762,86.440,-0.359,-0.977,0.171
1635778377772,2021-11-01T10:52:57.772,86.450,-0.358,-0.985,0.169
1635778377782,2021-11-01T10:52:57.782,86.460,-0.363,-0.985,0.169
1635778377792,2021-11-01T10:52:57.792,86.470,-0.361,-0.975,0.169
1635778377802,2021-11-01T10:52:57.802,86.480,-0.359,-0.975,0.169
1635778377812,2021-11-01T10:52:57.812,86.490,-0.360,-0.975,0.169
1635778377822,2021-11-01T10:52:57.822,86.500,-0.362,-0.973,0.166
1635778377832,2021-11-01T10:52:57.832,86.510,-0.362,-0.974,0.166
1635778377842,2021-11-01T10:52:57.842,86.520,-0.362,-0.973,0.162
1635778377852,2021-11-01T10:52:57.852,86.530,-0.364,-0.975,0.161
1635778377862,2021-11-01T10:52:57.862,86.540,-0.367,-0.979,0.163
1635778377872,2021-11-01T10:52:57.872,86.550,-0.366,-0.987,0.163
1635778377882,2021-11-01T10:52:57.882,86.560,-0.367,-0.986,0.163
1635778377892,2021-11-01T10:52:57.892,86.570,-0.365,-0.981,0.162
1635778377902,2021-11-01T10:52:57.902,86.580,-0.363,-0.976,0.161
1635778377912,2021-11-01T10:52:57.912,86.590,-0.362,-0.976,0.161
1635778377922,2021-11-01T10:52:57.922,86.600,-0.359,-0.976,0.161
1635778377932,2021-11-01T10:52:57.932,86.610,-0.354,-0.969,0.161
1635778377942,2021-11-01T10:52:57.942,86.620,-0.351,-0.963,0.159
1635778377952,2021-11-01T10:52:57.952,86.630,-0.352,-0.961,0.160
1635778377962,2021-11-01T10:52:57.962,86.640,-0.352,-0.966,0.158
1635778377972,2021-11-01T10:52:57.972,86.650,-0.353,-0.975,0.158
1635778377982,2021-11-01T10:52:57.982,86.660,-0.359,-0.984,0.163
1635778377992,2021-11-01T10:52:57.992,86.670,-0.363,-0.994,0.163
1635778378002,2021-11-01T10:52:58.002,86.680,-0.364,-0.993,0.162
1635778378012,2021-11-01T10:52:58.012,86.690,-0.365,-0.980,0.161
1635778378022,2021-11-01T10:52:58.022,86.700,-0.367,-0.970,0.160
1635778378032,2021-11-01T10:52:58.032,86.710,-0.371,-0.968,0.162
1635778378042,2021-11-01T10:52:58.042,86.720,-0.368,-0.967,0.164
1635778378052,2021-11-01T10:52:58.052,86.730,-0.361,-0.964,0.165
1635778378062,2021-11-01T10:52:58.062,86.740,-0.363,-0.970,0.167
1635778378072,2021-11-01T10:52:58.072,86.750,-0.365,-0.984,0.171
1635778378082,2021-11-01T10:52:58.082,86.760,-0.364,-0.985,0.173
1635778378092,2021-11-01T10:52:58.092,86.770,-0.362,-0.978,0.175
1635778378102,2021-11-01T10:52:58.102,86.780,-0.358,-0.971,0.177
1635778378112,2021-11-01T10:52:58.112,86.790,-0.357,-0.979,0.173
1635778378122,2021-11-01T10:52:58.122,86.800,-0.358,-0.980,0.175
1635778378132,2021-11-01T10:52:58.132,86.810,-0.361,-0.978,0.169
1635778378142,2021-11-01T10:52:58.142,86.820,-0.364,-0.971,0.168
1635778378152,2021-11-01T10:52:58.152,86.830,-0.366,-0.968,0.166
1635778378162,2021-11-01T10:52:58.162,86.840,-0.365,-0.976,0.167
1635778378172,2021-11-01T10:52:58.172,86.850,-0.368,-0.974,0.171
1635778378182,2021-11-01T10:52:58.182,86.860,-0.370,-0.969,0.167
1635778378192,2021-11-01T10:52:58.192,86.870,-0.370,-0.969,0.166
1635778378202,2021-11-01T10:52:58.202,86.880,-0.371,-0.967,0.165
1635778378212,2021-11-01T10:52:58.212,86.890,-0.372,-0.965,0.166
1635778378222,2021-11-01T10:52:58.222,86.900,-0.370,-0.969,0.166
1635778378232,2021-11-01T10:52:58.232,86.910,-0.366,-0.975,0.166
1635778378242,2021-11-01T10:52:58.242,86.920,-0.367,-0.982,0.170
1635778378252,2021-11-01T10:52:58.252,86.930,-0.369,-0.988,0.167
1635778378262,2021-11-01T10:52:58.262,86.940,-0.372,-0.989,0.165
1635778378272,2021-11-01T10:52:58.272,86.950,-0.374,-0.987,0.166
1635778378282,2021-11-01T10:52:58.282,86.960,-0.372,-0.979,0.167
1635778378292,2021-11-01T10:52:58.292,86.970,-0.367,-0.972,0.166
1635778378302,2021-11-01T10:52:58.302,86.980,-0.370,-0.970,0.167
1635778378312,2021-11-01T10:52:58.312,86.990,-0.363,-0.974,0.166
1635778378322,2021-11-01T10:52:58.322,87.000,-0.364,-0.972,0.168
1635778378332,2021-11-01T10:52:58.332,87.010,-0.364,-0.971,0.168
1635778378342,2021-11-01T10:52:58.342,87.020,-0.368,-0.979,0.167
1635778378352,2021-11-01T10:52:58.352,87.030,-0.371,-0.984,0.165
1635778378362,2021-11-01T10:52:58.362,87.040,-0.374,-0.985,0.165
1635778378372,2021-11-01T10:52:58.372,87.050,-0.373,-0.978,0.163
1635778378382,2021-11-01T10:52:58.382,87.060,-0.370,-0.972,0.161
1635778378392,2021-11-01T10:52:58.392,87.070,-0.366,-0.969,0.160
1635778378402,2021-11-01T10:52:58.402,87.080,-0.364,-0.977,0.159
1635778378412,2021-11-01T10:52:58.412,87.090,-0.365,-0.985,0.161
1635778378422,2021-11-01T10:52:58.422,87.100,-0.363,-0.982,0.158
1635778378432,2021-11-01T10:52:58.432,87.110,-0.362,-0.965,0.161
1635778378442,2021-11-01T10:52:58.442,87.120,-0.360,-0.960,0.162
1635778378452,2021-11-01T10:52:58.452,87.130,-0.359,-0.972,0.155
1635778378462,2021-11-01T10:52:58.462,87.140,-0.364,-0.976,0.160
1635778378472,2021-11-01T10:52:58.472,87.150,-0.365,-0.978,0.158
1635778378482,2021-11-01T10:52:58.482,87.160,-0.369,-0.975,0.160
1635778378492,2021-11-01T10:52:58.492,87.170,-0.370,-0.973,0.164
1635778378502,2021-11-01T10:52:58.502,87.180,-0.368,-0.972,0.164
1635778378512,2021-11-01T10:52:58.512,87.190,-0.367,-0.968,0.167
1635778378522,2021-11-01T10:52:58.522,87.200,-0.366,-0.966,0.164
1635778378532,2021-11-01T10:52:58.532,87.210,-0.372,-0.966,0.165
1635778378542,2021-11-01T10:52:58.542,87.220,-0.377,-0.962,0.166
1635778378552,2021-11-01T10:52:58.552,87.230,-0.375,-0.969,0.166
1635778378562,2021-11-01T10:52:58.562,87.240,-0.380,-0.973,0.164
1635778378572,2021-11-01T10:52:58.572,87.250,-0.381,-0.978,0.164
1635778378582,2021-11-01T10:52:58.582,87.260,-0.382,-0.981,0.160
1635778378592,2021-11-01T10:52:58.592,87.270,-0.387,-0.982,0.163
1635778378602,2021-11-01T10:52:58.602,87.280,-0.385,-0.976,0.165
1635778378612,2021-11-01T10:52:58.612,87.290,-0.380,-0.967,0.161
1635778378622,2021-11-01T10:52:58.622,87.300,-0.380,-0.965,0.162
1635778378632,2021-11-01T10:52:58.632,87.310,-0.384,-0.972,0.166
1635778378642,2021-11-01T10:52:58.642,87.320,-0.382,-0.975,0.167
1635778378652,2021-11-01T10:52:58.652,87.330,-0.378,-0.981,0.167
1635778378662,2021-11-01T10:52:58.662,87.340,-0.382,-0.986,0.164
1635778378672,2021-11-01T10:52:58.672,87.350,-0.384,-0.980,0.167
1635778378682,2021-11-01T10:52:58.682,87.360,-0.379,-0.973,0.165
1635778378692,2021-11-01T10:52:58.692,87.370,-0.382,-0.970,0.164
1635778378702,2021-11-01T10:52:58.702,87.380,-0.383,-0.971,0.168
1635778378712,2021-11-01T10:52:58.712,87.390,-0.378,-0.971,0.167
1635778378722,2021-11-01T10:52:58.722,87.400,-0.375,-0.965,0.166
1635778378732,2021-11-01T10:52:58.732,87.410,-0.379,-0.961,0.165
1635778378742,2021-11-01T10:52:58.742,87.420,-0.380,-0.963,0.165
1635778378752,2021-11-01T10:52:58.752,87.430,-0.387,-0.965,0.162
1635778378762,2021-11-01T10:52:58.762,87.440,-0.387,-0.971,0.164
1635778378772,2021-11-01T10:52:58.772,87.450,-0.386,-0.979,0.164
1635778378782,2021-11-01T10:52:58.782,87.460,-0.379,-0.979,0.166
1635778378792,2021-11-01T10:52:58.792,87.470,-0.379,-0.975,0.167
1635778378802,2021-11-01T10:52:58.802,87.480,-0.375,-0.975,0.168
1635778378812,2021-11-01T10:52:58.812,87.490,-0.375,-0.981,0.171
1635778378822,2021-11-01T10:52:58.822,87.500,-0.375,-0.981,0.170
1635778378832,2021-11-01T10:52:58.832,87.510,-0.375,-0.980,0.171
1635778378842,2021-11-01T10:52:58.842,87.520,-0.376,-0.983,0.172
1635778378852,2021-11-01T10:52:58.852,87.530,-0.379,-0.987,0.172
1635778378862,2021-11-01T10:52:58.862,87.540,-0.379,-0.983,0.169
1635778378872,2021-11-01T10:52:58.872,87.550,-0.378,-0.971,0.167
1635778378882,2021-11-01T10:52:58.882,87.560,-0.372,-0.963,0.167
1635778378892,2021-11-01T10:52:58.892,87.570,-0.372,-0.962,0.165
1635778378902,2021-11-01T10:52:58.902,87.580,-0.369,-0.971,0.162
1635778378912,2021-11-01T10:52:58.912,87.590,-0.367,-0.977,0.161
1635778378922,2021-11-01T10:52:58.922,87.600,-0.370,-0.977,0.160
1635778378932,2021-11-01T10:52:58.932,87.610,-0.372,-0.971,0.157
1635778378942,2021-11-01T10:52:58.942,87.620,-0.377,-0.963,0.156
1635778378952,2021-11-01T10:52:58.952,87.630,-0.382,-0.965,0.153
1635778378962,2021-11-01T10:52:58.962,87.640,-0.382,-0.965,0.152
1635778378972,2021-11-01T10:52:58.972,87.650,-0.384,-0.960,0.157
1635778378982,2021-11-01T10:52:58.982,87.660,-0.382,-0.958,0.156
1635778378992,2021-11-01T10:52:58.992,87.670,-0.384,-0.958,0.163
1635778379002,2021-11-01T10:52:59.002,87.680,-0.383,-0.971,0.163
1635778379012,2021-11-01T10:52:59.012,87.690,-0.382,-0.983,0.159
1635778379022,2021-11-01T10:52:59.022,87.700,-0.382,-0.986,0.165
1635778379032,2021-11-01T10:52:59.032,87.710,-0.385,-0.987,0.166
1635778379042,2021-11-01T10:52:59.042,87.720,-0.378,-0.988,0.167
1635778379052,2021-11-01T10:52:59.052,87.730,-0.368,-0.984,0.171
1635778379062,2021-11-01T10:52:59.062,87.740,-0.364,-0.976,0.172
1635778379072,2021-11-01T10:52:59.072,87.750,-0.364,-0.963,0.174
1635778379082,2021-11-01T10:52:59.082,87.760,-0.357,-0.967,0.173
1635778379092,2021-11-01T10:52:59.092,87.770,-0.358,-0.981,0.167
1635778379102,2021-11-01T10:52:59.102,87.780,-0.357,-0.986,0.164
1635778379112,2021-11-01T10:52:59.112,87.790,-0.354,-0.981,0.161
1635778379122,2021-11-01T10:52:59.122,87.800,-0.350,-0.982,0.152
1635778379132,2021-11-01T10:52:59.132,87.810,-0.348,-0.997,0.146
1635778379142,2021-11-01T10:52:59.142,87.820,-0.345,-0.999,0.146
1635778379152,2021-11-01T10:52:59.152,87.830,-0.336,-0.995,0.140
1635778379162,2021-11-01T10:52:59.162,87.840,-0.328,-0.994,0.136
1635778379172,2021-11-01T10:52:59.172,87.850,-0.326,-0.998,0.131
1635778379182,2021-11-01T10:52:59.182,87.860,-0.321,-1.000,0.125
1635778379192,2021-11-01T10:52:59.192,87.870,-0.317,-1.002,0.117
1635778379202,2021-11-01T10:52:59.202,87.880,-0.312,-0.995,0.112
1635778379212,2021-11-01T10:52:59.212,87.890,-0.306,-0.981,0.111
1635778379222,2021-11-01T10:52:59.222,87.900,-0.306,-0.967,0.107
1635778379232,2021-11-01T10:52:59.232,87.910,-0.300,-0.963,0.103
1635778379242,2021-11-01T10:52:59.242,87.920,-0.291,-0.958,0.106
1635778379252,2021-11-01T10:52:59.252,87.930,-0.279,-0.946,0.107
1635778379262,2021-11-01T10:52:59.262,87.940,-0.271,-0.933,0.111
1635778379272,2021-11-01T10:52:59.272,87.950,-0.259,-0.934,0.109
1635778379282,2021-11-01T10:52:59.282,87.960,-0.251,-0.941,0.104
1635778379292,2021-11-01T10:52:59.292,87.970,-0.249,-0.933,0.111
1635778379302,2021-11-01T10:52:59.302,87.980,-0.243,-0.917,0.109
1635778379312,2021-11-01T10:52:59.312,87.990,-0.229,-0.911,0.108
1635778379322,2021-11-01T10:52:59.322,88.000,-0.229,-0.915,0.104
1635778379332,2021-11-01T10:52:59.332,88.010,-0.224,-0.905,0.102
1635778379342,2021-11-01T10:52:59.342,88.020,-0.211,-0.878,0.101
1635778379352,2021-11-01T10:52:59.352,88.030,-0.202,-0.846,0.102
1635778379362,2021-11-01T10:52:59.362,88.040,-0.199,-0.822,0.103
1635778379372,2021-11-01T10:52:59.372,88.050,-0.202,-0.809,0.099
1635778379382,2021-11-01T10:52:59.382,88.060,-0.211,-0.810,0.099
1635778379392,2021-11-01T10:52:59.392,88.070,-0.216,-0.820,0.098
1635778379402,2021-11-01T10:52:59.402,88.080,-0.216,-0.816,0.093
1635778379412,2021-11-01T10:52:59.412,88.090,-0.215,-0.802,0.086
1635778379422,2021-11-01T10:52:59.422,88.100,-0.215,-0.753,0.085
1635778379432,2021-11-01T10:52:59.432,88.110,-0.215,-0.675,0.090
1635778379442,2021-11-01T10:52:59.442,88.120,-0.219,-0.601,0.089
1635778379452,2021-11-01T10:52:59.452,88.130,-0.255,-0.563,0.095
1635778379462,2021-11-01T10:52:59.462,88.140,-0.297,-0.559,0.113
1635778379472,2021-11-01T10:52:59.472,88.150,-0.316,-0.572,0.122
1635778379482,2021-11-01T10:52:59.482,88.160,-0.329,-0.602,0.120
1635778379492,2021-11-01T10:52:59.492,88.170,-0.337,-0.625,0.132
1635778379502,2021-11-01T10:52:59.502,88.180,-0.344,-0.650,0.139
1635778379512,2021-11-01T10:52:59.512,88.190,-0.353,-0.670,0.135
1635778379522,2021-11-01T10:52:59.522,88.200,-0.375,-0.674,0.135
1635778379532,2021-11-01T10:52:59.532,88.210,-0.410,-0.641,0.144
1635778379542,2021-11-01T10:52:59.542,88.220,-0.438,-0.571,0.156
1635778379552,2021-11-01T10:52:59.552,88.230,-0.470,-0.528,0.154
1635778379562,2021-11-01T10:52:59.562,88.240,-0.517,-0.560,0.150
1635778379572,2021-11-01T10:52:59.572,88.250,-0.569,-0.625,0.154
1635778379582,2021-11-01T10:52:59.582,88.260,-0.590,-0.658,0.158
1635778379592,2021-11-01T10:52:59.592,88.270,-0.579,-0.656,0.158
1635778379602,2021-11-01T10:52:59.602,88.280,-0.566,-0.654,0.160
1635778379612,2021-11-01T10:52:59.612,88.290,-0.573,-0.636,0.164
1635778379622,2021-11-01T10:52:59.622,88.300,-0.596,-0.596,0.183
1635778379632,2021-11-01T10:52:59.632,88.310,-0.626,-0.588,0.181
1635778379642,2021-11-01T10:52:59.642,88.320,-0.658,-0.621,0.178
1635778379652,2021-11-01T10:52:59.652,88.330,-0.686,-0.641,0.187
1635778379662,2021-11-01T10:52:59.662,88.340,-0.698,-0.650,0.171
1635778379672,2021-11-01T10:52:59.672,88.350,-0.700,-0.677,0.159
1635778379682,2021-11-01T10:52:59.682,88.360,-0.708,-0.710,0.158
1635778379692,2021-11-01T10:52:59.692,88.370,-0.724,-0.689,0.166
1635778379702,2021-11-01T10:52:59.702,88.380,-0.729,-0.629,0.166
1635778379712,2021-11-01T10:52:59.712,88.390,-0.738,-0.597,0.163
1635778379722,2021-11-01T10:52:59.722,88.400,-0.769,-0.601,0.167
1635778379732,2021-11-01T10:52:59.732,88.410,-0.790,-0.630,0.162
1635778379742,2021-11-01T10:52:59.742,88.420,-0.797,-0.683,0.158
1635778379752,2021-11-01T10:52:59.752,88.430,-0.789,-0.729,0.155
1635778379762,2021-11-01T10:52:59.762,88.440,-0.789,-0.731,0.160
1635778379772,2021-11-01T10:52:59.772,88.450,-0.776,-0.667,0.172
1635778379782,2021-11-01T10:52:59.782,88.460,-0.750,-0.601,0.172
1635778379792,2021-11-01T10:52:59.792,88.470,-0.758,-0.583,0.173
1635778379802,2021-11-01T10:52:59.802,88.480,-0.809,-0.579,0.186
1635778379812,2021-11-01T10:52:59.812,88.490,-0.838,-0.575,0.187
1635778379822,2021-11-01T10:52:59.822,88.500,-0.840,-0.581,0.178
1635778379832,2021-11-01T10:52:59.832,88.510,-0.834,-0.619,0.175
1635778379842,2021-11-01T10:52:59.842,88.520,-0.832,-0.654,0.183
1635778379852,2021-11-01T10:52:59.852,88.530,-0.825,-0.645,0.194
1635778379862,2021-11-01T10:52:59.862,88.540,-0.820,-0.591,0.195
1635778379872,2021-11-01T10:52:59.872,88.550,-0.846,-0.544,0.195
1635778379882,2021-11-01T10:52:59.882,88.560,-0.892,-0.544,0.189
1635778379892,2021-11-01T10:52:59.892,88.570,-0.954,-0.565,0.194
1635778379902,2021-11-01T10:52:59.902,88.580,-0.998,-0.583,0.195
1635778379912,2021-11-01T10:52:59.912,88.590,-1.008,-0.600,0.197
1635778379922,2021-11-01T10:52:59.922,88.600,-1.010,-0.624,0.210
1635778379932,2021-11-01T10:52:59.932,88.610,-1.000,-0.641,0.216
1635778379942,2021-11-01T10:52:59.942,88.620,-0.985,-0.622,0.226
1635778379952,2021-11-01T10:52:59.952,88.630,-0.992,-0.583,0.231
1635778379962,2021-11-01T10:52:59.962,88.640,-1.005,-0.548,0.234
1635778379972,2021-11-01T10:52:59.972,88.650,-1.037,-0.536,0.233
1635778379982,2021-11-01T10:52:59.982,88.660,-1.087,-0.542,0.236
1635778379992,2021-11-01T10:52:59.992,88.670,-1.115,-0.556,0.243
1635778380002,2021-11-01T10:53:00.002,88.680,-1.116,-0.579,0.249
1635778380012,2021-11-01T10:53:00.012,88.690,-1.124,-0.599,0.252
1635778380022,2021-11-01T10:53:00.022,88.700,-1.128,-0.624,0.259
1635778380032,2021-11-01T10:53:00.032,88.710,-1.119,-0.640,0.261
1635778380042,2021-11-01T10:53:00.042,88.720,-1.128,-0.609,0.261
1635778380052,2021-11-01T10:53:00.052,88.730,-1.142,-0.558,0.250
1635778380062,2021-11-01T10:53:00.062,88.740,-1.169,-0.552,0.234
1635778380072,2021-11-01T10:53:00.072,88.750,-1.206,-0.580,0.229
1635778380082,2021-11-01T10:53:00.082,88.760,-1.222,-0.612,0.220
1635778380092,2021-11-01T10:53:00.092,88.770,-1.231,-0.646,0.214
1635778380102,2021-11-01T10:53:00.102,88.780,-1.228,-0.661,0.213
1635778380112,2021-11-01T10:53:00.112,88.790,-1.212,-0.644,0.214
1635778380122,2021-11-01T10:53:00.122,88.800,-1.200,-0.601,0.206
1635778380132,2021-11-01T10:53:00.132,88.810,-1.206,-0.548,0.207
1635778380142,2021-11-01T10:53:00.142,88.820,-1.211,-0.529,0.201
1635778380152,2021-11-01T10:53:00.152,88.830,-1.219,-0.550,0.194
1635778380162,2021-11-01T10:53:00.162,88.840,-1.246,-0.596,0.197
1635778380172,2021-11-01T10:53:00.172,88.850,-1.264,-0.649,0.203
1635778380182,2021-11-01T10:53:00.182,88.860,-1.267,-0.687,0.213
1635778380192,2021-11-01T10:53:00.192,88.870,-1.257,-0.688,0.221
1635778380202,2021-11-01T10:53:00.202,88.880,-1.245,-0.648,0.221
1635778380212,2021-11-01T10:53:00.212,88.890,-1.229,-0.591,0.219
1635778380222,2021-11-01T10:53:00.222,88.900,-1.226,-0.547,0.214
1635778380232,2021-11-01T10:53:00.232,88.910,-1.226,-0.551,0.208
1635778380242,2021-11-01T10:53:00.242,88.920,-1.232,-0.594,0.217
1635778380252,2021-11-01T10:53:00.252,88.930,-1.235,-0.631,0.227
1635778380262,2021-11-01T10:53:00.262,88.940,-1.232,-0.651,0.232
1635778380272,2021-11-01T10:53:00.272,88.950,-1.229,-0.638,0.243
1635778380282,2021-11-01T10:53:00.282,88.960,-1.215,-0.610,0.244
1635778380292,2021-11-01T10:53:00.292,88.970,-1.187,-0.597,0.237
1635778380302,2021-11-01T10:53:00.302,88.980,-1.164,-0.587,0.227
1635778380312,2021-11-01T10:53:00.312,88.990,-1.155,-0.566,0.208
1635778380322,2021-11-01T10:53:00.322,89.000,-1.134,-0.548,0.189
1635778380332,2021-11-01T10:53:00.332,89.010,-1.112,-0.543,0.188
1635778380342,2021-11-01T10:53:00.342,89.020,-1.088,-0.564,0.186
1635778380352,2021-11-01T10:53:00.352,89.030,-1.051,-0.617,0.170
1635778380362,2021-11-01T10:53:00.362,89.040,-1.017,-0.679,0.170
1635778380372,2021-11-01T10:53:00.372,89.050,-0.969,-0.719,0.175
1635778380382,2021-11-01T10:53:00.382,89.060,-0.914,-0.738,0.167
1635778380392,2021-11-01T10:53:00.392,89.070,-0.874,-0.766,0.174
1635778380402,2021-11-01T10:53:00.402,89.080,-0.827,-0.826,0.176
1635778380412,2021-11-01T10:53:00.412,89.090,-0.782,-0.920,0.175
1635778380422,2021-11-01T10:53:00.422,89.100,-0.751,-1.022,0.179
1635778380432,2021-11-01T10:53:00.432,89.110,-0.719,-1.101,0.179
1635778380442,2021-11-01T10:53:00.442,89.120,-0.684,-1.152,0.168
1635778380452,2021-11-01T10:53:00.452,89.130,-0.644,-1.183,0.153
1635778380462,2021-11-01T10:53:00.462,89.140,-0.615,-1.197,0.147
1635778380472,2021-11-01T10:53:00.472,89.150,-0.589,-1.186,0.140
1635778380482,2021-11-01T10:53:00.482,89.160,-0.555,-1.139,0.131
1635778380492,2021-11-01T10:53:00.492,89.170,-0.523,-1.074,0.129
1635778380502,2021-11-01T10:53:00.502,89.180,-0.500,-1.006,0.132
1635778380512,2021-11-01T10:53:00.512,89.190,-0.481,-0.939,0.135
1635778380522,2021-11-01T10:53:00.522,89.200,-0.454,-0.870,0.134
1635778380532,2021-11-01T10:53:00.532,89.210,-0.418,-0.815,0.132
1635778380542,2021-11-01T10:53:00.542,89.220,-0.383,-0.782,0.130
1635778380552,2021-11-01T10:53:00.552,89.230,-0.359,-0.760,0.134
1635778380562,2021-11-01T10:53:00.562,89.240,-0.340,-0.733,0.131
1635778380572,2021-11-01T10:53:00.572,89.250,-0.315,-0.707,0.126
1635778380582,2021-11-01T10:53:00.582,89.260,-0.284,-0.708,0.123
1635778380592,2021-11-01T10:53:00.592,89.270,-0.273,-0.722,0.125
1635778380602,2021-11-01T10:53:00.602,89.280,-0.262,-0.721,0.133
1635778380612,2021-11-01T10:53:00.612,89.290,-0.244,-0.724,0.130
1635778380622,2021-11-01T10:53:00.622,89.300,-0.230,-0.750,0.132
1635778380632,2021-11-01T10:53:00.632,89.310,-0.224,-0.783,0.139
1635778380642,2021-11-01T10:53:00.642,89.320,-0.218,-0.815,0.140
1635778380652,2021-11-01T10:53:00.652,89.330,-0.213,-0.835,0.142
1635778380662,2021-11-01T10:53:00.662,89.340,-0.203,-0.859,0.143
1635778380672,2021-11-01T10:53:00.672,89.350,-0.190,-0.900,0.143
1635778380682,2021-11-01T10:53:00.682,89.360,-0.185,-0.935,0.150
1635778380692,2021-11-01T10:53:00.692,89.370,-0.180,-0.954,0.153
1635778380702,2021-11-01T10:53:00.702,89.380,-0.177,-0.974,0.149
1635778380712,2021-11-01T10:53:00.712,89.390,-0.171,-1.002,0.146
1635778380722,2021-11-01T10:53:00.722,89.400,-0.183,-1.024,0.147
1635778380732,2021-11-01T10:53:00.732,89.410,-0.196,-1.036,0.148
1635778380742,2021-11-01T10:53:00.742,89.420,-0.209,-1.044,0.144
1635778380752,2021-11-01T10:53:00.752,89.430,-0.219,-1.046,0.140
1635778380762,2021-11-01T10:53:00.762,89.440,-0.223,-1.037,0.140
1635778380772,2021-11-01T10:53:00.772,89.450,-0.224,-1.026,0.143
1635778380782,2021-11-01T10:53:00.782,89.460,-0.223,-1.020,0.137
1635778380792,2021-11-01T10:53:00.792,89.470,-0.224,-1.021,0.131
1635778380802,2021-11-01T10:53:00.802,89.480,-0.227,-1.021,0.127
1635778380812,2021-11-01T10:53:00.812,89.490,-0.226,-1.012,0.119
1635778380822,2021-11-01T10:53:00.822,89.500,-0.228,-1.010,0.110
1635778380832,2021-11-01T10:53:00.832,89.510,-0.233,-1.012,0.108
1635778380842,2021-11-01T10:53:00.842,89.520,-0.233,-1.003,0.109
1635778380852,2021-11-01T10:53:00.852,89.530,-0.230,-0.980,0.106
1635778380862,2021-11-01T10:53:00.862,89.540,-0.221,-0.976,0.104
1635778380872,2021-11-01T10:53:00.872,89.550,-0.221,-0.977,0.104
1635778380882,2021-11-01T10:53:00.882,89.560,-0.218,-0.983,0.112
1635778380892,2021-11-01T10:53:00.892,89.570,-0.208,-0.996,0.116
1635778380902,2021-11-01T10:53:00.902,89.580,-0.200,-1.014,0.117
1635778380912,2021-11-01T10:53:00.912,89.590,-0.195,-1.022,0.118
1635778380922,2021-11-01T10:53:00.922,89.600,-0.191,-1.017,0.121
1635778380932,2021-11-01T10:53:00.932,89.610,-0.194,-1.002,0.119
1635778380942,2021-11-01T10:53:00.942,89.620,-0.192,-0.985,0.114
1635778380952,2021-11-01T10:53:00.952,89.630,-0.187,-0.979,0.114
1635778380962,2021-11-01T10:53:00.962,89.640,-0.184,-0.993,0.112
1635778380972,2021-11-01T10:53:00.972,89.650,-0.192,-0.994,0.117
1635778380982,2021-11-01T10:53:00.982,89.660,-0.199,-0.987,0.117
1635778380992,2021-11-01T10:53:00.992,89.670,-0.209,-0.986,0.112
1635778381002,2021-11-01T10:53:01.002,89.680,-0.215,-1.008,0.101
1635778381012,2021-11-01T10:53:01.012,89.690,-0.225,-1.030,0.105
1635778381022,2021-11-01T10:53:01.022,89.700,-0.226,-1.033,0.098
1635778381032,2021-11-01T10:53:01.032,89.710,-0.218,-1.019,0.091
1635778381042,2021-11-01T10:53:01.042,89.720,-0.216,-1.007,0.092
1635778381052,2021-11-01T10:53:01.052,89.730,-0.226,-1.011,0.082
1635778381062,2021-11-01T10:53:01.062,89.740,-0.228,-1.007,0.079
1635778381072,2021-11-01T10:53:01.072,89.750,-0.227,-1.002,0.076
1635778381082,2021-11-01T10:53:01.082,89.760,-0.235,-1.002,0.073
1635778381092,2021-11-01T10:53:01.092,89.770,-0.248,-1.003,0.072
1635778381102,2021-11-01T10:53:01.102,89.780,-0.255,-1.010,0.073
1635778381112,2021-11-01T10:53:01.112,89.790,-0.259,-1.019,0.077
1635778381122,2021-11-01T10:53:01.122,89.800,-0.253,-1.027,0.076
1635778381132,2021-11-01T10:53:01.132,89.810,-0.245,-1.039,0.078
1635778381142,2021-11-01T10:53:01.142,89.820,-0.238,-1.042,0.084
1635778381152,2021-11-01T10:53:01.152,89.830,-0.237,-1.034,0.086
1635778381162,2021-11-01T10:53:01.162,89.840,-0.245,-1.021,0.086
1635778381172,2021-11-01T10:53:01.172,89.850,-0.251,-1.014,0.081
1635778381182,2021-11-01T10:53:01.182,89.860,-0.259,-1.016,0.076
1635778381192,2021-11-01T10:53:01.192,89.870,-0.266,-1.021,0.074
1635778381202,2021-11-01T10:53:01.202,89.880,-0.263,-1.019,0.078
1635778381212,2021-11-01T10:53:01.212,89.890,-0.256,-1.013,0.080
1635778381222,2021-11-01T10:53:01.222,89.900,-0.261,-1.013,0.084
1635778381232,2021-11-01T10:53:01.232,89.910,-0.262,-1.009,0.094
1635778381242,2021-11-01T10:53:01.242,89.920,-0.272,-1.000,0.093
1635778381252,2021-11-01T10:53:01.252,89.930,-0.279,-0.988,0.104
1635778381262,2021-11-01T10:53:01.262,89.940,-0.271,-0.991,0.115
1635778381272,2021-11-01T10:53:01.272,89.950,-0.256,-1.015,0.129
1635778381282,2021-11-01T10:53:01.282,89.960,-0.245,-1.041,0.144
1635778381292,2021-11-01T10:53:01.292,89.970,-0.229,-1.042,0.158
1635778381302,2021-11-01T10:53:01.302,89.980,-0.200,-1.030,0.170
1635778381312,2021-11-01T10:53:01.312,89.990,-0.188,-1.021,0.172
1635778381322,2021-11-01T10:53:01.322,90.000,-0.183,-1.022,0.169
1635778381332,2021-11-01T10:53:01.332,90.010,-0.183,-1.023,0.165
1635778381342,2021-11-01T10:53:01.342,90.020,-0.188,-1.027,0.152
1635778381352,2021-11-01T10:53:01.352,90.030,-0.195,-1.028,0.143
1635778381362,2021-11-01T10:53:01.362,90.040,-0.191,-1.028,0.140
1635778381372,2021-11-01T10:53:01.372,90.050,-0.183,-1.018,0.138
1635778381382,2021-11-01T10:53:01.382,90.060,-0.188,-1.003,0.138
1635778381392,2021-11-01T10:53:01.392,90.070,-0.190,-0.996,0.135
1635778381402,2021-11-01T10:53:01.402,90.080,-0.198,-0.998,0.134
1635778381412,2021-11-01T10:53:01.412,90.090,-0.208,-0.993,0.127
1635778381422,2021-11-01T10:53:01.422,90.100,-0.216,-0.983,0.121
1635778381432,2021-11-01T10:53:01.432,90.110,-0.218,-1.000,0.116
1635778381442,2021-11-01T10:53:01.442,90.120,-0.219,-1.026,0.122
1635778381452,2021-11-01T10:53:01.452,90.130,-0.218,-1.041,0.134
1635778381462,2021-11-01T10:53:01.462,90.140,-0.212,-1.036,0.142
1635778381472,2021-11-01T10:53:01.472,90.150,-0.209,-1.037,0.154
1635778381482,2021-11-01T10:53:01.482,90.160,-0.203,-1.045,0.163
1635778381492,2021-11-01T10:53:01.492,90.170,-0.204,-1.039,0.168
1635778381502,2021-11-01T10:53:01.502,90.180,-0.215,-1.026,0.171
1635778381512,2021-11-01T10:53:01.512,90.190,-0.214,-1.021,0.166
1635778381522,2021-11-01T10:53:01.522,90.200,-0.214,-1.026,0.161
1635778381532,2021-11-01T10:53:01.532,90.210,-0.227,-1.034,0.164
1635778381542,2021-11-01T10:53:01.542,90.220,-0.233,-1.034,0.161
1635778381552,2021-11-01T10:53:01.552,90.230,-0.231,-1.033,0.163
1635778381562,2021-11-01T10:53:01.562,90.240,-0.207,-1.049,0.169
1635778381572,2021-11-01T10:53:01.572,90.250,-0.192,-1.073,0.171
1635778381582,2021-11-01T10:53:01.582,90.260,-0.198,-1.077,0.171
1635778381592,2021-11-01T10:53:01.592,90.270,-0.207,-1.048,0.167
1635778381602,2021-11-01T10:53:01.602,90.280,-0.208,-1.021,0.157
1635778381612,2021-11-01T10:53:01.612,90.290,-0.207,-1.024,0.148
1635778381622,2021-11-01T10:53:01.622,90.300,-0.203,-1.029,0.147
1635778381632,2021-11-01T10:53:01.632,90.310,-0.196,-1.015,0.147
1635778381642,2021-11-01T10:53:01.642,90.320,-0.191,-1.004,0.146
1635778381652,2021-11-01T10:53:01.652,90.330,-0.185,-1.007,0.147
1635778381662,2021-11-01T10:53:01.662,90.340,-0.180,-1.017,0.150
1635778381672,2021-11-01T10:53:01.672,90.350,-0.188,-1.022,0.146
1635778381682,2021-11-01T10:53:01.682,90.360,-0.200,-1.023,0.142
1635778381692,2021-11-01T10:53:01.692,90.370,-0.204,-1.026,0.136
1635778381702,2021-11-01T10:53:01.702,90.380,-0.212,-1.021,0.127
1635778381712,2021-11-01T10:53:01.712,90.390,-0.226,-1.010,0.121
1635778381722,2021-11-01T10:53:01.722,90.400,-0.232,-1.002,0.118
1635778381732,2021-11-01T10:53:01.732,90.410,-0.232,-0.997,0.111
1635778381742,2021-11-01T10:53:01.742,90.420,-0.239,-0.997,0.109
1635778381752,2021-11-01T10:53:01.752,90.430,-0.250,-0.992,0.105
1635778381762,2021-11-01T10:53:01.762,90.440,-0.249,-0.998,0.099
1635778381772,2021-11-01T10:53:01.772,90.450,-0.247,-1.021,0.104
1635778381782,2021-11-01T10:53:01.782,90.460,-0.253,-1.031,0.111
1635778381792,2021-11-01T10:53:01.792,90.470,-0.246,-1.030,0.115
1635778381802,2021-11-01T10:53:01.802,90.480,-0.229,-1.033,0.122
1635778381812,2021-11-01T10:53:01.812,90.490,-0.227,-1.037,0.127
1635778381822,2021-11-01T10:53:01.822,90.500,-0.226,-1.027,0.131
1635778381832,2021-11-01T10:53:01.832,90.510,-0.218,-1.030,0.132
1635778381842,2021-11-01T10:53:01.842,90.520,-0.217,-1.035,0.128
1635778381852,2021-11-01T10:53:01.852,90.530,-0.231,-1.024,0.122
1635778381862,2021-11-01T10:53:01.862,90.540,-0.239,-1.005,0.121
1635778381872,2021-11-01T10:53:01.872,90.550,-0.238,-1.003,0.117
1635778381882,2021-11-01T10:53:01.882,90.560,-0.237,-1.021,0.118
1635778381892,2021-11-01T10:53:01.892,90.570,-0.235,-1.025,0.118
1635778381902,2021-11-01T10:53:01.902,90.580,-0.232,-1.018,0.112
1635778381912,2021-11-01T10:53:01.912,90.590,-0.232,-1.004,0.114
1635778381922,2021-11-01T10:53:01.922,90.600,-0.241,-1.001,0.108
1635778381932,2021-11-01T10:53:01.932,90.610,-0.250,-1.006,0.104
1635778381942,2021-11-01T10:53:01.942,90.620,-0.256,-1.011,0.097
1635778381952,2021-11-01T10:53:01.952,90.630,-0.262,-1.017,0.097
1635778381962,2021-11-01T10:53:01.962,90.640,-0.256,-1.019,0.095
1635778381972,2021-11-01T10:53:01.972,90.650,-0.252,-1.020,0.104
1635778381982,2021-11-01T10:53:01.982,90.660,-0.249,-1.021,0.106
1635778381992,2021-11-01T10:53:01.992,90.670,-0.247,-1.025,0.105
1635778382002,2021-11-01T10:53:02.002,90.680,-0.249,-1.025,0.111
1635778382012,2021-11-01T10:53:02.012,90.690,-0.251,-1.018,0.106
1635778382022,2021-11-01T10:53:02.022,90.700,-0.256,-1.011,0.096
1635778382032,2021-11-01T10:53:02.032,90.710,-0.260,-1.007,0.094
1635778382042,2021-11-01T10:53:02.042,90.720,-0.261,-1.018,0.088
1635778382052,2021-11-01T10:53:02.052,90.730,-0.261,-1.029,0.094
1635778382062,2021-11-01T10:53:02.062,90.740,-0.254,-1.026,0.097
1635778382072,2021-11-01T10:53:02.072,90.750,-0.250,-1.014,0.098
1635778382082,2021-11-01T10:53:02.082,90.760,-0.256,-1.005,0.096
1635778382092,2021-11-01T10:53:02.092,90.770,-0.261,-1.000,0.090
1635778382102,2021-11-01T10:53:02.102,90.780,-0.265,-0.998,0.088
1635778382112,2021-11-01T10:53:02.112,90.790,-0.271,-1.004,0.089
1635778382122,2021-11-01T10:53:02.122,90.800,-0.280,-1.013,0.088
1635778382132,2021-11-01T10:53:02.132,90.810,-0.278,-1.022,0.087
1635778382142,2021-11-01T10:53:02.142,90.820,-0.270,-1.026,0.095
1635778382152,2021-11-01T10:53:02.152,90.830,-0.266,-1.021,0.097
1635778382162,2021-11-01T10:53:02.162,90.840,-0.272,-1.019,0.095
1635778382172,2021-11-01T10:53:02.172,90.850,-0.273,-1.017,0.095
1635778382182,2021-11-01T10:53:02.182,90.860,-0.280,-1.009,0.089
1635778382192,2021-11-01T10:53:02.192,90.870,-0.285,-1.009,0.081
1635778382202,2021-11-01T10:53:02.202,90.880,-0.294,-1.021,0.073
1635778382212,2021-11-01T10:53:02.212,90.890,-0.304,-1.033,0.079
1635778382222,2021-11-01T10:53:02.222,90.900,-0.310,-1.029,0.078
1635778382232,2021-11-01T10:53:02.232,90.910,-0.305,-1.020,0.074
1635778382242,2021-11-01T10:53:02.242,90.920,-0.298,-1.020,0.079
1635778382252,2021-11-01T10:53:02.252,90.930,-0.294,-1.029,0.076
1635778382262,2021-11-01T10:53:02.262,90.940,-0.300,-1.041,0.078
1635778382272,2021-11-01T10:53:02.272,90.950,-0.300,-1.045,0.077
1635778382282,2021-11-01T10:53:02.282,90.960,-0.302,-1.044,0.075
1635778382292,2021-11-01T10:53:02.292,90.970,-0.298,-1.038,0.075
1635778382302,2021-11-01T10:53:02.302,90.980,-0.291,-1.026,0.079
1635778382312,2021-11-01T10:53:02.312,90.990,-0.279,-1.013,0.083
1635778382322,2021-11-01T10:53:02.322,91.000,-0.265,-1.012,0.088
1635778382332,2021-11-01T10:53:02.332,91.010,-0.256,-1.011,0.089
1635778382342,2021-11-01T10:53:02.342,91.020,-0.246,-1.023,0.089
1635778382352,2021-11-01T10:53:02.352,91.030,-0.245,-1.034,0.097
1635778382362,2021-11-01T10:53:02.362,91.040,-0.243,-1.020,0.092
1635778382372,2021-11-01T10:53:02.372,91.050,-0.242,-1.010,0.087
1635778382382,2021-11-01T10:53:02.382,91.060,-0.240,-1.006,0.085
1635778382392,2021-11-01T10:53:02.392,91.070,-0.237,-1.001,0.084
1635778382402,2021-11-01T10:53:02.402,91.080,-0.232,-0.990,0.085
1635778382412,2021-11-01T10:53:02.412,91.090,-0.225,-0.977,0.086
1635778382422,2021-11-01T10:53:02.422,91.100,-0.216,-0.969,0.090
1635778382432,2021-11-01T10:53:02.432,91.110,-0.205,-0.973,0.096
1635778382442,2021-11-01T10:53:02.442,91.120,-0.202,-0.985,0.096
1635778382452,2021-11-01T10:53:02.452,91.130,-0.199,-0.995,0.098
1635778382462,2021-11-01T10:53:02.462,91.140,-0.185,-0.996,0.104
1635778382472,2021-11-01T10:53:02.472,91.150,-0.184,-0.989,0.104
1635778382482,2021-11-01T10:53:02.482,91.160,-0.192,-0.984,0.104
1635778382492,2021-11-01T10:53:02.492,91.170,-0.189,-0.985,0.101
1635778382502,2021-11-01T10:53:02.502,91.180,-0.191,-0.979,0.099
1635778382512,2021-11-01T10:53:02.512,91.190,-0.198,-0.959,0.103
1635778382522,2021-11-01T10:53:02.522,91.200,-0.203,-0.938,0.106
1635778382532,2021-11-01T10:53:02.532,91.210,-0.211,-0.956,0.100
1635778382542,2021-11-01T10:53:02.542,91.220,-0.223,-0.996,0.100
1635778382552,2021-11-01T10:53:02.552,91.230,-0.234,-1.023,0.098
1635778382562,2021-11-01T10:53:02.562,91.240,-0.261,-1.028,0.101
1635778382572,2021-11-01T10:53:02.572,91.250,-0.263,-1.014,0.107
1635778382582,2021-11-01T10:53:02.582,91.260,-0.271,-1.007,0.111
1635778382592,2021-11-01T10:53:02.592,91.270,-0.293,-1.020,0.120
1635778382602,2021-11-01T10:53:02.602,91.280,-0.292,-1.042,0.134
1635778382612,2021-11-01T10:53:02.612,91.290,-0.295,-1.046,0.135
1635778382622,2021-11-01T10:53:02.622,91.300,-0.319,-1.038,0.124
1635778382632,2021-11-01T10:53:02.632,91.310,-0.329,-1.037,0.123
1635778382642,2021-11-01T10:53:02.642,91.320,-0.330,-1.054,0.126
1635778382652,2021-11-01T10:53:02.652,91.330,-0.327,-1.068,0.125
1635778382662,2021-11-01T10:53:02.662,91.340,-0.323,-1.060,0.126
1635778382672,2021-11-01T10:53:02.672,91.350,-0.314,-1.029,0.130
1635778382682,2021-11-01T10:53:02.682,91.360,-0.318,-1.015,0.132
1635778382692,2021-11-01T10:53:02.692,91.370,-0.319,-1.021,0.132
1635778382702,2021-11-01T10:53:02.702,91.380,-0.314,-1.032,0.132
1635778382712,2021-11-01T10:53:02.712,91.390,-0.327,-1.033,0.127
1635778382722,2021-11-01T10:53:02.722,91.400,-0.329,-1.034,0.125
1635778382732,2021-11-01T10:53:02.732,91.410,-0.331,-1.041,0.121
1635778382742,2021-11-01T10:53:02.742,91.420,-0.335,-1.038,0.118
1635778382752,2021-11-01T10:53:02.752,91.430,-0.329,-1.023,0.114
1635778382762,2021-11-01T10:53:02.762,91.440,-0.318,-1.016,0.111
1635778382772,2021-11-01T10:53:02.772,91.450,-0.312,-1.003,0.111
1635778382782,2021-11-01T10:53:02.782,91.460,-0.307,-0.993,0.112
1635778382792,2021-11-01T10:53:02.792,91.470,-0.303,-0.989,0.113
1635778382802,2021-11-01T10:53:02.802,91.480,-0.305,-0.989,0.112
1635778382812,2021-11-01T10:53:02.812,91.490,-0.309,-0.995,0.112
1635778382822,2021-11-01T10:53:02.822,91.500,-0.309,-1.000,0.105
1635778382832,2021-11-01T10:53:02.832,91.510,-0.294,-1.001,0.104
1635778382842,2021-11-01T10:53:02.842,91.520,-0.291,-1.005,0.103
1635778382852,2021-11-01T10:53:02.852,91.530,-0.287,-1.004,0.105
1635778382862,2021-11-01T10:53:02.862,91.540,-0.281,-1.003,0.104
1635778382872,2021-11-01T10:53:02.872,91.550,-0.284,-1.000,0.104
1635778382882,2021-11-01T10:53:02.882,91.560,-0.292,-0.994,0.105
1635778382892,2021-11-01T10:53:02.892,91.570,-0.296,-0.984,0.102
1635778382902,2021-11-01T10:53:02.902,91.580,-0.296,-0.980,0.104
1635778382912,2021-11-01T10:53:02.912,91.590,-0.304,-0.996,0.105
1635778382922,2021-11-01T10:53:02.922,91.600,-0.306,-1.006,0.110
1635778382932,2021-11-01T10:53:02.932,91.610,-0.297,-1.007,0.111
1635778382942,2021-11-01T10:53:02.942,91.620,-0.292,-1.004,0.112
1635778382952,2021-11-01T10:53:02.952,91.630,-0.294,-0.997,0.112
1635778382962,2021-11-01T10:53:02.962,91.640,-0.302,-0.987,0.110
1635778382972,2021-11-01T10:53:02.972,91.650,-0.307,-0.990,0.107
1635778382982,2021-11-01T10:53:02.982,91.660,-0.308,-1.001,0.106
1635778382992,2021-11-01T10:53:02.992,91.670,-0.310,-1.011,0.108
1635778383002,2021-11-01T10:53:03.002,91.680,-0.313,-1.017,0.112
1635778383012,2021-11-01T10:53:03.012,91.690,-0.314,-1.011,0.115
1635778383022,2021-11-01T10:53:03.022,91.700,-0.314,-1.004,0.118
1635778383032,2021-11-01T10:53:03.032,91.710,-0.308,-1.004,0.119
1635778383042,2021-11-01T10:53:03.042,91.720,-0.308,-1.011,0.118
1635778383052,2021-11-01T10:53:03.052,91.730,-0.315,-1.015,0.118
1635778383062,2021-11-01T10:53:03.062,91.740,-0.314,-1.020,0.116
1635778383072,2021-11-01T10:53:03.072,91.750,-0.317,-1.028,0.116
1635778383082,2021-11-01T10:53:03.082,91.760,-0.321,-1.033,0.121
1635778383092,2021-11-01T10:53:03.092,91.770,-0.318,-1.031,0.123
1635778383102,2021-11-01T10:53:03.102,91.780,-0.314,-1.023,0.124
1635778383112,2021-11-01T10:53:03.112,91.790,-0.311,-1.021,0.127
1635778383122,2021-11-01T10:53:03.122,91.800,-0.309,-1.039,0.119
1635778383132,2021-11-01T10:53:03.132,91.810,-0.329,-1.062,0.111
1635778383142,2021-11-01T10:53:03.142,91.820,-0.354,-1.072,0.115
1635778383152,2021-11-01T10:53:03.152,91.830,-0.362,-1.064,0.115
1635778383162,2021-11-01T10:53:03.162,91.840,-0.355,-1.046,0.109
1635778383172,2021-11-01T10:53:03.172,91.850,-0.345,-1.026,0.109
1635778383182,2021-11-01T10:53:03.182,91.860,-0.329,-1.011,0.109
1635778383192,2021-11-01T10:53:03.192,91.870,-0.309,-1.001,0.109
1635778383202,2021-11-01T10:53:03.202,91.880,-0.292,-0.994,0.110
1635778383212,2021-11-01T10:53:03.212,91.890,-0.277,-0.995,0.109
1635778383222,2021-11-01T10:53:03.222,91.900,-0.264,-0.996,0.110
1635778383232,2021-11-01T10:53:03.232,91.910,-0.251,-0.998,0.109
1635778383242,2021-11-01T10:53:03.242,91.920,-0.245,-0.996,0.105
1635778383252,2021-11-01T10:53:03.252,91.930,-0.247,-0.991,0.103
1635778383262,2021-11-01T10:53:03.262,91.940,-0.241,-0.982,0.104
1635778383272,2021-11-01T10:53:03.272,91.950,-0.229,-0.976,0.104
1635778383282,2021-11-01T10:53:03.282,91.960,-0.219,-0.976,0.101
1635778383292,2021-11-01T10:53:03.292,91.970,-0.207,-0.978,0.101
1635778383302,2021-11-01T10:53:03.302,91.980,-0.201,-0.984,0.099
1635778383312,2021-11-01T10:53:03.312,91.990,-0.198,-0.999,0.097
1635778383322,2021-11-01T10:53:03.322,92.000,-0.208,-1.005,0.097
1635778383332,2021-11-01T10:53:03.332,92.010,-0.216,-1.000,0.094
1635778383342,2021-11-01T10:53:03.342,92.020,-0.223,-0.991,0.090
1635778383352,2021-11-01T10:53:03.352,92.030,-0.220,-0.985,0.092
1635778383362,2021-11-01T10:53:03.362,92.040,-0.218,-0.980,0.088
1635778383372,2021-11-01T10:53:03.372,92.050,-0.218,-0.979,0.087
1635778383382,2021-11-01T10:53:03.382,92.060,-0.219,-0.978,0.083
1635778383392,2021-11-01T10:53:03.392,92.070,-0.215,-0.977,0.088
1635778383402,2021-11-01T10:53:03.402,92.080,-0.206,-0.979,0.089
1635778383412,2021-11-01T10:53:03.412,92.090,-0.208,-0.986,0.090
1635778383422,2021-11-01T10:53:03.422,92.100,-0.215,-0.982,0.093
1635778383432,2021-11-01T10:53:03.432,92.110,-0.215,-0.971,0.094
1635778383442,2021-11-01T10:53:03.442,92.120,-0.219,-0.977,0.101
1635778383452,2021-11-01T10:53:03.452,92.130,-0.224,-0.984,0.108
1635778383462,2021-11-01T10:53:03.462,92.140,-0.228,-0.984,0.114
1635778383472,2021-11-01T10:53:03.472,92.150,-0.228,-0.980,0.114
1635778383482,2021-11-01T10:53:03.482,92.160,-0.227,-0.982,0.117
1635778383492,2021-11-01T10:53:03.492,92.170,-0.236,-1.006,0.120
1635778383502,2021-11-01T10:53:03.502,92.180,-0.267,-1.028,0.125
1635778383512,2021-11-01T10:53:03.512,92.190,-0.295,-1.038,0.129
1635778383522,2021-11-01T10:53:03.522,92.200,-0.311,-1.046,0.128
1635778383532,2021-11-01T10:53:03.532,92.210,-0.328,-1.050,0.135
1635778383542,2021-11-01T10:53:03.542,92.220,-0.344,-1.054,0.146
1635778383552,2021-11-01T10:53:03.552,92.230,-0.350,-1.069,0.156
1635778383562,2021-11-01T10:53:03.562,92.240,-0.352,-1.091,0.165
1635778383572,2021-11-01T10:53:03.572,92.250,-0.361,-1.105,0.163
1635778383582,2021-11-01T10:53:03.582,92.260,-0.377,-1.097,0.157
1635778383592,2021-11-01T10:53:03.592,92.270,-0.383,-1.071,0.151
1635778383602,2021-11-01T10:53:03.602,92.280,-0.366,-1.063,0.138
1635778383612,2021-11-01T10:53:03.612,92.290,-0.355,-1.062,0.123
1635778383622,2021-11-01T10:53:03.622,92.300,-0.347,-1.041,0.119
1635778383632,2021-11-01T10:53:03.632,92.310,-0.331,-1.007,0.109
1635778383642,2021-11-01T10:53:03.642,92.320,-0.315,-0.991,0.096
1635778383652,2021-11-01T10:53:03.652,92.330,-0.308,-0.985,0.095
1635778383662,2021-11-01T10:53:03.662,92.340,-0.303,-0.975,0.089
1635778383672,2021-11-01T10:53:03.672,92.350,-0.294,-0.972,0.082
1635778383682,2021-11-01T10:53:03.682,92.360,-0.292,-0.977,0.078
1635778383692,2021-11-01T10:53:03.692,92.370,-0.292,-0.979,0.077
1635778383702,2021-11-01T10:53:03.702,92.380,-0.288,-0.984,0.074
1635778383712,2021-11-01T10:53:03.712,92.390,-0.286,-0.988,0.071
1635778383722,2021-11-01T10:53:03.722,92.400,-0.282,-0.986,0.074
1635778383732,2021-11-01T10:53:03.732,92.410,-0.278,-0.980,0.077
1635778383742,2021-11-01T10:53:03.742,92.420,-0.279,-0.978,0.080
1635778383752,2021-11-01T10:53:03.752,92.430,-0.278,-0.978,0.085
1635778383762,2021-11-01T10:53:03.762,92.440,-0.280,-0.977,0.086
1635778383772,2021-11-01T10:53:03.772,92.450,-0.287,-0.978,0.087
1635778383782,2021-11-01T10:53:03.782,92.460,-0.292,-0.987,0.086
1635778383792,2021-11-01T10:53:03.792,92.470,-0.292,-1.003,0.087
1635778383802,2021-11-01T10:53:03.802,92.480,-0.287,-1.018,0.092
1635778383812,2021-11-01T10:53:03.812,92.490,-0.284,-1.020,0.103
1635778383822,2021-11-01T10:53:03.822,92.500,-0.281,-1.016,0.104
1635778383832,2021-11-01T10:53:03.832,92.510,-0.284,-1.008,0.104
1635778383842,2021-11-01T10:53:03.842,92.520,-0.286,-1.004,0.102
1635778383852,2021-11-01T10:53:03.852,92.530,-0.292,-1.000,0.101
1635778383862,2021-11-01T10:53:03.862,92.540,-0.296,-1.001,0.100
1635778383872,2021-11-01T10:53:03.872,92.550,-0.297,-1.007,0.103
1635778383882,2021-11-01T10:53:03.882,92.560,-0.297,-1.013,0.103
1635778383892,2021-11-01T10:53:03.892,92.570,-0.297,-1.020,0.104
1635778383902,2021-11-01T10:53:03.902,92.580,-0.294,-1.030,0.110
1635778383912,2021-11-01T10:53:03.912,92.590,-0.296,-1.030,0.111
1635778383922,2021-11-01T10:53:03.922,92.600,-0.303,-1.011,0.103
1635778383932,2021-11-01T10:53:03.932,92.610,-0.307,-1.002,0.097
1635778383942,2021-11-01T10:53:03.942,92.620,-0.306,-1.005,0.095
1635778383952,2021-11-01T10:53:03.952,92.630,-0.301,-1.010,0.099
1635778383962,2021-11-01T10:53:03.962,92.640,-0.294,-1.009,0.098
1635778383972,2021-11-01T10:53:03.972,92.650,-0.292,-1.006,0.100
1635778383982,2021-11-01T10:53:03.982,92.660,-0.292,-1.008,0.108
1635778383992,2021-11-01T10:53:03.992,92.670,-0.290,-1.011,0.110
1635778384002,2021-11-01T10:53:04.002,92.680,-0.295,-1.011,0.108
1635778384012,2021-11-01T10:53:04.012,92.690,-0.296,-1.005,0.105
1635778384022,2021-11-01T10:53:04.022,92.700,-0.293,-1.004,0.104
1635778384032,2021-11-01T10:53:04.032,92.710,-0.291,-1.007,0.102
1635778384042,2021-11-01T10:53:04.042,92.720,-0.290,-1.014,0.108
1635778384052,2021-11-01T10:53:04.052,92.730,-0.292,-1.013,0.119
1635778384062,2021-11-01T10:53:04.062,92.740,-0.298,-1.009,0.114
1635778384072,2021-11-01T10:53:04.072,92.750,-0.315,-1.004,0.108
1635778384082,2021-11-01T10:53:04.082,92.760,-0.319,-0.999,0.104
1635778384092,2021-11-01T10:53:04.092,92.770,-0.309,-1.003,0.106
1635778384102,2021-11-01T10:53:04.102,92.780,-0.289,-1.011,0.117
1635778384112,2021-11-01T10:53:04.112,92.790,-0.270,-1.010,0.123
1635778384122,2021-11-01T10:53:04.122,92.800,-0.252,-0.998,0.124
1635778384132,2021-11-01T10:53:04.132,92.810,-0.241,-0.992,0.123
1635778384142,2021-11-01T10:53:04.142,92.820,-0.238,-1.009,0.121
1635778384152,2021-11-01T10:53:04.152,92.830,-0.244,-1.018,0.114
1635778384162,2021-11-01T10:53:04.162,92.840,-0.249,-1.020,0.101
1635778384172,2021-11-01T10:53:04.172,92.850,-0.262,-1.023,0.088
1635778384182,2021-11-01T10:53:04.182,92.860,-0.267,-1.039,0.084
1635778384192,2021-11-01T10:53:04.192,92.870,-0.270,-1.062,0.084
1635778384202,2021-11-01T10:53:04.202,92.880,-0.271,-1.080,0.086
1635778384212,2021-11-01T10:53:04.212,92.890,-0.267,-1.076,0.089
1635778384222,2021-11-01T10:53:04.222,92.900,-0.254,-1.057,0.090
1635778384232,2021-11-01T10:53:04.232,92.910,-0.236,-1.041,0.095
1635778384242,2021-11-01T10:53:04.242,92.920,-0.218,-1.028,0.103
1635778384252,2021-11-01T10:53:04.252,92.930,-0.200,-1.002,0.108
1635778384262,2021-11-01T10:53:04.262,92.940,-0.189,-0.979,0.110
1635778384272,2021-11-01T10:53:04.272,92.950,-0.183,-0.979,0.116
1635778384282,2021-11-01T10:53:04.282,92.960,-0.171,-0.991,0.118
1635778384292,2021-11-01T10:53:04.292,92.970,-0.159,-0.993,0.120
1635778384302,2021-11-01T10:53:04.302,92.980,-0.150,-0.983,0.119
1635778384312,2021-11-01T10:53:04.312,92.990,-0.138,-0.977,0.116
1635778384322,2021-11-01T10:53:04.322,93.000,-0.132,-0.972,0.119
1635778384332,2021-11-01T10:53:04.332,93.010,-0.125,-0.960,0.118
1635778384342,2021-11-01T10:53:04.342,93.020,-0.116,-0.956,0.114
1635778384352,2021-11-01T10:53:04.352,93.030,-0.109,-0.956,0.120
1635778384362,2021-11-01T10:53:04.362,93.040,-0.116,-0.963,0.119
1635778384372,2021-11-01T10:53:04.372,93.050,-0.126,-0.979,0.117
1635778384382,2021-11-01T10:53:04.382,93.060,-0.138,-0.991,0.117
1635778384392,2021-11-01T10:53:04.392,93.070,-0.145,-1.004,0.118
1635778384402,2021-11-01T10:53:04.402,93.080,-0.146,-1.021,0.119
1635778384412,2021-11-01T10:53:04.412,93.090,-0.149,-1.021,0.124
1635778384422,2021-11-01T10:53:04.422,93.100,-0.149,-1.011,0.122
1635778384432,2021-11-01T10:53:04.432,93.110,-0.144,-1.002,0.119
1635778384442,2021-11-01T10:53:04.442,93.120,-0.143,-0.995,0.121
1635778384452,2021-11-01T10:53:04.452,93.130,-0.146,-0.990,0.116
1635778384462,2021-11-01T10:53:04.462,93.140,-0.160,-0.986,0.108
1635778384472,2021-11-01T10:53:04.472,93.150,-0.175,-0.985,0.096
1635778384482,2021-11-01T10:53:04.482,93.160,-0.182,-0.979,0.086
1635778384492,2021-11-01T10:53:04.492,93.170,-0.183,-0.972,0.079
1635778384502,2021-11-01T10:53:04.502,93.180,-0.181,-0.976,0.076
1635778384512,2021-11-01T10:53:04.512,93.190,-0.177,-0.978,0.076
1635778384522,2021-11-01T10:53:04.522,93.200,-0.171,-0.967,0.079
1635778384532,2021-11-01T10:53:04.532,93.210,-0.161,-0.951,0.078
1635778384542,2021-11-01T10:53:04.542,93.220,-0.167,-0.937,0.074
1635778384552,2021-11-01T10:53:04.552,93.230,-0.189,-0.918,0.065
1635778384562,2021-11-01T10:53:04.562,93.240,-0.207,-0.904,0.053
1635778384572,2021-11-01T10:53:04.572,93.250,-0.220,-0.898,0.041
1635778384582,2021-11-01T10:53:04.582,93.260,-0.233,-0.884,0.037
1635778384592,2021-11-01T10:53:04.592,93.270,-0.234,-0.865,0.036
1635778384602,2021-11-01T10:53:04.602,93.280,-0.223,-0.854,0.035
1635778384612,2021-11-01T10:53:04.612,93.290,-0.203,-0.865,0.046
1635778384622,2021-11-01T10:53:04.622,93.300,-0.195,-0.889,0.055
1635778384632,2021-11-01T10:53:04.632,93.310,-0.212,-0.881,0.063
1635778384642,2021-11-01T10:53:04.642,93.320,-0.240,-0.851,0.056
1635778384652,2021-11-01T10:53:04.652,93.330,-0.269,-0.836,0.044
1635778384662,2021-11-01T10:53:04.662,93.340,-0.295,-0.845,0.040
1635778384672,2021-11-01T10:53:04.672,93.350,-0.315,-0.839,0.035
1635778384682,2021-11-01T10:53:04.682,93.360,-0.321,-0.823,0.034
1635778384692,2021-11-01T10:53:04.692,93.370,-0.312,-0.829,0.044
1635778384702,2021-11-01T10:53:04.702,93.380,-0.309,-0.838,0.060
1635778384712,2021-11-01T10:53:04.712,93.390,-0.317,-0.820,0.071
1635778384722,2021-11-01T10:53:04.722,93.400,-0.328,-0.775,0.077
1635778384732,2021-11-01T10:53:04.732,93.410,-0.366,-0.718,0.071
1635778384742,2021-11-01T10:53:04.742,93.420,-0.417,-0.687,0.065
1635778384752,2021-11-01T10:53:04.752,93.430,-0.450,-0.705,0.068
1635778384762,2021-11-01T10:53:04.762,93.440,-0.488,-0.764,0.086
1635778384772,2021-11-01T10:53:04.772,93.450,-0.525,-0.822,0.102
1635778384782,2021-11-01T10:53:04.782,93.460,-0.564,-0.824,0.098
1635778384792,2021-11-01T10:53:04.792,93.470,-0.612,-0.728,0.084
1635778384802,2021-11-01T10:53:04.802,93.480,-0.640,-0.602,0.053
1635778384812,2021-11-01T10:53:04.812,93.490,-0.679,-0.554,0.040
1635778384822,2021-11-01T10:53:04.822,93.500,-0.744,-0.620,0.049
1635778384832,2021-11-01T10:53:04.832,93.510,-0.811,-0.734,0.087
1635778384842,2021-11-01T10:53:04.842,93.520,-0.833,-0.827,0.126
1635778384852,2021-11-01T10:53:04.852,93.530,-0.850,-0.885,0.148
1635778384862,2021-11-01T10:53:04.862,93.540,-0.891,-0.908,0.166
1635778384872,2021-11-01T10:53:04.872,93.550,-0.943,-0.884,0.187
1635778384882,2021-11-01T10:53:04.882,93.560,-1.007,-0.798,0.184
1635778384892,2021-11-01T10:53:04.892,93.570,-1.075,-0.703,0.165
1635778384902,2021-11-01T10:53:04.902,93.580,-1.135,-0.687,0.153
1635778384912,2021-11-01T10:53:04.912,93.590,-1.190,-0.779,0.144
1635778384922,2021-11-01T10:53:04.922,93.600,-1.245,-0.891,0.163
1635778384932,2021-11-01T10:53:04.932,93.610,-1.287,-0.923,0.199
1635778384942,2021-11-01T10:53:04.942,93.620,-1.317,-0.882,0.226
1635778384952,2021-11-01T10:53:04.952,93.630,-1.359,-0.830,0.240
1635778384962,2021-11-01T10:53:04.962,93.640,-1.413,-0.793,0.250
1635778384972,2021-11-01T10:53:04.972,93.650,-1.462,-0.771,0.253
1635778384982,2021-11-01T10:53:04.982,93.660,-1.478,-0.771,0.261
1635778384992,2021-11-01T10:53:04.992,93.670,-1.482,-0.832,0.270
1635778385002,2021-11-01T10:53:05.002,93.680,-1.494,-0.906,0.302
1635778385012,2021-11-01T10:53:05.012,93.690,-1.491,-0.934,0.321
1635778385022,2021-11-01T10:53:05.022,93.700,-1.477,-0.896,0.316
1635778385032,2021-11-01T10:53:05.032,93.710,-1.474,-0.809,0.302
1635778385042,2021-11-01T10:53:05.042,93.720,-1.467,-0.736,0.284
1635778385052,2021-11-01T10:53:05.052,93.730,-1.429,-0.741,0.279
1635778385062,2021-11-01T10:53:05.062,93.740,-1.393,-0.813,0.296
1635778385072,2021-11-01T10:53:05.072,93.750,-1.363,-0.866,0.322
1635778385082,2021-11-01T10:53:05.082,93.760,-1.317,-0.885,0.341
1635778385092,2021-11-01T10:53:05.092,93.770,-1.284,-0.873,0.343
1635778385102,2021-11-01T10:53:05.102,93.780,-1.267,-0.821,0.319
1635778385112,2021-11-01T10:53:05.112,93.790,-1.256,-0.766,0.276
1635778385122,2021-11-01T10:53:05.122,93.800,-1.240,-0.745,0.235
1635778385132,2021-11-01T10:53:05.132,93.810,-1.217,-0.761,0.211
1635778385142,2021-11-01T10:53:05.142,93.820,-1.210,-0.786,0.204
1635778385152,2021-11-01T10:53:05.152,93.830,-1.198,-0.790,0.200
1635778385162,2021-11-01T10:53:05.162,93.840,-1.189,-0.774,0.194
1635778385172,2021-11-01T10:53:05.172,93.850,-1.183,-0.774,0.180
1635778385182,2021-11-01T10:53:05.182,93.860,-1.184,-0.782,0.161
1635778385192,2021-11-01T10:53:05.192,93.870,-1.180,-0.769,0.151
1635778385202,2021-11-01T10:53:05.202,93.880,-1.180,-0.738,0.139
1635778385212,2021-11-01T10:53:05.212,93.890,-1.155,-0.712,0.135
1635778385222,2021-11-01T10:53:05.222,93.900,-1.139,-0.737,0.139
1635778385232,2021-11-01T10:53:05.232,93.910,-1.095,-0.759,0.158
1635778385242,2021-11-01T10:53:05.242,93.920,-1.044,-0.783,0.180
1635778385252,2021-11-01T10:53:05.252,93.930,-1.048,-0.802,0.168
1635778385262,2021-11-01T10:53:05.262,93.940,-1.046,-0.747,0.170
1635778385272,2021-11-01T10:53:05.272,93.950,-1.013,-0.682,0.140
1635778385282,2021-11-01T10:53:05.282,93.960,-0.982,-0.643,0.120
1635778385292,2021-11-01T10:53:05.292,93.970,-0.948,-0.650,0.124
1635778385302,2021-11-01T10:53:05.302,93.980,-0.909,-0.667,0.127
1635778385312,2021-11-01T10:53:05.312,93.990,-0.874,-0.659,0.130
1635778385322,2021-11-01T10:53:05.322,94.000,-0.843,-0.653,0.133
1635778385332,2021-11-01T10:53:05.332,94.010,-0.846,-0.662,0.126
1635778385342,2021-11-01T10:53:05.342,94.020,-0.875,-0.672,0.119
1635778385352,2021-11-01T10:53:05.352,94.030,-0.890,-0.663,0.118
1635778385362,2021-11-01T10:53:05.362,94.040,-0.892,-0.644,0.107
1635778385372,2021-11-01T10:53:05.372,94.050,-0.892,-0.637,0.096
1635778385382,2021-11-01T10:53:05.382,94.060,-0.875,-0.638,0.097
1635778385392,2021-11-01T10:53:05.392,94.070,-0.844,-0.628,0.100
1635778385402,2021-11-01T10:53:05.402,94.080,-0.807,-0.609,0.103
1635778385412,2021-11-01T10:53:05.412,94.090,-0.758,-0.580,0.107
1635778385422,2021-11-01T10:53:05.422,94.100,-0.703,-0.549,0.113
1635778385432,2021-11-01T10:53:05.432,94.110,-0.652,-0.514,0.129
1635778385442,2021-11-01T10:53:05.442,94.120,-0.614,-0.497,0.142
1635778385452,2021-11-01T10:53:05.452,94.130,-0.583,-0.505,0.140
1635778385462,2021-11-01T10:53:05.462,94.140,-0.559,-0.509,0.139
1635778385472,2021-11-01T10:53:05.472,94.150,-0.533,-0.519,0.129
1635778385482,2021-11-01T10:53:05.482,94.160,-0.526,-0.554,0.119
1635778385492,2021-11-01T10:53:05.492,94.170,-0.540,-0.581,0.130
1635778385502,2021-11-01T10:53:05.502,94.180,-0.535,-0.564,0.126
1635778385512,2021-11-01T10:53:05.512,94.190,-0.522,-0.519,0.118
1635778385522,2021-11-01T10:53:05.522,94.200,-0.483,-0.479,0.122
1635778385532,2021-11-01T10:53:05.532,94.210,-0.445,-0.486,0.112
1635778385542,2021-11-01T10:53:05.542,94.220,-0.438,-0.507,0.124
1635778385552,2021-11-01T10:53:05.552,94.230,-0.437,-0.543,0.134
1635778385562,2021-11-01T10:53:05.562,94.240,-0.425,-0.604,0.131
1635778385572,2021-11-01T10:53:05.572,94.250,-0.438,-0.668,0.122
1635778385582,2021-11-01T10:53:05.582,94.260,-0.474,-0.661,0.115
1635778385592,2021-11-01T10:53:05.592,94.270,-0.490,-0.590,0.105
1635778385602,2021-11-01T10:53:05.602,94.280,-0.488,-0.553,0.089
1635778385612,2021-11-01T10:53:05.612,94.290,-0.467,-0.580,0.079
1635778385622,2021-11-01T10:53:05.622,94.300,-0.434,-0.614,0.074
1635778385632,2021-11-01T10:53:05.632,94.310,-0.407,-0.637,0.078
1635778385642,2021-11-01T10:53:05.642,94.320,-0.394,-0.621,0.094
1635778385652,2021-11-01T10:53:05.652,94.330,-0.391,-0.571,0.099
1635778385662,2021-11-01T10:53:05.662,94.340,-0.389,-0.547,0.070
1635778385672,2021-11-01T10:53:05.672,94.350,-0.414,-0.578,0.052
1635778385682,2021-11-01T10:53:05.682,94.360,-0.459,-0.623,0.037
1635778385692,2021-11-01T10:53:05.692,94.370,-0.496,-0.651,0.017
1635778385702,2021-11-01T10:53:05.702,94.380,-0.496,-0.659,0.018
1635778385712,2021-11-01T10:53:05.712,94.390,-0.461,-0.656,0.023
1635778385722,2021-11-01T10:53:05.722,94.400,-0.436,-0.659,0.027
1635778385732,2021-11-01T10:53:05.732,94.410,-0.422,-0.653,0.045
1635778385742,2021-11-01T10:53:05.742,94.420,-0.399,-0.645,0.060
1635778385752,2021-11-01T10:53:05.752,94.430,-0.382,-0.664,0.063
1635778385762,2021-11-01T10:53:05.762,94.440,-0.386,-0.716,0.074
1635778385772,2021-11-01T10:53:05.772,94.450,-0.402,-0.774,0.080
1635778385782,2021-11-01T10:53:05.782,94.460,-0.413,-0.806,0.082
1635778385792,2021-11-01T10:53:05.792,94.470,-0.417,-0.805,0.079
1635778385802,2021-11-01T10:53:05.802,94.480,-0.423,-0.779,0.084
1635778385812,2021-11-01T10:53:05.812,94.490,-0.424,-0.772,0.075
1635778385822,2021-11-01T10:53:05.822,94.500,-0.430,-0.784,0.074
1635778385832,2021-11-01T10:53:05.832,94.510,-0.425,-0.787,0.078
1635778385842,2021-11-01T10:53:05.842,94.520,-0.419,-0.777,0.081
1635778385852,2021-11-01T10:53:05.852,94.530,-0.422,-0.782,0.078
1635778385862,2021-11-01T10:53:05.862,94.540,-0.431,-0.827,0.080
1635778385872,2021-11-01T10:53:05.872,94.550,-0.449,-0.875,0.087
1635778385882,2021-11-01T10:53:05.882,94.560,-0.477,-0.880,0.078
1635778385892,2021-11-01T10:53:05.892,94.570,-0.505,-0.863,0.072
1635778385902,2021-11-01T10:53:05.902,94.580,-0.526,-0.863,0.064
1635778385912,2021-11-01T10:53:05.912,94.590,-0.539,-0.882,0.061
1635778385922,2021-11-01T10:53:05.922,94.600,-0.537,-0.892,0.061
1635778385932,2021-11-01T10:53:05.932,94.610,-0.524,-0.879,0.054
1635778385942,2021-11-01T10:53:05.942,94.620,-0.508,-0.885,0.054
1635778385952,2021-11-01T10:53:05.952,94.630,-0.503,-0.925,0.065
1635778385962,2021-11-01T10:53:05.962,94.640,-0.524,-0.942,0.089
1635778385972,2021-11-01T10:53:05.972,94.650,-0.542,-0.887,0.097
1635778385982,2021-11-01T10:53:05.982,94.660,-0.543,-0.814,0.099
1635778385992,2021-11-01T10:53:05.992,94.670,-0.530,-0.791,0.106
1635778386002,2021-11-01T10:53:06.002,94.680,-0.514,-0.847,0.104
1635778386012,2021-11-01T10:53:06.012,94.690,-0.515,-0.928,0.112
1635778386022,2021-11-01T10:53:06.022,94.700,-0.502,-0.966,0.105
1635778386032,2021-11-01T10:53:06.032,94.710,-0.491,-0.955,0.091
1635778386042,2021-11-01T10:53:06.042,94.720,-0.484,-0.940,0.088
1635778386052,2021-11-01T10:53:06.052,94.730,-0.486,-0.918,0.091
1635778386062,2021-11-01T10:53:06.062,94.740,-0.493,-0.879,0.082
1635778386072,2021-11-01T10:53:06.072,94.750,-0.501,-0.843,0.066
1635778386082,2021-11-01T10:53:06.082,94.760,-0.513,-0.834,0.055
1635778386092,2021-11-01T10:53:06.092,94.770,-0.532,-0.861,0.043
1635778386102,2021-11-01T10:53:06.102,94.780,-0.539,-0.898,0.057
1635778386112,2021-11-01T10:53:06.112,94.790,-0.531,-0.909,0.067
1635778386122,2021-11-01T10:53:06.122,94.800,-0.517,-0.900,0.075
1635778386132,2021-11-01T10:53:06.132,94.810,-0.505,-0.891,0.083
1635778386142,2021-11-01T10:53:06.142,94.820,-0.503,-0.894,0.084
1635778386152,2021-11-01T10:53:06.152,94.830,-0.505,-0.890,0.086
1635778386162,2021-11-01T10:53:06.162,94.840,-0.499,-0.863,0.082
1635778386172,2021-11-01T10:53:06.172,94.850,-0.491,-0.863,0.074
1635778386182,2021-11-01T10:53:06.182,94.860,-0.489,-0.887,0.076
1635778386192,2021-11-01T10:53:06.192,94.870,-0.483,-0.896,0.077
1635778386202,2021-11-01T10:53:06.202,94.880,-0.486,-0.890,0.080
1635778386212,2021-11-01T10:53:06.212,94.890,-0.500,-0.891,0.079
1635778386222,2021-11-01T10:53:06.222,94.900,-0.512,-0.894,0.078
1635778386232,2021-11-01T10:53:06.232,94.910,-0.512,-0.893,0.082
1635778386242,2021-11-01T10:53:06.242,94.920,-0.520,-0.886,0.078
1635778386252,2021-11-01T10:53:06.252,94.930,-0.527,-0.890,0.077
1635778386262,2021-11-01T10:53:06.262,94.940,-0.535,-0.902,0.082
1635778386272,2021-11-01T10:53:06.272,94.950,-0.541,-0.907,0.077
1635778386282,2021-11-01T10:53:06.282,94.960,-0.552,-0.910,0.074
1635778386292,2021-11-01T10:53:06.292,94.970,-0.562,-0.917,0.071
1635778386302,2021-11-01T10:53:06.302,94.980,-0.566,-0.924,0.067
1635778386312,2021-11-01T10:53:06.312,94.990,-0.567,-0.936,0.071
1635778386322,2021-11-01T10:53:06.322,95.000,-0.564,-0.940,0.078
1635778386332,2021-11-01T10:53:06.332,95.010,-0.555,-0.926,0.078
1635778386342,2021-11-01T10:53:06.342,95.020,-0.548,-0.909,0.080
1635778386352,2021-11-01T10:53:06.352,95.030,-0.542,-0.902,0.088
1635778386362,2021-11-01T10:53:06.362,95.040,-0.535,-0.891,0.088
1635778386372,2021-11-01T10:53:06.372,95.050,-0.534,-0.889,0.079
1635778386382,2021-11-01T10:53:06.382,95.060,-0.537,-0.908,0.074
1635778386392,2021-11-01T10:53:06.392,95.070,-0.541,-0.923,0.075
1635778386402,2021-11-01T10:53:06.402,95.080,-0.549,-0.929,0.071
1635778386412,2021-11-01T10:53:06.412,95.090,-0.553,-0.931,0.071
1635778386422,2021-11-01T10:53:06.422,95.100,-0.554,-0.928,0.071
1635778386432,2021-11-01T10:53:06.432,95.110,-0.555,-0.922,0.070
1635778386442,2021-11-01T10:53:06.442,95.120,-0.560,-0.915,0.064
1635778386452,2021-11-01T10:53:06.452,95.130,-0.551,-0.908,0.067
1635778386462,2021-11-01T10:53:06.462,95.140,-0.548,-0.902,0.065
1635778386472,2021-11-01T10:53:06.472,95.150,-0.546,-0.902,0.062
1635778386482,2021-11-01T10:53:06.482,95.160,-0.542,-0.903,0.061
1635778386492,2021-11-01T10:53:06.492,95.170,-0.533,-0.901,0.059
1635778386502,2021-11-01T10:53:06.502,95.180,-0.527,-0.906,0.052
1635778386512,2021-11-01T10:53:06.512,95.190,-0.521,-0.905,0.058
1635778386522,2021-11-01T10:53:06.522,95.200,-0.512,-0.896,0.060
1635778386532,2021-11-01T10:53:06.532,95.210,-0.507,-0.884,0.055
1635778386542,2021-11-01T10:53:06.542,95.220,-0.512,-0.885,0.046
1635778386552,2021-11-01T10:53:06.552,95.230,-0.516,-0.895,0.044
1635778386562,2021-11-01T10:53:06.562,95.240,-0.515,-0.901,0.045
1635778386572,2021-11-01T10:53:06.572,95.250,-0.510,-0.909,0.048
1635778386582,2021-11-01T10:53:06.582,95.260,-0.509,-0.914,0.052
1635778386592,2021-11-01T10:53:06.592,95.270,-0.513,-0.907,0.058
1635778386602,2021-11-01T10:53:06.602,95.280,-0.516,-0.902,0.060
1635778386612,2021-11-01T10:53:06.612,95.290,-0.525,-0.895,0.057
1635778386622,2021-11-01T10:53:06.622,95.300,-0.534,-0.893,0.057
1635778386632,2021-11-01T10:53:06.632,95.310,-0.536,-0.903,0.058
1635778386642,2021-11-01T10:53:06.642,95.320,-0.528,-0.926,0.054
1635778386652,2021-11-01T10:53:06.652,95.330,-0.520,-0.943,0.063
1635778386662,2021-11-01T10:53:06.662,95.340,-0.521,-0.934,0.060
1635778386672,2021-11-01T10:53:06.672,95.350,-0.527,-0.918,0.054
1635778386682,2021-11-01T10:53:06.682,95.360,-0.530,-0.914,0.055
1635778386692,2021-11-01T10:53:06.692,95.370,-0.535,-0.912,0.060
1635778386702,2021-11-01T10:53:06.702,95.380,-0.536,-0.909,0.063
1635778386712,2021-11-01T10:53:06.712,95.390,-0.529,-0.915,0.071
1635778386722,2021-11-01T10:53:06.722,95.400,-0.519,-0.928,0.075
1635778386732,2021-11-01T10:53:06.732,95.410,-0.515,-0.929,0.077
1635778386742,2021-11-01T10:53:06.742,95.420,-0.507,-0.923,0.079
1635778386752,2021-11-01T10:53:06.752,95.430,-0.500,-0.919,0.076
1635778386762,2021-11-01T10:53:06.762,95.440,-0.497,-0.919,0.078
1635778386772,2021-11-01T10:53:06.772,95.450,-0.497,-0.907,0.076
1635778386782,2021-11-01T10:53:06.782,95.460,-0.497,-0.896,0.068
1635778386792,2021-11-01T10:53:06.792,95.470,-0.495,-0.902,0.062
1635778386802,2021-11-01T10:53:06.802,95.480,-0.496,-0.918,0.063
1635778386812,2021-11-01T10:53:06.812,95.490,-0.495,-0.937,0.063
1635778386822,2021-11-01T10:53:06.822,95.500,-0.489,-0.938,0.065
1635778386832,2021-11-01T10:53:06.832,95.510,-0.486,-0.915,0.064
1635778386842,2021-11-01T10:53:06.842,95.520,-0.489,-0.901,0.065
1635778386852,2021-11-01T10:53:06.852,95.530,-0.492,-0.905,0.068
1635778386862,2021-11-01T10:53:06.862,95.540,-0.495,-0.914,0.066
1635778386872,2021-11-01T10:53:06.872,95.550,-0.495,-0.928,0.059
1635778386882,2021-11-01T10:53:06.882,95.560,-0.498,-0.939,0.064
1635778386892,2021-11-01T10:53:06.892,95.570,-0.502,-0.938,0.072
1635778386902,2021-11-01T10:53:06.902,95.580,-0.501,-0.928,0.073
1635778386912,2021-11-01T10:53:06.912,95.590,-0.498,-0.927,0.074
1635778386922,2021-11-01T10:53:06.922,95.600,-0.491,-0.937,0.074
1635778386932,2021-11-01T10:53:06.932,95.610,-0.489,-0.941,0.083
1635778386942,2021-11-01T10:53:06.942,95.620,-0.485,-0.935,0.086
1635778386952,2021-11-01T10:53:06.952,95.630,-0.484,-0.930,0.084
1635778386962,2021-11-01T10:53:06.962,95.640,-0.489,-0.935,0.085
1635778386972,2021-11-01T10:53:06.972,95.650,-0.491,-0.940,0.086
1635778386982,2021-11-01T10:53:06.982,95.660,-0.485,-0.946,0.081
1635778386992,2021-11-01T10:53:06.992,95.670,-0.489,-0.943,0.078
1635778387002,2021-11-01T10:53:07.002,95.680,-0.484,-0.935,0.075
1635778387012,2021-11-01T10:53:07.012,95.690,-0.482,-0.920,0.070
1635778387022,2021-11-01T10:53:07.022,95.700,-0.483,-0.920,0.071
1635778387032,2021-11-01T10:53:07.032,95.710,-0.479,-0.921,0.072
1635778387042,2021-11-01T10:53:07.042,95.720,-0.477,-0.926,0.069
1635778387052,2021-11-01T10:53:07.052,95.730,-0.475,-0.933,0.071
1635778387062,2021-11-01T10:53:07.062,95.740,-0.472,-0.939,0.067
1635778387072,2021-11-01T10:53:07.072,95.750,-0.475,-0.942,0.069
1635778387082,2021-11-01T10:53:07.082,95.760,-0.478,-0.938,0.069
1635778387092,2021-11-01T10:53:07.092,95.770,-0.478,-0.933,0.072
1635778387102,2021-11-01T10:53:07.102,95.780,-0.473,-0.928,0.070
1635778387112,2021-11-01T10:53:07.112,95.790,-0.470,-0.926,0.068
1635778387122,2021-11-01T10:53:07.122,95.800,-0.466,-0.926,0.073
1635778387132,2021-11-01T10:53:07.132,95.810,-0.466,-0.927,0.072
1635778387142,2021-11-01T10:53:07.142,95.820,-0.461,-0.921,0.077
1635778387152,2021-11-01T10:53:07.152,95.830,-0.452,-0.937,0.077
1635778387162,2021-11-01T10:53:07.162,95.840,-0.454,-0.965,0.077
1635778387172,2021-11-01T10:53:07.172,95.850,-0.459,-0.968,0.082
1635778387182,2021-11-01T10:53:07.182,95.860,-0.459,-0.950,0.081
1635778387192,2021-11-01T10:53:07.192,95.870,-0.462,-0.934,0.076
1635778387202,2021-11-01T10:53:07.202,95.880,-0.458,-0.927,0.080
1635778387212,2021-11-01T10:53:07.212,95.890,-0.449,-0.924,0.084
1635778387222,2021-11-01T10:53:07.222,95.900,-0.450,-0.917,0.083
1635778387232,2021-11-01T10:53:07.232,95.910,-0.454,-0.915,0.083
1635778387242,2021-11-01T10:53:07.242,95.920,-0.453,-0.922,0.084
1635778387252,2021-11-01T10:53:07.252,95.930,-0.456,-0.937,0.081
1635778387262,2021-11-01T10:53:07.262,95.940,-0.462,-0.948,0.083
1635778387272,2021-11-01T10:53:07.272,95.950,-0.456,-0.956,0.086
1635778387282,2021-11-01T10:53:07.282,95.960,-0.457,-0.960,0.085
1635778387292,2021-11-01T10:53:07.292,95.970,-0.463,-0.955,0.092
1635778387302,2021-11-01T10:53:07.302,95.980,-0.460,-0.943,0.097
1635778387312,2021-11-01T10:53:07.312,95.990,-0.458,-0.928,0.098
1635778387322,2021-11-01T10:53:07.322,96.000,-0.457,-0.923,0.099
1635778387332,2021-11-01T10:53:07.332,96.010,-0.463,-0.926,0.102
1635778387342,2021-11-01T10:53:07.342,96.020,-0.467,-0.928,0.104
1635778387352,2021-11-01T10:53:07.352,96.030,-0.467,-0.935,0.098
1635778387362,2021-11-01T10:53:07.362,96.040,-0.463,-0.948,0.099
1635778387372,2021-11-01T10:53:07.372,96.050,-0.464,-0.962,0.099
1635778387382,2021-11-01T10:53:07.382,96.060,-0.462,-0.969,0.097
1635778387392,2021-11-01T10:53:07.392,96.070,-0.464,-0.963,0.100
1635778387402,2021-11-01T10:53:07.402,96.080,-0.470,-0.940,0.100
1635778387412,2021-11-01T10:53:07.412,96.090,-0.474,-0.927,0.101
1635778387422,2021-11-01T10:53:07.422,96.100,-0.474,-0.939,0.098
1635778387432,2021-11-01T10:53:07.432,96.110,-0.474,-0.949,0.100
1635778387442,2021-11-01T10:53:07.442,96.120,-0.473,-0.944,0.104
1635778387452,2021-11-01T10:53:07.452,96.130,-0.470,-0.935,0.102
1635778387462,2021-11-01T10:53:07.462,96.140,-0.467,-0.939,0.101
1635778387472,2021-11-01T10:53:07.472,96.150,-0.466,-0.957,0.099
1635778387482,2021-11-01T10:53:07.482,96.160,-0.465,-0.958,0.101
1635778387492,2021-11-01T10:53:07.492,96.170,-0.463,-0.949,0.098
1635778387502,2021-11-01T10:53:07.502,96.180,-0.464,-0.940,0.099
1635778387512,2021-11-01T10:53:07.512,96.190,-0.461,-0.940,0.100
1635778387522,2021-11-01T10:53:07.522,96.200,-0.458,-0.935,0.102
1635778387532,2021-11-01T10:53:07.532,96.210,-0.454,-0.935,0.103
1635778387542,2021-11-01T10:53:07.542,96.220,-0.450,-0.941,0.106
1635778387552,2021-11-01T10:53:07.552,96.230,-0.450,-0.943,0.116
1635778387562,2021-11-01T10:53:07.562,96.240,-0.451,-0.941,0.116
1635778387572,2021-11-01T10:53:07.572,96.250,-0.451,-0.950,0.118
1635778387582,2021-11-01T10:53:07.582,96.260,-0.452,-0.955,0.117
1635778387592,2021-11-01T10:53:07.592,96.270,-0.452,-0.954,0.115
1635778387602,2021-11-01T10:53:07.602,96.280,-0.458,-0.940,0.112
1635778387612,2021-11-01T10:53:07.612,96.290,-0.459,-0.930,0.112
1635778387622,2021-11-01T10:53:07.622,96.300,-0.458,-0.929,0.104
1635778387632,2021-11-01T10:53:07.632,96.310,-0.460,-0.937,0.104
1635778387642,2021-11-01T10:53:07.642,96.320,-0.461,-0.938,0.105
1635778387652,2021-11-01T10:53:07.652,96.330,-0.459,-0.937,0.104
1635778387662,2021-11-01T10:53:07.662,96.340,-0.460,-0.948,0.104
1635778387672,2021-11-01T10:53:07.672,96.350,-0.462,-0.959,0.103
1635778387682,2021-11-01T10:53:07.682,96.360,-0.466,-0.955,0.105
1635778387692,2021-11-01T10:53:07.692,96.370,-0.466,-0.948,0.105
1635778387702,2021-11-01T10:53:07.702,96.380,-0.467,-0.947,0.099
1635778387712,2021-11-01T10:53:07.712,96.390,-0.462,-0.949,0.099
1635778387722,2021-11-01T10:53:07.722,96.400,-0.463,-0.943,0.097
1635778387732,2021-11-01T10:53:07.732,96.410,-0.462,-0.933,0.098
1635778387742,2021-11-01T10:53:07.742,96.420,-0.458,-0.929,0.099
1635778387752,2021-11-01T10:53:07.752,96.430,-0.459,-0.937,0.093
1635778387762,2021-11-01T10:53:07.762,96.440,-0.464,-0.945,0.098
1635778387772,2021-11-01T10:53:07.772,96.450,-0.459,-0.942,0.097
1635778387782,2021-11-01T10:53:07.782,96.460,-0.459,-0.939,0.094
1635778387792,2021-11-01T10:53:07.792,96.470,-0.463,-0.945,0.090
1635778387802,2021-11-01T10:53:07.802,96.480,-0.466,-0.948,0.097
1635778387812,2021-11-01T10:53:07.812,96.490,-0.462,-0.942,0.095
1635778387822,2021-11-01T10:53:07.822,96.500,-0.460,-0.933,0.092
1635778387832,2021-11-01T10:53:07.832,96.510,-0.458,-0.934,0.090
1635778387842,2021-11-01T10:53:07.842,96.520,-0.458,-0.935,0.098
1635778387852,2021-11-01T10:53:07.852,96.530,-0.453,-0.929,0.102
1635778387862,2021-11-01T10:53:07.862,96.540,-0.455,-0.932,0.098
1635778387872,2021-11-01T10:53:07.872,96.550,-0.457,-0.941,0.101
1635778387882,2021-11-01T10:53:07.882,96.560,-0.459,-0.947,0.096
1635778387892,2021-11-01T10:53:07.892,96.570,-0.463,-0.948,0.095
1635778387902,2021-11-01T10:53:07.902,96.580,-0.460,-0.949,0.093
1635778387912,2021-11-01T10:53:07.912,96.590,-0.463,-0.955,0.092
1635778387922,2021-11-01T10:53:07.922,96.600,-0.465,-0.956,0.095
1635778387932,2021-11-01T10:53:07.932,96.610,-0.462,-0.947,0.098
1635778387942,2021-11-01T10:53:07.942,96.620,-0.460,-0.944,0.100
1635778387952,2021-11-01T10:53:07.952,96.630,-0.462,-0.946,0.101
1635778387962,2021-11-01T10:53:07.962,96.640,-0.457,-0.951,0.099
1635778387972,2021-11-01T10:53:07.972,96.650,-0.457,-0.958,0.100
1635778387982,2021-11-01T10:53:07.982,96.660,-0.458,-0.960,0.101
1635778387992,2021-11-01T10:53:07.992,96.670,-0.452,-0.953,0.103
1635778388002,2021-11-01T10:53:08.002,96.680,-0.454,-0.938,0.101
1635778388012,2021-11-01T10:53:08.012,96.690,-0.450,-0.927,0.102
1635778388022,2021-11-01T10:53:08.022,96.700,-0.452,-0.927,0.099
1635778388032,2021-11-01T10:53:08.032,96.710,-0.448,-0.929,0.100
1635778388042,2021-11-01T10:53:08.042,96.720,-0.442,-0.939,0.102
1635778388052,2021-11-01T10:53:08.052,96.730,-0.445,-0.949,0.103
1635778388062,2021-11-01T10:53:08.062,96.740,-0.446,-0.948,0.105
1635778388072,2021-11-01T10:53:08.072,96.750,-0.451,-0.944,0.100
1635778388082,2021-11-01T10:53:08.082,96.760,-0.455,-0.944,0.101
1635778388092,2021-11-01T10:53:08.092,96.770,-0.453,-0.943,0.103
1635778388102,2021-11-01T10:53:08.102,96.780,-0.453,-0.938,0.106
1635778388112,2021-11-01T10:53:08.112,96.790,-0.454,-0.935,0.105
1635778388122,2021-11-01T10:53:08.122,96.800,-0.448,-0.935,0.108
1635778388132,2021-11-01T10:53:08.132,96.810,-0.446,-0.938,0.107
1635778388142,2021-11-01T10:53:08.142,96.820,-0.447,-0.945,0.109
1635778388152,2021-11-01T10:53:08.152,96.830,-0.449,-0.952,0.107
1635778388162,2021-11-01T10:53:08.162,96.840,-0.450,-0.951,0.109
1635778388172,2021-11-01T10:53:08.172,96.850,-0.449,-0.957,0.107
1635778388182,2021-11-01T10:53:08.182,96.860,-0.456,-0.966,0.106
1635778388192,2021-11-01T10:53:08.192,96.870,-0.459,-0.966,0.109
1635778388202,2021-11-01T10:53:08.202,96.880,-0.458,-0.959,0.105
1635778388212,2021-11-01T10:53:08.212,96.890,-0.455,-0.947,0.104
1635778388222,2021-11-01T10:53:08.222,96.900,-0.454,-0.939,0.107
1635778388232,2021-11-01T10:53:08.232,96.910,-0.453,-0.934,0.106
1635778388242,2021-11-01T10:53:08.242,96.920,-0.450,-0.934,0.106
1635778388252,2021-11-01T10:53:08.252,96.930,-0.449,-0.936,0.104
1635778388262,2021-11-01T10:53:08.262,96.940,-0.447,-0.939,0.103
1635778388272,2021-11-01T10:53:08.272,96.950,-0.448,-0.949,0.104
1635778388282,2021-11-01T10:53:08.282,96.960,-0.449,-0.958,0.102
1635778388292,2021-11-01T10:53:08.292,96.970,-0.451,-0.960,0.104
1635778388302,2021-11-01T10:53:08.302,96.980,-0.458,-0.957,0.101
1635778388312,2021-11-01T10:53:08.312,96.990,-0.456,-0.945,0.101
1635778388322,2021-11-01T10:53:08.322,97.000,-0.451,-0.929,0.105
1635778388332,2021-11-01T10:53:08.332,97.010,-0.442,-0.926,0.105
1635778388342,2021-11-01T10:53:08.342,97.020,-0.437,-0.934,0.108
1635778388352,2021-11-01T10:53:08.352,97.030,-0.435,-0.944,0.113
1635778388362,2021-11-01T10:53:08.362,97.040,-0.433,-0.950,0.115
1635778388372,2021-11-01T10:53:08.372,97.050,-0.433,-0.954,0.114
1635778388382,2021-11-01T10:53:08.382,97.060,-0.437,-0.965,0.114
1635778388392,2021-11-01T10:53:08.392,97.070,-0.445,-0.968,0.113
1635778388402,2021-11-01T10:53:08.402,97.080,-0.449,-0.959,0.115
1635778388412,2021-11-01T10:53:08.412,97.090,-0.447,-0.948,0.117
1635778388422,2021-11-01T10:53:08.422,97.100,-0.446,-0.940,0.113
1635778388432,2021-11-01T10:53:08.432,97.110,-0.444,-0.937,0.112
1635778388442,2021-11-01T10:53:08.442,97.120,-0.438,-0.941,0.113
1635778388452,2021-11-01T10:53:08.452,97.130,-0.438,-0.944,0.113
1635778388462,2021-11-01T10:53:08.462,97.140,-0.439,-0.945,0.114
1635778388472,2021-11-01T10:53:08.472,97.150,-0.438,-0.938,0.111
1635778388482,2021-11-01T10:53:08.482,97.160,-0.439,-0.938,0.107
1635778388492,2021-11-01T10:53:08.492,97.170,-0.445,-0.945,0.109
1635778388502,2021-11-01T10:53:08.502,97.180,-0.448,-0.959,0.107
1635778388512,2021-11-01T10:53:08.512,97.190,-0.456,-0.963,0.109
1635778388522,2021-11-01T10:53:08.522,97.200,-0.457,-0.949,0.111
1635778388532,2021-11-01T10:53:08.532,97.210,-0.456,-0.934,0.115
1635778388542,2021-11-01T10:53:08.542,97.220,-0.453,-0.939,0.115
1635778388552,2021-11-01T10:53:08.552,97.230,-0.445,-0.948,0.117
1635778388562,2021-11-01T10:53:08.562,97.240,-0.441,-0.949,0.122
1635778388572,2021-11-01T10:53:08.572,97.250,-0.443,-0.942,0.120
1635778388582,2021-11-01T10:53:08.582,97.260,-0.441,-0.945,0.117
1635778388592,2021-11-01T10:53:08.592,97.270,-0.443,-0.956,0.118
1635778388602,2021-11-01T10:53:08.602,97.280,-0.443,-0.957,0.119
1635778388612,2021-11-01T10:53:08.612,97.290,-0.448,-0.950,0.118
1635778388622,2021-11-01T10:53:08.622,97.300,-0.454,-0.947,0.116
1635778388632,2021-11-01T10:53:08.632,97.310,-0.454,-0.952,0.111
1635778388642,2021-11-01T10:53:08.642,97.320,-0.450,-0.947,0.114
1635778388652,2021-11-01T10:53:08.652,97.330,-0.451,-0.941,0.112
1635778388662,2021-11-01T10:53:08.662,97.340,-0.449,-0.940,0.112
1635778388672,2021-11-01T10:53:08.672,97.350,-0.450,-0.940,0.112
1635778388682,2021-11-01T10:53:08.682,97.360,-0.449,-0.942,0.117
1635778388692,2021-11-01T10:53:08.692,97.370,-0.446,-0.949,0.110
1635778388702,2021-11-01T10:53:08.702,97.380,-0.447,-0.950,0.110
1635778388712,2021-11-01T10:53:08.712,97.390,-0.448,-0.941,0.111
1635778388722,2021-11-01T10:53:08.722,97.400,-0.450,-0.940,0.109
1635778388732,2021-11-01T10:53:08.732,97.410,-0.454,-0.941,0.113
1635778388742,2021-11-01T10:53:08.742,97.420,-0.455,-0.942,0.110
1635778388752,2021-11-01T10:53:08.752,97.430,-0.451,-0.941,0.109
1635778388762,2021-11-01T10:53:08.762,97.440,-0.453,-0.940,0.115
1635778388772,2021-11-01T10:53:08.772,97.450,-0.451,-0.940,0.120
1635778388782,2021-11-01T10:53:08.782,97.460,-0.444,-0.951,0.117
1635778388792,2021-11-01T10:53:08.792,97.470,-0.448,-0.961,0.121
1635778388802,2021-11-01T10:53:08.802,97.480,-0.447,-0.961,0.123
1635778388812,2021-11-01T10:53:08.812,97.490,-0.451,-0.950,0.118
1635778388822,2021-11-01T10:53:08.822,97.500,-0.456,-0.931,0.123
1635778388832,2021-11-01T10:53:08.832,97.510,-0.458,-0.931,0.122
1635778388842,2021-11-01T10:53:08.842,97.520,-0.455,-0.950,0.114
1635778388852,2021-11-01T10:53:08.852,97.530,-0.459,-0.963,0.119
1635778388862,2021-11-01T10:53:08.862,97.540,-0.459,-0.963,0.116
1635778388872,2021-11-01T10:53:08.872,97.550,-0.458,-0.948,0.121
1635778388882,2021-11-01T10:53:08.882,97.560,-0.455,-0.932,0.122
1635778388892,2021-11-01T10:53:08.892,97.570,-0.458,-0.934,0.113
1635778388902,2021-11-01T10:53:08.902,97.580,-0.464,-0.939,0.114
1635778388912,2021-11-01T10:53:08.912,97.590,-0.462,-0.946,0.115
1635778388922,2021-11-01T10:53:08.922,97.600,-0.454,-0.949,0.115
1635778388932,2021-11-01T10:53:08.932,97.610,-0.453,-0.948,0.115
1635778388942,2021-11-01T10:53:08.942,97.620,-0.452,-0.940,0.118
1635778388952,2021-11-01T10:53:08.952,97.630,-0.447,-0.936,0.120
1635778388962,2021-11-01T10:53:08.962,97.640,-0.446,-0.936,0.125
1635778388972,2021-11-01T10:53:08.972,97.650,-0.448,-0.946,0.124
1635778388982,2021-11-01T10:53:08.982,97.660,-0.456,-0.953,0.121
1635778388992,2021-11-01T10:53:08.992,97.670,-0.462,-0.954,0.121
1635778389002,2021-11-01T10:53:09.002,97.680,-0.463,-0.947,0.122
1635778389012,2021-11-01T10:53:09.012,97.690,-0.464,-0.942,0.120
1635778389022,2021-11-01T10:53:09.022,97.700,-0.466,-0.940,0.116
1635778389032,2021-11-01T10:53:09.032,97.710,-0.466,-0.939,0.117
1635778389042,2021-11-01T10:53:09.042,97.720,-0.465,-0.936,0.116
1635778389052,2021-11-01T10:53:09.052,97.730,-0.463,-0.933,0.114
1635778389062,2021-11-01T10:53:09.062,97.740,-0.458,-0.936,0.117
1635778389072,2021-11-01T10:53:09.072,97.750,-0.457,-0.944,0.118
1635778389082,2021-11-01T10:53:09.082,97.760,-0.456,-0.946,0.112
1635778389092,2021-11-01T10:53:09.092,97.770,-0.457,-0.944,0.112
1635778389102,2021-11-01T10:53:09.102,97.780,-0.460,-0.944,0.114
1635778389112,2021-11-01T10:53:09.112,97.790,-0.459,-0.943,0.112
1635778389122,2021-11-01T10:53:09.122,97.800,-0.456,-0.938,0.113
1635778389132,2021-11-01T10:53:09.132,97.810,-0.454,-0.936,0.109
1635778389142,2021-11-01T10:53:09.142,97.820,-0.457,-0.937,0.110
1635778389152,2021-11-01T10:53:09.152,97.830,-0.458,-0.936,0.114
1635778389162,2021-11-01T10:53:09.162,97.840,-0.455,-0.930,0.110
1635778389172,2021-11-01T10:53:09.172,97.850,-0.450,-0.933,0.109
1635778389182,2021-11-01T10:53:09.182,97.860,-0.455,-0.946,0.110
1635778389192,2021-11-01T10:53:09.192,97.870,-0.460,-0.959,0.109
1635778389202,2021-11-01T10:53:09.202,97.880,-0.455,-0.960,0.110
1635778389212,2021-11-01T10:53:09.212,97.890,-0.453,-0.950,0.112
1635778389222,2021-11-01T10:53:09.222,97.900,-0.455,-0.938,0.113
1635778389232,2021-11-01T10:53:09.232,97.910,-0.459,-0.930,0.114
1635778389242,2021-11-01T10:53:09.242,97.920,-0.455,-0.930,0.112
1635778389252,2021-11-01T10:53:09.252,97.930,-0.454,-0.937,0.113
1635778389262,2021-11-01T10:53:09.262,97.940,-0.452,-0.943,0.113
1635778389272,2021-11-01T10:53:09.272,97.950,-0.451,-0.944,0.115
1635778389282,2021-11-01T10:53:09.282,97.960,-0.453,-0.956,0.120
1635778389292,2021-11-01T10:53:09.292,97.970,-0.458,-0.961,0.118
1635778389302,2021-11-01T10:53:09.302,97.980,-0.465,-0.946,0.120
1635778389312,2021-11-01T10:53:09.312,97.990,-0.464,-0.938,0.123
1635778389322,2021-11-01T10:53:09.322,98.000,-0.459,-0.942,0.123
1635778389332,2021-11-01T10:53:09.332,98.010,-0.454,-0.947,0.125
1635778389342,2021-11-01T10:53:09.342,98.020,-0.452,-0.944,0.122
1635778389352,2021-11-01T10:53:09.352,98.030,-0.456,-0.941,0.126
1635778389362,2021-11-01T10:53:09.362,98.040,-0.456,-0.942,0.128
1635778389372,2021-11-01T10:53:09.372,98.050,-0.455,-0.948,0.123
1635778389382,2021-11-01T10:53:09.382,98.060,-0.458,-0.958,0.120
1635778389392,2021-11-01T10:53:09.392,98.070,-0.461,-0.961,0.117
1635778389402,2021-11-01T10:53:09.402,98.080,-0.460,-0.952,0.115
1635778389412,2021-11-01T10:53:09.412,98.090,-0.460,-0.937,0.114
1635778389422,2021-11-01T10:53:09.422,98.100,-0.459,-0.928,0.114
1635778389432,2021-11-01T10:53:09.432,98.110,-0.458,-0.925,0.113
1635778389442,2021-11-01T10:53:09.442,98.120,-0.459,-0.927,0.114
1635778389452,2021-11-01T10:53:09.452,98.130,-0.456,-0.935,0.115
1635778389462,2021-11-01T10:53:09.462,98.140,-0.455,-0.953,0.113
1635778389472,2021-11-01T10:53:09.472,98.150,-0.466,-0.960,0.118
1635778389482,2021-11-01T10:53:09.482,98.160,-0.465,-0.953,0.120
1635778389492,2021-11-01T10:53:09.492,98.170,-0.463,-0.949,0.119
1635778389502,2021-11-01T10:53:09.502,98.180,-0.465,-0.952,0.117
1635778389512,2021-11-01T10:53:09.512,98.190,-0.464,-0.953,0.116
1635778389522,2021-11-01T10:53:09.522,98.200,-0.466,-0.938,0.118
1635778389532,2021-11-01T10:53:09.532,98.210,-0.460,-0.928,0.113
1635778389542,2021-11-01T10:53:09.542,98.220,-0.462,-0.938,0.116
1635778389552,2021-11-01T10:53:09.552,98.230,-0.465,-0.948,0.119
1635778389562,2021-11-01T10:53:09.562,98.240,-0.466,-0.952,0.123
1635778389572,2021-11-01T10:53:09.572,98.250,-0.463,-0.957,0.123
1635778389582,2021-11-01T10:53:09.582,98.260,-0.458,-0.969,0.127
1635778389592,2021-11-01T10:53:09.592,98.270,-0.453,-0.970,0.127
1635778389602,2021-11-01T10:53:09.602,98.280,-0.449,-0.960,0.125
1635778389612,2021-11-01T10:53:09.612,98.290,-0.443,-0.947,0.120
1635778389622,2021-11-01T10:53:09.622,98.300,-0.441,-0.940,0.114
1635778389632,2021-11-01T10:53:09.632,98.310,-0.438,-0.930,0.109
1635778389642,2021-11-01T10:53:09.642,98.320,-0.435,-0.923,0.102
1635778389652,2021-11-01T10:53:09.652,98.330,-0.433,-0.937,0.092
1635778389662,2021-11-01T10:53:09.662,98.340,-0.431,-0.950,0.096
1635778389672,2021-11-01T10:53:09.672,98.350,-0.432,-0.948,0.091
1635778389682,2021-11-01T10:53:09.682,98.360,-0.427,-0.938,0.084
1635778389692,2021-11-01T10:53:09.692,98.370,-0.422,-0.933,0.083
1635778389702,2021-11-01T10:53:09.702,98.380,-0.419,-0.927,0.083
1635778389712,2021-11-01T10:53:09.712,98.390,-0.416,-0.919,0.080
1635778389722,2021-11-01T10:53:09.722,98.400,-0.414,-0.916,0.074
1635778389732,2021-11-01T10:53:09.732,98.410,-0.413,-0.917,0.072
1635778389742,2021-11-01T10:53:09.742,98.420,-0.411,-0.921,0.071
1635778389752,2021-11-01T10:53:09.752,98.430,-0.409,-0.920,0.078
1635778389762,2021-11-01T10:53:09.762,98.440,-0.399,-0.929,0.084
1635778389772,2021-11-01T10:53:09.772,98.450,-0.390,-0.951,0.083
1635778389782,2021-11-01T10:53:09.782,98.460,-0.379,-0.960,0.087
1635778389792,2021-11-01T10:53:09.792,98.470,-0.366,-0.956,0.085
1635778389802,2021-11-01T10:53:09.802,98.480,-0.365,-0.961,0.080
1635778389812,2021-11-01T10:53:09.812,98.490,-0.370,-0.984,0.076
1635778389822,2021-11-01T10:53:09.822,98.500,-0.372,-0.993,0.074
1635778389832,2021-11-01T10:53:09.832,98.510,-0.385,-0.969,0.090
1635778389842,2021-11-01T10:53:09.842,98.520,-0.392,-0.944,0.109
1635778389852,2021-11-01T10:53:09.852,98.530,-0.383,-0.937,0.119
1635778389862,2021-11-01T10:53:09.862,98.540,-0.373,-0.945,0.124
1635778389872,2021-11-01T10:53:09.872,98.550,-0.358,-0.936,0.125
1635778389882,2021-11-01T10:53:09.882,98.560,-0.344,-0.888,0.115
1635778389892,2021-11-01T10:53:09.892,98.570,-0.329,-0.832,0.096
1635778389902,2021-11-01T10:53:09.902,98.580,-0.323,-0.803,0.087
1635778389912,2021-11-01T10:53:09.912,98.590,-0.312,-0.822,0.070
1635778389922,2021-11-01T10:53:09.922,98.600,-0.298,-0.851,0.057
1635778389932,2021-11-01T10:53:09.932,98.610,-0.283,-0.841,0.058
1635778389942,2021-11-01T10:53:09.942,98.620,-0.266,-0.817,0.048
1635778389952,2021-11-01T10:53:09.952,98.630,-0.257,-0.803,0.036
1635778389962,2021-11-01T10:53:09.962,98.640,-0.259,-0.787,0.040
1635778389972,2021-11-01T10:53:09.972,98.650,-0.258,-0.759,0.039
1635778389982,2021-11-01T10:53:09.982,98.660,-0.267,-0.713,0.040
1635778389992,2021-11-01T10:53:09.992,98.670,-0.281,-0.664,0.046
1635778390002,2021-11-01T10:53:10.002,98.680,-0.297,-0.630,0.052
1635778390012,2021-11-01T10:53:10.012,98.690,-0.310,-0.620,0.060
1635778390022,2021-11-01T10:53:10.022,98.700,-0.311,-0.630,0.073
1635778390032,2021-11-01T10:53:10.032,98.710,-0.309,-0.658,0.090
1635778390042,2021-11-01T10:53:10.042,98.720,-0.301,-0.667,0.108
1635778390052,2021-11-01T10:53:10.052,98.730,-0.298,-0.617,0.123
1635778390062,2021-11-01T10:53:10.062,98.740,-0.302,-0.558,0.131
1635778390072,2021-11-01T10:53:10.072,98.750,-0.333,-0.543,0.122
1635778390082,2021-11-01T10:53:10.082,98.760,-0.382,-0.555,0.124
1635778390092,2021-11-01T10:53:10.092,98.770,-0.435,-0.550,0.137
1635778390102,2021-11-01T10:53:10.102,98.780,-0.439,-0.542,0.142
1635778390112,2021-11-01T10:53:10.112,98.790,-0.426,-0.595,0.137
1635778390122,2021-11-01T10:53:10.122,98.800,-0.434,-0.692,0.147
1635778390132,2021-11-01T10:53:10.132,98.810,-0.465,-0.737,0.164
1635778390142,2021-11-01T10:53:10.142,98.820,-0.506,-0.693,0.176
1635778390152,2021-11-01T10:53:10.152,98.830,-0.533,-0.604,0.186
1635778390162,2021-11-01T10:53:10.162,98.840,-0.542,-0.550,0.188
1635778390172,2021-11-01T10:53:10.172,98.850,-0.558,-0.585,0.181
1635778390182,2021-11-01T10:53:10.182,98.860,-0.598,-0.665,0.181
1635778390192,2021-11-01T10:53:10.192,98.870,-0.617,-0.729,0.188
1635778390202,2021-11-01T10:53:10.202,98.880,-0.606,-0.720,0.194
1635778390212,2021-11-01T10:53:10.212,98.890,-0.589,-0.643,0.191
1635778390222,2021-11-01T10:53:10.222,98.900,-0.580,-0.543,0.187
1635778390232,2021-11-01T10:53:10.232,98.910,-0.590,-0.452,0.192
1635778390242,2021-11-01T10:53:10.242,98.920,-0.608,-0.418,0.183
1635778390252,2021-11-01T10:53:10.252,98.930,-0.645,-0.466,0.163
1635778390262,2021-11-01T10:53:10.262,98.940,-0.700,-0.561,0.148
1635778390272,2021-11-01T10:53:10.272,98.950,-0.740,-0.625,0.166
1635778390282,2021-11-01T10:53:10.282,98.960,-0.737,-0.645,0.175
1635778390292,2021-11-01T10:53:10.292,98.970,-0.713,-0.651,0.169
1635778390302,2021-11-01T10:53:10.302,98.980,-0.695,-0.653,0.183
1635778390312,2021-11-01T10:53:10.312,98.990,-0.713,-0.635,0.184
1635778390322,2021-11-01T10:53:10.322,99.000,-0.749,-0.614,0.178
1635778390332,2021-11-01T10:53:10.332,99.010,-0.785,-0.615,0.179
1635778390342,2021-11-01T10:53:10.342,99.020,-0.834,-0.616,0.188
1635778390352,2021-11-01T10:53:10.352,99.030,-0.858,-0.629,0.198
1635778390362,2021-11-01T10:53:10.362,99.040,-0.837,-0.670,0.211
1635778390372,2021-11-01T10:53:10.372,99.050,-0.813,-0.722,0.222
1635778390382,2021-11-01T10:53:10.382,99.060,-0.813,-0.718,0.237
1635778390392,2021-11-01T10:53:10.392,99.070,-0.817,-0.642,0.241
1635778390402,2021-11-01T10:53:10.402,99.080,-0.832,-0.538,0.235
1635778390412,2021-11-01T10:53:10.412,99.090,-0.861,-0.487,0.225
1635778390422,2021-11-01T10:53:10.422,99.100,-0.911,-0.517,0.213
1635778390432,2021-11-01T10:53:10.432,99.110,-0.967,-0.604,0.218
1635778390442,2021-11-01T10:53:10.442,99.120,-1.008,-0.700,0.226
1635778390452,2021-11-01T10:53:10.452,99.130,-1.012,-0.754,0.235
1635778390462,2021-11-01T10:53:10.462,99.140,-0.989,-0.765,0.232
1635778390472,2021-11-01T10:53:10.472,99.150,-0.991,-0.712,0.224
1635778390482,2021-11-01T10:53:10.482,99.160,-1.004,-0.598,0.213
1635778390492,2021-11-01T10:53:10.492,99.170,-1.016,-0.511,0.191
1635778390502,2021-11-01T10:53:10.502,99.180,-1.042,-0.522,0.181
1635778390512,2021-11-01T10:53:10.512,99.190,-1.071,-0.604,0.204
1635778390522,2021-11-01T10:53:10.522,99.200,-1.079,-0.683,0.229
1635778390532,2021-11-01T10:53:10.532,99.210,-1.064,-0.724,0.249
1635778390542,2021-11-01T10:53:10.542,99.220,-1.063,-0.702,0.263
1635778390552,2021-11-01T10:53:10.552,99.230,-1.076,-0.629,0.255
1635778390562,2021-11-01T10:53:10.562,99.240,-1.090,-0.565,0.223
1635778390572,2021-11-01T10:53:10.572,99.250,-1.106,-0.579,0.196
1635778390582,2021-11-01T10:53:10.582,99.260,-1.111,-0.657,0.197
1635778390592,2021-11-01T10:53:10.592,99.270,-1.112,-0.700,0.203
1635778390602,2021-11-01T10:53:10.602,99.280,-1.107,-0.642,0.213
1635778390612,2021-11-01T10:53:10.612,99.290,-1.088,-0.564,0.221
1635778390622,2021-11-01T10:53:10.622,99.300,-1.085,-0.571,0.214
1635778390632,2021-11-01T10:53:10.632,99.310,-1.106,-0.607,0.220
1635778390642,2021-11-01T10:53:10.642,99.320,-1.116,-0.595,0.213
1635778390652,2021-11-01T10:53:10.652,99.330,-1.114,-0.564,0.202
1635778390662,2021-11-01T10:53:10.662,99.340,-1.127,-0.581,0.205
1635778390672,2021-11-01T10:53:10.672,99.350,-1.144,-0.623,0.218
1635778390682,2021-11-01T10:53:10.682,99.360,-1.142,-0.640,0.239
1635778390692,2021-11-01T10:53:10.692,99.370,-1.130,-0.623,0.255
1635778390702,2021-11-01T10:53:10.702,99.380,-1.124,-0.579,0.264
1635778390712,2021-11-01T10:53:10.712,99.390,-1.124,-0.521,0.252
1635778390722,2021-11-01T10:53:10.722,99.400,-1.124,-0.484,0.227
1635778390732,2021-11-01T10:53:10.732,99.410,-1.133,-0.510,0.206
1635778390742,2021-11-01T10:53:10.742,99.420,-1.172,-0.602,0.198
1635778390752,2021-11-01T10:53:10.752,99.430,-1.224,-0.668,0.205
1635778390762,2021-11-01T10:53:10.762,99.440,-1.249,-0.688,0.216
1635778390772,2021-11-01T10:53:10.772,99.450,-1.255,-0.688,0.221
1635778390782,2021-11-01T10:53:10.782,99.460,-1.281,-0.654,0.222
1635778390792,2021-11-01T10:53:10.792,99.470,-1.286,-0.610,0.207
1635778390802,2021-11-01T10:53:10.802,99.480,-1.272,-0.587,0.198
1635778390812,2021-11-01T10:53:10.812,99.490,-1.254,-0.586,0.214
1635778390822,2021-11-01T10:53:10.822,99.500,-1.238,-0.597,0.229
1635778390832,2021-11-01T10:53:10.832,99.510,-1.226,-0.594,0.243
1635778390842,2021-11-01T10:53:10.842,99.520,-1.215,-0.566,0.238
1635778390852,2021-11-01T10:53:10.852,99.530,-1.209,-0.516,0.219
1635778390862,2021-11-01T10:53:10.862,99.540,-1.185,-0.497,0.195
1635778390872,2021-11-01T10:53:10.872,99.550,-1.157,-0.523,0.191
1635778390882,2021-11-01T10:53:10.882,99.560,-1.129,-0.590,0.216
1635778390892,2021-11-01T10:53:10.892,99.570,-1.096,-0.688,0.227
1635778390902,2021-11-01T10:53:10.902,99.580,-1.074,-0.749,0.225
1635778390912,2021-11-01T10:53:10.912,99.590,-1.047,-0.750,0.211
1635778390922,2021-11-01T10:53:10.922,99.600,-1.021,-0.723,0.199
1635778390932,2021-11-01T10:53:10.932,99.610,-0.978,-0.713,0.183
1635778390942,2021-11-01T10:53:10.942,99.620,-0.903,-0.779,0.168
1635778390952,2021-11-01T10:53:10.952,99.630,-0.871,-0.906,0.163
1635778390962,2021-11-01T10:53:10.962,99.640,-0.869,-0.999,0.156
1635778390972,2021-11-01T10:53:10.972,99.650,-0.876,-1.007,0.126
1635778390982,2021-11-01T10:53:10.982,99.660,-0.878,-0.949,0.100
1635778390992,2021-11-01T10:53:10.992,99.670,-0.874,-0.897,0.069
1635778391002,2021-11-01T10:53:11.002,99.680,-0.873,-0.905,0.047
1635778391012,2021-11-01T10:53:11.012,99.690,-0.875,-0.923,0.047
1635778391022,2021-11-01T10:53:11.022,99.700,-0.850,-0.918,0.057
1635778391032,2021-11-01T10:53:11.032,99.710,-0.813,-0.905,0.071
1635778391042,2021-11-01T10:53:11.042,99.720,-0.777,-0.916,0.091
1635778391052,2021-11-01T10:53:11.052,99.730,-0.760,-0.916,0.111
1635778391062,2021-11-01T10:53:11.062,99.740,-0.749,-0.854,0.122
1635778391072,2021-11-01T10:53:11.072,99.750,-0.724,-0.769,0.124
1635778391082,2021-11-01T10:53:11.082,99.760,-0.702,-0.723,0.135
1635778391092,2021-11-01T10:53:11.092,99.770,-0.685,-0.718,0.153
1635778391102,2021-11-01T10:53:11.102,99.780,-0.652,-0.719,0.167
1635778391112,2021-11-01T10:53:11.112,99.790,-0.616,-0.716,0.178
1635778391122,2021-11-01T10:53:11.122,99.800,-0.591,-0.708,0.186
1635778391132,2021-11-01T10:53:11.132,99.810,-0.565,-0.714,0.184
1635778391142,2021-11-01T10:53:11.142,99.820,-0.555,-0.725,0.179
1635778391152,2021-11-01T10:53:11.152,99.830,-0.545,-0.726,0.163
1635778391162,2021-11-01T10:53:11.162,99.840,-0.539,-0.727,0.146
1635778391172,2021-11-01T10:53:11.172,99.850,-0.543,-0.732,0.133
1635778391182,2021-11-01T10:53:11.182,99.860,-0.544,-0.748,0.121
1635778391192,2021-11-01T10:53:11.192,99.870,-0.536,-0.767,0.121
1635778391202,2021-11-01T10:53:11.202,99.880,-0.519,-0.770,0.129
1635778391212,2021-11-01T10:53:11.212,99.890,-0.499,-0.766,0.124
1635778391222,2021-11-01T10:53:11.222,99.900,-0.477,-0.764,0.113
1635778391232,2021-11-01T10:53:11.232,99.910,-0.458,-0.781,0.111
1635778391242,2021-11-01T10:53:11.242,99.920,-0.443,-0.807,0.110
1635778391252,2021-11-01T10:53:11.252,99.930,-0.422,-0.840,0.103
1635778391262,2021-11-01T10:53:11.262,99.940,-0.412,-0.875,0.097
1635778391272,2021-11-01T10:53:11.272,99.950,-0.423,-0.896,0.096
1635778391282,2021-11-01T10:53:11.282,99.960,-0.427,-0.894,0.092
1635778391292,2021-11-01T10:53:11.292,99.970,-0.419,-0.882,0.091
1635778391302,2021-11-01T10:53:11.302,99.980,-0.413,-0.882,0.091
1635778391312,2021-11-01T10:53:11.312,99.990,-0.414,-0.889,0.099
1635778391322,2021-11-01T10:53:11.322,100.000,-0.405,-0.897,0.104
1635778391332,2021-11-01T10:53:11.332,100.010,-0.393,-0.902,0.109
1635778391342,2021-11-01T10:53:11.342,100.020,-0.398,-0.896,0.109
1635778391352,2021-11-01T10:53:11.352,100.030,-0.409,-0.881,0.105
1635778391362,2021-11-01T10:53:11.362,100.040,-0.425,-0.879,0.093
1635778391372,2021-11-01T10:53:11.372,100.050,-0.431,-0.893,0.080
1635778391382,2021-11-01T10:53:11.382,100.060,-0.431,-0.914,0.080
1635778391392,2021-11-01T10:53:11.392,100.070,-0.429,-0.926,0.078
1635778391402,2021-11-01T10:53:11.402,100.080,-0.424,-0.922,0.077
1635778391412,2021-11-01T10:53:11.412,100.090,-0.417,-0.901,0.074
1635778391422,2021-11-01T10:53:11.422,100.100,-0.408,-0.874,0.072
1635778391432,2021-11-01T10:53:11.432,100.110,-0.404,-0.866,0.067
1635778391442,2021-11-01T10:53:11.442,100.120,-0.413,-0.863,0.064
1635778391452,2021-11-01T10:53:11.452,100.130,-0.417,-0.868,0.051
1635778391462,2021-11-01T10:53:11.462,100.140,-0.428,-0.888,0.053
1635778391472,2021-11-01T10:53:11.472,100.150,-0.435,-0.917,0.060
1635778391482,2021-11-01T10:53:11.482,100.160,-0.436,-0.936,0.067
1635778391492,2021-11-01T10:53:11.492,100.170,-0.434,-0.940,0.077
1635778391502,2021-11-01T10:53:11.502,100.180,-0.426,-0.946,0.081
1635778391512,2021-11-01T10:53:11.512,100.190,-0.429,-0.944,0.078
1635778391522,2021-11-01T10:53:11.522,100.200,-0.431,-0.939,0.066
1635778391532,2021-11-01T10:53:11.532,100.210,-0.425,-0.940,0.055
1635778391542,2021-11-01T10:53:11.542,100.220,-0.414,-0.950,0.051
1635778391552,2021-11-01T10:53:11.552,100.230,-0.405,-0.949,0.037
1635778391562,2021-11-01T10:53:11.562,100.240,-0.392,-0.938,0.030
1635778391572,2021-11-01T10:53:11.572,100.250,-0.375,-0.929,0.023
1635778391582,2021-11-01T10:53:11.582,100.260,-0.371,-0.919,0.022
1635778391592,2021-11-01T10:53:11.592,100.270,-0.380,-0.912,0.018
1635778391602,2021-11-01T10:53:11.602,100.280,-0.402,-0.909,0.012
1635778391612,2021-11-01T10:53:11.612,100.290,-0.413,-0.914,0.004
1635778391622,2021-11-01T10:53:11.622,100.300,-0.418,-0.933,0.006
1635778391632,2021-11-01T10:53:11.632,100.310,-0.418,-0.955,0.014
1635778391642,2021-11-01T10:53:11.642,100.320,-0.413,-0.979,0.023
1635778391652,2021-11-01T10:53:11.652,100.330,-0.409,-0.985,0.028
1635778391662,2021-11-01T10:53:11.662,100.340,-0.405,-0.984,0.033
1635778391672,2021-11-01T10:53:11.672,100.350,-0.404,-0.971,0.034
1635778391682,2021-11-01T10:53:11.682,100.360,-0.411,-0.945,0.025
1635778391692,2021-11-01T10:53:11.692,100.370,-0.417,-0.942,0.013
1635778391702,2021-11-01T10:53:11.702,100.380,-0.422,-0.965,0.012
1635778391712,2021-11-01T10:53:11.712,100.390,-0.425,-0.982,0.016
1635778391722,2021-11-01T10:53:11.722,100.400,-0.428,-0.990,0.023
1635778391732,2021-11-01T10:53:11.732,100.410,-0.422,-1.000,0.029
1635778391742,2021-11-01T10:53:11.742,100.420,-0.414,-1.013,0.032
1635778391752,2021-11-01T10:53:11.752,100.430,-0.417,-1.003,0.025
1635778391762,2021-11-01T10:53:11.762,100.440,-0.417,-0.982,0.016
1635778391772,2021-11-01T10:53:11.772,100.450,-0.407,-0.977,0.007
1635778391782,2021-11-01T10:53:11.782,100.460,-0.405,-0.996,0.007
1635778391792,2021-11-01T10:53:11.792,100.470,-0.397,-1.014,0.014
1635778391802,2021-11-01T10:53:11.802,100.480,-0.385,-1.027,0.021
1635778391812,2021-11-01T10:53:11.812,100.490,-0.378,-1.006,0.030
1635778391822,2021-11-01T10:53:11.822,100.500,-0.376,-0.952,0.029
1635778391832,2021-11-01T10:53:11.832,100.510,-0.369,-0.916,0.024
1635778391842,2021-11-01T10:53:11.842,100.520,-0.362,-0.912,0.025
1635778391852,2021-11-01T10:53:11.852,100.530,-0.356,-0.915,0.030
1635778391862,2021-11-01T10:53:11.862,100.540,-0.348,-0.913,0.024
1635778391872,2021-11-01T10:53:11.872,100.550,-0.344,-0.938,0.030
1635778391882,2021-11-01T10:53:11.882,100.560,-0.333,-0.988,0.038
1635778391892,2021-11-01T10:53:11.892,100.570,-0.327,-1.027,0.045
1635778391902,2021-11-01T10:53:11.902,100.580,-0.335,-1.033,0.049
1635778391912,2021-11-01T10:53:11.912,100.590,-0.347,-1.001,0.045
1635778391922,2021-11-01T10:53:11.922,100.600,-0.356,-0.976,0.034
1635778391932,2021-11-01T10:53:11.932,100.610,-0.363,-0.972,0.028
1635778391942,2021-11-01T10:53:11.942,100.620,-0.364,-0.977,0.029
1635778391952,2021-11-01T10:53:11.952,100.630,-0.355,-0.979,0.031
1635778391962,2021-11-01T10:53:11.962,100.640,-0.347,-0.989,0.047
1635778391972,2021-11-01T10:53:11.972,100.650,-0.336,-1.002,0.059
1635778391982,2021-11-01T10:53:11.982,100.660,-0.328,-1.001,0.065
1635778391992,2021-11-01T10:53:11.992,100.670,-0.326,-0.984,0.061
1635778392002,2021-11-01T10:53:12.002,100.680,-0.329,-0.972,0.052
1635778392012,2021-11-01T10:53:12.012,100.690,-0.333,-0.981,0.049
1635778392022,2021-11-01T10:53:12.022,100.700,-0.334,-0.993,0.045
1635778392032,2021-11-01T10:53:12.032,100.710,-0.334,-0.983,0.044
1635778392042,2021-11-01T10:53:12.042,100.720,-0.329,-0.962,0.045
1635778392052,2021-11-01T10:53:12.052,100.730,-0.325,-0.955,0.049
1635778392062,2021-11-01T10:53:12.062,100.740,-0.327,-0.960,0.052
1635778392072,2021-11-01T10:53:12.072,100.750,-0.324,-0.965,0.051
1635778392082,2021-11-01T10:53:12.082,100.760,-0.320,-0.966,0.056
1635778392092,2021-11-01T10:53:12.092,100.770,-0.313,-0.960,0.062
1635778392102,2021-11-01T10:53:12.102,100.780,-0.304,-0.954,0.065
1635778392112,2021-11-01T10:53:12.112,100.790,-0.303,-0.949,0.063
1635778392122,2021-11-01T10:53:12.122,100.800,-0.314,-0.943,0.062
1635778392132,2021-11-01T10:53:12.132,100.810,-0.315,-0.934,0.060
1635778392142,2021-11-01T10:53:12.142,100.820,-0.308,-0.949,0.060
1635778392152,2021-11-01T10:53:12.152,100.830,-0.321,-0.987,0.070
1635778392162,2021-11-01T10:53:12.162,100.840,-0.331,-1.035,0.096
1635778392172,2021-11-01T10:53:12.172,100.850,-0.334,-1.076,0.112
1635778392182,2021-11-01T10:53:12.182,100.860,-0.352,-1.074,0.122
1635778392192,2021-11-01T10:53:12.192,100.870,-0.364,-1.029,0.120
1635778392202,2021-11-01T10:53:12.202,100.880,-0.372,-0.999,0.119
1635778392212,2021-11-01T10:53:12.212,100.890,-0.380,-0.999,0.116
1635778392222,2021-11-01T10:53:12.222,100.900,-0.384,-1.006,0.111
1635778392232,2021-11-01T10:53:12.232,100.910,-0.383,-1.006,0.109
1635778392242,2021-11-01T10:53:12.242,100.920,-0.381,-1.006,0.107
1635778392252,2021-11-01T10:53:12.252,100.930,-0.378,-1.014,0.114
1635778392262,2021-11-01T10:53:12.262,100.940,-0.377,-1.026,0.120
1635778392272,2021-11-01T10:53:12.272,100.950,-0.378,-1.027,0.124
1635778392282,2021-11-01T10:53:12.282,100.960,-0.377,-1.010,0.119
1635778392292,2021-11-01T10:53:12.292,100.970,-0.377,-0.985,0.115
1635778392302,2021-11-01T10:53:12.302,100.980,-0.380,-0.975,0.109
1635778392312,2021-11-01T10:53:12.312,100.990,-0.384,-0.983,0.108
1635778392322,2021-11-01T10:53:12.322,101.000,-0.375,-0.988,0.108
1635778392332,2021-11-01T10:53:12.332,101.010,-0.363,-0.986,0.107
1635778392342,2021-11-01T10:53:12.342,101.020,-0.355,-0.986,0.106
1635778392352,2021-11-01T10:53:12.352,101.030,-0.354,-0.996,0.107
1635778392362,2021-11-01T10:53:12.362,101.040,-0.364,-1.002,0.105
1635778392372,2021-11-01T10:53:12.372,101.050,-0.365,-0.992,0.107
1635778392382,2021-11-01T10:53:12.382,101.060,-0.366,-0.978,0.105
1635778392392,2021-11-01T10:53:12.392,101.070,-0.366,-0.970,0.104
1635778392402,2021-11-01T10:53:12.402,101.080,-0.368,-0.975,0.105
1635778392412,2021-11-01T10:53:12.412,101.090,-0.361,-0.980,0.103
1635778392422,2021-11-01T10:53:12.422,101.100,-0.354,-0.991,0.106
1635778392432,2021-11-01T10:53:12.432,101.110,-0.348,-1.004,0.110
1635778392442,2021-11-01T10:53:12.442,101.120,-0.351,-0.998,0.111
1635778392452,2021-11-01T10:53:12.452,101.130,-0.361,-0.977,0.107
1635778392462,2021-11-01T10:53:12.462,101.140,-0.370,-0.965,0.101
1635778392472,2021-11-01T10:53:12.472,101.150,-0.370,-0.973,0.090
1635778392482,2021-11-01T10:53:12.482,101.160,-0.375,-0.991,0.087
1635778392492,2021-11-01T10:53:12.492,101.170,-0.380,-0.997,0.090
1635778392502,2021-11-01T10:53:12.502,101.180,-0.373,-0.989,0.097
1635778392512,2021-11-01T10:53:12.512,101.190,-0.364,-0.980,0.098
1635778392522,2021-11-01T10:53:12.522,101.200,-0.363,-0.979,0.103
1635778392532,2021-11-01T10:53:12.532,101.210,-0.360,-0.975,0.101
1635778392542,2021-11-01T10:53:12.542,101.220,-0.357,-0.971,0.100
1635778392552,2021-11-01T10:53:12.552,101.230,-0.356,-0.965,0.092
1635778392562,2021-11-01T10:53:12.562,101.240,-0.356,-0.957,0.091
1635778392572,2021-11-01T10:53:12.572,101.250,-0.355,-0.958,0.097
1635778392582,2021-11-01T10:53:12.582,101.260,-0.356,-0.970,0.095
1635778392592,2021-11-01T10:53:12.592,101.270,-0.355,-0.984,0.098
1635778392602,2021-11-01T10:53:12.602,101.280,-0.357,-0.994,0.095
1635778392612,2021-11-01T10:53:12.612,101.290,-0.362,-0.988,0.099
1635778392622,2021-11-01T10:53:12.622,101.300,-0.369,-0.981,0.098
1635778392632,2021-11-01T10:53:12.632,101.310,-0.372,-0.975,0.095
1635778392642,2021-11-01T10:53:12.642,101.320,-0.378,-0.972,0.094
1635778392652,2021-11-01T10:53:12.652,101.330,-0.378,-0.976,0.093
1635778392662,2021-11-01T10:53:12.662,101.340,-0.376,-0.981,0.095
1635778392672,2021-11-01T10:53:12.672,101.350,-0.372,-0.986,0.105
1635778392682,2021-11-01T10:53:12.682,101.360,-0.366,-0.990,0.108
1635778392692,2021-11-01T10:53:12.692,101.370,-0.368,-0.987,0.109
1635778392702,2021-11-01T10:53:12.702,101.380,-0.379,-0.983,0.106
1635778392712,2021-11-01T10:53:12.712,101.390,-0.389,-0.976,0.099
1635778392722,2021-11-01T10:53:12.722,101.400,-0.393,-0.967,0.099
1635778392732,2021-11-01T10:53:12.732,101.410,-0.390,-0.972,0.093
1635778392742,2021-11-01T10:53:12.742,101.420,-0.391,-0.988,0.091
1635778392752,2021-11-01T10:53:12.752,101.430,-0.389,-0.991,0.099
1635778392762,2021-11-01T10:53:12.762,101.440,-0.377,-0.989,0.101
1635778392772,2021-11-01T10:53:12.772,101.450,-0.374,-0.996,0.102
1635778392782,2021-11-01T10:53:12.782,101.460,-0.378,-0.994,0.105
1635778392792,2021-11-01T10:53:12.792,101.470,-0.384,-0.984,0.107
1635778392802,2021-11-01T10:53:12.802,101.480,-0.388,-0.975,0.101
1635778392812,2021-11-01T10:53:12.812,101.490,-0.389,-0.977,0.095
1635778392822,2021-11-01T10:53:12.822,101.500,-0.389,-0.982,0.093
1635778392832,2021-11-01T10:53:12.832,101.510,-0.383,-0.979,0.092
1635778392842,2021-11-01T10:53:12.842,101.520,-0.378,-0.973,0.091
1635778392852,2021-11-01T10:53:12.852,101.530,-0.374,-0.971,0.093
1635778392862,2021-11-01T10:53:12.862,101.540,-0.371,-0.980,0.095
1635778392872,2021-11-01T10:53:12.872,101.550,-0.371,-0.990,0.101
1635778392882,2021-11-01T10:53:12.882,101.560,-0.378,-0.999,0.102
1635778392892,2021-11-01T10:53:12.892,101.570,-0.383,-0.989,0.097
1635778392902,2021-11-01T10:53:12.902,101.580,-0.382,-0.981,0.095
1635778392912,2021-11-01T10:53:12.912,101.590,-0.386,-0.982,0.093
1635778392922,2021-11-01T10:53:12.922,101.600,-0.388,-0.981,0.094
1635778392932,2021-11-01T10:53:12.932,101.610,-0.384,-0.980,0.089
1635778392942,2021-11-01T10:53:12.942,101.620,-0.376,-0.977,0.092
1635778392952,2021-11-01T10:53:12.952,101.630,-0.367,-0.971,0.096
1635778392962,2021-11-01T10:53:12.962,101.640,-0.363,-0.965,0.097
1635778392972,2021-11-01T10:53:12.972,101.650,-0.355,-0.973,0.100
1635778392982,2021-11-01T10:53:12.982,101.660,-0.360,-0.988,0.100
1635778392992,2021-11-01T10:53:12.992,101.670,-0.374,-0.996,0.098
1635778393002,2021-11-01T10:53:13.002,101.680,-0.378,-0.991,0.092
1635778393012,2021-11-01T10:53:13.012,101.690,-0.378,-0.986,0.091
1635778393022,2021-11-01T10:53:13.022,101.700,-0.375,-0.985,0.094
1635778393032,2021-11-01T10:53:13.032,101.710,-0.369,-0.983,0.092
1635778393042,2021-11-01T10:53:13.042,101.720,-0.364,-0.978,0.093
1635778393052,2021-11-01T10:53:13.052,101.730,-0.356,-0.973,0.090
1635778393062,2021-11-01T10:53:13.062,101.740,-0.346,-0.985,0.092
1635778393072,2021-11-01T10:53:13.072,101.750,-0.342,-0.992,0.097
1635778393082,2021-11-01T10:53:13.082,101.760,-0.333,-0.966,0.098
1635778393092,2021-11-01T10:53:13.092,101.770,-0.326,-0.925,0.095
1635778393102,2021-11-01T10:53:13.102,101.780,-0.324,-0.894,0.093
1635778393112,2021-11-01T10:53:13.112,101.790,-0.313,-0.873,0.089
1635778393122,2021-11-01T10:53:13.122,101.800,-0.316,-0.873,0.085
1635778393132,2021-11-01T10:53:13.132,101.810,-0.308,-0.881,0.089
1635778393142,2021-11-01T10:53:13.142,101.820,-0.306,-0.876,0.099
1635778393152,2021-11-01T10:53:13.152,101.830,-0.315,-0.875,0.104
1635778393162,2021-11-01T10:53:13.162,101.840,-0.282,-0.886,0.117
1635778393172,2021-11-01T10:53:13.172,101.850,-0.280,-0.976,0.126
1635778393182,2021-11-01T10:53:13.182,101.860,-0.352,-1.114,0.135
1635778393192,2021-11-01T10:53:13.192,101.870,-0.430,-1.182,0.138
1635778393202,2021-11-01T10:53:13.202,101.880,-0.519,-1.181,0.107
1635778393212,2021-11-01T10:53:13.212,101.890,-0.621,-1.159,0.100
1635778393222,2021-11-01T10:53:13.222,101.900,-0.662,-1.108,0.105
1635778393232,2021-11-01T10:53:13.232,101.910,-0.629,-1.046,0.094
1635778393242,2021-11-01T10:53:13.242,101.920,-0.581,-1.026,0.085
1635778393252,2021-11-01T10:53:13.252,101.930,-0.531,-1.066,0.090
1635778393262,2021-11-01T10:53:13.262,101.940,-0.494,-1.112,0.096
1635778393272,2021-11-01T10:53:13.272,101.950,-0.495,-1.118,0.102
1635778393282,2021-11-01T10:53:13.282,101.960,-0.513,-1.054,0.104
1635778393292,2021-11-01T10:53:13.292,101.970,-0.503,-0.953,0.084
1635778393302,2021-11-01T10:53:13.302,101.980,-0.478,-0.886,0.072
1635778393312,2021-11-01T10:53:13.312,101.990,-0.434,-0.881,0.073
1635778393322,2021-11-01T10:53:13.322,102.000,-0.387,-0.910,0.073
1635778393332,2021-11-01T10:53:13.332,102.010,-0.349,-0.935,0.079
1635778393342,2021-11-01T10:53:13.342,102.020,-0.313,-0.941,0.083
1635778393352,2021-11-01T10:53:13.352,102.030,-0.285,-0.935,0.088
1635778393362,2021-11-01T10:53:13.362,102.040,-0.269,-0.929,0.092
1635778393372,2021-11-01T10:53:13.372,102.050,-0.257,-0.926,0.103
1635778393382,2021-11-01T10:53:13.382,102.060,-0.244,-0.920,0.100
1635778393392,2021-11-01T10:53:13.392,102.070,-0.235,-0.900,0.098
1635778393402,2021-11-01T10:53:13.402,102.080,-0.229,-0.878,0.093
1635778393412,2021-11-01T10:53:13.412,102.090,-0.218,-0.877,0.082
1635778393422,2021-11-01T10:53:13.422,102.100,-0.212,-0.899,0.078
1635778393432,2021-11-01T10:53:13.432,102.110,-0.220,-0.931,0.071
1635778393442,2021-11-01T10:53:13.442,102.120,-0.229,-0.961,0.064
1635778393452,2021-11-01T10:53:13.452,102.130,-0.264,-0.977,0.062
1635778393462,2021-11-01T10:53:13.462,102.140,-0.308,-0.975,0.066
1635778393472,2021-11-01T10:53:13.472,102.150,-0.339,-0.972,0.071
1635778393482,2021-11-01T10:53:13.482,102.160,-0.359,-0.989,0.062
1635778393492,2021-11-01T10:53:13.492,102.170,-0.376,-0.997,0.060
1635778393502,2021-11-01T10:53:13.502,102.180,-0.389,-0.987,0.066
1635778393512,2021-11-01T10:53:13.512,102.190,-0.393,-0.993,0.068
1635778393522,2021-11-01T10:53:13.522,102.200,-0.398,-1.025,0.066
1635778393532,2021-11-01T10:53:13.532,102.210,-0.416,-1.062,0.066
1635778393542,2021-11-01T10:53:13.542,102.220,-0.436,-1.082,0.066
1635778393552,2021-11-01T10:53:13.552,102.230,-0.449,-1.073,0.072
1635778393562,2021-11-01T10:53:13.562,102.240,-0.447,-1.037,0.072
1635778393572,2021-11-01T10:53:13.572,102.250,-0.428,-0.996,0.074
1635778393582,2021-11-01T10:53:13.582,102.260,-0.414,-0.973,0.076
1635778393592,2021-11-01T10:53:13.592,102.270,-0.398,-0.975,0.078
1635778393602,2021-11-01T10:53:13.602,102.280,-0.370,-0.991,0.083
1635778393612,2021-11-01T10:53:13.612,102.290,-0.356,-0.990,0.083
1635778393622,2021-11-01T10:53:13.622,102.300,-0.348,-0.976,0.088
1635778393632,2021-11-01T10:53:13.632,102.310,-0.336,-0.966,0.088
1635778393642,2021-11-01T10:53:13.642,102.320,-0.331,-0.974,0.088
1635778393652,2021-11-01T10:53:13.652,102.330,-0.331,-0.975,0.088
1635778393662,2021-11-01T10:53:13.662,102.340,-0.335,-0.970,0.080
1635778393672,2021-11-01T10:53:13.672,102.350,-0.338,-0.970,0.079
1635778393682,2021-11-01T10:53:13.682,102.360,-0.335,-0.979,0.081
1635778393692,2021-11-01T10:53:13.692,102.370,-0.337,-0.982,0.085
1635778393702,2021-11-01T10:53:13.702,102.380,-0.340,-0.981,0.085
1635778393712,2021-11-01T10:53:13.712,102.390,-0.333,-0.981,0.086
1635778393722,2021-11-01T10:53:13.722,102.400,-0.331,-0.983,0.083
1635778393732,2021-11-01T10:53:13.732,102.410,-0.339,-0.979,0.080
1635778393742,2021-11-01T10:53:13.742,102.420,-0.346,-0.984,0.078
1635778393752,2021-11-01T10:53:13.752,102.430,-0.351,-0.995,0.070
1635778393762,2021-11-01T10:53:13.762,102.440,-0.368,-0.994,0.061
1635778393772,2021-11-01T10:53:13.772,102.450,-0.379,-0.987,0.061
1635778393782,2021-11-01T10:53:13.782,102.460,-0.376,-0.991,0.062
1635778393792,2021-11-01T10:53:13.792,102.470,-0.375,-1.006,0.061
1635778393802,2021-11-01T10:53:13.802,102.480,-0.373,-1.004,0.065
1635778393812,2021-11-01T10:53:13.812,102.490,-0.364,-0.992,0.069
1635778393822,2021-11-01T10:53:13.822,102.500,-0.355,-0.986,0.073
1635778393832,2021-11-01T10:53:13.832,102.510,-0.351,-0.990,0.080
1635778393842,2021-11-01T10:53:13.842,102.520,-0.346,-0.997,0.085
1635778393852,2021-11-01T10:53:13.852,102.530,-0.337,-1.000,0.083
1635778393862,2021-11-01T10:53:13.862,102.540,-0.343,-1.006,0.083
1635778393872,2021-11-01T10:53:13.872,102.550,-0.347,-1.002,0.085
1635778393882,2021-11-01T10:53:13.882,102.560,-0.351,-0.991,0.084
1635778393892,2021-11-01T10:53:13.892,102.570,-0.350,-0.976,0.083
1635778393902,2021-11-01T10:53:13.902,102.580,-0.347,-0.971,0.082
1635778393912,2021-11-01T10:53:13.912,102.590,-0.342,-0.971,0.083
1635778393922,2021-11-01T10:53:13.922,102.600,-0.340,-0.971,0.074
1635778393932,2021-11-01T10:53:13.932,102.610,-0.339,-0.969,0.076
1635778393942,2021-11-01T10:53:13.942,102.620,-0.335,-0.972,0.079
1635778393952,2021-11-01T10:53:13.952,102.630,-0.337,-0.986,0.074
1635778393962,2021-11-01T10:53:13.962,102.640,-0.350,-0.998,0.070
1635778393972,2021-11-01T10:53:13.972,102.650,-0.353,-0.995,0.074
1635778393982,2021-11-01T10:53:13.982,102.660,-0.356,-0.981,0.074
1635778393992,2021-11-01T10:53:13.992,102.670,-0.357,-0.975,0.077
1635778394002,2021-11-01T10:53:14.002,102.680,-0.352,-0.973,0.082
1635778394012,2021-11-01T10:53:14.012,102.690,-0.350,-0.967,0.091
1635778394022,2021-11-01T10:53:14.022,102.700,-0.345,-0.987,0.089
1635778394032,2021-11-01T10:53:14.032,102.710,-0.354,-1.017,0.089
1635778394042,2021-11-01T10:53:14.042,102.720,-0.362,-1.015,0.089
1635778394052,2021-11-01T10:53:14.052,102.730,-0.367,-0.998,0.083
1635778394062,2021-11-01T10:53:14.062,102.740,-0.374,-0.985,0.085
1635778394072,2021-11-01T10:53:14.072,102.750,-0.375,-0.988,0.088
1635778394082,2021-11-01T10:53:14.082,102.760,-0.366,-1.000,0.092
1635778394092,2021-11-01T10:53:14.092,102.770,-0.357,-0.996,0.100
1635778394102,2021-11-01T10:53:14.102,102.780,-0.349,-0.980,0.102
1635778394112,2021-11-01T10:53:14.112,102.790,-0.349,-0.974,0.104
1635778394122,2021-11-01T10:53:14.122,102.800,-0.352,-0.990,0.102
1635778394132,2021-11-01T10:53:14.132,102.810,-0.356,-1.004,0.097
1635778394142,2021-11-01T10:53:14.142,102.820,-0.366,-0.999,0.091
1635778394152,2021-11-01T10:53:14.152,102.830,-0.372,-0.984,0.085
1635778394162,2021-11-01T10:53:14.162,102.840,-0.380,-0.983,0.087
1635778394172,2021-11-01T10:53:14.172,102.850,-0.373,-0.985,0.090
1635778394182,2021-11-01T10:53:14.182,102.860,-0.365,-0.987,0.086
1635778394192,2021-11-01T10:53:14.192,102.870,-0.362,-0.980,0.089
1635778394202,2021-11-01T10:53:14.202,102.880,-0.358,-0.968,0.088
1635778394212,2021-11-01T10:53:14.212,102.890,-0.355,-0.964,0.085
1635778394222,2021-11-01T10:53:14.222,102.900,-0.354,-0.966,0.090
1635778394232,2021-11-01T10:53:14.232,102.910,-0.354,-0.986,0.086
1635778394242,2021-11-01T10:53:14.242,102.920,-0.358,-1.005,0.086
1635778394252,2021-11-01T10:53:14.252,102.930,-0.369,-0.997,0.081
1635778394262,2021-11-01T10:53:14.262,102.940,-0.370,-0.975,0.075
1635778394272,2021-11-01T10:53:14.272,102.950,-0.371,-0.967,0.076
1635778394282,2021-11-01T10:53:14.282,102.960,-0.371,-0.970,0.080
1635778394292,2021-11-01T10:53:14.292,102.970,-0.371,-0.974,0.076
1635778394302,2021-11-01T10:53:14.302,102.980,-0.370,-0.975,0.074
1635778394312,2021-11-01T10:53:14.312,102.990,-0.363,-0.969,0.077
1635778394322,2021-11-01T10:53:14.322,103.000,-0.358,-0.967,0.081
1635778394332,2021-11-01T10:53:14.332,103.010,-0.355,-0.974,0.080
1635778394342,2021-11-01T10:53:14.342,103.020,-0.355,-0.992,0.079
1635778394352,2021-11-01T10:53:14.352,103.030,-0.359,-1.005,0.078
1635778394362,2021-11-01T10:53:14.362,103.040,-0.358,-1.000,0.081
1635778394372,2021-11-01T10:53:14.372,103.050,-0.359,-0.990,0.081
1635778394382,2021-11-01T10:53:14.382,103.060,-0.357,-0.982,0.083
1635778394392,2021-11-01T10:53:14.392,103.070,-0.353,-0.985,0.084
1635778394402,2021-11-01T10:53:14.402,103.080,-0.347,-0.995,0.085
1635778394412,2021-11-01T10:53:14.412,103.090,-0.348,-1.011,0.081
1635778394422,2021-11-01T10:53:14.422,103.100,-0.351,-1.020,0.083
1635778394432,2021-11-01T10:53:14.432,103.110,-0.350,-1.023,0.077
1635778394442,2021-11-01T10:53:14.442,103.120,-0.347,-1.034,0.071
1635778394452,2021-11-01T10:53:14.452,103.130,-0.345,-1.034,0.072
1635778394462,2021-11-01T10:53:14.462,103.140,-0.343,-1.019,0.072
1635778394472,2021-11-01T10:53:14.472,103.150,-0.336,-1.000,0.072
1635778394482,2021-11-01T10:53:14.482,103.160,-0.329,-0.981,0.077
1635778394492,2021-11-01T10:53:14.492,103.170,-0.319,-0.967,0.077
1635778394502,2021-11-01T10:53:14.502,103.180,-0.313,-0.953,0.078
1635778394512,2021-11-01T10:53:14.512,103.190,-0.315,-0.953,0.077
1635778394522,2021-11-01T10:53:14.522,103.200,-0.326,-0.965,0.072
1635778394532,2021-11-01T10:53:14.532,103.210,-0.334,-0.985,0.068
1635778394542,2021-11-01T10:53:14.542,103.220,-0.341,-1.000,0.074
1635778394552,2021-11-01T10:53:14.552,103.230,-0.348,-0.998,0.075
1635778394562,2021-11-01T10:53:14.562,103.240,-0.354,-0.978,0.081
1635778394572,2021-11-01T10:53:14.572,103.250,-0.354,-0.968,0.082
1635778394582,2021-11-01T10:53:14.582,103.260,-0.356,-0.966,0.082
1635778394592,2021-11-01T10:53:14.592,103.270,-0.356,-0.951,0.087
1635778394602,2021-11-01T10:53:14.602,103.280,-0.356,-0.933,0.087
1635778394612,2021-11-01T10:53:14.612,103.290,-0.360,-0.936,0.087
1635778394622,2021-11-01T10:53:14.622,103.300,-0.359,-0.960,0.093
1635778394632,2021-11-01T10:53:14.632,103.310,-0.355,-0.999,0.099
1635778394642,2021-11-01T10:53:14.642,103.320,-0.355,-1.013,0.110
1635778394652,2021-11-01T10:53:14.652,103.330,-0.356,-0.999,0.122
1635778394662,2021-11-01T10:53:14.662,103.340,-0.349,-0.998,0.119
1635778394672,2021-11-01T10:53:14.672,103.350,-0.349,-0.993,0.121
1635778394682,2021-11-01T10:53:14.682,103.360,-0.352,-0.985,0.114
1635778394692,2021-11-01T10:53:14.692,103.370,-0.354,-0.972,0.108
1635778394702,2021-11-01T10:53:14.702,103.380,-0.350,-0.973,0.103
1635778394712,2021-11-01T10:53:14.712,103.390,-0.351,-0.978,0.098
1635778394722,2021-11-01T10:53:14.722,103.400,-0.345,-0.979,0.098
1635778394732,2021-11-01T10:53:14.732,103.410,-0.342,-0.989,0.104
1635778394742,2021-11-01T10:53:14.742,103.420,-0.333,-1.012,0.108
1635778394752,2021-11-01T10:53:14.752,103.430,-0.318,-1.023,0.118
1635778394762,2021-11-01T10:53:14.762,103.440,-0.309,-1.017,0.119
1635778394772,2021-11-01T10:53:14.772,103.450,-0.303,-1.014,0.115
1635778394782,2021-11-01T10:53:14.782,103.460,-0.298,-1.009,0.115
1635778394792,2021-11-01T10:53:14.792,103.470,-0.293,-0.999,0.110
1635778394802,2021-11-01T10:53:14.802,103.480,-0.278,-1.000,0.105
1635778394812,2021-11-01T10:53:14.812,103.490,-0.269,-1.001,0.107
1635778394822,2021-11-01T10:53:14.822,103.500,-0.271,-0.997,0.104
1635778394832,2021-11-01T10:53:14.832,103.510,-0.272,-0.985,0.103
1635778394842,2021-11-01T10:53:14.842,103.520,-0.265,-0.969,0.105
1635778394852,2021-11-01T10:53:14.852,103.530,-0.255,-0.956,0.104
1635778394862,2021-11-01T10:53:14.862,103.540,-0.245,-0.947,0.104
1635778394872,2021-11-01T10:53:14.872,103.550,-0.229,-0.951,0.100
1635778394882,2021-11-01T10:53:14.882,103.560,-0.209,-0.978,0.094
1635778394892,2021-11-01T10:53:14.892,103.570,-0.203,-0.980,0.105
1635778394902,2021-11-01T10:53:14.902,103.580,-0.195,-0.957,0.105
1635778394912,2021-11-01T10:53:14.912,103.590,-0.187,-0.948,0.097
1635778394922,2021-11-01T10:53:14.922,103.600,-0.188,-0.946,0.095
1635778394932,2021-11-01T10:53:14.932,103.610,-0.187,-0.934,0.090
1635778394942,2021-11-01T10:53:14.942,103.620,-0.180,-0.916,0.079
1635778394952,2021-11-01T10:53:14.952,103.630,-0.174,-0.904,0.073
1635778394962,2021-11-01T10:53:14.962,103.640,-0.180,-0.900,0.071
1635778394972,2021-11-01T10:53:14.972,103.650,-0.190,-0.889,0.065
1635778394982,2021-11-01T10:53:14.982,103.660,-0.203,-0.869,0.062
1635778394992,2021-11-01T10:53:14.992,103.670,-0.229,-0.864,0.064
1635778395002,2021-11-01T10:53:15.002,103.680,-0.231,-0.864,0.076
1635778395012,2021-11-01T10:53:15.012,103.690,-0.213,-0.870,0.081
1635778395022,2021-11-01T10:53:15.022,103.700,-0.221,-0.866,0.083
1635778395032,2021-11-01T10:53:15.032,103.710,-0.244,-0.857,0.092
1635778395042,2021-11-01T10:53:15.042,103.720,-0.273,-0.830,0.094
1635778395052,2021-11-01T10:53:15.052,103.730,-0.313,-0.817,0.086
1635778395062,2021-11-01T10:53:15.062,103.740,-0.370,-0.814,0.088
1635778395072,2021-11-01T10:53:15.072,103.750,-0.402,-0.820,0.091
1635778395082,2021-11-01T10:53:15.082,103.760,-0.420,-0.836,0.084
1635778395092,2021-11-01T10:53:15.092,103.770,-0.451,-0.830,0.091
1635778395102,2021-11-01T10:53:15.102,103.780,-0.472,-0.790,0.103
1635778395112,2021-11-01T10:53:15.112,103.790,-0.483,-0.742,0.099
1635778395122,2021-11-01T10:53:15.122,103.800,-0.519,-0.690,0.093
1635778395132,2021-11-01T10:53:15.132,103.810,-0.561,-0.650,0.072
1635778395142,2021-11-01T10:53:15.142,103.820,-0.587,-0.642,0.060
1635778395152,2021-11-01T10:53:15.152,103.830,-0.624,-0.679,0.056
1635778395162,2021-11-01T10:53:15.162,103.840,-0.675,-0.736,0.060
1635778395172,2021-11-01T10:53:15.172,103.850,-0.705,-0.765,0.079
1635778395182,2021-11-01T10:53:15.182,103.860,-0.749,-0.744,0.092
1635778395192,2021-11-01T10:53:15.192,103.870,-0.822,-0.685,0.104
1635778395202,2021-11-01T10:53:15.202,103.880,-0.868,-0.672,0.097
1635778395212,2021-11-01T10:53:15.212,103.890,-0.890,-0.748,0.089
1635778395222,2021-11-01T10:53:15.222,103.900,-0.913,-0.865,0.093
1635778395232,2021-11-01T10:53:15.232,103.910,-0.949,-0.935,0.095
1635778395242,2021-11-01T10:53:15.242,103.920,-0.968,-0.911,0.100
1635778395252,2021-11-01T10:53:15.252,103.930,-0.978,-0.840,0.106
1635778395262,2021-11-01T10:53:15.262,103.940,-1.000,-0.800,0.103
1635778395272,2021-11-01T10:53:15.272,103.950,-1.043,-0.800,0.099
1635778395282,2021-11-01T10:53:15.282,103.960,-1.098,-0.794,0.104
1635778395292,2021-11-01T10:53:15.292,103.970,-1.135,-0.770,0.097
1635778395302,2021-11-01T10:53:15.302,103.980,-1.138,-0.751,0.091
1635778395312,2021-11-01T10:53:15.312,103.990,-1.155,-0.742,0.106
1635778395322,2021-11-01T10:53:15.322,104.000,-1.182,-0.727,0.135
1635778395332,2021-11-01T10:53:15.332,104.010,-1.187,-0.702,0.154
1635778395342,2021-11-01T10:53:15.342,104.020,-1.198,-0.683,0.154
1635778395352,2021-11-01T10:53:15.352,104.030,-1.250,-0.677,0.156
1635778395362,2021-11-01T10:53:15.362,104.040,-1.285,-0.671,0.142
1635778395372,2021-11-01T10:53:15.372,104.050,-1.308,-0.664,0.134
1635778395382,2021-11-01T10:53:15.382,104.060,-1.334,-0.680,0.156
1635778395392,2021-11-01T10:53:15.392,104.070,-1.333,-0.725,0.185
1635778395402,2021-11-01T10:53:15.402,104.080,-1.333,-0.769,0.209
1635778395412,2021-11-01T10:53:15.412,104.090,-1.348,-0.759,0.220
1635778395422,2021-11-01T10:53:15.422,104.100,-1.366,-0.705,0.207
1635778395432,2021-11-01T10:53:15.432,104.110,-1.390,-0.645,0.188
1635778395442,2021-11-01T10:53:15.442,104.120,-1.399,-0.604,0.189
1635778395452,2021-11-01T10:53:15.452,104.130,-1.372,-0.604,0.198
1635778395462,2021-11-01T10:53:15.462,104.140,-1.315,-0.639,0.206
1635778395472,2021-11-01T10:53:15.472,104.150,-1.274,-0.678,0.212
1635778395482,2021-11-01T10:53:15.482,104.160,-1.257,-0.689,0.195
1635778395492,2021-11-01T10:53:15.492,104.170,-1.283,-0.671,0.176
1635778395502,2021-11-01T10:53:15.502,104.180,-1.326,-0.638,0.148
1635778395512,2021-11-01T10:53:15.512,104.190,-1.332,-0.604,0.136
1635778395522,2021-11-01T10:53:15.522,104.200,-1.301,-0.607,0.136
1635778395532,2021-11-01T10:53:15.532,104.210,-1.268,-0.614,0.154
1635778395542,2021-11-01T10:53:15.542,104.220,-1.227,-0.580,0.171
1635778395552,2021-11-01T10:53:15.552,104.230,-1.185,-0.530,0.188
1635778395562,2021-11-01T10:53:15.562,104.240,-1.170,-0.569,0.172
1635778395572,2021-11-01T10:53:15.572,104.250,-1.241,-0.711,0.121
1635778395582,2021-11-01T10:53:15.582,104.260,-1.351,-0.768,0.149
1635778395592,2021-11-01T10:53:15.592,104.270,-1.337,-0.679,0.152
1635778395602,2021-11-01T10:53:15.602,104.280,-1.269,-0.556,0.117
1635778395612,2021-11-01T10:53:15.612,104.290,-1.227,-0.499,0.125
1635778395622,2021-11-01T10:53:15.622,104.300,-1.162,-0.507,0.141
1635778395632,2021-11-01T10:53:15.632,104.310,-1.085,-0.510,0.137
1635778395642,2021-11-01T10:53:15.642,104.320,-1.040,-0.464,0.148
1635778395652,2021-11-01T10:53:15.652,104.330,-1.013,-0.379,0.155
1635778395662,2021-11-01T10:53:15.662,104.340,-1.003,-0.289,0.144
1635778395672,2021-11-01T10:53:15.672,104.350,-1.019,-0.276,0.154
1635778395682,2021-11-01T10:53:15.682,104.360,-1.049,-0.357,0.150
1635778395692,2021-11-01T10:53:15.692,104.370,-1.102,-0.460,0.130
1635778395702,2021-11-01T10:53:15.702,104.380,-1.144,-0.479,0.148
1635778395712,2021-11-01T10:53:15.712,104.390,-1.103,-0.411,0.149
1635778395722,2021-11-01T10:53:15.722,104.400,-1.035,-0.347,0.135
1635778395732,2021-11-01T10:53:15.732,104.410,-0.989,-0.354,0.127
1635778395742,2021-11-01T10:53:15.742,104.420,-0.953,-0.384,0.116
1635778395752,2021-11-01T10:53:15.752,104.430,-0.904,-0.391,0.101
1635778395762,2021-11-01T10:53:15.762,104.440,-0.865,-0.327,0.099
1635778395772,2021-11-01T10:53:15.772,104.450,-0.841,-0.229,0.098
1635778395782,2021-11-01T10:53:15.782,104.460,-0.820,-0.193,0.095
1635778395792,2021-11-01T10:53:15.792,104.470,-0.833,-0.219,0.107
1635778395802,2021-11-01T10:53:15.802,104.480,-0.860,-0.302,0.102
1635778395812,2021-11-01T10:53:15.812,104.490,-0.899,-0.412,0.051
1635778395822,2021-11-01T10:53:15.822,104.500,-0.930,-0.443,0.054
1635778395832,2021-11-01T10:53:15.832,104.510,-0.901,-0.385,0.055
1635778395842,2021-11-01T10:53:15.842,104.520,-0.845,-0.299,0.057
1635778395852,2021-11-01T10:53:15.852,104.530,-0.801,-0.277,0.083
1635778395862,2021-11-01T10:53:15.862,104.540,-0.767,-0.310,0.109
1635778395872,2021-11-01T10:53:15.872,104.550,-0.722,-0.320,0.135
1635778395882,2021-11-01T10:53:15.882,104.560,-0.684,-0.280,0.144
1635778395892,2021-11-01T10:53:15.892,104.570,-0.668,-0.255,0.142
1635778395902,2021-11-01T10:53:15.902,104.580,-0.685,-0.264,0.129
1635778395912,2021-11-01T10:53:15.912,104.590,-0.708,-0.318,0.106
1635778395922,2021-11-01T10:53:15.922,104.600,-0.726,-0.395,0.102
1635778395932,2021-11-01T10:53:15.932,104.610,-0.738,-0.416,0.124
1635778395942,2021-11-01T10:53:15.942,104.620,-0.720,-0.378,0.128
1635778395952,2021-11-01T10:53:15.952,104.630,-0.699,-0.343,0.124
1635778395962,2021-11-01T10:53:15.962,104.640,-0.681,-0.341,0.122
1635778395972,2021-11-01T10:53:15.972,104.650,-0.659,-0.327,0.133
1635778395982,2021-11-01T10:53:15.982,104.660,-0.639,-0.277,0.134
1635778395992,2021-11-01T10:53:15.992,104.670,-0.643,-0.238,0.123
1635778396002,2021-11-01T10:53:16.002,104.680,-0.676,-0.257,0.113
1635778396012,2021-11-01T10:53:16.012,104.690,-0.713,-0.335,0.100
1635778396022,2021-11-01T10:53:16.022,104.700,-0.731,-0.430,0.098
1635778396032,2021-11-01T10:53:16.032,104.710,-0.735,-0.467,0.101
1635778396042,2021-11-01T10:53:16.042,104.720,-0.717,-0.439,0.105
1635778396052,2021-11-01T10:53:16.052,104.730,-0.690,-0.404,0.112
1635778396062,2021-11-01T10:53:16.062,104.740,-0.680,-0.399,0.116
1635778396072,2021-11-01T10:53:16.072,104.750,-0.692,-0.432,0.122
1635778396082,2021-11-01T10:53:16.082,104.760,-0.741,-0.500,0.124
1635778396092,2021-11-01T10:53:16.092,104.770,-0.800,-0.545,0.131
1635778396102,2021-11-01T10:53:16.102,104.780,-0.819,-0.530,0.132
1635778396112,2021-11-01T10:53:16.112,104.790,-0.808,-0.479,0.128
1635778396122,2021-11-01T10:53:16.122,104.800,-0.802,-0.454,0.131
1635778396132,2021-11-01T10:53:16.132,104.810,-0.799,-0.478,0.131
1635778396142,2021-11-01T10:53:16.142,104.820,-0.793,-0.516,0.137
1635778396152,2021-11-01T10:53:16.152,104.830,-0.788,-0.561,0.147
1635778396162,2021-11-01T10:53:16.162,104.840,-0.799,-0.587,0.149
1635778396172,2021-11-01T10:53:16.172,104.850,-0.822,-0.582,0.155
1635778396182,2021-11-01T10:53:16.182,104.860,-0.835,-0.556,0.161
1635778396192,2021-11-01T10:53:16.192,104.870,-0.834,-0.532,0.157
1635778396202,2021-11-01T10:53:16.202,104.880,-0.830,-0.532,0.147
1635778396212,2021-11-01T10:53:16.212,104.890,-0.812,-0.533,0.143
1635778396222,2021-11-01T10:53:16.222,104.900,-0.800,-0.521,0.133
1635778396232,2021-11-01T10:53:16.232,104.910,-0.781,-0.518,0.120
1635778396242,2021-11-01T10:53:16.242,104.920,-0.762,-0.548,0.109
1635778396252,2021-11-01T10:53:16.252,104.930,-0.779,-0.586,0.108
1635778396262,2021-11-01T10:53:16.262,104.940,-0.788,-0.576,0.113
1635778396272,2021-11-01T10:53:16.272,104.950,-0.771,-0.524,0.104
1635778396282,2021-11-01T10:53:16.282,104.960,-0.765,-0.500,0.098
1635778396292,2021-11-01T10:53:16.292,104.970,-0.768,-0.508,0.103
1635778396302,2021-11-01T10:53:16.302,104.980,-0.764,-0.515,0.099
1635778396312,2021-11-01T10:53:16.312,104.990,-0.756,-0.544,0.095
1635778396322,2021-11-01T10:53:16.322,105.000,-0.761,-0.604,0.092
1635778396332,2021-11-01T10:53:16.332,105.010,-0.778,-0.663,0.089
1635778396342,2021-11-01T10:53:16.342,105.020,-0.801,-0.678,0.090
1635778396352,2021-11-01T10:53:16.352,105.030,-0.802,-0.640,0.087
1635778396362,2021-11-01T10:53:16.362,105.040,-0.806,-0.593,0.077
1635778396372,2021-11-01T10:53:16.372,105.050,-0.806,-0.569,0.063
1635778396382,2021-11-01T10:53:16.382,105.060,-0.805,-0.567,0.056
1635778396392,2021-11-01T10:53:16.392,105.070,-0.793,-0.578,0.046
1635778396402,2021-11-01T10:53:16.402,105.080,-0.783,-0.617,0.037
1635778396412,2021-11-01T10:53:16.412,105.090,-0.782,-0.670,0.037
1635778396422,2021-11-01T10:53:16.422,105.100,-0.779,-0.705,0.047
1635778396432,2021-11-01T10:53:16.432,105.110,-0.767,-0.718,0.058
1635778396442,2021-11-01T10:53:16.442,105.120,-0.765,-0.703,0.081
1635778396452,2021-11-01T10:53:16.452,105.130,-0.763,-0.668,0.099
1635778396462,2021-11-01T10:53:16.462,105.140,-0.744,-0.646,0.101
1635778396472,2021-11-01T10:53:16.472,105.150,-0.724,-0.652,0.108
1635778396482,2021-11-01T10:53:16.482,105.160,-0.724,-0.663,0.117
1635778396492,2021-11-01T10:53:16.492,105.170,-0.732,-0.670,0.110
1635778396502,2021-11-01T10:53:16.502,105.180,-0.734,-0.695,0.096
1635778396512,2021-11-01T10:53:16.512,105.190,-0.748,-0.713,0.100
1635778396522,2021-11-01T10:53:16.522,105.200,-0.757,-0.714,0.095
1635778396532,2021-11-01T10:53:16.532,105.210,-0.760,-0.704,0.088
1635778396542,2021-11-01T10:53:16.542,105.220,-0.752,-0.691,0.083
1635778396552,2021-11-01T10:53:16.552,105.230,-0.729,-0.706,0.076
1635778396562,2021-11-01T10:53:16.562,105.240,-0.727,-0.737,0.072
1635778396572,2021-11-01T10:53:16.572,105.250,-0.737,-0.762,0.064
1635778396582,2021-11-01T10:53:16.582,105.260,-0.743,-0.777,0.053
1635778396592,2021-11-01T10:53:16.592,105.270,-0.756,-0.772,0.047
1635778396602,2021-11-01T10:53:16.602,105.280,-0.769,-0.755,0.032
1635778396612,2021-11-01T10:53:16.612,105.290,-0.762,-0.752,0.019
1635778396622,2021-11-01T10:53:16.622,105.300,-0.746,-0.767,0.013
1635778396632,2021-11-01T10:53:16.632,105.310,-0.729,-0.781,0.011
1635778396642,2021-11-01T10:53:16.642,105.320,-0.711,-0.787,0.016
1635778396652,2021-11-01T10:53:16.652,105.330,-0.688,-0.790,0.019
1635778396662,2021-11-01T10:53:16.662,105.340,-0.676,-0.795,0.024
1635778396672,2021-11-01T10:53:16.672,105.350,-0.675,-0.789,0.020
1635778396682,2021-11-01T10:53:16.682,105.360,-0.675,-0.773,0.014
1635778396692,2021-11-01T10:53:16.692,105.370,-0.672,-0.783,0.001
1635778396702,2021-11-01T10:53:16.702,105.380,-0.677,-0.801,-0.007
1635778396712,2021-11-01T10:53:16.712,105.390,-0.673,-0.811,-0.007
1635778396722,2021-11-01T10:53:16.722,105.400,-0.652,-0.819,-0.008
1635778396732,2021-11-01T10:53:16.732,105.410,-0.641,-0.833,0.002
1635778396742,2021-11-01T10:53:16.742,105.420,-0.629,-0.839,0.011
1635778396752,2021-11-01T10:53:16.752,105.430,-0.621,-0.830,0.007
1635778396762,2021-11-01T10:53:16.762,105.440,-0.619,-0.824,-0.000
1635778396772,2021-11-01T10:53:16.772,105.450,-0.616,-0.827,-0.010
1635778396782,2021-11-01T10:53:16.782,105.460,-0.622,-0.824,-0.018
1635778396792,2021-11-01T10:53:16.792,105.470,-0.625,-0.814,-0.038
1635778396802,2021-11-01T10:53:16.802,105.480,-0.624,-0.833,-0.053
1635778396812,2021-11-01T10:53:16.812,105.490,-0.641,-0.873,-0.051
1635778396822,2021-11-01T10:53:16.822,105.500,-0.644,-0.888,-0.057
1635778396832,2021-11-01T10:53:16.832,105.510,-0.636,-0.851,-0.065
1635778396842,2021-11-01T10:53:16.842,105.520,-0.613,-0.800,-0.076
1635778396852,2021-11-01T10:53:16.852,105.530,-0.587,-0.767,-0.087
1635778396862,2021-11-01T10:53:16.862,105.540,-0.574,-0.763,-0.099
1635778396872,2021-11-01T10:53:16.872,105.550,-0.567,-0.785,-0.116
1635778396882,2021-11-01T10:53:16.882,105.560,-0.577,-0.828,-0.130
1635778396892,2021-11-01T10:53:16.892,105.570,-0.585,-0.886,-0.129
1635778396902,2021-11-01T10:53:16.902,105.580,-0.591,-0.918,-0.117
1635778396912,2021-11-01T10:53:16.912,105.590,-0.577,-0.897,-0.109
1635778396922,2021-11-01T10:53:16.922,105.600,-0.554,-0.834,-0.103
1635778396932,2021-11-01T10:53:16.932,105.610,-0.538,-0.802,-0.108
1635778396942,2021-11-01T10:53:16.942,105.620,-0.523,-0.822,-0.107
1635778396952,2021-11-01T10:53:16.952,105.630,-0.529,-0.855,-0.110
1635778396962,2021-11-01T10:53:16.962,105.640,-0.544,-0.878,-0.119
1635778396972,2021-11-01T10:53:16.972,105.650,-0.556,-0.886,-0.118
1635778396982,2021-11-01T10:53:16.982,105.660,-0.567,-0.879,-0.122
1635778396992,2021-11-01T10:53:16.992,105.670,-0.569,-0.869,-0.118
1635778397002,2021-11-01T10:53:17.002,105.680,-0.549,-0.845,-0.116
1635778397012,2021-11-01T10:53:17.012,105.690,-0.542,-0.818,-0.112
1635778397022,2021-11-01T10:53:17.022,105.700,-0.538,-0.826,-0.123
1635778397032,2021-11-01T10:53:17.032,105.710,-0.542,-0.881,-0.122
1635778397042,2021-11-01T10:53:17.042,105.720,-0.556,-0.939,-0.120
1635778397052,2021-11-01T10:53:17.052,105.730,-0.563,-0.940,-0.120
1635778397062,2021-11-01T10:53:17.062,105.740,-0.558,-0.913,-0.128
1635778397072,2021-11-01T10:53:17.072,105.750,-0.551,-0.902,-0.131
1635778397082,2021-11-01T10:53:17.082,105.760,-0.545,-0.900,-0.127
1635778397092,2021-11-01T10:53:17.092,105.770,-0.521,-0.889,-0.126
1635778397102,2021-11-01T10:53:17.102,105.780,-0.502,-0.877,-0.127
1635778397112,2021-11-01T10:53:17.112,105.790,-0.499,-0.880,-0.121
1635778397122,2021-11-01T10:53:17.122,105.800,-0.500,-0.879,-0.117
1635778397132,2021-11-01T10:53:17.132,105.810,-0.495,-0.883,-0.121
1635778397142,2021-11-01T10:53:17.142,105.820,-0.501,-0.911,-0.126
1635778397152,2021-11-01T10:53:17.152,105.830,-0.516,-0.929,-0.121
1635778397162,2021-11-01T10:53:17.162,105.840,-0.515,-0.917,-0.121
1635778397172,2021-11-01T10:53:17.172,105.850,-0.500,-0.891,-0.124
1635778397182,2021-11-01T10:53:17.182,105.860,-0.496,-0.875,-0.125
1635778397192,2021-11-01T10:53:17.192,105.870,-0.500,-0.881,-0.126
1635778397202,2021-11-01T10:53:17.202,105.880,-0.485,-0.904,-0.123
1635778397212,2021-11-01T10:53:17.212,105.890,-0.474,-0.926,-0.122
1635778397222,2021-11-01T10:53:17.222,105.900,-0.476,-0.951,-0.125
1635778397232,2021-11-01T10:53:17.232,105.910,-0.484,-0.955,-0.129
1635778397242,2021-11-01T10:53:17.242,105.920,-0.483,-0.939,-0.134
1635778397252,2021-11-01T10:53:17.252,105.930,-0.484,-0.925,-0.142
1635778397262,2021-11-01T10:53:17.262,105.940,-0.477,-0.917,-0.148
1635778397272,2021-11-01T10:53:17.272,105.950,-0.471,-0.909,-0.152
1635778397282,2021-11-01T10:53:17.282,105.960,-0.461,-0.916,-0.153
1635778397292,2021-11-01T10:53:17.292,105.970,-0.454,-0.945,-0.148
1635778397302,2021-11-01T10:53:17.302,105.980,-0.455,-0.969,-0.146
1635778397312,2021-11-01T10:53:17.312,105.990,-0.453,-0.959,-0.141
1635778397322,2021-11-01T10:53:17.322,106.000,-0.444,-0.931,-0.147
1635778397332,2021-11-01T10:53:17.332,106.010,-0.441,-0.908,-0.155
1635778397342,2021-11-01T10:53:17.342,106.020,-0.439,-0.902,-0.157
1635778397352,2021-11-01T10:53:17.352,106.030,-0.426,-0.900,-0.163
1635778397362,2021-11-01T10:53:17.362,106.040,-0.419,-0.907,-0.168
1635778397372,2021-11-01T10:53:17.372,106.050,-0.421,-0.934,-0.172
1635778397382,2021-11-01T10:53:17.382,106.060,-0.425,-0.958,-0.171
1635778397392,2021-11-01T10:53:17.392,106.070,-0.428,-0.960,-0.168
1635778397402,2021-11-01T10:53:17.402,106.080,-0.421,-0.951,-0.170
1635778397412,2021-11-01T10:53:17.412,106.090,-0.413,-0.938,-0.171
1635778397422,2021-11-01T10:53:17.422,106.100,-0.401,-0.923,-0.172
1635778397432,2021-11-01T10:53:17.432,106.110,-0.389,-0.903,-0.173
1635778397442,2021-11-01T10:53:17.442,106.120,-0.380,-0.877,-0.175
1635778397452,2021-11-01T10:53:17.452,106.130,-0.384,-0.871,-0.179
1635778397462,2021-11-01T10:53:17.462,106.140,-0.377,-0.887,-0.178
1635778397472,2021-11-01T10:53:17.472,106.150,-0.380,-0.917,-0.179
1635778397482,2021-11-01T10:53:17.482,106.160,-0.384,-0.940,-0.179
1635778397492,2021-11-01T10:53:17.492,106.170,-0.387,-0.946,-0.182
1635778397502,2021-11-01T10:53:17.502,106.180,-0.381,-0.938,-0.181
1635778397512,2021-11-01T10:53:17.512,106.190,-0.376,-0.927,-0.179
1635778397522,2021-11-01T10:53:17.522,106.200,-0.374,-0.919,-0.177
1635778397532,2021-11-01T10:53:17.532,106.210,-0.366,-0.913,-0.177
1635778397542,2021-11-01T10:53:17.542,106.220,-0.363,-0.915,-0.171
1635778397552,2021-11-01T10:53:17.552,106.230,-0.366,-0.927,-0.169
1635778397562,2021-11-01T10:53:17.562,106.240,-0.379,-0.948,-0.167
1635778397572,2021-11-01T10:53:17.572,106.250,-0.388,-0.965,-0.165
1635778397582,2021-11-01T10:53:17.582,106.260,-0.394,-0.974,-0.163
1635778397592,2021-11-01T10:53:17.592,106.270,-0.393,-0.969,-0.162
1635778397602,2021-11-01T10:53:17.602,106.280,-0.393,-0.956,-0.163
1635778397612,2021-11-01T10:53:17.612,106.290,-0.395,-0.939,-0.160
1635778397622,2021-11-01T10:53:17.622,106.300,-0.393,-0.931,-0.160
1635778397632,2021-11-01T10:53:17.632,106.310,-0.397,-0.935,-0.159
1635778397642,2021-11-01T10:53:17.642,106.320,-0.402,-0.939,-0.151
1635778397652,2021-11-01T10:53:17.652,106.330,-0.402,-0.945,-0.152
1635778397662,2021-11-01T10:53:17.662,106.340,-0.400,-0.951,-0.156
1635778397672,2021-11-01T10:53:17.672,106.350,-0.407,-0.948,-0.158
1635778397682,2021-11-01T10:53:17.682,106.360,-0.409,-0.948,-0.158
1635778397692,2021-11-01T10:53:17.692,106.370,-0.410,-0.949,-0.160
1635778397702,2021-11-01T10:53:17.702,106.380,-0.409,-0.952,-0.161
1635778397712,2021-11-01T10:53:17.712,106.390,-0.410,-0.949,-0.160
1635778397722,2021-11-01T10:53:17.722,106.400,-0.413,-0.943,-0.157
1635778397732,2021-11-01T10:53:17.732,106.410,-0.417,-0.938,-0.159
1635778397742,2021-11-01T10:53:17.742,106.420,-0.418,-0.942,-0.157
1635778397752,2021-11-01T10:53:17.752,106.430,-0.418,-0.954,-0.156
1635778397762,2021-11-01T10:53:17.762,106.440,-0.423,-0.957,-0.157
1635778397772,2021-11-01T10:53:17.772,106.450,-0.423,-0.952,-0.155
1635778397782,2021-11-01T10:53:17.782,106.460,-0.424,-0.943,-0.153
1635778397792,2021-11-01T10:53:17.792,106.470,-0.424,-0.947,-0.152
1635778397802,2021-11-01T10:53:17.802,106.480,-0.419,-0.960,-0.154
1635778397812,2021-11-01T10:53:17.812,106.490,-0.424,-0.967,-0.153
1635778397822,2021-11-01T10:53:17.822,106.500,-0.425,-0.962,-0.151
1635778397832,2021-11-01T10:53:17.832,106.510,-0.427,-0.958,-0.151
1635778397842,2021-11-01T10:53:17.842,106.520,-0.425,-0.957,-0.152
1635778397852,2021-11-01T10:53:17.852,106.530,-0.427,-0.952,-0.146
1635778397862,2021-11-01T10:53:17.862,106.540,-0.423,-0.941,-0.150
1635778397872,2021-11-01T10:53:17.872,106.550,-0.421,-0.936,-0.153
1635778397882,2021-11-01T10:53:17.882,106.560,-0.420,-0.935,-0.150
1635778397892,2021-11-01T10:53:17.892,106.570,-0.419,-0.930,-0.151
1635778397902,2021-11-01T10:53:17.902,106.580,-0.421,-0.946,-0.152
1635778397912,2021-11-01T10:53:17.912,106.590,-0.427,-0.965,-0.148
1635778397922,2021-11-01T10:53:17.922,106.600,-0.432,-0.962,-0.147
1635778397932,2021-11-01T10:53:17.932,106.610,-0.431,-0.953,-0.148
1635778397942,2021-11-01T10:53:17.942,106.620,-0.430,-0.946,-0.147
1635778397952,2021-11-01T10:53:17.952,106.630,-0.431,-0.944,-0.150
1635778397962,2021-11-01T10:53:17.962,106.640,-0.435,-0.942,-0.152
1635778397972,2021-11-01T10:53:17.972,106.650,-0.436,-0.935,-0.152
1635778397982,2021-11-01T10:53:17.982,106.660,-0.429,-0.928,-0.153
1635778397992,2021-11-01T10:53:17.992,106.670,-0.433,-0.929,-0.157
1635778398002,2021-11-01T10:53:18.002,106.680,-0.432,-0.939,-0.155
1635778398012,2021-11-01T10:53:18.012,106.690,-0.429,-0.955,-0.155
1635778398022,2021-11-01T10:53:18.022,106.700,-0.428,-0.962,-0.156
1635778398032,2021-11-01T10:53:18.032,106.710,-0.433,-0.965,-0.155
1635778398042,2021-11-01T10:53:18.042,106.720,-0.435,-0.962,-0.155
1635778398052,2021-11-01T10:53:18.052,106.730,-0.435,-0.948,-0.155
1635778398062,2021-11-01T10:53:18.062,106.740,-0.430,-0.929,-0.154
1635778398072,2021-11-01T10:53:18.072,106.750,-0.430,-0.924,-0.154
1635778398082,2021-11-01T10:53:18.082,106.760,-0.427,-0.922,-0.155
1635778398092,2021-11-01T10:53:18.092,106.770,-0.426,-0.928,-0.158
1635778398102,2021-11-01T10:53:18.102,106.780,-0.428,-0.936,-0.158
1635778398112,2021-11-01T10:53:18.112,106.790,-0.427,-0.936,-0.158
1635778398122,2021-11-01T10:53:18.122,106.800,-0.425,-0.928,-0.160
1635778398132,2021-11-01T10:53:18.132,106.810,-0.427,-0.922,-0.163
1635778398142,2021-11-01T10:53:18.142,106.820,-0.432,-0.928,-0.164
1635778398152,2021-11-01T10:53:18.152,106.830,-0.433,-0.925,-0.162
1635778398162,2021-11-01T10:53:18.162,106.840,-0.431,-0.919,-0.163
1635778398172,2021-11-01T10:53:18.172,106.850,-0.425,-0.924,-0.163
1635778398182,2021-11-01T10:53:18.182,106.860,-0.429,-0.943,-0.161
1635778398192,2021-11-01T10:53:18.192,106.870,-0.433,-0.953,-0.161
1635778398202,2021-11-01T10:53:18.202,106.880,-0.438,-0.959,-0.161
1635778398212,2021-11-01T10:53:18.212,106.890,-0.438,-0.966,-0.156
1635778398222,2021-11-01T10:53:18.222,106.900,-0.438,-0.962,-0.155
1635778398232,2021-11-01T10:53:18.232,106.910,-0.435,-0.942,-0.151
1635778398242,2021-11-01T10:53:18.242,106.920,-0.430,-0.929,-0.151
1635778398252,2021-11-01T10:53:18.252,106.930,-0.430,-0.933,-0.153
1635778398262,2021-11-01T10:53:18.262,106.940,-0.431,-0.938,-0.155
1635778398272,2021-11-01T10:53:18.272,106.950,-0.436,-0.952,-0.156
1635778398282,2021-11-01T10:53:18.282,106.960,-0.447,-0.955,-0.163
1635778398292,2021-11-01T10:53:18.292,106.970,-0.452,-0.951,-0.160
1635778398302,2021-11-01T10:53:18.302,106.980,-0.454,-0.944,-0.159
1635778398312,2021-11-01T10:53:18.312,106.990,-0.457,-0.943,-0.159
1635778398322,2021-11-01T10:53:18.322,107.000,-0.454,-0.938,-0.154
1635778398332,2021-11-01T10:53:18.332,107.010,-0.446,-0.931,-0.148
1635778398342,2021-11-01T10:53:18.342,107.020,-0.441,-0.934,-0.142
1635778398352,2021-11-01T10:53:18.352,107.030,-0.437,-0.938,-0.137
1635778398362,2021-11-01T10:53:18.362,107.040,-0.431,-0.946,-0.138
1635778398372,2021-11-01T10:53:18.372,107.050,-0.429,-0.950,-0.142
1635778398382,2021-11-01T10:53:18.382,107.060,-0.433,-0.957,-0.147
1635778398392,2021-11-01T10:53:18.392,107.070,-0.439,-0.957,-0.149
1635778398402,2021-11-01T10:53:18.402,107.080,-0.438,-0.951,-0.151
1635778398412,2021-11-01T10:53:18.412,107.090,-0.438,-0.949,-0.154
1635778398422,2021-11-01T10:53:18.422,107.100,-0.443,-0.941,-0.154
1635778398432,2021-11-01T10:53:18.432,107.110,-0.438,-0.930,-0.153
1635778398442,2021-11-01T10:53:18.442,107.120,-0.438,-0.923,-0.155
1635778398452,2021-11-01T10:53:18.452,107.130,-0.437,-0.918,-0.152
1635778398462,2021-11-01T10:53:18.462,107.140,-0.435,-0.917,-0.150
1635778398472,2021-11-01T10:53:18.472,107.150,-0.435,-0.929,-0.155
1635778398482,2021-11-01T10:53:18.482,107.160,-0.437,-0.947,-0.153
1635778398492,2021-11-01T10:53:18.492,107.170,-0.440,-0.955,-0.152
1635778398502,2021-11-01T10:53:18.502,107.180,-0.442,-0.953,-0.155
1635778398512,2021-11-01T10:53:18.512,107.190,-0.445,-0.944,-0.148
1635778398522,2021-11-01T10:53:18.522,107.200,-0.446,-0.935,-0.146
1635778398532,2021-11-01T10:53:18.532,107.210,-0.439,-0.936,-0.146
1635778398542,2021-11-01T10:53:18.542,107.220,-0.433,-0.944,-0.143
1635778398552,2021-11-01T10:53:18.552,107.230,-0.431,-0.940,-0.139
1635778398562,2021-11-01T10:53:18.562,107.240,-0.425,-0.933,-0.136
1635778398572,2021-11-01T10:53:18.572,107.250,-0.424,-0.935,-0.135
1635778398582,2021-11-01T10:53:18.582,107.260,-0.428,-0.948,-0.136
1635778398592,2021-11-01T10:53:18.592,107.270,-0.433,-0.963,-0.139
1635778398602,2021-11-01T10:53:18.602,107.280,-0.440,-0.970,-0.139
1635778398612,2021-11-01T10:53:18.612,107.290,-0.441,-0.965,-0.136
1635778398622,2021-11-01T10:53:18.622,107.300,-0.439,-0.962,-0.142
1635778398632,2021-11-01T10:53:18.632,107.310,-0.439,-0.957,-0.138
1635778398642,2021-11-01T10:53:18.642,107.320,-0.438,-0.947,-0.135
1635778398652,2021-11-01T10:53:18.652,107.330,-0.429,-0.935,-0.138
1635778398662,2021-11-01T10:53:18.662,107.340,-0.422,-0.930,-0.137
1635778398672,2021-11-01T10:53:18.672,107.350,-0.420,-0.940,-0.140
1635778398682,2021-11-01T10:53:18.682,107.360,-0.423,-0.947,-0.140
1635778398692,2021-11-01T10:53:18.692,107.370,-0.421,-0.949,-0.141
1635778398702,2021-11-01T10:53:18.702,107.380,-0.419,-0.952,-0.146
1635778398712,2021-11-01T10:53:18.712,107.390,-0.424,-0.961,-0.148
1635778398722,2021-11-01T10:53:18.722,107.400,-0.423,-0.963,-0.146
1635778398732,2021-11-01T10:53:18.732,107.410,-0.422,-0.954,-0.144
1635778398742,2021-11-01T10:53:18.742,107.420,-0.416,-0.941,-0.147
1635778398752,2021-11-01T10:53:18.752,107.430,-0.408,-0.943,-0.145
1635778398762,2021-11-01T10:53:18.762,107.440,-0.407,-0.947,-0.143
1635778398772,2021-11-01T10:53:18.772,107.450,-0.405,-0.941,-0.143
1635778398782,2021-11-01T10:53:18.782,107.460,-0.399,-0.937,-0.144
1635778398792,2021-11-01T10:53:18.792,107.470,-0.402,-0.941,-0.146
1635778398802,2021-11-01T10:53:18.802,107.480,-0.408,-0.951,-0.146
1635778398812,2021-11-01T10:53:18.812,107.490,-0.411,-0.955,-0.149
1635778398822,2021-11-01T10:53:18.822,107.500,-0.410,-0.956,-0.153
1635778398832,2021-11-01T10:53:18.832,107.510,-0.413,-0.962,-0.155
1635778398842,2021-11-01T10:53:18.842,107.520,-0.412,-0.966,-0.153
1635778398852,2021-11-01T10:53:18.852,107.530,-0.411,-0.957,-0.152
1635778398862,2021-11-01T10:53:18.862,107.540,-0.407,-0.948,-0.155
1635778398872,2021-11-01T10:53:18.872,107.550,-0.410,-0.947,-0.152
1635778398882,2021-11-01T10:53:18.882,107.560,-0.407,-0.951,-0.150
1635778398892,2021-11-01T10:53:18.892,107.570,-0.398,-0.958,-0.150
1635778398902,2021-11-01T10:53:18.902,107.580,-0.400,-0.959,-0.150
1635778398912,2021-11-01T10:53:18.912,107.590,-0.401,-0.953,-0.150
1635778398922,2021-11-01T10:53:18.922,107.600,-0.397,-0.951,-0.148
1635778398932,2021-11-01T10:53:18.932,107.610,-0.399,-0.951,-0.147
1635778398942,2021-11-01T10:53:18.942,107.620,-0.397,-0.950,-0.150
1635778398952,2021-11-01T10:53:18.952,107.630,-0.394,-0.952,-0.149
1635778398962,2021-11-01T10:53:18.962,107.640,-0.396,-0.952,-0.147
1635778398972,2021-11-01T10:53:18.972,107.650,-0.396,-0.950,-0.144
1635778398982,2021-11-01T10:53:18.982,107.660,-0.392,-0.947,-0.146
1635778398992,2021-11-01T10:53:18.992,107.670,-0.393,-0.949,-0.143
1635778399002,2021-11-01T10:53:19.002,107.680,-0.395,-0.952,-0.144
1635778399012,2021-11-01T10:53:19.012,107.690,-0.393,-0.958,-0.148
1635778399022,2021-11-01T10:53:19.022,107.700,-0.389,-0.960,-0.149
1635778399032,2021-11-01T10:53:19.032,107.710,-0.391,-0.965,-0.151
1635778399042,2021-11-01T10:53:19.042,107.720,-0.398,-0.965,-0.150
1635778399052,2021-11-01T10:53:19.052,107.730,-0.399,-0.959,-0.152
1635778399062,2021-11-01T10:53:19.062,107.740,-0.396,-0.954,-0.157
1635778399072,2021-11-01T10:53:19.072,107.750,-0.405,-0.950,-0.156
1635778399082,2021-11-01T10:53:19.082,107.760,-0.407,-0.948,-0.154
1635778399092,2021-11-01T10:53:19.092,107.770,-0.404,-0.945,-0.155
1635778399102,2021-11-01T10:53:19.102,107.780,-0.409,-0.943,-0.155
1635778399112,2021-11-01T10:53:19.112,107.790,-0.412,-0.943,-0.151
1635778399122,2021-11-01T10:53:19.122,107.800,-0.410,-0.945,-0.151
1635778399132,2021-11-01T10:53:19.132,107.810,-0.414,-0.952,-0.155
1635778399142,2021-11-01T10:53:19.142,107.820,-0.413,-0.961,-0.157
1635778399152,2021-11-01T10:53:19.152,107.830,-0.417,-0.969,-0.154
1635778399162,2021-11-01T10:53:19.162,107.840,-0.419,-0.968,-0.157
1635778399172,2021-11-01T10:53:19.172,107.850,-0.415,-0.959,-0.155
1635778399182,2021-11-01T10:53:19.182,107.860,-0.417,-0.955,-0.156
1635778399192,2021-11-01T10:53:19.192,107.870,-0.414,-0.955,-0.152
1635778399202,2021-11-01T10:53:19.202,107.880,-0.409,-0.955,-0.152
1635778399212,2021-11-01T10:53:19.212,107.890,-0.405,-0.947,-0.151
1635778399222,2021-11-01T10:53:19.222,107.900,-0.403,-0.949,-0.151
1635778399232,2021-11-01T10:53:19.232,107.910,-0.404,-0.952,-0.150
1635778399242,2021-11-01T10:53:19.242,107.920,-0.403,-0.955,-0.152
1635778399252,2021-11-01T10:53:19.252,107.930,-0.409,-0.958,-0.158
1635778399262,2021-11-01T10:53:19.262,107.940,-0.412,-0.959,-0.157
1635778399272,2021-11-01T10:53:19.272,107.950,-0.406,-0.954,-0.156
1635778399282,2021-11-01T10:53:19.282,107.960,-0.410,-0.945,-0.159
1635778399292,2021-11-01T10:53:19.292,107.970,-0.411,-0.941,-0.159
1635778399302,2021-11-01T10:53:19.302,107.980,-0.407,-0.947,-0.159
1635778399312,2021-11-01T10:53:19.312,107.990,-0.404,-0.962,-0.160
1635778399322,2021-11-01T10:53:19.322,108.000,-0.403,-0.976,-0.157
1635778399332,2021-11-01T10:53:19.332,108.010,-0.401,-0.974,-0.151
1635778399342,2021-11-01T10:53:19.342,108.020,-0.399,-0.966,-0.150
1635778399352,2021-11-01T10:53:19.352,108.030,-0.394,-0.962,-0.154
1635778399362,2021-11-01T10:53:19.362,108.040,-0.394,-0.959,-0.153
1635778399372,2021-11-01T10:53:19.372,108.050,-0.398,-0.948,-0.152
1635778399382,2021-11-01T10:53:19.382,108.060,-0.400,-0.937,-0.151
1635778399392,2021-11-01T10:53:19.392,108.070,-0.400,-0.934,-0.154
1635778399402,2021-11-01T10:53:19.402,108.080,-0.403,-0.940,-0.157
1635778399412,2021-11-01T10:53:19.412,108.090,-0.406,-0.950,-0.156
1635778399422,2021-11-01T10:53:19.422,108.100,-0.402,-0.971,-0.153
1635778399432,2021-11-01T10:53:19.432,108.110,-0.392,-0.996,-0.151
1635778399442,2021-11-01T10:53:19.442,108.120,-0.384,-0.998,-0.146
1635778399452,2021-11-01T10:53:19.452,108.130,-0.371,-0.984,-0.146
1635778399462,2021-11-01T10:53:19.462,108.140,-0.364,-0.955,-0.135
1635778399472,2021-11-01T10:53:19.472,108.150,-0.357,-0.924,-0.134
1635778399482,2021-11-01T10:53:19.482,108.160,-0.349,-0.922,-0.136
1635778399492,2021-11-01T10:53:19.492,108.170,-0.347,-0.933,-0.137
1635778399502,2021-11-01T10:53:19.502,108.180,-0.350,-0.924,-0.142
1635778399512,2021-11-01T10:53:19.512,108.190,-0.356,-0.913,-0.155
1635778399522,2021-11-01T10:53:19.522,108.200,-0.359,-0.927,-0.158
1635778399532,2021-11-01T10:53:19.532,108.210,-0.368,-0.956,-0.159
1635778399542,2021-11-01T10:53:19.542,108.220,-0.381,-0.965,-0.158
1635778399552,2021-11-01T10:53:19.552,108.230,-0.383,-0.959,-0.156
1635778399562,2021-11-01T10:53:19.562,108.240,-0.388,-0.962,-0.157
1635778399572,2021-11-01T10:53:19.572,108.250,-0.402,-0.954,-0.157
1635778399582,2021-11-01T10:53:19.582,108.260,-0.410,-0.949,-0.156
1635778399592,2021-11-01T10:53:19.592,108.270,-0.409,-0.957,-0.149
1635778399602,2021-11-01T10:53:19.602,108.280,-0.405,-0.971,-0.140
1635778399612,2021-11-01T10:53:19.612,108.290,-0.404,-0.975,-0.136
1635778399622,2021-11-01T10:53:19.622,108.300,-0.404,-0.967,-0.128
1635778399632,2021-11-01T10:53:19.632,108.310,-0.404,-0.972,-0.125
1635778399642,2021-11-01T10:53:19.642,108.320,-0.404,-0.985,-0.123
1635778399652,2021-11-01T10:53:19.652,108.330,-0.409,-0.987,-0.120
1635778399662,2021-11-01T10:53:19.662,108.340,-0.407,-0.985,-0.120
1635778399672,2021-11-01T10:53:19.672,108.350,-0.409,-0.979,-0.115
1635778399682,2021-11-01T10:53:19.682,108.360,-0.405,-0.982,-0.112
1635778399692,2021-11-01T10:53:19.692,108.370,-0.398,-0.989,-0.105
1635778399702,2021-11-01T10:53:19.702,108.380,-0.394,-0.992,-0.099
1635778399712,2021-11-01T10:53:19.712,108.390,-0.395,-0.985,-0.093
1635778399722,2021-11-01T10:53:19.722,108.400,-0.395,-0.978,-0.095
1635778399732,2021-11-01T10:53:19.732,108.410,-0.396,-0.980,-0.101
1635778399742,2021-11-01T10:53:19.742,108.420,-0.400,-0.979,-0.111
1635778399752,2021-11-01T10:53:19.752,108.430,-0.412,-0.973,-0.118
1635778399762,2021-11-01T10:53:19.762,108.440,-0.398,-0.948,-0.112
1635778399772,2021-11-01T10:53:19.772,108.450,-0.407,-0.943,-0.126
1635778399782,2021-11-01T10:53:19.782,108.460,-0.421,-0.958,-0.126
1635778399792,2021-11-01T10:53:19.792,108.470,-0.413,-0.969,-0.127
1635778399802,2021-11-01T10:53:19.802,108.480,-0.410,-0.956,-0.130
1635778399812,2021-11-01T10:53:19.812,108.490,-0.407,-0.942,-0.130
1635778399822,2021-11-01T10:53:19.822,108.500,-0.405,-0.945,-0.133
1635778399832,2021-11-01T10:53:19.832,108.510,-0.405,-0.950,-0.132
1635778399842,2021-11-01T10:53:19.842,108.520,-0.401,-0.953,-0.137
1635778399852,2021-11-01T10:53:19.852,108.530,-0.401,-0.950,-0.137
1635778399862,2021-11-01T10:53:19.862,108.540,-0.400,-0.949,-0.134
1635778399872,2021-11-01T10:53:19.872,108.550,-0.398,-0.952,-0.132
1635778399882,2021-11-01T10:53:19.882,108.560,-0.396,-0.963,-0.132
1635778399892,2021-11-01T10:53:19.892,108.570,-0.396,-0.970,-0.130
1635778399902,2021-11-01T10:53:19.902,108.580,-0.391,-0.963,-0.129
1635778399912,2021-11-01T10:53:19.912,108.590,-0.392,-0.952,-0.126
1635778399922,2021-11-01T10:53:19.922,108.600,-0.392,-0.953,-0.128
1635778399932,2021-11-01T10:53:19.932,108.610,-0.395,-0.962,-0.131
1635778399942,2021-11-01T10:53:19.942,108.620,-0.393,-0.965,-0.126
1635778399952,2021-11-01T10:53:19.952,108.630,-0.391,-0.959,-0.129
1635778399962,2021-11-01T10:53:19.962,108.640,-0.393,-0.961,-0.131
1635778399972,2021-11-01T10:53:19.972,108.650,-0.399,-0.960,-0.130
1635778399982,2021-11-01T10:53:19.982,108.660,-0.390,-0.958,-0.136
1635778399992,2021-11-01T10:53:19.992,108.670,-0.389,-0.961,-0.142
1635778400002,2021-11-01T10:53:20.002,108.680,-0.387,-0.964,-0.142
1635778400012,2021-11-01T10:53:20.012,108.690,-0.384,-0.962,-0.143
1635778400022,2021-11-01T10:53:20.022,108.700,-0.380,-0.959,-0.146
1635778400032,2021-11-01T10:53:20.032,108.710,-0.379,-0.959,-0.146
1635778400042,2021-11-01T10:53:20.042,108.720,-0.376,-0.954,-0.148
1635778400052,2021-11-01T10:53:20.052,108.730,-0.375,-0.940,-0.153
1635778400062,2021-11-01T10:53:20.062,108.740,-0.370,-0.931,-0.153
1635778400072,2021-11-01T10:53:20.072,108.750,-0.367,-0.935,-0.156
1635778400082,2021-11-01T10:53:20.082,108.760,-0.364,-0.940,-0.159
1635778400092,2021-11-01T10:53:20.092,108.770,-0.359,-0.939,-0.159
1635778400102,2021-11-01T10:53:20.102,108.780,-0.354,-0.928,-0.157
1635778400112,2021-11-01T10:53:20.112,108.790,-0.350,-0.933,-0.161
1635778400122,2021-11-01T10:53:20.122,108.800,-0.347,-0.948,-0.161
1635778400132,2021-11-01T10:53:20.132,108.810,-0.339,-0.953,-0.163
1635778400142,2021-11-01T10:53:20.142,108.820,-0.332,-0.939,-0.167
1635778400152,2021-11-01T10:53:20.152,108.830,-0.324,-0.918,-0.169
1635778400162,2021-11-01T10:53:20.162,108.840,-0.318,-0.900,-0.167
1635778400172,2021-11-01T10:53:20.172,108.850,-0.315,-0.887,-0.165
1635778400182,2021-11-01T10:53:20.182,108.860,-0.308,-0.882,-0.167
1635778400192,2021-11-01T10:53:20.192,108.870,-0.300,-0.869,-0.164
1635778400202,2021-11-01T10:53:20.202,108.880,-0.278,-0.849,-0.164
1635778400212,2021-11-01T10:53:20.212,108.890,-0.267,-0.846,-0.167
1635778400222,2021-11-01T10:53:20.222,108.900,-0.260,-0.843,-0.160
1635778400232,2021-11-01T10:53:20.232,108.910,-0.253,-0.833,-0.156
1635778400242,2021-11-01T10:53:20.242,108.920,-0.250,-0.827,-0.156
1635778400252,2021-11-01T10:53:20.252,108.930,-0.263,-0.826,-0.157
1635778400262,2021-11-01T10:53:20.262,108.940,-0.285,-0.865,-0.160
1635778400272,2021-11-01T10:53:20.272,108.950,-0.323,-0.909,-0.153
1635778400282,2021-11-01T10:53:20.282,108.960,-0.353,-0.917,-0.151
1635778400292,2021-11-01T10:53:20.292,108.970,-0.371,-0.899,-0.158
1635778400302,2021-11-01T10:53:20.302,108.980,-0.377,-0.883,-0.163
1635778400312,2021-11-01T10:53:20.312,108.990,-0.378,-0.870,-0.165
1635778400322,2021-11-01T10:53:20.322,109.000,-0.379,-0.837,-0.161
1635778400332,2021-11-01T10:53:20.332,109.010,-0.380,-0.787,-0.158
1635778400342,2021-11-01T10:53:20.342,109.020,-0.375,-0.752,-0.161
1635778400352,2021-11-01T10:53:20.352,109.030,-0.369,-0.740,-0.157
1635778400362,2021-11-01T10:53:20.362,109.040,-0.380,-0.723,-0.146
1635778400372,2021-11-01T10:53:20.372,109.050,-0.393,-0.717,-0.137
1635778400382,2021-11-01T10:53:20.382,109.060,-0.405,-0.742,-0.133
1635778400392,2021-11-01T10:53:20.392,109.070,-0.425,-0.754,-0.121
1635778400402,2021-11-01T10:53:20.402,109.080,-0.444,-0.726,-0.115
1635778400412,2021-11-01T10:53:20.412,109.090,-0.458,-0.686,-0.114
1635778400422,2021-11-01T10:53:20.422,109.100,-0.471,-0.638,-0.099
1635778400432,2021-11-01T10:53:20.432,109.110,-0.480,-0.590,-0.077
1635778400442,2021-11-01T10:53:20.442,109.120,-0.482,-0.565,-0.067
1635778400452,2021-11-01T10:53:20.452,109.130,-0.483,-0.576,-0.053
1635778400462,2021-11-01T10:53:20.462,109.140,-0.480,-0.597,-0.024
1635778400472,2021-11-01T10:53:20.472,109.150,-0.483,-0.572,0.002
1635778400482,2021-11-01T10:53:20.482,109.160,-0.484,-0.515,0.019
1635778400492,2021-11-01T10:53:20.492,109.170,-0.500,-0.482,0.025
1635778400502,2021-11-01T10:53:20.502,109.180,-0.542,-0.481,0.053
1635778400512,2021-11-01T10:53:20.512,109.190,-0.565,-0.495,0.065
1635778400522,2021-11-01T10:53:20.522,109.200,-0.571,-0.505,0.074
1635778400532,2021-11-01T10:53:20.532,109.210,-0.588,-0.521,0.095
1635778400542,2021-11-01T10:53:20.542,109.220,-0.639,-0.553,0.123
1635778400552,2021-11-01T10:53:20.552,109.230,-0.719,-0.578,0.156
1635778400562,2021-11-01T10:53:20.562,109.240,-0.781,-0.578,0.184
1635778400572,2021-11-01T10:53:20.572,109.250,-0.805,-0.562,0.201
1635778400582,2021-11-01T10:53:20.582,109.260,-0.807,-0.543,0.213
1635778400592,2021-11-01T10:53:20.592,109.270,-0.809,-0.511,0.227
1635778400602,2021-11-01T10:53:20.602,109.280,-0.796,-0.487,0.227
1635778400612,2021-11-01T10:53:20.612,109.290,-0.757,-0.508,0.215
1635778400622,2021-11-01T10:53:20.622,109.300,-0.735,-0.571,0.205
1635778400632,2021-11-01T10:53:20.632,109.310,-0.737,-0.586,0.206
1635778400642,2021-11-01T10:53:20.642,109.320,-0.742,-0.519,0.205
1635778400652,2021-11-01T10:53:20.652,109.330,-0.741,-0.417,0.213
1635778400662,2021-11-01T10:53:20.662,109.340,-0.724,-0.318,0.223
1635778400672,2021-11-01T10:53:20.672,109.350,-0.727,-0.283,0.203
1635778400682,2021-11-01T10:53:20.682,109.360,-0.771,-0.346,0.181
1635778400692,2021-11-01T10:53:20.692,109.370,-0.816,-0.466,0.177
1635778400702,2021-11-01T10:53:20.702,109.380,-0.811,-0.573,0.167
1635778400712,2021-11-01T10:53:20.712,109.390,-0.801,-0.603,0.164
1635778400722,2021-11-01T10:53:20.722,109.400,-0.811,-0.511,0.182
1635778400732,2021-11-01T10:53:20.732,109.410,-0.818,-0.373,0.190
1635778400742,2021-11-01T10:53:20.742,109.420,-0.817,-0.284,0.194
1635778400752,2021-11-01T10:53:20.752,109.430,-0.831,-0.287,0.201
1635778400762,2021-11-01T10:53:20.762,109.440,-0.867,-0.368,0.200
1635778400772,2021-11-01T10:53:20.772,109.450,-0.897,-0.492,0.194
1635778400782,2021-11-01T10:53:20.782,109.460,-0.906,-0.621,0.185
1635778400792,2021-11-01T10:53:20.792,109.470,-0.905,-0.670,0.191
1635778400802,2021-11-01T10:53:20.802,109.480,-0.896,-0.606,0.190
1635778400812,2021-11-01T10:53:20.812,109.490,-0.894,-0.447,0.208
1635778400822,2021-11-01T10:53:20.822,109.500,-0.905,-0.289,0.230
1635778400832,2021-11-01T10:53:20.832,109.510,-0.952,-0.227,0.240
1635778400842,2021-11-01T10:53:20.842,109.520,-1.018,-0.297,0.247
1635778400852,2021-11-01T10:53:20.852,109.530,-1.083,-0.444,0.247
1635778400862,2021-11-01T10:53:20.862,109.540,-1.152,-0.526,0.245
1635778400872,2021-11-01T10:53:20.872,109.550,-1.196,-0.529,0.230
1635778400882,2021-11-01T10:53:20.882,109.560,-1.187,-0.498,0.220
1635778400892,2021-11-01T10:53:20.892,109.570,-1.153,-0.450,0.225
1635778400902,2021-11-01T10:53:20.902,109.580,-1.125,-0.388,0.240
1635778400912,2021-11-01T10:53:20.912,109.590,-1.113,-0.335,0.245
1635778400922,2021-11-01T10:53:20.922,109.600,-1.111,-0.333,0.248
1635778400932,2021-11-01T10:53:20.932,109.610,-1.132,-0.360,0.246
1635778400942,2021-11-01T10:53:20.942,109.620,-1.160,-0.380,0.231
1635778400952,2021-11-01T10:53:20.952,109.630,-1.173,-0.420,0.201
1635778400962,2021-11-01T10:53:20.962,109.640,-1.190,-0.468,0.188
1635778400972,2021-11-01T10:53:20.972,109.650,-1.192,-0.478,0.200
1635778400982,2021-11-01T10:53:20.982,109.660,-1.180,-0.444,0.221
1635778400992,2021-11-01T10:53:20.992,109.670,-1.157,-0.393,0.242
1635778401002,2021-11-01T10:53:21.002,109.680,-1.152,-0.352,0.250
1635778401012,2021-11-01T10:53:21.012,109.690,-1.168,-0.355,0.242
1635778401022,2021-11-01T10:53:21.022,109.700,-1.215,-0.404,0.223
1635778401032,2021-11-01T10:53:21.032,109.710,-1.264,-0.460,0.210
1635778401042,2021-11-01T10:53:21.042,109.720,-1.280,-0.493,0.207
1635778401052,2021-11-01T10:53:21.052,109.730,-1.276,-0.503,0.206
1635778401062,2021-11-01T10:53:21.062,109.740,-1.261,-0.505,0.213
1635778401072,2021-11-01T10:53:21.072,109.750,-1.239,-0.491,0.217
1635778401082,2021-11-01T10:53:21.082,109.760,-1.219,-0.440,0.221
1635778401092,2021-11-01T10:53:21.092,109.770,-1.205,-0.376,0.215
1635778401102,2021-11-01T10:53:21.102,109.780,-1.218,-0.348,0.201
1635778401112,2021-11-01T10:53:21.112,109.790,-1.247,-0.386,0.179
1635778401122,2021-11-01T10:53:21.122,109.800,-1.280,-0.453,0.177
1635778401132,2021-11-01T10:53:21.132,109.810,-1.287,-0.483,0.182
1635778401142,2021-11-01T10:53:21.142,109.820,-1.266,-0.467,0.186
1635778401152,2021-11-01T10:53:21.152,109.830,-1.239,-0.428,0.199
1635778401162,2021-11-01T10:53:21.162,109.840,-1.215,-0.394,0.212
1635778401172,2021-11-01T10:53:21.172,109.850,-1.213,-0.354,0.225
1635778401182,2021-11-01T10:53:21.182,109.860,-1.233,-0.335,0.236
1635778401192,2021-11-01T10:53:21.192,109.870,-1.257,-0.362,0.242
1635778401202,2021-11-01T10:53:21.202,109.880,-1.278,-0.416,0.246
1635778401212,2021-11-01T10:53:21.212,109.890,-1.313,-0.469,0.241
1635778401222,2021-11-01T10:53:21.222,109.900,-1.354,-0.492,0.233
1635778401232,2021-11-01T10:53:21.232,109.910,-1.371,-0.476,0.224
1635778401242,2021-11-01T10:53:21.242,109.920,-1.372,-0.448,0.216
1635778401252,2021-11-01T10:53:21.252,109.930,-1.368,-0.439,0.218
1635778401262,2021-11-01T10:53:21.262,109.940,-1.367,-0.438,0.225
1635778401272,2021-11-01T10:53:21.272,109.950,-1.348,-0.425,0.230
1635778401282,2021-11-01T10:53:21.282,109.960,-1.315,-0.416,0.226
1635778401292,2021-11-01T10:53:21.292,109.970,-1.282,-0.436,0.224
1635778401302,2021-11-01T10:53:21.302,109.980,-1.252,-0.491,0.213
1635778401312,2021-11-01T10:53:21.312,109.990,-1.232,-0.558,0.194
1635778401322,2021-11-01T10:53:21.322,110.000,-1.199,-0.619,0.164
1635778401332,2021-11-01T10:53:21.332,110.010,-1.142,-0.678,0.121
1635778401342,2021-11-01T10:53:21.342,110.020,-1.104,-0.727,0.077
1635778401352,2021-11-01T10:53:21.352,110.030,-1.069,-0.774,0.042
1635778401362,2021-11-01T10:53:21.362,110.040,-1.016,-0.841,0.004
1635778401372,2021-11-01T10:53:21.372,110.050,-0.964,-0.930,-0.027
1635778401382,2021-11-01T10:53:21.382,110.060,-0.923,-1.012,-0.050
1635778401392,2021-11-01T10:53:21.392,110.070,-0.895,-1.063,-0.063
1635778401402,2021-11-01T10:53:21.402,110.080,-0.869,-1.090,-0.076
1635778401412,2021-11-01T10:53:21.412,110.090,-0.857,-1.080,-0.074
1635778401422,2021-11-01T10:53:21.422,110.100,-0.858,-1.028,-0.067
1635778401432,2021-11-01T10:53:21.432,110.110,-0.857,-0.966,-0.063
1635778401442,2021-11-01T10:53:21.442,110.120,-0.858,-0.913,-0.053
1635778401452,2021-11-01T10:53:21.452,110.130,-0.845,-0.856,-0.038
1635778401462,2021-11-01T10:53:21.462,110.140,-0.816,-0.801,-0.031
1635778401472,2021-11-01T10:53:21.472,110.150,-0.790,-0.733,-0.027
1635778401482,2021-11-01T10:53:21.482,110.160,-0.754,-0.670,-0.015
1635778401492,2021-11-01T10:53:21.492,110.170,-0.706,-0.625,-0.008
1635778401502,2021-11-01T10:53:21.502,110.180,-0.662,-0.606,-0.002
1635778401512,2021-11-01T10:53:21.512,110.190,-0.627,-0.618,0.001
1635778401522,2021-11-01T10:53:21.522,110.200,-0.604,-0.623,0.005
1635778401532,2021-11-01T10:53:21.532,110.210,-0.562,-0.606,0.002
1635778401542,2021-11-01T10:53:21.542,110.220,-0.527,-0.582,-0.004
1635778401552,2021-11-01T10:53:21.552,110.230,-0.493,-0.565,-0.010
1635778401562,2021-11-01T10:53:21.562,110.240,-0.456,-0.583,-0.019
1635778401572,2021-11-01T10:53:21.572,110.250,-0.435,-0.641,-0.027
1635778401582,2021-11-01T10:53:21.582,110.260,-0.449,-0.707,-0.023
1635778401592,2021-11-01T10:53:21.592,110.270,-0.464,-0.741,-0.018
1635778401602,2021-11-01T10:53:21.602,110.280,-0.440,-0.761,-0.022
1635778401612,2021-11-01T10:53:21.612,110.290,-0.410,-0.775,-0.022
1635778401622,2021-11-01T10:53:21.622,110.300,-0.396,-0.794,-0.024
1635778401632,2021-11-01T10:53:21.632,110.310,-0.389,-0.810,-0.039
1635778401642,2021-11-01T10:53:21.642,110.320,-0.381,-0.836,-0.068
1635778401652,2021-11-01T10:53:21.652,110.330,-0.382,-0.883,-0.086
1635778401662,2021-11-01T10:53:21.662,110.340,-0.402,-0.922,-0.100
1635778401672,2021-11-01T10:53:21.672,110.350,-0.415,-0.922,-0.092
1635778401682,2021-11-01T10:53:21.682,110.360,-0.401,-0.903,-0.076
1635778401692,2021-11-01T10:53:21.692,110.370,-0.343,-0.913,-0.072
1635778401702,2021-11-01T10:53:21.702,110.380,-0.314,-0.963,-0.071
1635778401712,2021-11-01T10:53:21.712,110.390,-0.317,-0.995,-0.068
1635778401722,2021-11-01T10:53:21.722,110.400,-0.300,-0.981,-0.070
1635778401732,2021-11-01T10:53:21.732,110.410,-0.278,-0.938,-0.079
1635778401742,2021-11-01T10:53:21.742,110.420,-0.273,-0.916,-0.090
1635778401752,2021-11-01T10:53:21.752,110.430,-0.276,-0.913,-0.104
1635778401762,2021-11-01T10:53:21.762,110.440,-0.276,-0.908,-0.114
1635778401772,2021-11-01T10:53:21.772,110.450,-0.273,-0.913,-0.129
1635778401782,2021-11-01T10:53:21.782,110.460,-0.276,-0.930,-0.136
1635778401792,2021-11-01T10:53:21.792,110.470,-0.284,-0.926,-0.127
1635778401802,2021-11-01T10:53:21.802,110.480,-0.281,-0.885,-0.120
1635778401812,2021-11-01T10:53:21.812,110.490,-0.270,-0.848,-0.124
1635778401822,2021-11-01T10:53:21.822,110.500,-0.252,-0.846,-0.124
1635778401832,2021-11-01T10:53:21.832,110.510,-0.243,-0.856,-0.118
1635778401842,2021-11-01T10:53:21.842,110.520,-0.239,-0.856,-0.121
1635778401852,2021-11-01T10:53:21.852,110.530,-0.227,-0.859,-0.127
1635778401862,2021-11-01T10:53:21.862,110.540,-0.222,-0.896,-0.129
1635778401872,2021-11-01T10:53:21.872,110.550,-0.227,-0.941,-0.130
1635778401882,2021-11-01T10:53:21.882,110.560,-0.222,-0.960,-0.131
1635778401892,2021-11-01T10:53:21.892,110.570,-0.218,-0.956,-0.131
1635778401902,2021-11-01T10:53:21.902,110.580,-0.208,-0.952,-0.134
1635778401912,2021-11-01T10:53:21.912,110.590,-0.201,-0.967,-0.135
1635778401922,2021-11-01T10:53:21.922,110.600,-0.208,-0.991,-0.139
1635778401932,2021-11-01T10:53:21.932,110.610,-0.219,-1.012,-0.138
1635778401942,2021-11-01T10:53:21.942,110.620,-0.230,-1.032,-0.137
1635778401952,2021-11-01T10:53:21.952,110.630,-0.239,-1.057,-0.132
1635778401962,2021-11-01T10:53:21.962,110.640,-0.246,-1.071,-0.125
1635778401972,2021-11-01T10:53:21.972,110.650,-0.243,-1.060,-0.113
1635778401982,2021-11-01T10:53:21.982,110.660,-0.235,-1.037,-0.106
1635778401992,2021-11-01T10:53:21.992,110.670,-0.243,-1.027,-0.113
1635778402002,2021-11-01T10:53:22.002,110.680,-0.261,-1.033,-0.121
1635778402012,2021-11-01T10:53:22.012,110.690,-0.284,-1.025,-0.129
1635778402022,2021-11-01T10:53:22.022,110.700,-0.293,-1.020,-0.137
1635778402032,2021-11-01T10:53:22.032,110.710,-0.304,-1.044,-0.145
1635778402042,2021-11-01T10:53:22.042,110.720,-0.311,-1.074,-0.139
1635778402052,2021-11-01T10:53:22.052,110.730,-0.298,-1.064,-0.139
1635778402062,2021-11-01T10:53:22.062,110.740,-0.294,-1.028,-0.142
1635778402072,2021-11-01T10:53:22.072,110.750,-0.299,-0.999,-0.142
1635778402082,2021-11-01T10:53:22.082,110.760,-0.287,-0.969,-0.139
1635778402092,2021-11-01T10:53:22.092,110.770,-0.278,-0.938,-0.136
1635778402102,2021-11-01T10:53:22.102,110.780,-0.273,-0.937,-0.145
1635778402112,2021-11-01T10:53:22.112,110.790,-0.272,-0.976,-0.147
1635778402122,2021-11-01T10:53:22.122,110.800,-0.279,-1.000,-0.147
1635778402132,2021-11-01T10:53:22.132,110.810,-0.276,-0.992,-0.152
1635778402142,2021-11-01T10:53:22.142,110.820,-0.267,-0.984,-0.162
1635778402152,2021-11-01T10:53:22.152,110.830,-0.264,-1.011,-0.164
1635778402162,2021-11-01T10:53:22.162,110.840,-0.262,-1.035,-0.162
1635778402172,2021-11-01T10:53:22.172,110.850,-0.243,-1.042,-0.164
1635778402182,2021-11-01T10:53:22.182,110.860,-0.222,-1.035,-0.169
1635778402192,2021-11-01T10:53:22.192,110.870,-0.215,-1.036,-0.174
1635778402202,2021-11-01T10:53:22.202,110.880,-0.218,-1.044,-0.178
1635778402212,2021-11-01T10:53:22.212,110.890,-0.211,-1.038,-0.185
1635778402222,2021-11-01T10:53:22.222,110.900,-0.200,-1.029,-0.196
1635778402232,2021-11-01T10:53:22.232,110.910,-0.196,-1.029,-0.206
1635778402242,2021-11-01T10:53:22.242,110.920,-0.192,-1.036,-0.211
1635778402252,2021-11-01T10:53:22.252,110.930,-0.182,-1.026,-0.216
1635778402262,2021-11-01T10:53:22.262,110.940,-0.174,-1.006,-0.218
1635778402272,2021-11-01T10:53:22.272,110.950,-0.166,-0.996,-0.224
1635778402282,2021-11-01T10:53:22.282,110.960,-0.155,-0.993,-0.230
1635778402292,2021-11-01T10:53:22.292,110.970,-0.157,-0.985,-0.238
1635778402302,2021-11-01T10:53:22.302,110.980,-0.164,-0.962,-0.238
1635778402312,2021-11-01T10:53:22.312,110.990,-0.158,-0.938,-0.256
1635778402322,2021-11-01T10:53:22.322,111.000,-0.150,-0.943,-0.270
1635778402332,2021-11-01T10:53:22.332,111.010,-0.157,-0.962,-0.269
1635778402342,2021-11-01T10:53:22.342,111.020,-0.159,-0.966,-0.270
1635778402352,2021-11-01T10:53:22.352,111.030,-0.147,-0.954,-0.274
1635778402362,2021-11-01T10:53:22.362,111.040,-0.134,-0.949,-0.272
1635778402372,2021-11-01T10:53:22.372,111.050,-0.132,-0.965,-0.272
1635778402382,2021-11-01T10:53:22.382,111.060,-0.141,-0.986,-0.271
1635778402392,2021-11-01T10:53:22.392,111.070,-0.148,-0.987,-0.264
1635778402402,2021-11-01T10:53:22.402,111.080,-0.159,-0.963,-0.268
1635778402412,2021-11-01T10:53:22.412,111.090,-0.167,-0.947,-0.275
1635778402422,2021-11-01T10:53:22.422,111.100,-0.172,-0.965,-0.271
1635778402432,2021-11-01T10:53:22.432,111.110,-0.175,-0.981,-0.267
1635778402442,2021-11-01T10:53:22.442,111.120,-0.169,-0.987,-0.269
1635778402452,2021-11-01T10:53:22.452,111.130,-0.162,-0.995,-0.265
1635778402462,2021-11-01T10:53:22.462,111.140,-0.166,-1.010,-0.262
1635778402472,2021-11-01T10:53:22.472,111.150,-0.166,-1.019,-0.259
1635778402482,2021-11-01T10:53:22.482,111.160,-0.169,-1.012,-0.265
1635778402492,2021-11-01T10:53:22.492,111.170,-0.182,-0.985,-0.273
1635778402502,2021-11-01T10:53:22.502,111.180,-0.192,-0.960,-0.290
1635778402512,2021-11-01T10:53:22.512,111.190,-0.199,-0.949,-0.308
1635778402522,2021-11-01T10:53:22.522,111.200,-0.206,-0.953,-0.316
1635778402532,2021-11-01T10:53:22.532,111.210,-0.213,-0.952,-0.320
1635778402542,2021-11-01T10:53:22.542,111.220,-0.214,-0.945,-0.330
1635778402552,2021-11-01T10:53:22.552,111.230,-0.219,-0.942,-0.333
1635778402562,2021-11-01T10:53:22.562,111.240,-0.224,-0.943,-0.333
1635778402572,2021-11-01T10:53:22.572,111.250,-0.228,-0.940,-0.339
1635778402582,2021-11-01T10:53:22.582,111.260,-0.232,-0.943,-0.348
1635778402592,2021-11-01T10:53:22.592,111.270,-0.250,-0.938,-0.352
1635778402602,2021-11-01T10:53:22.602,111.280,-0.262,-0.925,-0.359
1635778402612,2021-11-01T10:53:22.612,111.290,-0.261,-0.913,-0.361
1635778402622,2021-11-01T10:53:22.622,111.300,-0.255,-0.906,-0.359
1635778402632,2021-11-01T10:53:22.632,111.310,-0.251,-0.904,-0.362
1635778402642,2021-11-01T10:53:22.642,111.320,-0.250,-0.918,-0.363
1635778402652,2021-11-01T10:53:22.652,111.330,-0.248,-0.923,-0.358
1635778402662,2021-11-01T10:53:22.662,111.340,-0.234,-0.927,-0.354
1635778402672,2021-11-01T10:53:22.672,111.350,-0.239,-0.941,-0.352
1635778402682,2021-11-01T10:53:22.682,111.360,-0.242,-0.953,-0.346
1635778402692,2021-11-01T10:53:22.692,111.370,-0.247,-0.959,-0.348
1635778402702,2021-11-01T10:53:22.702,111.380,-0.242,-0.960,-0.347
1635778402712,2021-11-01T10:53:22.712,111.390,-0.246,-0.960,-0.342
1635778402722,2021-11-01T10:53:22.722,111.400,-0.247,-0.953,-0.340
1635778402732,2021-11-01T10:53:22.732,111.410,-0.248,-0.943,-0.339
1635778402742,2021-11-01T10:53:22.742,111.420,-0.251,-0.935,-0.339
1635778402752,2021-11-01T10:53:22.752,111.430,-0.254,-0.920,-0.340
1635778402762,2021-11-01T10:53:22.762,111.440,-0.260,-0.911,-0.340
1635778402772,2021-11-01T10:53:22.772,111.450,-0.269,-0.910,-0.349
1635778402782,2021-11-01T10:53:22.782,111.460,-0.280,-0.923,-0.350
1635778402792,2021-11-01T10:53:22.792,111.470,-0.285,-0.936,-0.349
1635778402802,2021-11-01T10:53:22.802,111.480,-0.285,-0.941,-0.346
1635778402812,2021-11-01T10:53:22.812,111.490,-0.292,-0.944,-0.341
1635778402822,2021-11-01T10:53:22.822,111.500,-0.291,-0.947,-0.341
1635778402832,2021-11-01T10:53:22.832,111.510,-0.283,-0.953,-0.339
1635778402842,2021-11-01T10:53:22.842,111.520,-0.282,-0.960,-0.336
1635778402852,2021-11-01T10:53:22.852,111.530,-0.285,-0.955,-0.337
1635778402862,2021-11-01T10:53:22.862,111.540,-0.290,-0.941,-0.339
1635778402872,2021-11-01T10:53:22.872,111.550,-0.289,-0.947,-0.339
