epoch (ms),time (-13:00),elapsed (s),x-axis (g),y-axis (g),z-axis (g)
1635776735186,2021-11-01T10:25:35.186,0.0,-0.0019791565264626852,-1.0820519314710302e-05,-0.001720902723165825
1635776735196,2021-11-01T10:25:35.196,0.01,-0.0060923170104928434,-0.004186750175157225,-0.0007511567856339683
1635776735206,2021-11-01T10:25:35.206,0.02,-0.007796921052104855,-0.0012611863824523706,-0.0002505041256350001
1635776735216,2021-11-01T10:25:35.216,0.03,-0.008067818204926467,0.004788564911465643,-0.0009144345550044757
1635776735226,2021-11-01T10:25:35.226,0.04,-0.00829749007154675,0.006072614768830798,-0.0026232211997445423
1635776735236,2021-11-01T10:25:35.236,0.05,-0.007338995322236773,0.0032609628715041163,-0.004168908054514264
1635776735246,2021-11-01T10:25:35.246,0.06,-0.004591864131332762,0.0023026716019108936,-0.004886332910160466
1635776735256,2021-11-01T10:25:35.256,0.07,-0.002853367414116823,0.0032193803937763353,-0.005199755003107275
1635776735266,2021-11-01T10:25:35.266,0.08,-0.0044389039830147236,0.0019380168578869994,-0.004930278860986998
1635776735276,2021-11-01T10:25:35.276,0.09,-0.006914949639747818,-0.0002968618035562122,-0.0033050154494633716
1635776735286,2021-11-01T10:25:35.286,0.1,-0.006903487047265259,0.0004430140545293272,-0.00128279643348575
1635776735296,2021-11-01T10:25:35.296,0.11,-0.005874272948819179,0.002010646805062812,-0.0009331682538289562
1635776735306,2021-11-01T10:25:35.306,0.12,-0.007255112510815034,-0.00015622440365955088,-0.002175306988269669
1635776735316,2021-11-01T10:25:35.316,0.13,-0.010063457100902541,-0.004338463247531448,-0.0029923422997005515
1635776735326,2021-11-01T10:25:35.326,0.14,-0.010551896855972093,-0.006176533955041868,-0.002202852542492075
1635776735336,2021-11-01T10:25:35.336,0.15,-0.008190873755079216,-0.006387485618418794,-0.000127069215399652
1635776735346,2021-11-01T10:25:35.346,0.16,-0.005731262156585969,-0.007600329300203795,0.0016664493352820744
1635776735356,2021-11-01T10:25:35.356,0.17,-0.005060127073607383,-0.008707613960002903,0.001138214124624747
1635776735366,2021-11-01T10:25:35.366,0.18,-0.005871877911686045,-0.007951221888545542,-0.0012953430995487818
1635776735376,2021-11-01T10:25:35.376,0.19,-0.006940116654313419,-0.006636851708600896,-0.0025145875212589076
1635776735386,2021-11-01T10:25:35.386,0.2,-0.0072606293690359695,-0.00646741565563256,-0.0015405827435151346
1635776735396,2021-11-01T10:25:35.396,0.21,-0.006888993918589919,-0.0075482996201718605,-0.0010086823279994884
1635776735406,2021-11-01T10:25:35.406,0.22,-0.0065583085510502095,-0.0095150014553078,-0.0022405255176572796
1635776735416,2021-11-01T10:25:35.416,0.23,-0.006252858221771902,-0.010810928739021747,-0.003394127166740455
1635776735426,2021-11-01T10:25:35.426,0.24,-0.005547423454714974,-0.009038066542565138,-0.003580058275928241
1635776735436,2021-11-01T10:25:35.436,0.25,-0.004944576082858982,-0.004953336462115408,-0.004208821951663075
1635776735446,2021-11-01T10:25:35.446,0.26,-0.0049581139155442395,-0.001794297594860892,-0.005495707756698297
1635776735456,2021-11-01T10:25:35.456,0.27,-0.0047872733763800294,0.00042651457869930036,-0.005714689159725842
1635776735466,2021-11-01T10:25:35.466,0.28,-0.003789546496529004,0.0034952298700421363,-0.004570082737492782
1635776735476,2021-11-01T10:25:35.476,0.29,-0.0030917604996633565,0.004766862346023401,-0.00409499305214513
1635776735486,2021-11-01T10:25:35.486,0.3,-0.0038923985687461526,0.0008487482111486978,-0.005579999954695137
1635776735496,2021-11-01T10:25:35.496,0.31,-0.005138539758862739,-0.004186012129041459,-0.007767263966697347
1635776735506,2021-11-01T10:25:35.506,0.32,-0.004788208448029636,-0.0036194363275000654,-0.008579035502842065
1635776735516,2021-11-01T10:25:35.516,0.33,-0.0028652362252248984,0.0007574830289492035,-0.007335058444869433
1635776735526,2021-11-01T10:25:35.526,0.34,-0.0011287131083030657,0.0015525645829411753,-0.00493488888571229
1635776735536,2021-11-01T10:25:35.536,0.35,0.00013338024283849817,-0.0021323052396940703,-0.0027728645619762666
1635776735546,2021-11-01T10:25:35.546,0.36,0.0021510666565902987,-0.004367328456511537,-0.0017626309771268127
1635776735556,2021-11-01T10:25:35.556,0.37,0.004299803735565422,-0.0025385939511800163,-0.0016663517988876934
1635776735566,2021-11-01T10:25:35.566,0.38,0.004297138863893499,6.053135084289798e-05,-0.001318720034070553
1635776735576,2021-11-01T10:25:35.576,0.39,0.00240196091578829,0.000682350517572494,-7.980143161016493e-05
1635776735586,2021-11-01T10:25:35.586,0.4,0.0016325544985341077,-0.0002824044259987703,0.001487540834506179
1635776735596,2021-11-01T10:25:35.596,0.41,0.0030439259745054193,-0.002434554041633904,0.0026785366870169572
1635776735606,2021-11-01T10:25:35.606,0.42,0.0042128497391865465,-0.0058217515120375755,0.003164232429948877
1635776735616,2021-11-01T10:25:35.616,0.43,0.0032506762385474926,-0.008574262152546747,0.002618454637745106
1635776735626,2021-11-01T10:25:35.626,0.44,0.0014050048708304625,-0.008425140320841573,0.001438124733707614
1635776735636,2021-11-01T10:25:35.636,0.45,0.0005817588662508624,-0.006348441176812326,0.0009347589711187847
1635776735646,2021-11-01T10:25:35.646,0.46,0.0007429308017581381,-0.005130524220972432,0.0011169323294144755
1635776735656,2021-11-01T10:25:35.656,0.47,0.0009275444688837376,-0.005309022628739,0.00018871530858079836
1635776735666,2021-11-01T10:25:35.666,0.48,0.0006983273527341985,-0.005608878137013624,-0.0021001632313019936
1635776735676,2021-11-01T10:25:35.676,0.49,-0.0001264137063194943,-0.0055445682758759034,-0.00343142470406094
1635776735686,2021-11-01T10:25:35.686,0.5,-0.0011536954323928574,-0.005199648020509753,-0.002681804815739106
1635776735696,2021-11-01T10:25:35.696,0.51,-0.0010066119819339653,-0.004630824805463618,-0.0014435510817185121
1635776735706,2021-11-01T10:25:35.706,0.52,0.0007353260271180612,-0.004501673932326832,-0.000785333056960032
1635776735716,2021-11-01T10:25:35.716,0.53,0.002236996384492901,-0.005183278558157124,7.156199327955073e-05
1635776735726,2021-11-01T10:25:35.726,0.54,0.0019957876320891906,-0.005662002027597794,0.0009211731100082564
1635776735736,2021-11-01T10:25:35.736,0.55,0.0010583531586721275,-0.005134985140303899,-0.00019822473371350954
1635776735746,2021-11-01T10:25:35.746,0.56,0.000995526951268864,-0.004469240955978618,-0.0034132076191216365
1635776735756,2021-11-01T10:25:35.756,0.57,0.0015861008280312924,-0.00456660428670674,-0.005539936454537654
1635776735766,2021-11-01T10:25:35.766,0.58,0.0018610151133805174,-0.004441440661149054,-0.004316752367861485
1635776735776,2021-11-01T10:25:35.776,0.59,0.0017530271190190154,-0.0025952569686294733,-0.0017813288939104422
1635776735786,2021-11-01T10:25:35.786,0.6,0.001588183129723652,-0.00015287326097726756,-0.001063434492484559
1635776735796,2021-11-01T10:25:35.796,0.61,0.0012607752241459709,-0.000552296656546734,-0.0018265813788830936
1635776735806,2021-11-01T10:25:35.806,0.62,0.0009930151451526949,-0.0045298564195096515,-0.0015025062632401717
1635776735816,2021-11-01T10:25:35.816,0.63,0.001596933154070494,-0.00776690642557332,0.00043928570837422406
1635776735826,2021-11-01T10:25:35.826,0.64,0.002588216128816478,-0.006639070947051486,0.0019721155739115827
1635776735836,2021-11-01T10:25:35.836,0.65,0.0017315676228194861,-0.003463354760912057,0.0015597737380919554
1635776735846,2021-11-01T10:25:35.846,0.66,-0.00162933594231184,-0.002169286176491854,4.3467942746552206e-05
1635776735856,2021-11-01T10:25:35.856,0.67,-0.004723306039007656,-0.0024195814488883693,-0.0005807908538444208
1635776735866,2021-11-01T10:25:35.866,0.68,-0.004821422498033742,-0.0021509810412796804,0.00021986785355950696
1635776735876,2021-11-01T10:25:35.876,0.69,-0.00267946086879779,-0.002100395577537297,0.0009022255628842717
1635776735886,2021-11-01T10:25:35.886,0.7,-0.0009281133551239556,-0.0037174615507352677,0.0003408706458098707
1635776735896,2021-11-01T10:25:35.896,0.71,-0.0006147496996754848,-0.005420160296025259,-0.0004907191822503457
1635776735906,2021-11-01T10:25:35.906,0.72,-0.0007452097914088852,-0.004643469323138676,-0.0004083427765274209
1635776735916,2021-11-01T10:25:35.916,0.73,-0.0004490422069052698,-0.0022261008239098396,4.56595493942389e-06
1635776735926,2021-11-01T10:25:35.926,0.74,-0.00016994869220982817,-0.0013548065275314932,-0.0003916535617943747
1635776735936,2021-11-01T10:25:35.936,0.75,-0.0005764160400971562,-0.0024896204553816513,-0.0011894506386292902
1635776735946,2021-11-01T10:25:35.946,0.76,-0.0014078211980968352,-0.002925333771051872,-0.000893025465149489
1635776735956,2021-11-01T10:25:35.956,0.77,-0.0017983084673001556,-0.001629525117944085,0.0007131417448495746
1635776735966,2021-11-01T10:25:35.966,0.78,-0.001194318576094605,-0.0006451321440443492,0.001991392996193271
1635776735976,2021-11-01T10:25:35.976,0.79,0.0001266445729864288,-0.0012743122593034026,0.001742008384010444
1635776735986,2021-11-01T10:25:35.986,0.8,0.0013484238729878856,-0.002514013411245213,0.0008404238540726207
1635776735996,2021-11-01T10:25:35.996,0.81,0.001976013198215114,-0.003452213874113615,0.0009651232528308479
1635776736006,2021-11-01T10:25:36.006,0.82,0.0022565011809719815,-0.004226333431151088,0.0024979152690427463
1635776736016,2021-11-01T10:25:36.016,0.83,0.0028974200053667283,-0.004668174363040393,0.0039802228971483385
1635776736026,2021-11-01T10:25:36.026,0.84,0.0043485412287700385,-0.004144976835642111,0.0038001848994525553
1635776736036,2021-11-01T10:25:36.036,0.85,0.0058511629551264484,-0.002778154785973023,0.0026813917833912425
1635776736046,2021-11-01T10:25:36.046,0.86,0.005811812679873315,-0.001706409430023394,0.0031554591332621012
1635776736056,2021-11-01T10:25:36.056,0.87,0.00408204072359331,-0.002036680795598051,0.005765064261137294
1635776736066,2021-11-01T10:25:36.066,0.88,0.0026901976680663883,-0.0038320088857663045,0.007889818167631757
1635776736076,2021-11-01T10:25:36.076,0.89,0.003083545993537355,-0.006218791697322749,0.007345723615800991
1635776736086,2021-11-01T10:25:36.086,0.9,0.0041680662804205616,-0.00830076549858014,0.00504150886327809
1635776736096,2021-11-01T10:25:36.096,0.91,0.004345401706250502,-0.009319627676685531,0.0033403389450932584
1635776736106,2021-11-01T10:25:36.106,0.92,0.003928388747465175,-0.008205074388505611,0.0034522789173653057
1635776736116,2021-11-01T10:25:36.116,0.93,0.0042752937026271755,-0.004723921233330285,0.0046705503161197925
1635776736126,2021-11-01T10:25:36.126,0.94,0.005505048240835383,-0.0011772040115042106,0.005342210610157292
1635776736136,2021-11-01T10:25:36.136,0.95,0.006093593069889025,-0.0005270250580400314,0.004945319601585955
1635776736146,2021-11-01T10:25:36.146,0.96,0.004913782764248644,-0.0022957880461822846,0.00473427099729478
1635776736156,2021-11-01T10:25:36.156,0.97,0.003364649281328378,-0.002971356380063652,0.005313806860791012
1635776736166,2021-11-01T10:25:36.166,0.98,0.004012912950575487,-0.0012163916718511908,0.005476867137727329
1635776736176,2021-11-01T10:25:36.176,0.99,0.006433980521358183,0.00019132568770471707,0.004753644626807515
1635776736186,2021-11-01T10:25:36.186,1.0,0.007014173887155183,-0.0012643315863893312,0.004207100133660745
1635776736196,2021-11-01T10:25:36.196,1.01,0.004522479815751091,-0.003946956832695458,0.00398149578540362
1635776736206,2021-11-01T10:25:36.206,1.02,0.002409806158731852,-0.004087854197211023,0.0033385402899897554
1635776736216,2021-11-01T10:25:36.216,1.03,0.003214404393583353,-0.0009369815730858774,0.0027150369286083756
1635776736226,2021-11-01T10:25:36.226,1.04,0.0045244730168119175,0.0016905820842044955,0.0029196370586954583
1635776736236,2021-11-01T10:25:36.236,1.05,0.003426636879184246,0.0005135138907127356,0.003673810499245489
1635776736246,2021-11-01T10:25:36.246,1.06,0.001501202742475993,-0.002337810369452617,0.004460305293851986
1635776736256,2021-11-01T10:25:36.256,1.07,0.002035169958021817,-0.00302821391004531,0.00493262951812003
1635776736266,2021-11-01T10:25:36.266,1.08,0.004591435285094316,-0.0021573191043551473,0.00457785013765492
1635776736276,2021-11-01T10:25:36.276,1.09,0.005727360041850645,-0.002552291497582011,0.0037204981834303786
1635776736286,2021-11-01T10:25:36.286,1.1,0.0041369955377645005,-0.00399368823246425,0.0035267738349810686
1635776736296,2021-11-01T10:25:36.296,1.11,0.002157611966259326,-0.004653406685260125,0.00402665608037287
1635776736306,2021-11-01T10:25:36.306,1.12,0.002113290584547542,-0.004534843421148803,0.004146613336653727
1635776736316,2021-11-01T10:25:36.316,1.13,0.0034196363855468906,-0.004023994825018413,0.0038107095861369816
1635776736326,2021-11-01T10:25:36.326,1.14,0.004074426897270337,-0.0022247554557013995,0.0038235232845433764
1635776736336,2021-11-01T10:25:36.336,1.15,0.00343574456611943,0.000532033304182415,0.003972672527237925
1635776736346,2021-11-01T10:25:36.346,1.16,0.002380841454827351,0.0013514192682171783,0.003236800906938041
1635776736356,2021-11-01T10:25:36.356,1.17,0.0017871699371539312,-0.001339949251773601,0.0017144675760996852
1635776736366,2021-11-01T10:25:36.366,1.18,0.0019759493455296425,-0.004832048913107697,0.0005761171234328467
1635776736376,2021-11-01T10:25:36.376,1.19,0.0028355566074685008,-0.005929226905193173,2.5314639355060717e-05
1635776736386,2021-11-01T10:25:36.386,1.2,0.0036993733267676188,-0.00544989729305429,-0.0006698609831067224
1635776736396,2021-11-01T10:25:36.396,1.21,0.003826280574337889,-0.005584994487073224,-0.0010855141011260779
1635776736406,2021-11-01T10:25:36.406,1.22,0.0033324155899545514,-0.00545480404051094,-0.0003653590831277572
1635776736416,2021-11-01T10:25:36.416,1.23,0.0028529819164547004,-0.0035209448356476386,0.0003248956256786167
1635776736426,2021-11-01T10:25:36.426,1.24,0.0024250359046462163,-0.0016088865884090764,-0.0005071766937390518
1635776736436,2021-11-01T10:25:36.436,1.25,0.0018861997618431939,-0.00182954225283819,-0.001692645434731012
1635776736446,2021-11-01T10:25:36.446,1.26,0.0019103860575555589,-0.002440899947688953,-0.0015600542071538951
1635776736456,2021-11-01T10:25:36.456,1.27,0.0029398788861891784,-0.0013702408638668426,-0.0008123706479980779
1635776736466,2021-11-01T10:25:36.466,1.28,0.003922958337197387,-0.0004212623091936411,-0.000524453458232693
1635776736476,2021-11-01T10:25:36.476,1.29,0.0042945367048746585,-0.001746554301519175,-0.0006222987963277868
1635776736486,2021-11-01T10:25:36.486,1.3,0.005672179805629918,-0.004046599531227022,-0.0015800510232302852
1635776736496,2021-11-01T10:25:36.496,1.31,0.008826836948119355,-0.005568606734509496,-0.003326349662807348
1635776736506,2021-11-01T10:25:36.506,1.32,0.011177459208693546,-0.006387688180655568,-0.0031533285820270493
1635776736516,2021-11-01T10:25:36.516,1.33,0.010469040719082666,-0.005822470917233622,0.0002748655544311184
1635776736526,2021-11-01T10:25:36.526,1.34,0.0085126058228813,-0.0029710536050076546,0.003252711064999157
1635776736536,2021-11-01T10:25:36.536,1.35,0.008359060828967303,-0.000403994049869014,0.0025119640593378035
1635776736546,2021-11-01T10:25:36.546,1.36,0.010230053756184857,-0.0011959727670515729,0.0006075111079075933
1635776736556,2021-11-01T10:25:36.556,1.37,0.012526160493807469,-0.0029895449320620337,0.0009683437521168473
1635776736566,2021-11-01T10:25:36.566,1.38,0.014418378740413983,-0.0015196135898357674,0.0020980269224034715
1635776736576,2021-11-01T10:25:36.576,1.39,0.01549340752581566,0.0018166993822058006,0.001286579813862113
1635776736586,2021-11-01T10:25:36.586,1.4,0.014817376922748399,0.002149720423394246,-0.000361185329721142
1635776736596,2021-11-01T10:25:36.596,1.41,0.012249100607375815,-0.0011244911112833467,-0.0008203035686596496
1635776736606,2021-11-01T10:25:36.606,1.42,0.009447008998171611,-0.003519162930650572,-0.0011064449625161508
1635776736616,2021-11-01T10:25:36.616,1.43,0.008025447580322538,-0.0017597700823122667,-0.0024635850212844207
1635776736626,2021-11-01T10:25:36.626,1.44,0.007906779969334853,0.0015567363659287916,-0.0029446324382563214
1635776736636,2021-11-01T10:25:36.636,1.45,0.008441343625927222,0.0017850329361344401,-0.0005154707237565854
1635776736646,2021-11-01T10:25:36.646,1.46,0.009187319298254464,-0.0003449826711847833,0.002963802674312849
1635776736656,2021-11-01T10:25:36.656,1.47,0.009194737894891846,-0.0006699723025188732,0.00412702277413275
1635776736666,2021-11-01T10:25:36.666,1.48,0.007764064866437994,0.00040312105706524293,0.002594310493944582
1635776736676,2021-11-01T10:25:36.676,1.49,0.005407502894414092,-0.00010571709412766643,0.0005363007786988365
1635776736686,2021-11-01T10:25:36.686,1.5,0.002651950151122362,-0.0006634974384180242,-0.000706650812136783
1635776736696,2021-11-01T10:25:36.696,1.51,-0.0002730136185850952,0.001034612635570537,-0.0014922676217495217
1635776736706,2021-11-01T10:25:36.706,1.52,-0.0022073117097299315,0.0017142981515200807,-0.002123553531867611
1635776736716,2021-11-01T10:25:36.716,1.53,-0.002187316306567044,-0.0019833266526671956,-0.0018104329193843031
1635776736726,2021-11-01T10:25:36.726,1.54,-0.001551988831055662,-0.006518637271768909,0.00010277707122022256
1635776736736,2021-11-01T10:25:36.736,1.55,-0.0022479032272143583,-0.006400502357227882,0.002622717669180095
1635776736746,2021-11-01T10:25:36.746,1.56,-0.0035458081742739487,-0.002049580398894703,0.003950188831577902
1635776736756,2021-11-01T10:25:36.756,1.57,-0.003338677832894021,0.0018526840371683123,0.0034392727148908142
1635776736766,2021-11-01T10:25:36.766,1.58,-0.002329933783953708,0.00296236195485064,0.0017132221590199477
1635776736776,2021-11-01T10:25:36.776,1.59,-0.0034698957211757348,0.0027281832732938384,-0.0003718579881593489
1635776736786,2021-11-01T10:25:36.786,1.6,-0.0072820970709135385,0.002894578791400619,-0.0018794878300893627
1635776736796,2021-11-01T10:25:36.796,1.61,-0.011111514753505629,0.0037089211811483615,-0.002042724394908883
1635776736806,2021-11-01T10:25:36.806,1.62,-0.012642313004071627,0.005144459737075542,-0.0014891381758498365
1635776736816,2021-11-01T10:25:36.816,1.63,-0.011745416605701605,0.006956435432678406,-0.002041778812263189
1635776736826,2021-11-01T10:25:36.826,1.64,-0.010152813242867473,0.00733781997271125,-0.004334522585003971
1635776736836,2021-11-01T10:25:36.836,1.65,-0.010330748765202893,0.004446206223095272,-0.006833395637649741
1635776736846,2021-11-01T10:25:36.846,1.66,-0.012532133779083451,0.00025420460926468954,-0.007705019766974571
1635776736856,2021-11-01T10:25:36.856,1.67,-0.013630065172296871,0.00011056496022405181,-0.00661811048987965
1635776736866,2021-11-01T10:25:36.866,1.68,-0.011626133462454027,0.00578212773965906,-0.004900850003552865
1635776736876,2021-11-01T10:25:36.876,1.69,-0.009207870614273302,0.011081618751304406,-0.004429364642757276
1635776736886,2021-11-01T10:25:36.886,1.7,-0.009449472430743941,0.009581637584240191,-0.005475370107807355
1635776736896,2021-11-01T10:25:36.896,1.71,-0.01055971160762625,0.004948828709207755,-0.005825921955154121
1635776736906,2021-11-01T10:25:36.906,1.72,-0.009038508770140183,0.005548779661416672,-0.003601412227398639
1635776736916,2021-11-01T10:25:36.916,1.73,-0.006002221089946094,0.01040529795010309,-0.000245864462913128
1635776736926,2021-11-01T10:25:36.926,1.74,-0.005464072848957929,0.010759038956619742,0.0014870267279883855
1635776736936,2021-11-01T10:25:36.936,1.75,-0.007430099272441538,0.004676401198845114,0.0013235572961776024
1635776736946,2021-11-01T10:25:36.946,1.76,-0.007958583218252265,3.1443769285326335e-05,0.0007303254842635704
1635776736956,2021-11-01T10:25:36.956,1.77,-0.005704410676679437,0.0023228489532409816,0.00036584812104367134
1635776736966,2021-11-01T10:25:36.966,1.78,-0.003539991958668608,0.007425142637444322,0.000566153522755021
1635776736976,2021-11-01T10:25:36.976,1.79,-0.003741244439601477,0.008897147047591036,0.001771221847408776
1635776736986,2021-11-01T10:25:36.986,1.8,-0.005432603619592944,0.0069671084422867,0.0031336676433578762
1635776736996,2021-11-01T10:25:36.996,1.81,-0.006762904780054095,0.006200292023477115,0.003345038759361912
1635776737006,2021-11-01T10:25:37.006,1.82,-0.007035931687523095,0.007777660896497943,0.00279851318027981
1635776737016,2021-11-01T10:25:37.016,1.83,-0.006929039761923916,0.008727677552180608,0.002666787028078211
1635776737026,2021-11-01T10:25:37.026,1.84,-0.0077417876498528555,0.007148264718385953,0.0028818719626035097
1635776737036,2021-11-01T10:25:37.036,1.85,-0.009710899704735841,0.0045310800659020475,0.002721361400010994
1635776737046,2021-11-01T10:25:37.046,1.86,-0.011328941282520799,0.003204288542127164,0.0019566207000385623
1635776737056,2021-11-01T10:25:37.056,1.87,-0.011611077900186045,0.0035256558636147677,0.000422363313282321
1635776737066,2021-11-01T10:25:37.066,1.88,-0.01166758158366158,0.004159524240615567,-0.0018826862929564425
1635776737076,2021-11-01T10:25:37.076,1.89,-0.01238986999225775,0.00431292802982967,-0.003789722813741635
1635776737086,2021-11-01T10:25:37.086,1.9,-0.012520824780769383,0.004492626568785695,-0.003748759022257408
1635776737096,2021-11-01T10:25:37.096,1.91,-0.010734981982353113,0.005065827472032859,-0.001862253006309108
1635776737106,2021-11-01T10:25:37.106,1.92,-0.007922633254638947,0.005555379671045894,2.853419631858187e-05
1635776737116,2021-11-01T10:25:37.116,1.93,-0.00613753714015244,0.005680532262802003,0.0003258155912349487
1635776737126,2021-11-01T10:25:37.126,1.94,-0.006370945417099989,0.005901137713614296,-0.0006505358107969378
1635776737136,2021-11-01T10:25:37.136,1.95,-0.007926506007706917,0.006721440961448578,-0.0010523672054229421
1635776737146,2021-11-01T10:25:37.146,1.96,-0.00931901710312166,0.00781498121069989,0.0001530884487430312
1635776737156,2021-11-01T10:25:37.156,1.97,-0.009505987334439279,0.007729009120644366,0.001761961802379343
1635776737166,2021-11-01T10:25:37.166,1.98,-0.008515522163743496,0.005270573748825875,0.001970278266403768
1635776737176,2021-11-01T10:25:37.176,1.99,-0.007103329551165475,0.001815632490531726,0.00045546200594832816
1635776737186,2021-11-01T10:25:37.186,2.0,-0.005802272925898962,0.0007226077345795366,-0.0016807964340114353
1635776737196,2021-11-01T10:25:37.196,2.01,-0.004372007592074073,0.003321251122783881,-0.002786738899782081
1635776737206,2021-11-01T10:25:37.206,2.02,-0.002520308085753864,0.006765517180874692,-0.00166956390191291
1635776737216,2021-11-01T10:25:37.216,2.03,-0.00096426420317605,0.007180197416546947,0.0008612573764543406
1635776737226,2021-11-01T10:25:37.226,2.04,-0.0007848337607918124,0.004396156062290662,0.0022667204495793202
1635776737236,2021-11-01T10:25:37.236,2.05,-0.0016110863629122682,0.0022645812146746347,0.0013241887302423982
1635776737246,2021-11-01T10:25:37.246,2.06,-0.0016844413866941989,0.0039035561244261147,-0.000414434198354988
1635776737256,2021-11-01T10:25:37.256,2.07,-0.00016929533181314258,0.007637330805429578,-0.0009797558379282686
1635776737266,2021-11-01T10:25:37.266,2.08,0.0017110540597739352,0.008831805187808753,-9.566207572592251e-05
1635776737276,2021-11-01T10:25:37.276,2.09,0.002432162640941095,0.0055027249241082245,0.001192081087274163
1635776737286,2021-11-01T10:25:37.286,2.1,0.002119778897728848,0.0007226879980770616,0.0014175750303700306
1635776737296,2021-11-01T10:25:37.296,2.11,0.0017966445912380282,-0.0011030168275758074,4.730735078221194e-05
1635776737306,2021-11-01T10:25:37.306,2.12,0.0014129064726994267,0.0007443520287359407,-0.0011166297102619678
1635776737316,2021-11-01T10:25:37.316,2.13,0.00027466932052007105,0.003385949490901436,0.00014658839955639672
1635776737326,2021-11-01T10:25:37.326,2.14,-0.0010311513931667278,0.0047534442185664955,0.002707390378138676
1635776737336,2021-11-01T10:25:37.336,2.15,-0.0013188675438538851,0.005320678146409976,0.0030398156007910232
1635776737346,2021-11-01T10:25:37.346,2.16,-0.000830282024060946,0.005291844212046521,0.00039365059838639827
1635776737356,2021-11-01T10:25:37.356,2.17,-0.0003045090016624117,0.003556110028675458,-0.0019786160534654203
1635776737366,2021-11-01T10:25:37.366,2.18,0.0007148550765557855,0.0004832700086138468,-0.001494506758975618
1635776737376,2021-11-01T10:25:37.376,2.19,0.002331075890592703,-0.001788618533356151,0.00044315766082799347
1635776737386,2021-11-01T10:25:37.386,2.2,0.002807239768539873,-0.0027115090408211954,0.0008650395965084745
1635776737396,2021-11-01T10:25:37.396,2.21,0.0009845404583624122,-0.003280261492853341,-0.0006188197093702278
1635776737406,2021-11-01T10:25:37.406,2.22,-0.0012680592301624741,-0.002873705480328094,-0.001505667056543782
1635776737416,2021-11-01T10:25:37.416,2.23,-0.0012229602609715312,-0.0006692081949738497,-0.00022373785180630724
1635776737426,2021-11-01T10:25:37.426,2.24,0.0008355018157837864,0.0010198106554859339,0.0014435313584233976
1635776737436,2021-11-01T10:25:37.436,2.25,0.0019988790028625,4.605226573956006e-05,0.0013095174258918765
1635776737446,2021-11-01T10:25:37.446,2.26,0.001078610933532839,-0.0010108180111070679,0.00017587174949542836
1635776737456,2021-11-01T10:25:37.456,2.27,0.0004229292898789932,0.001108178436983469,6.536246311818219e-05
1635776737466,2021-11-01T10:25:37.466,2.28,0.00212132783844325,0.004671806113502856,0.0012637311633811315
1635776737476,2021-11-01T10:25:37.476,2.29,0.004301121417292338,0.006201500740376811,0.00257681438569339
1635776737486,2021-11-01T10:25:37.486,2.3,0.0037486004163574255,0.005750588302797164,0.0023208928127866043
1635776737496,2021-11-01T10:25:37.496,2.31,0.0007321825870965602,0.004892771123171786,-0.0005083694882395653
1635776737506,2021-11-01T10:25:37.506,2.32,-0.001964246486296733,0.0034048140839230425,-0.0039323732775896035
1635776737516,2021-11-01T10:25:37.516,2.33,-0.003109859240743744,0.001119013459122668,-0.004189981691990808
1635776737526,2021-11-01T10:25:37.526,2.34,-0.0030103942771905028,-0.000551427389354296,-0.0011248642321979585
1635776737536,2021-11-01T10:25:37.536,2.35,-0.001830615447635958,-0.0009286886749822388,0.0011676447138167917
1635776737546,2021-11-01T10:25:37.546,2.36,-0.00048671259819204954,-0.0007174950919995147,0.0006659179805416277
1635776737556,2021-11-01T10:25:37.556,2.37,-0.0006654473075051231,0.00025770922687091854,7.448281545409618e-05
1635776737566,2021-11-01T10:25:37.566,2.38,-0.0025460500508934264,0.0025025341493532752,0.0013378818608682
1635776737576,2021-11-01T10:25:37.576,2.39,-0.004596431645855554,0.004276275537170164,0.0020944407926401236
1635776737586,2021-11-01T10:25:37.586,2.4,-0.005887123435137562,0.0034063167512332322,5.419322186102441e-05
1635776737596,2021-11-01T10:25:37.596,2.41,-0.006859775167586067,0.0010323497554755737,-0.003065480118486644
1635776737606,2021-11-01T10:25:37.606,2.42,-0.00753329978098264,-8.587793743099564e-05,-0.004315092224952232
1635776737616,2021-11-01T10:25:37.616,2.43,-0.006392592148233291,0.00039619593267238167,-0.003096344362477468
1635776737626,2021-11-01T10:25:37.626,2.44,-0.002535141374318181,0.001336433334959712,-0.0006236047361377617
1635776737636,2021-11-01T10:25:37.636,2.45,0.0018210115881882097,0.0028727404564740317,0.0015556546647558542
1635776737646,2021-11-01T10:25:37.646,2.46,0.0033847749498078237,0.0051301872126384,0.0021533624535139905
1635776737656,2021-11-01T10:25:37.656,2.47,0.0020392832580944376,0.006457194417702721,0.0013920325434705308
1635776737666,2021-11-01T10:25:37.666,2.48,0.00036072357311836225,0.0057009244434308454,0.0010469674830407565
1635776737676,2021-11-01T10:25:37.676,2.49,-0.0005957699668524395,0.004164446416730387,0.0017402741236653588
1635776737686,2021-11-01T10:25:37.686,2.5,-0.0018370311449722844,0.003092106444116425,0.001980507024536275
1635776737696,2021-11-01T10:25:37.696,2.51,-0.003134780144957004,0.0014021949852124627,0.0010028273114935009
1635776737706,2021-11-01T10:25:37.706,2.52,-0.0028812523034058663,-0.0019085964981969288,7.61099356207353e-05
1635776737716,2021-11-01T10:25:37.716,2.53,-0.0013359040114219339,-0.005161410804973824,0.0003846643896593516
1635776737726,2021-11-01T10:25:37.726,2.54,-0.00037839207523990477,-0.0057139845111436665,0.0018799955722600668
1635776737736,2021-11-01T10:25:37.736,2.55,-0.000148840428295475,-0.002689589124972241,0.003797880409450549
1635776737746,2021-11-01T10:25:37.746,2.56,0.0005563879493851417,0.0024705133456638688,0.004659337089597957
1635776737756,2021-11-01T10:25:37.756,2.57,0.0013773944304030408,0.006182039835663606,0.0032535659987528226
1635776737766,2021-11-01T10:25:37.766,2.58,0.0011794332803261834,0.004689452238249386,0.0008489042004943641
1635776737776,2021-11-01T10:25:37.776,2.59,0.00038656952923030977,-0.0009453857590443441,0.0004467770262080024
1635776737786,2021-11-01T10:25:37.786,2.6,4.14845212722001e-05,-0.004159957186933036,0.002650714934791993
1635776737796,2021-11-01T10:25:37.796,2.61,0.00014799086962875177,-0.0015147561598102721,0.004389977592928203
1635776737806,2021-11-01T10:25:37.806,2.62,0.00012287180405657792,0.0013395652055227902,0.0034413689697184967
1635776737816,2021-11-01T10:25:37.816,2.63,-0.0006060175931566641,-0.0017513823036421517,0.001851729156499688
1635776737826,2021-11-01T10:25:37.826,2.64,-0.0021251483584560937,-0.006850207824459775,0.0020882370639132685
1635776737836,2021-11-01T10:25:37.836,2.65,-0.0031933234683738966,-0.006048380624967093,0.002461368581001772
1635776737846,2021-11-01T10:25:37.846,2.66,-0.0026225334753788147,-0.0005432338023098437,0.0003459380759926585
1635776737856,2021-11-01T10:25:37.856,2.67,-0.0016449572169001951,0.002164443903395557,-0.002751583089533517
1635776737866,2021-11-01T10:25:37.866,2.68,-0.00218245389146176,0.0011371723683941955,-0.0038832566944485922
1635776737876,2021-11-01T10:25:37.876,2.69,-0.0035994858663417353,0.0016820447906948739,-0.0037050620353758328
1635776737886,2021-11-01T10:25:37.886,2.7,-0.004238142788287803,0.004264253914624651,-0.0043547676577488665
1635776737896,2021-11-01T10:25:37.896,2.71,-0.004320192181108664,0.0035546126244213423,-0.0051587848693647066
1635776737906,2021-11-01T10:25:37.906,2.72,-0.004412603852725192,-0.0017620916084392759,-0.004577914436596623
1635776737916,2021-11-01T10:25:37.916,2.73,-0.003531511569387586,-0.005852991211979476,-0.0035464181646964275
1635776737926,2021-11-01T10:25:37.926,2.74,-0.0012292087629230068,-0.004010293795336918,-0.003435807800638578
1635776737936,2021-11-01T10:25:37.936,2.75,0.0009091588748742004,0.0008895025241969769,-0.003377650604319195
1635776737946,2021-11-01T10:25:37.946,2.76,0.0015383482326979231,0.00300364768751361,-0.002304612551113504
1635776737956,2021-11-01T10:25:37.956,2.77,0.0012480675212907732,0.0009819421444829553,-0.0013396087829609556
1635776737966,2021-11-01T10:25:37.966,2.78,0.0010852471150593086,-0.002764923484616171,-0.001822591337378881
1635776737976,2021-11-01T10:25:37.976,2.79,0.0011741332261930625,-0.006569238541370297,-0.002617088598052541
1635776737986,2021-11-01T10:25:37.986,2.8,0.0014012690685786837,-0.00894248848584464,-0.001555288556757494
1635776737996,2021-11-01T10:25:37.996,2.81,0.0019108137378914488,-0.007359238529239968,0.0012632251215207847
1635776738006,2021-11-01T10:25:38.006,2.82,0.0023159702276997537,-0.002358781542773218,0.0034219442040018225
1635776738016,2021-11-01T10:25:38.016,2.83,0.0019588267705682103,0.0007872602086486533,0.0032288256201436624
1635776738026,2021-11-01T10:25:38.026,2.84,0.0016453518460711075,-0.0011753410144748732,0.0015500286209147673
1635776738036,2021-11-01T10:25:38.036,2.85,0.0031398427428028916,-0.004769153744918398,0.000534782122777525
1635776738046,2021-11-01T10:25:38.046,2.86,0.006083360109528707,-0.005216290092949574,0.0012268860883460644
1635776738056,2021-11-01T10:25:38.056,2.87,0.007971251357168477,-0.0027530830090268686,0.002542294220428435
1635776738066,2021-11-01T10:25:38.066,2.88,0.007882366381362978,-0.0007547244415951552,0.002617366616355428
1635776738076,2021-11-01T10:25:38.076,2.89,0.007226125864420849,-0.000446096877857294,0.0013356640290790765
1635776738086,2021-11-01T10:25:38.086,2.9,0.006742773550570566,-0.00011833123064367739,0.00047666548127489963
1635776738096,2021-11-01T10:25:38.096,2.91,0.006054423902445823,0.0009700759787709095,0.0006970651538566743
1635776738106,2021-11-01T10:25:38.106,2.92,0.0056617347008700875,0.000705509172261976,0.0005332177115819695
1635776738116,2021-11-01T10:25:38.116,2.93,0.00635468703574877,-0.0017945779991522161,-0.0005479554909014751
1635776738126,2021-11-01T10:25:38.126,2.94,0.007451617787672622,-0.0032444421734735955,-0.0009902440792089267
1635776738136,2021-11-01T10:25:38.136,2.95,0.007828607398751334,-0.0013071584368059726,7.873503732010108e-06
1635776738146,2021-11-01T10:25:38.146,2.96,0.00772320829975469,0.0009942072149215892,0.0013654862506891985
1635776738156,2021-11-01T10:25:38.156,2.97,0.00798058460783187,0.0009645596254620957,0.0021840885922108757
1635776738166,2021-11-01T10:25:38.166,2.98,0.008409756712797317,0.001217824778899188,0.0024966556166486934
1635776738176,2021-11-01T10:25:38.176,2.99,0.00828165770967238,0.0030994377865526616,0.0021239570690576525
1635776738186,2021-11-01T10:25:38.186,3.0,0.0079037123275667,0.00214458741225804,0.0006958430373341499
1635776738196,2021-11-01T10:25:38.196,3.01,0.008210839734457149,-0.003215929189017429,-0.0012837348159898466
1635776738206,2021-11-01T10:25:38.206,3.02,0.008996693378672841,-0.006584465105565899,-0.002549885168788337
1635776738216,2021-11-01T10:25:38.216,3.03,0.009080332203230321,-0.0035804355851668406,-0.002310837564553217
1635776738226,2021-11-01T10:25:38.226,3.04,0.008332402553833676,0.0015295716803787535,-0.0009157691284102803
1635776738236,2021-11-01T10:25:38.236,3.05,0.007946427369956018,0.003953873805042427,0.0006057740448063778
1635776738246,2021-11-01T10:25:38.246,3.06,0.008074468599308778,0.004719988758570497,0.0013192846595558878
1635776738256,2021-11-01T10:25:38.256,3.07,0.0070179092166810795,0.005443886526817174,0.0006964214575095722
1635776738266,2021-11-01T10:25:38.266,3.08,0.004046876908838107,0.0043444175560199555,-0.0012012901656705663
1635776738276,2021-11-01T10:25:38.276,3.09,0.0008103067072333625,0.0005025523853102044,-0.0031858500935642636
1635776738286,2021-11-01T10:25:38.286,3.1,-0.0015686251238457723,-0.0030714909978819473,-0.0035526345398447495
1635776738296,2021-11-01T10:25:38.296,3.11,-0.00409176534142988,-0.0029787884733767176,-0.0025464690988881537
1635776738306,2021-11-01T10:25:38.306,3.12,-0.007242520701326619,0.00016855474371836468,-0.002688433234236479
1635776738316,2021-11-01T10:25:38.316,3.13,-0.009524029502251554,0.002074677623544624,-0.004960520734477429
1635776738326,2021-11-01T10:25:38.326,3.14,-0.009736024629388895,-0.0004946502397190316,-0.006884565444835573
1635776738336,2021-11-01T10:25:38.336,3.15,-0.008630068912235764,-0.005565755281594517,-0.006062788000545514
1635776738346,2021-11-01T10:25:38.346,3.16,-0.007691374683934963,-0.008240391181428065,-0.0031994322800082374
1635776738356,2021-11-01T10:25:38.356,3.17,-0.007750869836072611,-0.007324621086014047,-0.0005257875496270845
1635776738366,2021-11-01T10:25:38.366,3.18,-0.008826236273566147,-0.005947127872111418,0.000590810218573512
1635776738376,2021-11-01T10:25:38.376,3.19,-0.009949518486703602,-0.004812762674042534,2.2435604465842612e-05
1635776738386,2021-11-01T10:25:38.386,3.2,-0.009781976108306762,-0.0010277566529553204,-0.0015161126262425578
1635776738396,2021-11-01T10:25:38.396,3.21,-0.008711659140753562,0.004598466924269909,-0.0029085955611210797
1635776738406,2021-11-01T10:25:38.406,3.22,-0.008597034451387034,0.006628828868407157,-0.0032152771995970194
1635776738416,2021-11-01T10:25:38.416,3.23,-0.009309195123293989,0.003660158836214696,-0.002157812560993573
1635776738426,2021-11-01T10:25:38.426,3.24,-0.008539743927895593,0.000569025320840024,-0.0005951230433153304
1635776738436,2021-11-01T10:25:38.436,3.25,-0.006003560180657504,0.0003430093711322225,-0.00014442769995249977
1635776738446,2021-11-01T10:25:38.446,3.26,-0.004207298414733025,0.0006341725380653711,-0.001184499503744965
1635776738456,2021-11-01T10:25:38.456,3.27,-0.004257547577403821,-0.00012185359893161535,-0.0020441261811459375
1635776738466,2021-11-01T10:25:38.466,3.28,-0.004354631296788251,0.0002991300875627485,-0.0015205676833611604
1635776738476,2021-11-01T10:25:38.476,3.29,-0.003191034070729822,0.003164222462874687,-0.0006123123866046079
1635776738486,2021-11-01T10:25:38.486,3.3,-0.0019657235527550956,0.00644196013210979,-0.0003718763054926216
1635776738496,2021-11-01T10:25:38.496,3.31,-0.0019373928373134322,0.008407521083599647,-0.00032260723703734026
1635776738506,2021-11-01T10:25:38.506,3.32,-0.002131572083144106,0.009110902491416365,-0.00022123305563816035
1635776738516,2021-11-01T10:25:38.516,3.33,-0.0011287875812864734,0.007962185661023646,-0.0006964770363847308
1635776738526,2021-11-01T10:25:38.526,3.34,0.00033202922632335737,0.004331499646272035,-0.0011816952119690096
1635776738536,2021-11-01T10:25:38.536,3.35,0.0006130474735566167,0.0005569575975850222,-0.00015172281344579311
1635776738546,2021-11-01T10:25:38.546,3.36,-3.437332775379996e-05,-7.083155106931446e-05,0.0017661878009299476
1635776738556,2021-11-01T10:25:38.556,3.37,-0.00017549932491386127,0.0018004394767111489,0.002030412328522593
1635776738566,2021-11-01T10:25:38.566,3.38,0.00029334163388185935,0.0027534801117790123,0.00027998296124098814
1635776738576,2021-11-01T10:25:38.576,3.39,0.00036390373762269876,0.0019955645039333347,-0.0009533927129329518
1635776738586,2021-11-01T10:25:38.586,3.4,-0.00024349024358957116,0.0014518483259483538,-0.00026407872561962515
1635776738596,2021-11-01T10:25:38.596,3.41,-0.0007868529227322481,0.0012771558560635509,0.0007981128598420958
1635776738606,2021-11-01T10:25:38.606,3.42,-0.0004887386575584853,-0.00023244752422670674,0.0006397469867722395
1635776738616,2021-11-01T10:25:38.616,3.43,0.0004203484845772843,-0.002626680449504705,7.656331553854875e-05
1635776738626,2021-11-01T10:25:38.626,3.44,0.0005977935402759638,-0.0035654695137130855,0.0005648078380271018
1635776738636,2021-11-01T10:25:38.636,3.45,-0.0006426380724909725,-0.002653095369807216,0.001404671358635696
1635776738646,2021-11-01T10:25:38.646,3.46,-0.001899029801791736,-0.0011259707920765942,0.0008651395486198694
1635776738656,2021-11-01T10:25:38.656,3.47,-0.0015863455266244826,0.000871008286425586,-0.0006976036686353092
1635776738666,2021-11-01T10:25:38.666,3.48,-0.00046143658493264005,0.002934578497203456,-0.0015415447718930182
1635776738676,2021-11-01T10:25:38.676,3.49,-0.00015422098215514985,0.002656082006496837,-0.0014437886420313548
1635776738686,2021-11-01T10:25:38.686,3.5,-0.00028872028707771925,-0.0009450107764731057,-0.0011908503573467033
1635776738696,2021-11-01T10:25:38.696,3.51,0.00026781937078501465,-0.004816655153558668,-0.0006774234122385296
1635776738706,2021-11-01T10:25:38.706,3.52,0.0005590318887231199,-0.0059987582349833885,0.00019046314086656484
1635776738716,2021-11-01T10:25:38.716,3.53,-0.0007302443105441764,-0.005183800316535543,0.0005885814669042999
1635776738726,2021-11-01T10:25:38.726,3.54,-0.0018478865490877529,-0.0035921552528976226,0.00039680277875669035
1635776738736,2021-11-01T10:25:38.736,3.55,-0.00020705518930588492,-0.0008928065738329242,0.0007251834650487323
1635776738746,2021-11-01T10:25:38.746,3.56,0.002810292367416272,0.0012336988875485584,0.0016401646051895638
1635776738756,2021-11-01T10:25:38.756,3.57,0.0037491376440060425,-0.0005586629476691625,0.0015850441478864703
1635776738766,2021-11-01T10:25:38.766,3.58,0.003060319873359676,-0.004693057010828051,0.000264234026279527
1635776738776,2021-11-01T10:25:38.776,3.59,0.004099674218824715,-0.005317117400340277,-0.00046505137336142204
1635776738786,2021-11-01T10:25:38.786,3.6,0.006879948136574257,-0.001736115224222012,0.0002928572994926109
1635776738796,2021-11-01T10:25:38.796,3.61,0.00817497303038421,0.00032688345032936146,0.0012482062858175384
1635776738806,2021-11-01T10:25:38.806,3.62,0.007014002831746857,-0.0016858077514484888,0.0012736659908452672
1635776738816,2021-11-01T10:25:38.816,3.63,0.005477192052602832,-0.0038387837665587836,0.0004554170096737099
1635776738826,2021-11-01T10:25:38.826,3.64,0.005113757680790688,-0.003121154127120962,-0.0006276481661200431
1635776738836,2021-11-01T10:25:38.836,3.65,0.005504971244527044,-0.0016323079909284007,-0.0010506181122742829
1635776738846,2021-11-01T10:25:38.846,3.66,0.005419347719743017,-0.0016708070268169838,-0.0003920469645844594
1635776738856,2021-11-01T10:25:38.856,3.67,0.004449459007169104,-0.002041035225291742,0.0001743242559007127
1635776738866,2021-11-01T10:25:38.866,3.68,0.003801914776067779,-0.0017274976122175303,-0.0005043623204194595
1635776738876,2021-11-01T10:25:38.876,3.69,0.0046795830054718515,-0.002220843740617752,-0.0014299076057630508
1635776738886,2021-11-01T10:25:38.886,3.7,0.0060960307463739745,-0.003305206877977926,-0.0009045972740761597
1635776738896,2021-11-01T10:25:38.896,3.71,0.006037149274475708,-0.00209034980362558,0.0008007412702579913
1635776738906,2021-11-01T10:25:38.906,3.72,0.004594701956972264,0.0011413497887262957,0.0019713684192237454
1635776738916,2021-11-01T10:25:38.916,3.73,0.003791612245087073,0.0024285863362467,0.001756951007107831
1635776738926,2021-11-01T10:25:38.926,3.74,0.004057117106933115,0.0009297182158743739,0.0006893792286423014
1635776738936,2021-11-01T10:25:38.936,3.75,0.0034659535092873197,-0.0007149555748784555,-0.0002393130150428771
1635776738946,2021-11-01T10:25:38.946,3.76,0.001491389043501851,-0.0022349913869492105,-0.0002727907412182492
1635776738956,2021-11-01T10:25:38.956,3.77,0.0006301157553137873,-0.004205534796114991,0.00042092838909696634
1635776738966,2021-11-01T10:25:38.966,3.78,0.0025028709111782014,-0.00359552910485692,0.0007477981206453922
1635776738976,2021-11-01T10:25:38.976,3.79,0.004844666729202566,0.000902374591921475,0.0005507584338868149
1635776738986,2021-11-01T10:25:38.986,3.8,0.0045374207639192225,0.004333788558663263,0.001342142511943748
1635776738996,2021-11-01T10:25:38.996,3.81,0.0021184455233034796,0.0038840080055032953,0.0033549337936078123
1635776739006,2021-11-01T10:25:39.006,3.82,0.0007633327548333938,0.0038691097920544922,0.004118463857193919
1635776739016,2021-11-01T10:25:39.016,3.83,0.0009959489578318264,0.006048180959467788,0.002316560649027625
1635776739026,2021-11-01T10:25:39.026,3.84,-0.0001868639634879331,0.005236208905312947,0.00014228913150111325
1635776739036,2021-11-01T10:25:39.036,3.85,-0.0036407628434815516,-0.0003244723661590869,-0.00029395449682048685
1635776739046,2021-11-01T10:25:39.046,3.86,-0.00588169340581692,-0.0048889996857709155,0.00029824789901932076
1635776739056,2021-11-01T10:25:39.056,3.87,-0.0049002394099990805,-0.004876310863351762,0.0005941097566934098
1635776739066,2021-11-01T10:25:39.066,3.88,-0.0033259348209003507,-0.0030893029666380243,0.0006145069672480798
1635776739076,2021-11-01T10:25:39.076,3.89,-0.003230661899918249,-0.0022026438503657975,0.0008463205934802235
1635776739086,2021-11-01T10:25:39.086,3.9,-0.0029571027415957133,-0.00201314258984531,0.0014413714384268715
1635776739096,2021-11-01T10:25:39.096,3.91,-0.0017158722148503665,-0.0023506397040758955,0.0022279017262201097
1635776739106,2021-11-01T10:25:39.106,3.92,-0.001893599748429695,-0.0028745568805350775,0.002669626211880545
1635776739116,2021-11-01T10:25:39.116,3.93,-0.003968090585767859,-0.0021363655024434296,0.0024785061794744697
1635776739126,2021-11-01T10:25:39.126,3.94,-0.004481897558527515,-0.0001610143530823997,0.002168927478753263
1635776739136,2021-11-01T10:25:39.136,3.95,-0.0018090045837033729,0.0008895581157309435,0.00202194125779948
1635776739146,2021-11-01T10:25:39.146,3.96,0.0010318629634266593,-1.4588958661438295e-05,0.0014036660030268995
1635776739156,2021-11-01T10:25:39.156,3.97,0.0014287842540988585,-0.0013275202740931405,0.00043053718961191725
1635776739166,2021-11-01T10:25:39.166,3.98,0.0005540989355791579,-0.0012053651847293112,0.0007092217698860588
1635776739176,2021-11-01T10:25:39.176,3.99,0.00031061169016453514,0.00017095031522332266,0.0025436228606419177
1635776739186,2021-11-01T10:25:39.186,4.0,0.0007626435881157379,0.0011254643368096438,0.0034530949443010864
1635776739196,2021-11-01T10:25:39.196,4.01,0.0014163831110536838,0.0010929867246767967,0.0016973223917331303
1635776739206,2021-11-01T10:25:39.206,4.02,0.001974795266812289,0.0012914404856971349,-0.000997155706786446
1635776739216,2021-11-01T10:25:39.216,4.03,0.0015768690233222346,0.0020853995222259135,-0.002215103430951702
1635776739226,2021-11-01T10:25:39.226,4.04,-0.00026888840026804257,0.002090632502755882,-0.0020063552904115416
1635776739236,2021-11-01T10:25:39.236,4.05,-0.0020532251016339834,0.0011811296126646644,-0.0018002730131444996
1635776739246,2021-11-01T10:25:39.246,4.06,-0.0016945166131440267,0.0009426144137944998,-0.002206940754770961
1635776739256,2021-11-01T10:25:39.256,4.07,0.0002435403117918414,0.0008882721641554285,-0.0028449262969836996
1635776739266,2021-11-01T10:25:39.266,4.08,0.0011332399558683277,-0.0009129736739492775,-0.003005017661067864
1635776739276,2021-11-01T10:25:39.276,4.09,0.0007131641601916949,-0.0026535908385151522,-0.0021973921934699673
1635776739286,2021-11-01T10:25:39.286,4.1,0.0014047380322801148,-0.0007245802239144736,-0.0009043684966639212
1635776739296,2021-11-01T10:25:39.296,4.11,0.00308890477040615,0.003002878553153275,-0.0004334403915232244
1635776739306,2021-11-01T10:25:39.306,4.12,0.0026116327916098896,0.0031351706448890506,-0.0012914270006947788
1635776739316,2021-11-01T10:25:39.316,4.13,-0.00011953637269771205,-0.0007060393435261986,-0.002405915685142904
1635776739326,2021-11-01T10:25:39.326,4.14,-0.0012969583406159623,-0.004145942061819776,-0.002570604380916868
1635776739336,2021-11-01T10:25:39.336,4.15,0.00038592647377343084,-0.005233509745751215,-0.0018840266377636579
1635776739346,2021-11-01T10:25:39.346,4.16,0.001925389189577747,-0.00553207033293099,-0.0013486699005144233
1635776739356,2021-11-01T10:25:39.356,4.17,0.0013051222567301898,-0.005602192649114907,-0.0016535490652403537
1635776739366,2021-11-01T10:25:39.366,4.18,-1.3894578945760825e-05,-0.003995857245475385,-0.002495976991342347
1635776739376,2021-11-01T10:25:39.376,4.19,-0.0003261492451707107,-0.0006251934367944611,-0.0029053162732553253
1635776739386,2021-11-01T10:25:39.386,4.2,0.0002620728762924229,0.0017965207234005394,-0.002451389927193937
1635776739396,2021-11-01T10:25:39.396,4.21,0.0011468484975537476,0.001297681273622728,-0.0018935390726009748
1635776739406,2021-11-01T10:25:39.406,4.22,0.0018324058139495114,-0.00011347366959596765,-0.0021005338817948376
1635776739416,2021-11-01T10:25:39.416,4.23,0.0014928183884065117,-0.0001385988415266163,-0.002863550112133755
1635776739426,2021-11-01T10:25:39.426,4.24,4.59435965550572e-05,-0.001060589517559754,-0.003441222069388786
1635776739436,2021-11-01T10:25:39.436,4.25,-0.0008457450697595396,-0.005121079288522484,-0.003514639090066719
1635776739446,2021-11-01T10:25:39.446,4.26,0.0003366762519730743,-0.007952293587500643,-0.0028748266014328233
1635776739456,2021-11-01T10:25:39.456,4.27,0.002562993112544948,-0.004555969050797011,-0.001277120766024395
1635776739466,2021-11-01T10:25:39.466,4.28,0.003541029450988803,0.0015551798380961115,0.0004279256561349029
1635776739476,2021-11-01T10:25:39.476,4.29,0.0029732812594743946,0.0034618023754886514,0.0004791874402328321
1635776739486,2021-11-01T10:25:39.486,4.3,0.002511505444765854,0.0011882918654826172,-0.0013246010964368198
1635776739496,2021-11-01T10:25:39.496,4.31,0.0028771867298468174,-0.0004347520091575362,-0.002935778920067711
1635776739506,2021-11-01T10:25:39.506,4.32,0.0033253831111056172,-0.00021525804393358048,-0.002771921739956708
1635776739516,2021-11-01T10:25:39.516,4.33,0.003662947028409718,-0.000765303906410325,-0.0015573259199302561
1635776739526,2021-11-01T10:25:39.526,4.34,0.004286850573980224,-0.0031822365571434405,-0.000903827159864872
1635776739536,2021-11-01T10:25:39.536,4.35,0.004461155857478506,-0.005726313404364308,-0.0012996145275988964
1635776739546,2021-11-01T10:25:39.546,4.36,0.0032590625197009256,-0.006287070309578523,-0.0018960558086005032
1635776739556,2021-11-01T10:25:39.556,4.37,0.0019025488907102599,-0.004069229750416873,-0.0018955561052630796
1635776739566,2021-11-01T10:25:39.566,4.38,0.002260015528936476,0.0002462285070257518,-0.001836995756020698
1635776739576,2021-11-01T10:25:39.576,4.39,0.0033177477903549254,0.004417285379709751,-0.0026462252562663743
1635776739586,2021-11-01T10:25:39.586,4.4,0.0022656196961855094,0.00531272824461478,-0.003588942786579558
1635776739596,2021-11-01T10:25:39.596,4.41,-0.0007521302288166507,0.0019391917657543664,-0.0031784579555853504
1635776739606,2021-11-01T10:25:39.606,4.42,-0.0022873103342222327,-0.002356152326050861,-0.0019025384851898027
1635776739616,2021-11-01T10:25:39.616,4.43,-0.000898801694147516,-0.0033249267997357513,-0.0014225264216008494
1635776739626,2021-11-01T10:25:39.626,4.44,0.0006836233925591082,-0.0010457204439915805,-0.00174111717699322
1635776739636,2021-11-01T10:25:39.636,4.45,0.00017312371010847768,0.0010441427241697804,-0.0017819275262964298
1635776739646,2021-11-01T10:25:39.646,4.46,-0.0010558479664320088,0.001198510199431171,-0.0013464060564985173
1635776739656,2021-11-01T10:25:39.656,4.47,-0.0008759457184376546,0.00033278719456847523,-0.00047991505726789445
1635776739666,2021-11-01T10:25:39.666,4.48,0.0005720181299359466,-0.0007486054669865402,0.0008708793966395117
1635776739676,2021-11-01T10:25:39.676,4.49,0.0018046834747834522,-0.002024957682135559,0.0016610775140933822
1635776739686,2021-11-01T10:25:39.686,4.5,0.0020375074129374807,-0.002935450280356305,0.0010628591018833717
1635776739696,2021-11-01T10:25:39.696,4.51,0.001979732155399529,-0.0026409830087812756,0.0005322738083490671
1635776739706,2021-11-01T10:25:39.706,4.52,0.002699420043888044,-0.0016823984920702638,0.0014590454161171411
1635776739716,2021-11-01T10:25:39.716,4.53,0.003393021333301963,-0.002197500285956803,0.002411400846505863
1635776739726,2021-11-01T10:25:39.726,4.54,0.0021399213672672825,-0.005076895121594796,0.0017334504203247903
1635776739736,2021-11-01T10:25:39.736,4.55,-0.00030190301595956935,-0.007193577646985575,0.00039477834815535045
1635776739746,2021-11-01T10:25:39.746,4.56,-0.0008128232427272293,-0.004758082613053594,-0.00039388808059176553
1635776739756,2021-11-01T10:25:39.756,4.57,0.0007556052099954996,0.00030506126713850763,-0.0012804397233547656
1635776739766,2021-11-01T10:25:39.766,4.58,0.0008743087409369386,0.0023170004293186024,-0.0023365749440104194
1635776739776,2021-11-01T10:25:39.776,4.59,-0.0013827161939710855,0.00029452959668493857,-0.0021578222793450915
1635776739786,2021-11-01T10:25:39.786,4.6,-0.00236762138628844,-0.0015381838142969355,-0.0010115334982277874
1635776739796,2021-11-01T10:25:39.796,4.61,-0.0004646176576573814,-0.0013516869448726625,-0.0010863261733056178
1635776739806,2021-11-01T10:25:39.806,4.62,0.0007912893474255863,-0.0016162595047356618,-0.002621140704827558
1635776739816,2021-11-01T10:25:39.816,4.63,-0.0009376255853105275,-0.0034712980019787594,-0.0034755381283588698
1635776739826,2021-11-01T10:25:39.826,4.64,-0.0028276294393698503,-0.00472110312866237,-0.0029469567222318123
1635776739836,2021-11-01T10:25:39.836,4.65,-0.002249516108273345,-0.004068808149188042,-0.0024409977811726364
1635776739846,2021-11-01T10:25:39.846,4.66,-0.0009296322430204193,-0.0026710242089154146,-0.0023452542177434792
1635776739856,2021-11-01T10:25:39.856,4.67,-0.0011626468180229294,-0.0008224798683021772,-0.0017560479798492522
1635776739866,2021-11-01T10:25:39.866,4.68,-0.0024414524530350923,0.0021079440180205846,-0.0010416772543236632
1635776739876,2021-11-01T10:25:39.876,4.69,-0.003720853523082654,0.004166953717040885,-0.0013559837254950502
1635776739886,2021-11-01T10:25:39.886,4.7,-0.004886761943914389,0.00263805521453072,-0.002187187030215482
1635776739896,2021-11-01T10:25:39.896,4.71,-0.004859551281363943,-0.0008270033705148435,-0.002268083110404629
1635776739906,2021-11-01T10:25:39.906,4.72,-0.002318935779146475,-0.0026538873926740714,-0.001996918058710731
1635776739916,2021-11-01T10:25:39.916,4.73,0.0009616459089584915,-0.0039039875044979975,-0.0024831929672067456
1635776739926,2021-11-01T10:25:39.926,4.74,0.0015536118717710838,-0.007517323014482416,-0.0032000343762257468
1635776739936,2021-11-01T10:25:39.936,4.75,-0.00043319372016098267,-0.010408844402563795,-0.0028811534543971068
1635776739946,2021-11-01T10:25:39.946,4.76,-0.0016218570826823221,-0.007029165152932433,-0.0018626925670933044
1635776739956,2021-11-01T10:25:39.956,4.77,-0.000723871335272519,0.00024360886723788543,-0.0012629079707910536
1635776739966,2021-11-01T10:25:39.966,4.78,0.0006239730443560865,0.003964749667080596,-0.000911232615667766
1635776739976,2021-11-01T10:25:39.976,4.79,0.0017291761425864605,0.0033365939692030578,-0.00033728425309089723
1635776739986,2021-11-01T10:25:39.986,4.8,0.0032160214354386768,0.0031023533457863327,-0.0001406010236285449
1635776739996,2021-11-01T10:25:39.996,4.81,0.004474912989325691,0.0032457210067200664,-0.0005599642140863114
1635776740006,2021-11-01T10:25:40.006,4.82,0.004474308711882735,-0.00035333603510346174,-0.0008623315043384337
1635776740016,2021-11-01T10:25:40.016,4.83,0.004067897908032522,-0.006898121073231686,-0.0007431578784256913
1635776740026,2021-11-01T10:25:40.026,4.84,0.004890262269242704,-0.01014773385960573,-0.0001991687620363102
1635776740036,2021-11-01T10:25:40.036,4.85,0.00680931555338413,-0.0065537133503178364,0.0009051279383259762
1635776740046,2021-11-01T10:25:40.046,4.86,0.007919560284359917,0.00017768832045448224,0.0017820759876179884
1635776740056,2021-11-01T10:25:40.056,4.87,0.006920318872378239,0.0031769128806210696,0.0015357167625706814
1635776740066,2021-11-01T10:25:40.066,4.88,0.005001653558744527,-2.4393543221940895e-05,0.0010660188778364513
1635776740076,2021-11-01T10:25:40.076,4.89,0.004532809325535222,-0.005260157686170319,0.0016873426385872145
1635776740086,2021-11-01T10:25:40.086,4.9,0.005838046162020322,-0.007602056528467247,0.003012200722308263
1635776740096,2021-11-01T10:25:40.096,4.91,0.006968571233908757,-0.00698270645837556,0.0038576954741682563
1635776740106,2021-11-01T10:25:40.106,4.92,0.00675799136702752,-0.006074237315659168,0.0036271626480174598
1635776740116,2021-11-01T10:25:40.116,4.93,0.005974298248058804,-0.005587342632413695,0.002388240958064533
1635776740126,2021-11-01T10:25:40.126,4.94,0.005659925748722814,-0.004362811281253152,0.0010605357204005851
1635776740136,2021-11-01T10:25:40.136,4.95,0.006186280543603234,-0.001996523745188156,0.0011472099226654208
1635776740146,2021-11-01T10:25:40.146,4.96,0.007241240453694658,0.0005800726031210332,0.0031158114870243957
1635776740156,2021-11-01T10:25:40.156,4.97,0.007860790135874785,0.0022494490570196695,0.005450145797600973
1635776740166,2021-11-01T10:25:40.166,4.98,0.007646553655801233,0.00284076868171158,0.0062808718258225114
1635776740176,2021-11-01T10:25:40.176,4.99,0.00753533484504341,0.0026906248591371095,0.005629311575363442
1635776740186,2021-11-01T10:25:40.186,5.0,0.008006264356244616,0.0010001233631877341,0.0049566242994858395
1635776740196,2021-11-01T10:25:40.196,5.01,0.008140329611085217,-0.00303084070335396,0.005143445466326644
1635776740206,2021-11-01T10:25:40.206,5.02,0.007602966924967661,-0.007151159671791387,0.006120452747984692
1635776740216,2021-11-01T10:25:40.216,5.03,0.007169068762004363,-0.008130565692533146,0.007187791869939021
1635776740226,2021-11-01T10:25:40.226,5.04,0.0066317007225462875,-0.006860399048188329,0.006879514799084015
1635776740236,2021-11-01T10:25:40.236,5.05,0.004856037085870379,-0.006585692503655343,0.004566391280890454
1635776740246,2021-11-01T10:25:40.246,5.06,0.0020361870468776503,-0.006884357081069225,0.0021045460122562686
1635776740256,2021-11-01T10:25:40.256,5.07,-0.0005018864918597251,-0.004945646828647499,0.0014232255616447526
1635776740266,2021-11-01T10:25:40.266,5.08,-0.0023214164810817384,-0.0019241086659227548,0.0016472623561610681
1635776740276,2021-11-01T10:25:40.276,5.09,-0.0038917782349623016,-0.0020134752596724093,0.0010192304768625166
1635776740286,2021-11-01T10:25:40.286,5.1,-0.005403605322284075,-0.005223976339490773,-0.0002689834151481416
1635776740296,2021-11-01T10:25:40.296,5.11,-0.006533804428564002,-0.006750390927433781,-0.001238375720669199
1635776740306,2021-11-01T10:25:40.306,5.12,-0.00674869199940599,-0.004412872090577249,-0.0020055700213332654
1635776740316,2021-11-01T10:25:40.316,5.13,-0.006232983360842534,-0.0016498860883798,-0.0028525301343567703
1635776740326,2021-11-01T10:25:40.326,5.14,-0.006511292099495055,-0.0013735465433219738,-0.0032973184677794714
1635776740336,2021-11-01T10:25:40.336,5.15,-0.008213810099074863,-0.0015561977217068924,-0.003196564779191007
1635776740346,2021-11-01T10:25:40.346,5.16,-0.0091104645930201,0.0001953408247073514,-0.0028785938517824463
1635776740356,2021-11-01T10:25:40.356,5.17,-0.007205275314449349,0.0019492009600967075,-0.0017750642599544657
1635776740366,2021-11-01T10:25:40.366,5.18,-0.003972057751768924,0.0010211114775715664,0.0006449558181512285
1635776740376,2021-11-01T10:25:40.376,5.19,-0.0018381094094508045,-0.0014583723144003457,0.0028478483195688922
1635776740386,2021-11-01T10:25:40.386,5.2,-0.0009884049256869585,-0.002990637299367434,0.003072483441656652
1635776740396,2021-11-01T10:25:40.396,5.21,-0.00034934937973467187,-0.0033340398494622133,0.0022436994180820282
1635776740406,2021-11-01T10:25:40.406,5.22,0.001005810499199592,-0.0031453845827450807,0.0022188746395926957
1635776740416,2021-11-01T10:25:40.416,5.23,0.0036677981758299043,-0.0022625962575969,0.00289866783011388
1635776740426,2021-11-01T10:25:40.426,5.24,0.0066703283495097515,-0.0009293355640538014,0.003517578973032034
1635776740436,2021-11-01T10:25:40.436,5.25,0.007787680036040197,0.000179868767224107,0.0044912067479308555
1635776740446,2021-11-01T10:25:40.446,5.26,0.006854059341067442,0.0015892526399512701,0.0060175019488985515
1635776740456,2021-11-01T10:25:40.456,5.27,0.006203503703977798,0.003946082179360907,0.0070514535517641015
1635776740466,2021-11-01T10:25:40.466,5.28,0.0068519610947884654,0.006022217351061774,0.006889670713503429
1635776740476,2021-11-01T10:25:40.476,5.29,0.007630877870196244,0.006633762702442704,0.006056947699462537
1635776740486,2021-11-01T10:25:40.486,5.3,0.008326409920747062,0.006953718915641224,0.00546795065936238
1635776740496,2021-11-01T10:25:40.496,5.31,0.010002808219755093,0.008049541112216105,0.006041426660974953
1635776740506,2021-11-01T10:25:40.506,5.32,0.012137784945759914,0.008614342162827193,0.008126577481441615
1635776740516,2021-11-01T10:25:40.516,5.33,0.01260167699562852,0.007685403151613359,0.010107194565773438
1635776740526,2021-11-01T10:25:40.526,5.34,0.01070483468007827,0.006111457222532963,0.00967556928396353
1635776740536,2021-11-01T10:25:40.536,5.35,0.007963691426864483,0.0036308281353319774,0.007623577851858467
1635776740546,2021-11-01T10:25:40.546,5.36,0.00571826111893093,-0.0006525569751656583,0.007215217167515317
1635776740556,2021-11-01T10:25:40.556,5.37,0.003952357959121613,-0.004224063703834772,0.008662362226562125
1635776740566,2021-11-01T10:25:40.566,5.38,0.0022570004303823434,-0.003982921857227234,0.008419891947934252
1635776740576,2021-11-01T10:25:40.576,5.39,-5.873703529478804e-07,-0.002630685493583893,0.005458549395129647
1635776740586,2021-11-01T10:25:40.586,5.4,-0.0033393492073804727,-0.004219276328142348,0.003328049313626575
1635776740596,2021-11-01T10:25:40.596,5.41,-0.006240939116239687,-0.0053377660472141795,0.0039594603204623526
1635776740606,2021-11-01T10:25:40.606,5.42,-0.006378854811981294,-0.0008427990587083713,0.004534472592013027
1635776740616,2021-11-01T10:25:40.616,5.43,-0.005037568840453232,0.004722466755919604,0.0028061887382347054
1635776740626,2021-11-01T10:25:40.626,5.44,-0.00592345745822822,0.0030552234459347706,0.0007060421989118662
1635776740636,2021-11-01T10:25:40.636,5.45,-0.009123416271014095,-0.0037701074546527243,0.0005790561230426523
1635776740646,2021-11-01T10:25:40.646,5.46,-0.011276459042184732,-0.006454671583149191,0.0017792535037406349
1635776740656,2021-11-01T10:25:40.656,5.47,-0.011419112461796072,-0.002863592486543573,0.002387486085485652
1635776740666,2021-11-01T10:25:40.666,5.48,-0.011837518397378958,0.000871776181031347,0.001653060318978678
1635776740676,2021-11-01T10:25:40.676,5.49,-0.01348107042881546,0.0015649052391456583,0.00014188000569470533
1635776740686,2021-11-01T10:25:40.686,5.5,-0.014656491596017987,0.0023111641934319,-0.0011707723830780266
1635776740696,2021-11-01T10:25:40.696,5.51,-0.014508007989417565,0.004853357233576946,-0.0017042924697343105
1635776740706,2021-11-01T10:25:40.706,5.52,-0.014320318177647156,0.006152741420825951,-0.001562849620684968
1635776740716,2021-11-01T10:25:40.716,5.53,-0.014489505511122467,0.00411881856032426,-0.0012262506661497824
1635776740726,2021-11-01T10:25:40.726,5.54,-0.013423989440946438,0.0010414886356008791,-0.0008828905838961941
1635776740736,2021-11-01T10:25:40.736,5.55,-0.010819611414423376,-0.00045176062704748853,-0.00016741753762615006
1635776740746,2021-11-01T10:25:40.746,5.56,-0.008938858311141114,-0.0003032494129930198,0.0009290792271264959
1635776740756,2021-11-01T10:25:40.756,5.57,-0.009086098552268579,0.0011420921849624416,0.0014395979071773412
1635776740766,2021-11-01T10:25:40.766,5.58,-0.009545511361150921,0.003967478020904765,0.0007429303155314256
1635776740776,2021-11-01T10:25:40.776,5.59,-0.008352744457641623,0.0066997432642273815,-0.00030634284819867485
1635776740786,2021-11-01T10:25:40.786,5.6,-0.005957647424679202,0.007394617365274484,-0.0005597570089775023
1635776740796,2021-11-01T10:25:40.796,5.61,-0.004178010798982114,0.00696839720848787,-6.342832056519863e-06
1635776740806,2021-11-01T10:25:40.806,5.62,-0.003768775611807243,0.0076324586146757556,0.0006194940496827274
1635776740816,2021-11-01T10:25:40.816,5.63,-0.003619602881288821,0.008384258045473148,0.0008997860722037533
1635776740826,2021-11-01T10:25:40.826,5.64,-0.0023844276842168092,0.006518190155942866,0.000889402286710085
1635776740836,2021-11-01T10:25:40.836,5.65,-0.0006061250927856241,0.0030598545198349796,0.0005614257163314549
1635776740846,2021-11-01T10:25:40.846,5.66,0.0002501355761179173,0.0018278416091194734,-0.0002487905108980764
1635776740856,2021-11-01T10:25:40.856,5.67,0.0005937540349526542,0.003601819034801527,-0.0011924813500949626
1635776740866,2021-11-01T10:25:40.866,5.68,0.001812003869862746,0.00588089993916996,-0.001586402046745383
1635776740876,2021-11-01T10:25:40.876,5.69,0.0031701616325515826,0.0076988361509652695,-0.0016205993539325993
1635776740886,2021-11-01T10:25:40.886,5.7,0.002950492500148557,0.009826161218227996,-0.0022035182158942636
1635776740896,2021-11-01T10:25:40.896,5.71,0.001656422526332634,0.010528274767182199,-0.0032567131476113954
1635776740906,2021-11-01T10:25:40.906,5.72,0.0009530743823321036,0.006578784732335007,-0.0036165764585607474
1635776740916,2021-11-01T10:25:40.916,5.73,0.0007539024113981205,-0.00017105742079896128,-0.0029157821054121976
1635776740926,2021-11-01T10:25:40.926,5.74,-0.0002024854644711648,-0.002612052784337293,-0.0021113815019967123
1635776740936,2021-11-01T10:25:40.936,5.75,-0.0020706444731752377,0.002119358679210081,-0.0020081263928054885
1635776740946,2021-11-01T10:25:40.946,5.76,-0.0038817113654848728,0.007740258845778601,-0.0025088907527567993
1635776740956,2021-11-01T10:25:40.956,5.77,-0.005111941759500742,0.007519647053455357,-0.0033008703809375315
1635776740966,2021-11-01T10:25:40.966,5.78,-0.005998515401931595,0.0033049406604543797,-0.004283565645104583
1635776740976,2021-11-01T10:25:40.976,5.79,-0.006468273136511261,0.0010156685710210602,-0.005247452039520888
1635776740986,2021-11-01T10:25:40.986,5.8,-0.006047432467380642,0.001398353952373405,-0.005672519033532941
1635776740996,2021-11-01T10:25:40.996,5.81,-0.00503310485788706,0.000846383107099211,-0.0051570381594175565
1635776741006,2021-11-01T10:25:41.006,5.82,-0.004455999020183787,-0.0015485536800803272,-0.004059773712379857
1635776741016,2021-11-01T10:25:41.016,5.83,-0.004628986292673018,-0.003062828779886757,-0.003250625321813748
1635776741026,2021-11-01T10:25:41.026,5.84,-0.004685353328441167,-0.0019641876762991474,-0.0029970697820989782
1635776741036,2021-11-01T10:25:41.036,5.85,-0.003639588089743106,0.0009338812541267573,-0.00274342727124245
1635776741046,2021-11-01T10:25:41.046,5.86,-0.00163923321911483,0.004460763456506556,-0.0020486701599277705
1635776741056,2021-11-01T10:25:41.056,5.87,-0.0001320804095229047,0.007806714512957551,-0.0010378114593674222
1635776741066,2021-11-01T10:25:41.066,5.88,-0.0002711801383490673,0.0096780975973666,-0.00031189113901245277
1635776741076,2021-11-01T10:25:41.076,5.89,-0.001447031826137143,0.009537768027166826,-0.0008137037740288686
1635776741086,2021-11-01T10:25:41.086,5.9,-0.0022837967616046676,0.009456506369467899,-0.0027389826290859258
1635776741096,2021-11-01T10:25:41.096,5.91,-0.0022837945597093384,0.011211229257667894,-0.0046287370617813855
1635776741106,2021-11-01T10:25:41.106,5.92,-0.0019927128553951187,0.011420282941967373,-0.00501196702863648
1635776741116,2021-11-01T10:25:41.116,5.93,-0.0024581670754538145,0.005417094663083201,-0.004301137283667201
1635776741126,2021-11-01T10:25:41.126,5.94,-0.0037767984248536553,-0.0031736297097388834,-0.0035958592172486373
1635776741136,2021-11-01T10:25:41.136,5.95,-0.004071329495599617,-0.00522166512520502,-0.002954232056575276
1635776741146,2021-11-01T10:25:41.146,5.96,-0.0023081705696188443,0.0003092857848294487,-0.0019765948721266018
1635776741156,2021-11-01T10:25:41.156,5.97,-0.0007625876882380008,0.00521697360762148,-0.0005736037002698191
1635776741166,2021-11-01T10:25:41.166,5.98,-0.0012067829267632898,0.004871627187420282,0.0010437440302143513
1635776741176,2021-11-01T10:25:41.176,5.99,-0.0015071259226947954,0.002708000344978769,0.002029768346013682
1635776741186,2021-11-01T10:25:41.186,6.0,0.0003584881458049952,0.002209123991599511,0.0016332375371685868
1635776741196,2021-11-01T10:25:41.196,6.01,0.0024010028380789146,0.0023799479938730827,0.000817347227350853
1635776741206,2021-11-01T10:25:41.206,6.02,0.0017119173251399496,0.001638843973721231,0.0012945060460366814
1635776741216,2021-11-01T10:25:41.216,6.03,-0.0015389450958536574,0.0009474569862044168,0.002848303357371095
1635776741226,2021-11-01T10:25:41.226,6.04,-0.004872597235632924,0.001876725028400702,0.0036247902504990045
1635776741236,2021-11-01T10:25:41.236,6.05,-0.006276255286907886,0.004183412584805415,0.0028484780063984657
1635776741246,2021-11-01T10:25:41.246,6.06,-0.005912930062849022,0.006200284264242735,0.0013058355336283928
1635776741256,2021-11-01T10:25:41.256,6.07,-0.005967907882901982,0.006349529285001173,-0.0002654811291628765
1635776741266,2021-11-01T10:25:41.266,6.08,-0.007989694312502859,0.00415070365479237,-0.0013073555574167831
1635776741276,2021-11-01T10:25:41.276,6.09,-0.010450723173683289,0.0008780077310021555,-0.001094604760479009
1635776741286,2021-11-01T10:25:41.286,6.1,-0.010584775791431128,-0.0012142982702558803,-0.00011010384260928116
1635776741296,2021-11-01T10:25:41.296,6.11,-0.00822095187511969,-0.001508170674420134,0.00013425138024382636
1635776741306,2021-11-01T10:25:41.306,6.12,-0.005832154288705425,-0.0013802503315324917,-7.730180739291663e-05
1635776741316,2021-11-01T10:25:41.316,6.13,-0.004957441925638661,-0.0009079715306036808,0.0009457035000577431
1635776741326,2021-11-01T10:25:41.326,6.14,-0.004469093335925786,0.0012759014553496994,0.0026312351597841
1635776741336,2021-11-01T10:25:41.336,6.15,-0.0028224317481900553,0.003976476072291091,0.002935240428404829
1635776741346,2021-11-01T10:25:41.346,6.16,-0.0003954273764910052,0.00463693739383713,0.0024394995027430645
1635776741356,2021-11-01T10:25:41.356,6.17,0.00148299770187921,0.004554986372284756,0.003151820023692124
1635776741366,2021-11-01T10:25:41.366,6.18,0.0024312804002599203,0.006406320860044104,0.004347963107251651
1635776741376,2021-11-01T10:25:41.376,6.19,0.002455355667542774,0.008047571683338878,0.004070966319050049
1635776741386,2021-11-01T10:25:41.386,6.2,0.0010943799157083285,0.006129912001517951,0.0031067162705694373
1635776741396,2021-11-01T10:25:41.396,6.21,-0.0010043677819316283,0.003362631238107123,0.003245797387445904
1635776741406,2021-11-01T10:25:41.406,6.22,-0.001771573709087723,0.004437172970941249,0.003461466953136561
1635776741416,2021-11-01T10:25:41.416,6.23,-0.001080495108485802,0.0073880673339112735,0.0019293572042153122
1635776741426,2021-11-01T10:25:41.426,6.24,-0.0015502377160133826,0.006409540807443137,8.231034000880273e-05
1635776741436,2021-11-01T10:25:41.436,6.25,-0.0038754716927283557,0.001100585868727183,0.0004480686580687528
1635776741446,2021-11-01T10:25:41.446,6.26,-0.005287066751243453,-0.003287308133269514,0.001997682874918423
1635776741456,2021-11-01T10:25:41.456,6.27,-0.004835027069283035,-0.0031603790376307835,0.001979953544983415
1635776741466,2021-11-01T10:25:41.466,6.28,-0.0051965398388810514,0.00033158843565093694,0.0008686739531529302
1635776741476,2021-11-01T10:25:41.476,6.29,-0.0070396273639407505,0.003956980100590221,0.0010464538289233468
1635776741486,2021-11-01T10:25:41.486,6.3,-0.00747547044712239,0.005175030878089454,0.002179980949651588
1635776741496,2021-11-01T10:25:41.496,6.31,-0.005974054606983298,0.0036005392165784625,0.0021870322882641758
1635776741506,2021-11-01T10:25:41.506,6.32,-0.005434656334337106,0.0011231717300610995,0.0011118790063222785
1635776741516,2021-11-01T10:25:41.516,6.33,-0.00634020928722613,-0.00048355511873108767,0.0004792648130081719
1635776741526,2021-11-01T10:25:41.526,6.34,-0.006035058151879045,-0.0013350839696339668,0.0006435449658327104
1635776741536,2021-11-01T10:25:41.536,6.35,-0.003842276972657951,-0.0012351761950945609,0.0012050068073138304
1635776741546,2021-11-01T10:25:41.546,6.36,-0.001879420361073402,0.0015622342357748406,0.0020010607858552036
1635776741556,2021-11-01T10:25:41.556,6.37,-0.0014662310832562705,0.006432671905224662,0.0024106447844593026
1635776741566,2021-11-01T10:25:41.566,6.38,-0.0019148980352772806,0.008696446822596089,0.0017745444080002342
1635776741576,2021-11-01T10:25:41.576,6.39,-0.0021640616888446615,0.005827955372472195,0.0008512293384628014
1635776741586,2021-11-01T10:25:41.586,6.4,-0.0022014124631990393,0.0019756448238965225,0.0010132171383533555
1635776741596,2021-11-01T10:25:41.596,6.41,-0.002832728371260137,0.001800494934350745,0.00216439922477776
1635776741606,2021-11-01T10:25:41.606,6.42,-0.003912275309791016,0.002948848099784439,0.002716946991277922
1635776741616,2021-11-01T10:25:41.616,6.43,-0.0038962416846504803,-6.453869859481334e-06,0.0015579982329321405
1635776741626,2021-11-01T10:25:41.626,6.44,-0.0023666704369506818,-0.006270127673274156,-0.0003093392669391265
1635776741636,2021-11-01T10:25:41.636,6.45,-0.0010427949456896135,-0.009310047620048983,-0.0006138478044669901
1635776741646,2021-11-01T10:25:41.646,6.46,-0.0008599103076559635,-0.006116066838835738,0.0009337647960486702
1635776741656,2021-11-01T10:25:41.656,6.47,-0.0007444854752527506,-0.0006696019595566198,0.0015719339757163434
1635776741666,2021-11-01T10:25:41.666,6.48,-0.00035671981305504226,0.0023282071964029964,-0.0004307550004648594
1635776741676,2021-11-01T10:25:41.676,6.49,-0.0008286836266879219,0.0024064951707031975,-0.0024798341295984737
1635776741686,2021-11-01T10:25:41.686,6.5,-0.0020512486923094588,0.0010714190675016034,-0.0013456611816273101
1635776741696,2021-11-01T10:25:41.696,6.51,-0.00237746463359161,-0.0007672065062912078,0.001654638888041179
1635776741706,2021-11-01T10:25:41.706,6.52,-0.0013772180085835717,-0.0017826283317099562,0.002686542375703438
1635776741716,2021-11-01T10:25:41.716,6.53,-0.00025838170832487154,-0.0005427908825233827,0.0010691164959522235
1635776741726,2021-11-01T10:25:41.726,6.54,0.00021923066354931028,0.001992711824500159,-0.0007158490573433246
1635776741736,2021-11-01T10:25:41.736,6.55,0.0002154405464929048,0.003203660744104219,-0.0012872440459856763
1635776741746,2021-11-01T10:25:41.746,6.56,3.1737729546173633e-06,0.0026133967105027925,-0.0014172800303999889
1635776741756,2021-11-01T10:25:41.756,6.57,0.0001774756543392158,0.0023389001341801337,-0.0018268859965873377
1635776741766,2021-11-01T10:25:41.766,6.58,0.0016325599754288696,0.003241624490472778,-0.001982539543482196
1635776741776,2021-11-01T10:25:41.776,6.59,0.00419464248574942,0.00345273104277786,-0.0009928229333268828
1635776741786,2021-11-01T10:25:41.786,6.6,0.006067095537023362,0.0017581789614097881,0.0006027622085844814
1635776741796,2021-11-01T10:25:41.796,6.61,0.005697081807112799,-0.00027047514341145334,0.0008193228868990939
1635776741806,2021-11-01T10:25:41.806,6.62,0.003914606685798335,-0.0006371696606025286,-0.000943576339103648
1635776741816,2021-11-01T10:25:41.816,6.63,0.0030444307099540924,0.0008165891124871124,-0.0027032939771210462
1635776741826,2021-11-01T10:25:41.826,6.64,0.003800936212700563,0.002538485020180302,-0.0030489367648139686
1635776741836,2021-11-01T10:25:41.836,6.65,0.004561864887656599,0.001790814919047162,-0.003290696588734685
1635776741846,2021-11-01T10:25:41.846,6.66,0.004137005037846308,-0.0030556221419310177,-0.004830527730167403
1635776741856,2021-11-01T10:25:41.856,6.67,0.003371090829307643,-0.0085758826266044,-0.006582297246845486
1635776741866,2021-11-01T10:25:41.866,6.68,0.0031412717227162143,-0.008167340222311695,-0.006702015752593097
1635776741876,2021-11-01T10:25:41.876,6.69,0.002814121251548252,-0.0011000284394644074,-0.0054169128828464135
1635776741886,2021-11-01T10:25:41.886,6.7,0.0018130662418732002,0.00426391237731467,-0.004626312517646207
1635776741896,2021-11-01T10:25:41.896,6.71,0.0008426283332729906,0.0007351004024876639,-0.005294178586291116
1635776741906,2021-11-01T10:25:41.906,6.72,0.0007594352946573362,-0.007561906043877057,-0.006474666123619811
1635776741916,2021-11-01T10:25:41.916,6.73,0.0016479266103319075,-0.01058426287970249,-0.006872008478368368
1635776741926,2021-11-01T10:25:41.926,6.74,0.0030141592324804435,-0.005715595646082375,-0.006246682994906756
1635776741936,2021-11-01T10:25:41.936,6.75,0.004069998986925154,-0.0002643003466185174,-0.005126099391039675
1635776741946,2021-11-01T10:25:41.946,6.76,0.0044502791403189905,-0.0011721278420360358,-0.004088649671096873
1635776741956,2021-11-01T10:25:41.956,6.77,0.004720277987506361,-0.006731840138359882,-0.0033519709427463043
1635776741966,2021-11-01T10:25:41.966,6.78,0.005273129579197854,-0.00984760825870736,-0.002571645317357555
1635776741976,2021-11-01T10:25:41.976,6.79,0.005383054295686562,-0.007246119389089531,-0.0015522669532223744
1635776741986,2021-11-01T10:25:41.986,6.8,0.004579185745843223,-0.0030725590464211077,-0.0011021607943104315
1635776741996,2021-11-01T10:25:41.996,6.81,0.004098618012239667,-0.002895592302712552,-0.0019859464180702387
1635776742006,2021-11-01T10:25:42.006,6.82,0.005326255289442642,-0.006106892989480807,-0.0032238571098200234
1635776742016,2021-11-01T10:25:42.016,6.83,0.007389784399602049,-0.006911491679371064,-0.002963211895201983
1635776742026,2021-11-01T10:25:42.026,6.84,0.008331342449635501,-0.0029224807756051477,-0.001119522677623648
1635776742036,2021-11-01T10:25:42.036,6.85,0.008237044996273056,0.0005460716537287976,0.0002023319752550771
1635776742046,2021-11-01T10:25:42.046,6.86,0.008776252487074084,-0.0024541921242599244,-0.0006577336072229739
1635776742056,2021-11-01T10:25:42.056,6.87,0.01018815154412204,-0.009129391405535746,-0.0027362492153733898
1635776742066,2021-11-01T10:25:42.066,6.88,0.011475941285994395,-0.010398458299098799,-0.0035895041352319874
1635776742076,2021-11-01T10:25:42.076,6.89,0.012603307605718896,-0.003697230872779713,-0.002462964986729756
1635776742086,2021-11-01T10:25:42.086,6.9,0.013562010712918671,0.002146234136540931,-0.0014192956861678431
1635776742096,2021-11-01T10:25:42.096,6.91,0.01308815383555564,-0.000238761794327716,-0.0024437288958455345
1635776742106,2021-11-01T10:25:42.106,6.92,0.01140556098858862,-0.004675717930721691,-0.004442791478840014
1635776742116,2021-11-01T10:25:42.116,6.93,0.011163249264472926,-0.0016924392392141342,-0.005018845146686791
1635776742126,2021-11-01T10:25:42.126,6.94,0.012413239421826879,0.004910053649016575,-0.004165705558131957
1635776742136,2021-11-01T10:25:42.136,6.95,0.011234661093195986,0.005267362033296502,-0.0036405664106663807
1635776742146,2021-11-01T10:25:42.146,6.96,0.0067319745375401495,0.001056122706736652,-0.0038480087134024404
1635776742156,2021-11-01T10:25:42.156,6.97,0.0036849661174466223,0.00023984339559865645,-0.004088462668377268
1635776742166,2021-11-01T10:25:42.166,6.98,0.004769632527820442,0.0013287844260964417,-0.004520278642425936
1635776742176,2021-11-01T10:25:42.176,6.99,0.0062054496375295275,-0.0014995027421566374,-0.005375598731716898
1635776742186,2021-11-01T10:25:42.186,7.0,0.004573016756804052,-0.00564617317243632,-0.005665660472861459
1635776742196,2021-11-01T10:25:42.196,7.01,0.0022784271678663584,-0.005798595341356953,-0.004555646390458406
1635776742206,2021-11-01T10:25:42.206,7.02,0.002769312593956351,-0.003588802749874744,-0.002823333583582905
1635776742216,2021-11-01T10:25:42.216,7.03,0.004899670492990697,-0.0023142277400849858,-0.0019234403885236941
1635776742226,2021-11-01T10:25:42.226,7.04,0.005462539700560391,-0.0011623201997854966,-0.002452181985041634
1635776742236,2021-11-01T10:25:42.236,7.05,0.0041953756828446934,0.00037456773577851734,-0.0038132301256118308
1635776742246,2021-11-01T10:25:42.246,7.06,0.003127095660969508,0.0005081713548915832,-0.00489411053660308
1635776742256,2021-11-01T10:25:42.256,7.07,0.002740016963063373,-0.0010878929519200166,-0.005203405536870754
1635776742266,2021-11-01T10:25:42.266,7.08,0.0015984088344156181,-0.0031238859494218184,-0.005365242569669675
1635776742276,2021-11-01T10:25:42.276,7.09,-0.0007415841620452731,-0.004482185241713601,-0.0059838840777124555
1635776742286,2021-11-01T10:25:42.286,7.1,-0.002755514280229502,-0.0032175552630579114,-0.006484024322950446
1635776742296,2021-11-01T10:25:42.296,7.11,-0.0032795050826714073,0.001805512249731127,-0.006086870870260659
1635776742306,2021-11-01T10:25:42.306,7.12,-0.003098797757800969,0.00659634435431153,-0.005263953939305592
1635776742316,2021-11-01T10:25:42.316,7.13,-0.003473552727902362,0.00525706011030864,-0.004877920946711706
1635776742326,2021-11-01T10:25:42.326,7.14,-0.0044559993823902085,-0.0009655788490938208,-0.004633021374201176
1635776742336,2021-11-01T10:25:42.336,7.15,-0.005286570404661843,-0.0043846672046637175,-0.003961437019008208
1635776742346,2021-11-01T10:25:42.346,7.16,-0.005283999273174198,-0.002319880375659907,-0.003620251989886571
1635776742356,2021-11-01T10:25:42.356,7.17,-0.004148884367947861,-0.0005658569221586272,-0.0043237167540803485
1635776742366,2021-11-01T10:25:42.366,7.18,-0.0023376087660371084,-0.003152475043925216,-0.004447189247005519
1635776742376,2021-11-01T10:25:42.376,7.19,-0.0007818230263473042,-0.006409132185801812,-0.0018622958115581038
1635776742386,2021-11-01T10:25:42.386,7.2,0.0003568728584114954,-0.0060416551219387975,0.0021287047956020525
1635776742396,2021-11-01T10:25:42.396,7.21,0.0016994975138173837,-0.003038706878303519,0.003893952080125853
1635776742406,2021-11-01T10:25:42.406,7.22,0.0031950481583747224,-0.00034251582692774204,0.0025756979449735357
1635776742416,2021-11-01T10:25:42.416,7.23,0.004028319276125163,0.0008492969745081954,0.0008124365940821829
1635776742426,2021-11-01T10:25:42.426,7.24,0.004037411634143891,0.0004823050006959441,0.0005477097677944045
1635776742436,2021-11-01T10:25:42.436,7.25,0.003864127791969203,-0.0011868620247337202,0.0012550919630841706
1635776742446,2021-11-01T10:25:42.446,7.26,0.0035935357560579334,-0.0033861645102951574,0.0018977871701903455
1635776742456,2021-11-01T10:25:42.456,7.27,0.0023631648891848265,-0.004956693595859529,0.002086250944338703
1635776742466,2021-11-01T10:25:42.466,7.28,-0.00028580503591020686,-0.005118352773161569,0.0016234830047783858
1635776742476,2021-11-01T10:25:42.476,7.29,-0.003425205892925543,-0.004263468600082378,0.0005219753036272832
1635776742486,2021-11-01T10:25:42.486,7.3,-0.005578243017557643,-0.0033121714351021653,-0.0006865135734255373
1635776742496,2021-11-01T10:25:42.496,7.31,-0.006015564248978399,-0.0023917540019623737,-0.0014807659665524867
1635776742506,2021-11-01T10:25:42.506,7.32,-0.005189654207139089,-0.0014087857332154403,-0.0018717847024515512
1635776742516,2021-11-01T10:25:42.516,7.33,-0.004486438160534564,-0.0010430477055508754,-0.0018929500309196943
1635776742526,2021-11-01T10:25:42.526,7.34,-0.004849772323280981,-0.0016169476714714588,-0.0014049900436931655
1635776742536,2021-11-01T10:25:42.536,7.35,-0.005154360968136691,-0.002360601573765989,-0.0009172258534031568
1635776742546,2021-11-01T10:25:42.546,7.36,-0.0036894868883814193,-0.0028038662650588567,-0.0012498070072156282
1635776742556,2021-11-01T10:25:42.556,7.37,-0.0012984662350529923,-0.002962960956162573,-0.0019101978944178683
1635776742566,2021-11-01T10:25:42.566,7.38,-0.00011847316171550122,-0.00212991635984212,-0.0014054041260957422
1635776742576,2021-11-01T10:25:42.576,7.39,0.00026937092571486225,-8.1931243490135e-05,0.0005410106050610019
1635776742586,2021-11-01T10:25:42.586,7.4,0.001836342416754776,0.0013812293107004284,0.0026485928120341833
1635776742596,2021-11-01T10:25:42.596,7.41,0.004263736207636891,0.0007789362102596306,0.003995541175946704
1635776742606,2021-11-01T10:25:42.606,7.42,0.005501872813975694,-0.0008953810268625443,0.004751402486497265
1635776742616,2021-11-01T10:25:42.616,7.43,0.005140618595371032,-0.0020964579611186507,0.005095940873263208
1635776742626,2021-11-01T10:25:42.626,7.44,0.004711853878137316,-0.0024505415826672496,0.004931444808523491
1635776742636,2021-11-01T10:25:42.636,7.45,0.00512341082571016,-0.0023036833575792144,0.004519409136959835
1635776742646,2021-11-01T10:25:42.646,7.46,0.005401631548965948,-0.002476024362393545,0.004088736896561141
1635776742656,2021-11-01T10:25:42.656,7.47,0.004341401482809394,-0.0032122397085986194,0.0032696375986265786
1635776742666,2021-11-01T10:25:42.666,7.48,0.0023932096498016017,-0.003227745275977917,0.002027330815579964
1635776742676,2021-11-01T10:25:42.676,7.49,0.0010543763427945108,-0.0022351795939273976,0.0013012712113181172
1635776742686,2021-11-01T10:25:42.686,7.5,0.0010241836372602868,-0.0022518806677053137,0.0016100279865956379
1635776742696,2021-11-01T10:25:42.696,7.51,0.0017263834953475565,-0.0035528546107628455,0.002034137751841697
1635776742706,2021-11-01T10:25:42.706,7.52,0.00227722993945992,-0.003483623073021569,0.0016782703059242073
1635776742716,2021-11-01T10:25:42.716,7.53,0.0023344421332734283,-0.0017626329388485337,0.0011197615869863436
1635776742726,2021-11-01T10:25:42.726,7.54,0.0020529223697704443,-0.0016500768674381065,0.0013745077936827747
1635776742736,2021-11-01T10:25:42.736,7.55,0.0016338142408904486,-0.004080680433562603,0.002206141917698445
1635776742746,2021-11-01T10:25:42.746,7.56,0.0010714324347975588,-0.005881849208320373,0.0023590651597231245
1635776742756,2021-11-01T10:25:42.756,7.57,0.00033076394881405936,-0.004677346443066285,0.0013450913738090255
1635776742766,2021-11-01T10:25:42.766,7.58,-0.00022685652946281753,-0.0013945322440021876,0.00026045706560214857
1635776742776,2021-11-01T10:25:42.776,7.59,-4.1326584095523756e-05,0.0017541515153381196,7.564356097516097e-05
1635776742786,2021-11-01T10:25:42.786,7.6,0.0007140918676621936,0.002783996192893166,-6.0303852301363486e-05
1635776742796,2021-11-01T10:25:42.796,7.61,0.0010173350384998013,0.0006974913304513572,-0.0011053842282036398
1635776742806,2021-11-01T10:25:42.806,7.62,0.0004302062782209286,-0.003090814411710832,-0.001827051188595686
1635776742816,2021-11-01T10:25:42.816,7.63,0.00014213259190166622,-0.005379625888228505,-0.0009279538135662525
1635776742826,2021-11-01T10:25:42.826,7.64,0.0014388365682465138,-0.004553213727084499,-0.00029010220523224936
1635776742836,2021-11-01T10:25:42.836,7.65,0.0034125194714879877,-0.0023499521787440944,-0.002363207080157255
1635776742846,2021-11-01T10:25:42.846,7.66,0.004226239393641458,-0.0015294222576939997,-0.004997274727338119
1635776742856,2021-11-01T10:25:42.856,7.67,0.004595659718597506,-0.002365001553558862,-0.0035600263710690618
1635776742866,2021-11-01T10:25:42.866,7.68,0.006896826056652093,-0.0023120395264414886,0.001330516703521929
1635776742876,2021-11-01T10:25:42.876,7.69,0.010354648174725464,0.00033159523690004826,0.003583899409438769
1635776742886,2021-11-01T10:25:42.886,7.7,0.010963192507252913,0.0033315253029278396,0.0009703088431772895
1635776742896,2021-11-01T10:25:42.896,7.71,0.007556912876177468,0.003137846543512508,-0.0014410766867117308
1635776742906,2021-11-01T10:25:42.906,7.72,0.004126814928418316,0.00034031097765415005,-0.00027043267107363094
1635776742916,2021-11-01T10:25:42.916,7.73,0.003933121132206237,-0.0009198132229765532,0.0006243818315291971
1635776742926,2021-11-01T10:25:42.926,7.74,0.004950058811225318,0.00026043028285702776,-0.0021488565773635855
1635776742936,2021-11-01T10:25:42.936,7.75,0.0039658477088148,3.27679384142804e-05,-0.005010770598182921
1635776742946,2021-11-01T10:25:42.946,7.76,0.0016211575474514605,-0.003150031897444514,-0.0035127128593751868
1635776742956,2021-11-01T10:25:42.956,7.77,3.99647815184417e-05,-0.00572960671202267,0.00032765716374387216
1635776742966,2021-11-01T10:25:42.966,7.78,-0.0011553178282212484,-0.005368781917847559,0.0014998684892577872
1635776742976,2021-11-01T10:25:42.976,7.79,-0.0032328100079976984,-0.003727831378708661,-0.0006058763869594334
1635776742986,2021-11-01T10:25:42.986,7.8,-0.005737050212311134,-0.0018136057451999658,-0.002498021132060689
1635776742996,2021-11-01T10:25:42.996,7.81,-0.0076701584908481935,0.0008869511918491492,-0.002229542677729202
1635776743006,2021-11-01T10:25:43.006,7.82,-0.008767691234072037,0.00288335833447145,-0.0009997373548804038
1635776743016,2021-11-01T10:25:43.016,7.83,-0.008962241589006723,0.0022437470865874732,-0.00022314282452759877
1635776743026,2021-11-01T10:25:43.026,7.84,-0.008609554917416246,0.00028790760144721533,0.00011730909890936946
1635776743036,2021-11-01T10:25:43.036,7.85,-0.00856604658318693,-0.0008760189611051704,0.00043020042734412915
1635776743046,2021-11-01T10:25:43.046,7.86,-0.008758051321953819,-0.002013368533520841,0.0004363895430465957
1635776743056,2021-11-01T10:25:43.056,7.87,-0.008097766590017713,-0.004126105888355352,-0.00019252375067137134
1635776743066,2021-11-01T10:25:43.066,7.88,-0.006106368588616375,-0.004929310522763632,-0.0007455209472275065
1635776743076,2021-11-01T10:25:43.076,7.89,-0.0031793784295569855,-0.0018580643753649134,-0.0004670441953392232
1635776743086,2021-11-01T10:25:43.086,7.9,-0.00018486956516752465,0.0032202687464720336,-3.2736128755450806e-06
1635776743096,2021-11-01T10:25:43.096,7.91,0.001216918180863996,0.0060299882130350185,-4.6560807622858755e-05
1635776743106,2021-11-01T10:25:43.106,7.92,0.00010660660617224996,0.005523032606462145,2.472724090944234e-05
1635776743116,2021-11-01T10:25:43.116,7.93,-0.0014455644057118178,0.0038222149116855326,0.0004949719663160656
1635776743126,2021-11-01T10:25:43.126,7.94,-0.0009135020826684498,0.0017768859565682456,0.0005626169384589341
1635776743136,2021-11-01T10:25:43.136,7.95,0.000438736827418761,-0.001067796745428553,0.0004032848477641491
1635776743146,2021-11-01T10:25:43.146,7.96,6.333661246461284e-05,-0.0031274582518354284,0.0013291520126549271
1635776743156,2021-11-01T10:25:43.156,7.97,-0.0006816029963338496,-0.0021080711270858353,0.0031472253529494297
1635776743166,2021-11-01T10:25:43.166,7.98,0.0008259855190653731,0.000887053004806021,0.003966801104165694
1635776743176,2021-11-01T10:25:43.176,7.99,0.002735856139498815,0.0028017318841329613,0.003128567754689918
1635776743186,2021-11-01T10:25:43.186,8.0,0.0016650427774112916,0.003389371287187309,0.0020426057139284956
1635776743196,2021-11-01T10:25:43.196,8.01,-0.0008241607334458824,0.00425463147472238,0.001978077152848102
1635776743206,2021-11-01T10:25:43.206,8.02,-0.0007416517139129633,0.004322828401426058,0.002863324936028375
1635776743216,2021-11-01T10:25:43.216,8.03,0.0014218537981719138,0.0013190324307737651,0.0040424788271735965
1635776743226,2021-11-01T10:25:43.226,8.04,0.0018800526482065315,-0.003094920239860818,0.004944489703991329
1635776743236,2021-11-01T10:25:43.236,8.05,-3.9769832215447696e-05,-0.004767394346706573,0.0052467073522379695
1635776743246,2021-11-01T10:25:43.246,8.06,-0.0015283183199976203,-0.0029932118104056575,0.004863547392673897
1635776743256,2021-11-01T10:25:43.256,8.07,-0.0012944329324550215,-0.0006466216996775334,0.003863459809196711
1635776743266,2021-11-01T10:25:43.266,8.08,-0.0007980662653495239,0.0005373820603394563,0.0027130898163796645
1635776743276,2021-11-01T10:25:43.276,8.09,-0.0009249112777766704,0.001017462492029816,0.002177049533176766
1635776743286,2021-11-01T10:25:43.286,8.1,-0.0009215828579436675,0.001055051400798774,0.0022416715060745397
1635776743296,2021-11-01T10:25:43.296,8.11,-0.0005441456612570765,0.0005349666513824331,0.0018968200973942624
1635776743306,2021-11-01T10:25:43.306,8.12,-0.0005656708832498388,0.00018068350784549835,0.0008278236104635818
1635776743316,2021-11-01T10:25:43.316,8.13,-0.0012986078888220242,0.0004390499210622465,0.00020204135747633589
1635776743326,2021-11-01T10:25:43.326,8.14,-0.0022655489347226483,0.0001280121560029033,0.0008068460083529032
1635776743336,2021-11-01T10:25:43.336,8.15,-0.002786148204799008,-0.0016689036005870974,0.0016883728209483749
1635776743346,2021-11-01T10:25:43.346,8.16,-0.0022486741250804243,-0.00358171674606728,0.0017435053096007118
1635776743356,2021-11-01T10:25:43.356,8.17,-0.0007768545084153866,-0.003961233399468991,0.0014847112286296654
1635776743366,2021-11-01T10:25:43.366,8.18,0.0004738905188781127,-0.0034410359622655787,0.0020078261418509684
1635776743376,2021-11-01T10:25:43.376,8.19,0.0008473789599167153,-0.003441089591289184,0.003058510230176284
1635776743386,2021-11-01T10:25:43.386,8.2,0.001278820419648466,-0.0037448384524115218,0.0034398734136879858
1635776743396,2021-11-01T10:25:43.396,8.21,0.002564028911287096,-0.003321545615759235,0.002941620152026237
1635776743406,2021-11-01T10:25:43.406,8.22,0.003789660505399405,-0.002060540626515691,0.0024681148756920753
1635776743416,2021-11-01T10:25:43.416,8.23,0.0038887072962066477,-0.0006849795565697178,0.0023161940705372546
1635776743426,2021-11-01T10:25:43.426,8.24,0.0032091748840316517,-8.134252376547525e-05,0.0018656498486033062
1635776743436,2021-11-01T10:25:43.436,8.25,0.002416148073770696,-0.0005421376688109063,0.0011347287786180743
1635776743446,2021-11-01T10:25:43.446,8.26,0.0016681220903031623,-0.0009219564641179611,0.0011007245554733305
1635776743456,2021-11-01T10:25:43.456,8.27,0.0014056968160375634,0.00015056432597327932,0.0021166534576677683
1635776743466,2021-11-01T10:25:43.466,8.28,0.001968071798531871,0.0018431454082854719,0.0031073523010683723
1635776743476,2021-11-01T10:25:43.476,8.29,0.0025419652987421905,0.001951699104146659,0.002809764198510068
1635776743486,2021-11-01T10:25:43.486,8.3,0.002203362294907733,0.0003131012439034961,0.0013791034576151058
1635776743496,2021-11-01T10:25:43.496,8.31,0.0013258514313611684,-0.0009393566929061073,0.00016179284653729416
1635776743506,2021-11-01T10:25:43.506,8.32,0.000751079311764685,-0.0006627283397618244,-0.00017108871792015509
1635776743516,2021-11-01T10:25:43.516,8.33,0.00044547865232490754,9.217599590638452e-05,-0.00030846450276086933
1635776743526,2021-11-01T10:25:43.526,8.34,-0.00013300318488505114,0.00040083553679538125,-0.0007786735162454906
1635776743536,2021-11-01T10:25:43.536,8.35,-0.0008653060450727805,0.0006994984136079821,-0.00102932258264957
1635776743546,2021-11-01T10:25:43.546,8.36,-0.0009568951172625391,0.0012691250348285596,-0.0005137600369744181
1635776743556,2021-11-01T10:25:43.556,8.37,-3.9832949597572376e-05,0.001424280243755533,0.0005883364102938544
1635776743566,2021-11-01T10:25:43.566,8.38,0.001439623260195602,0.0006760136692144922,0.002008471964926472
1635776743576,2021-11-01T10:25:43.576,8.39,0.002910443005170005,-0.0005306060122948095,0.00355293623469615
1635776743586,2021-11-01T10:25:43.586,8.4,0.004085363360543232,-0.001427710185798025,0.004595749620253163
1635776743596,2021-11-01T10:25:43.596,8.41,0.004896656683268596,-0.00166005210035584,0.004359488695547432
1635776743606,2021-11-01T10:25:43.606,8.42,0.005419935695486435,-0.0014429573668746883,0.002887603886230755
1635776743616,2021-11-01T10:25:43.616,8.43,0.005601582769028527,-0.0011213720576525262,0.0014855171524034202
1635776743626,2021-11-01T10:25:43.626,8.44,0.005132707873724893,-0.0005065047550476002,0.0017256092197602641
1635776743636,2021-11-01T10:25:43.636,8.45,0.003875664534722446,0.0009171944760670769,0.003578454172056299
1635776743646,2021-11-01T10:25:43.646,8.46,0.0021753241740227296,0.0029258005699201862,0.005270928342809484
1635776743656,2021-11-01T10:25:43.656,8.47,0.0006056628615220374,0.0043389674338866644,0.005708091897909983
1635776743666,2021-11-01T10:25:43.666,8.48,-0.0001980594624968801,0.0039732424908544995,0.005879192416325771
1635776743676,2021-11-01T10:25:43.676,8.49,0.0003963676957908835,0.0015938516446120776,0.006726998735155714
1635776743686,2021-11-01T10:25:43.686,8.5,0.0020332559956275087,-0.0015578341776925403,0.007100118261515127
1635776743696,2021-11-01T10:25:43.696,8.51,0.0027394028512452567,-0.003373597325382749,0.005764272411243166
1635776743706,2021-11-01T10:25:43.706,8.52,0.0011576895883837386,-0.002688274424800666,0.0037851251958082493
1635776743716,2021-11-01T10:25:43.716,8.53,-0.0011512995018667228,-6.288426645177875e-05,0.002415283060458302
1635776743726,2021-11-01T10:25:43.726,8.54,-0.001922860584689834,0.0028433681708743487,0.0009866736618735026
1635776743736,2021-11-01T10:25:43.736,8.55,-0.0015056785812595517,0.0039185201493286154,-0.0004779593459739987
1635776743746,2021-11-01T10:25:43.746,8.56,-0.0014897583233142247,0.002484655765832642,-0.00012055126211940149
1635776743756,2021-11-01T10:25:43.756,8.57,-0.001735960776680158,0.0011534290808365947,0.001855395091929479
1635776743766,2021-11-01T10:25:43.766,8.58,-0.0013989898558830107,0.002685578275267268,0.002500636046684276
1635776743776,2021-11-01T10:25:43.776,8.59,-0.001190514951547118,0.005393166768383098,0.001081161372630242
1635776743786,2021-11-01T10:25:43.786,8.6,-0.002033621328303275,0.0057228785661647495,0.0002502598271353067
1635776743796,2021-11-01T10:25:43.796,8.61,-0.003039230056360982,0.0038177794587168443,0.0014145853978016455
1635776743806,2021-11-01T10:25:43.806,8.62,-0.003276753788854977,0.002060531323956639,0.002869934903728894
1635776743816,2021-11-01T10:25:43.816,8.63,-0.003871238900633053,0.0005871239709497181,0.002784578495093123
1635776743826,2021-11-01T10:25:43.826,8.64,-0.005841913612558196,-0.0012070010772777435,0.0013652469222273501
1635776743836,2021-11-01T10:25:43.836,8.65,-0.007635845620262056,-0.0014930007750405905,0.00018884935552618368
1635776743846,2021-11-01T10:25:43.846,8.66,-0.0073550919675239995,0.0011031180333493794,0.00041673612310881965
1635776743856,2021-11-01T10:25:43.856,8.67,-0.005911454847495287,0.0040371199750251115,0.0014626360416548551
1635776743866,2021-11-01T10:25:43.866,8.68,-0.005735104025191546,0.004495619745561028,0.001900352916512024
1635776743876,2021-11-01T10:25:43.876,8.69,-0.007388980323889696,0.00374794426778285,0.0016419530379745025
1635776743886,2021-11-01T10:25:43.886,8.7,-0.009076873161427008,0.003934850346045631,0.0017404508027729305
1635776743896,2021-11-01T10:25:43.896,8.71,-0.009067660871506754,0.003768562146423471,0.0023735166110464053
1635776743906,2021-11-01T10:25:43.906,8.72,-0.007666825313678315,0.0013780905814856665,0.00266418095323938
1635776743916,2021-11-01T10:25:43.916,8.73,-0.006462658555614549,-0.0016215154497546645,0.0021299259033989238
1635776743926,2021-11-01T10:25:43.926,8.74,-0.005989848349275831,-0.0022942971989160822,0.0013852128837525059
1635776743936,2021-11-01T10:25:43.936,8.75,-0.005280814925320197,-0.0002138064603574559,0.0015501812916289674
1635776743946,2021-11-01T10:25:43.946,8.76,-0.0038445013432685258,0.002754952172264377,0.0027476915716876105
1635776743956,2021-11-01T10:25:43.956,8.77,-0.0025013428363149627,0.004406793649652185,0.0035013509958164712
1635776743966,2021-11-01T10:25:43.966,8.78,-0.0018156669006682091,0.0036920445917046755,0.0028589645524854847
1635776743976,2021-11-01T10:25:43.976,8.79,-0.0013049484588732614,0.0020712726968087924,0.0020806400133307756
1635776743986,2021-11-01T10:25:43.986,8.8,-0.0007653747665793524,0.002150133450646316,0.0023976669881880003
1635776743996,2021-11-01T10:25:43.996,8.81,-0.0007812096502128318,0.0038404021500123126,0.002991117939181771
1635776744006,2021-11-01T10:25:44.006,8.82,-0.0012712544667190747,0.004445328448500116,0.0029819391267134135
1635776744016,2021-11-01T10:25:44.016,8.83,-0.0011483094618032067,0.0030144756282175175,0.0028093476286789455
1635776744026,2021-11-01T10:25:44.026,8.84,-0.00014273047718360604,0.0014170862940434546,0.0024330835749472326
1635776744036,2021-11-01T10:25:44.036,8.85,0.0005120997187539689,0.0012506451326398504,0.001071255537044479
1635776744046,2021-11-01T10:25:44.046,8.86,-6.015603230333356e-05,0.0025404211516137742,-0.0006411521188165421
1635776744056,2021-11-01T10:25:44.056,8.87,-0.001051843063228574,0.004597335188154543,-0.0008886743720443899
1635776744066,2021-11-01T10:25:44.066,8.88,-0.001277904571687553,0.006270404493505841,0.00024734719772457416
1635776744076,2021-11-01T10:25:44.076,8.89,-0.000873100195827993,0.006730527605104768,0.00018493410448760448
1635776744086,2021-11-01T10:25:44.086,8.9,-0.0008065234671940165,0.006294485141584487,-0.0022431535344433
1635776744096,2021-11-01T10:25:44.096,8.91,-0.0013930581318267194,0.005133641150492237,-0.004372575922698865
1635776744106,2021-11-01T10:25:44.106,8.92,-0.0021840854659515322,0.002870251450476405,-0.003568277531710998
1635776744116,2021-11-01T10:25:44.116,8.93,-0.00281042968944919,0.00044003176058775913,-0.0012466966236555851
1635776744126,2021-11-01T10:25:44.126,8.94,-0.0033018926465463168,-0.0005525222096217504,-0.00034232400398830504
1635776744136,2021-11-01T10:25:44.136,8.95,-0.00398766587218326,-0.00039898071348744833,-0.0012210673239472084
1635776744146,2021-11-01T10:25:44.146,8.96,-0.004986769098045652,-0.00030199334185747003,-0.002409356093510125
1635776744156,2021-11-01T10:25:44.156,8.97,-0.005472337930895926,-6.679403182321446e-05,-0.0030329937602469065
1635776744166,2021-11-01T10:25:44.166,8.98,-0.004617595800062337,0.0009261327052868457,-0.0030542889998019223
1635776744176,2021-11-01T10:25:44.176,8.99,-0.0035530264877485966,0.002261799772950714,-0.0028436700924299903
1635776744186,2021-11-01T10:25:44.186,9.0,-0.0042107858804717405,0.0032310372175456867,-0.003078148184118113
1635776744196,2021-11-01T10:25:44.196,9.01,-0.0059692504544845044,0.003548017707124633,-0.00392005854388516
1635776744206,2021-11-01T10:25:44.206,9.02,-0.006239639161447336,0.0032729945089141938,-0.004379399109885309
1635776744216,2021-11-01T10:25:44.216,9.03,-0.004616111765639745,0.002796215063277906,-0.003594845717600756
1635776744226,2021-11-01T10:25:44.226,9.04,-0.0033638805297078267,0.0024285444303859247,-0.002427062678433123
1635776744236,2021-11-01T10:25:44.236,9.05,-0.0035329443976337177,0.0021756630548072364,-0.002134333046131919
1635776744246,2021-11-01T10:25:44.246,9.06,-0.0036379289509178726,0.002352665719352583,-0.0020020608701154597
1635776744256,2021-11-01T10:25:44.256,9.07,-0.002462115710776654,0.0034011126180155597,-0.0006776874585803378
1635776744266,2021-11-01T10:25:44.266,9.08,-0.0005842809750096753,0.0047596343467743414,0.0010310554957122008
1635776744276,2021-11-01T10:25:44.276,9.09,0.0009428192060054882,0.005025552862925231,0.0013750883121885621
1635776744286,2021-11-01T10:25:44.286,9.1,0.001686482298162189,0.0035958205717581742,0.0005552640616557718
1635776744296,2021-11-01T10:25:44.296,9.11,0.0019483450329117946,0.0017866074686084467,0.000234783306051882
1635776744306,2021-11-01T10:25:44.306,9.12,0.002533800716478813,0.0016452633027290698,0.0011804266254147188
1635776744316,2021-11-01T10:25:44.316,9.13,0.0036725010016787013,0.0031367827500235704,0.0026422605181137824
1635776744326,2021-11-01T10:25:44.326,9.14,0.004323669577107933,0.004051590180723051,0.0034900654345088014
1635776744336,2021-11-01T10:25:44.336,9.15,0.0037036585049537336,0.0035709770737758074,0.003417068703346122
1635776744346,2021-11-01T10:25:44.346,9.16,0.0027718603471961834,0.003194877770942137,0.003076075895564305
1635776744356,2021-11-01T10:25:44.356,9.17,0.0025024904260018675,0.003346998992581957,0.0032289815290530836
1635776744366,2021-11-01T10:25:44.366,9.18,0.0017693708612577714,0.0024762854660948,0.004039337805591856
1635776744376,2021-11-01T10:25:44.376,9.19,-0.0005812519947985992,0.00019206266232204552,0.00498057086145306
1635776744386,2021-11-01T10:25:44.386,9.2,-0.002836710325411743,-0.0017512390733583861,0.005153643978972434
1635776744396,2021-11-01T10:25:44.396,9.21,-0.002673640761791084,-0.0021158598397299313,0.00430702618251722
1635776744406,2021-11-01T10:25:44.406,9.22,-0.001035643027290898,-0.0017410855338528294,0.0035142052974606285
1635776744416,2021-11-01T10:25:44.416,9.23,-0.0007076347424578185,-0.0019825941342673284,0.003649397853428873
1635776744426,2021-11-01T10:25:44.426,9.24,-0.002081081126751037,-0.002721448106909474,0.0038527034204902345
1635776744436,2021-11-01T10:25:44.436,9.25,-0.0029819173314806114,-0.002627252087834878,0.0032328606773617467
1635776744446,2021-11-01T10:25:44.446,9.26,-0.002224718563356931,-0.0013538318070672453,0.0027298740104588935
1635776744456,2021-11-01T10:25:44.456,9.27,-0.0011385306280359247,-0.0005220127318669191,0.0031708142432957105
1635776744466,2021-11-01T10:25:44.466,9.28,-0.0013035828873290728,-0.0014053557641949366,0.003267442273745453
1635776744476,2021-11-01T10:25:44.476,9.29,-0.0025358096300598376,-0.0025278459463276785,0.0020210187985802387
1635776744486,2021-11-01T10:25:44.486,9.3,-0.003662888686616685,-0.001453605291762225,0.0012031468756740177
1635776744496,2021-11-01T10:25:44.496,9.31,-0.003893325234241613,0.0015506576581958721,0.0024621695790434496
1635776744506,2021-11-01T10:25:44.506,9.32,-0.003235470795888939,0.0036171084607258507,0.003907225354257298
1635776744516,2021-11-01T10:25:44.516,9.33,-0.002695503559418464,0.002944543714717601,0.003027257284530913
1635776744526,2021-11-01T10:25:44.526,9.34,-0.0035400608519849525,0.0006336704188611454,0.0008823961604051734
1635776744536,2021-11-01T10:25:44.536,9.35,-0.0053244952985040525,-0.0014205567925169062,3.3392978467292685e-05
1635776744546,2021-11-01T10:25:44.546,9.36,-0.005742041854419308,-0.0027213062628069174,0.0008378035522749117
1635776744556,2021-11-01T10:25:44.556,9.37,-0.003655155513424727,-0.0032520213552040206,0.0022112866759638706
1635776744566,2021-11-01T10:25:44.566,9.38,-0.0009259910139508149,-0.0021107827472273038,0.0031032284475706958
1635776744576,2021-11-01T10:25:44.576,9.39,0.0003515163921053173,0.000791597694550748,0.0022814624923071934
1635776744586,2021-11-01T10:25:44.586,9.4,0.0008195028698755834,0.0029703817579178737,-0.0001609143413561101
1635776744596,2021-11-01T10:25:44.596,9.41,0.002037229390089645,0.0025109770975709285,-0.0015116980964602809
1635776744606,2021-11-01T10:25:44.606,9.42,0.0035541160824474304,0.0018388603778808135,9.132881296850941e-05
1635776744616,2021-11-01T10:25:44.616,9.43,0.003991612697097489,0.003960046826833023,0.0022565729244986726
1635776744626,2021-11-01T10:25:44.626,9.44,0.0033511999399056273,0.006641418396481833,0.0018824835794322636
1635776744636,2021-11-01T10:25:44.636,9.45,0.0025778781280456323,0.006221302250826488,0.0001621083243027447
1635776744646,2021-11-01T10:25:44.646,9.46,0.0020543502584523823,0.00461348930567238,2.526561371799992e-05
1635776744656,2021-11-01T10:25:44.656,9.47,0.001254992771060378,0.005442240067742812,0.0007663727892522727
1635776744666,2021-11-01T10:25:44.666,9.48,-0.0006641781319457734,0.006510141802875959,-0.00027835671202617565
1635776744676,2021-11-01T10:25:44.676,9.49,-0.003594320533052563,0.003400231528292886,-0.002615726982850452
1635776744686,2021-11-01T10:25:44.686,9.5,-0.00578271075038315,-0.0027244137565265204,-0.0032679842609727536
1635776744696,2021-11-01T10:25:44.696,9.51,-0.005563456752185336,-0.006867196435093951,-0.0011697197081429688
1635776744706,2021-11-01T10:25:44.706,9.52,-0.0036498376169005887,-0.006629373414003441,0.0018315264834355685
1635776744716,2021-11-01T10:25:44.716,9.53,-0.0025320151607789105,-0.0030468649588216807,0.0034417586549722688
1635776744726,2021-11-01T10:25:44.726,9.54,-0.003678692991023581,0.0019129142005235242,0.003103469973574381
1635776744736,2021-11-01T10:25:44.736,9.55,-0.005998429866599675,0.006043608606055529,0.0018639714855245406
1635776744746,2021-11-01T10:25:44.746,9.56,-0.007168960199669498,0.007151069586249144,0.0004459321750772328
1635776744756,2021-11-01T10:25:44.756,9.57,-0.006191816872622356,0.004538888779672519,-0.0012222917873718291
1635776744766,2021-11-01T10:25:44.766,9.58,-0.0040607751531499935,3.335919429285671e-05,-0.00209853880100436
1635776744776,2021-11-01T10:25:44.776,9.59,-0.0020738400842219666,-0.003413057826775813,-0.0003240107590690167
1635776744786,2021-11-01T10:25:44.786,9.6,-0.0006255893270928287,-0.004658321787722787,0.0032897766694251177
1635776744796,2021-11-01T10:25:44.796,9.61,0.00016655616422085788,-0.004809930112021742,0.005178970248801309
1635776744806,2021-11-01T10:25:44.806,9.62,-0.0001383616225492643,-0.004282994078708623,0.003935644770055357
1635776744816,2021-11-01T10:25:44.816,9.63,-0.0014393898569126935,-0.0020351403981979156,0.0021887466461327216
1635776744826,2021-11-01T10:25:44.826,9.64,-0.00226449081983235,0.0011708010113053056,0.00226132684883095
1635776744836,2021-11-01T10:25:44.836,9.65,-0.0013738667057381399,0.0021996280339296667,0.003036186965270045
1635776744846,2021-11-01T10:25:44.846,9.66,-7.422632567773634e-05,0.00016387609921819624,0.002701255789465429
1635776744856,2021-11-01T10:25:44.856,9.67,-0.0005594779719539008,-0.0015605283282769875,0.0019392838491957616
1635776744866,2021-11-01T10:25:44.866,9.68,-0.002041677184605542,-0.00024648039073982503,0.0021065076262276597
1635776744876,2021-11-01T10:25:44.876,9.69,-0.0015851614811364992,0.0019641963588796422,0.0022415826649178757
1635776744886,2021-11-01T10:25:44.886,9.7,0.0014424762820917623,0.0016083560052455835,0.001075836850980298
1635776744896,2021-11-01T10:25:44.896,9.71,0.004602306895522739,-0.000415589775777108,0.0003854939859753705
1635776744906,2021-11-01T10:25:44.906,9.72,0.005647955685188105,-0.00042614075891135204,0.0021703097281466047
1635776744916,2021-11-01T10:25:44.916,9.73,0.004564026481386473,0.001957001114321357,0.00398890174889124
1635776744926,2021-11-01T10:25:44.926,9.74,0.002726095670175405,0.0035994861658900645,0.0019912397606483313
1635776744936,2021-11-01T10:25:44.936,9.75,0.0012869768475745871,0.0030581977283814215,-0.002566070013977122
1635776744946,2021-11-01T10:25:44.946,9.76,0.00048272652650508806,0.0016298047300421985,-0.004699776885968603
1635776744956,2021-11-01T10:25:44.956,9.77,-3.2041377374753226e-05,8.59194340558845e-05,-0.002972254372530911
1635776744966,2021-11-01T10:25:44.966,9.78,-0.0003898709870114414,-0.0015956575212622754,-0.0011380839478559656
1635776744976,2021-11-01T10:25:44.976,9.79,-0.0002455864859731492,-0.0025497456015930323,-0.0023319124172820676
1635776744986,2021-11-01T10:25:44.986,9.8,0.00031961590970770373,-0.0023423810430699605,-0.004953019980614631
1635776744996,2021-11-01T10:25:44.996,9.81,0.0005557357628790026,-0.002185590972220137,-0.005609801401896868
1635776745006,2021-11-01T10:25:45.006,9.82,0.0005304701678907988,-0.002349865954399868,-0.003983709937245351
1635776745016,2021-11-01T10:25:45.016,9.83,0.0011007858127577584,-0.0011241881289587134,-0.0026255294906231586
1635776745026,2021-11-01T10:25:45.026,9.84,0.0020313340852231047,0.001011553501184337,-0.0028608426156881027
1635776745036,2021-11-01T10:25:45.036,9.85,0.002508788172445436,-6.980662843333597e-06,-0.0033484526141451558
1635776745046,2021-11-01T10:25:45.046,9.86,0.0027913875684394893,-0.005438412287826202,-0.0028367145192980383
1635776745056,2021-11-01T10:25:45.056,9.87,0.003320677748021557,-0.009681966896191524,-0.0021553348326967614
1635776745066,2021-11-01T10:25:45.066,9.88,0.00402724894919435,-0.0067652939540636834,-0.002580345350145772
1635776745076,2021-11-01T10:25:45.076,9.89,0.005236842294313225,0.001296166758126675,-0.003734061672523851
1635776745086,2021-11-01T10:25:45.086,9.9,0.006839423166733265,0.006086451703498491,-0.004205598818212588
1635776745096,2021-11-01T10:25:45.096,9.91,0.0072234213205914985,0.002573110144566887,-0.003493960030147224
1635776745106,2021-11-01T10:25:45.106,9.92,0.005334299790906292,-0.004941156415955344,-0.002502695867362451
1635776745116,2021-11-01T10:25:45.116,9.93,0.0024453549112243064,-0.00822531767814013,-0.002307506743823897
1635776745126,2021-11-01T10:25:45.126,9.94,0.00047241960067482793,-0.005105783613964172,-0.002894097018522738
1635776745136,2021-11-01T10:25:45.136,9.95,1.194367407185365e-05,-0.0009493264261631511,-0.003458449027483793
1635776745146,2021-11-01T10:25:45.146,9.96,0.0003896843309323554,-0.0006319506225520182,-0.0038813608489429753
1635776745156,2021-11-01T10:25:45.156,9.97,0.0005736266108859233,-0.0031330939780325464,-0.0047821502685670885
1635776745166,2021-11-01T10:25:45.166,9.98,0.0004724163233665791,-0.005136601145187751,-0.005610840578170069
1635776745176,2021-11-01T10:25:45.176,9.99,0.001191324567526916,-0.005981539384494217,-0.0046893071390609305
1635776745186,2021-11-01T10:25:45.186,10.0,0.0028975301115535933,-0.006364137408917561,-0.0022578575844114652
1635776745196,2021-11-01T10:25:45.196,10.01,0.003911631852794484,-0.0051922389492300575,-0.0008885748069942646
1635776745206,2021-11-01T10:25:45.206,10.02,0.0034113997433110406,-0.0017487308609302975,-0.0017031536487360378
1635776745216,2021-11-01T10:25:45.216,10.03,0.0028520560627661807,0.0009108070625742896,-0.003115052551943601
1635776745226,2021-11-01T10:25:45.226,10.04,0.0032866700502778507,-0.0005340602804599426,-0.003913711776832753
1635776745236,2021-11-01T10:25:45.236,10.05,0.0036124826693808097,-0.004005637212556134,-0.004344490126372397
1635776745246,2021-11-01T10:25:45.246,10.06,0.0028109522127510314,-0.005052321828159532,-0.0041055549815385345
1635776745256,2021-11-01T10:25:45.256,10.07,0.001812658021698093,-0.004201213635194819,-0.0025442880798664316
1635776745266,2021-11-01T10:25:45.266,10.08,0.0017780906817699527,-0.005050534031834436,-0.000703081691884585
1635776745276,2021-11-01T10:25:45.276,10.09,0.0022782258895774903,-0.006316989819698611,-0.0005308167815251224
1635776745286,2021-11-01T10:25:45.286,10.1,0.0024544056972599024,-0.003608306483037185,-0.002242320759639302
1635776745296,2021-11-01T10:25:45.296,10.11,0.0026016348634312044,0.001419524758559621,-0.004168194509760657
1635776745306,2021-11-01T10:25:45.306,10.12,0.0034949204388701246,0.0023330622451294826,-0.0049871237185525235
1635776745316,2021-11-01T10:25:45.316,10.13,0.004953174047726985,-0.0016501945514848142,-0.005047952406603684
1635776745326,2021-11-01T10:25:45.326,10.14,0.005907844999233441,-0.004555305552633695,-0.005423739981060721
1635776745336,2021-11-01T10:25:45.336,10.15,0.005861939571525915,-0.0024587741076977183,-0.006288016348148757
1635776745346,2021-11-01T10:25:45.346,10.16,0.005867057568581028,0.0027957496316176143,-0.007028778103292685
1635776745356,2021-11-01T10:25:45.356,10.17,0.007184820728461633,0.006709092897533809,-0.00766156343498676
1635776745366,2021-11-01T10:25:45.366,10.18,0.008828141408226705,0.0054009968249673305,-0.00848939022505522
1635776745376,2021-11-01T10:25:45.376,10.19,0.00853731681276223,-0.00023119503019450446,-0.008830915111947836
1635776745386,2021-11-01T10:25:45.386,10.2,0.006983879879964697,-0.002850323353545937,-0.00831652472923553
1635776745396,2021-11-01T10:25:45.396,10.21,0.007223529839361376,0.0022839770335910366,-0.00822742216192529
1635776745406,2021-11-01T10:25:45.406,10.22,0.00867384255845895,0.007995942660618824,-0.00926345507765824
1635776745416,2021-11-01T10:25:45.416,10.23,0.007126603959332182,0.004793969227745382,-0.010135208324272674
1635776745426,2021-11-01T10:25:45.426,10.24,0.0024697984242117075,-0.002511474559067091,-0.010246166812753848
1635776745436,2021-11-01T10:25:45.436,10.25,0.00014506702246366908,-0.001608115821548507,-0.011076542438610972
1635776745446,2021-11-01T10:25:45.446,10.26,0.0027432142598504297,0.005553541314543659,-0.01338425169138091
1635776745456,2021-11-01T10:25:45.456,10.27,0.005673888521622901,0.005013984389233592,-0.01528870050343649
1635776745466,2021-11-01T10:25:45.466,10.28,0.0038724639587783194,-0.004761849646150047,-0.014596730805047376
1635776745476,2021-11-01T10:25:45.476,10.29,-0.0012713541808817635,-0.009242727703320994,-0.012171081435754488
1635776745486,2021-11-01T10:25:45.486,10.3,-0.005085080660102428,-0.0014295077517987986,-0.011367063468851194
1635776745496,2021-11-01T10:25:45.496,10.31,-0.006813194441825488,0.008216585688263271,-0.01351146928813923
1635776745506,2021-11-01T10:25:45.506,10.32,-0.009191617228393057,0.00947712010523553,-0.01604986912971626
1635776745516,2021-11-01T10:25:45.516,10.33,-0.012565760071710563,0.00513364426239922,-0.01661509090169924
1635776745526,2021-11-01T10:25:45.526,10.34,-0.01418474642894101,0.0017941166549760765,-0.016008163624803794
1635776745536,2021-11-01T10:25:45.536,10.35,-0.012584643609473353,-5.4586266450962e-05,-0.015356557237667356
1635776745546,2021-11-01T10:25:45.546,10.36,-0.009040170436932959,-0.002586382159447335,-0.01378415321483352
1635776745556,2021-11-01T10:25:45.556,10.37,-0.005406722119820297,-0.0052595944585879005,-0.010909028118278898
1635776745566,2021-11-01T10:25:45.566,10.38,-0.002619991679016187,-0.006145058896409659,-0.008357257522160693
1635776745576,2021-11-01T10:25:45.576,10.39,-0.0002880230665519164,-0.004413596232342878,-0.0068518467532229736
1635776745586,2021-11-01T10:25:45.586,10.4,0.002730449193979403,-0.00021234043404030618,-0.0048145654668325846
1635776745596,2021-11-01T10:25:45.596,10.41,0.006193755361733512,0.005409895166925008,-0.0015318445666103696
1635776745606,2021-11-01T10:25:45.606,10.42,0.00808633789491682,0.009792772870081361,0.001402986753963129
1635776745616,2021-11-01T10:25:45.616,10.43,0.007725247644951324,0.00960639261901838,0.003056145170612226
1635776745626,2021-11-01T10:25:45.626,10.44,0.007131698645766221,0.003796619601183625,0.0042209305398927645
1635776745636,2021-11-01T10:25:45.636,10.45,0.007725812065141156,-0.004741373026487051,0.004957917396500839
1635776745646,2021-11-01T10:25:45.646,10.46,0.007982894324697835,-0.011077830880980721,0.004525674469141415
1635776745656,2021-11-01T10:25:45.656,10.47,0.006320776079866853,-0.011647230391895387,0.0038383553684028307
1635776745666,2021-11-01T10:25:45.666,10.48,0.0042402016135380735,-0.006556873559871078,0.004662411308682502
1635776745676,2021-11-01T10:25:45.676,10.49,0.0039976120407432736,-1.771179020036229e-05,0.0060961067236647145
1635776745686,2021-11-01T10:25:45.686,10.5,0.004722192408126886,0.0030678516704093755,0.004962388462509824
1635776745696,2021-11-01T10:25:45.696,10.51,0.0039048865797915162,0.0022847135233880064,0.0007592935099747812
1635776745706,2021-11-01T10:25:45.706,10.52,0.0015464788027756177,0.0004321930175787755,-0.0027379636251789563
1635776745716,2021-11-01T10:25:45.716,10.53,-0.0001698827507818876,-0.0023301553907534907,-0.0025072317578647167
1635776745726,2021-11-01T10:25:45.726,10.54,-0.00030544784938379315,-0.007140424214722131,-7.739022326191535e-05
1635776745736,2021-11-01T10:25:45.736,10.55,4.716597842705594e-05,-0.011067853262877365,0.0014058256557379556
1635776745746,2021-11-01T10:25:45.746,10.56,-0.0005701119873163581,-0.01032364761442928,0.001179737782323002
1635776745756,2021-11-01T10:25:45.756,10.57,-0.0028874985760843895,-0.006304080935221835,0.00023376503216457142
1635776745766,2021-11-01T10:25:45.766,10.58,-0.006442964871881378,-0.002407470116839885,-0.001081759957130267
1635776745776,2021-11-01T10:25:45.776,10.59,-0.009426621100129623,0.001256234139426166,-0.0028845858763334306
1635776745786,2021-11-01T10:25:45.786,10.6,-0.009996457570877249,0.005191573841511353,-0.004560344638225463
1635776745796,2021-11-01T10:25:45.796,10.61,-0.008304432047600029,0.006995548645358335,-0.005510118112714133
1635776745806,2021-11-01T10:25:45.806,10.62,-0.00638199910074557,0.004475083538078836,-0.006072764120036758
1635776745816,2021-11-01T10:25:45.816,10.63,-0.005628350025818511,-0.0007242554116584099,-0.006330679932179471
1635776745826,2021-11-01T10:25:45.826,10.64,-0.005082611271491668,-0.004650104658908154,-0.005345326213431951
1635776745836,2021-11-01T10:25:45.836,10.65,-0.0028775410025981595,-0.0046932502701096755,-0.0029233557362793317
1635776745846,2021-11-01T10:25:45.846,10.66,0.0007454363613263502,-0.0017333127237162968,-0.0006734882959625226
1635776745856,2021-11-01T10:25:45.856,10.67,0.003391359568199191,0.0008762412718343186,0.00010940109137431377
1635776745866,2021-11-01T10:25:45.866,10.68,0.004097150609508405,0.0015011038674046452,0.00014838431315152088
1635776745876,2021-11-01T10:25:45.876,10.69,0.004543555578909595,0.0022207471053116625,0.0003769035616238365
1635776745886,2021-11-01T10:25:45.886,10.7,0.005722885781452473,0.004396369663376195,0.00022215115423216629
1635776745896,2021-11-01T10:25:45.896,10.71,0.006337358033345364,0.004842137844811225,-0.0006392453356434208
1635776745906,2021-11-01T10:25:45.906,10.72,0.0053161039997524084,0.0005233384389332071,-0.0006749862708725046
1635776745916,2021-11-01T10:25:45.916,10.73,0.003535854666929201,-0.005131563341630447,0.0013946754986702472
1635776745926,2021-11-01T10:25:45.926,10.74,0.0027260738775803234,-0.005793933836611061,0.0041277309509445675
1635776745936,2021-11-01T10:25:45.936,10.75,0.003516498904580257,-0.0013238396544080742,0.004988975045483681
1635776745946,2021-11-01T10:25:45.946,10.76,0.004620576928206466,0.0020280173672538463,0.003912395183964733
1635776745956,2021-11-01T10:25:45.956,10.77,0.004690946925558564,0.0009751997505236087,0.002925597308167066
1635776745966,2021-11-01T10:25:45.966,10.78,0.0041798685281367095,-0.000855815392124352,0.00248917543372462
1635776745976,2021-11-01T10:25:45.976,10.79,0.0034803837083025105,-5.0878073295766994e-05,0.0012881713394154106
1635776745986,2021-11-01T10:25:45.986,10.8,0.0016330073106891282,0.00123120168598108,-0.0006059993413141968
1635776745996,2021-11-01T10:25:45.996,10.81,-0.0005623526791820545,9.871662151264917e-05,-0.0015977061347825432
1635776746006,2021-11-01T10:25:46.006,10.82,-0.0001051046501723206,-0.001663544446580477,-0.001134575969223675
1635776746016,2021-11-01T10:25:46.016,10.83,0.002689907883400903,-0.001197453899350163,-8.171102570873212e-05
1635776746026,2021-11-01T10:25:46.026,10.84,0.0030924913283861466,-0.00015052830875921246,0.0007679711197639147
1635776746036,2021-11-01T10:25:46.036,10.85,-0.0007340005562861832,-0.0014400497390303591,0.001237669823017734
1635776746046,2021-11-01T10:25:46.046,10.86,-0.004473145311681036,-0.0030500046303308407,0.0014059810921845275
1635776746056,2021-11-01T10:25:46.056,10.87,-0.004451196148651274,-0.0013111932714813754,0.0014210336054557146
1635776746066,2021-11-01T10:25:46.066,10.88,-0.002472456721710756,0.0018394877493035828,0.0015517620598745172
1635776746076,2021-11-01T10:25:46.076,10.89,-0.0013218538353813938,0.0012389429067830105,0.0021570935299478526
1635776746086,2021-11-01T10:25:46.086,10.9,-0.0006846095716610509,-0.0036543616004804987,0.0033577083768284335
1635776746096,2021-11-01T10:25:46.096,10.91,-5.108585980929259e-06,-0.008291307393243245,0.004553412556616131
1635776746106,2021-11-01T10:25:46.106,10.92,-0.00042652679354258395,-0.00922637934651933,0.004635204608126395
1635776746116,2021-11-01T10:25:46.116,10.93,-0.0015905123466516233,-0.0077378274337318335,0.003316063987900156
1635776746126,2021-11-01T10:25:46.126,10.94,-0.0008195607994317901,-0.007174913531831608,0.0020948771799897755
1635776746136,2021-11-01T10:25:46.136,10.95,0.002762543502806464,-0.007786728676357598,0.0028269475755021032
1635776746146,2021-11-01T10:25:46.146,10.96,0.006697434808983984,-0.006379418367746818,0.005028795352224394
1635776746156,2021-11-01T10:25:46.156,10.97,0.008593050663954398,-0.0022124007433745574,0.006293085312924845
1635776746166,2021-11-01T10:25:46.166,10.98,0.008551362390483645,0.000802609619050852,0.006169764915715723
1635776746176,2021-11-01T10:25:46.176,10.99,0.008124435763343263,0.000608359289933349,0.006832946461414044
1635776746186,2021-11-01T10:25:46.186,11.0,0.00821459424334521,0.0004976596342122065,0.008371051529320819
1635776746196,2021-11-01T10:25:46.196,11.01,0.007914831279345797,0.0024864910887021957,0.007264095014968648
1635776746206,2021-11-01T10:25:46.206,11.02,0.005977674811370395,0.0031183224006822697,0.0020816549966252403
1635776746216,2021-11-01T10:25:46.216,11.03,0.003755065796853408,-3.291454364900471e-05,-0.003251323849460572
1635776746226,2021-11-01T10:25:46.226,11.04,0.004115565292407154,-0.0033461271408526173,-0.004784462799410316
1635776746236,2021-11-01T10:25:46.236,11.05,0.006628311440326525,-0.002646651283969614,-0.003481957482185861
1635776746246,2021-11-01T10:25:46.246,11.06,0.007428405368327909,0.0008459911424525249,-0.002347540396618992
1635776746256,2021-11-01T10:25:46.256,11.07,0.004787014048360725,0.003176674590774021,-0.002241321041463266
1635776746266,2021-11-01T10:25:46.266,11.08,0.0011477005113472028,0.0030065065863345347,-0.002618858635470756
1635776746276,2021-11-01T10:25:46.276,11.09,-0.0008704558341546386,0.0022673676976347618,-0.0032788311229223037
1635776746286,2021-11-01T10:25:46.286,11.1,-0.0012177805271418626,0.0028816558209006325,-0.0038814822826206906
1635776746296,2021-11-01T10:25:46.296,11.11,-0.0009992467757452216,0.0036519268510154497,-0.0037806496690407556
1635776746306,2021-11-01T10:25:46.306,11.12,-0.0008078051879136781,0.0014999951355238223,-0.0029432731161855795
1635776746316,2021-11-01T10:25:46.316,11.13,-0.0007028464328075134,-0.003207519546401938,-0.0020042509349144757
1635776746326,2021-11-01T10:25:46.326,11.14,-0.0006151074530836777,-0.005639776075524263,-0.0014099064648691432
1635776746336,2021-11-01T10:25:46.336,11.15,-0.0006401977357656477,-0.00337757621183143,-0.0008884873421778182
1635776746346,2021-11-01T10:25:46.346,11.16,-0.0010466768456215362,-0.0001987188688052844,0.00018808404864258636
1635776746356,2021-11-01T10:25:46.356,11.17,-0.0016812561707704064,9.34303846595083e-05,0.0018625743044305546
1635776746366,2021-11-01T10:25:46.366,11.18,-0.001821038854154431,-0.0011138119458510996,0.0035287945831102216
1635776746376,2021-11-01T10:25:46.376,11.19,-0.0012988342230991754,-0.001236962324497101,0.005100365462850781
1635776746386,2021-11-01T10:25:46.386,11.2,-0.0009043082028295888,-0.0008592816840124881,0.007051863398984821
1635776746396,2021-11-01T10:25:46.396,11.21,-0.0008138583545739942,-0.0011858382659598486,0.008836778389355848
1635776746406,2021-11-01T10:25:46.406,11.22,-7.05294495176648e-05,-0.0015488933528755187,0.008963000928318877
1635776746416,2021-11-01T10:25:46.416,11.23,0.0013636733142714226,-0.001974278753700035,0.007312781207529908
1635776746426,2021-11-01T10:25:46.426,11.24,0.001996745443541781,-0.0038964019334272477,0.005792635789441135
1635776746436,2021-11-01T10:25:46.436,11.25,0.001276712165585179,-0.006270287251253731,0.005833672788895635
1635776746446,2021-11-01T10:25:46.446,11.26,0.00037925892928306266,-0.005729158234467577,0.006321661040261727
1635776746456,2021-11-01T10:25:46.456,11.27,-0.0001293398515213048,-0.0020645847533943924,0.005319200661710721
1635776746466,2021-11-01T10:25:46.466,11.28,-0.0007343670593345905,0.0012498913242364135,0.0033755372698673304
1635776746476,2021-11-01T10:25:46.476,11.29,-0.0010420531735233275,0.0021593957341289076,0.0029062074042138595
1635776746486,2021-11-01T10:25:46.486,11.3,-0.0004446116378836202,0.0012455282690996662,0.004140524244423275
1635776746496,2021-11-01T10:25:46.496,11.31,-0.00019082120367457453,-0.0007777120501991315,0.004610501196817834
1635776746506,2021-11-01T10:25:46.506,11.32,-0.0017574120053206474,-0.0028814034821863814,0.00324241270103801
1635776746516,2021-11-01T10:25:46.516,11.33,-0.004047472249272885,-0.003096216676881883,0.0018706524067004485
1635776746526,2021-11-01T10:25:46.526,11.34,-0.004846697049227702,-0.0010504240562916934,0.0017451624998114337
1635776746536,2021-11-01T10:25:46.536,11.35,-0.004047236956544422,0.0009639993230193675,0.0015665105773282227
1635776746546,2021-11-01T10:25:46.546,11.36,-0.003312568225030707,0.0012040384395040661,0.0005291970785807199
1635776746556,2021-11-01T10:25:46.556,11.37,-0.003375569338648415,0.0005559755370643578,0.00029992394138930273
1635776746566,2021-11-01T10:25:46.566,11.38,-0.003420889152120369,0.0004130273245977122,0.0017737447419516389
1635776746576,2021-11-01T10:25:46.576,11.39,-0.002943436864182053,0.0005434604638781532,0.0028502079618362174
1635776746586,2021-11-01T10:25:46.586,11.4,-0.0028548015956363294,1.2101848339065511e-05,0.0019300503338314985
1635776746596,2021-11-01T10:25:46.596,11.41,-0.004114010172871515,-0.0010251623453916936,0.0007083682001220021
1635776746606,2021-11-01T10:25:46.606,11.42,-0.005909392368051519,-0.001474824222242395,0.0011166560752043152
1635776746616,2021-11-01T10:25:46.616,11.43,-0.006333073047296207,-0.0010031537762177122,0.002357380145103572
1635776746626,2021-11-01T10:25:46.626,11.44,-0.0049681963035089205,-0.000532171272739158,0.0030428524303412192
1635776746636,2021-11-01T10:25:46.636,11.45,-0.0035143042095224595,-0.0007149631604813785,0.0034948971048616847
1635776746646,2021-11-01T10:25:46.646,11.46,-0.0032523774903291656,-0.0009877512625901053,0.004250110225529222
1635776746656,2021-11-01T10:25:46.656,11.47,-0.0033000716852629166,-0.0005571640733425484,0.0047641161007886375
1635776746666,2021-11-01T10:25:46.666,11.48,-0.0022862422628679977,0.0006505084707653392,0.004669329908683368
1635776746676,2021-11-01T10:25:46.676,11.49,-0.0004112809697527729,0.002137714662382062,0.0043179072920803765
1635776746686,2021-11-01T10:25:46.686,11.5,0.0011165758542024653,0.0031002818473139238,0.003865694462030906
1635776746696,2021-11-01T10:25:46.696,11.51,0.0018222940813509914,0.0028874611104608467,0.0033464629147121477
1635776746706,2021-11-01T10:25:46.706,11.52,0.0025057960622623457,0.0019937274960338375,0.0029917763259885897
1635776746716,2021-11-01T10:25:46.716,11.53,0.003988186225002272,0.0019084636055784125,0.0026271018289874483
1635776746726,2021-11-01T10:25:46.726,11.54,0.005335958015411915,0.0029518981154047293,0.00211641637668799
1635776746736,2021-11-01T10:25:46.736,11.55,0.004538055091799422,0.0031129170993567153,0.0021678154490827836
1635776746746,2021-11-01T10:25:46.746,11.56,0.0016964367438912745,0.0007560814105353832,0.0028854864901249697
1635776746756,2021-11-01T10:25:46.756,11.57,-0.00035640129362105526,-0.0023445935071514856,0.0028633537490352365
1635776746766,2021-11-01T10:25:46.766,11.58,0.0001794448910758655,-0.003352867926970077,0.0015671532760858126
1635776746776,2021-11-01T10:25:46.776,11.59,0.0017510578032305382,-0.0027140909943394794,0.0006544171593504548
1635776746786,2021-11-01T10:25:46.786,11.6,0.0021611625247387107,-0.0023220479368951,0.0013693878142151364
1635776746796,2021-11-01T10:25:46.796,11.61,0.001604159456970245,-0.0010651795710560081,0.0025751652108727645
1635776746806,2021-11-01T10:25:46.806,11.62,0.00168807326181319,0.002518835533628709,0.002550994313431372
1635776746816,2021-11-01T10:25:46.816,11.63,0.0028740633337441465,0.005320501644644876,0.001265581742615269
1635776746826,2021-11-01T10:25:46.826,11.64,0.003946401087650055,0.003681542021459592,0.00015897378638416305
1635776746836,2021-11-01T10:25:46.836,11.65,0.0035327926478955253,5.547598886610698e-05,0.0006861803612193866
1635776746846,2021-11-01T10:25:46.846,11.66,0.0018347260232015774,-0.0007976900936489342,0.0031747948086165694
1635776746856,2021-11-01T10:25:46.856,11.67,0.0006040159151399422,0.00041089675925988533,0.006251249938567778
1635776746866,2021-11-01T10:25:46.866,11.68,0.0009716386978778,-6.979439666406388e-05,0.007877040376825295
1635776746876,2021-11-01T10:25:46.876,11.69,0.0018395639345443273,-0.0021186995148248385,0.007674862272990883
1635776746886,2021-11-01T10:25:46.886,11.7,0.0013677600457708819,-0.0034370024053216397,0.00719113010682288
1635776746896,2021-11-01T10:25:46.896,11.71,-0.00036377017308743053,-0.00422229489938188,0.007431354281817657
1635776746906,2021-11-01T10:25:46.906,11.72,-0.0014292947086765497,-0.004890221894860868,0.007678873992248574
1635776746916,2021-11-01T10:25:46.916,11.73,-0.0008861299627089641,-0.003923167167181595,0.007195711944380028
1635776746926,2021-11-01T10:25:46.926,11.74,-0.00022221945493958693,-0.0018304285359853991,0.006550032226576387
1635776746936,2021-11-01T10:25:46.936,11.75,-0.0009406732629343125,-0.001451573360013695,0.00645760882527291
1635776746946,2021-11-01T10:25:46.946,11.76,-0.0017911967680041235,-0.002046050741674284,0.006415011798064923
1635776746956,2021-11-01T10:25:46.956,11.77,-0.0008173777347657762,7.327444175592962e-05,0.005761946187979628
1635776746966,2021-11-01T10:25:46.966,11.78,0.0005473667858263735,0.004161928721099898,0.005342951382829
1635776746976,2021-11-01T10:25:46.976,11.79,-0.0007346720490034298,0.005955030094999656,0.006199805828966527
1635776746986,2021-11-01T10:25:46.986,11.8,-0.00381246026764394,0.005636090617447931,0.0072333598639654495
1635776746996,2021-11-01T10:25:46.996,11.81,-0.004935293157544134,0.00701343626268243,0.00669050682682041
1635776747006,2021-11-01T10:25:47.006,11.82,-0.0036138971894046886,0.00983654825229161,0.005257238156313741
1635776747016,2021-11-01T10:25:47.016,11.83,-0.003005458670103895,0.010114610723983642,0.004868164533245545
1635776747026,2021-11-01T10:25:47.026,11.84,-0.004497250039124821,0.006621783230922309,0.005611906931820377
1635776747036,2021-11-01T10:25:47.036,11.85,-0.006138544991662777,0.0017484075434054417,0.006526856373268882
1635776747046,2021-11-01T10:25:47.046,11.86,-0.006230969345103091,-0.002038795146200347,0.007543349298097846
1635776747056,2021-11-01T10:25:47.056,11.87,-0.005374391123991025,-0.003179808036420366,0.008208319101522287
1635776747066,2021-11-01T10:25:47.066,11.88,-0.005065436086322496,-0.0011022754230395415,0.00715963693994109
1635776747076,2021-11-01T10:25:47.076,11.89,-0.005908632190292374,0.002624613095025901,0.0049791233271292675
1635776747086,2021-11-01T10:25:47.086,11.9,-0.007030775809586896,0.005379134486694217,0.004514725413467408
1635776747096,2021-11-01T10:25:47.096,11.91,-0.0069779284559988684,0.005959318598806978,0.006679791044526411
1635776747106,2021-11-01T10:25:47.106,11.92,-0.005603625202980809,0.004366790739212666,0.008941947511218115
1635776747116,2021-11-01T10:25:47.116,11.93,-0.004456016138287372,0.0010297891362196986,0.009146613946693812
1635776747126,2021-11-01T10:25:47.126,11.94,-0.004553609702641161,-0.002068668004378525,0.008052269358915096
1635776747136,2021-11-01T10:25:47.136,11.95,-0.004797606160823311,-0.0024034717072226783,0.007213945743889153
1635776747146,2021-11-01T10:25:47.146,11.96,-0.0038757248088084426,-0.0002764565268958539,0.006778906613854243
1635776747156,2021-11-01T10:25:47.156,11.97,-0.002789912302243281,0.001857542437400563,0.006370287402045606
1635776747166,2021-11-01T10:25:47.166,11.98,-0.0034629449902824133,0.0032153515492270917,0.0063285527238334475
1635776747176,2021-11-01T10:25:47.176,11.99,-0.005362295271339696,0.004486524243968117,0.00676742657742899
1635776747186,2021-11-01T10:25:47.186,12.0,-0.006138339777273142,0.005202685435012817,0.006639209047582898
1635776747196,2021-11-01T10:25:47.196,12.01,-0.005284039724048465,0.004763965685162563,0.005252583453386837
1635776747206,2021-11-01T10:25:47.206,12.02,-0.004220043207176745,0.004075810490307499,0.003727474229612832
1635776747216,2021-11-01T10:25:47.216,12.03,-0.0034648237827910274,0.0033765163173428547,0.00345590899577612
1635776747226,2021-11-01T10:25:47.226,12.04,-0.002688550729845178,0.0013309601829801434,0.004237347500224746
1635776747236,2021-11-01T10:25:47.236,12.05,-0.002275617937110863,-0.001594581575119213,0.005178358052800565
1635776747246,2021-11-01T10:25:47.246,12.06,-0.002382684394229272,-0.0024998168636255653,0.0059930311850836335
1635776747256,2021-11-01T10:25:47.256,12.07,-0.002183248521505355,-0.0005141085997251005,0.006497165131262793
1635776747266,2021-11-01T10:25:47.266,12.08,-0.00145052363659983,0.0017291901480027913,0.006422320658052028
1635776747276,2021-11-01T10:25:47.276,12.09,-0.0009087740472416456,0.0021407603064779626,0.006179333031583528
1635776747286,2021-11-01T10:25:47.286,12.1,-0.0007564980217706699,0.0014123127372175554,0.006291753060322905
1635776747296,2021-11-01T10:25:47.296,12.11,-0.0007878667500827123,0.0008064040508548725,0.006272727005053624
1635776747306,2021-11-01T10:25:47.306,12.12,-0.0012633145587006298,0.0004170203562717477,0.005457898693187819
1635776747316,2021-11-01T10:25:47.316,12.13,-0.002005111474355026,-0.00019899320386644387,0.004270065313703014
1635776747326,2021-11-01T10:25:47.326,12.14,-0.002019475797444967,-0.0012592257041646718,0.0034630971810779045
1635776747336,2021-11-01T10:25:47.336,12.15,-0.0012378302323881817,-0.0026038398337599783,0.002957462102942561
1635776747346,2021-11-01T10:25:47.346,12.16,-0.0009243362469148681,-0.003453774489903868,0.0022569208467900256
1635776747356,2021-11-01T10:25:47.356,12.17,-0.0014790160959640367,-0.00252577611624193,0.0012117906549845875
1635776747366,2021-11-01T10:25:47.366,12.18,-0.001579201760571473,0.00027446056496757465,2.2389369448973007e-05
1635776747376,2021-11-01T10:25:47.376,12.19,-0.0005067185572329338,0.002473085021274756,-0.0009062899706094677
1635776747386,2021-11-01T10:25:47.386,12.2,0.0001298324191278313,0.001893840250351397,-0.0013923518631857703
1635776747396,2021-11-01T10:25:47.396,12.21,-0.0013744989210018746,0.00044454094791434933,-0.0019956702796228775
1635776747406,2021-11-01T10:25:47.406,12.22,-0.0036626030772242495,0.0013629091312805913,-0.003192732710770387
1635776747416,2021-11-01T10:25:47.416,12.23,-0.0036357356361873946,0.0038087295521418716,-0.004387949627774217
1635776747426,2021-11-01T10:25:47.426,12.24,-0.0009610821757661343,0.0045441415551814995,-0.005087059770542064
1635776747436,2021-11-01T10:25:47.436,12.25,0.0012345207032648344,0.0035326580420285327,-0.005967580997318232
1635776747446,2021-11-01T10:25:47.446,12.26,0.0008531589079831172,0.003634659047805998,-0.007310185560185771
1635776747456,2021-11-01T10:25:47.456,12.27,-0.00044500943379992947,0.005741800758600339,-0.00806627346659131
1635776747466,2021-11-01T10:25:47.466,12.28,-0.00010542769707190715,0.007433618547257041,-0.007817687560243983
1635776747476,2021-11-01T10:25:47.476,12.29,0.0017066034264384814,0.0064159173735172615,-0.007617762100202054
1635776747486,2021-11-01T10:25:47.486,12.3,0.002642051516677851,0.0036573288597613563,-0.007892838094007777
1635776747496,2021-11-01T10:25:47.496,12.31,0.0015714486183785075,0.002341062571597978,-0.0076788335312166205
1635776747506,2021-11-01T10:25:47.506,12.32,0.0003580411876047151,0.003924983509701844,-0.006446844391225504
1635776747516,2021-11-01T10:25:47.516,12.33,0.0013409324547026427,0.006442776920518465,-0.0046432715951942065
1635776747526,2021-11-01T10:25:47.526,12.34,0.0038523831745458583,0.007182404783326594,-0.0026635209243528906
1635776747536,2021-11-01T10:25:47.536,12.35,0.0054291047297902,0.0057215613968798484,-0.0010515974398666876
1635776747546,2021-11-01T10:25:47.546,12.36,0.005559498811396264,0.003745266314784032,-0.0007422918097739074
1635776747556,2021-11-01T10:25:47.556,12.37,0.005269447217416963,0.0028841450813877536,-0.001698633796595309
1635776747566,2021-11-01T10:25:47.566,12.38,0.004304223870969482,0.0030111462768395323,-0.0024533362659152434
1635776747576,2021-11-01T10:25:47.576,12.39,0.0020045805441792908,0.0024034240534272495,-0.0019283622531110116
1635776747586,2021-11-01T10:25:47.586,12.4,-0.00035113856932205865,0.00014589646373759532,-0.0007322501159761713
1635776747596,2021-11-01T10:25:47.596,12.41,-0.0009820326360672213,-0.001875038100948173,3.8280173667823116e-05
1635776747606,2021-11-01T10:25:47.606,12.42,-0.00035770562525290825,-0.0011123857167663707,0.0002794299736458421
1635776747616,2021-11-01T10:25:47.616,12.43,-0.00045667292454254504,0.0014782892852447213,0.00024328587485599715
1635776747626,2021-11-01T10:25:47.626,12.44,-0.0019694375732850437,0.002008885953936425,-0.0002176824795006644
1635776747636,2021-11-01T10:25:47.636,12.45,-0.0037267907443421016,-0.0007040694329682397,-0.000615838933226898
1635776747646,2021-11-01T10:25:47.646,12.46,-0.004560496666185213,-0.0028344426995907815,1.5023453205698117e-05
1635776747656,2021-11-01T10:25:47.656,12.47,-0.004417500249258672,-0.0009522569733127188,0.0010028164748680326
1635776747666,2021-11-01T10:25:47.666,12.48,-0.0038018075181600643,0.002576550648794575,0.0006334335716327653
1635776747676,2021-11-01T10:25:47.676,12.49,-0.003425217722231264,0.002924675196187767,-0.000873228476723547
1635776747686,2021-11-01T10:25:47.686,12.5,-0.004147531122934336,-0.00017173705077636915,-0.0019243594909241545
1635776747696,2021-11-01T10:25:47.696,12.51,-0.0060106963597409135,-0.003054248849663168,-0.0025391282541602665
1635776747706,2021-11-01T10:25:47.706,12.52,-0.007679108520750704,-0.0039635809049911475,-0.0037373558653023965
1635776747716,2021-11-01T10:25:47.716,12.53,-0.007806121564957391,-0.0032810884200853265,-0.0050465847979979505
1635776747726,2021-11-01T10:25:47.726,12.54,-0.006657820640727695,-0.0008773240462093986,-0.005382082613618214
1635776747736,2021-11-01T10:25:47.736,12.55,-0.005625652369084156,0.002069000614926074,-0.005118183572843074
1635776747746,2021-11-01T10:25:47.746,12.56,-0.005172236952718439,0.00303702273109017,-0.005126807483209031
1635776747756,2021-11-01T10:25:47.756,12.57,-0.004214992784815069,0.003115951265508768,-0.005184095083085925
1635776747766,2021-11-01T10:25:47.766,12.58,-0.002210781799597563,0.005832007928924401,-0.004847675667584761
1635776747776,2021-11-01T10:25:47.776,12.59,-0.0007338058734464415,0.009715991717692697,-0.004394136612506985
1635776747786,2021-11-01T10:25:47.786,12.6,-0.001492766863974615,0.009609603701946981,-0.004030432317212706
1635776747796,2021-11-01T10:25:47.796,12.61,-0.003575884886064864,0.0057904271252191275,-0.00367562559439426
1635776747806,2021-11-01T10:25:47.806,12.62,-0.004438731793548567,0.0038093138520227587,-0.0036741711443035075
1635776747816,2021-11-01T10:25:47.816,12.63,-0.003336852531920778,0.004918141062486697,-0.004327156744620418
1635776747826,2021-11-01T10:25:47.826,12.64,-0.002149343487436986,0.004559901552817789,-0.005019726752135465
1635776747836,2021-11-01T10:25:47.836,12.65,-0.002549451949130281,0.0012988796075063516,-0.004968648612722797
1635776747846,2021-11-01T10:25:47.846,12.66,-0.003730912677622712,-0.000422963371035152,-0.004427892768637554
1635776747856,2021-11-01T10:25:47.856,12.67,-0.00390926065879524,0.0016591111638999312,-0.00424365783923985
1635776747866,2021-11-01T10:25:47.866,12.68,-0.003157425729062144,0.0038943553261584912,-0.00449514107820515
1635776747876,2021-11-01T10:25:47.876,12.69,-0.003068597498441475,0.0035392558656800006,-0.004467682122024271
1635776747886,2021-11-01T10:25:47.886,12.7,-0.003967989292792381,0.002922005809952859,-0.004039454381691267
1635776747896,2021-11-01T10:25:47.896,12.71,-0.004551321788628096,0.003776631992396957,-0.004118573203653275
1635776747906,2021-11-01T10:25:47.906,12.72,-0.004302807115857262,0.003147351988362673,-0.0050781432438499405
1635776747916,2021-11-01T10:25:47.916,12.73,-0.004009706437007595,-0.0009504476858728394,-0.005608895261459043
1635776747926,2021-11-01T10:25:47.926,12.74,-0.0036123135740863113,-0.004450225716931175,-0.004322308797840578
1635776747936,2021-11-01T10:25:47.936,12.75,-0.002040958293257212,-0.0031118920704341787,-0.001976159839880093
1635776747946,2021-11-01T10:25:47.946,12.76,0.00010740690508110023,6.666057612733189e-05,-0.0006656395100369351
1635776747956,2021-11-01T10:25:47.956,12.77,0.0005647354565451939,-0.0005242383818784438,-0.0011112709976592952
1635776747966,2021-11-01T10:25:47.966,12.78,-0.0007495109919513014,-0.003668632686777352,-0.002020980183694514
1635776747976,2021-11-01T10:25:47.976,12.79,-0.0009668401164971451,-0.003267764510158236,-0.0019291460958723633
1635776747986,2021-11-01T10:25:47.986,12.8,0.0012680077871232032,0.0015758312914989094,-0.0008578320959564166
1635776747996,2021-11-01T10:25:47.996,12.81,0.0037380728463605436,0.005035092801320715,-1.215957505182097e-06
1635776748006,2021-11-01T10:25:48.006,12.82,0.004289801847776596,0.0032376296646456897,8.827370937964191e-05
1635776748016,2021-11-01T10:25:48.016,12.83,0.0036403104023625837,-0.0012420714189916482,0.00018475382488209222
1635776748026,2021-11-01T10:25:48.026,12.84,0.003574001640404393,-0.004349412440124448,0.0007159865926318716
1635776748036,2021-11-01T10:25:48.036,12.85,0.004650154316437244,-0.004932127722451305,0.0007805169028804496
1635776748046,2021-11-01T10:25:48.046,12.86,0.006288532323325454,-0.0032975118280770977,-0.00010502661737259202
1635776748056,2021-11-01T10:25:48.056,12.87,0.007338677963815073,-0.00036499371316260415,-0.0009184314167085376
1635776748066,2021-11-01T10:25:48.066,12.88,0.006584265059460744,0.0011763800118562502,-0.001080261558196229
1635776748076,2021-11-01T10:25:48.076,12.89,0.004227365781525873,-0.00034744247006089136,-0.001593348901002321
1635776748086,2021-11-01T10:25:48.086,12.9,0.0021329473782109275,-0.0022897908395438805,-0.002772427711454154
1635776748096,2021-11-01T10:25:48.096,12.91,0.001299142253690298,-0.0017560132918117775,-0.0031280379155517236
1635776748106,2021-11-01T10:25:48.106,12.92,0.0006129363511126536,-0.0005708663611022915,-0.0023030469844574344
1635776748116,2021-11-01T10:25:48.116,12.93,-0.0008638714698273618,-0.001510127554857534,-0.002526118388743318
1635776748126,2021-11-01T10:25:48.126,12.94,-0.002376212161932049,-0.003147834616256329,-0.005007881587827081
1635776748136,2021-11-01T10:25:48.136,12.95,-0.003030279663672107,-0.0030958601036531683,-0.007552334352241466
1635776748146,2021-11-01T10:25:48.146,12.96,-0.0030587832957137033,-0.0024668062021218824,-0.008029421058713102
1635776748156,2021-11-01T10:25:48.156,12.97,-0.0029630049107739823,-0.002700905855190832,-0.007624193267552298
1635776748166,2021-11-01T10:25:48.166,12.98,-0.002781512729890156,-0.002017031453951628,-0.008420470463423372
1635776748176,2021-11-01T10:25:48.176,12.99,-0.002772372192162204,0.0005686522883873505,-0.010045161044655353
1635776748186,2021-11-01T10:25:48.186,13.0,-0.00359398326441193,0.0019636580811937844,-0.01071599904134231
1635776748196,2021-11-01T10:25:48.196,13.01,-0.005018207194969948,0.00034423708822166853,-0.01018658224295808
1635776748206,2021-11-01T10:25:48.206,13.02,-0.005648343975455846,-0.0006528712381350505,-0.009925129727989429
1635776748216,2021-11-01T10:25:48.216,13.03,-0.004664690881434637,0.002106359899248711,-0.01046304631052333
1635776748226,2021-11-01T10:25:48.226,13.04,-0.002773322546875388,0.005507505718754616,-0.010233062186394902
1635776748236,2021-11-01T10:25:48.236,13.05,-0.0011676186049734863,0.00535222613685982,-0.008366611016056125
1635776748246,2021-11-01T10:25:48.246,13.06,-0.00037184125310708513,0.003080323517407834,-0.00679260372791041
1635776748256,2021-11-01T10:25:48.256,13.07,2.0496016853804724e-05,0.002443737426598526,-0.007405942210713225
1635776748266,2021-11-01T10:25:48.266,13.08,0.000665611220212081,0.003400687638606888,-0.009079129897373348
1635776748276,2021-11-01T10:25:48.276,13.09,0.001539478615714772,0.00385084745714577,-0.009422579819214096
1635776748286,2021-11-01T10:25:48.286,13.1,0.0023405588973089463,0.0037442375709843497,-0.007898684297658467
1635776748296,2021-11-01T10:25:48.296,13.11,0.003383249735858771,0.0036729258282834536,-0.006062080102202246
1635776748306,2021-11-01T10:25:48.306,13.12,0.005061595746176114,0.002760111263633574,-0.005449150008731373
1635776748316,2021-11-01T10:25:48.316,13.13,0.0070667934367198895,0.0005940089174880346,-0.005613273057790947
1635776748326,2021-11-01T10:25:48.326,13.14,0.008624257403554937,-0.0015471342914404192,-0.0048100323225428905
1635776748336,2021-11-01T10:25:48.336,13.15,0.009139619517082713,-0.0025216460548279605,-0.002734507394545502
1635776748346,2021-11-01T10:25:48.346,13.16,0.009005749220718789,-0.002303925541822041,-0.0008647858533229877
1635776748356,2021-11-01T10:25:48.356,13.17,0.009202789520633236,-0.0015141656724572622,0.00013747686792366397
1635776748366,2021-11-01T10:25:48.366,13.18,0.009220345387846125,-0.0012467981173481144,0.0010300356698616866
1635776748376,2021-11-01T10:25:48.376,13.19,0.007552943461431897,-0.002116289758389708,0.0020434783610407473
1635776748386,2021-11-01T10:25:48.386,13.2,0.005285772114779728,-0.003185430064870441,0.0026189582598982086
1635776748396,2021-11-01T10:25:48.396,13.21,0.00541380794624205,-0.0033913738072704077,0.002630992486914022
1635776748406,2021-11-01T10:25:48.406,13.22,0.007554270870948619,-0.0033615477633250823,0.0023260047835462327
1635776748416,2021-11-01T10:25:48.416,13.23,0.007881895920185962,-0.0041198719665655,0.001797361746756163
1635776748426,2021-11-01T10:25:48.426,13.24,0.0050500901471320706,-0.005085298385278211,0.0010250138299858478
1635776748436,2021-11-01T10:25:48.436,13.25,0.0016915599024732854,-0.005162602466677528,-0.00011667204457449486
1635776748446,2021-11-01T10:25:48.446,13.26,-6.884951625801245e-05,-0.004849338820299361,-0.0014263490625459011
1635776748456,2021-11-01T10:25:48.456,13.27,-0.0005317452742650907,-0.005283197793477011,-0.0021393150282832457
1635776748466,2021-11-01T10:25:48.466,13.28,-0.0002981635023270947,-0.005575863328205744,-0.002331090034250107
1635776748476,2021-11-01T10:25:48.476,13.29,0.0003723437337457961,-0.003431382755860696,-0.0036080261010863293
1635776748486,2021-11-01T10:25:48.486,13.3,0.0006574263470688515,0.00046374106824626925,-0.0066350631662713735
1635776748496,2021-11-01T10:25:48.496,13.31,-2.3065719199717803e-05,0.001318249095898255,-0.009039293035185783
1635776748506,2021-11-01T10:25:48.506,13.32,-0.0007194962067508385,-0.002977946050325404,-0.008033771974438959
1635776748516,2021-11-01T10:25:48.516,13.33,0.0002656318574351338,-0.0067266797654321284,-0.004901401873796505
1635776748526,2021-11-01T10:25:48.526,13.34,0.003111508419767137,-0.004166090267333418,-0.004217647412372088
1635776748536,2021-11-01T10:25:48.536,13.35,0.0054670959891776425,0.0008938906077816495,-0.007451692837119457
1635776748546,2021-11-01T10:25:48.546,13.36,0.004967661161658031,0.0016605593848902354,-0.010382734758648818
1635776748556,2021-11-01T10:25:48.556,13.37,0.002621479518945728,0.00029935018891140766,-0.009405511097117054
1635776748566,2021-11-01T10:25:48.566,13.38,0.0013305607750199676,0.002444167889430124,-0.0067893929265305086
1635776748576,2021-11-01T10:25:48.576,13.39,0.0014862589852560227,0.004900337271027,-0.006090363386598846
1635776748586,2021-11-01T10:25:48.586,13.4,0.0013968720622288399,0.001185343331390552,-0.006396057478227322
1635776748596,2021-11-01T10:25:48.596,13.41,0.0011569099920317066,-0.005850730027188679,-0.005087055762699228
1635776748606,2021-11-01T10:25:48.606,13.42,0.002026833080316011,-0.008637308888780466,-0.0024604259537719135
1635776748616,2021-11-01T10:25:48.616,13.43,0.003085010404046391,-0.006672022303459779,-0.0004190086762207376
1635776748626,2021-11-01T10:25:48.626,13.44,0.002566247104566338,-0.004111824054795571,0.0003113967923578694
1635776748636,2021-11-01T10:25:48.636,13.45,0.00119438176905786,-0.001743783467865303,0.00011353072802771635
1635776748646,2021-11-01T10:25:48.646,13.46,0.0006283333539628714,0.0007628851197108479,-0.00017200916924501645
1635776748656,2021-11-01T10:25:48.656,13.47,0.0005771625693871469,0.0006722411780593014,0.0001494875535433213
1635776748666,2021-11-01T10:25:48.666,13.48,0.0005535770712294196,-0.0032847243110539744,0.0007531495486130678
1635776748676,2021-11-01T10:25:48.676,13.49,0.0017462911109425128,-0.007323494392000529,0.0010557944382699562
1635776748686,2021-11-01T10:25:48.686,13.5,0.004340093058572218,-0.008242860371763987,0.0014318672591975513
1635776748696,2021-11-01T10:25:48.696,13.51,0.006070793175921432,-0.00795804847026525,0.002267321297554215
1635776748706,2021-11-01T10:25:48.706,13.52,0.00569012839432372,-0.00887745341849091,0.0030082452635924128
1635776748716,2021-11-01T10:25:48.716,13.53,0.004807733072180112,-0.009397640680007936,0.0033365979891055884
1635776748726,2021-11-01T10:25:48.726,13.54,0.0049248863491713315,-0.00746679531470823,0.0038070855288852064
1635776748736,2021-11-01T10:25:48.736,13.55,0.005471855297126118,-0.004645857954503371,0.0044430937081693204
1635776748746,2021-11-01T10:25:48.746,13.56,0.005604238795311301,-0.003162903782259794,0.004327644610397089
1635776748756,2021-11-01T10:25:48.756,13.57,0.005808509068297061,-0.0022102279214976524,0.0033459217044998863
1635776748766,2021-11-01T10:25:48.766,13.58,0.006904667183909913,-0.000794938554022811,0.0024795911756878373
1635776748776,2021-11-01T10:25:48.776,13.59,0.00834693056317688,-0.0012478588429856473,0.0018263670930260632
1635776748786,2021-11-01T10:25:48.786,13.6,0.00849547720028086,-0.004947089328750546,0.0006108733994810375
1635776748796,2021-11-01T10:25:48.796,13.61,0.00692170889385599,-0.007065967273386229,-0.0007017863123699303
1635776748806,2021-11-01T10:25:48.806,13.62,0.005282152524805875,-0.0026857410901884,-0.00099631703676672
1635776748816,2021-11-01T10:25:48.816,13.63,0.0047304578418740076,0.0036499527693947243,-0.000943384523429126
1635776748826,2021-11-01T10:25:48.826,13.64,0.004055368650274108,0.003610327779884519,-0.0020638383224861113
1635776748836,2021-11-01T10:25:48.836,13.65,0.0022515670044218677,-0.0014937065325946995,-0.003756685797597971
1635776748846,2021-11-01T10:25:48.846,13.66,0.0008718970312014933,-0.0036186573870281556,-0.0037791279910163724
1635776748856,2021-11-01T10:25:48.856,13.67,0.0013558247793471478,-0.0017309946933902866,-0.0016321549622127524
1635776748866,2021-11-01T10:25:48.866,13.68,0.0022682082000130875,-0.0012402039042780986,0.00039327958007383154
1635776748876,2021-11-01T10:25:48.876,13.69,0.0018021268935107043,-0.0029534162515151,6.97989927223319e-05
1635776748886,2021-11-01T10:25:48.886,13.7,0.0007005607258747691,-0.003106021813452,-0.0019824631909538255
1635776748896,2021-11-01T10:25:48.896,13.71,0.00028933255472867814,-0.0011070214379480347,-0.0034839056758442337
1635776748906,2021-11-01T10:25:48.906,13.72,-4.402962885362509e-05,0.0004117589599619011,-0.003708135638255808
1635776748916,2021-11-01T10:25:48.916,13.73,-0.0012384909735604019,0.0001520790110370846,-0.0036399883057204813
1635776748926,2021-11-01T10:25:48.926,13.74,-0.0025229358686870698,-0.0012952085832429515,-0.0036229852658509224
1635776748936,2021-11-01T10:25:48.936,13.75,-0.002760299540639437,-0.0028828282090035714,-0.0032853625307527464
1635776748946,2021-11-01T10:25:48.946,13.76,-0.0020377580701066377,-0.003926072651136415,-0.002927854681388911
1635776748956,2021-11-01T10:25:48.956,13.77,-0.0007823902904814488,-0.004612297685241758,-0.002621892229725099
1635776748966,2021-11-01T10:25:48.966,13.78,0.0008741515204495104,-0.005046078916375494,-0.0013585631849548582
1635776748976,2021-11-01T10:25:48.976,13.79,0.0022599958439015614,-0.004530597581598111,0.0011354675972071327
1635776748986,2021-11-01T10:25:48.986,13.8,0.0026842015507436614,-0.0034788539145652565,0.003555280608446126
1635776748996,2021-11-01T10:25:48.996,13.81,0.0029550564615105014,-0.00381188965952614,0.004824063555301829
1635776749006,2021-11-01T10:25:49.006,13.82,0.004303583089300702,-0.005407586215216831,0.0051208132710758286
1635776749016,2021-11-01T10:25:49.016,13.83,0.005949049885763849,-0.005554909594825441,0.005092111438543613
1635776749026,2021-11-01T10:25:49.026,13.84,0.006061306101040994,-0.004019244353270668,0.005122624839108357
1635776749036,2021-11-01T10:25:49.036,13.85,0.0051593123311197255,-0.004059661949220583,0.0054039928981062385
1635776749046,2021-11-01T10:25:49.046,13.86,0.005792843912699155,-0.006124569956144508,0.006165626374847945
1635776749056,2021-11-01T10:25:49.056,13.87,0.008121134947014667,-0.006139434838679627,0.007159341931348871
1635776749066,2021-11-01T10:25:49.066,13.88,0.009082433078366309,-0.00297766805519353,0.007329005013138135
1635776749076,2021-11-01T10:25:49.076,13.89,0.007442215536517643,-0.0015785219103094286,0.0061825510240047475
1635776749086,2021-11-01T10:25:49.086,13.9,0.005957536357541529,-0.004788686136820779,0.004784366850444565
1635776749096,2021-11-01T10:25:49.096,13.91,0.006797529447643193,-0.007982850927518432,0.0042736505492344
1635776749106,2021-11-01T10:25:49.106,13.92,0.008522822486004718,-0.00649346397968318,0.004469862823786247
1635776749116,2021-11-01T10:25:49.116,13.93,0.008835765463845886,-0.0029087501904257332,0.004678517463218259
1635776749126,2021-11-01T10:25:49.126,13.94,0.007223299268955265,-0.0017472939667634003,0.0047910333392234185
1635776749136,2021-11-01T10:25:49.136,13.95,0.00458664943874083,-0.0020852692627682167,0.005036195924993147
1635776749146,2021-11-01T10:25:49.146,13.96,0.0024107561654526048,-0.0010495517771444227,0.005346371883748892
1635776749156,2021-11-01T10:25:49.156,13.97,0.0017945501882552244,9.97611055119718e-05,0.00552516279461121
1635776749166,2021-11-01T10:25:49.166,13.98,0.002118175778004666,-0.0011279530272179333,0.005558733454881119
1635776749176,2021-11-01T10:25:49.176,13.99,0.0016898014440026744,-0.0032720665738098153,0.005238708680922849
1635776749186,2021-11-01T10:25:49.186,14.0,0.00022354228765685805,-0.003360293210672981,0.00440865169717425
1635776749196,2021-11-01T10:25:49.196,14.01,-0.0007722052869748208,-0.0018615328684986419,0.003940479378035272
1635776749206,2021-11-01T10:25:49.206,14.02,-0.0004691065654099318,-0.0015843582201167054,0.00468622517433638
1635776749216,2021-11-01T10:25:49.216,14.03,0.000153571959320075,-0.0032838203188005257,0.0055898698976796415
1635776749226,2021-11-01T10:25:49.226,14.04,0.0002843286204569143,-0.005014831186834394,0.005201084966735376
1635776749236,2021-11-01T10:25:49.236,14.05,0.0005261282521873214,-0.0049496392848500225,0.004086138841946634
1635776749246,2021-11-01T10:25:49.246,14.06,0.0012411144085632017,-0.0031832038317278774,0.003606957569580972
1635776749256,2021-11-01T10:25:49.256,14.07,0.0015505467270933025,-0.00136960315601946,0.004125065628956625
1635776749266,2021-11-01T10:25:49.266,14.08,0.001210918467203107,-0.0008375600629088057,0.005330022633734816
1635776749276,2021-11-01T10:25:49.276,14.09,0.0015293655025715855,-0.0006043227730822466,0.006157951491680318
1635776749286,2021-11-01T10:25:49.286,14.1,0.0028666145774092827,0.0010284462268654146,0.00522449838629286
1635776749296,2021-11-01T10:25:49.296,14.11,0.003229809310908175,0.002908039361166869,0.003212973575343465
1635776749306,2021-11-01T10:25:49.306,14.12,0.001234423782291871,0.0027062305140374285,0.0024334638783731896
1635776749316,2021-11-01T10:25:49.316,14.13,-0.0013184422939854139,0.0013935126116732563,0.0030366685305662656
1635776749326,2021-11-01T10:25:49.326,14.14,-0.0019580245646623616,0.0015766578659346122,0.0030762622014208715
1635776749336,2021-11-01T10:25:49.336,14.15,-0.0013373677822579835,0.0029092972399602634,0.002428905441316673
1635776749346,2021-11-01T10:25:49.346,14.16,-0.002079036950618094,0.003153787852685797,0.002958889430043009
1635776749356,2021-11-01T10:25:49.356,14.17,-0.004483051234504359,0.0018679006793985496,0.005002862776404983
1635776749366,2021-11-01T10:25:49.366,14.18,-0.006166230149437898,0.0002244611263526617,0.006806257224563758
1635776749376,2021-11-01T10:25:49.376,14.19,-0.005953972259546197,-0.0006684911677274292,0.007174660912390884
1635776749386,2021-11-01T10:25:49.386,14.2,-0.0052937867370565555,0.00032442937146328574,0.006423488811148627
1635776749396,2021-11-01T10:25:49.396,14.21,-0.0055901458574136205,0.0033628776330468088,0.005234526796324558
1635776749406,2021-11-01T10:25:49.406,14.22,-0.006675494353535838,0.005606401818799136,0.0043429435607865
1635776749416,2021-11-01T10:25:49.416,14.23,-0.007894246872941104,0.0037515671154080073,0.004465567367141668
1635776749426,2021-11-01T10:25:49.426,14.24,-0.008719911817958276,-0.0007465394797452726,0.005203056842410561
1635776749436,2021-11-01T10:25:49.436,14.25,-0.00878574982648268,-0.0031495711946257585,0.0053668885973636605
1635776749446,2021-11-01T10:25:49.446,14.26,-0.008416420983318351,-0.002331065238346357,0.005100542725426348
1635776749456,2021-11-01T10:25:49.456,14.27,-0.008122076193398466,-0.0013017777935372878,0.005609869253070636
1635776749466,2021-11-01T10:25:49.466,14.28,-0.007411772368809346,-0.0010606008239100757,0.006431934244634915
1635776749476,2021-11-01T10:25:49.476,14.29,-0.0056260384333003035,0.0003467735105697922,0.005747332420893213
1635776749486,2021-11-01T10:25:49.486,14.3,-0.0036954678181182,0.002635826731149618,0.00392171686735305
1635776749496,2021-11-01T10:25:49.496,14.31,-0.0033000387034073987,0.0029694799485815164,0.0035514638343077665
1635776749506,2021-11-01T10:25:49.506,14.32,-0.004186214701787144,0.0012415216426471987,0.005186248554836443
1635776749516,2021-11-01T10:25:49.516,14.33,-0.004061140274262514,0.0006523125989047792,0.006411299075392087
1635776749526,2021-11-01T10:25:49.526,14.34,-0.0018050738609180085,0.0024354505136476023,0.006059317109704823
1635776749536,2021-11-01T10:25:49.536,14.35,0.0010244407289826912,0.0038673562910510662,0.005735714791249727
1635776749546,2021-11-01T10:25:49.546,14.36,0.0028917554580911616,0.0023083682682290604,0.006372845359961275
1635776749556,2021-11-01T10:25:49.556,14.37,0.004287129415854278,-0.0010218011988839067,0.006674678735210666
1635776749566,2021-11-01T10:25:49.566,14.38,0.005657388200569978,-0.002305178589706862,0.005490229715577652
1635776749576,2021-11-01T10:25:49.576,14.39,0.005782395718122895,0.00018464094118210065,0.0032472970293991833
1635776749586,2021-11-01T10:25:49.586,14.4,0.004039140485443142,0.003887020514939335,0.0010439657767943884
1635776749596,2021-11-01T10:25:49.596,14.41,0.002090725290602639,0.0056434342849808455,-0.00041225915125155024
1635776749606,2021-11-01T10:25:49.606,14.42,0.0014811556524819344,0.005571309212694475,-0.0012368756635276921
1635776749616,2021-11-01T10:25:49.616,14.43,0.001382457392990299,0.004833465489118262,-0.0020020066759061077
1635776749626,2021-11-01T10:25:49.626,14.44,0.0001969151909703304,0.002623725469140273,-0.0030439589251107946
1635776749636,2021-11-01T10:25:49.636,14.45,-0.00213671686864503,-0.0010783326334351361,-0.004550509608996208
1635776749646,2021-11-01T10:25:49.646,14.46,-0.004466162370212503,-0.0030389914384861333,-0.006615174944672793
1635776749656,2021-11-01T10:25:49.656,14.47,-0.005965929799308471,-0.0008707751803237335,-0.00866910461749332
1635776749666,2021-11-01T10:25:49.666,14.48,-0.006669655906678743,0.0030880951677846815,-0.009916115189019695
1635776749676,2021-11-01T10:25:49.676,14.49,-0.006884522873257703,0.005018120090285332,-0.010327292407472646
1635776749686,2021-11-01T10:25:49.686,14.5,-0.006636816356683098,0.004485541124941083,-0.010117187418955098
1635776749696,2021-11-01T10:25:49.696,14.51,-0.006067751138123866,0.0037227416921400383,-0.009084692582289519
1635776749706,2021-11-01T10:25:49.706,14.52,-0.005753530349853981,0.00381321516726981,-0.007500130619905716
1635776749716,2021-11-01T10:25:49.716,14.53,-0.005790633440642841,0.0037869756403608214,-0.00625823891583469
1635776749726,2021-11-01T10:25:49.726,14.54,-0.005416532864273753,0.002906439965304027,-0.005470734573712563
1635776749736,2021-11-01T10:25:49.736,14.55,-0.004269847510808965,0.0021235393085112216,-0.004540687935495465
1635776749746,2021-11-01T10:25:49.746,14.56,-0.003098160434359233,0.002730162756380776,-0.003705933108895002
1635776749756,2021-11-01T10:25:49.756,14.57,-0.0030060295373509657,0.004284638972635583,-0.0037085834871082124
1635776749766,2021-11-01T10:25:49.766,14.58,-0.004278706201876341,0.004841445742378069,-0.004285290506881759
1635776749776,2021-11-01T10:25:49.776,14.59,-0.005443206898396104,0.0035600126899502614,-0.004590226643466786
1635776749786,2021-11-01T10:25:49.786,14.6,-0.004456823703336349,0.0020521357098175815,-0.004450192498999617
1635776749796,2021-11-01T10:25:49.796,14.61,-0.0017667869722649916,0.002087250376999755,-0.0039195637439317236
1635776749806,2021-11-01T10:25:49.806,14.62,6.794674589646969e-05,0.0032868563954927456,-0.002511119748611462
1635776749816,2021-11-01T10:25:49.816,14.63,0.0005267150790132213,0.00436207356630052,-0.00022791149587813025
1635776749826,2021-11-01T10:25:49.826,14.64,0.001504887376917373,0.0047684359024772706,0.0015280920587633785
1635776749836,2021-11-01T10:25:49.836,14.65,0.003247697496228333,0.0042122277198384465,0.0017076308402576878
1635776749846,2021-11-01T10:25:49.846,14.66,0.003900759941093454,0.002749223110221231,0.0013475132105092145
1635776749856,2021-11-01T10:25:49.856,14.67,0.00309295271131593,0.0016218991319447667,0.0017173153521666225
1635776749866,2021-11-01T10:25:49.866,14.68,0.0021789095780885594,0.0018678432312500316,0.002108867711923143
1635776749876,2021-11-01T10:25:49.876,14.69,0.001409097960011401,0.0025774167667038605,0.0015620410775256202
1635776749886,2021-11-01T10:25:49.886,14.7,0.00014904223978395623,0.00241792414353724,0.0010968839793789866
1635776749896,2021-11-01T10:25:49.896,14.71,-0.0009819942503657393,0.0018991440328862087,0.0021089717543234074
1635776749906,2021-11-01T10:25:49.906,14.72,-0.001015910667365326,0.0021885744962256686,0.00398008711347344
1635776749916,2021-11-01T10:25:49.916,14.73,-0.0006788678990657859,0.002691806478200414,0.004844211438989981
1635776749926,2021-11-01T10:25:49.926,14.74,-0.0012399801191203836,0.0018996734191866435,0.0038998708819538326
1635776749936,2021-11-01T10:25:49.936,14.75,-0.00235733819471828,-1.1839800544053932e-06,0.002319236133285145
1635776749946,2021-11-01T10:25:49.946,14.76,-0.0028522904181257063,-0.0012008090081483164,0.001965458337662686
1635776749956,2021-11-01T10:25:49.956,14.77,-0.0025570134798339863,-0.000680424708750763,0.0030229249686984827
1635776749966,2021-11-01T10:25:49.966,14.78,-0.002108226035372905,0.0006658154320733738,0.0037164341910475764
1635776749976,2021-11-01T10:25:49.976,14.79,-0.0019254660023669073,0.0013811862072824676,0.0031839411282341395
1635776749986,2021-11-01T10:25:49.986,14.8,-0.002119194389959449,0.0013943629819780272,0.0027697905577548244
1635776749996,2021-11-01T10:25:49.996,14.81,-0.0025373080987957227,0.0020478940348279398,0.0032491253903652773
1635776750006,2021-11-01T10:25:50.006,14.82,-0.002749730891344647,0.0037601297089954297,0.0033774143013593203
1635776750016,2021-11-01T10:25:50.016,14.83,-0.00268863346477398,0.0046982028971869535,0.00245851142265215
1635776750026,2021-11-01T10:25:50.026,14.84,-0.003014357555231206,0.003367462676621671,0.0015773760987168465
1635776750036,2021-11-01T10:25:50.036,14.85,-0.0041940225563369005,0.0013794082878078105,0.0014186567320637832
1635776750046,2021-11-01T10:25:50.046,14.86,-0.005613661847862303,0.0011910331758789874,0.0013539137567824312
1635776750056,2021-11-01T10:25:50.056,14.87,-0.0062811966551995675,0.002346455267031768,0.0011009099918370434
1635776750066,2021-11-01T10:25:50.066,14.88,-0.006095280536804533,0.0030329407722970787,0.0013109782618290866
1635776750076,2021-11-01T10:25:50.076,14.89,-0.005686893185984447,0.0036879519497739852,0.0021779426358997196
1635776750086,2021-11-01T10:25:50.086,14.9,-0.005311685900372431,0.00501032672645777,0.0028205362791823307
1635776750096,2021-11-01T10:25:50.096,14.91,-0.004735979607314609,0.00437369007680445,0.0025938748513481555
1635776750106,2021-11-01T10:25:50.106,14.92,-0.003926236332991659,-0.00019930847081167668,0.002091060387184992
1635776750116,2021-11-01T10:25:50.116,14.93,-0.0030676737390624383,-0.004139438523748371,0.0020187258717335836
1635776750126,2021-11-01T10:25:50.126,14.94,-0.0021550992169095274,-0.0017001230837250985,0.001849360828390041
1635776750136,2021-11-01T10:25:50.136,14.95,-0.001184240858591055,0.003733220653512615,0.0007938404806355527
1635776750146,2021-11-01T10:25:50.146,14.96,-0.000590872443988317,0.003916061893012385,-0.00037102960513260856
1635776750156,2021-11-01T10:25:50.156,14.97,-0.0009409902873829727,-0.0001052094235827845,-0.00015162648888500808
1635776750166,2021-11-01T10:25:50.166,14.98,-0.0020793805197919344,0.00042262907171457205,0.0009011226909475601
1635776750176,2021-11-01T10:25:50.176,14.99,-0.003004294504899927,0.006367538733691144,0.0005631412609965552
1635776750186,2021-11-01T10:25:50.186,15.0,-0.0027359898770408933,0.009829372755059334,-0.0014393534421569304
1635776750196,2021-11-01T10:25:50.196,15.01,-0.0011375580765881192,0.008480075125578307,-0.0029975183076059496
1635776750206,2021-11-01T10:25:50.206,15.02,0.0006902680326851837,0.007398160211001072,-0.003104157406507506
1635776750216,2021-11-01T10:25:50.216,15.03,0.0006358467528550081,0.007598062163735158,-0.0026544152170727923
1635776750226,2021-11-01T10:25:50.226,15.04,-0.0024718778162503116,0.005045599337785439,-0.0020364377217028857
1635776750236,2021-11-01T10:25:50.236,15.05,-0.006572872524732971,-4.91542532497309e-05,-0.0010252876083442321
1635776750246,2021-11-01T10:25:50.246,15.06,-0.007913615536787717,-0.002774634467299755,-0.0005403781493946026
1635776750256,2021-11-01T10:25:50.256,15.07,-0.005694622481250095,-0.0012061238736307532,-0.0015440114976865858
1635776750266,2021-11-01T10:25:50.266,15.08,-0.0031991064223732216,0.002226593168332887,-0.002550753776872234
1635776750276,2021-11-01T10:25:50.276,15.09,-0.003525158541445525,0.005349677674915041,-0.0014072198931253735
1635776750286,2021-11-01T10:25:50.286,15.1,-0.006098285823746025,0.007265682406028559,0.0005135844694502038
1635776750296,2021-11-01T10:25:50.296,15.11,-0.008204345385969362,0.0067148599625557765,-0.00012576256392953007
1635776750306,2021-11-01T10:25:50.306,15.12,-0.008530976032203577,0.003420490662343253,-0.0027304568725987
1635776750316,2021-11-01T10:25:50.316,15.13,-0.008152560732156859,-0.00027848553090451314,-0.0033708321907302864
1635776750326,2021-11-01T10:25:50.326,15.14,-0.008352425755963403,-0.0016907873231898152,-0.00126446494280559
1635776750336,2021-11-01T10:25:50.336,15.15,-0.008589903475645781,-0.0006822364878987489,0.0008443057717450739
1635776750346,2021-11-01T10:25:50.346,15.16,-0.007598832826305557,0.000819360673640428,0.0018693117985865647
1635776750356,2021-11-01T10:25:50.356,15.17,-0.005708085911689444,0.0012773478062615522,0.0023690816845352335
1635776750366,2021-11-01T10:25:50.366,15.18,-0.004356994784040344,0.0009255548548541843,0.001704398883052361
1635776750376,2021-11-01T10:25:50.376,15.19,-0.003814327063894904,0.001166638794863731,0.00014619303328038027
1635776750386,2021-11-01T10:25:50.386,15.2,-0.003288296897835245,0.002819953206466086,0.0001208503158190147
1635776750396,2021-11-01T10:25:50.396,15.21,-0.0027956647143033094,0.0050804061333257905,0.0018563784443296498
1635776750406,2021-11-01T10:25:50.406,15.22,-0.002921344199054132,0.006424566747893452,0.0022886061044102707
1635776750416,2021-11-01T10:25:50.416,15.23,-0.0032135084304671354,0.0061004736068605014,0.0001729727846188037
1635776750426,2021-11-01T10:25:50.426,15.24,-0.0026833776792668336,0.004289241704308938,-0.002057343474375182
1635776750436,2021-11-01T10:25:50.436,15.25,-0.0014534212155021009,0.001663706609035661,-0.0021605720116420484
1635776750446,2021-11-01T10:25:50.446,15.26,-0.0004950775106148234,-0.0003837236850987729,-0.00057413509027854
1635776750456,2021-11-01T10:25:50.456,15.27,-0.00026790587051175565,8.395708707320537e-05,0.0008956393014408874
1635776750466,2021-11-01T10:25:50.466,15.28,-0.0006992690193546068,0.0037371520867262482,0.001043675929863653
1635776750476,2021-11-01T10:25:50.476,15.29,-0.0019818898425082495,0.008100359417863742,0.0001420460442051218
1635776750486,2021-11-01T10:25:50.486,15.3,-0.004248660039161669,0.008885077331833125,-0.0005132580443631653
1635776750496,2021-11-01T10:25:50.496,15.31,-0.006455680794043927,0.004726605960760933,-0.00012315468184373004
1635776750506,2021-11-01T10:25:50.506,15.32,-0.0067538867096589095,-0.00039466061099923105,0.0006936131510666532
1635776750516,2021-11-01T10:25:50.516,15.33,-0.004890487995677571,-0.0018919135953327586,0.0008523096951549675
1635776750526,2021-11-01T10:25:50.526,15.34,-0.003398062679435225,-0.0006856847542108906,0.00013692569217148854
1635776750536,2021-11-01T10:25:50.536,15.35,-0.004570588399548216,-0.0008015195284950623,-0.0008282045021493735
1635776750546,2021-11-01T10:25:50.546,15.36,-0.0067808609580157705,-0.0021854188639718244,-0.0012664106734015608
1635776750556,2021-11-01T10:25:50.556,15.37,-0.006527955857111199,-0.0015125903698155006,-0.0008748010989259173
1635776750566,2021-11-01T10:25:50.566,15.38,-0.0037327759237809205,0.000978707806406029,-0.00025157783076296277
1635776750576,2021-11-01T10:25:50.576,15.39,-0.0014634813283821158,0.0019155360935487519,-8.492707787140538e-06
1635776750586,2021-11-01T10:25:50.586,15.4,-0.0007746522137323488,0.000982685299591072,0.00040329793337724165
1635776750596,2021-11-01T10:25:50.596,15.41,0.00015739123148339915,0.0005144497935697155,0.0015128954499787953
1635776750606,2021-11-01T10:25:50.606,15.42,0.0017962871670520913,0.00042229511806114896,0.002295158818872633
1635776750616,2021-11-01T10:25:50.616,15.43,0.0021196496936584106,-0.0006179231165680166,0.0016516691640068675
1635776750626,2021-11-01T10:25:50.626,15.44,0.0006256492744993251,-0.0009464077795813458,0.00033939762343203523
1635776750636,2021-11-01T10:25:50.636,15.45,0.000192426737713616,0.0012287444185207959,-9.777179776815642e-05
1635776750646,2021-11-01T10:25:50.646,15.46,0.00286705449187175,0.003193683253186566,0.0006345102299151524
1635776750656,2021-11-01T10:25:50.656,15.47,0.0061351044457061904,0.0019768547819888917,0.0014928165477518527
1635776750666,2021-11-01T10:25:50.666,15.48,0.006380711429525239,0.0001733660322347858,0.0014015811485266329
1635776750676,2021-11-01T10:25:50.676,15.49,0.00434251813637204,0.001294164284648036,0.00023060161191602456
1635776750686,2021-11-01T10:25:50.686,15.5,0.003558663414787846,0.0032588951210084935,-0.0011796866808037397
1635776750696,2021-11-01T10:25:50.696,15.51,0.004792959249382786,0.0029195684708448457,-0.001774955913149653
1635776750706,2021-11-01T10:25:50.706,15.52,0.005773283982576051,0.002195525025286498,-0.001297434954902039
1635776750716,2021-11-01T10:25:50.716,15.53,0.00543516459523475,0.0033746786372182646,-0.00048296133095810653
1635776750726,2021-11-01T10:25:50.726,15.54,0.004926848361685408,0.003890042317327894,-5.9006873670437113e-05
1635776750736,2021-11-01T10:25:50.736,15.55,0.004920583451933129,0.001703248522842819,-3.68729792200891e-05
1635776750746,2021-11-01T10:25:50.746,15.56,0.0048633508233598705,-1.0217220406621855e-05,-4.884914522428829e-05
1635776750756,2021-11-01T10:25:50.756,15.57,0.004821346690088423,0.0013016194994116682,0.00033826019602741083
1635776750766,2021-11-01T10:25:50.766,15.58,0.005484474577601824,0.0027519437085955158,0.0011926719249393228
1635776750776,2021-11-01T10:25:50.776,15.59,0.00598471256266448,0.0011564752040262266,0.0017242443489905318
1635776750786,2021-11-01T10:25:50.786,15.6,0.00433870314074115,-0.001982787185010863,0.0013937276383828032
1635776750796,2021-11-01T10:25:50.796,15.61,0.000960257889772361,-0.0038589591641675636,0.0010527984385800702
1635776750806,2021-11-01T10:25:50.806,15.62,-0.0010721678812218175,-0.004798698204710033,0.0014559754021192498
1635776750816,2021-11-01T10:25:50.816,15.63,-0.0006081028717429163,-0.006413197255895016,0.0019471889568206577
1635776750826,2021-11-01T10:25:50.826,15.64,-0.0002721507030539722,-0.00804176212697014,0.0018687598687414327
1635776750836,2021-11-01T10:25:50.836,15.65,-0.002004505469420993,-0.007946149510924304,0.001663186821308937
1635776750846,2021-11-01T10:25:50.846,15.66,-0.003962640517045023,-0.006430054697303513,0.001959111315038932
1635776750856,2021-11-01T10:25:50.856,15.67,-0.004071429664016599,-0.005290390809847443,0.0027337927446202783
1635776750866,2021-11-01T10:25:50.866,15.68,-0.0034113780887777964,-0.005128997410841551,0.0033347068050008652
1635776750876,2021-11-01T10:25:50.876,15.69,-0.0033980681320723177,-0.0050039421734885785,0.0029411250006725074
1635776750886,2021-11-01T10:25:50.886,15.7,-0.002842409560631704,-0.004478945641395659,0.0014785013279389296
1635776750896,2021-11-01T10:25:50.896,15.71,-0.0006906091244700844,-0.0047049288981875406,-0.0002156310395714435
1635776750906,2021-11-01T10:25:50.906,15.72,0.001433375164108584,-0.006427284167435334,-0.0013223707123310637
1635776750916,2021-11-01T10:25:50.916,15.73,0.0019520969087715692,-0.007781265834314206,-0.0011482103458961476
1635776750926,2021-11-01T10:25:50.926,15.74,0.0020130126885091644,-0.006281351366827866,0.0007370825684871091
1635776750936,2021-11-01T10:25:50.936,15.75,0.0035815935907471588,-0.0026542292942541845,0.002790340004212927
1635776750946,2021-11-01T10:25:50.946,15.76,0.006493404397179189,-0.0004321490737320404,0.00238099763952451
1635776750956,2021-11-01T10:25:50.956,15.77,0.009047172036600729,-0.0015172492863398787,4.128632358197748e-05
1635776750966,2021-11-01T10:25:50.966,15.78,0.010808142761763732,-0.003559494864051156,-0.0010447107621528668
1635776750976,2021-11-01T10:25:50.976,15.79,0.012444966584173265,-0.002993832371549498,-0.0005141732509601236
1635776750986,2021-11-01T10:25:50.986,15.8,0.01313764900451871,-0.00021408014024040247,-0.0007480675251668152
1635776750996,2021-11-01T10:25:50.996,15.81,0.011798608815769981,0.0010894482171628752,-0.0016470430747376164
1635776751006,2021-11-01T10:25:51.006,15.82,0.010278418197812427,-0.00014236892268731867,-0.0012050012752937496
1635776751016,2021-11-01T10:25:51.016,15.83,0.010895245079988715,-0.0011489551491509875,-0.000461172114899589
1635776751026,2021-11-01T10:25:51.026,15.84,0.012071428729368821,-0.0004773775592251428,-0.0019431174812153524
1635776751036,2021-11-01T10:25:51.036,15.85,0.011009214270464062,-2.2193469550792314e-05,-0.004198804777076336
1635776751046,2021-11-01T10:25:51.046,15.86,0.008738823484053436,-0.0011511347949864923,-0.003901087142055536
1635776751056,2021-11-01T10:25:51.056,15.87,0.008110419488712467,-0.002294209127787839,-0.0021060578802748003
1635776751066,2021-11-01T10:25:51.066,15.88,0.008719158356887833,-0.0018119822566881908,-0.0023349241683138272
1635776751076,2021-11-01T10:25:51.076,15.89,0.00778331724967546,-0.0006520234383404671,-0.004160885013176898
1635776751086,2021-11-01T10:25:51.086,15.9,0.004848036244179351,-0.00010121206844215095,-0.004625390843803397
1635776751096,2021-11-01T10:25:51.096,15.91,0.002310193509413708,0.0007590077460732439,-0.0038706125237938415
1635776751106,2021-11-01T10:25:51.106,15.92,0.0014774626407121454,0.002543494842696887,-0.00388456349523601
1635776751116,2021-11-01T10:25:51.116,15.93,0.000952092288476269,0.0027963853348909533,-0.003944512526276401
1635776751126,2021-11-01T10:25:51.126,15.94,-0.00023414356837132198,-0.0006541394813211289,-0.002218447996432559
1635776751136,2021-11-01T10:25:51.136,15.95,-0.0006865903848844564,-0.005381745311030107,0.00011424741046637524
1635776751146,2021-11-01T10:25:51.146,15.96,0.0003098427233718023,-0.007223312470919601,0.0005994892608514809
1635776751156,2021-11-01T10:25:51.156,15.97,0.0007175288887236511,-0.005978584309144345,-0.00027771435982228566
1635776751166,2021-11-01T10:25:51.166,15.98,-0.0008693048572691111,-0.004617614915155184,-0.00033847456821439715
1635776751176,2021-11-01T10:25:51.176,15.99,-0.0027818347742678004,-0.004246186878771412,0.0002989934526015809
1635776751186,2021-11-01T10:25:51.186,16.0,-0.00341121612359925,-0.0034259113910147946,0.00010294216213809697
1635776751196,2021-11-01T10:25:51.196,16.01,-0.0035023220318032523,-0.0016951344640294668,-0.00026762660209209523
1635776751206,2021-11-01T10:25:51.206,16.02,-0.003752151442022001,-0.0008212689176013162,0.0009359239528933989
1635776751216,2021-11-01T10:25:51.216,16.03,-0.003462178585138956,-0.002360128838261155,0.0026353528388164404
1635776751226,2021-11-01T10:25:51.226,16.04,-0.002588192920503638,-0.005513723112824091,0.002035961304402174
1635776751236,2021-11-01T10:25:51.236,16.05,-0.002236438361264536,-0.007774109213183999,-0.00047698990972977544
1635776751246,2021-11-01T10:25:51.246,16.06,-0.0024959903757905896,-0.007071684383671735,-0.0013468274687112472
1635776751256,2021-11-01T10:25:51.256,16.07,-0.002100449599144856,-0.0035430753368420314,0.0007818394244620788
1635776751266,2021-11-01T10:25:51.266,16.08,-0.0007425890537300242,5.1958331450269526e-05,0.0030206631609385574
1635776751276,2021-11-01T10:25:51.276,16.09,0.00024233654994117632,0.0005834718940545894,0.0024818886237634834
1635776751286,2021-11-01T10:25:51.286,16.1,-5.296385850832067e-05,-0.0016244345933555601,7.475437933635444e-05
1635776751296,2021-11-01T10:25:51.296,16.11,-0.0011123569353837992,-0.0030366339669921673,-0.0014302834774268147
1635776751306,2021-11-01T10:25:51.306,16.12,-0.002087050109559236,-0.0022922234807589955,-0.0015999806808173354
1635776751316,2021-11-01T10:25:51.316,16.13,-0.002313282063839619,-0.001961607061585092,-0.002200688736389281
1635776751326,2021-11-01T10:25:51.326,16.14,-0.0015595714085872962,-0.0031339595478506815,-0.0036931049912870967
1635776751336,2021-11-01T10:25:51.336,16.15,-0.0009192835380750991,-0.0030223334612138643,-0.005049761316067205
1635776751346,2021-11-01T10:25:51.346,16.16,-0.0016919268564988153,-0.00020858750342244456,-0.006268744487822683
1635776751356,2021-11-01T10:25:51.356,16.17,-0.0028425396464211057,0.0028469082607481657,-0.007659735624949223
1635776751366,2021-11-01T10:25:51.366,16.18,-0.002047008851212246,0.004248579996803221,-0.008067713626545764
1635776751376,2021-11-01T10:25:51.376,16.19,0.0006503147379485409,0.004736190250627894,-0.007057116661064879
1635776751386,2021-11-01T10:25:51.386,16.2,0.002810006117103472,0.004751470481961692,-0.006636287646913303
1635776751396,2021-11-01T10:25:51.396,16.21,0.003177434423552658,0.0038424316929392506,-0.007826125040522892
1635776751406,2021-11-01T10:25:51.406,16.22,0.003023710805587845,0.0027115842592248017,-0.008337447768216474
1635776751416,2021-11-01T10:25:51.416,16.23,0.0036978366602304527,0.002334281860526577,-0.006430876051604799
1635776751426,2021-11-01T10:25:51.426,16.24,0.004593110860968589,0.0017766048840172745,-0.003962012946828106
1635776751436,2021-11-01T10:25:51.436,16.25,0.004468806331301321,-0.00038543252183465167,-0.0030566649190728115
1635776751446,2021-11-01T10:25:51.446,16.26,0.003814825706890121,-0.003151024335387286,-0.002922036592288021
1635776751456,2021-11-01T10:25:51.456,16.27,0.004115681837529229,-0.004007682944966731,-0.0021425133133305702
1635776751466,2021-11-01T10:25:51.466,16.28,0.004971703257009217,-0.0027158922250057047,-0.0011128368309006448
1635776751476,2021-11-01T10:25:51.476,16.29,0.004650200918835336,-0.0018044539663918775,-0.00034543938257066743
1635776751486,2021-11-01T10:25:51.486,16.3,0.003765468403219499,-0.0025892246184110192,0.0008845558201063931
1635776751496,2021-11-01T10:25:51.496,16.31,0.004808385852694887,-0.003241836780678153,0.0026155254167339256
1635776751506,2021-11-01T10:25:51.506,16.32,0.007445265499054771,-0.002273265567161517,0.003340291516679342
1635776751516,2021-11-01T10:25:51.516,16.33,0.008394139328810283,-0.0012874957740959952,0.002343297029153087
1635776751526,2021-11-01T10:25:51.526,16.34,0.006698661023323081,-0.0020746636801676583,0.0008442760236132467
1635776751536,2021-11-01T10:25:51.536,16.35,0.004923126743590463,-0.0034150615341336826,0.0001251236855381725
1635776751546,2021-11-01T10:25:51.546,16.36,0.004402822678390702,-0.003312239783102881,0.00013412213391519008
1635776751556,2021-11-01T10:25:51.556,16.37,0.003563229589030967,-0.0023046314348910486,5.299479511932702e-06
1635776751566,2021-11-01T10:25:51.566,16.38,0.0016894807348662706,-0.0023601687011044225,-0.0007182951938628058
1635776751576,2021-11-01T10:25:51.576,16.39,0.00027152117152687917,-0.004199084515149465,-0.0010246425042041327
1635776751586,2021-11-01T10:25:51.586,16.4,-3.3142319533912746e-05,-0.006835953776309311,0.00035602474050859225
1635776751596,2021-11-01T10:25:51.596,16.41,-0.00024508927802170227,-0.008461752666929093,0.002027972181693379
1635776751606,2021-11-01T10:25:51.606,16.42,-0.0006656715812873365,-0.008023534626336867,0.00115295154851691
1635776751616,2021-11-01T10:25:51.616,16.43,-0.0004927669469961427,-0.0064011765996512026,-0.0015641936920659752
1635776751626,2021-11-01T10:25:51.626,16.44,0.00036676510295420534,-0.00445119648055426,-0.0021895334350191717
1635776751636,2021-11-01T10:25:51.636,16.45,0.0012498798261664967,-0.0009636391158426927,0.00027250583006690094
1635776751646,2021-11-01T10:25:51.646,16.46,0.0019476795757928924,0.004213901694953638,0.002253103695176332
1635776751656,2021-11-01T10:25:51.656,16.47,0.0024628407949592013,0.006861791085646069,0.0011060934938474094
1635776751666,2021-11-01T10:25:51.666,16.48,0.002404685318098396,0.00270115855555027,-0.001415067170242552
1635776751676,2021-11-01T10:25:51.676,16.49,0.0016722099413118564,-0.005487348311349703,-0.0022473135915753446
1635776751686,2021-11-01T10:25:51.686,16.5,0.0010202810309320985,-0.009134011683085938,-0.0009813810879706103
1635776751696,2021-11-01T10:25:51.696,16.51,0.0013523662742032532,-0.004221145354046812,0.0002681442286074176
1635776751706,2021-11-01T10:25:51.706,16.52,0.002635245842159214,0.0024094977664299447,-0.00020666203427676004
1635776751716,2021-11-01T10:25:51.716,16.53,0.00372970120807035,0.002057482884574297,-0.0015143305953169092
1635776751726,2021-11-01T10:25:51.726,16.54,0.003872651433321853,-0.0024320786416727937,-0.0015089877648891475
1635776751736,2021-11-01T10:25:51.736,16.55,0.004044388946696198,-0.0013232126947579853,-0.0002498633286016911
1635776751746,2021-11-01T10:25:51.746,16.56,0.005190462013773447,0.0049707906610062915,2.0961723588375014e-05
1635776751756,2021-11-01T10:25:51.756,16.57,0.005911337261349167,0.006597604651281175,-0.0012950222933176437
1635776751766,2021-11-01T10:25:51.766,16.58,0.004822043586920493,0.0019713150002757147,-0.002217512213856404
1635776751776,2021-11-01T10:25:51.776,16.59,0.0034830984995263634,-0.0004662125609255821,-0.001688114578801983
1635776751786,2021-11-01T10:25:51.786,16.6,0.0033841788781748664,0.0017999980919322584,-0.0010855811558855054
1635776751796,2021-11-01T10:25:51.796,16.61,0.00298851633810885,0.0026541978023086684,-0.0013816644270281796
1635776751806,2021-11-01T10:25:51.806,16.62,0.0013201971668460512,-8.145712511657341e-05,-0.0014595057266638956
1635776751816,2021-11-01T10:25:51.816,16.63,0.00037846201959705335,-0.001966917628848733,-0.00037942522655953846
1635776751826,2021-11-01T10:25:51.826,16.64,0.0010444429652344896,-0.000751480785642219,0.0008934166180888791
1635776751836,2021-11-01T10:25:51.836,16.65,0.0011174965952404354,0.0008265451999690779,0.0010348315985158746
1635776751846,2021-11-01T10:25:51.846,16.66,-0.0005868536375293021,0.00036367790001571687,1.4646725510027728e-05
1635776751856,2021-11-01T10:25:51.856,16.67,-0.0024292194439773838,-0.0009711991563710887,-0.0012160717098154011
1635776751866,2021-11-01T10:25:51.866,16.68,-0.003088395062077997,-0.0009645385160619929,-0.0016438170077242823
1635776751876,2021-11-01T10:25:51.876,16.69,-0.0028650047036409346,0.00013148659857208474,-0.0010438180389611158
1635776751886,2021-11-01T10:25:51.886,16.7,-0.0020360769982853888,0.000240114017707327,-0.0002737705810184943
1635776751896,2021-11-01T10:25:51.896,16.71,-0.0008234011449051025,-0.0011664190362862033,-6.355526735641988e-05
1635776751906,2021-11-01T10:25:51.906,16.72,-0.00017124924835722373,-0.00233961666899213,-3.238121761719504e-05
1635776751916,2021-11-01T10:25:51.916,16.73,-0.0005289588732534007,-0.0018397361553864078,0.00021754857840699613
1635776751926,2021-11-01T10:25:51.926,16.74,-0.000875112362339706,-0.00032644895242795894,0.0002155776077712923
1635776751936,2021-11-01T10:25:51.936,16.75,-0.0003258638460961889,0.0007235354503372591,-0.00032881389157547763
1635776751946,2021-11-01T10:25:51.946,16.76,5.277738664600403e-05,0.0013228416953991683,-0.0008898085251629173
1635776751956,2021-11-01T10:25:51.956,16.77,-0.00152349803282478,0.002567636113386498,-0.0009659242650641023
1635776751966,2021-11-01T10:25:51.966,16.78,-0.004490012657084758,0.003901085175366744,-0.0006376974036959134
1635776751976,2021-11-01T10:25:51.976,16.79,-0.005953085725133566,0.0032159564245199173,-0.0005178226834888509
1635776751986,2021-11-01T10:25:51.986,16.8,-0.004759486687334854,0.0004429790958910877,-0.001360045366448077
1635776751996,2021-11-01T10:25:51.996,16.81,-0.0033300134314044882,-0.0017380315087074504,-0.0028750235781421787
1635776752006,2021-11-01T10:25:52.006,16.82,-0.0036567622332573223,-0.0016021229053373083,-0.0035716956020654797
1635776752016,2021-11-01T10:25:52.016,16.83,-0.003939307058173344,0.00010705885941023443,-0.002913085106256411
1635776752026,2021-11-01T10:25:52.026,16.84,-0.0018711435263079417,0.0025193854845872448,-0.002156650041408532
1635776752036,2021-11-01T10:25:52.036,16.85,0.0008517907180343994,0.004777106197034258,-0.001936776376071823
1635776752046,2021-11-01T10:25:52.046,16.86,0.0007378557907729629,0.004494457848027189,-0.0012326377593531006
1635776752056,2021-11-01T10:25:52.056,16.87,-0.0018689947893387538,0.000817007176341518,0.00014228036965974146
1635776752066,2021-11-01T10:25:52.066,16.88,-0.003033837935268425,-0.002773363377341645,0.0006318501943777895
1635776752076,2021-11-01T10:25:52.076,16.89,-0.001164034081216698,-0.0036667485081347236,-0.00040305358741467084
1635776752086,2021-11-01T10:25:52.086,16.9,0.0008861566618518587,-0.00421283676854352,-0.0016299848105657592
1635776752096,2021-11-01T10:25:52.096,16.91,0.0006307160704807284,-0.005917008022984432,-0.001982665673685107
1635776752106,2021-11-01T10:25:52.106,16.92,-0.0004974810128070053,-0.005547271545252939,-0.0016653571758771571
1635776752116,2021-11-01T10:25:52.116,16.93,-0.00031067143378392013,-0.0013634821158764806,-0.000882117812521437
1635776752126,2021-11-01T10:25:52.126,16.94,0.0001814221514848115,0.0030108840009433493,0.00036685771949758966
1635776752136,2021-11-01T10:25:52.136,16.95,-0.0011963938327190237,0.0040064584707821,0.00136573698021457
1635776752146,2021-11-01T10:25:52.146,16.96,-0.0034900143619373963,0.0021516571323775503,0.001166863666766201
1635776752156,2021-11-01T10:25:52.156,16.97,-0.003922830251656826,-0.0003795955272505396,-0.00011802048109386414
1635776752166,2021-11-01T10:25:52.166,16.98,-0.002796702604807244,-0.001884599680892641,-0.0015530520290283096
1635776752176,2021-11-01T10:25:52.176,16.99,-0.002865768867254594,-0.0010950765584191358,-0.0025103683251991938
1635776752186,2021-11-01T10:25:52.186,17.0,-0.004127200037265763,0.0015506922593307526,-0.0026474875322041722
1635776752196,2021-11-01T10:25:52.196,17.01,-0.004111432075133066,0.0035694428885336294,-0.0016181111432431719
1635776752206,2021-11-01T10:25:52.206,17.02,-0.0029739247342414014,0.0033730017595569707,1.3410985204959547e-05
1635776752216,2021-11-01T10:25:52.216,17.03,-0.003144028361809797,0.0019138330228144933,0.0006884123188669105
1635776752226,2021-11-01T10:25:52.226,17.04,-0.00447021654357104,0.0006376118784321594,-2.054368992254559e-05
1635776752236,2021-11-01T10:25:52.236,17.05,-0.004462252602533993,1.9208154841153947e-05,-0.00040256756266096084
1635776752246,2021-11-01T10:25:52.246,17.06,-0.002759380647909592,0.0003221830638934612,0.000990718779938522
1635776752256,2021-11-01T10:25:52.256,17.07,-0.0014287016201732865,0.0013419412932143167,0.00303786750417482
1635776752266,2021-11-01T10:25:52.266,17.08,-0.0013295339017299062,0.0014097944466650565,0.003565186860793502
1635776752276,2021-11-01T10:25:52.276,17.09,-0.001348726899230673,-0.0006710538093435398,0.0025083397721435176
1635776752286,2021-11-01T10:25:52.286,17.1,-0.0007669172262446026,-0.003016183140715927,0.001877825758605697
1635776752296,2021-11-01T10:25:52.296,17.11,0.0001461039334122263,-0.0030412750710928577,0.0026312153179034775
1635776752306,2021-11-01T10:25:52.306,17.12,0.0011463891124337778,-0.0015261255898952578,0.0035068170603854364
1635776752316,2021-11-01T10:25:52.316,17.13,0.0017547676661680963,-0.0008009292072322235,0.0033869239835385336
1635776752326,2021-11-01T10:25:52.326,17.14,0.0011451150875375574,-0.0004799217377900919,0.0027799399823173303
1635776752336,2021-11-01T10:25:52.336,17.15,-0.00048290177312000214,0.0009961334641821057,0.0023756313364823095
1635776752346,2021-11-01T10:25:52.346,17.16,-0.0017057114652034044,0.002317673268723214,0.002137808667450649
1635776752356,2021-11-01T10:25:52.356,17.17,-0.0016324213605827314,0.0012767663939054184,0.0022458845236645554
1635776752366,2021-11-01T10:25:52.366,17.18,-0.0006845359377522568,-0.0005112410554694737,0.0029427608074939953
1635776752376,2021-11-01T10:25:52.376,17.19,0.000401454462815679,0.00029149709242526134,0.003260481863284479
1635776752386,2021-11-01T10:25:52.386,17.2,0.0011517198958195798,0.00260431871293678,0.0019584397794930953
1635776752396,2021-11-01T10:25:52.396,17.21,0.0012126166945413085,0.0021955029409212942,-0.00011423131108985967
1635776752406,2021-11-01T10:25:52.406,17.22,0.0008214324494864136,-0.0009674183324197013,-0.000717745213185814
1635776752416,2021-11-01T10:25:52.416,17.23,0.0007884651660431011,-0.002281435246870087,0.0004167155491621926
1635776752426,2021-11-01T10:25:52.426,17.24,0.0010149249761742948,-0.00010999965611301711,0.0011536178321803216
1635776752436,2021-11-01T10:25:52.436,17.25,0.000296974857198434,0.0016325329565584,0.00045101436669207223
1635776752446,2021-11-01T10:25:52.446,17.26,-0.0015220423181531945,3.9998090775450435e-05,-0.0001861005157356131
1635776752456,2021-11-01T10:25:52.456,17.27,-0.002818420526882324,-0.002344779635896205,0.00029274818318810483
1635776752466,2021-11-01T10:25:52.466,17.28,-0.0024620730790868585,-0.00221657175293905,0.0007626026918428054
1635776752476,2021-11-01T10:25:52.476,17.29,-0.0014842559719541201,-0.000920915498170492,0.0003714112886670938
1635776752486,2021-11-01T10:25:52.486,17.3,-0.0015339443725533497,-0.0013623500207638676,-0.00017551342631451223
1635776752496,2021-11-01T10:25:52.496,17.31,-0.0024996254376855424,-0.002363390058341431,-0.0006473174831877718
1635776752506,2021-11-01T10:25:52.506,17.32,-0.002832241683390002,-0.0012256535410030435,-0.0015490753237455716
1635776752516,2021-11-01T10:25:52.516,17.33,-0.0017275287156540069,0.0004853644238309729,-0.002071495202341348
1635776752526,2021-11-01T10:25:52.526,17.34,0.0003820357824600015,-0.00010630888579877884,-0.0009496241140092472
1635776752536,2021-11-01T10:25:52.536,17.35,0.002921256942629709,-0.0009573456211571101,0.0008044837205666104
1635776752546,2021-11-01T10:25:52.546,17.36,0.005105354601698383,0.0010958257436541451,0.0010044710888459315
1635776752556,2021-11-01T10:25:52.556,17.37,0.0056488301724808825,0.0033018423175676485,-0.00027352304310067983
1635776752566,2021-11-01T10:25:52.566,17.38,0.004572994020189567,0.0017498391669391942,-0.0009205417877791761
1635776752576,2021-11-01T10:25:52.576,17.39,0.0040032003112397165,-0.00039739212719200237,-0.0001148192750064199
1635776752586,2021-11-01T10:25:52.586,17.4,0.004836363529568172,0.001744412077755383,0.0007251216671789815
1635776752596,2021-11-01T10:25:52.596,17.41,0.0048473428887086875,0.005065998907445347,0.0002892005624501127
1635776752606,2021-11-01T10:25:52.606,17.42,0.002835819953621156,0.0033656905462745895,-0.0008770215415023489
1635776752616,2021-11-01T10:25:52.616,17.43,0.0013987987833254962,-0.0016968264834660185,-0.0012338943222225706
1635776752626,2021-11-01T10:25:52.626,17.44,0.0025479783166485435,-0.003531203667639009,-0.00012413064636654142
1635776752636,2021-11-01T10:25:52.636,17.45,0.0041013972635358595,-0.0012665916906160121,0.00146293376156962
1635776752646,2021-11-01T10:25:52.646,17.46,0.003117584308451342,0.0008373469169325746,0.0020444803065933275
1635776752656,2021-11-01T10:25:52.656,17.47,7.849314601755288e-05,0.0016162228528522078,0.0014076749775356334
1635776752666,2021-11-01T10:25:52.666,17.48,-0.0022628597824569698,0.0027800583882684545,0.0007049417750573006
1635776752676,2021-11-01T10:25:52.676,17.49,-0.0026561067252240805,0.003111477009907845,0.0008497824810202191
1635776752686,2021-11-01T10:25:52.686,17.5,-0.0024112035465294075,7.92888779381542e-05,0.0014227911311399668
1635776752696,2021-11-01T10:25:52.696,17.51,-0.0027785187512362535,-0.004765050690888022,0.0014068014029525787
1635776752706,2021-11-01T10:25:52.706,17.52,-0.0029421548303527794,-0.007568462035592402,0.0007378740030876216
1635776752716,2021-11-01T10:25:52.716,17.53,-0.0017314805739561728,-0.007322174887162654,0.0004009566643525323
1635776752726,2021-11-01T10:25:52.726,17.54,6.110497465502664e-05,-0.0053489890158734555,0.0007604280180375533
1635776752736,2021-11-01T10:25:52.736,17.55,0.000690294527890533,-0.002244318834327342,0.001074879299142352
1635776752746,2021-11-01T10:25:52.746,17.56,0.0001550180018679191,0.0014790300942968252,0.0012090899333433765
1635776752756,2021-11-01T10:25:52.756,17.57,0.0001384926350146173,0.004156443972924928,0.0020439931501965154
1635776752766,2021-11-01T10:25:52.766,17.58,0.001102300171062091,0.004888485273325753,0.003569626963367884
1635776752776,2021-11-01T10:25:52.776,17.59,0.0015594370315545822,0.004667379085927824,0.004457750126869928
1635776752786,2021-11-01T10:25:52.786,17.6,0.0010306842224915391,0.00426012123450658,0.0038147075923872773
1635776752796,2021-11-01T10:25:52.796,17.61,0.0010238105901318136,0.003071238614498484,0.0019410428756446978
1635776752806,2021-11-01T10:25:52.806,17.62,0.0019675043574194965,0.0007678493509116088,-2.1163858320678733e-05
1635776752816,2021-11-01T10:25:52.816,17.63,0.0023486448743768908,-0.0017269485399976435,-0.00043437804553729347
1635776752826,2021-11-01T10:25:52.826,17.64,0.0017850198760666642,-0.0030841194798163006,0.0011937376678632283
1635776752836,2021-11-01T10:25:52.836,17.65,0.0015520339274349326,-0.002583997556178332,0.002784548233009461
1635776752846,2021-11-01T10:25:52.846,17.66,0.0017989833887710855,-0.0007133243801762906,0.0021398413328597658
1635776752856,2021-11-01T10:25:52.856,17.67,0.001501456400870294,0.0009423708626451238,0.00024752792949361255
1635776752866,2021-11-01T10:25:52.866,17.68,0.0007089731675703475,0.0010340016229840087,-0.00039014086894334526
1635776752876,2021-11-01T10:25:52.876,17.69,0.0001853832606376665,-0.00017057176875498445,0.0004187648492860485
1635776752886,2021-11-01T10:25:52.886,17.7,-0.000134324341727095,-0.0012042132159719473,0.0010590289315903418
1635776752896,2021-11-01T10:25:52.896,17.71,-0.0006282526722557208,-0.0011528126609160905,0.001067555948540233
1635776752906,2021-11-01T10:25:52.906,17.72,-0.0012415136387487033,-0.00035950760004885106,0.0010708745207391554
1635776752916,2021-11-01T10:25:52.916,17.73,-0.0019494674312750219,0.0005064187931766236,0.0010181209867708423
1635776752926,2021-11-01T10:25:52.926,17.74,-0.0027749556248929086,0.0011153097288025208,0.0005672194780118101
1635776752936,2021-11-01T10:25:52.936,17.75,-0.003304922815728217,0.0013056695561312892,0.00019748102140991714
1635776752946,2021-11-01T10:25:52.946,17.76,-0.002972030352146535,0.001097612848291392,0.00035420789214607435
1635776752956,2021-11-01T10:25:52.956,17.77,-0.001744409380338074,0.0005007058727587641,0.000452253171659987
1635776752966,2021-11-01T10:25:52.966,17.78,-0.0003812967699411495,-0.0008307787227765968,4.122525711696585e-05
1635776752976,2021-11-01T10:25:52.976,17.79,-1.5002446036757703e-06,-0.0025334069969458212,-0.000158926536591775
1635776752986,2021-11-01T10:25:52.986,17.8,-0.0009761872988355356,-0.002760547263393462,0.00024351156731332858
1635776752996,2021-11-01T10:25:52.996,17.81,-0.002300502896022647,-0.0006660858846832776,0.00018069326705741305
1635776753006,2021-11-01T10:25:53.006,17.82,-0.0027985471949482296,0.0015123774152379504,-0.0009140647371889893
1635776753016,2021-11-01T10:25:53.016,17.83,-0.002595813726809771,0.0015376316756251025,-0.0016324545434068174
1635776753026,2021-11-01T10:25:53.026,17.84,-0.0024451690031926754,0.00045919134075048394,-0.0008614020698335938
1635776753036,2021-11-01T10:25:53.036,17.85,-0.002378567781954237,5.963075762115872e-06,0.00014250471167825618
1635776753046,2021-11-01T10:25:53.046,17.86,-0.0019774573805073584,-0.0004357838705597915,-0.00013636303344655818
1635776753056,2021-11-01T10:25:53.056,17.87,-0.001080316961409368,-0.001224650125908027,-0.0009151569723535121
1635776753066,2021-11-01T10:25:53.066,17.88,0.0002394012546628818,-0.0003354091866554226,-0.0006958632355955842
1635776753076,2021-11-01T10:25:53.076,17.89,0.0017043274431252614,0.0030456804604804223,0.00019830398777367667
1635776753086,2021-11-01T10:25:53.086,17.9,0.0029762370035953467,0.006025202874471369,0.0008177222666053453
1635776753096,2021-11-01T10:25:53.096,17.91,0.004034713633830487,0.00574882311662885,0.0016892817966877327
1635776753106,2021-11-01T10:25:53.106,17.92,0.005024575603413476,0.003101818714250069,0.003366076366163209
1635776753116,2021-11-01T10:25:53.116,17.93,0.005942243317169619,0.0008560932810544902,0.004557094063284654
1635776753126,2021-11-01T10:25:53.126,17.94,0.006546164120644069,0.00017088126076597132,0.004320587570069023
1635776753136,2021-11-01T10:25:53.136,17.95,0.005970092069614956,0.0003106462912320246,0.00418977615250011
1635776753146,2021-11-01T10:25:53.146,17.96,0.0033835363912951603,0.000338277753456732,0.005408466643848073
1635776753156,2021-11-01T10:25:53.156,17.97,0.0001405771143019605,-7.638167124094327e-05,0.006487657457631007
1635776753166,2021-11-01T10:25:53.166,17.98,-0.0008134265864023399,-0.0007345800890843558,0.005986063676367669
1635776753176,2021-11-01T10:25:53.176,17.99,0.0008647873823366756,-0.001162933451129199,0.004891804719894841
1635776753186,2021-11-01T10:25:53.186,18.0,0.0019578373820250987,-0.0011722139426639613,0.004310173877977432
1635776753196,2021-11-01T10:25:53.196,18.01,0.00032693733585749813,-0.0010826893225507558,0.003664756300565006
1635776753206,2021-11-01T10:25:53.206,18.02,-0.0021213628350658324,-0.0010251701065063792,0.0025123680954043034
1635776753216,2021-11-01T10:25:53.216,18.03,-0.0025776587646464694,-0.0006887841331361089,0.0014830015215758793
1635776753226,2021-11-01T10:25:53.226,18.04,-0.0013484403953891314,-0.000284430369664683,0.0007273395673421754
1635776753236,2021-11-01T10:25:53.236,18.05,-0.0008476401884765213,-0.0005221073619851135,-0.00022382744458827072
1635776753246,2021-11-01T10:25:53.246,18.06,-0.0018109006313139868,-0.0008367849464176135,-0.0010738187974859278
1635776753256,2021-11-01T10:25:53.256,18.07,-0.002763839568614099,0.00038479044678793454,-0.0011328831911603533
1635776753266,2021-11-01T10:25:53.266,18.08,-0.0028203327425318234,0.0025583795660368883,-0.0004522090394830926
1635776753276,2021-11-01T10:25:53.276,18.09,-0.0028124655761374226,0.0028288174560924203,0.00043628453893161017
1635776753286,2021-11-01T10:25:53.286,18.1,-0.003381671812091426,0.0010388413276025774,0.0009220747008091136
1635776753296,2021-11-01T10:25:53.296,18.11,-0.003655678927855632,0.0007745536161992086,0.0006239593181261659
1635776753306,2021-11-01T10:25:53.306,18.12,-0.002798609450148124,0.003226239239209479,0.0002617822244909888
1635776753316,2021-11-01T10:25:53.316,18.13,-0.0018569069855645017,0.004883578606560599,0.0008994564490621578
1635776753326,2021-11-01T10:25:53.326,18.14,-0.0024106160658552787,0.0037207396094567817,0.0017542741018543567
1635776753336,2021-11-01T10:25:53.336,18.15,-0.003894358954656601,0.002330925157506729,0.0009245127036183341
1635776753346,2021-11-01T10:25:53.346,18.16,-0.004504243550787979,0.002605125385680817,-0.0014175538652145957
1635776753356,2021-11-01T10:25:53.356,18.17,-0.00441126726170046,0.0026003430655655918,-0.002792352168461074
1635776753366,2021-11-01T10:25:53.366,18.18,-0.0052843311219963034,0.0010063815399769666,-0.0017794414959817779
1635776753376,2021-11-01T10:25:53.376,18.19,-0.006983680625813598,-9.422175359035393e-05,-9.502129134029242e-05
1635776753386,2021-11-01T10:25:53.386,18.2,-0.007647020236977114,0.0006476951308540891,-0.0003749955742806336
1635776753396,2021-11-01T10:25:53.396,18.21,-0.006501622372688897,0.0013314571703448453,-0.002451989008939024
1635776753406,2021-11-01T10:25:53.406,18.22,-0.004297431745435128,0.0009723116049055313,-0.0034928996470821394
1635776753416,2021-11-01T10:25:53.416,18.23,-0.0022308703588390607,0.0018221436455367768,-0.0020770247401004673
1635776753426,2021-11-01T10:25:53.426,18.24,-0.0017385970805729634,0.004807074677351563,3.7018752596540904e-05
1635776753436,2021-11-01T10:25:53.436,18.25,-0.003153591807991277,0.007053361838471597,0.0009268466229895079
1635776753446,2021-11-01T10:25:53.446,18.26,-0.004228363187834901,0.006595782631272325,0.0009010099618919152
1635776753456,2021-11-01T10:25:53.456,18.27,-0.0026657499999368285,0.005403335063904448,0.0008662906512090667
1635776753466,2021-11-01T10:25:53.466,18.28,0.0003071010656105495,0.005397445480184988,0.0005950070389055903
1635776753476,2021-11-01T10:25:53.476,18.29,0.0014057144884427253,0.004955815808468813,-0.00018339301240835804
1635776753486,2021-11-01T10:25:53.486,18.3,-0.0003574236937021307,0.0018971727061770126,-0.0007847421770073624
1635776753496,2021-11-01T10:25:53.496,18.31,-0.002798021776064567,-0.0019713691359055656,-0.0007027863420659505
1635776753506,2021-11-01T10:25:53.506,18.32,-0.0038580932887623933,-0.0024741983465791143,-0.0005378510348957326
1635776753516,2021-11-01T10:25:53.516,18.33,-0.004271604899273333,0.0005918097550536021,-0.0009944659369874515
1635776753526,2021-11-01T10:25:53.526,18.34,-0.005923113037417919,0.0026636071969663518,-0.001589262556050211
1635776753536,2021-11-01T10:25:53.536,18.35,-0.008493323287591326,0.0015106534513729926,-0.0013651011562751823
1635776753546,2021-11-01T10:25:53.546,18.36,-0.009895655044344892,0.00025933335345243853,-0.0007631100552340426
1635776753556,2021-11-01T10:25:53.556,18.37,-0.009567839685609286,0.0011687307051296597,-0.001171293498909051
1635776753566,2021-11-01T10:25:53.566,18.38,-0.008650731811679824,0.0018771528232802374,-0.002449524073613222
1635776753576,2021-11-01T10:25:53.576,18.39,-0.007371105996004931,0.0002730340668112875,-0.003013517796358578
1635776753586,2021-11-01T10:25:53.586,18.4,-0.005135480028276213,-0.00177390735133578,-0.0023424943296704993
1635776753596,2021-11-01T10:25:53.596,18.41,-0.0026586231174301335,-0.001524179563361155,-0.0012321444105640174
1635776753606,2021-11-01T10:25:53.606,18.42,-0.001237271619338406,0.0010123582623547058,-0.00020567678603491187
1635776753616,2021-11-01T10:25:53.616,18.43,-0.0005458188082139558,0.0034151937878600337,0.0005226737881122218
1635776753626,2021-11-01T10:25:53.626,18.44,0.0005386316005136127,0.003580570941723835,0.0006650028444243191
1635776753636,2021-11-01T10:25:53.636,18.45,0.0017210601848697538,0.0023825914371080597,0.00044559084313915425
1635776753646,2021-11-01T10:25:53.646,18.46,0.0018559931622986773,0.0029255638595994836,0.0003276910039410671
1635776753656,2021-11-01T10:25:53.656,18.47,0.0011525599656126134,0.006075692765447575,0.00022222266789854612
1635776753666,2021-11-01T10:25:53.666,18.48,0.001297185481282165,0.008580978456933373,-6.025413801254569e-05
1635776753676,2021-11-01T10:25:53.676,18.49,0.0031841679960164042,0.007034786131722421,-0.00043158594388075335
1635776753686,2021-11-01T10:25:53.686,18.5,0.005133216365619607,0.002105876742536007,-0.0009313910000569003
1635776753696,2021-11-01T10:25:53.696,18.51,0.0044006740777553606,-0.0020093061894894816,-0.0013586934584582982
1635776753706,2021-11-01T10:25:53.706,18.52,0.0009361573551840874,-0.0017136685656172646,-0.0010273336497938798
1635776753716,2021-11-01T10:25:53.716,18.53,-0.0020985820548472967,0.0023282670507466727,3.382748591400261e-05
1635776753726,2021-11-01T10:25:53.726,18.54,-0.0027459699475127046,0.006035554465944408,0.0007258822079054478
1635776753736,2021-11-01T10:25:53.736,18.55,-0.002727692581844402,0.006782604624179849,0.0004086224249415371
1635776753746,2021-11-01T10:25:53.746,18.56,-0.00396633135156252,0.005565256502257605,-0.00038175726875445335
1635776753756,2021-11-01T10:25:53.756,18.57,-0.005648288303720787,0.003822022743923614,-0.0009154454772681284
1635776753766,2021-11-01T10:25:53.766,18.58,-0.006379505095273147,0.0014474575468484958,-0.000956012414585809
1635776753776,2021-11-01T10:25:53.776,18.59,-0.006207126505832478,-0.0011361786727077112,-0.0005172981695390798
1635776753786,2021-11-01T10:25:53.786,18.6,-0.005344815301198005,-0.0025165553488830455,0.0003294742136657619
1635776753796,2021-11-01T10:25:53.796,18.61,-0.003877928941353106,-0.0025326707421883983,0.0013388861168303658
1635776753806,2021-11-01T10:25:53.806,18.62,-0.00303229297872415,-0.0021519718699747185,0.002039719876718256
1635776753816,2021-11-01T10:25:53.816,18.63,-0.003675810289784305,-0.0015943679188142822,0.0019771492273338324
1635776753826,2021-11-01T10:25:53.826,18.64,-0.00413900041953417,-0.0006787187710252661,0.001173804896320939
1635776753836,2021-11-01T10:25:53.836,18.65,-0.0026380680631828655,0.0002196129416768526,0.00020098310983377842
1635776753846,2021-11-01T10:25:53.846,18.66,-0.0005211288143484967,0.0008092780892984052,-0.0003327831819356828
1635776753856,2021-11-01T10:25:53.856,18.67,-4.303454071602498e-05,0.0010628444106735061,-0.00020125152764111526
1635776753866,2021-11-01T10:25:53.866,18.68,-0.0007823287220606666,0.0006335328007730167,0.00023695452088928174
1635776753876,2021-11-01T10:25:53.876,18.69,-0.001081107441438677,-0.0004396583460351099,0.00013599283342338646
1635776753886,2021-11-01T10:25:53.886,18.7,-0.0008905929268775796,-0.001157907737889593,-0.0007233019006723494
1635776753896,2021-11-01T10:25:53.896,18.71,-0.0008697232110636613,-0.0009638172278139473,-0.0010366687494251796
1635776753906,2021-11-01T10:25:53.906,18.72,-0.0008073594394553524,-0.0005741892215301498,0.00037373400447935723
1635776753916,2021-11-01T10:25:53.916,18.73,-0.00045332744991039025,-0.0006835833856567692,0.002290579317840757
1635776753926,2021-11-01T10:25:53.926,18.74,-8.54904515820824e-05,-0.001138859029417053,0.0025079095237354196
1635776753936,2021-11-01T10:25:53.936,18.75,0.0002516240718719038,-0.0015757489219117662,0.0012690636335359658
1635776753946,2021-11-01T10:25:53.946,18.76,0.0007723850023847096,-0.0017272611233118615,0.0008862961761246842
1635776753956,2021-11-01T10:25:53.956,18.77,0.0015048924692534003,-0.0013208773132456456,0.002084649984230323
1635776753966,2021-11-01T10:25:53.966,18.78,0.0024377451717970096,-0.0004816124037956461,0.003276736829564023
1635776753976,2021-11-01T10:25:53.976,18.79,0.0035563003556880785,5.054011213046419e-05,0.0034076264293455326
1635776753986,2021-11-01T10:25:53.986,18.8,0.004744185839847807,-0.0004856300181572754,0.0031544478501166883
1635776753996,2021-11-01T10:25:53.996,18.81,0.0059421733742166735,-0.0019525730937287593,0.00320518767730359
1635776754006,2021-11-01T10:25:54.006,18.82,0.006983503605751612,-0.0029153435023608946,0.0031793409217408452
1635776754016,2021-11-01T10:25:54.016,18.83,0.007310483479555335,-0.0019216459139838184,0.0026129668042017403
1635776754026,2021-11-01T10:25:54.026,18.84,0.006344499181845445,0.00036710181191591297,0.0018948887922180626
1635776754036,2021-11-01T10:25:54.036,18.85,0.004230039193381814,0.0016043605741669583,0.001668496105111808
1635776754046,2021-11-01T10:25:54.046,18.86,0.002112479739085375,0.0008014434119443882,0.001808959595493239
1635776754056,2021-11-01T10:25:54.056,18.87,0.0011589067678652448,-0.000611727732118418,0.0015676472487412725
1635776754066,2021-11-01T10:25:54.066,18.88,0.0010886058301034763,-0.0010710414363075272,0.0006982504495241519
1635776754076,2021-11-01T10:25:54.076,18.89,0.0007848318635910156,-0.0006595054238942829,-7.3315179425822e-05
1635776754086,2021-11-01T10:25:54.086,18.9,0.00030042333306481853,-0.0003805135814510496,-0.00011980856897289674
1635776754096,2021-11-01T10:25:54.096,18.91,0.0002214662919200675,-0.0007547058575872203,8.553073525226946e-05
1635776754106,2021-11-01T10:25:54.106,18.92,-0.0002721989265995593,-0.0013313234405262374,-0.0001729343220957404
1635776754116,2021-11-01T10:25:54.116,18.93,-0.00174049538526222,-0.001414308831027751,-0.0006411624841786967
1635776754126,2021-11-01T10:25:54.126,18.94,-0.002201789124874317,-0.0011948986946002456,-0.0006675967374251798
1635776754136,2021-11-01T10:25:54.136,18.95,9.87450140884147e-05,-0.0013247438044714783,-0.00031650171427947873
1635776754146,2021-11-01T10:25:54.146,18.96,0.0033889970827953703,-0.001472550419237488,-5.418928079923789e-05
1635776754156,2021-11-01T10:25:54.156,18.97,0.004936038390914783,-0.0009563305939891279,0.00015979039445730903
1635776754166,2021-11-01T10:25:54.166,18.98,0.005057426966218162,-0.00028473156875556997,0.0006829163374647291
1635776754176,2021-11-01T10:25:54.176,18.99,0.0060303872294084175,9.203128297033296e-05,0.0012403482499467643
1635776754186,2021-11-01T10:25:54.186,19.0,0.008346619911832068,0.0011282491963372182,0.0009356964830387745
1635776754196,2021-11-01T10:25:54.196,19.01,0.009974885738253034,0.002739823218671006,-0.00032247284924590046
1635776754206,2021-11-01T10:25:54.206,19.02,0.009057161363269388,0.002725780436854608,-0.0010544426073399167
1635776754216,2021-11-01T10:25:54.216,19.03,0.006330826148279789,0.001010819717401697,-3.0403848445467475e-05
1635776754226,2021-11-01T10:25:54.226,19.04,0.004283174728183374,0.0008314900330842843,0.001520914639913364
1635776754236,2021-11-01T10:25:54.236,19.05,0.0039261817903149185,0.0026060587483932455,0.001219496522895126
1635776754246,2021-11-01T10:25:54.246,19.06,0.0035932510962116268,0.00206661955059787,-0.0008698299847752527
1635776754256,2021-11-01T10:25:54.256,19.07,0.0019312040893753484,-0.0024233777166808358,-0.0018590460357984537
1635776754266,2021-11-01T10:25:54.266,19.08,0.0005282510816489089,-0.006749160715427969,-8.881054189096953e-05
1635776754276,2021-11-01T10:25:54.276,19.09,0.0013209618790231109,-0.00767463348261283,0.0023334901025475023
1635776754286,2021-11-01T10:25:54.286,19.1,0.0027161328461652043,-0.0065834980659759314,0.002832242177246428
1635776754296,2021-11-01T10:25:54.296,19.11,0.001640805868450542,-0.00516523189015862,0.002162825481704196
1635776754306,2021-11-01T10:25:54.306,19.12,-0.0012914780577707634,-0.002946525641802269,0.0022013274697159162
1635776754316,2021-11-01T10:25:54.316,19.13,-0.0027195997407546595,-0.0002446994172649035,0.002328900011815503
1635776754326,2021-11-01T10:25:54.326,19.14,-0.0021005994495112345,0.0005999075361584818,0.0012809358077314902
1635776754336,2021-11-01T10:25:54.336,19.15,-0.0018083851169209087,-0.0017395565411403233,0.0001266663088323687
1635776754346,2021-11-01T10:25:54.346,19.16,-0.0024710786416159793,-0.005237451384308037,0.00040609703653435476
1635776754356,2021-11-01T10:25:54.356,19.17,-0.0027902240302996057,-0.0064613347655788425,0.0014561587091319074
1635776754366,2021-11-01T10:25:54.366,19.18,-0.002770422959540803,-0.004675424864263041,0.0017236738084628316
1635776754376,2021-11-01T10:25:54.376,19.19,-0.003132166246610864,-0.002535113392251569,0.0010000605379979323
1635776754386,2021-11-01T10:25:54.386,19.2,-0.0030933965490208687,-0.0018819858199142228,6.1432557375242685e-06
1635776754396,2021-11-01T10:25:54.396,19.21,-0.0017629069545448703,-0.0011679189412128884,-0.000823235553315919
1635776754406,2021-11-01T10:25:54.406,19.22,-0.00017066229347637428,0.0012881144048841621,-0.001304932128127092
1635776754416,2021-11-01T10:25:54.416,19.23,0.0001821001996930978,0.0042335113668838225,-0.0015177429398871955
1635776754426,2021-11-01T10:25:54.426,19.24,-0.00035160169479259574,0.00538192925188364,-0.0020990620954700195
1635776754436,2021-11-01T10:25:54.436,19.25,-0.00024528634664575707,0.0038551240818409916,-0.0032788188793191637
1635776754446,2021-11-01T10:25:54.446,19.26,0.0008221066870958869,0.00032638532499761985,-0.004160549327378011
1635776754456,2021-11-01T10:25:54.456,19.27,0.0019634072734700725,-0.002624320679851361,-0.004258078418419217
1635776754466,2021-11-01T10:25:54.466,19.28,0.003035635563512307,-0.0015332824347158013,-0.00440423612720535
1635776754476,2021-11-01T10:25:54.476,19.29,0.004170263219881959,0.0033612908721889338,-0.004845977640259489
1635776754486,2021-11-01T10:25:54.486,19.3,0.0040429352437187415,0.00678080632846771,-0.004353199313089329
1635776754496,2021-11-01T10:25:54.496,19.31,0.001835065788168538,0.005139945971580058,-0.002527126327819552
1635776754506,2021-11-01T10:25:54.506,19.32,-0.00020457984323765346,0.0017127893019508547,-0.0009766804745060531
1635776754516,2021-11-01T10:25:54.516,19.33,0.00045659985936219807,0.0012011254540151676,-0.000964171517795329
1635776754526,2021-11-01T10:25:54.526,19.34,0.00274131946575138,0.002274088971657464,-0.0016247610406470562
1635776754536,2021-11-01T10:25:54.536,19.35,0.003744612841664225,0.00034281237711748883,-0.001599919704671925
1635776754546,2021-11-01T10:25:54.546,19.36,0.002942709089790698,-0.004178054394962782,-0.0010911318778885092
1635776754556,2021-11-01T10:25:54.556,19.37,0.0021823597641059795,-0.005799244642397169,-0.0011947218545998613
1635776754566,2021-11-01T10:25:54.566,19.38,0.002398914740502428,-0.002366890377751796,-0.001988541194216472
1635776754576,2021-11-01T10:25:54.576,19.39,0.002637546070870258,0.0015746167174598912,-0.0024270802333232542
1635776754586,2021-11-01T10:25:54.586,19.4,0.0022884735994850897,0.0016807744603690613,-0.001833543072289259
1635776754596,2021-11-01T10:25:54.596,19.41,0.0021215321501478757,-0.0007684618087417145,-0.0005163950179989593
1635776754606,2021-11-01T10:25:54.606,19.42,0.0024797398966016544,-0.002677951824303283,0.0008000443456678861
1635776754616,2021-11-01T10:25:54.616,19.43,0.0023423788809367792,-0.0033904425429479986,0.001405326975745985
1635776754626,2021-11-01T10:25:54.626,19.44,0.0011242869633534202,-0.0031784628114060317,0.0010856816748253152
1635776754636,2021-11-01T10:25:54.636,19.45,-9.369512825874361e-05,-0.0022890573418767606,0.0006479608860370666
1635776754646,2021-11-01T10:25:54.646,19.46,-0.0002990776509536809,-0.00225981512758966,0.0009073942018377509
1635776754656,2021-11-01T10:25:54.656,19.47,-0.0004049808118809209,-0.003976311302270087,0.0010947108941642314
1635776754666,2021-11-01T10:25:54.666,19.48,-0.001793803554470264,-0.005129200946300818,-4.864856783349451e-05
1635776754676,2021-11-01T10:25:54.676,19.49,-0.0037460878896495658,-0.0033130164130239685,-0.0017620143478571206
1635776754686,2021-11-01T10:25:54.686,19.5,-0.004386766338454145,-2.322814583817815e-05,-0.002162110697820572
1635776754696,2021-11-01T10:25:54.696,19.51,-0.00368443117420389,0.0016366342954927864,-0.0015803777954842713
1635776754706,2021-11-01T10:25:54.706,19.52,-0.003136975236763904,0.0012099420597408415,-0.0022622246839850476
1635776754716,2021-11-01T10:25:54.716,19.53,-0.0029987461498435755,0.0002552748281439249,-0.00444166725731907
1635776754726,2021-11-01T10:25:54.726,19.54,-0.0023882028253775205,-0.0003835418977717166,-0.0056522799948074635
1635776754736,2021-11-01T10:25:54.736,19.55,-0.0016132903336200583,-0.0005678168341865039,-0.00467043493960671
1635776754746,2021-11-01T10:25:54.746,19.56,-0.0016236037430750042,0.00010257215668217618,-0.00335070205922614
1635776754756,2021-11-01T10:25:54.756,19.57,-0.0015906935688005457,0.0016364577014302219,-0.0035540055115999415
1635776754766,2021-11-01T10:25:54.766,19.58,-6.733283382911678e-05,0.003043136658470236,-0.004514086314843629
1635776754776,2021-11-01T10:25:54.776,19.59,0.0018968635945534177,0.003329645129807917,-0.004395212916489394
1635776754786,2021-11-01T10:25:54.786,19.6,0.002066408340669057,0.0025560949220215473,-0.003147299652798771
1635776754796,2021-11-01T10:25:54.796,19.61,0.0007163147877435323,0.0014647321769875176,-0.0024337427618355808
1635776754806,2021-11-01T10:25:54.806,19.62,-0.0001581061080792166,0.0006738953138355241,-0.002833554778505874
1635776754816,2021-11-01T10:25:54.816,19.63,-0.0001724164373584458,0.0005216729547728291,-0.0028906018684696695
1635776754826,2021-11-01T10:25:54.826,19.64,-0.0002835741716711731,0.0008258595483750858,-0.0019991934836612146
1635776754836,2021-11-01T10:25:54.836,19.65,-0.0004456377458587033,0.0004564494675282281,-0.002032863882495796
1635776754846,2021-11-01T10:25:54.846,19.66,0.00011122190030027572,-0.0014613508996200448,-0.004088674588778275
1635776754856,2021-11-01T10:25:54.856,19.67,0.0010395607780357874,-0.003243929247491949,-0.005897599520870208
1635776754866,2021-11-01T10:25:54.866,19.68,0.0011383172240973798,-0.0020166582475846474,-0.0049778987467197534
1635776754876,2021-11-01T10:25:54.876,19.69,0.00038103191393342687,0.0009706078931306678,-0.00232314710866481
1635776754886,2021-11-01T10:25:54.886,19.7,0.0003091827860428865,0.00044691682347540993,-0.000507952235168593
1635776754896,2021-11-01T10:25:54.896,19.71,0.0018141616324671148,-0.004142944037189371,-4.107413789528325e-05
1635776754906,2021-11-01T10:25:54.906,19.72,0.003710879962066777,-0.005760113915789965,5.6900433824571766e-05
1635776754916,2021-11-01T10:25:54.916,19.73,0.004575223326220759,-0.0008802844823522032,-7.752446300121629e-05
1635776754926,2021-11-01T10:25:54.926,19.74,0.004546303970660586,0.003760055468049446,-0.0005368436730359998
1635776754936,2021-11-01T10:25:54.936,19.75,0.004190378535953561,0.0021571981006138544,-0.0004786838170698302
1635776754946,2021-11-01T10:25:54.946,19.76,0.0036083301064790923,-0.0015756271803737342,0.00023539136024319717
1635776754956,2021-11-01T10:25:54.956,19.77,0.0032006052437835346,-0.0017405993375140963,0.00020275066265853272
1635776754966,2021-11-01T10:25:54.966,19.78,0.0030457318901872484,-0.0002712774366749492,-0.0008268754054436937
1635776754976,2021-11-01T10:25:54.976,19.79,0.00227714569714834,-0.0010727052089373182,-0.0008590159744692452
1635776754986,2021-11-01T10:25:54.986,19.8,0.0009242651941943818,-0.002848624396797323,0.001034084353490802
1635776754996,2021-11-01T10:25:54.996,19.81,0.00028861234032974436,-0.00302591515992689,0.0029687886759686127
1635776755006,2021-11-01T10:25:55.006,19.82,0.0005857045446823255,-0.0029847319325993086,0.0032034299046248037
1635776755016,2021-11-01T10:25:55.016,19.83,0.0007536816403595336,-0.004454753823999621,0.002298537383459056
1635776755026,2021-11-01T10:25:55.026,19.84,0.0003990841710122644,-0.005003394022964779,0.0014473952303195679
1635776755036,2021-11-01T10:25:55.036,19.85,1.078534339059413e-05,-0.002174686839110186,0.0008676026273564651
1635776755046,2021-11-01T10:25:55.046,19.86,0.00011713497784534106,0.0011680310792396384,0.0003374263909105646
1635776755056,2021-11-01T10:25:55.056,19.87,0.0007837749589912778,0.0006929218341255286,-0.00022517803670590096
1635776755066,2021-11-01T10:25:55.066,19.88,0.0011950768816735417,-0.0028596039484930567,-0.0008022059645814354
1635776755076,2021-11-01T10:25:55.076,19.89,0.0007223970072371415,-0.005257773140951886,-0.0011390801875450995
1635776755086,2021-11-01T10:25:55.086,19.9,0.0005200616765806286,-0.0045317593565297,-0.0008884241461532287
1635776755096,2021-11-01T10:25:55.096,19.91,0.001968425428940897,-0.001979863046296019,-8.809770398008051e-05
1635776755106,2021-11-01T10:25:55.106,19.92,0.0039398354107784495,0.0006549466105919858,0.0007907772806529548
1635776755116,2021-11-01T10:25:55.116,19.93,0.003962392638891559,0.002836552471116816,0.0010680418875700713
1635776755126,2021-11-01T10:25:55.126,19.94,0.001616571705785936,0.004612196843964781,0.0003368871583936771
1635776755136,2021-11-01T10:25:55.136,19.95,-0.000973117016839514,0.005216514339894545,-0.0007536122303292034
1635776755146,2021-11-01T10:25:55.146,19.96,-0.0016300168437458195,0.0034391655067984904,-0.0010782569428437034
1635776755156,2021-11-01T10:25:55.156,19.97,-0.000329037049592266,-0.00014060782003988556,-0.0008939328326989418
1635776755166,2021-11-01T10:25:55.166,19.98,0.0007698840622474793,-0.003106761302588432,-0.0013849623123302355
1635776755176,2021-11-01T10:25:55.176,19.99,-0.00041900477724891356,-0.0037926988258886506,-0.002210848265005649
1635776755186,2021-11-01T10:25:55.186,20.0,-0.003409355296536065,-0.002203486826039697,-0.002112118699910093
1635776755196,2021-11-01T10:25:55.196,20.01,-0.005571213120451152,0.0004158508352310924,-0.001633975820493142
1635776755206,2021-11-01T10:25:55.206,20.02,-0.00535386763932175,0.0014265996699498395,-0.0022371857383616514
1635776755216,2021-11-01T10:25:55.216,20.03,-0.004220878575347979,-0.0009254209168238572,-0.003446488866607334
1635776755226,2021-11-01T10:25:55.226,20.04,-0.004335299523545206,-0.00434015284136481,-0.0034869649844863826
1635776755236,2021-11-01T10:25:55.236,20.05,-0.004938730826460819,-0.005292479820703848,-0.001778068295446494
1635776755246,2021-11-01T10:25:55.246,20.06,-0.0034736565172797983,-0.0042478574979142114,0.0006558758248448155
1635776755256,2021-11-01T10:25:55.256,20.07,-0.00027950382559849393,-0.003922469299949607,0.002217297563549879
1635776755266,2021-11-01T10:25:55.266,20.08,0.0015403231138122558,-0.004398174131171184,0.0019856025340126418
1635776755276,2021-11-01T10:25:55.276,20.09,0.001251048143561158,-0.004017500618972666,0.0007932170799970252
1635776755286,2021-11-01T10:25:55.286,20.1,0.0012361621625003258,-0.0026690038881022364,0.0003833157263539535
1635776755296,2021-11-01T10:25:55.296,20.11,0.0025571590829459355,-0.0010776879027020033,0.0010480729580492048
1635776755306,2021-11-01T10:25:55.306,20.12,0.003766659395423662,0.0005992613045947273,0.0013271779050060828
1635776755316,2021-11-01T10:25:55.316,20.13,0.0038221808411911615,0.0016674427164128488,0.0004220994336159108
1635776755326,2021-11-01T10:25:55.326,20.14,0.0032432240899466615,0.0009849102993619257,-0.0004989062812649947
1635776755336,2021-11-01T10:25:55.336,20.15,0.0028272999260636703,-0.0009473468619270564,-0.00023873838831964025
1635776755346,2021-11-01T10:25:55.346,20.16,0.002710020474659116,-0.002189900483328169,0.0003257199152128336
1635776755356,2021-11-01T10:25:55.356,20.17,0.0025471794646866686,-0.0020192030858956194,-0.0004396567351407139
1635776755366,2021-11-01T10:25:55.366,20.18,0.0023191018121137864,-0.0015127131171602593,-0.002113700532583725
1635776755376,2021-11-01T10:25:55.376,20.19,0.0024651786788888047,-0.001330200430208938,-0.0026704135767915884
1635776755386,2021-11-01T10:25:55.386,20.2,0.0029441710339009183,-0.0009305547163932038,-0.0017706736049982567
1635776755396,2021-11-01T10:25:55.396,20.21,0.003259077958928881,-0.00032124283732864746,-0.0014730712101870607
1635776755406,2021-11-01T10:25:55.406,20.22,0.0036245263777558005,-0.00039269871098201976,-0.002869426647999767
1635776755416,2021-11-01T10:25:55.416,20.23,0.0045387300803782305,-0.0010116547318975476,-0.004079762644490106
1635776755426,2021-11-01T10:25:55.426,20.24,0.00529344876215309,-0.0008936356107918864,-0.0031865936970509197
1635776755436,2021-11-01T10:25:55.436,20.25,0.004769292297160592,3.2077904032866834e-06,-0.0013208582091458069
1635776755446,2021-11-01T10:25:55.446,20.26,0.003446737600953047,-2.9021035463161845e-05,-0.0006604167726080759
1635776755456,2021-11-01T10:25:55.456,20.27,0.0027696299482790404,-0.001621306940151078,-0.0010219509922278673
1635776755466,2021-11-01T10:25:55.466,20.28,0.002892362396741159,-0.002974083550088351,-0.000916584521836332
1635776755476,2021-11-01T10:25:55.476,20.29,0.0027908190733451016,-0.0025725324145331077,-0.0003913910421454378
1635776755486,2021-11-01T10:25:55.486,20.3,0.002123928401339396,-0.0013259092765446272,-0.00028150859215939257
1635776755496,2021-11-01T10:25:55.496,20.31,0.0013416804694528339,-0.000784500458677427,-0.00031392622655351506
1635776755506,2021-11-01T10:25:55.506,20.32,0.000440646144583299,-0.0009214177979389802,-0.0002625693457450822
1635776755516,2021-11-01T10:25:55.516,20.33,-0.0007998801740036172,-0.000739450360087807,-0.0009776159605361758
1635776755526,2021-11-01T10:25:55.526,20.34,-0.001713181988528073,-2.2756065130561423e-05,-0.0023392173041869653
1635776755536,2021-11-01T10:25:55.536,20.35,-0.0013882466782700852,0.0005436518467811206,-0.002517454549482375
1635776755546,2021-11-01T10:25:55.546,20.36,-0.00035833268114976723,0.0006944114760849165,-0.0007973665998539212
1635776755556,2021-11-01T10:25:55.556,20.37,-0.00025886425877173845,0.000699130935319113,0.0009995105462788426
1635776755566,2021-11-01T10:25:55.566,20.38,-0.0013925380826469397,3.6199756600941665e-05,0.0009708680120011895
1635776755576,2021-11-01T10:25:55.576,20.39,-0.002009465663850551,-0.0022632772427823066,-0.00044166184959023615
1635776755586,2021-11-01T10:25:55.586,20.4,-0.0009715648436232402,-0.005588505507457687,-0.0011015760271570435
1635776755596,2021-11-01T10:25:55.596,20.41,0.0004154467049149271,-0.0074989835661996105,0.0002463635991019489
1635776755606,2021-11-01T10:25:55.606,20.42,0.0007376571234849632,-0.005869081455430214,0.0023039095167303224
1635776755616,2021-11-01T10:25:55.616,20.43,0.0009429282490086169,-0.0015733289717065099,0.002684194937633358
1635776755626,2021-11-01T10:25:55.626,20.44,0.0024628938059160976,0.000986342061079231,0.0012336039301185761
1635776755636,2021-11-01T10:25:55.636,20.45,0.0042952870370933025,-0.0011780008450606003,0.0003745458820927052
1635776755646,2021-11-01T10:25:55.646,20.46,0.004263664740313316,-0.004186114162871436,0.0013667950845830503
1635776755656,2021-11-01T10:25:55.656,20.47,0.002390442825325156,-0.0025230540511341527,0.0023762417208110036
1635776755666,2021-11-01T10:25:55.666,20.48,0.0008521835883809421,0.0011720563681391239,0.0015977252329370192
1635776755676,2021-11-01T10:25:55.676,20.49,0.0009445591752674033,0.0006833047425588645,-0.00010432859536136269
1635776755686,2021-11-01T10:25:55.686,20.5,0.0019020706915131823,-0.0015815327686505975,-0.0012691560747905718
1635776755696,2021-11-01T10:25:55.696,20.51,0.002491441075119102,0.0009145807828462223,-0.0021526148480184256
1635776755706,2021-11-01T10:25:55.706,20.52,0.0022950999642232465,0.0052485706317429385,-0.0034139421911935064
1635776755716,2021-11-01T10:25:55.716,20.53,0.0015214180036887035,0.003567703122983733,-0.004465294663175095
1635776755726,2021-11-01T10:25:55.726,20.54,0.000679025499213823,-0.0023101194496713993,-0.004315799365570188
1635776755736,2021-11-01T10:25:55.736,20.55,0.0004607386078334763,-0.004069398539508346,-0.0028838867978739514
1635776755746,2021-11-01T10:25:55.746,20.56,0.0011112743154479397,-0.0007738295179485194,-0.0008626519936752641
1635776755756,2021-11-01T10:25:55.756,20.57,0.0018809521329643808,0.0021138102471056335,0.0011154620776597157
1635776755766,2021-11-01T10:25:55.766,20.58,0.0017700739248667544,0.003063099428441778,0.0025948450453841883
1635776755776,2021-11-01T10:25:55.776,20.59,0.0006704900178617269,0.003787365906711527,0.002871223301003688
1635776755786,2021-11-01T10:25:55.786,20.6,-0.0008814912151856799,0.003119850337203395,0.0016340777939346288
1635776755796,2021-11-01T10:25:55.796,20.61,-0.002488240373589883,1.521220621129209e-06,3.2248039309033154e-06
1635776755806,2021-11-01T10:25:55.806,20.62,-0.0035492010091460473,-0.0023023380103468116,-0.0005173570267257246
1635776755816,2021-11-01T10:25:55.816,20.63,-0.003330254005385989,-0.0014285671800161712,0.00014438797301981294
1635776755826,2021-11-01T10:25:55.826,20.64,-0.002442706787085331,-0.00021549273267178236,0.0010644957266534257
1635776755836,2021-11-01T10:25:55.836,20.65,-0.0024990517607570333,-0.001208834393576181,0.0016912841552269924
1635776755846,2021-11-01T10:25:55.846,20.66,-0.003439537611508451,-0.002304645368645919,0.0017682915007658027
1635776755856,2021-11-01T10:25:55.856,20.67,-0.0035291556223665797,-0.0012034681521400593,0.001049034687929905
1635776755866,2021-11-01T10:25:55.866,20.68,-0.0025022764388155086,0.0006068240848932667,9.193557215867744e-05
1635776755876,2021-11-01T10:25:55.876,20.69,-0.0020186022630221726,0.0008333102053318781,0.0002797728854768061
1635776755886,2021-11-01T10:25:55.886,20.7,-0.002683254428701983,6.89806404797336e-05,0.001796947017059443
1635776755896,2021-11-01T10:25:55.896,20.71,-0.003060468506565766,0.00047155233011576293,0.0025553763488725023
1635776755906,2021-11-01T10:25:55.906,20.72,-0.0018635827799270018,0.0020171875068856933,0.0009080694181284628
1635776755916,2021-11-01T10:25:55.916,20.73,0.0004164540727275394,0.0019561545071549386,-0.0015191448881742677
1635776755926,2021-11-01T10:25:55.926,20.74,0.0021132916250824374,-0.0009959669239024936,-0.0018970461192828235
1635776755936,2021-11-01T10:25:55.936,20.75,0.0022056983379278145,-0.003483594623974094,-5.3624369752755215e-05
1635776755946,2021-11-01T10:25:55.946,20.76,0.0014620019688542547,-0.0014892334318963325,0.0018615339341199087
1635776755956,2021-11-01T10:25:55.956,20.77,0.001300465100745535,0.0033898183979000113,0.0023084418107329053
1635776755966,2021-11-01T10:25:55.966,20.78,0.0019301136258010488,0.005648515665870189,0.0013622431240447146
1635776755976,2021-11-01T10:25:55.976,20.79,0.0024356880951537548,0.003456157218634074,0.00016753638682339358
1635776755986,2021-11-01T10:25:55.986,20.8,0.002051764210458911,0.0002178763444634764,2.093412876995939e-05
1635776755996,2021-11-01T10:25:55.996,20.81,0.000711758314810915,-0.0012014673977237059,0.0007314206142086106
1635776756006,2021-11-01T10:25:56.006,20.82,-0.0011319800045512046,-0.001496974158784594,0.000593721984134956
1635776756016,2021-11-01T10:25:56.016,20.83,-0.0027379512032051703,-0.0018659561823301028,-0.0007172559892093281
1635776756026,2021-11-01T10:25:56.026,20.84,-0.0033141706671345754,-0.0015802701675016256,-0.0011704413732776806
1635776756036,2021-11-01T10:25:56.036,20.85,-0.0027536340012221418,0.00020247971083085328,0.00019984400845877656
1635776756046,2021-11-01T10:25:56.046,20.86,-0.002174384259359108,0.0024134886752972045,0.0015131578333647659
1635776756056,2021-11-01T10:25:56.056,20.87,-0.0026987585227574995,0.00339304015003386,0.0011916319449006953
1635776756066,2021-11-01T10:25:56.066,20.88,-0.003861676344682001,0.0031561753970937223,0.00016434051310860502
1635776756076,2021-11-01T10:25:56.076,20.89,-0.004424238474573672,0.0028679929518869666,-0.00019157155882647546
1635776756086,2021-11-01T10:25:56.086,20.9,-0.0042744197073578535,0.0027316094585890234,7.668167858955742e-05
1635776756096,2021-11-01T10:25:56.096,20.91,-0.004276232424587992,0.0019154957920692031,0.000146544919216891
1635776756106,2021-11-01T10:25:56.106,20.92,-0.004609588019306235,0.0003787186800194808,-0.0005732563694292066
1635776756116,2021-11-01T10:25:56.116,20.93,-0.004487437245741736,-0.0005223150302325435,-0.0017360909035879048
1635776756126,2021-11-01T10:25:56.126,20.94,-0.0036190068650608347,0.0002888206950010536,-0.0021143423113611213
1635776756136,2021-11-01T10:25:56.136,20.95,-0.002628410800471192,0.002077529735319689,-0.001316439468398197
1635776756146,2021-11-01T10:25:56.146,20.96,-0.0016660357757295287,0.003367693036965248,-0.0004329553145523534
1635776756156,2021-11-01T10:25:56.156,20.97,-0.0003974263070128766,0.0038980162892444116,-3.713460655276144e-05
1635776756166,2021-11-01T10:25:56.166,20.98,0.0004588914285898921,0.004093790492980568,0.0005773365704315186
1635776756176,2021-11-01T10:25:56.176,20.99,5.206385594062828e-05,0.0035458749386499,0.0016687122788742017
1635776756186,2021-11-01T10:25:56.186,21.0,-0.0004345391834655604,0.002076200032062915,0.00251880837661573
1635776756196,2021-11-01T10:25:56.196,21.01,0.0005985586224251658,0.001144319511475236,0.002713488036838591
1635776756206,2021-11-01T10:25:56.206,21.02,0.002233222848865751,0.0017214339833273185,0.0027288088289710447
1635776756216,2021-11-01T10:25:56.216,21.03,0.0025025756317322177,0.0021314264729102787,0.0032425320639689692
1635776756226,2021-11-01T10:25:56.226,21.04,0.0015469746770880024,0.0007142101923576946,0.004012134155442285
1635776756236,2021-11-01T10:25:56.236,21.05,0.0009644810599796652,-0.0010497934309649474,0.0038924048094154872
1635776756246,2021-11-01T10:25:56.246,21.06,0.0011780527935989812,-0.0011008797332086528,0.0027531964654130183
1635776756256,2021-11-01T10:25:56.256,21.07,0.0011883561295870735,-0.0005203794930566641,0.002055044625778113
1635776756266,2021-11-01T10:25:56.266,21.08,0.00035134619699606106,-0.0012888653873769976,0.0023076481683931157
1635776756276,2021-11-01T10:25:56.276,21.09,-0.0007433624555833981,-0.0022862388710319717,0.0022178795169967326
1635776756286,2021-11-01T10:25:56.286,21.1,-0.0011819984101343723,-0.001223962209338882,0.00143940968640707
1635776756296,2021-11-01T10:25:56.296,21.11,-0.0007997650067745913,0.000953261084212413,0.0013307416801110249
1635776756306,2021-11-01T10:25:56.306,21.12,-8.281238268752255e-05,0.001295386437344323,0.0022970915070938238
1635776756316,2021-11-01T10:25:56.316,21.13,0.0004643261689635309,-0.0003553932005210337,0.0030697736091809735
1635776756326,2021-11-01T10:25:56.326,21.14,0.0005996785567024571,-0.0011986048921886602,0.002904580927488274
1635776756336,2021-11-01T10:25:56.336,21.15,0.0004040796036890444,3.268575313237625e-05,0.0024767499158061352
1635776756346,2021-11-01T10:25:56.346,21.16,0.00024126273043190805,0.0013303754089993122,0.0024466658393252193
1635776756356,2021-11-01T10:25:56.356,21.17,0.0004608403478216156,0.000598880268200801,0.0024709171074794793
1635776756366,2021-11-01T10:25:56.366,21.18,0.0010143515406200474,-0.0016548332855183703,0.0021536486740979938
1635776756376,2021-11-01T10:25:56.376,21.19,0.0014159610231028051,-0.0035760739318158154,0.002008664358268028
1635776756386,2021-11-01T10:25:56.386,21.2,0.0013222364193267921,-0.004255431706836882,0.0023256378005554203
1635776756396,2021-11-01T10:25:56.396,21.21,0.0011045065665213174,-0.0037493372542647292,0.002119038334626322
1635776756406,2021-11-01T10:25:56.406,21.22,0.0013282485207156216,-0.0020820985129901422,0.0007413577368281788
1635776756416,2021-11-01T10:25:56.416,21.23,0.0017344316135354868,0.00040774184664493096,-0.0007384629991961439
1635776756426,2021-11-01T10:25:56.426,21.24,0.0015228450135984536,0.0025555143788826215,-0.0010437501074455056
1635776756436,2021-11-01T10:25:56.436,21.25,0.0007068318993691936,0.0034551283659637515,-0.00016077707922122338
1635776756446,2021-11-01T10:25:56.446,21.26,0.00027321596011600346,0.0034487625570409617,0.0012741631485377405
1635776756456,2021-11-01T10:25:56.456,21.27,0.0005689292678327787,0.0033306157366500997,0.002631898081276157
1635776756466,2021-11-01T10:25:56.466,21.28,0.0004875276464001962,0.0033180425108050964,0.003201988156479622
1635776756476,2021-11-01T10:25:56.476,21.29,-0.0007377736112180952,0.0031357194740423673,0.002695536418055406
1635776756486,2021-11-01T10:25:56.486,21.3,-0.001863943753498775,0.002380505258128451,0.00194592572999584
1635776756496,2021-11-01T10:25:56.496,21.31,-0.0013209884725301697,0.0008768512743597334,0.0021309698284441483
1635776756506,2021-11-01T10:25:56.506,21.32,0.00020633706466729275,-0.0007182334431814878,0.003186134830191523
1635776756516,2021-11-01T10:25:56.516,21.33,0.0007055667828100455,-0.0010480362489304746,0.0039583957903923505
1635776756526,2021-11-01T10:25:56.526,21.34,-0.0001687874365411465,0.0007831472382755566,0.0039463520517139025
1635776756536,2021-11-01T10:25:56.536,21.35,-0.0008443103415555726,0.003990770147049133,0.0037058592869944383
1635776756546,2021-11-01T10:25:56.546,21.36,-0.0004129423411245494,0.00557521061017022,0.003669039738407121
1635776756556,2021-11-01T10:25:56.556,21.37,0.0002772268625129188,0.0027246891901386485,0.003793586941517761
1635776756566,2021-11-01T10:25:56.566,21.38,0.00041479953037198644,-0.0022637107314292487,0.0040514652357863685
1635776756576,2021-11-01T10:25:56.576,21.39,0.0004562847469886015,-0.0030542201912963332,0.004323999944295438
1635776756586,2021-11-01T10:25:56.586,21.4,0.0009151002565759186,0.0017716741049464248,0.004251123169373801
1635776756596,2021-11-01T10:25:56.596,21.41,0.0013601605520967377,0.006247630272989129,0.0037059644481396755
1635776756606,2021-11-01T10:25:56.606,21.42,0.0011335015307340035,0.006453155649947459,0.0031346008265506903
1635776756616,2021-11-01T10:25:56.616,21.43,2.407010050123386e-05,0.005456354734393976,0.003025041747505859
1635776756626,2021-11-01T10:25:56.626,21.44,-0.00167319084671684,0.005916346327828261,0.0029444248992679355
1635776756636,2021-11-01T10:25:56.636,21.45,-0.003306840107418619,0.004980332112654712,0.001974263860916421
1635776756646,2021-11-01T10:25:56.646,21.46,-0.004641935969153816,0.000111943294541424,0.0006188775398202296
1635776756656,2021-11-01T10:25:56.656,21.47,-0.006031055218491103,-0.005356071869915137,0.000605885569565694
1635776756666,2021-11-01T10:25:56.666,21.48,-0.00728879499108924,-0.006188535908583382,0.001984226982641943
1635776756676,2021-11-01T10:25:56.676,21.49,-0.007803100596201002,-0.0019472361622849732,0.0026367865525849295
1635776756686,2021-11-01T10:25:56.686,21.5,-0.007811371468476745,0.0032936853037528915,0.0015645777016849763
1635776756696,2021-11-01T10:25:56.696,21.51,-0.007799806356376287,0.006281969470022339,0.00034260830858173975
1635776756706,2021-11-01T10:25:56.706,21.52,-0.007472453722684045,0.006490183274214829,0.0003282323175930867
1635776756716,2021-11-01T10:25:56.716,21.53,-0.006838568924989828,0.003842324738545704,0.0006639446065899221
1635776756726,2021-11-01T10:25:56.726,21.54,-0.006492736846037694,-0.0012523719437347207,0.00039778033880618155
1635776756736,2021-11-01T10:25:56.736,21.55,-0.0059265096421384465,-0.005610678546108542,0.00034041938497691055
1635776756746,2021-11-01T10:25:56.746,21.56,-0.00424597665070424,-0.005430313604180315,0.0010542519702845484
1635776756756,2021-11-01T10:25:56.756,21.57,-0.0025379118041151385,-0.0013967849230455715,0.0013819453943669012
1635776756766,2021-11-01T10:25:56.766,21.58,-0.0022597150404057237,0.002221585119142559,0.0007066235737571593
1635776756776,2021-11-01T10:25:56.776,21.59,-0.0023272962057484794,0.0036730181856691616,0.00012056748295648245
1635776756786,2021-11-01T10:25:56.786,21.6,-0.0011543381082027436,0.00487935893269145,0.000326059485278991
1635776756796,2021-11-01T10:25:56.796,21.61,0.0002519857186777118,0.006821184165736998,0.0009103821661568686
1635776756806,2021-11-01T10:25:56.806,21.62,5.8355161248266055e-05,0.008095900758403468,0.0015953719100924686
1635776756816,2021-11-01T10:25:56.816,21.63,-0.001498960740714766,0.00788241873290011,0.002071448394332614
1635776756826,2021-11-01T10:25:56.826,21.64,-0.0027153968631484643,0.006634532372775531,0.001676918729249968
1635776756836,2021-11-01T10:25:56.836,21.65,-0.0024715525760615046,0.004437234464117919,0.0005430545291736039
1635776756846,2021-11-01T10:25:56.846,21.66,-0.0011217692551953608,0.0017220056516638266,-0.00037899491042265985
1635776756856,2021-11-01T10:25:56.856,21.67,6.92456560520927e-05,0.0003804852171707252,-0.0006310926210212259
1635776756866,2021-11-01T10:25:56.866,21.68,0.00045073059265202835,0.001415870716984042,-0.00044131692335479337
1635776756876,2021-11-01T10:25:56.876,21.69,0.0004687011011821079,0.002922184074727506,-0.00024626049866948027
1635776756886,2021-11-01T10:25:56.886,21.7,0.00025450273822504764,0.0028020579176946244,-0.00043533903416730844
1635776756896,2021-11-01T10:25:56.896,21.71,-0.0007296188931117019,0.001948858860342774,-0.0007203038116183236
1635776756906,2021-11-01T10:25:56.906,21.72,-0.001890372360872323,0.002329212578934788,-0.00020326504557022386
1635776756916,2021-11-01T10:25:56.916,21.73,-0.0015986336858767258,0.0032958295647482513,0.0011464390771037775
1635776756926,2021-11-01T10:25:56.926,21.74,-8.438836460279459e-05,0.0025772805015646006,0.0018812711542599075
1635776756936,2021-11-01T10:25:56.936,21.75,0.00045668723021075427,0.00023712418810709312,0.0007309732254141416
1635776756946,2021-11-01T10:25:56.946,21.76,-0.0005923956425572598,-0.0010659750748636854,-0.0014947593692168045
1635776756956,2021-11-01T10:25:56.956,21.77,-0.001679521694533257,8.965017777874397e-05,-0.0025101957109992185
1635776756966,2021-11-01T10:25:56.966,21.78,-0.0021727633148695548,0.0017926191394541811,-0.001411487879921015
1635776756976,2021-11-01T10:25:56.976,21.79,-0.0029109401120994767,0.001517169503169876,7.136533830172235e-05
1635776756986,2021-11-01T10:25:56.986,21.8,-0.004051716110736779,-0.00019185480176990588,8.428697854110821e-05
1635776756996,2021-11-01T10:25:56.996,21.81,-0.00490558823983075,-0.0007629168757033635,-0.000898186734807703
1635776757006,2021-11-01T10:25:57.006,21.82,-0.005286401849471197,0.00017309511414718813,-0.0014560211745961319
1635776757016,2021-11-01T10:25:57.016,21.83,-0.005545583163693033,0.0005455032102722955,-0.00150736420619941
1635776757026,2021-11-01T10:25:57.026,21.84,-0.005935112097240101,-0.0002606737438931541,-0.001646082328966588
1635776757036,2021-11-01T10:25:57.036,21.85,-0.006444568937986163,-0.00047514618973690476,-0.0017281895370005757
1635776757046,2021-11-01T10:25:57.046,21.86,-0.006765796454062356,0.0009386793153349442,-0.0015184000665061992
1635776757056,2021-11-01T10:25:57.056,21.87,-0.006557084211896182,0.00288206612704041,-0.0013358518673976813
1635776757066,2021-11-01T10:25:57.066,21.88,-0.005862001101731625,0.003998275028142399,-0.001105653890541429
1635776757076,2021-11-01T10:25:57.076,21.89,-0.0048264698570896535,0.0040382672639700835,-0.0002382345451230123
1635776757086,2021-11-01T10:25:57.086,21.9,-0.0034313548257621524,0.003278706151573472,0.0009068017918456959
1635776757096,2021-11-01T10:25:57.096,21.91,-0.0019499339781752453,0.0021059455082454125,0.0010467639790282504
1635776757106,2021-11-01T10:25:57.106,21.92,-0.0007436530996391138,0.001334643646803421,1.31799402202689e-05
1635776757116,2021-11-01T10:25:57.116,21.93,0.0004765140047966353,0.0015730525095319252,-0.0007576225618115687
1635776757126,2021-11-01T10:25:57.126,21.94,0.0019042992900658619,0.002095509955483156,-0.00020924630285248518
1635776757136,2021-11-01T10:25:57.136,21.95,0.0028215372553075657,0.0018971033495875415,0.0010397501607203384
1635776757146,2021-11-01T10:25:57.146,21.96,0.003113702277029181,0.0018795336430503628,0.001696424947690612
1635776757156,2021-11-01T10:25:57.156,21.97,0.0039563033338616055,0.0035329168378305034,0.001362356614153717
1635776757166,2021-11-01T10:25:57.166,21.98,0.005097178835943666,0.005317936521794216,0.0008680354988842298
1635776757176,2021-11-01T10:25:57.176,21.99,0.004075226760502891,0.003936867825580753,0.0012329748505878538
1635776757186,2021-11-01T10:25:57.186,22.0,0.0004057440431883301,-0.00012557684590975963,0.0022978263921742265
1635776757196,2021-11-01T10:25:57.196,22.01,-0.0024653981330432645,-0.002312890360846652,0.002788131806786948
1635776757206,2021-11-01T10:25:57.206,22.02,-0.001801174893039154,-0.0004678149498403932,0.0021763947753838213
1635776757216,2021-11-01T10:25:57.216,22.03,0.0004961252374258211,0.0019488679394756982,0.0015549807585913352
1635776757226,2021-11-01T10:25:57.226,22.04,0.0008951254857756918,0.0008022362749050983,0.001886480715703888
1635776757236,2021-11-01T10:25:57.236,22.05,-0.0008146697459956253,-0.003116150173277656,0.0026478982615700157
1635776757246,2021-11-01T10:25:57.246,22.06,-0.002021538571835249,-0.0055701578964232066,0.0029417961547010076
1635776757256,2021-11-01T10:25:57.256,22.07,-0.001693627574697336,-0.004754248886769662,0.0026109188337030834
1635776757266,2021-11-01T10:25:57.266,22.08,-0.0014136935608690007,-0.0032245699325955664,0.0018304981982197352
1635776757276,2021-11-01T10:25:57.276,22.09,-0.0020196535055330748,-0.003601022121642565,0.0008007766224271695
1635776757286,2021-11-01T10:25:57.286,22.1,-0.0023722413125510673,-0.004721313293186881,9.935144058061574e-06
1635776757296,2021-11-01T10:25:57.296,22.11,-0.0019422697876196326,-0.0038198017576300423,-9.02682470021919e-05
1635776757306,2021-11-01T10:25:57.306,22.12,-0.0014319608414417955,-0.000988249394979541,0.00022964243665723992
1635776757316,2021-11-01T10:25:57.316,22.13,-0.0006846772491739856,0.000880784467943902,0.00022876036613179635
1635776757326,2021-11-01T10:25:57.326,22.14,0.0009197285717139202,0.00033111021228604987,-0.00020083457356523453
1635776757336,2021-11-01T10:25:57.336,22.15,0.0023832259114471913,-0.0006898873792550923,-0.0003871997270518811
1635776757346,2021-11-01T10:25:57.346,22.16,0.002181616333009482,2.5345817088869325e-05,-0.00021704438191566422
1635776757356,2021-11-01T10:25:57.356,22.17,0.0008169237611388228,0.0016100673298199437,-0.0004915970940256111
1635776757366,2021-11-01T10:25:57.366,22.18,8.041509281460978e-05,0.0015920185890864512,-0.001242937911638717
1635776757376,2021-11-01T10:25:57.376,22.19,0.00036363397562401217,-0.0003519846963063703,-0.0012798523436846542
1635776757386,2021-11-01T10:25:57.386,22.2,0.0005441796760683157,-0.002163479024323575,-0.00034298667023440214
1635776757396,2021-11-01T10:25:57.396,22.21,0.0003064685480690441,-0.0027566052254645447,0.0002253475443146544
1635776757406,2021-11-01T10:25:57.406,22.22,0.0007475354760573983,-0.0030666266855778977,-0.0001561793583520279
1635776757416,2021-11-01T10:25:57.416,22.23,0.0022381139635417034,-0.003054354260875476,-0.000526201565840523
1635776757426,2021-11-01T10:25:57.426,22.24,0.003499086821587568,-0.0011102304818563457,-0.00047809004571475926
1635776757436,2021-11-01T10:25:57.436,22.25,0.0037766045464412788,0.002073152680815868,-0.0005218376388476355
1635776757446,2021-11-01T10:25:57.446,22.26,0.004230535640243513,0.003230848648109741,-0.0005805781001849622
1635776757456,2021-11-01T10:25:57.456,22.27,0.005963190480302861,0.0019302673018530073,-0.0007773723233525111
1635776757466,2021-11-01T10:25:57.466,22.28,0.007942944411398844,0.0015487511219651527,-0.002211383330016458
1635776757476,2021-11-01T10:25:57.476,22.29,0.008010678566738682,0.0029960590334589935,-0.004314080403515747
1635776757486,2021-11-01T10:25:57.486,22.3,0.005580389657780845,0.0031194726976481895,-0.004494550370573817
1635776757496,2021-11-01T10:25:57.496,22.31,0.0026837810234415244,0.0015793967354785076,-0.002739676758252028
1635776757506,2021-11-01T10:25:57.506,22.32,0.001746511935088254,0.0020458823054702036,-0.002213208934101562
1635776757516,2021-11-01T10:25:57.516,22.33,0.0024094035869872683,0.004148559810869036,-0.003624556655407073
1635776757526,2021-11-01T10:25:57.526,22.34,0.0020008759190607746,0.003014612079885819,-0.004053645368169582
1635776757536,2021-11-01T10:25:57.536,22.35,-0.0002872608576191549,-0.0017556154332330994,-0.0023516255666748776
1635776757546,2021-11-01T10:25:57.546,22.36,-0.002006186293137415,-0.005729066024021828,-0.0007651934311904594
1635776757556,2021-11-01T10:25:57.556,22.37,-0.0016116423773832088,-0.00719163655273166,-0.0007398894876638588
1635776757566,2021-11-01T10:25:57.566,22.38,-0.0009914609893128476,-0.0067814275981426895,-0.0012800023264474545
1635776757576,2021-11-01T10:25:57.576,22.39,-0.0017852948886345297,-0.0033085583264735215,-0.001480124140347827
1635776757586,2021-11-01T10:25:57.586,22.4,-0.002671727640852101,0.002547661906645297,-0.0015503841713360436
1635776757596,2021-11-01T10:25:57.596,22.41,-0.0023490874687960234,0.0050430690002215795,-0.0016133305770237856
1635776757606,2021-11-01T10:25:57.606,22.42,-0.0015632442368515942,0.0006116254758308751,-0.001498300192003471
1635776757616,2021-11-01T10:25:57.616,22.43,-0.0009154091250301417,-0.005797926114748284,-0.0013267665130918985
1635776757626,2021-11-01T10:25:57.626,22.44,-0.0001089761130523518,-0.0073520732738830636,-0.0013020200980568728
1635776757636,2021-11-01T10:25:57.636,22.45,0.00043987854385776714,-0.004555828517366196,-0.0013508403552757176
1635776757646,2021-11-01T10:25:57.646,22.46,2.6151717544873468e-05,-0.002467087368553985,-0.0013401206209019676
1635776757656,2021-11-01T10:25:57.656,22.47,-0.000918705644857075,-0.002211685211088059,-0.001291451051080389
1635776757666,2021-11-01T10:25:57.666,22.48,-0.0013532108124086715,-0.000986973866089444,-0.001270401562537491
1635776757676,2021-11-01T10:25:57.676,22.49,-0.0006925481732278126,0.0017597869544198202,-0.0012745499048945157
1635776757686,2021-11-01T10:25:57.686,22.5,0.0006937349068823791,0.0033339347669497227,-0.001264382787982578
1635776757696,2021-11-01T10:25:57.696,22.51,0.0014842156119801299,0.002257950525332203,-0.0012255491051261563
1635776757706,2021-11-01T10:25:57.706,22.52,0.0010667299654065878,8.370996628122757e-05,-0.0011986397740446435
1635776757716,2021-11-01T10:25:57.716,22.53,0.0008403778219077572,-0.001482521300334323,-0.0012241394655521202
1635776757726,2021-11-01T10:25:57.726,22.54,0.0018583412698366883,-0.0026839813151447976,-0.0012289645546415923
1635776757736,2021-11-01T10:25:57.736,22.55,0.0026399059042952833,-0.0037214910116486685,-0.0011307200001096432
1635776757746,2021-11-01T10:25:57.746,22.56,0.0018540512938585525,-0.002768596162830461,-0.001175533183756358
1635776757756,2021-11-01T10:25:57.756,22.57,0.0009395536765527895,0.0011760930356195514,-0.0017411217938665847
1635776757766,2021-11-01T10:25:57.766,22.58,0.001453100159412462,0.004739880668460119,-0.0024550529335703054
1635776757776,2021-11-01T10:25:57.776,22.59,0.0024062964777530177,0.0036426319924339878,-0.0023899590454648455
1635776757786,2021-11-01T10:25:57.786,22.6,0.0025070868658725845,-0.0007739263453611927,-0.0017510715333337772
1635776757796,2021-11-01T10:25:57.796,22.61,0.002277747125590193,-0.0033473244277384137,-0.0018312785503496636
1635776757806,2021-11-01T10:25:57.806,22.62,0.002143782500676923,-0.0029553960579327887,-0.0026361604450501836
1635776757816,2021-11-01T10:25:57.816,22.63,0.0013646815486321635,-0.002876665916977857,-0.0028870992475998475
1635776757826,2021-11-01T10:25:57.826,22.64,0.00021459636070599836,-0.0038443105526882473,-0.002743843694083833
1635776757836,2021-11-01T10:25:57.836,22.65,0.0001053991135868279,-0.0030908226357718917,-0.0035942845780323096
1635776757846,2021-11-01T10:25:57.846,22.66,0.000696913841413531,-0.00033519845749139984,-0.005200952258089135
1635776757856,2021-11-01T10:25:57.856,22.67,0.00015774801528857464,0.001159423020208377,-0.005932808714247806
1635776757866,2021-11-01T10:25:57.866,22.68,-0.0012993730924207197,8.429512426360897e-05,-0.0053952394639164205
1635776757876,2021-11-01T10:25:57.876,22.69,-0.0015139509862288057,-0.0012825863972614996,-0.004613477926402197
1635776757886,2021-11-01T10:25:57.886,22.7,-0.00023124447149608818,-0.001560382456999118,-0.004281150068361
1635776757896,2021-11-01T10:25:57.896,22.71,0.00046083040896359364,-0.0018254942326129536,-0.00428212890004353
1635776757906,2021-11-01T10:25:57.906,22.72,-0.00021002052338336488,-0.002264624867094483,-0.004307355015433081
1635776757916,2021-11-01T10:25:57.916,22.73,-0.0006494918893265166,-0.0015983898971106436,-0.004123252242631687
1635776757926,2021-11-01T10:25:57.926,22.74,0.000319048888992846,0.00010555495400306724,-0.00361635617542119
1635776757936,2021-11-01T10:25:57.936,22.75,0.0020469981348701146,0.0013512936549167074,-0.002880186966835308
1635776757946,2021-11-01T10:25:57.946,22.76,0.003304124958076255,0.0012471866497016642,-0.002198970659611151
1635776757956,2021-11-01T10:25:57.956,22.77,0.003451452014951619,-1.7244751249859006e-05,-0.002030755201238384
1635776757966,2021-11-01T10:25:57.966,22.78,0.0029409829894886993,-0.0013937758934447376,-0.0028196962431983664
1635776757976,2021-11-01T10:25:57.976,22.79,0.003014007381846283,-0.0017216574270943396,-0.004350220501899219
1635776757986,2021-11-01T10:25:57.986,22.8,0.003957444953737469,-0.0013557394197431921,-0.005276110872846759
1635776757996,2021-11-01T10:25:57.996,22.81,0.004310457284280034,-0.001457602537109042,-0.004184957457789138
1635776758006,2021-11-01T10:25:58.006,22.82,0.0031690986866766088,-0.0014339582920632576,-0.0018349427029515008
1635776758016,2021-11-01T10:25:58.016,22.83,0.002086759481402344,0.00017598678750303454,-0.000944656233270609
1635776758026,2021-11-01T10:25:58.026,22.84,0.0028638505122108695,0.0026407000220174327,-0.0022994293640509265
1635776758036,2021-11-01T10:25:58.036,22.85,0.004647167629678622,0.003677819876428118,-0.0032252578129505554
1635776758046,2021-11-01T10:25:58.046,22.86,0.005315789013620098,0.0026273780450162985,-0.0019098068015566735
1635776758056,2021-11-01T10:25:58.056,22.87,0.004684412057930071,0.001003218766801746,-0.0001867447111604068
1635776758066,2021-11-01T10:25:58.066,22.88,0.004133742019122033,0.00023429123947735616,5.4884444939683654e-05
1635776758076,2021-11-01T10:25:58.076,22.89,0.004042522106084626,-4.25739345568136e-05,-0.0003141405174047675
1635776758086,2021-11-01T10:25:58.086,22.9,0.0037080213152198204,-0.001250726077239113,-1.6280287150507257e-05
1635776758096,2021-11-01T10:25:58.096,22.91,0.0028329611036330125,-0.0037453470134843647,0.0007702145623082444
1635776758106,2021-11-01T10:25:58.106,22.92,0.0015298410113590566,-0.005988589964996212,0.0015475991918604088
1635776758116,2021-11-01T10:25:58.116,22.93,0.00015208822707286516,-0.006218896600062711,0.002021417762101036
1635776758126,2021-11-01T10:25:58.126,22.94,-0.00029798780857824016,-0.0047122245585345885,0.001782023647907705
1635776758136,2021-11-01T10:25:58.136,22.95,0.0006735702123536918,-0.003774649275463682,0.001003951152125291
1635776758146,2021-11-01T10:25:58.146,22.96,0.0019227969698709904,-0.004903845842093266,0.0006177738309401813
1635776758156,2021-11-01T10:25:58.156,22.97,0.002323920744037811,-0.006530548637491252,0.0009690799131808784
1635776758166,2021-11-01T10:25:58.166,22.98,0.002298909796880348,-0.006039182060099957,0.0013368089858439563
1635776758176,2021-11-01T10:25:58.176,22.99,0.0026935104175561182,-0.0034123331665249857,0.0012505390431726128
1635776758186,2021-11-01T10:25:58.186,23.0,0.003592828405981418,-0.0008598512863704649,0.0012281146817193806
1635776758196,2021-11-01T10:25:58.196,23.01,0.004435541087463077,9.072822040965899e-05,0.0016581389126768256
1635776758206,2021-11-01T10:25:58.206,23.02,0.004329388346110249,-0.0010641559580662646,0.0018692621678661953
1635776758216,2021-11-01T10:25:58.216,23.03,0.0028165531078056605,-0.004405669642082373,0.0010596344380589195
1635776758226,2021-11-01T10:25:58.226,23.04,0.0007514804164281089,-0.007882949968953664,-0.00046244630233181544
1635776758236,2021-11-01T10:25:58.236,23.05,-0.0003097985331224968,-0.007352549283845477,-0.00162063386424068
1635776758246,2021-11-01T10:25:58.246,23.06,0.0003611992912564857,-0.0017289500539836118,-0.0018308465472305913
1635776758256,2021-11-01T10:25:58.256,23.07,0.0021137276635006556,0.003906700850201047,-0.001511181336037152
1635776758266,2021-11-01T10:25:58.266,23.08,0.003636906233160187,0.004409303745265588,-0.0013162685571573734
1635776758276,2021-11-01T10:25:58.276,23.09,0.004109243457136299,0.001810061663396582,-0.0013198424947195309
1635776758286,2021-11-01T10:25:58.286,23.1,0.003708949773703938,0.0012652103367708127,-0.00153836694244548
1635776758296,2021-11-01T10:25:58.296,23.11,0.002878518911597472,0.002146270518359797,-0.0024757230820826983
1635776758306,2021-11-01T10:25:58.306,23.12,0.0016372415020122087,0.0002905814474259627,-0.004008761079838477
1635776758316,2021-11-01T10:25:58.316,23.13,0.0002640699877251651,-0.002759647449018475,-0.004736399392267041
1635776758326,2021-11-01T10:25:58.326,23.14,-0.00028021396985047957,-0.0014087821890591515,-0.003708148631346137
1635776758336,2021-11-01T10:25:58.336,23.15,0.0003711305903791143,0.0033627050551502747,-0.0018992883639994912
1635776758346,2021-11-01T10:25:58.346,23.16,0.001286299859654448,0.004034219840673578,-0.0009277173285618587
1635776758356,2021-11-01T10:25:58.356,23.17,0.0016009599487839202,-0.0013290344161441688,-0.0008782207295378649
1635776758366,2021-11-01T10:25:58.366,23.18,0.0014319482231193283,-0.005946078006745608,-0.00041492367934724695
1635776758376,2021-11-01T10:25:58.376,23.19,0.0010549577616202372,-0.005562469030356362,0.0008800371498486545
1635776758386,2021-11-01T10:25:58.386,23.2,0.000502984044268803,-0.0036186272245364946,0.001618944546691186
1635776758396,2021-11-01T10:25:58.396,23.21,1.1624877610682757e-05,-0.0028916402610557994,0.0009440670135470526
1635776758406,2021-11-01T10:25:58.406,23.22,-0.00039257353584321166,-0.0012367900439436957,5.1660711423887794e-05
1635776758416,2021-11-01T10:25:58.416,23.23,-0.0012709677986066613,0.0019487774845299056,5.779072654424142e-05
1635776758426,2021-11-01T10:25:58.426,23.24,-0.0025169084488024284,0.0030960766570348047,0.000321651423769752
1635776758436,2021-11-01T10:25:58.436,23.25,-0.002760080414187653,0.0005323518561659452,2.00064838696327e-05
1635776758446,2021-11-01T10:25:58.446,23.26,-0.0013863845394224677,-0.0028896737501948847,-0.0006215326135633361
1635776758456,2021-11-01T10:25:58.456,23.27,0.00015709708643515773,-0.004527975294892551,-0.0010775000709353825
1635776758466,2021-11-01T10:25:58.466,23.28,0.0004330266758972546,-0.004540832745813671,-0.000915283862633088
1635776758476,2021-11-01T10:25:58.476,23.29,1.9205676446591073e-05,-0.003414196088547009,-0.00011267295143338384
1635776758486,2021-11-01T10:25:58.486,23.3,0.00016057226604395758,-0.001119268525085827,0.0001715032293660142
1635776758496,2021-11-01T10:25:58.496,23.31,0.0006661003502304666,0.001243830547037923,-0.0010319021766738868
1635776758506,2021-11-01T10:25:58.506,23.32,0.000488855665286,0.0021418633685246695,-0.0022339998881913403
1635776758516,2021-11-01T10:25:58.516,23.33,-0.00032145154688730296,0.0015914884174249545,-0.0012424276031126808
1635776758526,2021-11-01T10:25:58.526,23.34,-0.00046589555782068924,0.00058747895436335,0.00103406171329491
1635776758536,2021-11-01T10:25:58.536,23.35,0.0008031676673121115,-0.00036287526415027557,0.0014030689609876865
1635776758546,2021-11-01T10:25:58.546,23.36,0.002479330689986833,-0.0009337997766754629,-0.0008971150774825169
1635776758556,2021-11-01T10:25:58.556,23.37,0.002918801884542166,-0.0007053769953837336,-0.002829925736548414
1635776758566,2021-11-01T10:25:58.566,23.38,0.001944422560787867,-3.071064512065783e-05,-0.0019840133902095805
1635776758576,2021-11-01T10:25:58.576,23.39,0.0010454120179122094,0.0004567724274585909,-0.0003313908894622163
1635776758586,2021-11-01T10:25:58.586,23.4,0.0013067294746543774,0.0010202345269787866,-0.0011131468203033966
1635776758596,2021-11-01T10:25:58.596,23.41,0.002110871255192882,0.0012815253968745668,-0.003476770259947027
1635776758606,2021-11-01T10:25:58.606,23.42,0.0023595213778239673,-0.0005261793925702642,-0.0037287755516500353
1635776758616,2021-11-01T10:25:58.616,23.43,0.0018748901137965834,-0.00373884167780769,-0.0010291100372740811
1635776758626,2021-11-01T10:25:58.626,23.44,0.0009284531156219639,-0.004744658913546708,0.001825621129839246
1635776758636,2021-11-01T10:25:58.636,23.45,-0.000331859655858325,-0.003349181846620625,0.002818848295385248
1635776758646,2021-11-01T10:25:58.646,23.46,-0.0013280515113637753,-0.003519631291643635,0.0025515260646618004
1635776758656,2021-11-01T10:25:58.656,23.47,-0.001457113975293691,-0.0054606274880177885,0.001786502114057825
1635776758666,2021-11-01T10:25:58.666,23.48,-0.0012394915454021745,-0.004707233054186657,0.00028377536459202687
1635776758676,2021-11-01T10:25:58.676,23.49,-0.0013200446382499802,-0.0008554219151262582,-0.0015296215930292124
1635776758686,2021-11-01T10:25:58.686,23.5,-0.0010902514990908515,0.0009194088937997703,-0.0023881454466203804
1635776758696,2021-11-01T10:25:58.696,23.51,-0.00017002788471511665,-0.0014796180706670818,-0.0020232722147416372
1635776758706,2021-11-01T10:25:58.706,23.52,0.0003765731168262969,-0.0042155557897217005,-0.0010993877114989954
1635776758716,2021-11-01T10:25:58.716,23.53,1.4068261776432997e-05,-0.0043216642294473615,0.0001302637462572109
1635776758726,2021-11-01T10:25:58.726,23.54,-6.732592782853585e-05,-0.003004601312438732,0.0013004007259334257
1635776758736,2021-11-01T10:25:58.736,23.55,0.0009719015647326661,-0.0016586726339968428,0.0014862950420953466
1635776758746,2021-11-01T10:25:58.746,23.56,0.0022700245007299027,-0.00013645208027061474,0.0007284894527140507
1635776758756,2021-11-01T10:25:58.756,23.57,0.0028058391918595288,0.0007404843754014615,0.00020163566041127512
1635776758766,2021-11-01T10:25:58.766,23.58,0.002576256303684845,-0.0004477209603677468,0.0001783573130894376
1635776758776,2021-11-01T10:25:58.776,23.59,0.002021414482000157,-0.0025662436622592645,-0.0001774459555631891
1635776758786,2021-11-01T10:25:58.786,23.6,0.0017853948334028349,-0.0027282622704548434,-0.0009441100254472289
1635776758796,2021-11-01T10:25:58.796,23.61,0.00255649384411593,-0.0006235569459708413,-0.0012899613365698753
1635776758806,2021-11-01T10:25:58.806,23.62,0.003953551221726815,0.0008868150475998154,-0.000874322201354913
1635776758816,2021-11-01T10:25:58.816,23.63,0.004647485488593029,7.860857054218566e-05,7.82928984137498e-05
1635776758826,2021-11-01T10:25:58.826,23.64,0.004172062489302916,-0.0014062900997665825,0.0013392489349947569
1635776758836,2021-11-01T10:25:58.836,23.65,0.003256853578881829,-0.0014567098574848533,0.002214788409191513
1635776758846,2021-11-01T10:25:58.846,23.66,0.0026051717006492676,-0.00018138970227296928,0.0016808563809163012
1635776758856,2021-11-01T10:25:58.856,23.67,0.0026109956950989078,0.0011842779605814346,-7.12679233434828e-05
1635776758866,2021-11-01T10:25:58.866,23.68,0.0032450710212386233,0.0019769530750005067,-0.0013234257115652115
1635776758876,2021-11-01T10:25:58.876,23.69,0.00343068687438139,0.001975521408369651,-0.0009128778369998098
1635776758886,2021-11-01T10:25:58.886,23.7,0.0021894849650815453,0.0012547136143033328,0.0002976714047120033
1635776758896,2021-11-01T10:25:58.896,23.71,0.0004906342151630219,0.0005958937630127482,0.0010124895265885118
1635776758906,2021-11-01T10:25:58.906,23.72,4.815624687327264e-05,0.0007444611456328888,0.0015191314274281297
1635776758916,2021-11-01T10:25:58.916,23.73,0.0008327972939963135,0.0012812867579571922,0.0025450737040671394
1635776758926,2021-11-01T10:25:58.926,23.74,0.0014515441880225833,0.001287561721131003,0.0033444477617120246
1635776758936,2021-11-01T10:25:58.936,23.75,0.00113429900245233,0.0007312641667683505,0.0030019574701650336
1635776758946,2021-11-01T10:25:58.946,23.76,0.0003259011530408972,0.00023323717439199712,0.0022113822788317576
1635776758956,2021-11-01T10:25:58.956,23.77,7.553545878643126e-05,-0.00012669066797513343,0.0017961528532969748
1635776758966,2021-11-01T10:25:58.966,23.78,0.0009230723143271199,-0.0008601470167899621,0.0013531334622319965
1635776758976,2021-11-01T10:25:58.976,23.79,0.0017468291604590864,-0.00200528397672007,0.0008240919212135036
1635776758986,2021-11-01T10:25:58.986,23.8,0.0005807260245148957,-0.002713022697516398,0.0010297317458655775
1635776758996,2021-11-01T10:25:58.996,23.81,-0.002520361388555327,-0.0021860926552666957,0.0018619101872267185
1635776759006,2021-11-01T10:25:59.006,23.82,-0.004860903201777916,-0.0008482913790711622,0.002381150244722452
1635776759016,2021-11-01T10:25:59.016,23.83,-0.004568004719501818,-5.4453376392315877e-05,0.0025516038492160867
1635776759026,2021-11-01T10:25:59.026,23.84,-0.003053398540434897,-0.0001677653400512735,0.0028240545585527027
1635776759036,2021-11-01T10:25:59.036,23.85,-0.0027427877921037697,-7.209788874031616e-05,0.0030799516263593256
1635776759046,2021-11-01T10:25:59.046,23.86,-0.003785656395652399,0.0003062910789066488,0.003384810683689823
1635776759056,2021-11-01T10:25:59.056,23.87,-0.004281051307573863,-0.0007299625112866345,0.004154261811381177
1635776759066,2021-11-01T10:25:59.066,23.88,-0.0032321600984800865,-0.0033040540452367578,0.004984273002656391
1635776759076,2021-11-01T10:25:59.076,23.89,-0.0020636324938466104,-0.004879490600815399,0.005148231920298653
1635776759086,2021-11-01T10:25:59.086,23.9,-0.002390608488316512,-0.004074467310857737,0.005191053507339486
1635776759096,2021-11-01T10:25:59.096,23.91,-0.0033440578943201653,-0.0029908368493715572,0.006219608385791931
1635776759106,2021-11-01T10:25:59.106,23.92,-0.002880882631962364,-0.004395803096194423,0.007973845374789176
1635776759116,2021-11-01T10:25:59.116,23.93,-0.0009106550472214756,-0.007580688574069551,0.009305693017616653
1635776759126,2021-11-01T10:25:59.126,23.94,0.0006571971387207244,-0.00841315974273725,0.010100438487082567
1635776759136,2021-11-01T10:25:59.136,23.95,0.00044661798388175413,-0.0049297056664720455,0.010953159447528454
1635776759146,2021-11-01T10:25:59.146,23.96,-0.000869372566577659,-0.0011975104340321906,0.011426301683944933
1635776759156,2021-11-01T10:25:59.156,23.97,-0.0015005273759611745,-0.0014857043580234,0.010457402970466332
1635776759166,2021-11-01T10:25:59.166,23.98,-0.0007242480064796516,-0.0025753671349291666,0.00806485778710192
1635776759176,2021-11-01T10:25:59.176,23.99,0.00025429085147938766,0.0013834697121451816,0.00538174733977889
1635776759186,2021-11-01T10:25:59.186,24.0,1.0660066303673794e-05,0.008026982134924882,0.003494261427334361
1635776759196,2021-11-01T10:25:59.196,24.01,-0.0010895527927046685,0.009209375567312923,0.002534793272274979
1635776759206,2021-11-01T10:25:59.206,24.02,-0.001680484001470666,0.0035432982687155492,0.0016690444109440223
1635776759216,2021-11-01T10:25:59.216,24.03,-0.0018883388636372364,-0.0018134921081735767,0.0005285677149292412
1635776759226,2021-11-01T10:25:59.226,24.04,-0.003154143259686134,-0.0016088927969021938,-0.00013669004734511315
1635776759236,2021-11-01T10:25:59.236,24.05,-0.005581725355680905,0.0024166588041485753,-0.0004411955119095095
1635776759246,2021-11-01T10:25:59.246,24.06,-0.007772480931225654,0.006288193185891054,-0.0019139398594149749
1635776759256,2021-11-01T10:25:59.256,24.07,-0.009017189905279095,0.00792832256550878,-0.0043983312626961
1635776759266,2021-11-01T10:25:59.266,24.08,-0.009425761709623878,0.007199781571395558,-0.005304421161667512
1635776759276,2021-11-01T10:25:59.276,24.09,-0.008921258591855982,0.005329722955960918,-0.0038197041604568576
1635776759286,2021-11-01T10:25:59.286,24.1,-0.007846667890734472,0.0037390006682297082,-0.0025972992153267946
1635776759296,2021-11-01T10:25:59.296,24.11,-0.006969259335215684,0.002560042100395253,-0.0032750198455783583
1635776759306,2021-11-01T10:25:59.306,24.12,-0.006212604082865265,0.0011656124387229357,-0.003799892333719383
1635776759316,2021-11-01T10:25:59.316,24.13,-0.005234094335267609,-0.00014461072275447084,-0.0024584012487074026
1635776759326,2021-11-01T10:25:59.326,24.14,-0.004486714838302343,5.159805353089242e-05,-0.0010048499035450026
1635776759336,2021-11-01T10:25:59.336,24.15,-0.0037190133504915674,0.0023114713917254445,-0.001177281421387784
1635776759346,2021-11-01T10:25:59.346,24.16,-0.0013847965112714325,0.0045734852063381674,-0.0013658124152078695
1635776759356,2021-11-01T10:25:59.356,24.17,0.0023984443727622165,0.004323555113982986,0.0006951092583374015
1635776759366,2021-11-01T10:25:59.366,24.18,0.004748328348623021,0.002371259723548641,0.004399970325910919
1635776759376,2021-11-01T10:25:59.376,24.19,0.00402634647901576,0.0015822252680997317,0.007135828673562943
1635776759386,2021-11-01T10:25:59.386,24.2,0.002811933411820798,0.0024007892727422038,0.007232838764647295
1635776759396,2021-11-01T10:25:59.396,24.21,0.004323638927449545,0.0026740454367197753,0.0057165056460433995
1635776759406,2021-11-01T10:25:59.406,24.22,0.00726272866408898,0.0010913839022307485,0.005406068841509867
1635776759416,2021-11-01T10:25:59.416,24.23,0.007742957235495127,-0.0013216489199095308,0.007295968030544707
1635776759426,2021-11-01T10:25:59.426,24.24,0.0057281736466810364,-0.0025774232202595317,0.008681205313282876
1635776759436,2021-11-01T10:25:59.436,24.25,0.004729765221966574,-0.0019104091181441898,0.006828959406293358
1635776759446,2021-11-01T10:25:59.446,24.26,0.00532885651893783,-0.0004817614596088812,0.0029935921834214414
1635776759456,2021-11-01T10:25:59.456,24.27,0.004762196389627267,0.00040198387961583066,0.00048210495022733986
1635776759466,2021-11-01T10:25:59.466,24.28,0.0025733176887816297,0.0008725937057113902,0.0002533223587960219
1635776759476,2021-11-01T10:25:59.476,24.29,0.0009318060188249591,0.0013643465782503872,0.0006388300420730574
1635776759486,2021-11-01T10:25:59.486,24.3,0.00025035181716178713,0.0011263245122875966,0.00040683987403357684
1635776759496,2021-11-01T10:25:59.496,24.31,-0.0007250716347566333,-0.0005034267874847259,-0.0001926661138726108
1635776759506,2021-11-01T10:25:59.506,24.32,-0.0018330209940959543,-0.002197478489960966,-0.0012045824075890914
1635776759516,2021-11-01T10:25:59.516,24.33,-0.001972660658632756,-0.0020024606848383997,-0.003202733894317953
1635776759526,2021-11-01T10:25:59.526,24.34,-0.0013533214753349231,-4.9785175255678675e-05,-0.005306493268376388
1635776759536,2021-11-01T10:25:59.536,24.35,-0.001002194612717384,0.0019503574732458336,-0.005539056399957311
1635776759546,2021-11-01T10:25:59.546,24.36,-0.0009584108673230441,0.003152023908646927,-0.0038842988552323446
1635776759556,2021-11-01T10:25:59.556,24.37,-0.0005764188845403509,0.0038056827755045246,-0.002856260916103616
1635776759566,2021-11-01T10:25:59.566,24.38,-4.094894398428714e-05,0.003880046685201209,-0.004061704887688221
1635776759576,2021-11-01T10:25:59.576,24.39,-9.385106699070804e-05,0.0030434685574536454,-0.005666893812537287
1635776759586,2021-11-01T10:25:59.586,24.4,-0.0006241007588192807,0.0017406466561951702,-0.004924096323281601
1635776759596,2021-11-01T10:25:59.596,24.41,-0.0008883501305638383,0.0011573514010114086,-0.0024720669571180074
1635776759606,2021-11-01T10:25:59.606,24.42,-0.0007595226752639427,0.0018504416899442554,-0.0016062986897699425
1635776759616,2021-11-01T10:25:59.616,24.43,-0.0006704301067336705,0.003031153184432803,-0.003387208109833827
1635776759626,2021-11-01T10:25:59.626,24.44,-0.0007396512169984986,0.0037009674125358257,-0.005409263546682626
1635776759636,2021-11-01T10:25:59.636,24.45,-0.0007568364724469926,0.003977400450491419,-0.005598889047165739
1635776759646,2021-11-01T10:25:59.646,24.46,-0.0007213409663728808,0.0044189522763031525,-0.004456506122624705
1635776759656,2021-11-01T10:25:59.656,24.47,-0.000798247351362325,0.004579096503019366,-0.0032620325612152624
1635776759666,2021-11-01T10:25:59.666,24.48,-0.0008744635459061919,0.0036796990124241605,-0.002365168635665589
1635776759676,2021-11-01T10:25:59.676,24.49,-0.0006769361676651861,0.002397298767965742,-0.0017484866711427159
1635776759686,2021-11-01T10:25:59.686,24.5,-0.00022440517410373878,0.0023265799607657513,-0.0016506546968785253
1635776759696,2021-11-01T10:25:59.696,24.51,0.00043632317075286694,0.0037798564126778214,-0.0019655150338685912
1635776759706,2021-11-01T10:25:59.706,24.52,0.001513947320807232,0.005436095999099246,-0.001925490331663254
1635776759716,2021-11-01T10:25:59.716,24.53,0.0026172006354699784,0.006078199127968805,-0.0009592425075250512
1635776759726,2021-11-01T10:25:59.726,24.54,0.002547056354345265,0.0057965934764327084,0.00043940759729651634
1635776759736,2021-11-01T10:25:59.736,24.55,0.0010549891515252035,0.005311675772536084,0.0011334385035387325
1635776759746,2021-11-01T10:25:59.746,24.56,-0.000483508164377019,0.004690810762872245,0.0007513496388665921
1635776759756,2021-11-01T10:25:59.756,24.57,-0.0011835047462550878,0.0035386236199609735,0.00014574523813667647
1635776759766,2021-11-01T10:25:59.766,24.58,-0.0019516815388989067,0.0020332412299868645,3.209985159602737e-05
1635776759776,2021-11-01T10:25:59.776,24.59,-0.0036669696415885496,0.0005838981962049469,2.485815140984443e-05
1635776759786,2021-11-01T10:25:59.786,24.6,-0.005362634349401917,-0.0007234240491054336,-0.00034535088090224684
1635776759796,2021-11-01T10:25:59.796,24.61,-0.005523647969660737,-0.001125082259171447,-0.0007005544710423395
1635776759806,2021-11-01T10:25:59.806,24.62,-0.004565521105961693,0.0005258774938165773,-0.0005863023209915478
1635776759816,2021-11-01T10:25:59.816,24.63,-0.00441319728306437,0.0030510507827660512,-0.0003334259376766135
1635776759826,2021-11-01T10:25:59.826,24.64,-0.005592015562287332,0.0032620136953080605,-0.00047293183458080236
1635776759836,2021-11-01T10:25:59.836,24.65,-0.006530109664746072,0.000635746358469627,-0.0007572824896467803
1635776759846,2021-11-01T10:25:59.846,24.66,-0.0060938619004371605,-0.0014244124774038555,-0.0007035104581466862
1635776759856,2021-11-01T10:25:59.856,24.67,-0.005091026791132077,-0.0005770171864162749,-0.0007827637204418957
1635776759866,2021-11-01T10:25:59.866,24.68,-0.004821278032407096,0.001373228167812867,-0.0016035448937535227
1635776759876,2021-11-01T10:25:59.876,24.69,-0.005314386170479331,0.0017086901069881199,-0.002416672551286905
1635776759886,2021-11-01T10:25:59.886,24.7,-0.005407344181762119,0.0003560315227166716,-0.0020787193042267364
1635776759896,2021-11-01T10:25:59.896,24.71,-0.004310668920337378,-0.0006695232670587088,-0.0006872941975723575
1635776759906,2021-11-01T10:25:59.906,24.72,-0.0028269250051710824,0.00040938192169825835,0.0008440569493503848
1635776759916,2021-11-01T10:25:59.916,24.73,-0.0024319864443261056,0.0033630198154264946,0.0017496018400359678
1635776759926,2021-11-01T10:25:59.926,24.74,-0.0033068084639685455,0.005687031779122883,0.001623109199242138
1635776759936,2021-11-01T10:25:59.936,24.75,-0.00424890224846418,0.004999987083079811,0.000731070628728679
1635776759946,2021-11-01T10:25:59.946,24.76,-0.004275988558515714,0.0018667281352291612,-1.2019819427867162e-05
1635776759956,2021-11-01T10:25:59.956,24.77,-0.0033217732419935286,-0.0011608580638507104,1.6470187079544022e-05
1635776759966,2021-11-01T10:25:59.966,24.78,-0.0019138236180181044,-0.0027863511256652177,0.0005820061237696787
1635776759976,2021-11-01T10:25:59.976,24.79,-0.001046995594880326,-0.003345782539893148,0.0011338277383754975
1635776759986,2021-11-01T10:25:59.986,24.8,-0.0013390067094411805,-0.002833717190123838,0.0015115733341263368
1635776759996,2021-11-01T10:25:59.996,24.81,-0.001767636892272086,-0.0010641117416932072,0.0018554580026577012
1635776760006,2021-11-01T10:26:00.006,24.82,-0.0009292635230059902,0.0007496336944156579,0.0018726379310323353
1635776760016,2021-11-01T10:26:00.016,24.83,0.0006358471011106722,0.001348519215386967,0.0009893159577134122
1635776760026,2021-11-01T10:26:00.026,24.84,0.0016568262462037984,0.001962066501413453,-0.00021789438755063533
1635776760036,2021-11-01T10:26:00.036,24.85,0.0024961520254706353,0.0041755998456017,-0.00019988799156575793
1635776760046,2021-11-01T10:26:00.046,24.86,0.0038090030764468775,0.006051257978195543,0.0011210626463026678
1635776760056,2021-11-01T10:26:00.056,24.87,0.0046381297322473985,0.004956089797674226,0.002159722074202819
1635776760066,2021-11-01T10:26:00.066,24.88,0.0039164517440541296,0.003052755377042686,0.0022359219153080738
1635776760076,2021-11-01T10:26:00.076,24.89,0.002179577269311189,0.004156409707658749,0.0017241543475698844
1635776760086,2021-11-01T10:26:00.086,24.9,0.0006248225700302144,0.006648900231092696,0.0003750178451061293
1635776760096,2021-11-01T10:26:00.096,24.91,-0.00034559037787453614,0.005881608587489437,-0.0016327967793392305
1635776760106,2021-11-01T10:26:00.106,24.92,-0.0011341157232198622,0.0018063970818333179,-0.0024581153917884488
1635776760116,2021-11-01T10:26:00.116,24.93,-0.002054088328538572,-0.0018397835789022703,-0.0009821244618634668
1635776760126,2021-11-01T10:26:00.126,24.94,-0.0029249013600760048,-0.003555862303845917,0.001166508175506899
1635776760136,2021-11-01T10:26:00.136,24.95,-0.00366751358165163,-0.0037654269262990337,0.001751208374748999
1635776760146,2021-11-01T10:26:00.146,24.96,-0.004623897704469959,-0.0014841039505850851,0.0006549976649817143
1635776760156,2021-11-01T10:26:00.156,24.97,-0.005870567286335287,0.0034072680666282803,-0.000693735982569108
1635776760166,2021-11-01T10:26:00.166,24.98,-0.006902320168053487,0.0072363344058433456,-0.0013172334489513816
1635776760176,2021-11-01T10:26:00.176,24.99,-0.007237444164675059,0.0063307723441549685,-0.0011565556968902097
1635776760186,2021-11-01T10:26:00.186,25.0,-0.00673696233018142,0.0016275468817927062,-0.0006398639232193712
1635776760196,2021-11-01T10:26:00.196,25.01,-0.005431582177113417,-0.0032670878200593448,-0.00040027622533791594
1635776760206,2021-11-01T10:26:00.206,25.02,-0.00368105667635285,-0.006087859791370161,-0.0004892873176585688
1635776760216,2021-11-01T10:26:00.216,25.03,-0.002280947599606271,-0.00616125635274722,-6.455211672861529e-05
1635776760226,2021-11-01T10:26:00.226,25.04,-0.001689084786425336,-0.003661931933320745,0.001025843486501424
1635776760236,2021-11-01T10:26:00.236,25.05,-0.0013904612915641278,-0.00018122466797588826,0.001434873559048843
1635776760246,2021-11-01T10:26:00.246,25.06,-0.0007784934477854961,0.0025384012716481996,0.0005233737058772161
1635776760256,2021-11-01T10:26:00.256,25.07,-0.0002047393034853271,0.004604629304827365,-0.00028867594380825644
1635776760266,2021-11-01T10:26:00.266,25.08,-0.0001701152989316045,0.006166565459671352,0.00013039154127037855
1635776760276,2021-11-01T10:26:00.276,25.09,-7.379727971538352e-05,0.005636996323847178,0.0008594383088661746
1635776760286,2021-11-01T10:26:00.286,25.1,0.0008292709134857108,0.002937342342783372,0.0007502289335587966
1635776760296,2021-11-01T10:26:00.296,25.11,0.0017017235205146128,0.0008545234672559868,6.942350100194053e-05
1635776760306,2021-11-01T10:26:00.306,25.12,0.0012209213284682702,0.00011380902329428688,-0.0005053569464900934
1635776760316,2021-11-01T10:26:00.316,25.13,0.00010534348254837445,-0.0016386215550088688,-0.000874340073689596
1635776760326,2021-11-01T10:26:00.326,25.14,0.00015535827852597295,-0.0036434637294073847,-0.0011829245595331296
1635776760336,2021-11-01T10:26:00.336,25.15,0.0008989735555325493,-0.0017450795516881475,-0.0015200437446946556
1635776760346,2021-11-01T10:26:00.346,25.16,0.00015131859517984955,0.0035770245930425836,-0.0017300661366087193
1635776760356,2021-11-01T10:26:00.356,25.17,-0.0018185831746501027,0.006284618456619648,-0.0013532513317992374
1635776760366,2021-11-01T10:26:00.366,25.18,-0.0020699117460403547,0.003922325775378516,-0.00039551380883868104
1635776760376,2021-11-01T10:26:00.376,25.19,0.00012546904401804037,0.0007847039512996576,0.00043447598642532513
1635776760386,2021-11-01T10:26:00.386,25.2,0.0017792793258193085,0.00020063701577664113,0.0008006726077234523
1635776760396,2021-11-01T10:26:00.396,25.21,0.0011707825687165309,9.327877349756881e-05,0.0007533926142824713
1635776760406,2021-11-01T10:26:00.406,25.22,0.000491852052161102,-0.0017042372627684849,-9.735028449135485e-05
1635776760416,2021-11-01T10:26:00.416,25.23,0.0013943516432408994,-0.0032457646169294406,-0.0013382756934399195
1635776760426,2021-11-01T10:26:00.426,25.24,0.0020287772461140626,-0.0021522310351779136,-0.0010176012911271817
1635776760436,2021-11-01T10:26:00.436,25.25,0.0009391177346825873,0.000252759197027528,0.0011527063329530795
1635776760446,2021-11-01T10:26:00.446,25.26,-0.00028716024934166673,0.0007810906307126847,0.002235981802107183
1635776760456,2021-11-01T10:26:00.456,25.27,-0.0005582552964788728,-0.0013808135981910024,0.0005364820897787216
1635776760466,2021-11-01T10:26:00.466,25.28,-0.0012406365125428717,-0.0036587899827216566,-0.0015892485328495361
1635776760476,2021-11-01T10:26:00.476,25.29,-0.0025139264255869603,-0.003037039247789435,-0.0019458954720685028
1635776760486,2021-11-01T10:26:00.486,25.3,-0.0021439164604993184,0.0006273790551896421,-0.0017110226166246088
1635776760496,2021-11-01T10:26:00.496,25.31,9.067708328888528e-05,0.004455825119564487,-0.0021306224700107716
1635776760506,2021-11-01T10:26:00.506,25.32,0.001186799854752,0.005141259630234938,-0.0019171343782619032
1635776760516,2021-11-01T10:26:00.516,25.33,-9.082710480748276e-05,0.0017819757953407443,-0.00016299329865110195
1635776760526,2021-11-01T10:26:00.526,25.34,-0.0013760925432613393,-0.002920654862152984,0.0014620285418748761
1635776760536,2021-11-01T10:26:00.536,25.35,-0.0011318890831784334,-0.004844299782007036,0.001491550870955496
1635776760546,2021-11-01T10:26:00.546,25.36,-0.0005853676655154143,-0.0027125524754470264,0.001164229616969268
1635776760556,2021-11-01T10:26:00.556,25.37,-0.0003207944390189016,0.0007534141034421741,0.0022006733908231254
1635776760566,2021-11-01T10:26:00.566,25.38,0.0007471203071424682,0.0021709153449833733,0.003927480140955517
1635776760576,2021-11-01T10:26:00.576,25.39,0.0022483800871713386,0.0007944838225828795,0.004647445894924774
1635776760586,2021-11-01T10:26:00.586,25.4,0.0024489211552918217,-0.0013419935800974923,0.004475026127253435
1635776760596,2021-11-01T10:26:00.596,25.41,0.0018050927935043758,-0.0019083949442929567,0.0046394680342855465
1635776760606,2021-11-01T10:26:00.606,25.42,0.0023960614793666697,-0.0010078542619845264,0.005060629426168493
1635776760616,2021-11-01T10:26:00.616,25.43,0.0041676932570041784,-0.0006320282918394107,0.00491227268148042
1635776760626,2021-11-01T10:26:00.626,25.44,0.005128375536196903,-0.001327959441943379,0.004542169713054237
1635776760636,2021-11-01T10:26:00.636,25.45,0.004295124529879381,-0.001845008184438527,0.004337851029242824
1635776760646,2021-11-01T10:26:00.646,25.46,0.0023614813474869528,-0.0022142330083723682,0.003139389575001224
1635776760656,2021-11-01T10:26:00.656,25.47,0.0007341312800362141,-0.003536991559849014,0.0007099380328519098
1635776760666,2021-11-01T10:26:00.666,25.48,0.0004257511235234742,-0.00479829034674569,-0.00018795640020076486
1635776760676,2021-11-01T10:26:00.676,25.49,0.0009189614044027433,-0.004270092081789722,0.0023548065458137155
1635776760686,2021-11-01T10:26:00.686,25.5,0.0009984597580386502,-0.0032792751233967016,0.00552343992812241
1635776760696,2021-11-01T10:26:00.696,25.51,0.0007621175501731339,-0.003643573129251207,0.005416951494854233
1635776760706,2021-11-01T10:26:00.706,25.52,0.0009250197426527465,-0.0033447293578819375,0.0026003850636381496
1635776760716,2021-11-01T10:26:00.716,25.53,0.0010606558039732237,-0.00036290755359042804,0.00040783491615515666
1635776760726,2021-11-01T10:26:00.726,25.54,0.0006708453454186431,0.0022819614998928583,-0.00013909011896385355
1635776760736,2021-11-01T10:26:00.736,25.55,0.00042834704342180287,0.0014906677109883984,-4.437962888520914e-05
1635776760746,2021-11-01T10:26:00.746,25.56,0.0007435678275850735,0.00017944079551218933,0.0005845010614098732
1635776760756,2021-11-01T10:26:00.756,25.57,0.0009134912131368636,0.0019046738328995787,0.0017905146444168385
1635776760766,2021-11-01T10:26:00.766,25.58,0.0005137754134410897,0.003721327129897436,0.002562813005677278
1635776760776,2021-11-01T10:26:00.776,25.59,-1.8307122501433218e-05,0.0012559723144053507,0.002523254793054727
1635776760786,2021-11-01T10:26:00.786,25.6,-0.000294218168476651,-0.003127995666644059,0.0023272696176740394
1635776760796,2021-11-01T10:26:00.796,25.61,-0.00025568524592681577,-0.004165487268170854,0.0018322520805556823
1635776760806,2021-11-01T10:26:00.806,25.62,-6.959602775722931e-05,-0.0025147129805056885,0.0004321830633182806
1635776760816,2021-11-01T10:26:00.816,25.63,-0.00046348595842602086,-0.0029394125836111305,-0.0011098247802962646
1635776760826,2021-11-01T10:26:00.826,25.64,-0.001989559652972435,-0.00540387212514066,-0.0012948525531757613
1635776760836,2021-11-01T10:26:00.836,25.65,-0.0033950666297798736,-0.004681452094715124,3.6573832097740405e-05
1635776760846,2021-11-01T10:26:00.846,25.66,-0.002489435598148378,0.0005711729323605197,0.0014941495746375794
1635776760856,2021-11-01T10:26:00.856,25.67,0.0005103221775926863,0.004419411483695353,0.0020650860147735624
1635776760866,2021-11-01T10:26:00.866,25.68,0.002708262184203985,0.0023152918385267443,0.002565991770746818
1635776760876,2021-11-01T10:26:00.876,25.69,0.0028022865964167695,-0.001819138799565048,0.003966518098646402
1635776760886,2021-11-01T10:26:00.886,25.7,0.002668856977148697,-0.0020165949760968197,0.00485856634108983
1635776760896,2021-11-01T10:26:00.896,25.71,0.0031093992391595954,0.0002434855176201221,0.00325805003335792
1635776760906,2021-11-01T10:26:00.906,25.72,0.00201667763489086,-0.00041503750390955215,0.0003580867554611478
1635776760916,2021-11-01T10:26:00.916,25.73,-0.0010774702460910443,-0.0031706195103226135,-0.0009645255576020036
1635776760926,2021-11-01T10:26:00.926,25.74,-0.003125540909468104,-0.002702754085213227,-0.0005255393820224968
1635776760936,2021-11-01T10:26:00.936,25.75,-0.0024417274824140075,0.0006619191273151462,-0.0001273065845630547
1635776760946,2021-11-01T10:26:00.946,25.76,-0.0009932962166896645,0.001241716638360382,0.000162563927755613
1635776760956,2021-11-01T10:26:00.956,25.77,-0.0003480048418846043,-0.002324640969021502,0.001518251818825576
1635776760966,2021-11-01T10:26:00.966,25.78,0.00037977497291699245,-0.00532209578739515,0.0034357140751546463
1635776760976,2021-11-01T10:26:00.976,25.79,0.001889163063199561,-0.00429511520784766,0.004135737887236191
1635776760986,2021-11-01T10:26:00.986,25.8,0.0033695886405603467,-0.0006467593369369341,0.0031115609075262765
1635776760996,2021-11-01T10:26:00.996,25.81,0.0037555379401468013,0.002480754027461658,0.0015770931250748581
1635776761006,2021-11-01T10:26:01.006,25.82,0.0027861752755085458,0.003584470548647394,0.000712982198422565
1635776761016,2021-11-01T10:26:01.016,25.83,0.0015701038709416627,0.0032004689077497197,0.0004994713500988291
1635776761026,2021-11-01T10:26:01.026,25.84,0.0018215303810283421,0.002284554784171237,0.000532124797762447
1635776761036,2021-11-01T10:26:01.036,25.85,0.003579091823443575,0.0008869674451394667,0.0010337493981828498
1635776761046,2021-11-01T10:26:01.046,25.86,0.004914996896204512,-0.0009785776221343412,0.001876153495892281
1635776761056,2021-11-01T10:26:01.056,25.87,0.004281573674332585,-0.002218859905638476,0.0014930230988022598
1635776761066,2021-11-01T10:26:01.066,25.88,0.0017775886095658237,-0.002139650726701461,-0.001267555455613078
1635776761076,2021-11-01T10:26:01.076,25.89,-0.0014410255615380097,-0.0017369633333100777,-0.004806386235325995
1635776761086,2021-11-01T10:26:01.086,25.9,-0.003930221948348929,-0.001669977413036775,-0.006253295001924255
1635776761096,2021-11-01T10:26:01.096,25.91,-0.004908474973194402,-0.0010196065718732809,-0.004962984680328129
1635776761106,2021-11-01T10:26:01.106,25.92,-0.004957772409056543,0.0002342807205491884,-0.0031729189536509007
1635776761116,2021-11-01T10:26:01.116,25.93,-0.005078938618841794,0.00041674424423249456,-0.003261472065835812
1635776761126,2021-11-01T10:26:01.126,25.94,-0.004896281959474882,-0.0008464559120744718,-0.005110391346580529
1635776761136,2021-11-01T10:26:01.136,25.95,-0.002910990809700146,-0.0021988889097317795,-0.006507455310938905
1635776761146,2021-11-01T10:26:01.146,25.96,0.000565576755632803,-0.0033092211495277116,-0.005854517784326224
1635776761156,2021-11-01T10:26:01.156,25.97,0.0025866733796973576,-0.004151066777840737,-0.0037753509153045355
1635776761166,2021-11-01T10:26:01.166,25.98,0.0019244205017246337,-0.002710416876417395,-0.0020171608676039865
1635776761176,2021-11-01T10:26:01.176,25.99,0.001413364606469038,0.001802084399260522,-0.0015208664356376987
1635776761186,2021-11-01T10:26:01.186,26.0,0.002792647331234354,0.00525851993185841,-0.001808736522198638
1635776761196,2021-11-01T10:26:01.196,26.01,0.0035022132566374536,0.003403911731912644,-0.0019350013233965378
1635776761206,2021-11-01T10:26:01.206,26.02,0.002140739486124422,-0.0015646470255634305,-0.0018382064009727886
1635776761216,2021-11-01T10:26:01.216,26.03,0.0014824242364186934,-0.004358756859639566,-0.0023823338835665037
1635776761226,2021-11-01T10:26:01.226,26.04,0.0027171143785148844,-0.004267231306973728,-0.0039057814335392987
1635776761236,2021-11-01T10:26:01.236,26.05,0.002951323930323358,-0.004145944558747582,-0.005451541359802655
1635776761246,2021-11-01T10:26:01.246,26.06,0.0009945710537391137,-0.0041377466908413115,-0.005975639367388819
1635776761256,2021-11-01T10:26:01.256,26.07,-0.00048171566775339963,-0.0021168518939248433,-0.00583624347546312
1635776761266,2021-11-01T10:26:01.266,26.08,6.52404520030163e-05,0.0012420636836872811,-0.006275299818082544
1635776761276,2021-11-01T10:26:01.276,26.09,0.001262605430816346,0.003007271111054041,-0.0075089402001058
1635776761286,2021-11-01T10:26:01.286,26.1,0.002332588844374017,0.0024582035985772632,-0.008427202050822143
1635776761296,2021-11-01T10:26:01.296,26.11,0.003958543425225923,0.001053674580083987,-0.008338856235213268
1635776761306,2021-11-01T10:26:01.306,26.12,0.005568445429389283,-0.0005151452134674954,-0.007779478352375515
1635776761316,2021-11-01T10:26:01.316,26.13,0.005220825415185984,-0.0020407580543462082,-0.007402512307245876
1635776761326,2021-11-01T10:26:01.326,26.14,0.002870929928024968,-0.0024030869667382776,-0.0071786360579690275
1635776761336,2021-11-01T10:26:01.336,26.15,0.0013136269370812546,-0.0010669615769979958,-0.006787514373911034
1635776761346,2021-11-01T10:26:01.346,26.16,0.0025794968543640935,0.0005735038108965851,-0.005896772565842204
1635776761356,2021-11-01T10:26:01.356,26.17,0.005054495668335201,0.0010931197161098672,-0.00437288302812353
1635776761366,2021-11-01T10:26:01.366,26.18,0.005809983872829607,0.0009889771492069001,-0.003188582237357891
1635776761376,2021-11-01T10:26:01.376,26.19,0.0045766166496210795,0.0014352215641530723,-0.003900746769830747
1635776761386,2021-11-01T10:26:01.386,26.2,0.0035411548903171307,0.0020475194394449867,-0.005824244091276648
1635776761396,2021-11-01T10:26:01.396,26.21,0.003913837641531766,0.0015203567896452982,-0.006029205419154053
1635776761406,2021-11-01T10:26:01.406,26.22,0.004658938174011561,0.00023341208374915955,-0.00394338362112565
1635776761416,2021-11-01T10:26:01.416,26.23,0.0046425494948020875,-7.935878945044655e-05,-0.002680616031493088
1635776761426,2021-11-01T10:26:01.426,26.24,0.00426334179405197,0.0003295945418047944,-0.003818598448027486
1635776761436,2021-11-01T10:26:01.436,26.25,0.004209908649922782,-0.0006557379770071086,-0.0048014110224593
1635776761446,2021-11-01T10:26:01.446,26.26,0.00401989609966461,-0.0027803287429856304,-0.003721554493911022
1635776761456,2021-11-01T10:26:01.456,26.27,0.003169004374760013,-0.0032928548167541196,-0.0026553121039482874
1635776761466,2021-11-01T10:26:01.466,26.28,0.0025099716580384516,-0.0019095469198035498,-0.00378168350526334
1635776761476,2021-11-01T10:26:01.476,26.29,0.0030609243603051655,-0.0012922382864158036,-0.005621207263368276
1635776761486,2021-11-01T10:26:01.486,26.3,0.0041830323656089526,-0.0020497092354843966,-0.005583245452893772
1635776761496,2021-11-01T10:26:01.496,26.31,0.004423100584494028,-0.0022291043154691248,-0.0037044320053866474
1635776761506,2021-11-01T10:26:01.506,26.32,0.0035239876692872256,-0.0015369178521755598,-0.0018245420804396258
1635776761516,2021-11-01T10:26:01.516,26.33,0.0023981283968775424,-0.0012459543330645476,-0.0008997039144037343
1635776761526,2021-11-01T10:26:01.526,26.34,0.0015492682374591738,-0.0011604391809360325,-0.0006559492378301946
1635776761536,2021-11-01T10:26:01.536,26.35,0.0006696184730748626,-0.0005618176600130946,-0.0006055054386966579
1635776761546,2021-11-01T10:26:01.546,26.36,-0.0003113523682824527,-0.00021516785579380948,-0.0004936255341165626
1635776761556,2021-11-01T10:26:01.556,26.37,-0.0009747423317228721,-0.0011618754957948107,-0.000502202202902062
1635776761566,2021-11-01T10:26:01.566,26.38,-0.0012691752045207287,-0.003293376457138804,-0.0010183726300273907
1635776761576,2021-11-01T10:26:01.576,26.39,-0.0014738100720316138,-0.005564030472735132,-0.0017844943266901124
1635776761586,2021-11-01T10:26:01.586,26.4,-0.0014378715229867312,-0.0067333351443341245,-0.0021238306836079846
1635776761596,2021-11-01T10:26:01.596,26.41,-0.0009625803554977722,-0.006528894996380218,-0.0022188535961122926
1635776761606,2021-11-01T10:26:01.606,26.42,-0.000395060613259902,-0.005557779411006358,-0.0028249195269913945
1635776761616,2021-11-01T10:26:01.616,26.43,0.00031830102474673895,-0.003701535849337877,-0.0037620038249345745
1635776761626,2021-11-01T10:26:01.626,26.44,0.001974432049229646,-0.0010719836218288955,-0.004166016925019129
1635776761636,2021-11-01T10:26:01.636,26.45,0.004054877966308736,0.00021012860793379192,-0.0038361229960780976
1635776761646,2021-11-01T10:26:01.646,26.46,0.004270949346636634,-0.0005718613559845581,-0.003152761912677122
1635776761656,2021-11-01T10:26:01.656,26.47,0.002099440892824551,-1.1865088678979317e-06,-0.002488875843137347
1635776761666,2021-11-01T10:26:01.666,26.48,0.00040706508714225746,0.003573706402814219,-0.002204545021648209
1635776761676,2021-11-01T10:26:01.676,26.49,0.0014350428801843732,0.0058469247803488765,-0.0022734747670369437
1635776761686,2021-11-01T10:26:01.686,26.5,0.003656424780902964,0.003979608772591679,-0.002421126495395799
1635776761696,2021-11-01T10:26:01.696,26.51,0.0044040687379229785,0.002125862015092446,-0.003080563940584099
1635776761706,2021-11-01T10:26:01.706,26.52,0.003048600280849579,0.0033437081366476705,-0.004444349694833148
1635776761716,2021-11-01T10:26:01.716,26.53,0.0005522460917697671,0.00318233799487159,-0.004985096971980367
1635776761726,2021-11-01T10:26:01.726,26.54,-0.0015558152427821719,-0.0017891877933604782,-0.003565372363676743
1635776761736,2021-11-01T10:26:01.736,26.55,-0.0017495030736375654,-0.0065868572270091,-0.0015001482930634524
1635776761746,2021-11-01T10:26:01.746,26.56,-0.00040228959506463636,-0.005869091218757045,1.5535749606503314e-05
1635776761756,2021-11-01T10:26:01.756,26.57,-0.00016212542897910001,-0.0021401643275593086,0.0014840461474467782
1635776761766,2021-11-01T10:26:01.766,26.58,-0.0024654597171150866,-8.388248984600303e-05,0.0023640964527822106
1635776761776,2021-11-01T10:26:01.776,26.59,-0.005271152491263193,0.0005076302490088765,0.001304472012840933
1635776761786,2021-11-01T10:26:01.786,26.6,-0.005903849629387913,0.001379181530109062,-4.086649869600693e-05
1635776761796,2021-11-01T10:26:01.796,26.61,-0.004352083354540968,0.0009084575297104024,0.0012890416357733206
1635776761806,2021-11-01T10:26:01.806,26.62,-0.0025469801473380843,-0.0030254725028262723,0.004197784540229461
1635776761816,2021-11-01T10:26:01.816,26.63,-0.002073614408101487,-0.008412898110105382,0.005112971576600039
1635776761826,2021-11-01T10:26:01.826,26.64,-0.003041922234995134,-0.011198719795446338,0.0038087245360761647
1635776761836,2021-11-01T10:26:01.836,26.65,-0.003877291746405479,-0.010408507199143498,0.0028771572673027676
1635776761846,2021-11-01T10:26:01.846,26.66,-0.0027969042882512035,-0.0077900727819870345,0.0031228663613570963
1635776761856,2021-11-01T10:26:01.856,26.67,-0.00029772244435322456,-0.004089637584156486,0.003479116229630177
1635776761866,2021-11-01T10:26:01.866,26.68,0.0012922250213488937,0.0004165066436650817,0.003775046442690129
1635776761876,2021-11-01T10:26:01.876,26.69,0.0010348333437684102,0.0037635361703850655,0.004498063164934982
1635776761886,2021-11-01T10:26:01.886,26.7,0.0003260786385036445,0.004613348752526837,0.00503230458819591
1635776761896,2021-11-01T10:26:01.896,26.71,0.0007153365978436246,0.0044234528716526,0.00439590147826826
1635776761906,2021-11-01T10:26:01.906,26.72,0.0022674036345003016,0.004385534866052601,0.002991200532372371
1635776761916,2021-11-01T10:26:01.916,26.73,0.0036065157797476395,0.0031475483467222343,0.0019694064315645297
1635776761926,2021-11-01T10:26:01.926,26.74,0.0031010948259870474,-5.7951577268341515e-06,0.0016554508969052755
1635776761936,2021-11-01T10:26:01.936,26.75,0.0010791737678953585,-0.0024806954181904694,0.0019666313079171258
1635776761946,2021-11-01T10:26:01.946,26.76,-7.108268525105201e-05,-0.0014231360264275804,0.0030564022202421125
1635776761956,2021-11-01T10:26:01.956,26.77,0.00032347332005017897,0.0018391569106341323,0.004161863236231883
1635776761966,2021-11-01T10:26:01.966,26.78,-0.00010658012677663677,0.002935666787000679,0.003592042731479796
1635776761976,2021-11-01T10:26:01.976,26.79,-0.0022007031275367204,0.0003773819641153903,0.0012462957691985888
1635776761986,2021-11-01T10:26:01.986,26.8,-0.0031682612104905515,-0.002405089667345953,-0.000769603809943811
1635776761996,2021-11-01T10:26:01.996,26.81,-0.0014349403599664002,-0.0025520367826756063,-0.001069279699839676
1635776762006,2021-11-01T10:26:02.006,26.82,0.0004829190015457116,-0.0018805538303786214,-0.00036722444872329873
1635776762016,2021-11-01T10:26:02.016,26.83,8.946761396379178e-05,-0.002648260671724819,0.0005079038818348681
1635776762026,2021-11-01T10:26:02.026,26.84,-0.0015476333908093249,-0.0030976483453101443,0.0013522961304783326
1635776762036,2021-11-01T10:26:02.036,26.85,-0.0019159723530461628,-0.0011741171801418846,0.0014038104674464502
1635776762046,2021-11-01T10:26:02.046,26.86,-0.0005357109206010536,0.0009231890516326475,0.00011369857268365155
1635776762056,2021-11-01T10:26:02.056,26.87,0.0007125897186728288,0.00011697994332106484,-0.001389085873229538
1635776762066,2021-11-01T10:26:02.066,26.88,0.00032290924950221936,-0.0025932788393158938,-0.001572124639175397
1635776762076,2021-11-01T10:26:02.076,26.89,-0.0006095681976007498,-0.004010742613965043,-0.0003793404974315754
1635776762086,2021-11-01T10:26:02.086,26.9,-0.00038432120264718383,-0.003072482509592989,0.0011158862806213774
1635776762096,2021-11-01T10:26:02.096,26.91,0.00011989612543339347,-0.0011499180386575717,0.0019860592824773897
1635776762106,2021-11-01T10:26:02.106,26.92,-0.0007944458243666504,-0.0001480497121841867,0.0020861015774797636
1635776762116,2021-11-01T10:26:02.116,26.93,-0.0020430486311406506,-0.0008356259814614278,0.002112729932416495
1635776762126,2021-11-01T10:26:02.126,26.94,-0.0014440929948407286,-0.0015624340634526773,0.0029065341379949368
1635776762136,2021-11-01T10:26:02.136,26.95,0.0003690061585932616,-0.00023738511784058045,0.004185850583142924
1635776762146,2021-11-01T10:26:02.146,26.96,0.0010225384187483749,0.0015232640329711888,0.004592546490381579
1635776762156,2021-11-01T10:26:02.156,26.97,0.0003598891775779257,0.00018547049536112636,0.0036576119342434993
1635776762166,2021-11-01T10:26:02.166,26.98,0.00044662234884781807,-0.0032322210718834154,0.0027037671151009797
1635776762176,2021-11-01T10:26:02.176,26.99,0.002024095947262201,-0.004255278054857049,0.002999915918106488
1635776762186,2021-11-01T10:26:02.186,27.0,0.0035215346756871796,-0.0025647455900123643,0.004188488681467443
1635776762196,2021-11-01T10:26:02.196,27.01,0.003793943429301128,-0.0018450777194487995,0.005261466642247937
1635776762206,2021-11-01T10:26:02.206,27.02,0.0035143072730371445,-0.0027189526814859833,0.005828237026977442
1635776762216,2021-11-01T10:26:02.216,27.03,0.003364722252490774,-0.0023756125149521187,0.005704709046450989
1635776762226,2021-11-01T10:26:02.226,27.04,0.0029924604277616978,-0.00010867566108311427,0.00468058937601371
1635776762236,2021-11-01T10:26:02.236,27.05,0.002345734770591434,0.00204078157780432,0.00341213113157301
1635776762246,2021-11-01T10:26:02.246,27.06,0.0021067650309894398,0.0029335139779953904,0.0028203590050719773
1635776762256,2021-11-01T10:26:02.256,27.07,0.002296010556729221,0.0031580320979046747,0.002372839976714415
1635776762266,2021-11-01T10:26:02.266,27.08,0.0022281021027686174,0.0032837875551598875,0.0012968103209393602
1635776762276,2021-11-01T10:26:02.276,27.09,0.0020002042767861042,0.0031923231228357767,0.0007258947741200322
1635776762286,2021-11-01T10:26:02.286,27.1,0.002249293688249322,0.002531426948557865,0.0016052220832995998
1635776762296,2021-11-01T10:26:02.296,27.11,0.002589165580505753,0.0012628206708022631,0.0022732508762160104
1635776762306,2021-11-01T10:26:02.306,27.12,0.001909510101473105,8.059378887300095e-05,0.0012820643562512428
1635776762316,2021-11-01T10:26:02.316,27.13,0.0002000719786102332,-8.738096049134013e-05,5.357504268079438e-05
1635776762326,2021-11-01T10:26:02.326,27.14,-0.0010321116209804292,0.0006751176113785525,0.0001874033629443101
1635776762336,2021-11-01T10:26:02.336,27.15,-0.0007080271255688422,0.0012967326700327251,0.0009694263882171663
1635776762346,2021-11-01T10:26:02.346,27.16,4.559683196336535e-05,0.0013307936506178398,0.001274186011920375
1635776762356,2021-11-01T10:26:02.356,27.17,-0.0005505865920525075,0.0015157634533660954,0.001453348794030394
1635776762366,2021-11-01T10:26:02.366,27.18,-0.001990484923552048,0.002141956263856324,0.002143408289814005
1635776762376,2021-11-01T10:26:02.376,27.19,-0.002311392872776883,0.002086550281522613,0.0028348391225364233
1635776762386,2021-11-01T10:26:02.386,27.2,-0.0014010364347812865,0.0006407274969714242,0.0026469638122342517
1635776762396,2021-11-01T10:26:02.396,27.21,-0.0008644206902099847,-0.0008774608543086866,0.0018038801167134743
1635776762406,2021-11-01T10:26:02.406,27.22,-0.0012317383852089318,-0.0008512212733425182,0.0013237190459082096
1635776762416,2021-11-01T10:26:02.416,27.23,-0.0017109317560649543,0.0003072629175819092,0.0014664696773646186
1635776762426,2021-11-01T10:26:02.426,27.24,-0.0018610570436158739,0.0007642389963293837,0.0016760031935198574
1635776762436,2021-11-01T10:26:02.436,27.25,-0.0016871888847866533,-0.0005008665235904005,0.001901290141968917
1635776762446,2021-11-01T10:26:02.446,27.26,-0.0010734356301174647,-0.0022605989627476823,0.0024676927032887853
1635776762456,2021-11-01T10:26:02.456,27.27,-0.00034572333400149425,-0.0018673471504653673,0.0028400245574918995
1635776762466,2021-11-01T10:26:02.466,27.28,-0.0003833661205831215,0.0011127823508494564,0.002210593410388178
1635776762476,2021-11-01T10:26:02.476,27.29,-0.0012792277639828036,0.003211236193992599,0.0011332942127832628
1635776762486,2021-11-01T10:26:02.486,27.3,-0.001842563839727951,0.002086786215343982,0.0010020284969401087
1635776762496,2021-11-01T10:26:02.496,27.31,-0.0013097329830689093,0.0010157170276405415,0.0019399953721252504
1635776762506,2021-11-01T10:26:02.506,27.32,-0.0006568972418632274,0.0036462287684044725,0.0024027656171085434
1635776762516,2021-11-01T10:26:02.516,27.33,-0.00113593972304533,0.00692987600896858,0.0012047148424666533
1635776762526,2021-11-01T10:26:02.526,27.34,-0.0022629181646464723,0.0052278819967614435,-0.0006928877479411822
1635776762536,2021-11-01T10:26:02.536,27.35,-0.0025152741340987907,-0.00046999753224915165,-0.0011900476766898726
1635776762546,2021-11-01T10:26:02.546,27.36,-0.0015749573245376776,-0.00353020677843575,0.00018649898790411206
1635776762556,2021-11-01T10:26:02.556,27.37,-0.0007322555597946622,-0.001040824162273832,0.001627436059627623
1635776762566,2021-11-01T10:26:02.566,27.38,-0.0011281120506507751,0.0031658993333642084,0.0014429228839369164
1635776762576,2021-11-01T10:26:02.576,27.39,-0.0024258356435612805,0.00485475584062675,-0.00013125485568785068
1635776762586,2021-11-01T10:26:02.586,27.4,-0.0035181161673147774,0.004218722051947615,-0.001778895434877523
1635776762596,2021-11-01T10:26:02.596,27.41,-0.003893261555815538,0.0033456941135667547,-0.00256385386556387
1635776762606,2021-11-01T10:26:02.606,27.42,-0.0035806259742665447,0.0024904044318116592,-0.0022633748995263383
1635776762616,2021-11-01T10:26:02.616,27.43,-0.0023718032746879057,0.001134043030558773,-0.001033455397640679
1635776762626,2021-11-01T10:26:02.626,27.44,-0.00032955737102246754,0.0003064914820032991,0.0005970981814971184
1635776762636,2021-11-01T10:26:02.636,27.45,0.0012539104300589212,0.0010568773372147309,0.001673537506161854
1635776762646,2021-11-01T10:26:02.646,27.46,0.0008257280745679575,0.002147425173502608,0.0017459249664563987
1635776762656,2021-11-01T10:26:02.656,27.47,-0.0011862700601792955,0.0017946444982669218,0.0015192901899933743
1635776762666,2021-11-01T10:26:02.666,27.48,-0.0021948797605876942,0.0007403129294716556,0.001555115991893923
1635776762676,2021-11-01T10:26:02.676,27.49,-0.0005737206091767014,0.0014232715323690185,0.0013768343459511312
1635776762686,2021-11-01T10:26:02.686,27.5,0.0017220024578627885,0.004127855272852852,0.0008424808448942744
1635776762696,2021-11-01T10:26:02.696,27.51,0.0016771973994822316,0.006055324600939548,0.0008329175197389431
1635776762706,2021-11-01T10:26:02.706,27.52,-2.4765040148263346e-05,0.005448926565331373,0.0016464763179262526
1635776762716,2021-11-01T10:26:02.716,27.53,3.6586174185401744e-06,0.0038443208698761555,0.0021927520586877457
1635776762726,2021-11-01T10:26:02.726,27.54,0.0021023550216609354,0.0019963565378495955,0.0017844136806318303
1635776762736,2021-11-01T10:26:02.736,27.55,0.0030088428411635735,-0.00168452613280703,0.0014313604842436558
1635776762746,2021-11-01T10:26:02.746,27.56,0.0015276687416561387,-0.005563356346760179,0.0019091529543435672
1635776762756,2021-11-01T10:26:02.756,27.57,0.00017526617282791898,-0.004701591463303681,0.0020813962500947207
1635776762766,2021-11-01T10:26:02.766,27.58,0.00045190234276962335,0.0001880763320170752,0.0011342180719138967
1635776762776,2021-11-01T10:26:02.776,27.59,0.0009338362917282541,0.002397063983208332,0.0003441684780560019
1635776762786,2021-11-01T10:26:02.786,27.6,0.0005939633134677889,0.0005549307988705406,0.000657323716159668
1635776762796,2021-11-01T10:26:02.796,27.61,0.00010747640084290004,0.00027717226754180865,0.0011910794069734444
1635776762806,2021-11-01T10:26:02.806,27.62,-0.0001537233069654792,0.002791681333831628,0.0013979184011127077
1635776762816,2021-11-01T10:26:02.816,27.63,-0.0006319467690125537,0.0027768847128588786,0.0019413206174762453
1635776762826,2021-11-01T10:26:02.826,27.64,-0.0016562300545663795,-0.0008958519580360174,0.0029391838623755305
1635776762836,2021-11-01T10:26:02.836,27.65,-0.003258153274226636,-0.002404280349641295,0.0034892472571678157
1635776762846,2021-11-01T10:26:02.846,27.66,-0.005000198065474565,0.0009869728354432112,0.0029401733039259694
1635776762856,2021-11-01T10:26:02.856,27.67,-0.006019078698857826,0.004240867284503451,0.001547894391976438
1635776762866,2021-11-01T10:26:02.866,27.68,-0.005919958340509219,0.002761855523975519,0.00018125393550448102
1635776762876,2021-11-01T10:26:02.876,27.69,-0.004955747256166285,-0.0005807116055699173,-0.0003626042613405351
1635776762886,2021-11-01T10:26:02.886,27.7,-0.00346806934715827,-0.0007127306126538868,-7.148309913830152e-05
1635776762896,2021-11-01T10:26:02.896,27.71,-0.0019798844576647406,0.0014164397493986467,0.0004189444771293703
1635776762906,2021-11-01T10:26:02.906,27.72,-0.000986764157621718,0.0014594165078742733,0.0005674559977764
1635776762916,2021-11-01T10:26:02.916,27.73,-0.00028350273369578244,-0.00014043747841143534,0.00010875197510138693
1635776762926,2021-11-01T10:26:02.926,27.74,0.0004256753016537215,0.0005972951413264033,-0.0008332557690686397
1635776762936,2021-11-01T10:26:02.936,27.75,0.0007194654929301353,0.0034097525696032984,-0.0014092890686966523
1635776762946,2021-11-01T10:26:02.946,27.76,0.0001758779717615179,0.004183661522082352,-0.000913935270402628
1635776762956,2021-11-01T10:26:02.956,27.77,-0.0008780780878022742,0.0019573870116647274,-5.459934267524285e-05
1635776762966,2021-11-01T10:26:02.966,27.78,-0.0016142270309736143,-7.30876288363576e-05,-0.00011492207929990439
1635776762976,2021-11-01T10:26:02.976,27.79,-0.0014211810236353039,0.0004544534119928112,-0.0011732801228137267
1635776762986,2021-11-01T10:26:02.986,27.8,-0.0007355592205266778,0.0023782008037598365,-0.002095239780175778
1635776762996,2021-11-01T10:26:02.996,27.81,-0.0004763759493493728,0.0027882104567259957,-0.001682721995878502
1635776763006,2021-11-01T10:26:03.006,27.82,-0.00037146385164024253,0.0006884119670969577,0.00027918259903743245
1635776763016,2021-11-01T10:26:03.016,27.83,0.00027868150125432193,-0.0016083736682534575,0.0021883388110361785
1635776763026,2021-11-01T10:26:03.026,27.84,0.0006490086782407938,-0.0017589455367986238,0.001853097122323346
1635776763036,2021-11-01T10:26:03.036,27.85,3.776865692513688e-05,-0.0005057919663764662,-0.0003307086787267391
1635776763046,2021-11-01T10:26:03.046,27.86,-0.00010889386249009401,0.00010187309422802392,-0.0015214294707895021
1635776763056,2021-11-01T10:26:03.056,27.87,0.0010129747385126933,-0.0004267385890312974,-0.0006211736366072673
1635776763066,2021-11-01T10:26:03.066,27.88,0.001480152547555338,-0.0011851459056138466,0.0005670549305496714
1635776763076,2021-11-01T10:26:03.076,27.89,0.0002365754070083843,-0.0013053813981698439,0.0007552238687002242
1635776763086,2021-11-01T10:26:03.086,27.9,-0.0007690651821556765,-0.0008367532427153616,0.000662863270987329
1635776763096,2021-11-01T10:26:03.096,27.91,-0.0002949045456288163,-0.0007495962707813145,0.0010208285727508542
1635776763106,2021-11-01T10:26:03.106,27.92,5.3601549485862455e-05,-0.0015814605835568843,0.0015175883945078197
1635776763116,2021-11-01T10:26:03.116,27.93,-0.0008808271600115522,-0.0024354414368800265,0.001714212832293636
1635776763126,2021-11-01T10:26:03.126,27.94,-0.0016503541307489932,-0.0021401447899361305,0.001608481592673456
1635776763136,2021-11-01T10:26:03.136,27.95,-0.0010163856172667716,-0.0006971064702499679,0.0012971056901243177
1635776763146,2021-11-01T10:26:03.146,27.96,-0.0002771308897909033,0.0006979379022750587,0.0008051430561305193
1635776763156,2021-11-01T10:26:03.156,27.97,-0.0008202731015716358,0.0006066930142407053,0.00047338307062068076
1635776763166,2021-11-01T10:26:03.166,27.98,-0.001640950997793739,-0.0008865067667267988,0.000758489793943084
1635776763176,2021-11-01T10:26:03.176,27.99,-0.0014241062346238725,-0.0015442908885966785,0.0009072815207078482
1635776763186,2021-11-01T10:26:03.186,28.0,-0.0008656430865684987,0.00021256348425537682,-0.0007476877054083916
1635776763196,2021-11-01T10:26:03.196,28.01,-0.001173169766316614,0.0025650088890394954,-0.0037420683442676364
1635776763206,2021-11-01T10:26:03.206,28.02,-0.002300062153249837,0.002201143926888239,-0.005053768926733747
1635776763216,2021-11-01T10:26:03.216,28.03,-0.0033712505739279565,-0.0012873133426632767,-0.0036011860509774793
1635776763226,2021-11-01T10:26:03.226,28.04,-0.003317207786974187,-0.003877843109776597,-0.002093836354731433
1635776763236,2021-11-01T10:26:03.236,28.05,-0.00154163091143073,-0.0015128203652541646,-0.002573310693830941
1635776763246,2021-11-01T10:26:03.246,28.06,0.0012251366829350132,0.003208195362771427,-0.003488254559628461
1635776763256,2021-11-01T10:26:03.256,28.07,0.003529378294366525,0.002947851570825632,-0.002635503534029443
1635776763266,2021-11-01T10:26:03.266,28.08,0.004343919875339866,-0.002928119309547059,-0.00023847488278758155
1635776763276,2021-11-01T10:26:03.276,28.09,0.0033369944702238284,-0.00575623757965604,0.0016757981212139012
1635776763286,2021-11-01T10:26:03.286,28.1,0.001399854225667185,-0.0011260967615505735,0.0016120091100606504
1635776763296,2021-11-01T10:26:03.296,28.11,0.0005103425908270949,0.003794711769128424,0.00018796881228497862
1635776763306,2021-11-01T10:26:03.306,28.12,0.001495439890223635,0.002679049032388611,-0.00081750100239225
1635776763316,2021-11-01T10:26:03.316,28.13,0.0028067712646181594,0.0001644877127997379,-0.0009583430409878405
1635776763326,2021-11-01T10:26:03.326,28.14,0.002392264153824364,0.0020418475664277305,-0.0011663534618523703
1635776763336,2021-11-01T10:26:03.336,28.15,-9.960526932578342e-05,0.004450723320768258,-0.0016246839727979898
1635776763346,2021-11-01T10:26:03.346,28.16,-0.003027464032766423,0.0012910715800231128,-0.0016691363223136318
1635776763356,2021-11-01T10:26:03.356,28.17,-0.004210384465933597,-0.004946491809096085,-0.001167708036823853
1635776763366,2021-11-01T10:26:03.366,28.18,-0.003008541950990762,-0.007568390076801309,-0.0003044915105192873
1635776763376,2021-11-01T10:26:03.376,28.19,-0.0010046810807107214,-0.005267699655907883,0.0009370781173688862
1635776763386,2021-11-01T10:26:03.386,28.2,-0.00037901841281441114,-0.00127712223717498,0.0020286095076245585
1635776763396,2021-11-01T10:26:03.396,28.21,-0.0015886511576466437,0.002420354694038816,0.001947731859784775
1635776763406,2021-11-01T10:26:03.406,28.22,-0.002781640881665505,0.005300589034944092,0.0007095429693351287
1635776763416,2021-11-01T10:26:03.416,28.23,-0.0020816068940295914,0.006025913773126432,-0.0002326050038697101
1635776763426,2021-11-01T10:26:03.426,28.24,-0.0002841208629294691,0.0037414739691513073,0.00017576001843032116
1635776763436,2021-11-01T10:26:03.436,28.25,0.0002049105757689282,0.00012673069207788234,0.0012103434097035439
1635776763446,2021-11-01T10:26:03.446,28.26,-0.0010679109050053715,-0.002370240987029832,0.0017675604538067127
1635776763456,2021-11-01T10:26:03.456,28.27,-0.0022023159113342757,-0.0034208325402520882,0.002002257501512345
1635776763466,2021-11-01T10:26:03.466,28.28,-0.001987109583904918,-0.00382253544090387,0.0021068461203982624
1635776763476,2021-11-01T10:26:03.476,28.29,-0.0012978291378799155,-0.0029009326149519008,0.0012741963854685377
1635776763486,2021-11-01T10:26:03.486,28.3,-0.0013858572199042679,0.0002686122062532886,-0.00017316564645401144
1635776763496,2021-11-01T10:26:03.496,28.31,-0.0022658633440972263,0.004112613444854479,-0.00014851104585337209
1635776763506,2021-11-01T10:26:03.506,28.32,-0.0031918892623290403,0.005874426883684611,0.0016939617390904235
1635776763516,2021-11-01T10:26:03.516,28.33,-0.0037670420373862807,0.0050219518151614715,0.0028129781387294652
1635776763526,2021-11-01T10:26:03.526,28.34,-0.0037412289494343134,0.0033983548379533128,0.0016647787567480765
1635776763536,2021-11-01T10:26:03.536,28.35,-0.0025855993744132305,0.002334123829565965,-0.00022173115625426226
1635776763546,2021-11-01T10:26:03.546,28.36,-0.0006920753882879468,0.0010933125530199171,-0.0005510835601543562
1635776763556,2021-11-01T10:26:03.556,28.37,0.00013555353520025522,-0.0009475803085576267,0.0016347732453985409
1635776763566,2021-11-01T10:26:03.566,28.38,-0.0007705655470406181,-0.0019424062631667165,0.005120385829912321
1635776763576,2021-11-01T10:26:03.576,28.39,-0.0015219187113827645,-9.507709215218904e-05,0.006625366337023691
1635776763586,2021-11-01T10:26:03.586,28.4,-0.0007323302935176144,0.0025663463827804846,0.00437858294778345
1635776763596,2021-11-01T10:26:03.596,28.41,0.0002806820280899973,0.0026747909027952316,0.0013986829746412386
1635776763606,2021-11-01T10:26:03.606,28.42,0.00017796740719998937,0.000548741359266755,0.0016292362745391207
1635776763616,2021-11-01T10:26:03.616,28.43,-0.00036834613810242053,-0.0011325451702590046,0.004320405712904074
1635776763626,2021-11-01T10:26:03.626,28.44,-0.00080215739469208,-0.0017787835521362232,0.005768187470067345
1635776763636,2021-11-01T10:26:03.636,28.45,-0.001791027929255228,-0.002381212441482471,0.004555021154940064
1635776763646,2021-11-01T10:26:03.646,28.46,-0.0033098962082400416,-0.0028224190416742227,0.002649778420655508
1635776763656,2021-11-01T10:26:03.656,28.47,-0.004213600764203676,-0.0024139846448467304,0.0024905302569043714
1635776763666,2021-11-01T10:26:03.666,28.48,-0.004020467981900059,-0.0011531898067578625,0.0035798385622478742
1635776763676,2021-11-01T10:26:03.676,28.49,-0.0035673272419958517,0.00041856045431078274,0.002857268203366229
1635776763686,2021-11-01T10:26:03.686,28.5,-0.0038265661795599953,0.001159479913822282,-0.0003018518118010911
1635776763696,2021-11-01T10:26:03.696,28.51,-0.004508189987195628,0.00011473231006075332,-0.0024292298198443597
1635776763706,2021-11-01T10:26:03.706,28.52,-0.004359828363139192,-0.0018141800464542117,-0.001638255674905079
1635776763716,2021-11-01T10:26:03.716,28.53,-0.003319730575292055,-0.002778297952810784,-0.0006594973143008898
1635776763726,2021-11-01T10:26:03.726,28.54,-0.002898530938639757,-0.002288544504246158,-0.0016320983980804408
1635776763736,2021-11-01T10:26:03.736,28.55,-0.003338288865971724,-0.0008066686241992986,-0.002626875144364031
1635776763746,2021-11-01T10:26:03.746,28.56,-0.002761434366893816,0.0013349437748947726,-0.0018226944603568843
1635776763756,2021-11-01T10:26:03.756,28.57,-0.0004953167756709634,0.0029145588543266114,-0.0006490731492627761
1635776763766,2021-11-01T10:26:03.766,28.58,0.0015391021801090703,0.0024029265405472134,-0.00055847953806719
1635776763776,2021-11-01T10:26:03.776,28.59,0.0019333371360266386,0.0010145899140698508,-0.0005800716268895155
1635776763786,2021-11-01T10:26:03.786,28.6,0.0015904099868938016,0.0017394880091985076,-1.5004003428208964e-05
1635776763796,2021-11-01T10:26:03.796,28.61,0.0015788918613474454,0.004171359237813313,-0.0002676069698251409
1635776763806,2021-11-01T10:26:03.806,28.62,0.0015207920080345726,0.0044566964752018046,-0.0020856934374598665
1635776763816,2021-11-01T10:26:03.816,28.63,0.0009985736994101372,0.001622643934314643,-0.003509998047521577
1635776763826,2021-11-01T10:26:03.826,28.64,0.0007944538290420393,-0.0005774172247232991,-0.002673276157535459
1635776763836,2021-11-01T10:26:03.836,28.65,0.0015650826402454977,0.00024882720604685457,-0.0008862019616316121
1635776763846,2021-11-01T10:26:03.846,28.66,0.0025047606550607886,0.0015626615244525833,-0.0007002187703894543
1635776763856,2021-11-01T10:26:03.856,28.67,0.002444028666518675,0.0006394630508519473,-0.0022148992771837783
1635776763866,2021-11-01T10:26:03.866,28.68,0.0013687019091670168,-0.000765672710151385,-0.0034573084776834675
1635776763876,2021-11-01T10:26:03.876,28.69,0.00018128169048914884,0.00032038307759261564,-0.003347573076503116
1635776763886,2021-11-01T10:26:03.886,28.7,-0.0003454643249822989,0.0027233431736271,-0.002562121426178214
1635776763896,2021-11-01T10:26:03.896,28.71,-8.737586350812972e-05,0.0034066873752534796,-0.0021279348058695254
1635776763906,2021-11-01T10:26:03.906,28.72,0.0005890861512735973,0.003223862060521181,-0.002137517746103873
1635776763916,2021-11-01T10:26:03.916,28.73,0.0011212905190155264,0.0044749546843121605,-0.00182801799060768
1635776763926,2021-11-01T10:26:03.926,28.74,0.0008800284461579917,0.004859023803130539,-0.000950249464771575
1635776763936,2021-11-01T10:26:03.936,28.75,-0.00017206586636854778,0.0015064483531515038,-0.0006124400039833875
1635776763946,2021-11-01T10:26:03.946,28.76,-0.0008874263378193671,-0.0017733225523621204,-0.0018495841219615913
1635776763956,2021-11-01T10:26:03.956,28.77,-0.00021384291497317218,-8.820624651496731e-05,-0.003855503913272905
1635776763966,2021-11-01T10:26:03.966,28.78,0.00125036778009751,0.0032402798731363393,-0.004826954557011742
1635776763976,2021-11-01T10:26:03.976,28.79,0.002289230370395246,0.00224072557658096,-0.004093967701022402
1635776763986,2021-11-01T10:26:03.986,28.8,0.00281108524170788,-0.0006735567022039473,-0.0025825899887856915
1635776763996,2021-11-01T10:26:03.996,28.81,0.0033182125930912663,0.0012997752483985556,-0.0017169486318573772
1635776764006,2021-11-01T10:26:04.006,28.82,0.0037574094953250234,0.0072298886826802,-0.002064286786889382
1635776764016,2021-11-01T10:26:04.016,28.83,0.004259402551915551,0.00954054690883888,-0.0026116375094499076
1635776764026,2021-11-01T10:26:04.026,28.84,0.005836162957189415,0.006055548883214071,-0.0021088293278542876
1635776764036,2021-11-01T10:26:04.036,28.85,0.008163654273602253,0.0025522773274211296,-0.0012953496960828102
1635776764046,2021-11-01T10:26:04.046,28.86,0.0077965005472628805,0.0028707215171367246,-0.0018429281773973646
1635776764056,2021-11-01T10:26:04.056,28.87,0.002309820621445368,0.0040858530663281534,-0.0032480034892436623
1635776764066,2021-11-01T10:26:04.066,28.88,-0.0045816656366192855,0.003161333593994546,-0.0039052750245729944
1635776764076,2021-11-01T10:26:04.076,28.89,-0.006960521401472716,0.0014127294069406276,-0.004589247532948398
1635776764086,2021-11-01T10:26:04.086,28.9,-0.004943734328133012,-7.800201688593116e-05,-0.006664774155961868
1635776764096,2021-11-01T10:26:04.096,28.91,-0.0035347153994332017,-0.003085946060562022,-0.00800226151538501
1635776764106,2021-11-01T10:26:04.106,28.92,-0.0045287971261781124,-0.007706466579501179,-0.00569852345964596
1635776764116,2021-11-01T10:26:04.116,28.93,-0.005329490091260544,-0.010704150594684549,-0.0015269701618118635
1635776764126,2021-11-01T10:26:04.126,28.94,-0.0045442754159854565,-0.009969102189885726,0.00048633507969917777
1635776764136,2021-11-01T10:26:04.136,28.95,-0.0033985829977134863,-0.006248495472952738,0.0001080449010285093
1635776764146,2021-11-01T10:26:04.146,28.96,-0.0026478746975446225,-0.0012031815823676816,-0.000544362918979745
1635776764156,2021-11-01T10:26:04.156,28.97,-0.00205544411869925,0.0024948612531203855,-0.0016523951145305674
1635776764166,2021-11-01T10:26:04.166,28.98,-0.0015575239763312532,0.0022442076184268525,-0.0036051767688403675
1635776764176,2021-11-01T10:26:04.176,28.99,-0.0006992338948873386,-0.00015482040407763134,-0.003960115317906105
1635776764186,2021-11-01T10:26:04.186,29.0,0.0009219360332589316,-8.523506974070891e-05,-0.0017183535581308416
1635776764196,2021-11-01T10:26:04.196,29.01,0.0017162949514641472,0.0022670979480790246,-0.000259646236797245
1635776764206,2021-11-01T10:26:04.206,29.02,-0.00028887181686852834,0.0026194480311652443,-0.001576308375793009
1635776764216,2021-11-01T10:26:04.216,29.03,-0.0033253369275310337,0.0012152809129480028,-0.0027008892088258344
1635776764226,2021-11-01T10:26:04.226,29.04,-0.003361947112215432,0.002281879871462845,-0.0014902704281076074
1635776764236,2021-11-01T10:26:04.236,29.05,-0.0006032081722119789,0.005274964243685716,-0.0006610328995964066
1635776764246,2021-11-01T10:26:04.246,29.06,0.00033542633972446676,0.005446714665099813,-0.0028370051053576845
1635776764256,2021-11-01T10:26:04.256,29.07,-0.002038478112196663,0.0023975037592960497,-0.005984611042535316
1635776764266,2021-11-01T10:26:04.266,29.08,-0.0038385983622536888,0.0004551107912452795,-0.006868630573242936
1635776764276,2021-11-01T10:26:04.276,29.09,-0.002381187037789333,0.0012767694140449286,-0.00597704143774707
1635776764286,2021-11-01T10:26:04.286,29.1,0.00019972547740829306,0.0019500090117424555,-0.0057426393530773355
1635776764296,2021-11-01T10:26:04.296,29.11,0.001188408796474257,0.000541790099835873,-0.005755166851546483
1635776764306,2021-11-01T10:26:04.306,29.12,0.0009974784899094862,-0.0006324066252916573,-0.0035372715019136003
1635776764316,2021-11-01T10:26:04.316,29.13,0.0012985788073384351,0.0012792086815076153,0.00035915026322031536
1635776764326,2021-11-01T10:26:04.326,29.14,0.0022198384573345266,0.004885312377240366,0.0019020283591015387
1635776764336,2021-11-01T10:26:04.336,29.15,0.0029046824663067636,0.00564483087134422,-0.0005433109501398074
1635776764346,2021-11-01T10:26:04.346,29.16,0.0032497691300131235,0.0016517690195314199,-0.0031100525244727247
1635776764356,2021-11-01T10:26:04.356,29.17,0.003581623572916237,-0.003602035452971054,-0.0018933351130912648
1635776764366,2021-11-01T10:26:04.366,29.18,0.003406413323597017,-0.005777856852874236,0.001148343209165472
1635776764376,2021-11-01T10:26:04.376,29.19,0.001952184306516804,-0.005189879442922521,0.0016493782382629787
1635776764386,2021-11-01T10:26:04.386,29.2,-0.00021924992875043493,-0.004761982720683246,-0.00030821290381740404
1635776764396,2021-11-01T10:26:04.396,29.21,-0.0015366801559414678,-0.004328177011209727,-0.0015045040866935489
1635776764406,2021-11-01T10:26:04.406,29.22,-0.00139638084112635,-0.0014722446890508955,-0.0013793145173378305
1635776764416,2021-11-01T10:26:04.416,29.23,-0.0005407667760351946,0.0029198239699644636,-0.00169916036365103
1635776764426,2021-11-01T10:26:04.426,29.24,0.00023032990475778782,0.004786383622568719,-0.0024185954397764288
1635776764436,2021-11-01T10:26:04.436,29.25,0.0005088402821058636,0.00262041689834958,-0.002137350449334486
1635776764446,2021-11-01T10:26:04.446,29.26,0.0001930967400643701,-0.0009581264502085353,-0.0011779531104938712
1635776764456,2021-11-01T10:26:04.456,29.27,-4.3079994887896254e-05,-0.0035677502863444227,-0.0008835242119114035
1635776764466,2021-11-01T10:26:04.466,29.28,0.000669876773631885,-0.005482866921366676,-0.0011709721323592606
1635776764476,2021-11-01T10:26:04.476,29.29,0.0017469610003130946,-0.0072531895722301384,-0.0012085986957836492
1635776764486,2021-11-01T10:26:04.486,29.3,0.0017493498239634947,-0.007782575448957952,-0.00107805056352218
1635776764496,2021-11-01T10:26:04.496,29.31,0.0010588355431753365,-0.00580207428412677,-0.0009887811796955698
1635776764506,2021-11-01T10:26:04.506,29.32,0.001740036129684837,-0.0020925324283708416,-0.0004850914704186415
1635776764516,2021-11-01T10:26:04.516,29.33,0.004094991870956383,0.0006197358698785462,0.00028664304293766574
1635776764526,2021-11-01T10:26:04.526,29.34,0.005786504343715769,0.0005312756326720929,0.000278775698379152
1635776764536,2021-11-01T10:26:04.536,29.35,0.005339028828026565,-0.0008379061855091844,-0.0006921562185810428
1635776764546,2021-11-01T10:26:04.546,29.36,0.004089023386558019,-0.0007501532341672224,-0.0014872460212950129
1635776764556,2021-11-01T10:26:04.556,29.37,0.003604419512210278,0.0005947067688452261,-0.001189522103178371
1635776764566,2021-11-01T10:26:04.566,29.38,0.0036984692973742635,0.000550969239374468,-3.029176597520397e-05
1635776764576,2021-11-01T10:26:04.576,29.39,0.003918960189387471,-0.001619552049347241,0.0009663489244030235
1635776764586,2021-11-01T10:26:04.586,29.4,0.004320356779015709,-0.003696205500883838,0.0009327042635972076
1635776764596,2021-11-01T10:26:04.596,29.41,0.00432325793257366,-0.0038564285223776727,0.00013955291637301358
1635776764606,2021-11-01T10:26:04.606,29.42,0.0033920115352398215,-0.0029307726793012965,-0.0002670760705567814
1635776764616,2021-11-01T10:26:04.616,29.43,0.0024788112309644507,-0.002703483688193138,0.00032678452040812
1635776764626,2021-11-01T10:26:04.626,29.44,0.002662488472971086,-0.003023348642085304,0.0014095143593220493
1635776764636,2021-11-01T10:26:04.636,29.45,0.0034343206399701414,-0.002142510973679127,0.002094047092687701
1635776764646,2021-11-01T10:26:04.646,29.46,0.0037450042327209594,-0.0001895393968628449,0.0020113175665392334
1635776764656,2021-11-01T10:26:04.656,29.47,0.0033612412680440497,-1.4533668453764784e-06,0.0014645912658367117
1635776764666,2021-11-01T10:26:04.666,29.48,0.0025896915420824036,-0.00302910192290961,0.0008808245640113858
1635776764676,2021-11-01T10:26:04.676,29.49,0.001991819523925429,-0.006550236617157746,0.0004022013298720564
1635776764686,2021-11-01T10:26:04.686,29.5,0.0022613149851361597,-0.0068453304084074885,8.86841126408561e-05
1635776764696,2021-11-01T10:26:04.696,29.51,0.003300608328180068,-0.0037023543561183854,-4.472238750408618e-05
1635776764706,2021-11-01T10:26:04.706,29.52,0.004022392908888356,-0.000260551886362635,-0.00021761881651169383
1635776764716,2021-11-01T10:26:04.716,29.53,0.003897686077095551,0.0006739416155323945,-0.00040651697433200787
1635776764726,2021-11-01T10:26:04.726,29.54,0.003776123458879255,-0.0006152225241703778,-0.0002448273836635213
1635776764736,2021-11-01T10:26:04.736,29.55,0.00431187736631667,-0.001284821527509122,-0.0002240943663274937
1635776764746,2021-11-01T10:26:04.746,29.56,0.004597124392527418,0.00027344264149719666,-0.0013418130808871746
1635776764756,2021-11-01T10:26:04.756,29.57,0.003514780971519106,0.001719162491551299,-0.0025403549444684213
1635776764766,2021-11-01T10:26:04.766,29.58,0.0017607652760541284,0.0003431098969667274,-0.0014613823646300451
1635776764776,2021-11-01T10:26:04.776,29.59,0.0012308883741098567,-0.001989708351864324,0.00101781723565581
1635776764786,2021-11-01T10:26:04.786,29.6,0.0022850271988007656,-0.0018053224338111242,0.0011444356325049695
1635776764796,2021-11-01T10:26:04.796,29.61,0.0027489064597945793,-0.0003000530001512632,-0.0013108363598361556
1635776764806,2021-11-01T10:26:04.806,29.62,0.0009015356935790406,-0.0014156260717362572,-0.001788831377056817
1635776764816,2021-11-01T10:26:04.816,29.63,-0.0014595792848030211,-0.00501788617820863,0.001920067302280273
1635776764826,2021-11-01T10:26:04.826,29.64,-0.0014155824032882197,-0.00716682801974472,0.0058206896012389445
1635776764836,2021-11-01T10:26:04.836,29.65,0.0004373903012497358,-0.0062566579316430644,0.005602729098427451
1635776764846,2021-11-01T10:26:04.846,29.66,0.0010686007406983174,-0.004249136618619056,0.002710425935622264
1635776764856,2021-11-01T10:26:04.856,29.67,-0.00017129123943243732,-0.0023658958309889172,0.0014580358085905245
1635776764866,2021-11-01T10:26:04.866,29.68,-0.0014133383034851366,-8.413645012299607e-05,0.0026657645531623433
1635776764876,2021-11-01T10:26:04.876,29.69,-0.001902042096337546,0.0013357623872638186,0.003616845854601783
1635776764886,2021-11-01T10:26:04.886,29.7,-0.0023229132576210437,-0.0008002174776219914,0.003055203809824117
1635776764896,2021-11-01T10:26:04.896,29.71,-0.002481474327009947,-0.005284076257107185,0.0025322618550710644
1635776764906,2021-11-01T10:26:04.906,29.72,-0.001567623829970138,-0.0072904005430422004,0.0028610844058972185
1635776764916,2021-11-01T10:26:04.916,29.73,-0.00013365911918054426,-0.005817191332351344,0.0027875046952837387
1635776764926,2021-11-01T10:26:04.926,29.74,0.0003238214600769717,-0.004571800111311633,0.0015619278480672701
1635776764936,2021-11-01T10:26:04.936,29.75,-0.00034861722123208464,-0.004158359798379781,-4.251870871921224e-05
1635776764946,2021-11-01T10:26:04.946,29.76,-0.0006277095107254542,-0.0011406720333494613,-0.0011008727878459913
1635776764956,2021-11-01T10:26:04.956,29.77,0.00024292999175552893,0.004193034987158335,-0.0011912256131229031
1635776764966,2021-11-01T10:26:04.966,29.78,0.0008766607032979097,0.007225858366096988,-0.0007497146632930341
1635776764976,2021-11-01T10:26:04.976,29.79,0.00010523295230150035,0.006553133604745102,-0.0011425723226164753
1635776764986,2021-11-01T10:26:04.986,29.8,-0.0007791362906956497,0.0048943075048745385,-0.0027288263607184197
1635776764996,2021-11-01T10:26:04.996,29.81,-0.000163738989757629,0.003169314261788906,-0.0036801053804775045
1635776765006,2021-11-01T10:26:05.006,29.82,0.0011795551161709209,0.0004102843797347029,-0.0025624785294567614
1635776765016,2021-11-01T10:26:05.016,29.83,0.0018472369161591693,-0.0016402525710067489,-0.0005197793532762324
1635776765026,2021-11-01T10:26:05.026,29.84,0.002299327328960294,-0.0004064854945912384,0.0007176265674614078
1635776765036,2021-11-01T10:26:05.036,29.85,0.0033993005227740836,0.0020438655172905803,0.0010245409360827437
1635776765046,2021-11-01T10:26:05.046,29.86,0.004502184898754239,0.0013110230453415024,0.0009658123404710443
1635776765056,2021-11-01T10:26:05.056,29.87,0.004688924137320176,-0.0025397284732897405,0.0007880259402660642
1635776765066,2021-11-01T10:26:05.066,29.88,0.004137543492733518,-0.005740805611016189,0.001010821325587314
1635776765076,2021-11-01T10:26:05.076,29.89,0.003324115566133242,-0.007090826570303226,0.002193501988009635
1635776765086,2021-11-01T10:26:05.086,29.9,0.002303360967491793,-0.008252839009707257,0.0037638964744273035
1635776765096,2021-11-01T10:26:05.096,29.91,0.0013055450392180108,-0.008782092446008053,0.004450757718996594
1635776765106,2021-11-01T10:26:05.106,29.92,0.0009360219322957213,-0.006226409148647745,0.0038155391459035364
1635776765116,2021-11-01T10:26:05.116,29.93,0.0012924898919720765,-0.001396037997234424,0.0025235395513492145
1635776765126,2021-11-01T10:26:05.126,29.94,0.0017549537371114726,0.0013685646579922708,0.0017921115189084836
1635776765136,2021-11-01T10:26:05.136,29.95,0.0020584037014103693,0.0004176092249514903,0.0025738963248232295
1635776765146,2021-11-01T10:26:05.146,29.96,0.0024777960404941133,-0.0010710585561115131,0.003983230661930852
1635776765156,2021-11-01T10:26:05.156,29.97,0.002671101637799793,-0.0008405382423323962,0.0038116365051037685
1635776765166,2021-11-01T10:26:05.166,29.98,0.0018346408530697435,-0.0010367217952521966,0.001995251456215618
1635776765176,2021-11-01T10:26:05.176,29.99,0.00013015914921839038,-0.0036255516894946865,0.0008302128387439613
1635776765186,2021-11-01T10:26:05.186,30.0,-0.0014316844572561324,-0.00639086726170029,0.0009545253594899743
1635776765196,2021-11-01T10:26:05.196,30.01,-0.0021150999935705926,-0.00626515828194676,0.0008312933810046237
1635776765206,2021-11-01T10:26:05.206,30.02,-0.0015397018050392094,-0.003727909057092205,0.00014870529646137138
1635776765216,2021-11-01T10:26:05.216,30.03,0.00021207069555530868,-0.0015970475731646341,9.569188176271235e-05
1635776765226,2021-11-01T10:26:05.226,30.04,0.0019713930328098955,-0.0011713159099216858,0.0009171708394385225
1635776765236,2021-11-01T10:26:05.236,30.05,0.0023544525225393494,-0.0009851367412074244,0.0018231091031294415
1635776765246,2021-11-01T10:26:05.246,30.06,0.001466586104168465,0.0009833902213420055,0.002483044245803286
1635776765256,2021-11-01T10:26:05.256,30.07,0.0005614582106299641,0.004028548148426168,0.003030367339811567
1635776765266,2021-11-01T10:26:05.266,30.08,0.0003459005805857645,0.0046583136101052795,0.0031671750554216347
1635776765276,2021-11-01T10:26:05.276,30.09,0.0006567159407903045,0.00137666322437297,0.002208321897705175
1635776765286,2021-11-01T10:26:05.286,30.1,0.0011757303656440522,-0.0022286542228122683,8.223103630191638e-05
1635776765296,2021-11-01T10:26:05.296,30.11,0.001545148352542641,-0.00208718737015947,-0.0019317716370591974
1635776765306,2021-11-01T10:26:05.306,30.12,0.0014150008212952736,0.00047113282645058134,-0.001967651836966277
1635776765316,2021-11-01T10:26:05.316,30.13,0.001008568263775551,0.0009896648441795508,0.0001693403172271422
1635776765326,2021-11-01T10:26:05.326,30.14,0.001000519254161235,-0.0011813130338247822,0.001912973030849436
1635776765336,2021-11-01T10:26:05.336,30.15,0.0015005262467750005,-0.002093186503931378,0.0008087014599620753
1635776765346,2021-11-01T10:26:05.346,30.16,0.0018177216900593354,0.0005763567278794346,-0.0016087612634491284
1635776765356,2021-11-01T10:26:05.356,30.17,0.0014330896599924507,0.004254292183893791,-0.0013800757195121497
1635776765366,2021-11-01T10:26:05.366,30.18,0.0005814028501860831,0.0055466020338929955,0.001982174200273879
1635776765376,2021-11-01T10:26:05.376,30.19,-0.0002760520361117269,0.0043103738180202645,0.004202828839678577
1635776765386,2021-11-01T10:26:05.386,30.2,-0.0008929640306037646,0.0025382810759278377,0.0021932875078981983
1635776765396,2021-11-01T10:26:05.396,30.21,-0.0011483884615236782,0.001738926509178219,-0.0014627335798692955
1635776765406,2021-11-01T10:26:05.406,30.22,-0.0012035328706747526,0.0018235792986540772,-0.0023087934144587667
1635776765416,2021-11-01T10:26:05.416,30.23,-0.0013121800200410364,0.0011512128911577405,-0.0003342583310675986
1635776765426,2021-11-01T10:26:05.426,30.24,-0.0010850916877449658,-0.0015707618271743246,0.0007006635986145023
1635776765436,2021-11-01T10:26:05.436,30.25,-0.00027952753969713465,-0.004921305592309996,-0.0006163331861551415
1635776765446,2021-11-01T10:26:05.446,30.26,-0.0001411485502220985,-0.0058976930621455,-0.0014564639215293464
1635776765456,2021-11-01T10:26:05.456,30.27,-0.0015496675601513038,-0.0035152116180754696,0.00041198719413826357
1635776765466,2021-11-01T10:26:05.466,30.28,-0.002605792120889798,0.00012277518520003835,0.0028062599197896587
1635776765476,2021-11-01T10:26:05.476,30.29,-0.0011844528671092237,0.0019116269885822003,0.0022186224637350985
1635776765486,2021-11-01T10:26:05.486,30.3,0.0014929280019533087,0.00033589785008863516,-0.0009188222711044551
1635776765496,2021-11-01T10:26:05.496,30.31,0.0029613218728536048,-0.0027525142277406924,-0.003075419320942122
1635776765506,2021-11-01T10:26:05.506,30.32,0.0029593100863988496,-0.0034694689778050052,-0.0030022654191613806
1635776765516,2021-11-01T10:26:05.516,30.33,0.002142020546435014,-0.0008363511383058617,-0.0025918940460217367
1635776765526,2021-11-01T10:26:05.526,30.34,0.00039416637843325424,0.0018635097915047306,-0.002771997057855891
1635776765536,2021-11-01T10:26:05.536,30.35,-0.0016980944203609189,0.0025411724797973064,-0.002712425547646469
1635776765546,2021-11-01T10:26:05.546,30.36,-0.002806926667609172,0.002775823588059863,-0.002776889069993261
1635776765556,2021-11-01T10:26:05.556,30.37,-0.0028080064296817997,0.003306178350148563,-0.004082568927041877
1635776765566,2021-11-01T10:26:05.566,30.38,-0.0022695215110536725,0.002507523991202262,-0.005408326955585021
1635776765576,2021-11-01T10:26:05.576,30.39,-0.001082180797507822,0.0001685323762920618,-0.004123009360437831
1635776765586,2021-11-01T10:26:05.586,30.4,0.000704238919905029,-0.0017128888621182562,-0.00023214565306902996
1635776765596,2021-11-01T10:26:05.596,30.41,0.0022593383185752457,-0.0014179459159334717,0.0029431977475794964
1635776765606,2021-11-01T10:26:05.606,30.42,0.002685897648855465,0.0014078747704291852,0.00268990273051205
1635776765616,2021-11-01T10:26:05.616,30.43,0.0015174769945897099,0.005336160358956989,0.00026814143145856035
1635776765626,2021-11-01T10:26:05.626,30.44,-0.0005579833864956292,0.007499696968350196,-0.0007957389132680046
1635776765636,2021-11-01T10:26:05.636,30.45,-0.0015366962776212872,0.006256878149609409,0.0006330823475135711
1635776765646,2021-11-01T10:26:05.646,30.46,-0.00041367259814365556,0.002756969906231724,0.00216893728829922
1635776765656,2021-11-01T10:26:05.656,30.47,0.0009977294416836215,-0.0009611209756805391,0.0016835854805026308
1635776765666,2021-11-01T10:26:05.666,30.48,0.0005739312592264283,-0.0037962333002022077,0.00010432282949922062
1635776765676,2021-11-01T10:26:05.676,30.49,-0.0007854172190441947,-0.005148616596121047,-0.0003792712296484675
1635776765686,2021-11-01T10:26:05.686,30.5,-0.0008344460744660663,-0.004372007611774409,0.0007406970624399651
1635776765696,2021-11-01T10:26:05.696,30.51,3.2136679088485306e-05,-0.001589580965457115,0.002097694369731307
1635776765706,2021-11-01T10:26:05.706,30.52,-0.00024713823875186023,0.0017096927587463694,0.002332330284308264
1635776765716,2021-11-01T10:26:05.716,30.53,-0.0013256714799552596,0.004044302795365036,0.0013928649646492602
1635776765726,2021-11-01T10:26:05.726,30.54,-0.0012379740034405098,0.005385132815676226,0.00021100737388873414
1635776765736,2021-11-01T10:26:05.736,30.55,-0.00043606878109309614,0.006004699812990202,-0.00028723679259653556
1635776765746,2021-11-01T10:26:05.746,30.56,-0.0009115355338111507,0.005249579619149123,0.0003192114651470877
1635776765756,2021-11-01T10:26:05.756,30.57,-0.0021174624599133614,0.003044096446928277,0.0017972403391029804
1635776765766,2021-11-01T10:26:05.766,30.58,-0.0018985261538742005,0.0007670882343307716,0.0031919350442877305
1635776765776,2021-11-01T10:26:05.776,30.59,-0.000736662799361944,-0.00043333392280255523,0.0035251455803603495
1635776765786,2021-11-01T10:26:05.786,30.6,-0.0010425052811223706,-0.00012081287007624942,0.002830346704150742
1635776765796,2021-11-01T10:26:05.796,30.61,-0.0027955508080471695,0.0022057778650898755,0.0019369788765217274
1635776765806,2021-11-01T10:26:05.806,30.62,-0.0035718958213965656,0.005634669591254083,0.001529678607512388
1635776765816,2021-11-01T10:26:05.816,30.63,-0.0025715088388605684,0.007112840752240884,0.0019555358706229843
1635776765826,2021-11-01T10:26:05.826,30.64,-0.0017767726430755644,0.005170664151780361,0.00301781054226018
1635776765836,2021-11-01T10:26:05.836,30.65,-0.0030763658182141667,0.0021423406793757483,0.003558225335367324
1635776765846,2021-11-01T10:26:05.846,30.66,-0.005794318770502063,0.0004042841518480296,0.0026783143051783056
1635776765856,2021-11-01T10:26:05.856,30.67,-0.00764186691413498,-0.00036939471612688955,0.0012670874715475949
1635776765866,2021-11-01T10:26:05.866,30.68,-0.007737914299979293,-0.0007513370457057497,0.0005498123034234266
1635776765876,2021-11-01T10:26:05.876,30.69,-0.007381629541196217,-2.7355460034994444e-05,0.00016535044156419459
1635776765886,2021-11-01T10:26:05.886,30.7,-0.007478626544188563,0.002048733708633449,-0.0004774098645447769
1635776765896,2021-11-01T10:26:05.896,30.71,-0.007282599673979592,0.004487196481802107,-0.0009129650516162947
1635776765906,2021-11-01T10:26:05.906,30.72,-0.006557698489607718,0.0059096715821013454,-0.0010054829241217865
1635776765916,2021-11-01T10:26:05.916,30.73,-0.006455257559924751,0.005326152387479391,-0.0012437592740218448
1635776765926,2021-11-01T10:26:05.926,30.74,-0.007032615073038377,0.003255291395077485,-0.0014626913752792074
1635776765936,2021-11-01T10:26:05.936,30.75,-0.006705677313579071,0.0020271477824728304,-0.0013387947625050293
1635776765946,2021-11-01T10:26:05.946,30.76,-0.005402242033709731,0.0032840886392893585,-0.0011777673054300765
1635776765956,2021-11-01T10:26:05.956,30.77,-0.0049807254445527445,0.005583130374956821,-0.0009948763968943876
1635776765966,2021-11-01T10:26:05.966,30.78,-0.005647131870778958,0.006480094259282102,-0.0005004255058824994
1635776765976,2021-11-01T10:26:05.976,30.79,-0.005761114608925599,0.005984136960793664,-0.00019054165663446676
1635776765986,2021-11-01T10:26:05.986,30.8,-0.005238893872012103,0.005422493891432767,-0.0005370820927395369
1635776765996,2021-11-01T10:26:05.996,30.81,-0.005124128229922938,0.004795811956647723,-0.0006490551654759324
1635776766006,2021-11-01T10:26:06.006,30.82,-0.004806463402556928,0.004028909157486973,0.0003006926738544591
1635776766016,2021-11-01T10:26:06.016,30.83,-0.003435951679827018,0.00403601297430579,0.0011967434538471197
1635776766026,2021-11-01T10:26:06.026,30.84,-0.0022709559698969282,0.004310201067645659,0.0006024376460577018
1635776766036,2021-11-01T10:26:06.036,30.85,-0.0026249742758751283,0.002894237608425076,-0.000713691148837886
1635776766046,2021-11-01T10:26:06.046,30.86,-0.0036282388174530772,2.6092383321521247e-05,-0.0010042124132676785
1635776766056,2021-11-01T10:26:06.056,30.87,-0.003916810199679007,-0.0015150107761609714,-0.00016105801927044088
1635776766066,2021-11-01T10:26:06.066,30.88,-0.0034322345915475706,-0.00012999012801555185,0.0007648169020433146
1635776766076,2021-11-01T10:26:06.076,30.89,-0.0026745785537180006,0.002770187446659256,0.0012902233205827906
1635776766086,2021-11-01T10:26:06.086,30.9,-0.002040227510308615,0.004522161695014596,0.0014204256983703304
1635776766096,2021-11-01T10:26:06.096,30.91,-0.0020748141302722872,0.003975516369582384,0.0012157537393195441
1635776766106,2021-11-01T10:26:06.106,30.92,-0.0028661793090599954,0.0026121860473493513,0.0011035804547186265
1635776766116,2021-11-01T10:26:06.116,30.93,-0.0035084785028696233,0.002550274690460557,0.0014227640390238792
1635776766126,2021-11-01T10:26:06.126,30.94,-0.003301381257671185,0.003718369890722003,0.0015169454022069832
1635776766136,2021-11-01T10:26:06.136,30.95,-0.002776037980294157,0.004066341406192464,0.0005955105776279142
1635776766146,2021-11-01T10:26:06.146,30.96,-0.0028522101993725445,0.002333114205473547,-0.00047679065274159964
1635776766156,2021-11-01T10:26:06.156,30.97,-0.0037887282577648254,-0.00022252969745684717,1.0358363059429801e-05
1635776766166,2021-11-01T10:26:06.166,30.98,-0.004999171209899639,-0.0011226396438236996,0.0018166193583323842
1635776766176,2021-11-01T10:26:06.176,30.99,-0.005373471918794781,0.00023929780182536546,0.002846959137876662
1635776766186,2021-11-01T10:26:06.186,31.0,-0.004469214078209641,0.0017733154530557088,0.0022482471404059842
1635776766196,2021-11-01T10:26:06.196,31.01,-0.003283475317338633,0.0016676239410211725,0.0012567681438222463
1635776766206,2021-11-01T10:26:06.206,31.02,-0.002700071152967063,0.00036605559085369464,0.0010263969119532884
1635776766216,2021-11-01T10:26:06.216,31.03,-0.0022268093366105924,-0.0010532108617347944,0.0014943935621943626
1635776766226,2021-11-01T10:26:06.226,31.04,-0.0015857004920242666,-0.0018415385678242592,0.0019352757826242549
1635776766236,2021-11-01T10:26:06.236,31.05,-0.001585418899217182,-0.001104052746302963,0.001515576566212777
1635776766246,2021-11-01T10:26:06.246,31.06,-0.0021163317231334307,0.0006700640346035981,0.0004046871491771869
1635776766256,2021-11-01T10:26:06.256,31.07,-0.0016805809863426587,0.001075176509611258,0.00030964923380239374
1635776766266,2021-11-01T10:26:06.266,31.08,-2.3931167479942497e-06,-0.00043373953793598714,0.0018150101036807046
1635776766276,2021-11-01T10:26:06.276,31.09,0.0013014357290519378,-0.001017565181963196,0.002485816254434275
1635776766286,2021-11-01T10:26:06.286,31.1,0.0014353945421671055,0.0009212751189797625,0.0007560680244951358
1635776766296,2021-11-01T10:26:06.296,31.11,0.0014707406290089362,0.0031470297776146844,-0.0007895693146179019
1635776766306,2021-11-01T10:26:06.306,31.12,0.002030260172969755,0.003527537027851204,0.0002601725002455125
1635776766316,2021-11-01T10:26:06.316,31.13,0.002163467912917081,0.0028882132948435933,0.002016760355475514
1635776766326,2021-11-01T10:26:06.326,31.14,0.00128716634457564,0.0023489461228123404,0.002046984089674431
1635776766336,2021-11-01T10:26:06.336,31.15,0.0002997037262342354,0.0012107788248043874,0.0012738888988266042
1635776766346,2021-11-01T10:26:06.346,31.16,-6.555016462363618e-05,-0.0008191187560720805,0.0013010455471697446
1635776766356,2021-11-01T10:26:06.356,31.17,-0.0003064493539380903,-0.002187393386333249,0.0015438449533196241
1635776766366,2021-11-01T10:26:06.366,31.18,-0.0007756878591230604,-0.001984182555191706,0.000976509294261928
1635776766376,2021-11-01T10:26:06.376,31.19,-0.0008750655258874702,-0.001152522442386319,0.0001481867676543454
1635776766386,2021-11-01T10:26:06.386,31.2,-0.0003579562353288603,0.00010465525636254359,0.0002483069647081978
1635776766396,2021-11-01T10:26:06.396,31.21,0.0001728839615475168,0.002702807869162741,0.0013656038404239086
1635776766406,2021-11-01T10:26:06.406,31.22,0.0005496791061258451,0.0052128067611350816,0.0025326980841861315
1635776766416,2021-11-01T10:26:06.416,31.23,0.001317480388939478,0.004219251458757026,0.003269640103666773
1635776766426,2021-11-01T10:26:06.426,31.24,0.0025525744939835634,-0.00024054830164825037,0.004020146756255834
1635776766436,2021-11-01T10:26:06.436,31.25,0.003435023861092649,-0.003765919370923916,0.004718842289232835
1635776766446,2021-11-01T10:26:06.446,31.26,0.0030206003513929378,-0.003590488008329029,0.004378902713879997
1635776766456,2021-11-01T10:26:06.456,31.27,0.0013932572101026048,-0.0015450171815314362,0.0028925630229979407
1635776766466,2021-11-01T10:26:06.466,31.28,0.00010272687304978701,1.8705725844089495e-05,0.0017268421142803666
1635776766476,2021-11-01T10:26:06.476,31.29,0.0005355778646918773,0.0015305093195135699,0.001824248720339429
1635776766486,2021-11-01T10:26:06.486,31.3,0.001927323408073516,0.004078569359048999,0.002228166871263592
1635776766496,2021-11-01T10:26:06.496,31.31,0.002490816157885405,0.006477484837929055,0.0019012956782812921
1635776766506,2021-11-01T10:26:06.506,31.32,0.002012809365364214,0.006387522089005151,0.0016238329019303281
1635776766516,2021-11-01T10:26:06.516,31.33,0.001443165947689898,0.003772447606028918,0.0025463032430332964
1635776766526,2021-11-01T10:26:06.526,31.34,0.0008188706033928417,0.0010560304438869085,0.0036954941954539197
1635776766536,2021-11-01T10:26:06.536,31.35,-0.0002635208739593095,-0.00047369619971593635,0.003184206156338412
1635776766546,2021-11-01T10:26:06.546,31.36,-0.0010561415763734477,-0.001518174236560842,0.0014656812772737254
1635776766556,2021-11-01T10:26:06.556,31.37,-0.0005991388659563511,-0.0018447128936881258,0.0004456005146434973
1635776766566,2021-11-01T10:26:06.566,31.38,0.00031393545800837417,-0.0005525235488086957,0.00016804111363142782
1635776766576,2021-11-01T10:26:06.576,31.39,-0.0002604650255785661,0.0008805564635842704,-0.0003005800664086754
1635776766586,2021-11-01T10:26:06.586,31.4,-0.002775658750378718,0.00030747582458053144,-0.0004527227448823569
1635776766596,2021-11-01T10:26:06.596,31.41,-0.005155224242155984,-0.0012094666725721809,0.00014423915484991812
1635776766606,2021-11-01T10:26:06.606,31.42,-0.005134654452295493,-0.0013915219773533542,0.000475103731957134
1635776766616,2021-11-01T10:26:06.616,31.43,-0.003277716462233117,-0.00083789865203364,0.0003041947092897802
1635776766626,2021-11-01T10:26:06.626,31.44,-0.00228652844076809,-0.001580690132563032,0.0008408425871516195
1635776766636,2021-11-01T10:26:06.636,31.45,-0.0032654721020590116,-0.003556282128476726,0.00213370780910858
1635776766646,2021-11-01T10:26:06.646,31.46,-0.004584077747995626,-0.005161899647839598,0.002629368916987897
1635776766656,2021-11-01T10:26:06.656,31.47,-0.004552040020892956,-0.005500719577188171,0.0017816324054129359
1635776766666,2021-11-01T10:26:06.666,31.48,-0.0031269512711109963,-0.004361861543323939,0.0008501858679506426
1635776766676,2021-11-01T10:26:06.676,31.49,-0.001121428910085212,-0.0020938612063890064,0.0008874376561195758
1635776766686,2021-11-01T10:26:06.686,31.5,0.000539180699218931,-0.0006757710173135713,0.0015144998056100599
1635776766696,2021-11-01T10:26:06.696,31.51,0.0012733790598349957,-0.0018082121455166894,0.001869585923745246
1635776766706,2021-11-01T10:26:06.706,31.52,0.0015714180704959027,-0.00318494878654614,0.0016688199325384427
1635776766716,2021-11-01T10:26:06.716,31.53,0.0023744171046063706,-0.0014657438379570911,0.0011173203979154742
1635776766726,2021-11-01T10:26:06.726,31.54,0.003411783574988914,0.0008010660817850107,0.00046687504305505204
1635776766736,2021-11-01T10:26:06.736,31.55,0.0036001388668329805,-0.00150547053067991,-0.00012309249756664172
1635776766746,2021-11-01T10:26:06.746,31.56,0.0030658074848946585,-0.005765805747481119,-0.00048319574509398885
1635776766756,2021-11-01T10:26:06.756,31.57,0.0028596716091932165,-0.004443914860751885,-0.0003590376426438744
1635776766766,2021-11-01T10:26:06.766,31.58,0.003084468249792154,0.0014009356325356062,0.0002077920523745965
1635776766776,2021-11-01T10:26:06.776,31.59,0.0033821911077288177,0.0029007147634239634,0.0005519487359847622
1635776766786,2021-11-01T10:26:06.786,31.6,0.004119851356344518,-0.0016061964636322978,0.00021367990780007175
1635776766796,2021-11-01T10:26:06.796,31.61,0.005153363203104781,-0.004290159580254934,-0.00015516432691858385
1635776766806,2021-11-01T10:26:06.806,31.62,0.005248324266134497,-0.0017760858683698007,0.00023414335570010636
1635776766816,2021-11-01T10:26:06.816,31.63,0.004158235867389503,8.069414969725326e-05,0.0009203727964961911
1635776766826,2021-11-01T10:26:06.826,31.64,0.003252588104266658,-0.002368929069262666,0.0009959611220736672
1635776766836,2021-11-01T10:26:06.836,31.65,0.003492595447759727,-0.00448140843735741,0.0006201068055833412
1635776766846,2021-11-01T10:26:06.846,31.66,0.004561589151545778,-0.0022531337446249,0.00040733640736079994
1635776766856,2021-11-01T10:26:06.856,31.67,0.005692802201130591,0.0008080340465816462,9.877434643776019e-05
1635776766866,2021-11-01T10:26:06.866,31.68,0.0060848153417958056,0.0001979913566390007,-0.0006084953850304215
1635776766876,2021-11-01T10:26:06.876,31.69,0.0054680326885444795,-0.0022916430662747334,-0.0008482055568679811
1635776766886,2021-11-01T10:26:06.886,31.7,0.004837561761816432,-0.002498500885020989,-3.347331380694181e-05
1635776766896,2021-11-01T10:26:06.896,31.71,0.005248132771724819,-0.0007014106981125998,0.0007042545728769491
1635776766906,2021-11-01T10:26:06.906,31.72,0.005933162988815618,-0.0001111820828309026,0.0003362817187265297
1635776766916,2021-11-01T10:26:06.916,31.73,0.005240009776999703,-0.0017571243879602693,-0.0005071746698056245
1635776766926,2021-11-01T10:26:06.926,31.74,0.0032316843915836265,-0.0044908077644896394,-0.001238185648983242
1635776766936,2021-11-01T10:26:06.936,31.75,0.0016663150131141463,-0.007630764345459574,-0.002299044670505582
1635776766946,2021-11-01T10:26:06.946,31.76,0.001378567310772189,-0.01061828817437885,-0.0032736848162632877
1635776766956,2021-11-01T10:26:06.956,31.77,0.0015627515197006265,-0.011466948880005979,-0.002579703640788138
1635776766966,2021-11-01T10:26:06.966,31.78,0.0019063982951241076,-0.008469995538749994,-0.0003062232634393976
1635776766976,2021-11-01T10:26:06.976,31.79,0.0031188438896074962,-0.003850418431007378,0.0011845703846146663
1635776766986,2021-11-01T10:26:06.986,31.8,0.005024616012069611,-0.002451552970190107,0.0008292887944325298
1635776766996,2021-11-01T10:26:06.996,31.81,0.006585335408355521,-0.004631241437858756,0.00025417160459376104
1635776767006,2021-11-01T10:26:07.006,31.82,0.007653112394568345,-0.0050404935598671536,0.00023406324865217118
1635776767016,2021-11-01T10:26:07.016,31.83,0.008449878951001825,-0.0018515508963436382,-0.0007784700283295389
1635776767026,2021-11-01T10:26:07.026,31.84,0.008313731146169996,-0.00015000760077355657,-0.002963272556297395
1635776767036,2021-11-01T10:26:07.036,31.85,0.0071610278031176275,-0.0018064431954552048,-0.0037709024134007494
1635776767046,2021-11-01T10:26:07.046,31.86,0.006602665373975044,-0.0014464871260873892,-0.0020415440900306637
1635776767056,2021-11-01T10:26:07.056,31.87,0.007310239271931444,0.0026059965678046255,-1.2431568688593209e-05
1635776767066,2021-11-01T10:26:07.066,31.88,0.007327888916692777,0.003932269948513964,0.00029776624513855576
1635776767076,2021-11-01T10:26:07.076,31.89,0.005529673604349019,-0.0007778491487490835,-0.00022809302981794603
1635776767086,2021-11-01T10:26:07.086,31.9,0.004097685637256256,-0.005957525987347329,5.783739935239113e-06
1635776767096,2021-11-01T10:26:07.096,31.91,0.0046661380168571505,-0.006202230740069132,0.000548192365593639
1635776767106,2021-11-01T10:26:07.106,31.92,0.005103004761365779,-0.002967970555246995,-0.0002718530049879093
1635776767116,2021-11-01T10:26:07.116,31.93,0.0032446387126205825,7.044764978785385e-05,-0.0025281520987764368
1635776767126,2021-11-01T10:26:07.126,31.94,0.0006939874699341662,0.0018536010455733384,-0.004276281340253015
1635776767136,2021-11-01T10:26:07.136,31.95,-7.5293093572032405e-06,0.002468489663802162,-0.004348890548057253
1635776767146,2021-11-01T10:26:07.146,31.96,0.0008560991102381806,0.0015473606492033237,-0.003884906109724884
1635776767156,2021-11-01T10:26:07.156,31.97,0.0014478324762601925,-0.0006254009154522283,-0.004153810468717094
1635776767166,2021-11-01T10:26:07.166,31.98,0.001027089697592856,-0.0028911844248989196,-0.004684002880528134
1635776767176,2021-11-01T10:26:07.176,31.99,7.892948942228988e-05,-0.004312131066154481,-0.004627370056895078
1635776767186,2021-11-01T10:26:07.186,32.0,-0.0005322515551550787,-0.004466199860514069,-0.004237219200387887
1635776767196,2021-11-01T10:26:07.196,32.01,-0.000292014482733797,-0.0032809835853049997,-0.004009395979758539
1635776767206,2021-11-01T10:26:07.206,32.02,0.00028531721228695493,-0.0013192535529951786,-0.00391825475064568
1635776767216,2021-11-01T10:26:07.216,32.03,0.0002363876382031001,0.00019231621819478127,-0.004070287659210314
1635776767226,2021-11-01T10:26:07.226,32.04,-0.0005259249165826053,0.00039574899461291245,-0.0045183415465048496
1635776767236,2021-11-01T10:26:07.236,32.05,-0.0012836789861316175,2.563046124692532e-05,-0.004549487108221854
1635776767246,2021-11-01T10:26:07.246,32.06,-0.0015580535001322804,0.0005242049601639556,-0.0038585442691511083
1635776767256,2021-11-01T10:26:07.256,32.07,-0.0014065692097260307,0.0012256666349519628,-0.0034178343824525343
1635776767266,2021-11-01T10:26:07.266,32.08,-0.0011017723044964172,-0.0003582148861063998,-0.003538187115510181
1635776767276,2021-11-01T10:26:07.276,32.09,-0.0008302099997736817,-0.0037307134021647053,-0.0029223047117170825
1635776767286,2021-11-01T10:26:07.286,32.1,-0.0005250982848515862,-0.004591657097604016,-0.0012757493427950966
1635776767296,2021-11-01T10:26:07.296,32.11,-7.644742701438896e-05,-0.001583978891361425,-0.0007161241747338879
1635776767306,2021-11-01T10:26:07.306,32.12,0.00040336186890191535,0.0010394976913162897,-0.0027220180359423854
1635776767316,2021-11-01T10:26:07.316,32.13,0.0007847548480232831,0.0004187747634003371,-0.005299506449177366
1635776767326,2021-11-01T10:26:07.326,32.14,0.0011911626425270172,-0.0011501640503587024,-0.005260868035652475
1635776767336,2021-11-01T10:26:07.336,32.15,0.0018314068263212621,-0.00182384583172948,-0.0025559294397756423
1635776767346,2021-11-01T10:26:07.346,32.16,0.0025178131730611356,-0.0031079808967638877,-0.00037322646705318025
1635776767356,2021-11-01T10:26:07.356,32.17,0.0025795869666242217,-0.005413789338772455,-0.0011968398334262084
1635776767366,2021-11-01T10:26:07.366,32.18,0.0017104326708340073,-0.006520566270914692,-0.004282296951551247
1635776767376,2021-11-01T10:26:07.376,32.19,0.0005923133437014408,-0.005233588082762527,-0.006799816264365409
1635776767386,2021-11-01T10:26:07.386,32.2,9.41150334249592e-05,-0.002366787541234765,-0.006674773610060834
1635776767396,2021-11-01T10:26:07.396,32.21,0.00035816782285785065,0.001156545014764137,-0.004654199532251224
1635776767406,2021-11-01T10:26:07.406,32.22,0.0011268810009827856,0.0040419061257010065,-0.0033493677945449184
1635776767416,2021-11-01T10:26:07.416,32.23,0.00225010188104614,0.004182285777062478,-0.003924021489892999
1635776767426,2021-11-01T10:26:07.426,32.24,0.0033813590834477613,0.0011258788765709142,-0.005142837991111078
1635776767436,2021-11-01T10:26:07.436,32.25,0.0038367039266626085,-0.002540913508089595,-0.005878609159648799
1635776767446,2021-11-01T10:26:07.446,32.26,0.0033252140720674453,-0.003982049318080485,-0.00626506678741808
1635776767456,2021-11-01T10:26:07.456,32.27,0.0023399689819865923,-0.0029678003340239695,-0.006314840171522316
1635776767466,2021-11-01T10:26:07.466,32.28,0.0016224692033107394,-0.0012201006815794363,-0.005714852537110914
1635776767476,2021-11-01T10:26:07.476,32.29,0.0018038585694150223,-0.00029898115308562434,-0.004684066073444833
1635776767486,2021-11-01T10:26:07.486,32.3,0.0029444823779718647,-0.0005673153472287617,-0.0036049941616888084
1635776767496,2021-11-01T10:26:07.496,32.31,0.0036564662647942804,-0.0012365620451232698,-0.0028605383145674005
1635776767506,2021-11-01T10:26:07.506,32.32,0.0023363923935464975,-0.0010673649671202375,-0.003146319022556495
1635776767516,2021-11-01T10:26:07.516,32.33,4.1383002450330066e-05,0.0005453699806958234,-0.004187096774030959
1635776767526,2021-11-01T10:26:07.526,32.34,-0.0005291485710891147,0.002679820683832813,-0.004361727301271344
1635776767536,2021-11-01T10:26:07.536,32.35,0.0005104448951426051,0.0031474935648475337,-0.003429968832601814
1635776767546,2021-11-01T10:26:07.546,32.36,0.0003836346551453395,0.0008877592888860765,-0.003192837356579331
1635776767556,2021-11-01T10:26:07.556,32.37,-0.0014779605589405977,-0.0016963723279967906,-0.004203353002109481
1635776767566,2021-11-01T10:26:07.566,32.38,-0.002956161478768269,-0.001217931485252333,-0.005152949706065636
1635776767576,2021-11-01T10:26:07.576,32.39,-0.003344197582416173,0.0015030869334190411,-0.0056974436327860405
1635776767586,2021-11-01T10:26:07.586,32.4,-0.0035752874933965397,0.0024481526888021753,-0.006101616478791833
1635776767596,2021-11-01T10:26:07.596,32.41,-0.0035086214582037653,0.0010400713648546014,-0.00529282927375886
1635776767606,2021-11-01T10:26:07.606,32.42,-0.0027442989775862815,0.0008301587406513361,-0.003149110715936468
1635776767616,2021-11-01T10:26:07.616,32.43,-0.002170968530394943,0.0027846320782521127,-0.0020524757379130325
1635776767626,2021-11-01T10:26:07.626,32.44,-0.002194101333264738,0.0034901553061173337,-0.0027217950890546096
1635776767636,2021-11-01T10:26:07.636,32.45,-0.0020104887675371076,0.0013540159202569103,-0.0026290475705664663
1635776767646,2021-11-01T10:26:07.646,32.46,-0.0017491043929458146,-0.0010096885746297098,-0.001078046327128461
1635776767656,2021-11-01T10:26:07.656,32.47,-0.0023449162561392334,-0.0021578627333100784,-0.0004899221020219135
1635776767666,2021-11-01T10:26:07.666,32.48,-0.003068752838792663,-0.0037691084567276333,-0.0011868598992957025
1635776767676,2021-11-01T10:26:07.676,32.49,-0.0022258433708837117,-0.005236197757057177,-0.0007143780463372794
1635776767686,2021-11-01T10:26:07.686,32.5,-0.00025262700322264834,-0.0030220954727301096,0.001222575094629576
1635776767696,2021-11-01T10:26:07.696,32.51,0.0007428056599945268,0.001484778047265638,0.002475643567332679
1635776767706,2021-11-01T10:26:07.706,32.52,0.0004543963256706891,0.0014690871404393977,0.002562543518684251
1635776767716,2021-11-01T10:26:07.716,32.53,0.0006495463422341312,-0.003512409806658361,0.002587752284007607
1635776767726,2021-11-01T10:26:07.726,32.54,0.0021597223572224506,-0.004835114597344861,0.002227199163875703
1635776767736,2021-11-01T10:26:07.736,32.55,0.004044339850414783,0.0006565856540249118,0.0006366968457368937
1635776767746,2021-11-01T10:26:07.746,32.56,0.004936464413431834,0.0046899543638801765,-0.0007885349196986444
1635776767756,2021-11-01T10:26:07.756,32.57,0.003785063344484592,0.002204181057817992,-2.4534724971733354e-05
1635776767766,2021-11-01T10:26:07.766,32.58,0.0011666379837093927,-9.272864137527877e-05,0.0017570480045221357
1635776767776,2021-11-01T10:26:07.776,32.59,-0.0005291915500376637,0.0034090894442227217,0.0012020676857137046
1635776767786,2021-11-01T10:26:07.786,32.6,-0.00073512306877656,0.006804507585603926,-0.0019917268801610687
1635776767796,2021-11-01T10:26:07.796,32.61,-0.0017203224074929665,0.0028610205054876913,-0.004052094223310861
1635776767806,2021-11-01T10:26:07.806,32.62,-0.0037827000866807194,-0.004625290539345603,-0.002741915204461645
1635776767816,2021-11-01T10:26:07.816,32.63,-0.004290568067163385,-0.006786823291796771,-0.0007197726602313934
1635776767826,2021-11-01T10:26:07.826,32.64,-0.0028897297682031592,-0.0026054723224548165,-0.001055723723486657
1635776767836,2021-11-01T10:26:07.836,32.65,-0.0022852082838072767,0.001886736048091545,-0.002473495540987386
1635776767846,2021-11-01T10:26:07.846,32.66,-0.0035027635376776714,0.0035935797606729504,-0.001974393449651203
1635776767856,2021-11-01T10:26:07.856,32.67,-0.004873911121627216,0.004080761345615918,3.8887260809885226e-05
1635776767866,2021-11-01T10:26:07.866,32.68,-0.005197957003867921,0.003890803363155479,0.0006705817386052369
1635776767876,2021-11-01T10:26:07.876,32.69,-0.004759955261334877,0.0018663440094563962,-0.00047408345934182904
1635776767886,2021-11-01T10:26:07.886,32.7,-0.003996737809464024,-0.0012499212667344591,-0.0009970494067546914
1635776767896,2021-11-01T10:26:07.896,32.71,-0.0031127319760467145,-0.0031210966923104102,-0.00023224927527765345
1635776767906,2021-11-01T10:26:07.906,32.72,-0.0025591277117307824,-0.002842323107693307,-1.4381737749691358e-05
1635776767916,2021-11-01T10:26:07.916,32.73,-0.002671688150436281,-0.0016382110110727977,-0.0008591691812439627
1635776767926,2021-11-01T10:26:07.926,32.74,-0.002833497228802592,-0.000927128153315678,-0.0011756328380597841
1635776767936,2021-11-01T10:26:07.936,32.75,-0.002021198068268403,-0.00016148696537992112,-0.00019104594625388285
1635776767946,2021-11-01T10:26:07.946,32.76,-0.0003954873426384607,0.002195632701917891,0.0012270404425192044
1635776767956,2021-11-01T10:26:07.956,32.77,0.0009011488579801369,0.005259542686114451,0.0022885845667573643
1635776767966,2021-11-01T10:26:07.966,32.78,0.0017533227102205185,0.006204207176655349,0.002890849657984488
1635776767976,2021-11-01T10:26:07.976,32.79,0.003120549262339755,0.004422689435714816,0.00283914028811483
1635776767986,2021-11-01T10:26:07.986,32.8,0.004659097994711976,0.0017697342653475588,0.00202680589186785
1635776767996,2021-11-01T10:26:07.996,32.81,0.0046574600156129445,-0.00043939706789482334,0.001588472069429765
1635776768006,2021-11-01T10:26:08.006,32.82,0.003198956861346574,-0.0014297583800792714,0.0029032400924144082
1635776768016,2021-11-01T10:26:08.016,32.83,0.002505179637503642,-0.00031873484222177,0.004679579954573547
1635776768026,2021-11-01T10:26:08.026,32.84,0.0031949730131868377,0.0019557914786829615,0.004013243349726773
1635776768036,2021-11-01T10:26:08.036,32.85,0.00364464287499283,0.0029918849142063554,0.0013856618236488415
1635776768046,2021-11-01T10:26:08.046,32.86,0.003433057486924326,0.002197829584761887,0.0006685232341264013
1635776768056,2021-11-01T10:26:08.056,32.87,0.003474207584732672,0.0008250312962533176,0.003214896718408011
1635776768066,2021-11-01T10:26:08.066,32.88,0.00325059671618861,-0.00045934896885432494,0.005907593261423473
1635776768076,2021-11-01T10:26:08.076,32.89,0.0018352600440104234,-0.0015870583766614955,0.005689558849298939
1635776768086,2021-11-01T10:26:08.086,32.9,0.00028559335689702333,-0.0023321609126661395,0.003264663066826431
1635776768096,2021-11-01T10:26:08.096,32.91,-0.00018163310183036752,-0.0028319933119047456,0.0018279013765993852
1635776768106,2021-11-01T10:26:08.106,32.92,-0.000276626870138104,-0.003107556326515661,0.002872020360872418
1635776768116,2021-11-01T10:26:08.116,32.93,-0.0006501666098222629,-0.002228012608517487,0.004064435528585046
1635776768126,2021-11-01T10:26:08.126,32.94,-0.0005238006047614561,-9.135680579920613e-06,0.0027478499632899236
1635776768136,2021-11-01T10:26:08.136,32.95,0.00019071260106867733,0.0014372168225001009,0.0003302625381052554
1635776768146,2021-11-01T10:26:08.146,32.96,0.0003210163670574276,0.0004298720855624141,0.00013343716726602146
1635776768156,2021-11-01T10:26:08.156,32.97,-0.00019237786300736092,-0.0012801262288289566,0.0021123689518844275
1635776768166,2021-11-01T10:26:08.166,32.98,-0.00018730232662261625,-0.0011532562152553538,0.003268544041888966
1635776768176,2021-11-01T10:26:08.176,32.99,0.0003294587465442491,0.00018561914220242354,0.0024204112668306656
1635776768186,2021-11-01T10:26:08.186,33.0,0.00029515764819120307,0.0006750595197784698,0.0014153106485686336
1635776768196,2021-11-01T10:26:08.196,33.01,-0.0002565852443733798,0.00043974729081510354,0.0018964893542053958
1635776768206,2021-11-01T10:26:08.206,33.02,-0.0003735780082844339,0.0008224712112933032,0.0031831549634086416
1635776768216,2021-11-01T10:26:08.216,33.03,5.462867169100633e-05,0.001655531232830043,0.003825953988494676
1635776768226,2021-11-01T10:26:08.226,33.04,0.00039016626207165946,0.0017165682342253005,0.003710738776040389
1635776768236,2021-11-01T10:26:08.236,33.05,0.0004360020003260649,0.0007188625041904212,0.003521380096842365
1635776768246,2021-11-01T10:26:08.246,33.06,0.0004933371337401276,-0.00042563010902045865,0.0033833066430304067
1635776768256,2021-11-01T10:26:08.256,33.07,0.0009126210964083244,-0.0008157107359050177,0.0032743374682242124
1635776768266,2021-11-01T10:26:08.266,33.08,0.0018119825910742466,-0.0004573818367022944,0.003388472641755628
1635776768276,2021-11-01T10:26:08.276,33.09,0.0025445442622684406,5.733507678788133e-05,0.003415288802023048
1635776768286,2021-11-01T10:26:08.286,33.1,0.00212637924850912,0.000443094429600123,0.0030205092243620257
1635776768296,2021-11-01T10:26:08.296,33.11,0.0010447210153905185,0.0008886379557199224,0.0027504261801820787
1635776768306,2021-11-01T10:26:08.306,33.12,0.001284428979132805,0.0014915974873164017,0.002987720129789828
1635776768316,2021-11-01T10:26:08.316,33.13,0.0033685357395887906,0.0019620294750422517,0.003103823733644512
1635776768326,2021-11-01T10:26:08.326,33.14,0.0049867826841196025,0.0017966932091295713,0.0027264016100629765
1635776768336,2021-11-01T10:26:08.336,33.15,0.004149784363122344,0.0005776167879118889,0.0024296846763276325
1635776768346,2021-11-01T10:26:08.346,33.16,0.00203622362317889,-0.0014429038006621895,0.002517940617620293
1635776768356,2021-11-01T10:26:08.356,33.17,0.0007407530085324161,-0.0029582690666738634,0.00242740968287566
1635776768366,2021-11-01T10:26:08.366,33.18,-0.0001139550310936993,-0.002754199007884482,0.001822040799442495
1635776768376,2021-11-01T10:26:08.376,33.19,-0.002053485814789614,-0.0012277261293369638,0.0013452704956124662
1635776768386,2021-11-01T10:26:08.386,33.2,-0.004318209898404953,0.0004537194515240332,0.001651226221710046
1635776768396,2021-11-01T10:26:08.396,33.21,-0.0046377558499692325,0.0019382399277035828,0.002237685020114479
1635776768406,2021-11-01T10:26:08.406,33.22,-0.003061754839236386,0.0028532094031960722,0.0021661994008269126
1635776768416,2021-11-01T10:26:08.416,33.23,-0.002030569163229929,0.002177184203344799,0.0016701931664646979
1635776768426,2021-11-01T10:26:08.426,33.24,-0.0024421217644065986,0.00031159594694206265,0.0018431225357305697
1635776768436,2021-11-01T10:26:08.436,33.25,-0.002770529595496386,-0.0007000628992219402,0.0028529403179539527
1635776768446,2021-11-01T10:26:08.446,33.26,-0.0022920367953486037,-0.0005404112284409904,0.0037953438711811564
1635776768456,2021-11-01T10:26:08.456,33.27,-0.0019507681555144393,-0.0011761414435520162,0.0040474485999312014
1635776768466,2021-11-01T10:26:08.466,33.28,-0.002027157815543686,-0.002993336456370257,0.00351083847409354
1635776768476,2021-11-01T10:26:08.476,33.29,-0.001837645044303578,-0.0035169369948612685,0.0023365739368447665
1635776768486,2021-11-01T10:26:08.486,33.3,-0.0015013772490927563,-0.0010209567251041206,0.0014037828169432896
1635776768496,2021-11-01T10:26:08.496,33.31,-0.0018535225914696,0.0026648469296467873,0.00164920120007872
1635776768506,2021-11-01T10:26:08.506,33.32,-0.00279461852402461,0.003950314882632949,0.002573987467495887
1635776768516,2021-11-01T10:26:08.516,33.33,-0.002879383340448484,0.0018381354221548279,0.0031487020956834384
1635776768526,2021-11-01T10:26:08.526,33.34,-0.0009238097887985746,-0.0004736277005072624,0.0034624880980245287
1635776768536,2021-11-01T10:26:08.536,33.35,0.0018706768464322237,0.00018749572340997535,0.0036618805982311852
1635776768546,2021-11-01T10:26:08.546,33.36,0.002506350494272817,0.0026449897541961065,0.0031531755834949063
1635776768556,2021-11-01T10:26:08.556,33.37,0.00015486816768985024,0.0041393020063177615,0.00251502345820213
1635776768566,2021-11-01T10:26:08.566,33.38,-0.002293404035483181,0.005046506976113533,0.0032200889477349004
1635776768576,2021-11-01T10:26:08.576,33.39,-0.0026774375202896746,0.006815242516906697,0.0041967861002548835
1635776768586,2021-11-01T10:26:08.586,33.4,-0.0028379219992235405,0.007815490559484517,0.002773121771235708
1635776768596,2021-11-01T10:26:08.596,33.41,-0.004604594117551736,0.005821759782419211,-0.000125081118647317
1635776768606,2021-11-01T10:26:08.606,33.42,-0.006010990388238562,0.002393257431905555,-0.0007335000151720899
1635776768616,2021-11-01T10:26:08.616,33.43,-0.005200974854340833,0.0005335986886332957,0.0011875567846692694
1635776768626,2021-11-01T10:26:08.626,33.44,-0.004319260402483974,0.0003321647812895312,0.0021361201879433996
1635776768636,2021-11-01T10:26:08.636,33.45,-0.00543600990409584,0.0006692828674775724,0.0010194121761086749
1635776768646,2021-11-01T10:26:08.646,33.46,-0.006502197525396161,0.0021616480572045228,0.0002335569626066919
1635776768656,2021-11-01T10:26:08.656,33.47,-0.005410592379551563,0.004771579923020262,0.000746876301261501
1635776768666,2021-11-01T10:26:08.666,33.48,-0.004123687004425327,0.005946546332082617,0.0008770897805243984
1635776768676,2021-11-01T10:26:08.676,33.49,-0.00487397213891294,0.004242344675835264,-0.0001311544386072031
1635776768686,2021-11-01T10:26:08.686,33.5,-0.006057298042148626,0.0013986940606438584,-0.001111514021062013
1635776768696,2021-11-01T10:26:08.696,33.51,-0.005560965608395576,-0.0006625407251353512,-0.001338206597461563
1635776768706,2021-11-01T10:26:08.706,33.52,-0.0046539781261126225,-0.0013337734143996458,-0.001298349670794066
1635776768716,2021-11-01T10:26:08.716,33.53,-0.005149112460975156,-0.0001590154212791243,-0.001459116855198497
1635776768726,2021-11-01T10:26:08.726,33.54,-0.0059032189281264455,0.002422459353999299,-0.0016171319784928568
1635776768736,2021-11-01T10:26:08.736,33.55,-0.005144172905868991,0.004587042548690976,-0.0013144605623719896
1635776768746,2021-11-01T10:26:08.746,33.56,-0.003502810045180726,0.005442995120961866,-0.0006224185949451627
1635776768756,2021-11-01T10:26:08.756,33.57,-0.002626472477006155,0.0057633517805885034,-0.0002272891621213302
1635776768766,2021-11-01T10:26:08.766,33.58,-0.002943421523145288,0.006013037103538139,-0.00039533781557362627
1635776768776,2021-11-01T10:26:08.776,33.59,-0.0037308469148711575,0.006009292553997554,-0.0006107144097906828
1635776768786,2021-11-01T10:26:08.786,33.6,-0.004077198273055371,0.005847199405293711,-0.0006330338935448406
1635776768796,2021-11-01T10:26:08.796,33.61,-0.0037129763559591274,0.005135746713450915,-0.0007210429349861218
1635776768806,2021-11-01T10:26:08.806,33.62,-0.0031620763731770346,0.003075020629133311,-0.0006732422075985936
1635776768816,2021-11-01T10:26:08.816,33.63,-0.002712742597317455,0.0010841577721459653,-9.60350675771308e-05
1635776768826,2021-11-01T10:26:08.826,33.64,-0.0018812611337331079,0.002277985310020092,0.0005685910041767151
1635776768836,2021-11-01T10:26:08.836,33.65,-0.0005520394152649928,0.0061347075543135895,0.0006548592723234881
1635776768846,2021-11-01T10:26:08.846,33.66,0.0003095171726128713,0.0078049743124178166,0.0004691217526404614
1635776768856,2021-11-01T10:26:08.856,33.67,-0.00012378220131064935,0.005189589992581051,0.0008305776894544269
1635776768866,2021-11-01T10:26:08.866,33.68,-0.0014219304907267796,0.0018339709047227163,0.0017182752321453659
1635776768876,2021-11-01T10:26:08.876,33.69,-0.002712588302545424,0.0006954664362774878,0.0020371828390302353
1635776768886,2021-11-01T10:26:08.886,33.7,-0.003976512678113018,0.0005406588170661219,0.0011035847124688288
1635776768896,2021-11-01T10:26:08.896,33.71,-0.0056830176191782844,0.00019755510881666784,-1.7319511190903858e-05
1635776768906,2021-11-01T10:26:08.906,33.72,-0.007422562948230968,0.0006886291474555437,0.0001493731006335312
1635776768916,2021-11-01T10:26:08.916,33.73,-0.008071143520010558,0.0016134223443188612,0.0011585670668273502
1635776768926,2021-11-01T10:26:08.926,33.74,-0.007516443276302692,0.0007585133491615498,0.0013534630681087622
1635776768936,2021-11-01T10:26:08.936,33.75,-0.006975678567243857,-0.0013314453074487866,0.00047450987089209853
1635776768946,2021-11-01T10:26:08.946,33.76,-0.007229042268750933,-0.00126466407591587,-0.0001660678716094474
1635776768956,2021-11-01T10:26:08.956,33.77,-0.00760508616011146,0.0015980050466098239,0.00012533362244489233
1635776768966,2021-11-01T10:26:08.966,33.78,-0.007105585378114536,0.003828950483292545,0.0004688431090121819
1635776768976,2021-11-01T10:26:08.976,33.79,-0.005827441364549222,0.0032900219332160116,9.637210455005612e-06
1635776768986,2021-11-01T10:26:08.986,33.8,-0.004660487006200112,0.0019812235248739757,-0.0005561251624753129
1635776768996,2021-11-01T10:26:08.996,33.81,-0.003933435946537728,0.0021794030959790224,-0.00013312272693660556
1635776769006,2021-11-01T10:26:09.006,33.82,-0.003372238025317888,0.0030593690967325913,0.0007916823239017885
1635776769016,2021-11-01T10:26:09.016,33.83,-0.0030717428342540197,0.003097894498038703,0.0007255569838362083
1635776769026,2021-11-01T10:26:09.026,33.84,-0.003085739287224761,0.0029801649828853317,-0.0006035396673609446
1635776769036,2021-11-01T10:26:09.036,33.85,-0.0027052598571739713,0.0037050149889878187,-0.0018301609429085346
1635776769046,2021-11-01T10:26:09.046,33.86,-0.0016891839955188595,0.004276905313827602,-0.0018624338420787428
1635776769056,2021-11-01T10:26:09.056,33.87,-0.0009467874675807416,0.003739520119687181,-0.0012557851068623603
1635776769066,2021-11-01T10:26:09.066,33.88,-0.0007463197954523064,0.0031090546217510287,-0.0011010784420540278
1635776769076,2021-11-01T10:26:09.076,33.89,-0.00026979797083739496,0.003116177729716645,-0.0012265058646286162
1635776769086,2021-11-01T10:26:09.086,33.9,0.0003488641422603971,0.0026338786500307524,-0.00041497016462676694
1635776769096,2021-11-01T10:26:09.096,33.91,0.00010071486087133381,0.001200109955930036,0.001662909781765748
1635776769106,2021-11-01T10:26:09.106,33.92,-0.000683256310487101,0.0004261239210305385,0.003488366822445941
1635776769116,2021-11-01T10:26:09.116,33.93,-0.0007589272362507583,0.00137912996322123,0.003498563013239187
1635776769126,2021-11-01T10:26:09.126,33.94,-0.0002486259208319038,0.0028755827826732593,0.0024743668474871906
1635776769136,2021-11-01T10:26:09.136,33.95,-0.00035385197199342804,0.003373208571995822,0.002363239664426343
1635776769146,2021-11-01T10:26:09.146,33.96,-0.0012992893578689033,0.002762401767210488,0.003126572833622126
1635776769156,2021-11-01T10:26:09.156,33.97,-0.0020972668807025304,0.0017275020100900767,0.003239484773343176
1635776769166,2021-11-01T10:26:09.166,33.98,-0.0020258904114051624,0.0006962520440555204,0.002430457698805869
1635776769176,2021-11-01T10:26:09.176,33.99,-0.0014598672922377506,4.515708959813977e-05,0.0015038084980922434
1635776769186,2021-11-01T10:26:09.186,34.0,-0.001288572831813385,0.0004964875280705548,0.0009189268459933501
1635776769196,2021-11-01T10:26:09.196,34.01,-0.0017577249786771046,0.002219438236660036,0.000930402689692608
1635776769206,2021-11-01T10:26:09.206,34.02,-0.00208232672112932,0.003799604106514521,0.0014815685084025533
1635776769216,2021-11-01T10:26:09.216,34.03,-0.001604452962090714,0.003523581773933207,0.0018907656972505355
1635776769226,2021-11-01T10:26:09.226,34.04,-0.0010344940046859924,0.0015672499600797329,0.0017283274151463914
1635776769236,2021-11-01T10:26:09.236,34.05,-0.0015883528159598946,-0.0006655713731801087,0.0012632145178530017
1635776769246,2021-11-01T10:26:09.246,34.06,-0.0031426660113866465,-0.00274378929212775,0.0009012339326832852
1635776769256,2021-11-01T10:26:09.256,34.07,-0.00445048463385676,-0.004651435636445788,0.0008945454124092984
1635776769266,2021-11-01T10:26:09.266,34.08,-0.004827589576051854,-0.004890895904499072,0.0010843265376524755
1635776769276,2021-11-01T10:26:09.276,34.09,-0.0042499148111935945,-0.0018719205433177042,0.000914482287567772
1635776769286,2021-11-01T10:26:09.286,34.1,-0.002403487329423794,0.0027842381898902195,0.0005126769748633186
1635776769296,2021-11-01T10:26:09.296,34.11,0.0006403874343740653,0.004837926982759493,0.0009489212147793615
1635776769306,2021-11-01T10:26:09.306,34.12,0.0034529537587838135,0.0026033773110625954,0.0023330304702929307
1635776769316,2021-11-01T10:26:09.316,34.13,0.004649082162715086,-0.0003788471280610044,0.0028016951634224664
1635776769326,2021-11-01T10:26:09.326,34.14,0.004475928652202533,-0.0002851961017596152,0.0008845677501545388
1635776769336,2021-11-01T10:26:09.336,34.15,0.003789302474181349,0.0014800006053891704,-0.001828162723644241
1635776769346,2021-11-01T10:26:09.346,34.16,0.0027078690905198515,0.0017572649303727425,-0.0022698658331882075
1635776769356,2021-11-01T10:26:09.356,34.17,0.0012021107200213216,0.0016471044061368246,-0.00043860959940279483
1635776769366,2021-11-01T10:26:09.366,34.18,-0.00015875338543721345,0.0032878552770739464,2.1539206592680136e-05
1635776769376,2021-11-01T10:26:09.376,34.19,-0.0005983628862190435,0.0042709644115854935,-0.002654338612232655
1635776769386,2021-11-01T10:26:09.386,34.2,0.00014851998269940683,0.0015115542535469309,-0.005036837795620501
1635776769396,2021-11-01T10:26:09.396,34.21,0.001334084629700875,-0.0033070253242219743,-0.0035056954256661088
1635776769406,2021-11-01T10:26:09.406,34.22,0.001618092127274671,-0.006851176195330743,0.00010485672158351631
1635776769416,2021-11-01T10:26:09.416,34.23,0.0005662496768846571,-0.008067119132435496,0.0013272606314349866
1635776769426,2021-11-01T10:26:09.426,34.24,-0.0009166649833024095,-0.006569361920807484,-0.0005713799620052529
1635776769436,2021-11-01T10:26:09.436,34.25,-0.002030758594633574,-0.0023604757057410527,-0.0025022973756263266
1635776769446,2021-11-01T10:26:09.446,34.26,-0.0027874456418103457,0.0016508932522001757,-0.002427711211419892
1635776769456,2021-11-01T10:26:09.456,34.27,-0.00301940325936325,0.0015457287198320999,-0.0012067575417593502
1635776769466,2021-11-01T10:26:09.466,34.28,-0.0019785259616339986,-0.002475405914973828,-0.0001657242896688757
1635776769476,2021-11-01T10:26:09.476,34.29,0.0005671029856470996,-0.006190438365144563,0.0005085622183547779
1635776769486,2021-11-01T10:26:09.486,34.3,0.003477468387363178,-0.006738466315206065,0.0006626032110822038
1635776769496,2021-11-01T10:26:09.496,34.31,0.005085030321280841,-0.0049893317897656666,-0.000351135921425695
1635776769506,2021-11-01T10:26:09.506,34.32,0.00485909056146425,-0.002532286547862415,-0.0022197490699036658
1635776769516,2021-11-01T10:26:09.516,34.33,0.003773078689107788,0.0001770736324987239,-0.0032676404755194372
1635776769526,2021-11-01T10:26:09.526,34.34,0.00305346977251204,0.002166384594043387,-0.002413243370273551
1635776769536,2021-11-01T10:26:09.536,34.35,0.003012421794125142,0.002281155134071944,-0.0006557995757713187
1635776769546,2021-11-01T10:26:09.546,34.36,0.0031311940713623656,0.0016882859841566133,-5.860788453609472e-05
1635776769556,2021-11-01T10:26:09.556,34.37,0.0029898406413199343,0.0022376659110317863,-0.0016170586325844577
1635776769566,2021-11-01T10:26:09.566,34.38,0.0027607396013210293,0.002458655904300314,-0.004376583575013617
1635776769576,2021-11-01T10:26:09.576,34.39,0.00276413954545782,-0.0005057602034013461,-0.006288722399208587
1635776769586,2021-11-01T10:26:09.586,34.4,0.0031759865241237865,-0.004846313616239313,-0.005747493949634638
1635776769596,2021-11-01T10:26:09.596,34.41,0.0042129522460552455,-0.00477841760041585,-0.003129533752371126
1635776769606,2021-11-01T10:26:09.606,34.42,0.0056815913420093424,0.0007812933981027967,-0.0010315349259954602
1635776769616,2021-11-01T10:26:09.616,34.43,0.006545248391213333,0.004712165339780127,-0.0014299937562451891
1635776769626,2021-11-01T10:26:09.626,34.44,0.006097526864745469,0.0010411956831789851,-0.0027010333787554673
1635776769636,2021-11-01T10:26:09.636,34.45,0.00515192409333657,-0.006128732293385463,-0.0020000038533321135
1635776769646,2021-11-01T10:26:09.646,34.46,0.004931007656700473,-0.009078924943916112,5.0789055866131794e-05
1635776769656,2021-11-01T10:26:09.656,34.47,0.005336807818841693,-0.007856623790630124,0.0006529935539709658
1635776769666,2021-11-01T10:26:09.666,34.48,0.005326821736800027,-0.0076194356977499975,-0.0003390076549250556
1635776769676,2021-11-01T10:26:09.676,34.49,0.004510152083010973,-0.008653537370320662,-0.000978549256364972
1635776769686,2021-11-01T10:26:09.686,34.5,0.0034707537794741953,-0.007194599901295105,-0.0009990193610137292
1635776769696,2021-11-01T10:26:09.696,34.51,0.0027713954967481117,-0.003183637502894352,-0.00119633597399057
1635776769706,2021-11-01T10:26:09.706,34.52,0.0025120481732442534,-0.0006405660846008124,-0.0010419454040070267
1635776769716,2021-11-01T10:26:09.716,34.53,0.0027286358659636334,-0.0019654828122876635,-7.719566131570061e-06
1635776769726,2021-11-01T10:26:09.726,34.54,0.003213591140184088,-0.005410186958013267,0.0006433960449718565
1635776769736,2021-11-01T10:26:09.736,34.55,0.003111252025589905,-0.0073414692044080675,-0.00037039697430243696
1635776769746,2021-11-01T10:26:09.746,34.56,0.0019282015687822219,-0.006059109567024445,-0.0020050894538777356
1635776769756,2021-11-01T10:26:09.756,34.57,0.0007425325079486061,-0.0036522384343561833,-0.002000439081161914
1635776769766,2021-11-01T10:26:09.766,34.58,0.0010173368545056054,-0.003308370214975171,-0.0002488141774487919
1635776769776,2021-11-01T10:26:09.776,34.59,0.002394522370690654,-0.005213366223129543,0.0006970444900368712
1635776769786,2021-11-01T10:26:09.786,34.6,0.0031593958070532968,-0.00706249533329623,-0.000423442566976203
1635776769796,2021-11-01T10:26:09.796,34.61,0.0027954083232671735,-0.0077428200222300295,-0.0014884340096996043
1635776769806,2021-11-01T10:26:09.806,34.62,0.0024214909190589827,-0.008015679799581475,-0.0007053930613643809
1635776769816,2021-11-01T10:26:09.816,34.63,0.0027372210419643918,-0.008171081358193789,0.0007008354858917059
1635776769826,2021-11-01T10:26:09.826,34.64,0.003468555740530628,-0.0071729764117370535,0.0012219407699040291
1635776769836,2021-11-01T10:26:09.836,34.65,0.004634860838598936,-0.004513992473376504,0.0008410389372807445
1635776769846,2021-11-01T10:26:09.846,34.66,0.006133081958297463,-0.0017550810628056998,-0.0004982840301257031
1635776769856,2021-11-01T10:26:09.856,34.67,0.006772576559667356,-0.0007789731099479752,-0.0024430934995733214
1635776769866,2021-11-01T10:26:09.866,34.68,0.006007029005757665,-0.0008899836135209003,-0.0032626130111439574
1635776769876,2021-11-01T10:26:09.876,34.69,0.005247700565839486,0.00011920460641594028,-0.002483449922449403
1635776769886,2021-11-01T10:26:09.886,34.7,0.005559972027163815,0.0022877089000179814,-0.00217831071780145
1635776769896,2021-11-01T10:26:09.896,34.71,0.0060321171221195576,0.0036851222345435997,-0.003610129196914072
1635776769906,2021-11-01T10:26:09.906,34.72,0.0057355328382277864,0.0036885633166658196,-0.0053096747493443204
1635776769916,2021-11-01T10:26:09.916,34.73,0.005229256756076937,0.003046108980509822,-0.005417667814618427
1635776769926,2021-11-01T10:26:09.926,34.74,0.005337742522319106,0.002041810129451422,-0.0038885282801522474
1635776769936,2021-11-01T10:26:09.936,34.75,0.005904402192774164,0.001435704181093113,-0.0019847301194692545
1635776769946,2021-11-01T10:26:09.946,34.76,0.006062662945078238,0.002584961135685819,-0.000523731531499395
1635776769956,2021-11-01T10:26:09.956,34.77,0.005181661717646807,0.004187139288007301,0.0005828520889088607
1635776769966,2021-11-01T10:26:09.966,34.78,0.003749382733707943,0.002759408052059755,0.0009674269160770035
1635776769976,2021-11-01T10:26:09.976,34.79,0.0031499845977932582,-0.0019482653605422619,-0.00026855037332246083
1635776769986,2021-11-01T10:26:09.986,34.8,0.00372403609217746,-0.006249076254478013,-0.00235590484968028
1635776769996,2021-11-01T10:26:09.996,34.81,0.003701029726075925,-0.0075002900760386204,-0.0028324001929299868
1635776770006,2021-11-01T10:26:10.006,34.82,0.0018257892636046778,-0.005919057173213148,-0.0011601569717359303
1635776770016,2021-11-01T10:26:10.016,34.83,0.00010220131006416098,-0.0027912391259490897,-9.60880144465313e-05
1635776770026,2021-11-01T10:26:10.026,34.84,0.001038391359434854,-0.0004507586361284315,-0.001433004431629292
1635776770036,2021-11-01T10:26:10.036,34.85,0.003335437575028596,-0.001581411212049273,-0.002763082035324025
1635776770046,2021-11-01T10:26:10.046,34.86,0.004104174673561548,-0.004880369087137072,-0.0017084889726533847
1635776770056,2021-11-01T10:26:10.056,34.87,0.0036322905628056144,-0.004937384125898572,-0.0007484868353058654
1635776770066,2021-11-01T10:26:10.066,34.88,0.00355184770752391,-0.00046341223700449704,-0.002795391311113645
1635776770076,2021-11-01T10:26:10.076,34.89,0.0028936147026192346,0.0027819307366664745,-0.004746244563657954
1635776770086,2021-11-01T10:26:10.086,34.9,0.0007288593361664823,0.0015747385190418401,-0.0023435957723992474
1635776770096,2021-11-01T10:26:10.096,34.91,-0.0005764174727371054,-0.00010066383129176694,0.0014158982177591218
1635776770106,2021-11-01T10:26:10.106,34.92,0.0006261322240956211,0.0001471025029324106,0.0008992533367151871
1635776770116,2021-11-01T10:26:10.116,34.93,0.0016780234826147475,-0.0008727341365420689,-0.0021826595284434283
1635776770126,2021-11-01T10:26:10.126,34.94,0.00012783288553422514,-0.004341001441924355,-0.001960803240944095
1635776770136,2021-11-01T10:26:10.136,34.95,-0.0018565198748623356,-0.00695942061532853,0.0015228976141562684
1635776770146,2021-11-01T10:26:10.146,34.96,-0.0011475155899077641,-0.007080542151846935,0.003448025420775073
1635776770156,2021-11-01T10:26:10.156,34.97,0.0013677929545468693,-0.006003153861956972,0.0025309904521267717
1635776770166,2021-11-01T10:26:10.166,34.98,0.0024930102092721924,-0.003932087373564014,0.001377045179739007
1635776770176,2021-11-01T10:26:10.176,34.99,0.0013822934037932273,-0.000522973553725053,0.0009537559613215685
1635776770186,2021-11-01T10:26:10.186,35.0,9.932815432615514e-05,0.0018103774090839676,4.3297305463739985e-05
1635776770196,2021-11-01T10:26:10.196,35.01,0.0003775548496859527,0.00018034276502529523,-0.0016318188923172372
1635776770206,2021-11-01T10:26:10.206,35.02,0.0015617318518839607,-0.0039353080545545,-0.003237419132806146
1635776770216,2021-11-01T10:26:10.216,35.03,0.001993429688835184,-0.006220541293961348,-0.00425096298081873
1635776770226,2021-11-01T10:26:10.226,35.04,0.0014322942407124645,-0.004997668275419078,-0.004408089121247703
1635776770236,2021-11-01T10:26:10.236,35.05,0.0010434589114818307,-0.0018248790015659411,-0.0037239394854441015
1635776770246,2021-11-01T10:26:10.246,35.06,0.0013362053776381211,0.001670937704141574,-0.0029988186993905944
1635776770256,2021-11-01T10:26:10.256,35.07,0.0015855952220390369,0.004506570944460317,-0.0030843822284579723
1635776770266,2021-11-01T10:26:10.266,35.08,0.0011388009856249473,0.005833756877316071,-0.003716320370980415
1635776770276,2021-11-01T10:26:10.276,35.09,-6.349507158355281e-05,0.005795194942922919,-0.0038418800335050275
1635776770286,2021-11-01T10:26:10.286,35.1,-0.0015075549394945242,0.0050722803299483275,-0.0030765863255500393
1635776770296,2021-11-01T10:26:10.296,35.11,-0.0017529992093336176,0.003308345768482264,-0.002380092656731189
1635776770306,2021-11-01T10:26:10.306,35.12,-7.033380782647857e-06,0.0001788864920145649,-0.002875086075714614
1635776770316,2021-11-01T10:26:10.316,35.13,0.0016841431313266658,-0.0027293614802617744,-0.004022368254789122
1635776770326,2021-11-01T10:26:10.326,35.14,0.0009295215847901042,-0.0031487086921571303,-0.0039001832526674154
1635776770336,2021-11-01T10:26:10.336,35.15,-0.0009190558820439435,-0.0005524610901119956,-0.002055645454304018
1635776770346,2021-11-01T10:26:10.346,35.16,-0.0011418427520499652,0.003049599890285127,-0.0007393000008731241
1635776770356,2021-11-01T10:26:10.356,35.17,-0.0006288400184399778,0.004183518302775979,-0.001558147225309845
1635776770366,2021-11-01T10:26:10.366,35.18,-0.0018754243138290672,0.001290688772090748,-0.0024689362999476172
1635776770376,2021-11-01T10:26:10.376,35.19,-0.003738442623956841,-0.002797586184889236,-0.0008154077606220076
1635776770386,2021-11-01T10:26:10.386,35.2,-0.003075311283074006,-0.004425371954359276,0.0020432412483598534
1635776770396,2021-11-01T10:26:10.396,35.21,-0.0004008081398414147,-0.00402528646014695,0.002501921258986685
1635776770406,2021-11-01T10:26:10.406,35.22,0.0007059862469082205,-0.003853804226790422,0.00018425229528251717
1635776770416,2021-11-01T10:26:10.416,35.23,-0.0007949076523270985,-0.00324357804445817,-0.0018621474606969697
1635776770426,2021-11-01T10:26:10.426,35.24,-0.0025205506076727844,-0.0007768421386924664,-0.001915162983036753
1635776770436,2021-11-01T10:26:10.436,35.25,-0.0029366333842931118,0.0013426124846809366,-0.0012199500605241816
1635776770446,2021-11-01T10:26:10.446,35.26,-0.0027280890058394534,6.420797357961373e-05,-0.0011347052842792826
1635776770456,2021-11-01T10:26:10.456,35.27,-0.0022877135534014647,-0.003336982149458923,-0.0013419358685488822
1635776770466,2021-11-01T10:26:10.466,35.28,-0.0011728109228136743,-0.0051617801322213315,-0.0009621937938882009
1635776770476,2021-11-01T10:26:10.476,35.29,0.00034609031632839746,-0.004598709225215954,4.756814697169629e-05
1635776770486,2021-11-01T10:26:10.486,35.3,0.0016741938312237379,-0.0036239766411322776,0.0007938862772144125
1635776770496,2021-11-01T10:26:10.496,35.31,0.0029599254076963415,-0.0031739716465630525,0.0006638483520647368
1635776770506,2021-11-01T10:26:10.506,35.32,0.004162598639700949,-0.0023575980017942174,0.0004206263641854877
1635776770516,2021-11-01T10:26:10.516,35.33,0.004525810029643295,-0.0007562564398638607,0.0010679773440978918
1635776770526,2021-11-01T10:26:10.526,35.34,0.004112481954949335,0.0004888204510447696,0.0020133556391062272
1635776770536,2021-11-01T10:26:10.536,35.35,0.004178201534018685,0.00020905185748880146,0.0020327672767923
1635776770546,2021-11-01T10:26:10.546,35.36,0.005019271118253217,-0.0008817742550460862,0.0014331457325839946
1635776770556,2021-11-01T10:26:10.556,35.37,0.005040563758173128,-0.0009565179493302275,0.0013419847151203462
1635776770566,2021-11-01T10:26:10.566,35.38,0.0032735061252542504,-8.803090477244285e-05,0.001668148468608703
1635776770576,2021-11-01T10:26:10.576,35.39,0.0015198527359524781,-0.0004185329219873859,0.0015292634083561567
1635776770586,2021-11-01T10:26:10.586,35.4,0.0019357615351062924,-0.0023084731203445435,0.0008200491081743142
1635776770596,2021-11-01T10:26:10.596,35.41,0.003329350245752774,-0.003372370997376199,9.063435056108728e-05
1635776770606,2021-11-01T10:26:10.606,35.42,0.002767319366720607,-0.002761393484423889,-0.00033306565704271343
1635776770616,2021-11-01T10:26:10.616,35.43,0.0004058873907665743,-0.0028034635374173723,-0.00043418572811293867
1635776770626,2021-11-01T10:26:10.626,35.44,-0.0007315156508905361,-0.004706915831141599,-0.00022370630311515082
1635776770636,2021-11-01T10:26:10.636,35.45,0.000557088103194752,-0.006117023681068432,0.0003962447436266891
1635776770646,2021-11-01T10:26:10.646,35.46,0.0025410966411801112,-0.004951789151930701,0.001458185789526954
1635776770656,2021-11-01T10:26:10.656,35.47,0.0036990952585145087,-0.0028386622925894254,0.002520042030129955
1635776770666,2021-11-01T10:26:10.666,35.48,0.0043223652675598275,-0.002395501315740836,0.0029197214709095545
1635776770676,2021-11-01T10:26:10.676,35.49,0.005188120710794143,-0.003086668471579148,0.0026620497905909778
1635776770686,2021-11-01T10:26:10.686,35.5,0.0060581621492530584,-0.002365901505161077,0.0024909841421254246
1635776770696,2021-11-01T10:26:10.696,35.51,0.005856195326718857,8.757905956750578e-05,0.002959484181694281
1635776770706,2021-11-01T10:26:10.706,35.52,0.0042937982410780435,0.0016424614457609035,0.003683778438097681
1635776770716,2021-11-01T10:26:10.716,35.53,0.0024981119473624167,3.7722632392628866e-05,0.003623540831483757
1635776770726,2021-11-01T10:26:10.726,35.54,0.001291881880481972,-0.004068657820362224,0.002453544624052905
1635776770736,2021-11-01T10:26:10.736,35.55,0.00021341440885712693,-0.007691425042814147,0.0014028109461933548
1635776770746,2021-11-01T10:26:10.746,35.56,-0.000708089296273376,-0.007738082410462454,0.0017730897233136642
1635776770756,2021-11-01T10:26:10.756,35.57,-8.78315947883079e-05,-0.003540029334913951,0.0029870207831143914
1635776770766,2021-11-01T10:26:10.766,35.58,0.0024766095991453976,0.0013863186031271711,0.003363219039513415
1635776770776,2021-11-01T10:26:10.776,35.59,0.005044014962701697,0.0018417632368956127,0.0026125529374620314
1635776770786,2021-11-01T10:26:10.786,35.6,0.006052246156320702,-0.001979342893729685,0.002181517270044239
1635776770796,2021-11-01T10:26:10.796,35.61,0.006718099522729585,-0.0031260085305673314,0.002708823801631531
1635776770806,2021-11-01T10:26:10.806,35.62,0.00846973178051572,0.0013626984942066679,0.0027658794531174678
1635776770816,2021-11-01T10:26:10.816,35.63,0.009807763765718723,0.004098420905895811,0.001645098030860025
1635776770826,2021-11-01T10:26:10.826,35.64,0.008794677070602224,-6.088321362308262e-05,0.0013695476139987208
1635776770836,2021-11-01T10:26:10.836,35.65,0.006704893320252989,-0.003400054549484535,0.003214920812200008
1635776770846,2021-11-01T10:26:10.846,35.66,0.005653615504347285,0.0013689669797162947,0.004716410746329135
1635776770856,2021-11-01T10:26:10.856,35.67,0.004782709322572326,0.0069797637880057925,0.0035909067707999252
1635776770866,2021-11-01T10:26:10.866,35.68,0.0025647400903493684,0.0037107224588730676,0.0017923877609559331
1635776770876,2021-11-01T10:26:10.876,35.69,0.0005819879636783074,-0.004115020242560425,0.0021232046774022203
1635776770886,2021-11-01T10:26:10.886,35.7,0.0008589904989176145,-0.006438673353113654,0.0036911447118720972
1635776770896,2021-11-01T10:26:10.896,35.71,0.0014750994144440083,-0.003293364502874608,0.003836339849212342
1635776770906,2021-11-01T10:26:10.906,35.72,-0.000626247688893866,-0.0007343733294960062,0.002253765697813024
1635776770916,2021-11-01T10:26:10.916,35.73,-0.004174938619041998,0.0007923954641783943,0.0009065716487398738
1635776770926,2021-11-01T10:26:10.926,35.74,-0.005653647920130874,0.0031380749601281543,0.001043735271173404
1635776770936,2021-11-01T10:26:10.936,35.75,-0.005127600953535601,0.0028270664908617783,0.0017051108836215086
1635776770946,2021-11-01T10:26:10.946,35.76,-0.005283905023156826,-0.003025776089561697,0.0012989988734658738
1635776770956,2021-11-01T10:26:10.956,35.77,-0.006509968551276928,-0.009284393897091082,-3.7047838524990775e-05
1635776770966,2021-11-01T10:26:10.966,35.78,-0.007222086671185443,-0.009753451152030685,-0.0007310039224068444
1635776770976,2021-11-01T10:26:10.976,35.79,-0.0071512585233146665,-0.0059307202361604874,-0.00023250574218522922
1635776770986,2021-11-01T10:26:10.986,35.8,-0.006973965736951278,-0.002600319912197414,0.00019431776101632033
1635776770996,2021-11-01T10:26:10.996,35.81,-0.006549139562532358,-0.0005845899181201981,-0.0005685427985517111
1635776771006,2021-11-01T10:26:11.006,35.82,-0.005574638363677653,0.0013327255260362466,-0.0018486992524711014
1635776771016,2021-11-01T10:26:11.016,35.83,-0.004419455481762291,0.0026886190417036568,-0.0022587480246145783
1635776771026,2021-11-01T10:26:11.026,35.84,-0.0033481273285584875,0.003233436524915245,-0.0015616181910707858
1635776771036,2021-11-01T10:26:11.036,35.85,-0.002049909763096967,0.0042981701753339475,-0.00039177230054010374
1635776771046,2021-11-01T10:26:11.046,35.86,-0.00041154329362460716,0.0059966415217767455,0.0008691241751537887
1635776771056,2021-11-01T10:26:11.056,35.87,0.0009751336705014223,0.006496277064219649,0.001621570395849956
1635776771066,2021-11-01T10:26:11.066,35.88,0.0016713258865233972,0.005316209057638636,0.0008943858213188334
1635776771076,2021-11-01T10:26:11.076,35.89,0.0021855867148987836,0.004386962453247443,-0.0008434359804366938
1635776771086,2021-11-01T10:26:11.086,35.9,0.0029793371027057405,0.004980743962682151,-0.0014927568795434472
1635776771096,2021-11-01T10:26:11.096,35.91,0.003408388056935522,0.006019566052168425,-0.0003429245799361025
1635776771106,2021-11-01T10:26:11.106,35.92,0.002860368758893122,0.006106356560549836,0.0007622505324478366
1635776771116,2021-11-01T10:26:11.116,35.93,0.0020330648132403004,0.005270389409375955,0.0005152891361717787
1635776771126,2021-11-01T10:26:11.126,35.94,0.0019449181390916639,0.00392697527770977,0.0001777736742881662
1635776771136,2021-11-01T10:26:11.136,35.95,0.0025020445115134893,0.0014947115841875067,0.0010809769326569053
1635776771146,2021-11-01T10:26:11.146,35.96,0.0025715966098708576,-0.0024997247901004196,0.00216245341794632
1635776771156,2021-11-01T10:26:11.156,35.97,0.0009646613355409555,-0.006071886015038528,0.0018026741582671884
1635776771166,2021-11-01T10:26:11.166,35.98,-0.0022064035125966323,-0.005693455681209,0.00046670039789894086
1635776771176,2021-11-01T10:26:11.176,35.99,-0.00497531490221456,-0.0009712935598934777,-0.00028918582310695696
1635776771186,2021-11-01T10:26:11.186,36.0,-0.005594129356849476,0.003703891128268488,-9.622434275578283e-05
1635776771196,2021-11-01T10:26:11.196,36.01,-0.004965205449334268,0.004163958227850158,0.0003683369042047668
1635776771206,2021-11-01T10:26:11.206,36.02,-0.005196021676356105,0.0012054666474939808,0.0007115888366167074
1635776771216,2021-11-01T10:26:11.216,36.03,-0.006278172052586233,-0.001465522933398417,0.0009720317837336823
1635776771226,2021-11-01T10:26:11.226,36.04,-0.006572719800641337,-0.002121486067096034,0.0008783932194813058
1635776771236,2021-11-01T10:26:11.236,36.05,-0.006018164377769142,-0.0017536450114824652,-0.00019660354027091704
1635776771246,2021-11-01T10:26:11.246,36.06,-0.006037209002388449,-0.0010792511399839097,-0.0019443012340259916
1635776771256,2021-11-01T10:26:11.256,36.07,-0.006641696339072189,0.0005474447726236677,-0.002589587594556789
1635776771266,2021-11-01T10:26:11.266,36.08,-0.006461193694570877,0.0028707930694529776,-0.0011533755641884667
1635776771276,2021-11-01T10:26:11.276,36.09,-0.005303262366839345,0.004094751669464956,0.0006695088664018682
1635776771286,2021-11-01T10:26:11.286,36.1,-0.004234623643213744,0.003918773885018658,0.0008468619479238606
1635776771296,2021-11-01T10:26:11.296,36.11,-0.0035460462883958764,0.004478637772484302,0.00010089340439997966
1635776771306,2021-11-01T10:26:11.306,36.12,-0.0026038900046502704,0.006441495989191838,0.0004257687898420001
1635776771316,2021-11-01T10:26:11.316,36.13,-0.001468234707278583,0.007139580021884133,0.0016612453709634566
1635776771326,2021-11-01T10:26:11.326,36.14,-0.0011608903420895415,0.0048071244730143615,0.0020015238273716138
1635776771336,2021-11-01T10:26:11.336,36.15,-0.0020231751597240017,0.0017813832342670672,0.001058395775494223
1635776771346,2021-11-01T10:26:11.346,36.16,-0.0028023650858241406,0.0009747997356969716,0.00022492335064604543
1635776771356,2021-11-01T10:26:11.356,36.17,-0.00228773337628644,0.0016830294953280346,0.0005605301480475647
1635776771366,2021-11-01T10:26:11.366,36.18,-0.0012048977923096718,0.0015821889781283403,0.0016606326945770497
1635776771376,2021-11-01T10:26:11.376,36.19,-0.0010897235100663706,0.0008485440142061347,0.002300171540982459
1635776771386,2021-11-01T10:26:11.386,36.2,-0.0018393276334993092,0.0014546941484201179,0.0018609694133373475
1635776771396,2021-11-01T10:26:11.396,36.21,-0.0020841005892932997,0.003494561099150521,0.0010147282780801831
1635776771406,2021-11-01T10:26:11.406,36.22,-0.0014666850379385446,0.004625115319534779,0.0006909181551994099
1635776771416,2021-11-01T10:26:11.416,36.23,-0.0008852842360662471,0.003262862070294189,0.001059989048183004
1635776771426,2021-11-01T10:26:11.426,36.24,-0.0009837660945411174,0.0010874547002627604,0.001804052863796484
1635776771436,2021-11-01T10:26:11.436,36.25,-0.0016922100094356382,0.001131594016470156,0.002373193383427089
1635776771446,2021-11-01T10:26:11.446,36.26,-0.002652995693564572,0.0034685862912338184,0.0023184959630751915
1635776771456,2021-11-01T10:26:11.456,36.27,-0.0032634043583316327,0.005221770348968644,0.0020230844187642608
1635776771466,2021-11-01T10:26:11.466,36.28,-0.003075433138943621,0.005395435491639096,0.0019013102180598035
1635776771476,2021-11-01T10:26:11.476,36.29,-0.002580028107218271,0.005991308504242149,0.0012750906907602983
1635776771486,2021-11-01T10:26:11.486,36.3,-0.002684169449584703,0.007570892684287652,-6.244979663830628e-05
1635776771496,2021-11-01T10:26:11.496,36.31,-0.003391644594752638,0.0081202670459695,-0.0007169227397783369
1635776771506,2021-11-01T10:26:11.506,36.32,-0.004037061985048856,0.0068851011184959034,-1.338519712817184e-05
1635776771516,2021-11-01T10:26:11.516,36.33,-0.004594512560190056,0.005148328944411882,0.000793043979748868
1635776771526,2021-11-01T10:26:11.526,36.34,-0.005608328856497866,0.003532742657899538,0.0006318466072201584
1635776771536,2021-11-01T10:26:11.536,36.35,-0.006895318894706633,0.002419112929714213,-0.0003581441291079974
1635776771546,2021-11-01T10:26:11.546,36.36,-0.0073443479265845844,0.0034461220864810925,-0.0015707554882853315
1635776771556,2021-11-01T10:26:11.556,36.37,-0.006301605068845333,0.006534947008893125,-0.0019002956088034681
1635776771566,2021-11-01T10:26:11.566,36.38,-0.004499706638301803,0.008266827904515876,-0.0005753644171797311
1635776771576,2021-11-01T10:26:11.576,36.39,-0.0032905635604309055,0.007286644848028902,0.0009747669331780131
1635776771586,2021-11-01T10:26:11.586,36.4,-0.003364497167164135,0.0069280388093993575,0.0005178494021983727
1635776771596,2021-11-01T10:26:11.596,36.41,-0.004290077052877779,0.00870741922067589,-0.0014576924818691093
1635776771606,2021-11-01T10:26:11.606,36.42,-0.00502259729997968,0.009090040211875011,-0.002349742078996059
1635776771616,2021-11-01T10:26:11.616,36.43,-0.004998198320579593,0.0063009893848327714,-0.001383949040058664
1635776771626,2021-11-01T10:26:11.626,36.44,-0.004743951627213068,0.00404472254962678,-0.0003680649389907991
1635776771636,2021-11-01T10:26:11.636,36.45,-0.005048244353649509,0.00489212244318585,-0.0007602649746306973
1635776771646,2021-11-01T10:26:11.646,36.46,-0.005720724308070161,0.005627232138484909,-0.0018606507787766007
1635776771656,2021-11-01T10:26:11.656,36.47,-0.005884677212230535,0.0029046084618068162,-0.0017920157233645589
1635776771666,2021-11-01T10:26:11.666,36.48,-0.005536181279770936,-0.0009019005131817097,0.00026351555517787625
1635776771676,2021-11-01T10:26:11.676,36.49,-0.0057553787896869974,-0.0014008545364275387,0.0026456188651297506
1635776771686,2021-11-01T10:26:11.686,36.5,-0.006763144531790503,0.0013666216501833804,0.0029752530232404393
1635776771696,2021-11-01T10:26:11.696,36.51,-0.007174186767423612,0.003911040378057459,0.0013910097174368156
1635776771706,2021-11-01T10:26:11.706,36.52,-0.006380964215705608,0.004556457181661549,-3.5217150438290363e-05
1635776771716,2021-11-01T10:26:11.716,36.53,-0.005820902010808329,0.00420879375095652,-0.0005654967936264446
1635776771726,2021-11-01T10:26:11.726,36.54,-0.006343651893384026,0.0034209650634453278,-0.0007809729406453358
1635776771736,2021-11-01T10:26:11.736,36.55,-0.006803997111806527,0.0019759129615223347,-0.0004338473910610143
1635776771746,2021-11-01T10:26:11.746,36.56,-0.006758507241714083,0.00048524084622293424,0.001010013111303104
1635776771756,2021-11-01T10:26:11.756,36.57,-0.007360985753129831,-7.429164389921893e-05,0.0027362617811715097
1635776771766,2021-11-01T10:26:11.766,36.58,-0.008341577904052218,0.00043534651870945617,0.003334638272767869
1635776771776,2021-11-01T10:26:11.776,36.59,-0.007695748327244118,0.0019820118936160727,0.002459719834657791
1635776771786,2021-11-01T10:26:11.786,36.6,-0.00533622062915373,0.004582268254954629,0.0009089910122651398
1635776771796,2021-11-01T10:26:11.796,36.61,-0.0037517224190863688,0.006933980275126389,-0.00031832680977123164
1635776771806,2021-11-01T10:26:11.806,36.62,-0.004341529215059798,0.007232667594168227,-0.0007087767091433315
1635776771816,2021-11-01T10:26:11.816,36.63,-0.005576736152424652,0.006055207434642463,-0.0005076677864739795
1635776771826,2021-11-01T10:26:11.826,36.64,-0.005385581252143036,0.005790344314293108,-0.0004631723027976805
1635776771836,2021-11-01T10:26:11.836,36.65,-0.0038388659522107984,0.006857448669187383,-0.0011665669957463022
1635776771846,2021-11-01T10:26:11.846,36.66,-0.0027094139496812485,0.007082658176150142,-0.0025309400813691204
1635776771856,2021-11-01T10:26:11.856,36.67,-0.002857438755681558,0.005333276384502757,-0.0034623033063968705
1635776771866,2021-11-01T10:26:11.866,36.68,-0.0030738988327764396,0.003773340598560604,-0.0026970293380898006
1635776771876,2021-11-01T10:26:11.876,36.69,-0.002136416455071929,0.004911090102537643,-0.0011086078173210279
1635776771886,2021-11-01T10:26:11.886,36.7,-0.0009096199873756266,0.007242547303013793,-0.0012276869670807041
1635776771896,2021-11-01T10:26:11.896,36.71,-0.0009506408610684641,0.007005559605794477,-0.002875301835336486
1635776771906,2021-11-01T10:26:11.906,36.72,-0.0021144998090015773,0.004307309381913595,-0.0028331985794674626
1635776771916,2021-11-01T10:26:11.916,36.73,-0.003210159786830378,0.0027064458428664433,-0.0005091409700538068
1635776771926,2021-11-01T10:26:11.926,36.74,-0.0038523497041623466,0.0025600844813540406,0.000662036287834158
1635776771936,2021-11-01T10:26:11.936,36.75,-0.004256199228421055,0.0009776747606104101,-0.0010667315977715387
1635776771946,2021-11-01T10:26:11.946,36.76,-0.004356199478398979,-0.0015965212022523891,-0.0032039439677540487
1635776771956,2021-11-01T10:26:11.956,36.77,-0.0041228904123246524,-0.001501595454111291,-0.0034264761216476125
1635776771966,2021-11-01T10:26:11.966,36.78,-0.004053143957428996,0.0013267821547146444,-0.002639000113044256
1635776771976,2021-11-01T10:26:11.976,36.79,-0.004703502697188843,0.002840562781277426,-0.0023566740535056114
1635776771986,2021-11-01T10:26:11.986,36.8,-0.005678553595394705,0.001532578910155841,-0.002197230012692585
1635776771996,2021-11-01T10:26:11.996,36.81,-0.0056235007772435595,0.0003602282907499813,-0.001530011848685258
1635776772006,2021-11-01T10:26:12.006,36.82,-0.004047159663441699,0.0012234377349700134,-0.0010592798599866984
1635776772016,2021-11-01T10:26:12.016,36.83,-0.0025343299608585525,0.0020623999103734124,-0.001183381428953839
1635776772026,2021-11-01T10:26:12.026,36.84,-0.002668911548941526,0.0009341484069615616,-0.0011030808138023326
1635776772036,2021-11-01T10:26:12.036,36.85,-0.0033571960905021464,-0.0008213473666079157,-0.0007098908808570614
1635776772046,2021-11-01T10:26:12.046,36.86,-0.002206286086547556,-0.0011608146092820025,-0.0008836310784791613
1635776772056,2021-11-01T10:26:12.056,36.87,0.0007195554559918582,-0.00017725818181502632,-0.001421445129787888
1635776772066,2021-11-01T10:26:12.066,36.88,0.0026449594063434902,0.0007332466186370991,-0.0012984739542958178
1635776772076,2021-11-01T10:26:12.076,36.89,0.001830669792083715,0.0005928673240405227,-0.0007663229553448603
1635776772086,2021-11-01T10:26:12.086,36.9,-0.000156406802822905,-0.0005355832115793678,-0.0006086229982545561
1635776772096,2021-11-01T10:26:12.096,36.91,-0.0006563270079624274,-0.0017231376998285788,-0.00012024851149311936
1635776772106,2021-11-01T10:26:12.106,36.92,0.0008175481561339117,-0.002273316484746949,0.0017354476921640329
1635776772116,2021-11-01T10:26:12.116,36.93,0.00274180667603696,-0.002486136002211395,0.004038278712300192
1635776772126,2021-11-01T10:26:12.126,36.94,0.004125976287017075,-0.002714474644961569,0.0047994670189255555
1635776772136,2021-11-01T10:26:12.136,36.95,0.0051944422657278205,-0.0026146634818144197,0.0037669731849281256
1635776772146,2021-11-01T10:26:12.146,36.96,0.00601915082745955,-0.0019237737247714748,0.002977497067916609
1635776772156,2021-11-01T10:26:12.156,36.97,0.00621847461139065,-0.0007980521756342674,0.003908746872766333
1635776772166,2021-11-01T10:26:12.166,36.98,0.005919668478792354,0.0005363144529933691,0.00500450018410069
1635776772176,2021-11-01T10:26:12.176,36.99,0.005598420323809917,0.0013674708125861136,0.004091236956962358
1635776772186,2021-11-01T10:26:12.186,37.0,0.00490345058707385,0.0008063035680709724,0.002322766093310516
1635776772196,2021-11-01T10:26:12.196,37.01,0.0029715532492768826,-0.0006021237597770436,0.002094818740196674
1635776772206,2021-11-01T10:26:12.206,37.02,0.0002082169654729454,-0.0011401508820976596,0.0024969555456913835
1635776772216,2021-11-01T10:26:12.216,37.03,-0.0015522316363990245,-0.00020990166411104613,0.0014707827011927093
1635776772226,2021-11-01T10:26:12.226,37.04,-0.001207452163554602,0.0009009020146438297,0.00027897855202580466
1635776772236,2021-11-01T10:26:12.236,37.05,0.000369738696980957,0.0003840075475514246,0.0012357209625298898
1635776772246,2021-11-01T10:26:12.246,37.06,0.0016397226745477195,-0.0023207073455174627,0.0034658293540363845
1635776772256,2021-11-01T10:26:12.256,37.07,0.0018341332890713016,-0.0054849002861023875,0.004352430405915064
1635776772266,2021-11-01T10:26:12.266,37.08,0.0008976044989451406,-0.006491471027050359,0.003351088733025096
1635776772276,2021-11-01T10:26:12.276,37.09,-0.0005548187506421812,-0.0049434011953025225,0.0024806094433131257
1635776772286,2021-11-01T10:26:12.286,37.1,-0.000969071455745156,-0.002573869065636354,0.0033027843842760606
1635776772296,2021-11-01T10:26:12.296,37.11,0.0008253395052702502,4.8357552579530023e-05,0.004233139418943133
1635776772306,2021-11-01T10:26:12.306,37.12,0.0036987455778020395,0.0032249153151350496,0.002893888656427656
1635776772316,2021-11-01T10:26:12.316,37.13,0.005212828124410199,0.005003200261044023,0.0007917649255555353
1635776772326,2021-11-01T10:26:12.326,37.14,0.00480517924303686,0.0035396997230472934,0.0012982632880162597
1635776772336,2021-11-01T10:26:12.336,37.15,0.004362863564776768,0.0014747358361993238,0.003227941371985082
1635776772346,2021-11-01T10:26:12.346,37.16,0.005253197524455925,0.001722513188999764,0.0024377795146916558
1635776772356,2021-11-01T10:26:12.356,37.17,0.006433370559290786,0.0015632975603948407,-0.0005050877902813745
1635776772366,2021-11-01T10:26:12.366,37.18,0.00606527269171651,-0.0017688685995279176,-0.0010849662797044234
1635776772376,2021-11-01T10:26:12.376,37.19,0.0038570417297830945,-0.004203760562399862,0.0011948938912880332
1635776772386,2021-11-01T10:26:12.386,37.2,0.0014422281767641374,-0.0019736271945855963,0.002381958625542452
1635776772396,2021-11-01T10:26:12.396,37.21,0.0005917470735018695,0.0003587679496670454,0.0010530862489697428
1635776772406,2021-11-01T10:26:12.406,37.22,0.0010129486328360878,-0.0023422380672746502,-8.668603658700398e-05
1635776772416,2021-11-01T10:26:12.416,37.23,0.0008637065674876356,-0.006724196956481965,0.0008434321526057519
1635776772426,2021-11-01T10:26:12.426,37.24,-0.00040905562890478444,-0.007199947086906841,0.0024830132676453825
1635776772436,2021-11-01T10:26:12.436,37.25,-0.00147341032278271,-0.00449256914459281,0.002813371745130146
1635776772446,2021-11-01T10:26:12.446,37.26,-0.0012575517514654695,-0.002278667089466633,0.0017288047849761327
1635776772456,2021-11-01T10:26:12.456,37.27,0.00010109951378403,-0.001297606768615206,0.00044807941277430843
1635776772466,2021-11-01T10:26:12.466,37.28,0.0018694418578070987,-0.0006763692504254139,-0.0001280122185563134
1635776772476,2021-11-01T10:26:12.476,37.29,0.002970386775375866,-0.0009042288823397247,0.000443758442604751
1635776772486,2021-11-01T10:26:12.486,37.3,0.002684604350970796,-0.00286966689547996,0.0022270584243015523
1635776772496,2021-11-01T10:26:12.496,37.31,0.0018395883428560453,-0.005724934413179714,0.004139931469381177
1635776772506,2021-11-01T10:26:12.506,37.32,0.0019376138318725066,-0.007347472867627377,0.004664098292993152
1635776772516,2021-11-01T10:26:12.516,37.33,0.002722294079243213,-0.006801048305351224,0.003961299459500882
1635776772526,2021-11-01T10:26:12.526,37.34,0.002439440046920397,-0.0050928525110955905,0.0034699537175323456
1635776772536,2021-11-01T10:26:12.536,37.35,0.001140580040037184,-0.0033421070610493847,0.0032688783064990703
1635776772546,2021-11-01T10:26:12.546,37.36,0.001159438397310232,-0.0019233678687262795,0.0021782242773393527
1635776772556,2021-11-01T10:26:12.556,37.37,0.002908888356877737,-0.0012837674657435422,0.0005206247826038193
1635776772566,2021-11-01T10:26:12.566,37.38,0.0034948220731456517,-0.0014767232360175368,9.051355407290005e-05
1635776772576,2021-11-01T10:26:12.576,37.39,0.001602437727311889,-0.0017005457358835571,0.0008900127289135347
1635776772586,2021-11-01T10:26:12.586,37.4,2.2345947283501644e-05,-0.0021630375193277865,0.0005068095791557124
1635776772596,2021-11-01T10:26:12.596,37.41,0.0009827227065025985,-0.004111452213395844,-0.002071594195668457
1635776772606,2021-11-01T10:26:12.606,37.42,0.002845164994567438,-0.00649452210852884,-0.004313571455927883
1635776772616,2021-11-01T10:26:12.616,37.43,0.0036461114974239124,-0.006369633232800919,-0.003630369892272213
1635776772626,2021-11-01T10:26:12.626,37.44,0.0041205947445933575,-0.0037569994722709424,-0.0011100439561562991
1635776772636,2021-11-01T10:26:12.636,37.45,0.0051787666776059674,-0.0017433494993902914,0.0002550949791436407
1635776772646,2021-11-01T10:26:12.646,37.46,0.005686091313162073,-0.0014806442793515956,-0.0005330649401818889
1635776772656,2021-11-01T10:26:12.656,37.47,0.004534612451115175,-0.0014031249976836442,-0.002054680466563847
1635776772666,2021-11-01T10:26:12.666,37.48,0.0026248431297118467,-0.001069662665380092,-0.002672083390279814
1635776772676,2021-11-01T10:26:12.676,37.49,0.0015215476065900157,-0.0018974695769040676,-0.0021516671263481363
1635776772686,2021-11-01T10:26:12.686,37.5,0.0014864339490584023,-0.0040871815465236576,-0.0015464105117863765
1635776772696,2021-11-01T10:26:12.696,37.51,0.001743381974713713,-0.0055751726788333894,-0.0015903391802365532
1635776772706,2021-11-01T10:26:12.706,37.52,0.0019616417173908426,-0.004848515701730824,-0.0019015977765412524
1635776772716,2021-11-01T10:26:12.716,37.53,0.002452690617134003,-0.003239337049596022,-0.00204317638073776
1635776772726,2021-11-01T10:26:12.726,37.54,0.0030790973461865493,-0.0027656641774740755,-0.0018550351041167045
1635776772736,2021-11-01T10:26:12.736,37.55,0.003243401085797781,-0.0029664801867040043,-0.0011523990176876293
1635776772746,2021-11-01T10:26:12.746,37.56,0.0032187494273165644,-0.002566123151841629,-0.0008004178610044501
1635776772756,2021-11-01T10:26:12.756,37.57,0.0040981106471246346,-0.002589375414945072,-0.0022442531766266372
1635776772766,2021-11-01T10:26:12.766,37.58,0.005853694675161789,-0.00415499855858854,-0.004601338827392369
1635776772776,2021-11-01T10:26:12.776,37.59,0.006760230429502608,-0.005105151963951591,-0.005343494892885939
1635776772786,2021-11-01T10:26:12.786,37.6,0.005655139710234527,-0.002919775255825067,-0.004484892570927463
1635776772796,2021-11-01T10:26:12.796,37.61,0.003756435342152852,0.0006392668080722499,-0.0042637811571678945
1635776772806,2021-11-01T10:26:12.806,37.62,0.003051659003588496,0.00162236964707376,-0.004998638072085985
1635776772816,2021-11-01T10:26:12.816,37.63,0.003700496560592682,-0.00045490005152166595,-0.005211105914380558
1635776772826,2021-11-01T10:26:12.826,37.64,0.0044379210077258625,-0.0023588430447022825,-0.004838294343739928
1635776772836,2021-11-01T10:26:12.836,37.65,0.004747115232753641,-0.002090186673665806,-0.004940377721518552
1635776772846,2021-11-01T10:26:12.846,37.66,0.005001531427560206,-0.0011637289662896238,-0.0054703626948281936
1635776772856,2021-11-01T10:26:12.856,37.67,0.005115554736284725,-0.001474983417246973,-0.0055852911530786965
1635776772866,2021-11-01T10:26:12.866,37.68,0.004696400590658234,-0.0024002403014530592,-0.005071450388008582
1635776772876,2021-11-01T10:26:12.876,37.69,0.004129811345458893,-0.0024887385112885552,-0.004474890962321531
1635776772886,2021-11-01T10:26:12.886,37.7,0.004205831780785311,-0.002262962805849926,-0.0045112085795924245
1635776772896,2021-11-01T10:26:12.896,37.71,0.004928395035401605,-0.0031539527783899833,-0.005191165801981536
1635776772906,2021-11-01T10:26:12.906,37.72,0.005479988479225926,-0.004511614212425882,-0.005316294251241796
1635776772916,2021-11-01T10:26:12.916,37.73,0.005162978056180512,-0.0042454262753934754,-0.0039039552903596536
1635776772926,2021-11-01T10:26:12.926,37.74,0.004189493780745205,-0.0024335551050196085,-0.0019500954512114061
1635776772936,2021-11-01T10:26:12.936,37.75,0.003603163263650265,-0.0016639683407575299,-0.0012683238527496088
1635776772946,2021-11-01T10:26:12.946,37.76,0.003962095250530881,-0.0032490753954207015,-0.0020415036694893473
1635776772956,2021-11-01T10:26:12.956,37.77,0.004383534064046842,-0.005444194016812785,-0.0029254107818673537
1635776772966,2021-11-01T10:26:12.966,37.78,0.0039919157757691524,-0.006210656351950582,-0.0029246492719580503
1635776772976,2021-11-01T10:26:12.976,37.79,0.003480529454837184,-0.005845617580602227,-0.00222746919240255
1635776772986,2021-11-01T10:26:12.986,37.8,0.003675636847671422,-0.005524775290668025,-0.0017159757809280824
1635776772996,2021-11-01T10:26:12.996,37.81,0.003934283393927831,-0.004683154326775787,-0.001915898086610774
1635776773006,2021-11-01T10:26:13.006,37.82,0.003571590587155232,-0.002782498580571364,-0.002189329798469787
1635776773016,2021-11-01T10:26:13.016,37.83,0.003233702235090439,-0.0026045126270166498,-0.0014624443456019232
1635776773026,2021-11-01T10:26:13.026,37.84,0.0037166644623650626,-0.006191925264433895,-3.688142861208289e-05
1635776773036,2021-11-01T10:26:13.036,37.85,0.004905989947737557,-0.008629676023449483,0.00024863569779940017
1635776773046,2021-11-01T10:26:13.046,37.86,0.006194145459505399,-0.004518462191083577,-0.001609245504499378
1635776773056,2021-11-01T10:26:13.056,37.87,0.006866145372168002,0.0012171823213648779,-0.0038848267522262315
1635776773066,2021-11-01T10:26:13.066,37.88,0.006559994796512257,0.0004923408933181754,-0.00384806903331249
1635776773076,2021-11-01T10:26:13.076,37.89,0.005860268305717197,-0.003037471292084015,-0.0016486344687269643
1635776773086,2021-11-01T10:26:13.086,37.9,0.005325642494564441,-0.00028755436152945186,-0.0006842391019215326
1635776773096,2021-11-01T10:26:13.096,37.91,0.004196400709860814,0.005765154419440484,-0.0026520892474155063
1635776773106,2021-11-01T10:26:13.106,37.92,0.0018839714363602426,0.0045556058740879824,-0.004622630110363351
1635776773116,2021-11-01T10:26:13.116,37.93,-0.0001258975287952453,-0.00347597110116346,-0.003577823520138841
1635776773126,2021-11-01T10:26:13.126,37.94,-0.00021738803385296066,-0.007958640699363796,-0.0011420631745143836
1635776773136,2021-11-01T10:26:13.136,37.95,0.0005353827496008373,-0.005262879381639287,-0.0005503618559190456
1635776773146,2021-11-01T10:26:13.146,37.96,-0.00019170846171335815,-0.0010078841593968912,-0.0014817332188071836
1635776773156,2021-11-01T10:26:13.156,37.97,-0.0026385352599871724,0.0010626620253450106,-0.001446248959996619
1635776773166,2021-11-01T10:26:13.166,37.98,-0.004915919571601377,0.0020577441378090604,-0.0003529677484078191
1635776773176,2021-11-01T10:26:13.176,37.99,-0.005460778059699932,0.0023846902700775012,-0.0002760166417701627
1635776773186,2021-11-01T10:26:13.186,38.0,-0.00413618955422304,0.0010149110515252312,-0.0016764807018304767
1635776773196,2021-11-01T10:26:13.196,38.01,-0.0018282169090606754,-0.0014654830820792632,-0.002710601841412405
1635776773206,2021-11-01T10:26:13.206,38.02,-0.00015392589121434322,-0.0034179511982542115,-0.002196239460557235
1635776773216,2021-11-01T10:26:13.216,38.03,-0.00042928152011521104,-0.004072521191145966,-0.0010518158147158666
1635776773226,2021-11-01T10:26:13.226,38.04,-0.0020342832814700413,-0.0032390072722214983,-0.0004677535658435388
1635776773236,2021-11-01T10:26:13.236,38.05,-0.0031244938542530788,-0.0011653787870588251,-0.0007047495950205083
1635776773246,2021-11-01T10:26:13.246,38.06,-0.003088844502782274,0.0008173235970078958,-0.0018604411470735465
1635776773256,2021-11-01T10:26:13.256,38.07,-0.002707928242643621,0.0014363083555645622,-0.0033959144364237347
1635776773266,2021-11-01T10:26:13.266,38.08,-0.002351387233364821,0.0012977116752810101,-0.003385636867133198
1635776773276,2021-11-01T10:26:13.276,38.09,-0.0015407735415643052,0.0017528050978513061,-0.0012973803085866067
1635776773286,2021-11-01T10:26:13.286,38.1,5.5480529444659125e-05,0.0020394874809472425,-6.077702912580754e-05
1635776773296,2021-11-01T10:26:13.296,38.11,0.0018533864806618608,9.13643097403353e-05,-0.0015832537370978172
1635776773306,2021-11-01T10:26:13.306,38.12,0.002713372898004216,-0.003102656570239529,-0.002697120732032573
1635776773316,2021-11-01T10:26:13.316,38.13,0.002507203479279696,-0.0033857252886818068,-7.827498347893634e-05
1635776773326,2021-11-01T10:26:13.326,38.14,0.002671301027552529,0.00025974818966879865,0.0038359794546983113
1635776773336,2021-11-01T10:26:13.336,38.15,0.004058754759467919,0.0030274967985977888,0.004550360537150519
1635776773346,2021-11-01T10:26:13.346,38.16,0.005304675879217733,0.0009348933010383607,0.002176318453669862
1635776773356,2021-11-01T10:26:13.356,38.17,0.004871519089767968,-0.003413531505868286,0.0002713126505582546
1635776773366,2021-11-01T10:26:13.366,38.18,0.0035021658850264677,-0.005162045527422287,0.0005614063248868419
1635776773376,2021-11-01T10:26:13.376,38.19,0.0027053822908948465,-0.004123406774540293,0.0019410932441177218
1635776773386,2021-11-01T10:26:13.386,38.2,0.002141551854758378,-0.0034548039415311857,0.002856996457891573
1635776773396,2021-11-01T10:26:13.396,38.21,0.0009342309006717695,-0.0037966880874634123,0.0027860139913314765
1635776773406,2021-11-01T10:26:13.406,38.22,-0.00012948523404001814,-0.0031521775094697823,0.002216074040493988
1635776773416,2021-11-01T10:26:13.416,38.23,-0.00042556037420725065,-0.0013152853441174188,0.0015669921460608977
1635776773426,2021-11-01T10:26:13.426,38.24,-0.001156268677040408,-0.00017245140910166572,0.00047305947673308005
1635776773436,2021-11-01T10:26:13.436,38.25,-0.002652451363099917,-0.0005061110266974412,-0.0008055848928239469
1635776773446,2021-11-01T10:26:13.446,38.26,-0.0030817270220939684,-0.0017311698590876609,-0.0009144483830829339
1635776773456,2021-11-01T10:26:13.456,38.27,-0.001832435257523368,-0.00311216672973869,-0.0002710174462792913
1635776773466,2021-11-01T10:26:13.466,38.28,-0.0007521533216274651,-0.0032354727474041825,-0.0013089387243893458
1635776773476,2021-11-01T10:26:13.476,38.29,-0.0009061087330546447,-0.0010497106148878404,-0.0037789144065286133
1635776773486,2021-11-01T10:26:13.486,38.3,-0.0014533250490000034,0.0017313552818848657,-0.004100249231875139
1635776773496,2021-11-01T10:26:13.496,38.31,-0.0017452262829376628,0.0023901111925138867,-0.0012317842509136164
1635776773506,2021-11-01T10:26:13.506,38.32,-0.0016042505804819735,0.0009627819204050551,0.001363354883674052
1635776773516,2021-11-01T10:26:13.516,38.33,-0.0004213639739025844,-0.0003632751565521429,0.0010125166158996102
1635776773526,2021-11-01T10:26:13.526,38.34,0.001862003212237152,-0.00030447575339054604,-0.00067666772335602
1635776773536,2021-11-01T10:26:13.536,38.35,0.004006148209607491,0.00045319940115012727,-0.0008127620407112788
1635776773546,2021-11-01T10:26:13.546,38.36,0.004740871275387681,6.530082133072919e-06,0.0006847056084128389
1635776773556,2021-11-01T10:26:13.556,38.37,0.0040494036147350155,-0.002509117223425637,0.0015405618612876185
1635776773566,2021-11-01T10:26:13.566,38.38,0.0030835718875095214,-0.004953879228761083,0.000855401007240419
1635776773576,2021-11-01T10:26:13.576,38.39,0.0028893770861760744,-0.004626620640156691,0.00022781592933836126
1635776773586,2021-11-01T10:26:13.586,38.4,0.003310939095869581,-0.0021935325978225517,0.0006587608031222747
1635776773596,2021-11-01T10:26:13.596,38.41,0.0038354761038535932,-0.0002407938166523106,0.0008633942103952722
1635776773606,2021-11-01T10:26:13.606,38.42,0.004705565284394891,0.0006022702562562466,-8.626325377528572e-05
1635776773616,2021-11-01T10:26:13.616,38.43,0.005767024778106139,0.0010660924342274002,-0.0008015519230759528
1635776773626,2021-11-01T10:26:13.626,38.44,0.005657114231603038,0.0008934025471116519,0.00023823067998849403
1635776773636,2021-11-01T10:26:13.636,38.45,0.003815144791420061,-0.000101365052216341,0.002105268643996338
1635776773646,2021-11-01T10:26:13.646,38.46,0.0016290044480189734,-0.0006471699213919628,0.0025523215327079496
1635776773656,2021-11-01T10:26:13.656,38.47,0.00040133789620110517,3.461099130599337e-05,0.001230205396942329
1635776773666,2021-11-01T10:26:13.666,38.48,2.5555979458261894e-05,0.0006522808594813461,9.612668451234796e-05
1635776773676,2021-11-01T10:26:13.676,38.49,0.00010442578453180739,2.927576213094377e-05,0.0002778967718314467
1635776773686,2021-11-01T10:26:13.686,38.5,0.0003831569168262734,-0.000805601887424124,0.000630049267771772
1635776773696,2021-11-01T10:26:13.696,38.51,0.00015132740960360284,-0.0004455334008999681,0.00010809843606919241
1635776773706,2021-11-01T10:26:13.706,38.52,-0.0009951026680615502,0.00039117112381944173,-0.0008161513489894848
1635776773716,2021-11-01T10:26:13.716,38.53,-0.002272668776291462,5.842899821750479e-05,-0.001637766180879423
1635776773726,2021-11-01T10:26:13.726,38.54,-0.002937611394172657,-0.0009495258464241135,-0.0024380023983165697
1635776773736,2021-11-01T10:26:13.736,38.55,-0.003378819752932964,-0.0003532671962273761,-0.0029693882632908114
1635776773746,2021-11-01T10:26:13.746,38.56,-0.0038993432368894763,0.0017768457501433693,-0.002866050912881732
1635776773756,2021-11-01T10:26:13.756,38.57,-0.0036650522575803358,0.0021295644546454598,-0.0022836396559808804
1635776773766,2021-11-01T10:26:13.766,38.58,-0.001687121443862499,-0.0003362905030912306,-0.0013425693659713865
1635776773776,2021-11-01T10:26:13.776,38.59,0.0016731826643407804,-0.0017808398447680075,-0.00010021334297286759
1635776773786,2021-11-01T10:26:13.786,38.6,0.004019681706747943,0.0002551028797516234,0.0005084422197821445
1635776773796,2021-11-01T10:26:13.796,38.61,0.002682904805631388,0.0028657225919754173,-0.0004477236885790794
1635776773806,2021-11-01T10:26:13.806,38.62,-0.0012216013576323444,0.0035534391399711187,-0.0020221303221443204
1635776773816,2021-11-01T10:26:13.816,38.63,-0.0031280256615352172,0.00382631397579641,-0.002515447346749751
1635776773826,2021-11-01T10:26:13.826,38.64,-0.0019245397244499174,0.004198176633322941,-0.0019760647279334627
1635776773836,2021-11-01T10:26:13.836,38.65,-0.001810844891306184,0.0026462419009890114,-0.001543574251162324
1635776773846,2021-11-01T10:26:13.846,38.66,-0.004403515317242425,-0.00020089967485845096,-0.0013226048115813477
1635776773856,2021-11-01T10:26:13.856,38.67,-0.005612516219035941,-0.001245376561204943,-0.0007278816933362887
1635776773866,2021-11-01T10:26:13.866,38.68,-0.0033421565879399266,-0.0005814935415177655,-1.0716307348664257e-05
1635776773876,2021-11-01T10:26:13.876,38.69,-0.0013088204792350078,-0.0006733590217562375,6.354230127491182e-05
1635776773886,2021-11-01T10:26:13.886,38.7,-0.0027796636623533353,-0.0007701941477196625,-0.00023498970376240698
1635776773896,2021-11-01T10:26:13.896,38.71,-0.0059737906003366386,0.0019031777016723112,0.0002644951620532587
1635776773906,2021-11-01T10:26:13.906,38.72,-0.006958204262658219,0.006313136318860857,0.0015695553651177598
1635776773916,2021-11-01T10:26:13.916,38.73,-0.004273601846681489,0.008025917795724808,0.0022249157001682234
1635776773926,2021-11-01T10:26:13.926,38.74,-0.0004069949131983426,0.0049415148748712875,0.0017531453436698495
1635776773936,2021-11-01T10:26:13.936,38.75,0.001085954284064169,-0.0006586872855325913,0.0012909014284121882
1635776773946,2021-11-01T10:26:13.946,38.76,-8.475704910090685e-05,-0.005047387186374871,0.0013661770396871395
1635776773956,2021-11-01T10:26:13.956,38.77,-0.0011616672665992582,-0.00597955475939646,0.0015055268814070741
1635776773966,2021-11-01T10:26:13.966,38.78,-0.0007918331214640386,-0.0036273685805230348,0.0018644859323121384
1635776773976,2021-11-01T10:26:13.976,38.79,-0.00043036845530189204,-0.00017726038959265202,0.002711344403160743
1635776773986,2021-11-01T10:26:13.986,38.8,-0.0009573212376297948,0.002115636371715935,0.0030930201216686796
1635776773996,2021-11-01T10:26:13.996,38.81,-0.0010537254540147702,0.0033754221065796426,0.0022683273190259898
1635776774006,2021-11-01T10:26:14.006,38.82,-0.00017830886984918342,0.005535024313730987,0.001230621626321531
1635776774016,2021-11-01T10:26:14.016,38.83,-5.8534532197525394e-05,0.00852874002982224,0.0010734644829188688
1635776774026,2021-11-01T10:26:14.026,38.84,-0.0013401807843614357,0.009188740042213293,0.0013165255855699242
1635776774036,2021-11-01T10:26:14.036,38.85,-0.001997268233051426,0.0056438260939694375,0.0011852395997647973
1635776774046,2021-11-01T10:26:14.046,38.86,-0.0010497354549592415,0.000605281194368206,0.0011255420747644347
1635776774056,2021-11-01T10:26:14.056,38.87,-0.0002795867561789686,-0.0017214543253963478,0.0017616716393373721
1635776774066,2021-11-01T10:26:14.066,38.88,-0.0007006764779606146,-0.000370049327461956,0.0023704603427760597
1635776774076,2021-11-01T10:26:14.076,38.89,-0.0011864696331152125,0.002107659853058836,0.0018150298487894956
1635776774086,2021-11-01T10:26:14.086,38.9,-0.00141383326319019,0.0031318984608379886,0.0005852339586704283
1635776774096,2021-11-01T10:26:14.096,38.91,-0.0021863984349789565,0.002733516646175618,0.0004119588556677529
1635776774106,2021-11-01T10:26:14.106,38.92,-0.002879000604474785,0.0022559187331347577,0.0016959002219572254
1635776774116,2021-11-01T10:26:14.116,38.93,-0.002478234509878138,0.0015836824989096964,0.002850304344408068
1635776774126,2021-11-01T10:26:14.126,38.94,-0.0022010922940939,-8.188231011197508e-05,0.0026693664728160964
1635776774136,2021-11-01T10:26:14.136,38.95,-0.0034306407579718637,-0.001421551226894173,0.0016291668523108235
1635776774146,2021-11-01T10:26:14.146,38.96,-0.00488738574772113,-0.000342019628294549,0.0004514372460245593
1635776774156,2021-11-01T10:26:14.156,38.97,-0.00490956962481697,0.0019869154493216074,-0.00044862867516283104
1635776774166,2021-11-01T10:26:14.166,38.98,-0.003962177914747259,0.0023263780656668266,-8.192509851333657e-05
1635776774176,2021-11-01T10:26:14.176,38.99,-0.0028323030504784786,0.000786808105488059,0.0017993012933796783
1635776774186,2021-11-01T10:26:14.186,39.0,-0.0016151429325968862,0.0005461755726733513,0.0028412567897430742
1635776774196,2021-11-01T10:26:14.196,39.01,-0.001383474882627138,0.0020759186114890278,0.000800332960894773
1635776774206,2021-11-01T10:26:14.206,39.02,-0.003032389234118515,0.002801159339760303,-0.0021568240326766013
1635776774216,2021-11-01T10:26:14.216,39.03,-0.004574549853790775,0.0022267159900179762,-0.00165292066499597
1635776774226,2021-11-01T10:26:14.226,39.04,-0.0035442035062993333,0.0020872560872411037,0.0019952873066292984
1635776774236,2021-11-01T10:26:14.236,39.05,-0.0011162259304383318,0.002325424110309704,0.003424334726239755
1635776774246,2021-11-01T10:26:14.246,39.06,-4.554161480672359e-05,0.0018684209066538934,0.0002556980528045336
1635776774256,2021-11-01T10:26:14.256,39.07,-0.00022496245573603988,0.0016749196818059307,-0.003170455898750223
1635776774266,2021-11-01T10:26:14.266,39.08,3.776088678642064e-05,0.0027758620477123163,-0.0023944792329083555
1635776774276,2021-11-01T10:26:14.276,39.09,0.00040941556144836664,0.003737595773527558,0.001181270155204865
1635776774286,2021-11-01T10:26:14.286,39.1,-0.0002948551473218415,0.0032945213404910944,0.0033861540231348037
1635776774296,2021-11-01T10:26:14.296,39.11,-0.0013396388855008632,0.002583528742102591,0.00297456459336278
1635776774306,2021-11-01T10:26:14.306,39.12,-0.0013348091507430103,0.0026797935405952085,0.0019647295270944403
1635776774316,2021-11-01T10:26:14.316,39.13,-0.0003739187776367849,0.002821128310357968,0.002237785383592439
1635776774326,2021-11-01T10:26:14.326,39.14,0.0009309129215292144,0.002201565230811251,0.0037366658766757417
1635776774336,2021-11-01T10:26:14.336,39.15,0.002442607212465496,0.0012641664396014817,0.005408171673820593
1635776774346,2021-11-01T10:26:14.346,39.16,0.003474948762053967,0.0007200876973966397,0.006392647785047561
1635776774356,2021-11-01T10:26:14.356,39.17,0.0031560935098695784,0.0006179191167743261,0.006279671043996271
1635776774366,2021-11-01T10:26:14.366,39.18,0.002309349113701172,0.0006241847345043741,0.005294640444171101
1635776774376,2021-11-01T10:26:14.376,39.19,0.002325565462196896,0.0005687999974415942,0.004227273955721195
1635776774386,2021-11-01T10:26:14.386,39.2,0.0024360795904427544,0.0005005183907886055,0.003521985638380321
1635776774396,2021-11-01T10:26:14.396,39.21,0.001157626383128418,0.0006372293334131977,0.002904823176133297
1635776774406,2021-11-01T10:26:14.406,39.22,-0.0007929020295961845,0.001351117185452581,0.0022817299545226754
1635776774416,2021-11-01T10:26:14.416,39.23,-0.0021951191892454966,0.0026439452813509902,0.002088197576651497
1635776774426,2021-11-01T10:26:14.426,39.24,-0.003682226677883503,0.003808287936924102,0.002397322927821091
1635776774436,2021-11-01T10:26:14.436,39.25,-0.005668643794207507,0.004256574415942662,0.0024903118970101635
1635776774446,2021-11-01T10:26:14.446,39.26,-0.0069080969366328016,0.00421245694480366,0.0017353866124551484
1635776774456,2021-11-01T10:26:14.456,39.27,-0.007083474607604648,0.0040738986998963885,0.000655257296413831
1635776774466,2021-11-01T10:26:14.466,39.28,-0.007570766808924191,0.0036287299909659584,0.0005120098388868222
1635776774476,2021-11-01T10:26:14.476,39.29,-0.008427396575014297,0.002096856074238935,0.0015654253584164348
1635776774486,2021-11-01T10:26:14.486,39.3,-0.00785211312331114,-0.0008007322627721563,0.0027487617488487323
1635776774496,2021-11-01T10:26:14.496,39.31,-0.0055515647541553425,-0.00312845171962688,0.003389019423113312
1635776774506,2021-11-01T10:26:14.506,39.32,-0.003903947864755202,-0.0017768921378232875,0.003625468187747484
1635776774516,2021-11-01T10:26:14.516,39.33,-0.0045681886322297,0.0026089334653619676,0.003200121519730533
1635776774526,2021-11-01T10:26:14.526,39.34,-0.005760857660920388,0.004713345142524028,0.002178516528289435
1635776774536,2021-11-01T10:26:14.536,39.35,-0.00477584195947559,0.0020506014991709016,0.0020974126115458564
1635776774546,2021-11-01T10:26:14.546,39.36,-0.0021343562753781704,-0.000674531885624331,0.0034793004639969887
1635776774556,2021-11-01T10:26:14.556,39.37,-0.000639037248909755,0.000873363112185757,0.003937879971180884
1635776774566,2021-11-01T10:26:14.566,39.38,-0.0012475352613050598,0.003773931976862609,0.0019226766941500182
1635776774576,2021-11-01T10:26:14.576,39.39,-0.0027571797834517026,0.0037620817547059622,-0.0004267905799061007
1635776774586,2021-11-01T10:26:14.586,39.4,-0.004426355165153243,0.0025036876173003776,-0.0012462676621443542
1635776774596,2021-11-01T10:26:14.596,39.41,-0.006357283158370593,0.003187741790088582,-0.0021729455917390184
1635776774606,2021-11-01T10:26:14.606,39.42,-0.007968839551166725,0.0041766607710202325,-0.0045684275497905776
1635776774616,2021-11-01T10:26:14.616,39.43,-0.007817760950503997,0.0028290398111369343,-0.006078479386817189
1635776774626,2021-11-01T10:26:14.626,39.44,-0.005752890843525766,0.0009509282191872504,-0.004185678792112828
1635776774636,2021-11-01T10:26:14.636,39.45,-0.00440188929007927,0.0013591757945469992,-0.000725925651593808
1635776774646,2021-11-01T10:26:14.646,39.46,-0.005983065050730955,0.0033908605288459053,0.0004760213837582307
1635776774656,2021-11-01T10:26:14.656,39.47,-0.008290453580574727,0.005545570774204299,-0.000769737955749258
1635776774666,2021-11-01T10:26:14.666,39.48,-0.007805051807184681,0.007647849732432627,-0.0013294482438894824
1635776774676,2021-11-01T10:26:14.676,39.49,-0.005666383589622103,0.00829977020855162,-0.0001548578714727089
1635776774686,2021-11-01T10:26:14.686,39.5,-0.005437970840554727,0.005886534215235745,0.0006151597342051046
1635776774696,2021-11-01T10:26:14.696,39.51,-0.006498963161520368,0.0023481736692593748,-2.708707532758631e-05
1635776774706,2021-11-01T10:26:14.706,39.52,-0.005438966560306658,0.00043639645698092974,-0.00048085280653704834
1635776774716,2021-11-01T10:26:14.716,39.53,-0.0025139382645445294,-0.0006205127620715588,0.0002440506780377451
1635776774726,2021-11-01T10:26:14.726,39.54,-0.001081598437995953,-0.0017592278950596448,0.0011268012813541869
1635776774736,2021-11-01T10:26:14.736,39.55,-0.0017333903586143288,-0.0005320277205093311,0.0013186849398364477
1635776774746,2021-11-01T10:26:14.746,39.56,-0.0019205162327407916,0.004057735853686508,0.0011044978103592993
1635776774756,2021-11-01T10:26:14.756,39.57,-0.000909220306398412,0.007570484049177222,0.000601418506973767
1635776774766,2021-11-01T10:26:14.766,39.58,-0.0009522910244005647,0.0062337070358193455,-0.0003900803974670237
1635776774776,2021-11-01T10:26:14.776,39.59,-0.003147237349872238,0.0031825870643672855,-0.0014593944236584307
1635776774786,2021-11-01T10:26:14.786,39.6,-0.005225364868046216,0.003256637315494716,-0.0019740368779875644
1635776774796,2021-11-01T10:26:14.796,39.61,-0.0045022415856991954,0.005176212058027798,-0.0018604747469634078
1635776774806,2021-11-01T10:26:14.806,39.62,-0.0013140017190625534,0.00454055841247571,-0.0013157505662701118
1635776774816,2021-11-01T10:26:14.816,39.63,0.0015479259961833803,0.0015768639748202228,-0.0005742743804561004
1635776774826,2021-11-01T10:26:14.826,39.64,0.002216747537205904,0.0003732736375353788,-9.185695781393179e-05
1635776774836,2021-11-01T10:26:14.836,39.65,0.0014395219191908819,0.0022975513772699016,-6.735683975298806e-05
1635776774846,2021-11-01T10:26:14.846,39.66,0.0007460405284403981,0.004699802540458991,4.3860634049591405e-05
1635776774856,2021-11-01T10:26:14.856,39.67,0.0005529140307620371,0.0050737028803050695,0.0007480452347138806
1635776774866,2021-11-01T10:26:14.866,39.68,0.0008454865509793252,0.00332700918879298,0.0015859018734497188
1635776774876,2021-11-01T10:26:14.876,39.69,0.0016409775491872283,0.0008109778351365994,0.0017914816331769648
1635776774886,2021-11-01T10:26:14.886,39.7,0.0018716163474853335,-0.0009670153321263258,0.001559344863945277
1635776774896,2021-11-01T10:26:14.896,39.71,0.0002672007917212221,-0.0014248039785614694,0.0016999882801771611
1635776774906,2021-11-01T10:26:14.906,39.72,-0.002215213049904938,-0.0012037732441004911,0.0021213624381996752
1635776774916,2021-11-01T10:26:14.916,39.73,-0.0036265369484852405,-0.0008840200771221423,0.0017687746818049398
1635776774926,2021-11-01T10:26:14.926,39.74,-0.004138855747421218,-0.00029119110489487295,0.00041492158868589084
1635776774936,2021-11-01T10:26:14.936,39.75,-0.004810263849556897,0.0007360885242871115,-0.0007043608094914844
1635776774946,2021-11-01T10:26:14.946,39.76,-0.004903078976636447,0.002097745224417261,-0.0007706353529367107
1635776774956,2021-11-01T10:26:14.956,39.77,-0.003677381078790929,0.0032292816037927372,-0.0004879255514550316
1635776774966,2021-11-01T10:26:14.966,39.78,-0.0024711073109069956,0.002678540443045533,-0.00047956586425116883
1635776774976,2021-11-01T10:26:14.976,39.79,-0.0022386378732721984,0.00011485269579382092,-0.0003216960232951592
1635776774986,2021-11-01T10:26:14.986,39.8,-0.001793117160147092,-0.0015376569905685238,0.0001038039564593172
1635776774996,2021-11-01T10:26:14.996,39.81,-0.0005276793356949611,0.0005552297894234187,0.00016057189283478487
1635776775006,2021-11-01T10:26:15.006,39.82,-6.178141158863157e-07,0.004295788107035581,-1.5495680181286877e-05
1635776775016,2021-11-01T10:26:15.016,39.83,-0.0010561348235415074,0.005116327417841513,0.0006991123366085527
1635776775026,2021-11-01T10:26:15.026,39.84,-0.0019162429560814836,0.002323922644605773,0.002364574091840704
1635776775036,2021-11-01T10:26:15.036,39.85,-0.0009400451112298973,-0.0012591346652159638,0.003402606107367101
1635776775046,2021-11-01T10:26:15.046,39.86,0.0007764591529552086,-0.004314528331248898,0.002930162801528249
1635776775056,2021-11-01T10:26:15.056,39.87,0.0013455829734464997,-0.00665653961306008,0.0018863974299703668
1635776775066,2021-11-01T10:26:15.066,39.88,0.0009427046072285791,-0.006382113743016003,0.0013595921755045625
1635776775076,2021-11-01T10:26:15.076,39.89,0.0010922144282435927,-0.003191698654261453,0.0017100376185462478
1635776775086,2021-11-01T10:26:15.086,39.9,0.002379303984198197,-0.0011543754231886172,0.0029568135212771495
1635776775096,2021-11-01T10:26:15.096,39.91,0.004159382800451411,-0.002615438470051551,0.00433814525883844
1635776775106,2021-11-01T10:26:15.106,39.92,0.005681793913285858,-0.00407544073684538,0.0048037968165405565
1635776775116,2021-11-01T10:26:15.116,39.93,0.0065032711061740744,-0.002858269781016515,0.004743750502995046
1635776775126,2021-11-01T10:26:15.126,39.94,0.006365407941373941,-0.001717696460793032,0.00513880648562905
1635776775136,2021-11-01T10:26:15.136,39.95,0.0055069530919566526,-0.0024885233613678617,0.005365014918426777
1635776775146,2021-11-01T10:26:15.146,39.96,0.004649743600331972,-0.0019963397804868247,0.004352587492429888
1635776775156,2021-11-01T10:26:15.156,39.97,0.004162811025147919,0.0011730455619383855,0.0027413587957013496
1635776775166,2021-11-01T10:26:15.166,39.98,0.003857593491312765,0.0024835479693666534,0.0017155111107693595
1635776775176,2021-11-01T10:26:15.176,39.99,0.003746070405291269,-0.0008129762517568751,0.0013770194019436521
1635776775186,2021-11-01T10:26:15.186,40.0,0.004066648030842399,-0.0038098884555476226,0.0015403688707972415
1635776775196,2021-11-01T10:26:15.196,40.01,0.004411230137314228,-0.001855320933151249,0.002141021237829205
1635776775206,2021-11-01T10:26:15.206,40.02,0.0038519776015891747,0.0010599132134584697,0.002452464835440862
1635776775216,2021-11-01T10:26:15.216,40.03,0.0024066322364027833,-0.001210112013057507,0.0018506598226046727
1635776775226,2021-11-01T10:26:15.226,40.04,0.0014253864739606373,-0.006552513628944421,0.0010752012418471847
1635776775236,2021-11-01T10:26:15.236,40.05,0.0017749921186161598,-0.007979414218781185,0.0011202927129785906
1635776775246,2021-11-01T10:26:15.246,40.06,0.0026132284030017713,-0.004145563727619948,0.0016418584065124018
1635776775256,2021-11-01T10:26:15.256,40.07,0.002845075570465118,-2.010950189511697e-06,0.001688614149105059
1635776775266,2021-11-01T10:26:15.266,40.08,0.002781576530540034,0.0007174108728592067,0.0011493984529264661
1635776775276,2021-11-01T10:26:15.276,40.09,0.0033232255360544256,-0.0010764436996231746,0.000602091144625579
1635776775286,2021-11-01T10:26:15.286,40.1,0.004339966675194155,-0.002174812389390647,0.000260891151622154
1635776775296,2021-11-01T10:26:15.296,40.11,0.004983790760153971,-0.0005240039177834618,-0.00018009069064160135
1635776775306,2021-11-01T10:26:15.306,40.12,0.004856485936643307,0.0021179247156623907,-0.0005440795839628763
1635776775316,2021-11-01T10:26:15.316,40.13,0.003962747872998286,0.00162813186743232,-7.750360325185391e-05
1635776775326,2021-11-01T10:26:15.326,40.14,0.0026906733744248863,-0.0021802204218840412,0.0007311233764090922
1635776775336,2021-11-01T10:26:15.336,40.15,0.002151835879622045,-0.004179988809890864,-3.681569721748376e-05
1635776775346,2021-11-01T10:26:15.346,40.16,0.002686101706851673,-0.00218838407010592,-0.0024650715298117788
1635776775356,2021-11-01T10:26:15.356,40.17,0.002685700899781481,-0.0010818664731957364,-0.0035968802021592748
1635776775366,2021-11-01T10:26:15.366,40.18,0.0012488033358128096,-0.004384192755206643,-0.001556639815030048
1635776775376,2021-11-01T10:26:15.376,40.19,0.00030056765382982796,-0.008069781304445913,0.001373833147263409
1635776775386,2021-11-01T10:26:15.386,40.2,0.0013343007519108698,-0.0072803133051881595,0.002040353560215981
1635776775396,2021-11-01T10:26:15.396,40.21,0.002361904076386078,-0.0033181673390399557,0.000826520189778721
1635776775406,2021-11-01T10:26:15.406,40.22,0.001295731173965752,1.4304188536721748e-05,8.94247258691245e-05
1635776775416,2021-11-01T10:26:15.416,40.23,-5.139294361449902e-05,0.001805600426378931,-5.680760139764666e-05
1635776775426,2021-11-01T10:26:15.426,40.24,0.0011557042085345059,0.0024205430050898663,-0.0007523760207820033
1635776775436,2021-11-01T10:26:15.436,40.25,0.004029318914247764,0.001206708550977167,-0.0011120882789589605
1635776775446,2021-11-01T10:26:15.446,40.26,0.005410271934248133,-0.001396528046002118,-0.00026668474295334733
1635776775456,2021-11-01T10:26:15.456,40.27,0.0044992704423554904,-0.003376346084441339,4.9258058689516295e-05
1635776775466,2021-11-01T10:26:15.466,40.28,0.003253197127995192,-0.003966314011170786,-0.001035440007706659
1635776775476,2021-11-01T10:26:15.476,40.29,0.002921644295282962,-0.003532472347986056,-0.0014966687478613957
1635776775486,2021-11-01T10:26:15.486,40.3,0.002558385381089807,-0.00170489274969181,-0.0007225366769529203
1635776775496,2021-11-01T10:26:15.496,40.31,0.0011693277896917664,0.0010463801943079365,-0.0008687397991925909
1635776775506,2021-11-01T10:26:15.506,40.32,-0.0006100221420356573,0.0025447476927422043,-0.002286154214737556
1635776775516,2021-11-01T10:26:15.516,40.33,-0.0016475363465942414,0.0023666685698425158,-0.0026215019732775597
1635776775526,2021-11-01T10:26:15.526,40.34,-0.0016339862134544644,0.002661404764110333,-0.0013603125182214144
1635776775536,2021-11-01T10:26:15.536,40.35,-0.0008706964123681444,0.003426491297462756,-0.0009375903848952376
1635776775546,2021-11-01T10:26:15.546,40.36,3.700885155006811e-05,0.0012190399415191293,-0.0024603913751379443
1635776775556,2021-11-01T10:26:15.556,40.37,0.00036330323090893817,-0.0047177934304856286,-0.003644084952209442
1635776775566,2021-11-01T10:26:15.566,40.38,6.434564444340043e-05,-0.008857661544921154,-0.0022928178223985633
1635776775576,2021-11-01T10:26:15.576,40.39,-0.00014847059154981504,-0.0060081981849898405,0.0003365850780229745
1635776775586,2021-11-01T10:26:15.586,40.4,3.22006369298519e-05,0.0005913084206791827,0.0011984465312342805
1635776775596,2021-11-01T10:26:15.596,40.41,0.0003011489995624016,0.0030252591227031807,-0.0006148058874414976
1635776775606,2021-11-01T10:26:15.606,40.42,0.0007623899660692949,-9.996003409062015e-05,-0.003052220931490112
1635776775616,2021-11-01T10:26:15.616,40.43,0.0017897109131879273,-0.002920080020580472,-0.0037600375481044303
1635776775626,2021-11-01T10:26:15.626,40.44,0.0027902788135651248,-0.0029595305813264732,-0.0023456730149725566
1635776775636,2021-11-01T10:26:15.636,40.45,0.0024705228373918062,-0.003956263348246907,-0.00027923954776141026
1635776775646,2021-11-01T10:26:15.646,40.46,0.0005877590815364306,-0.007000482803835809,0.00046213946123321685
1635776775656,2021-11-01T10:26:15.656,40.47,-0.0014677403758893157,-0.007984890365084703,-0.0010541317451596272
1635776775666,2021-11-01T10:26:15.666,40.48,-0.002121399605305373,-0.005414111919179326,-0.0038316512070467653
1635776775676,2021-11-01T10:26:15.676,40.49,-0.001410836462876948,-0.002920726903635468,-0.005848911957575364
1635776775686,2021-11-01T10:26:15.686,40.5,-0.0009401317636559029,-0.0029841365199938814,-0.006151078312794026
1635776775696,2021-11-01T10:26:15.696,40.51,-0.0016279884384420447,-0.004105513976065976,-0.005750527596059084
1635776775706,2021-11-01T10:26:15.706,40.52,-0.00239164592505433,-0.004488518035725133,-0.006165176603761719
1635776775716,2021-11-01T10:26:15.716,40.53,-0.002007405511877473,-0.004086992929831002,-0.007472393407543625
1635776775726,2021-11-01T10:26:15.726,40.54,-0.0008515505612189628,-0.002921511814247279,-0.008432361756938117
1635776775736,2021-11-01T10:26:15.736,40.55,0.00028536868206507595,-0.0005982037593448795,-0.008183172521820875
1635776775746,2021-11-01T10:26:15.746,40.56,0.0014864975234616733,0.0021421492919582092,-0.006918501474087381
1635776775756,2021-11-01T10:26:15.756,40.57,0.002990379357951753,0.00370489806414179,-0.005032161447865971
1635776775766,2021-11-01T10:26:15.766,40.58,0.004596295140701763,0.003953130642664296,-0.0028426986416782126
1635776775776,2021-11-01T10:26:15.776,40.59,0.006119397506707251,0.004174114561468073,-0.0014794586856112927
1635776775786,2021-11-01T10:26:15.786,40.6,0.00731351577816281,0.004335083005669356,-0.0021639154418492358
1635776775796,2021-11-01T10:26:15.796,40.61,0.007568722710913119,0.002942724361448208,-0.0037646974432653415
1635776775806,2021-11-01T10:26:15.806,40.62,0.006877003302130954,0.0002600984456888871,-0.003600297769983298
1635776775816,2021-11-01T10:26:15.816,40.63,0.006367611095272214,-0.0012531849794241742,-0.0016311568777089428
1635776775826,2021-11-01T10:26:15.826,40.64,0.006534523313384172,-0.0005954891276442132,-0.0008243955212304865
1635776775836,2021-11-01T10:26:15.836,40.65,0.006391334064327785,0.0004464190728791746,-0.0024692425723538696
1635776775846,2021-11-01T10:26:15.846,40.66,0.005761814286636039,0.0004662564765739699,-0.004173018846497961
1635776775856,2021-11-01T10:26:15.856,40.67,0.005980957537480943,0.0003456390306181892,-0.0036565536376106825
1635776775866,2021-11-01T10:26:15.866,40.68,0.00687591046435593,0.0010123958466061284,-0.00207812735950401
1635776775876,2021-11-01T10:26:15.876,40.69,0.006106623009224736,0.0014786043755941722,-0.0017485154632610137
1635776775886,2021-11-01T10:26:15.886,40.7,0.0030261863773082187,0.0003953972980738089,-0.0023264946731769774
1635776775896,2021-11-01T10:26:15.896,40.71,0.00019705604661806561,-0.0017192118139134904,-0.002094393921379115
1635776775906,2021-11-01T10:26:15.906,40.72,-0.00022667805037405206,-0.0031712333200350413,-0.0015556545836129792
1635776775916,2021-11-01T10:26:15.916,40.73,0.0009167745985985121,-0.0037094801503783415,-0.002079239106617466
1635776775926,2021-11-01T10:26:15.926,40.74,0.0016130689899304367,-0.004918396462440024,-0.002416129924072471
1635776775936,2021-11-01T10:26:15.936,40.75,0.001147010890419793,-0.007312452229779176,-0.000550676069195424
1635776775946,2021-11-01T10:26:15.946,40.76,0.0004206611764852587,-0.008766510128785593,0.002388710392818491
1635776775956,2021-11-01T10:26:15.956,40.77,0.0007257965568602555,-0.007475425987105699,0.0035063336819335113
1635776775966,2021-11-01T10:26:15.966,40.78,0.0021416117063625946,-0.005115241736481044,0.002220831520514761
1635776775976,2021-11-01T10:26:15.976,40.79,0.003469704470590484,-0.004768775368730976,0.000628609784239859
1635776775986,2021-11-01T10:26:15.986,40.8,0.004096252878010658,-0.006096428909586175,0.0005268407136729435
1635776775996,2021-11-01T10:26:15.996,40.81,0.0045160966920758175,-0.005485811092975814,0.0013448544038065042
1635776776006,2021-11-01T10:26:16.006,40.82,0.004629546326993027,-0.0020425058676719014,0.0013029828254148004
1635776776016,2021-11-01T10:26:16.016,40.83,0.0035149485656951846,0.00035386658041734205,0.00019469840841506662
1635776776026,2021-11-01T10:26:16.026,40.84,0.0013118820221221235,-0.00030850422328883217,-0.0005454789013381566
1635776776036,2021-11-01T10:26:16.036,40.85,-0.000548438022733446,-0.0002542039803725165,-0.000492215677894104
1635776776046,2021-11-01T10:26:16.046,40.86,-0.0013879150922859445,0.0029053315239564244,-0.0004754111389048693
1635776776056,2021-11-01T10:26:16.056,40.87,-0.0019217757905435453,0.004467491099449764,-0.0005657412390527119
1635776776066,2021-11-01T10:26:16.066,40.88,-0.0025019255529160596,-4.30609355554952e-06,-0.000409491901307418
1635776776076,2021-11-01T10:26:16.076,40.89,-0.0024754890235755287,-0.006599224566512138,-0.000448213631592271
1635776776086,2021-11-01T10:26:16.086,40.9,-0.001764247816129774,-0.00835645175594968,-0.0008804039181247484
1635776776096,2021-11-01T10:26:16.096,40.91,-0.0012351116615429009,-0.004428793617920246,-0.0010986769885393862
1635776776106,2021-11-01T10:26:16.106,40.92,-0.001071000728076787,0.000973471586570313,-0.0010029459673518916
1635776776116,2021-11-01T10:26:16.116,40.93,-0.0006045120753406125,0.0047679454135601835,-0.0011383779377675306
1635776776126,2021-11-01T10:26:16.126,40.94,-1.3854857402029658e-05,0.0059210766254634995,-0.0014871489254221733
1635776776136,2021-11-01T10:26:16.136,40.95,-0.00036787431000613103,0.00363551129676814,-0.0013679458163236428
1635776776146,2021-11-01T10:26:16.146,40.96,-0.0017104905099951358,-0.0013961358133666463,-0.0005821353337721513
1635776776156,2021-11-01T10:26:16.156,40.97,-0.0027116423176122635,-0.005712442141558801,-0.00011044815790743983
1635776776166,2021-11-01T10:26:16.166,40.98,-0.0026233950580538037,-0.005931147813761313,-0.0008666158699089307
1635776776176,2021-11-01T10:26:16.176,40.99,-0.0021886990476784464,-0.002197422270925064,-0.0019251698347251835
1635776776186,2021-11-01T10:26:16.186,41.0,-0.0021025932168476365,0.0024520802902420202,-0.001705456655982518
1635776776196,2021-11-01T10:26:16.196,41.01,-0.001906552186863988,0.005190792918335468,-0.0005013723116394504
1635776776206,2021-11-01T10:26:16.206,41.02,-0.0010870265188499622,0.005427156903576686,0.0003101430251147351
1635776776216,2021-11-01T10:26:16.216,41.03,-0.0001491732128136812,0.004844424015024051,0.00045423984539587017
1635776776226,2021-11-01T10:26:16.226,41.04,0.0002819788469949067,0.0051761518230335705,0.00022509954762766292
1635776776236,2021-11-01T10:26:16.236,41.05,0.0007264610760482958,0.005254327297251981,-0.0005413993030647138
1635776776246,2021-11-01T10:26:16.246,41.06,0.0019496243541709767,0.0020925507810241623,-0.0015413006447965376
1635776776256,2021-11-01T10:26:16.256,41.07,0.003155649645371,-0.003643330854099585,-0.0016363116837504513
1635776776266,2021-11-01T10:26:16.266,41.08,0.002982203313876907,-0.006082780616984098,-0.00045639872613744943
1635776776276,2021-11-01T10:26:16.276,41.09,0.0019956881048606343,-0.0014129863260011592,0.0006042741230660359
1635776776286,2021-11-01T10:26:16.286,41.1,0.0017539256562310525,0.005591050494615624,4.757313809539958e-05
1635776776296,2021-11-01T10:26:16.296,41.11,0.0020490151674984794,0.007082548725341375,-0.0014002580819346725
1635776776306,2021-11-01T10:26:16.306,41.12,0.001820259955032912,0.0027097386360076343,-0.0014988688825811627
1635776776316,2021-11-01T10:26:16.316,41.13,0.0015033267093067044,-0.0011899002121038868,0.00030026799132347497
1635776776326,2021-11-01T10:26:16.326,41.14,0.0016299182865995294,-0.0019051684419641181,0.0019717544019108853
1635776776336,2021-11-01T10:26:16.336,41.15,0.0009906697864829521,-0.0025352111198006424,0.0017180576280289113
1635776776346,2021-11-01T10:26:16.346,41.16,-0.0013103139467898171,-0.004040015977739244,3.4918516209246566e-06
1635776776356,2021-11-01T10:26:16.356,41.17,-0.004152990023850868,-0.0033698076016266333,-0.001678568533185437
1635776776366,2021-11-01T10:26:16.366,41.18,-0.006030148839267911,-0.00030409270100705856,-0.0022826916701857974
1635776776376,2021-11-01T10:26:16.376,41.19,-0.006138569588843455,0.0016011797788509305,-0.0013810118630643766
1635776776386,2021-11-01T10:26:16.386,41.2,-0.004294812684052423,0.0013097960013780936,0.0002232694040187611
1635776776396,2021-11-01T10:26:16.396,41.21,-0.001965895530478085,0.0008429147355688521,0.0007962009511795386
1635776776406,2021-11-01T10:26:16.406,41.22,-0.0017398345246132897,0.00044875018009942256,0.00017192328267612224
1635776776416,2021-11-01T10:26:16.416,41.23,-0.0039178453386975835,-0.0008429687314883377,-6.633099558942854e-05
1635776776426,2021-11-01T10:26:16.426,41.24,-0.0056826380885678296,-0.001660765878685147,0.00021337105917829276
1635776776436,2021-11-01T10:26:16.436,41.25,-0.00501961848339985,-0.00030102610232285746,-0.0004163248796576574
1635776776446,2021-11-01T10:26:16.446,41.26,-0.0032957242149783874,0.001753777924982108,-0.0015949563520950261
1635776776456,2021-11-01T10:26:16.456,41.27,-0.0025616953102595855,0.002185272536863026,-0.0015598864065995569
1635776776466,2021-11-01T10:26:16.466,41.28,-0.002473024953903269,0.0015859672251676447,-0.0006918513523363418
1635776776476,2021-11-01T10:26:16.476,41.29,-0.0017300251764197899,0.0017640953590436143,-0.0010261733302433312
1635776776486,2021-11-01T10:26:16.486,41.3,-0.0005898496727179502,0.0022533472205975864,-0.00266257924736944
1635776776496,2021-11-01T10:26:16.496,41.31,1.0282864840571845e-07,0.0014788198963925129,-0.0036136356774359377
1635776776506,2021-11-01T10:26:16.506,41.32,8.109933570143123e-05,0.00015972140092813958,-0.0026599979588556037
1635776776516,2021-11-01T10:26:16.516,41.33,0.00010773633039153886,0.0005282998996509441,-0.0004033812475580363
1635776776526,2021-11-01T10:26:16.526,41.34,0.00014549512800896821,0.0024810862068529497,0.001795972522114342
1635776776536,2021-11-01T10:26:16.536,41.35,0.0004425029066591334,0.0034466559987925503,0.0028925213230855044
1635776776546,2021-11-01T10:26:16.546,41.36,0.0016318186778187993,0.002442241911768947,0.002792412595500223
1635776776556,2021-11-01T10:26:16.556,41.37,0.003671023081319861,0.001499908115067155,0.002278499409925372
1635776776566,2021-11-01T10:26:16.566,41.38,0.005351857511393173,0.002208988049689195,0.002154113605817581
1635776776576,2021-11-01T10:26:16.576,41.39,0.005711256725410983,0.0032438731613860824,0.002548369477664405
1635776776586,2021-11-01T10:26:16.586,41.4,0.00539097475021941,0.0025754151150012795,0.0029055705760175736
1635776776596,2021-11-01T10:26:16.596,41.41,0.005423413834065213,0.0003443498007210427,0.0026881987953791854
1635776776606,2021-11-01T10:26:16.606,41.42,0.005125797919426329,-0.0017649877959428656,0.0022111634032427113
1635776776616,2021-11-01T10:26:16.616,41.43,0.002944404296158572,-0.002726397511085374,0.002113169161143828
1635776776626,2021-11-01T10:26:16.626,41.44,-0.0007282883728947269,-0.0026788543234315424,0.002076629867833862
1635776776636,2021-11-01T10:26:16.636,41.45,-0.0036486156069687847,-0.00212189839128773,0.0014466053071090067
1635776776646,2021-11-01T10:26:16.646,41.46,-0.004773179218566177,-0.0013402468794351445,0.0008286263019669902
1635776776656,2021-11-01T10:26:16.656,41.47,-0.0051088705475996815,-0.0002951598243810824,0.0012736934170962046
1635776776666,2021-11-01T10:26:16.666,41.48,-0.005369056079900028,0.001082094738697806,0.0022968476674140024
1635776776676,2021-11-01T10:26:16.676,41.49,-0.004946153070758792,0.00230091307906526,0.002470323883376848
1635776776686,2021-11-01T10:26:16.686,41.5,-0.003711102428239114,0.002074621147126607,0.0015639887025980326
1635776776696,2021-11-01T10:26:16.696,41.51,-0.0029634207709457626,-0.000610084572957014,0.000685534365479441
1635776776706,2021-11-01T10:26:16.706,41.52,-0.0034894551087231475,-0.004425837430782636,0.0005892501508416985
1635776776716,2021-11-01T10:26:16.716,41.53,-0.003984965263698279,-0.005742371616992233,0.0009309597665775452
1635776776726,2021-11-01T10:26:16.726,41.54,-0.0030362413484096014,-0.0027978530414460648,0.0011739567025948804
1635776776736,2021-11-01T10:26:16.736,41.55,-0.0017020110394391922,0.0008903903848581913,0.001343898523721205
1635776776746,2021-11-01T10:26:16.746,41.56,-0.001922895991157862,0.0005341934625007262,0.0015977818755494623
1635776776756,2021-11-01T10:26:16.756,41.57,-0.0030732052627499987,-0.002636044250531068,0.001722705150228401
1635776776766,2021-11-01T10:26:16.766,41.58,-0.0028873281258001734,-0.0027589441909132003,0.0015030552830629738
1635776776776,2021-11-01T10:26:16.776,41.59,-0.0014936489122427457,0.0012938608305339595,0.001134111728464233
1635776776786,2021-11-01T10:26:16.786,41.6,-0.0012840551789516117,0.004417362571014921,0.0009376042830178404
1635776776796,2021-11-01T10:26:16.796,41.61,-0.0026227957997947155,0.004744983492055521,0.0009754374165602923
1635776776806,2021-11-01T10:26:16.806,41.62,-0.0032068585738851134,0.006228011763745371,0.000973759802478518
1635776776816,2021-11-01T10:26:16.816,41.63,-0.002311780873801253,0.009211828828796474,0.0004661556508573643
1635776776826,2021-11-01T10:26:16.826,41.64,-0.0019870498814140644,0.008081289495331058,-0.0005195552105780669
1635776776836,2021-11-01T10:26:16.836,41.65,-0.0030519286403882565,0.0015022490005252315,-0.0010110519775212885
1635776776846,2021-11-01T10:26:16.846,41.66,-0.003625195277259563,-0.004311750694385264,-0.00040958824412431864
1635776776856,2021-11-01T10:26:16.856,41.67,-0.0026533265502397874,-0.005044749787967212,0.0002812992351511528
1635776776866,2021-11-01T10:26:16.866,41.68,-0.001439701777113227,-0.002646009635340894,0.0001963905642385495
1635776776876,2021-11-01T10:26:16.876,41.69,-0.0010560833748039684,0.0006244434349702244,0.000370971107349262
1635776776886,2021-11-01T10:26:16.886,41.7,-0.0011115770167355525,0.004671591597891845,0.001614835276632602
1635776776896,2021-11-01T10:26:16.896,41.71,-0.0011293878174684368,0.007670488748948486,0.002430003081001252
1635776776906,2021-11-01T10:26:16.906,41.72,-0.0009435623768647013,0.00636673639368452,0.0014159230381554614
1635776776916,2021-11-01T10:26:16.916,41.73,-6.12122522879063e-05,0.0010487822537142148,-0.00032619949554880907
1635776776926,2021-11-01T10:26:16.926,41.74,0.0016209236627496586,-0.004142342579827259,-0.0011380742905289984
1635776776936,2021-11-01T10:26:16.936,41.75,0.0028813081070884366,-0.006071314236984441,-0.000978244532520088
1635776776946,2021-11-01T10:26:16.946,41.76,0.002569383643366359,-0.004768487156011527,-0.0005481818487235198
1635776776956,2021-11-01T10:26:16.956,41.77,0.0016066584654749467,-0.0013548864057334586,-0.00018380923130273893
1635776776966,2021-11-01T10:26:16.966,41.78,0.0019420210977748927,0.0028662834546343227,8.251180786369403e-05
1635776776976,2021-11-01T10:26:16.976,41.79,0.0035023235561753253,0.00556034039033521,0.0004199933657501941
1635776776986,2021-11-01T10:26:16.986,41.8,0.003699585172330358,0.005148232699015112,0.0008073252898010064
1635776776996,2021-11-01T10:26:16.996,41.81,0.0007856700711231551,0.003396182921431605,0.0007603238305879393
1635776777006,2021-11-01T10:26:17.006,41.82,-0.0030866756798362967,0.002951742518154785,0.00012504906577518558
1635776777016,2021-11-01T10:26:17.016,41.83,-0.003930846140235549,0.003042696776138667,-0.0005206463682950204
1635776777026,2021-11-01T10:26:17.026,41.84,-0.0012842729954139903,0.0010922062968131928,-0.0007659598417643817
1635776777036,2021-11-01T10:26:17.036,41.85,0.0012233548120735907,-0.0024202684004567374,-0.0007987257178460301
1635776777046,2021-11-01T10:26:17.046,41.86,0.0014615989426377987,-0.004154265845356402,-0.0007153721555970913
1635776777056,2021-11-01T10:26:17.056,41.87,0.0010194138608473021,-0.002598287656180497,-0.00031707123819763337
1635776777066,2021-11-01T10:26:17.066,41.88,0.0009795077698958714,4.2029446480926626e-05,0.00017283891516070782
1635776777076,2021-11-01T10:26:17.076,41.89,0.000551675814243791,0.0012392030440310918,0.00014113352746474524
1635776777086,2021-11-01T10:26:17.086,41.9,0.00044523664823312625,0.0014236325829366059,-0.00025602924572188323
1635776777096,2021-11-01T10:26:17.096,41.91,0.0022029205729205492,0.0019081848552420944,-8.353516974857019e-05
1635776777106,2021-11-01T10:26:17.106,41.92,0.004363057754482675,0.00158109261366239,0.000710318276996938
1635776777116,2021-11-01T10:26:17.116,41.93,0.004181624343765772,-0.0006946288426246559,0.0009900077705440196
1635776777126,2021-11-01T10:26:17.126,41.94,0.0022467986687848525,-0.0024991571184279455,0.0002279867938896851
1635776777136,2021-11-01T10:26:17.136,41.95,0.0014360285686413734,-0.0011386502038155403,-0.0007663115025804852
1635776777146,2021-11-01T10:26:17.146,41.96,0.002652697992830124,0.0016109631678310257,-0.0009885296764003428
1635776777156,2021-11-01T10:26:17.156,41.97,0.004502812381047612,0.002179188969930165,-0.0001848044198728127
1635776777166,2021-11-01T10:26:17.166,41.98,0.0057356938542395975,0.000604490493321414,0.0008486267271391467
1635776777176,2021-11-01T10:26:17.176,41.99,0.005750897850635437,-0.00018459061071774774,0.0007041635330199664
1635776777186,2021-11-01T10:26:17.186,42.0,0.003822324344264597,0.0009076714738267741,-0.0009075993056768658
1635776777196,2021-11-01T10:26:17.196,42.01,1.6644106435834008e-05,0.0020270487460506015,-0.0023715167363229698
1635776777206,2021-11-01T10:26:17.206,42.02,-0.0036716996343265865,0.00160791944169513,-0.0024406890855038833
1635776777216,2021-11-01T10:26:17.216,42.03,-0.005424848881317329,0.0003516932283491692,-0.002223371983639003
1635776777226,2021-11-01T10:26:17.226,42.04,-0.006145494470839334,-0.00040511949217202585,-0.003082685965225967
1635776777236,2021-11-01T10:26:17.236,42.05,-0.007195050151298367,-0.00043374914531522045,-0.0038872685950603
1635776777246,2021-11-01T10:26:17.246,42.06,-0.007328597136307085,-0.00028079648755525847,-0.0028517109617241347
1635776777256,2021-11-01T10:26:17.256,42.07,-0.005443823498104683,-0.00045969026175834065,-0.0008912936818420369
1635776777266,2021-11-01T10:26:17.266,42.08,-0.0038292821788735226,-0.0009786997182151132,-0.0002013702208308538
1635776777276,2021-11-01T10:26:17.276,42.09,-0.0045183132934307375,-0.001259978599748603,-0.0004319875996619321
1635776777286,2021-11-01T10:26:17.286,42.1,-0.005295721810103017,-0.0011656499644836435,0.0008300655507079196
1635776777296,2021-11-01T10:26:17.296,42.11,-0.0035889635225865657,-0.001541400355751461,0.00428732841460866
1635776777306,2021-11-01T10:26:17.306,42.12,-0.0011806979973972224,-0.002699671643703909,0.007917777266456762
1635776777316,2021-11-01T10:26:17.316,42.13,-0.0007725429726996936,-0.003762289553055492,0.009551591163295068
1635776777326,2021-11-01T10:26:17.326,42.14,-0.0011799851946367255,-0.004353174565391314,0.0090666254176359
1635776777336,2021-11-01T10:26:17.336,42.15,-5.47524923903372e-06,-0.005028462164545092,0.008158228114684906
1635776777346,2021-11-01T10:26:17.346,42.16,0.0021330153520331455,-0.005798781254088756,0.008415062366633088
1635776777356,2021-11-01T10:26:17.356,42.17,0.003218586996557883,-0.005962209755901699,0.00923532203812309
1635776777366,2021-11-01T10:26:17.366,42.18,0.0028369292142837502,-0.004935259524333697,0.008391553774842318
1635776777376,2021-11-01T10:26:17.376,42.19,0.0017046690651599003,-0.002684509616400486,0.005613951557561562
1635776777386,2021-11-01T10:26:17.386,42.2,0.00029594075950916093,-0.000520442517877128,0.0035084154772618017
1635776777396,2021-11-01T10:26:17.396,42.21,-0.0012024571059772182,-0.0003188254327009272,0.003457575156625597
1635776777406,2021-11-01T10:26:17.406,42.22,-0.002446708659754112,-0.001307845521872192,0.0035591053454038153
1635776777416,2021-11-01T10:26:17.416,42.23,-0.0027562746440246747,-0.0004022280339684544,0.002142594400537717
1635776777426,2021-11-01T10:26:17.426,42.24,-0.0017295723721755855,0.0026949420720179516,0.00034175419835208264
1635776777436,2021-11-01T10:26:17.436,42.25,-4.710095630527461e-05,0.004762905050876523,-0.00019800015425683313
1635776777446,2021-11-01T10:26:17.446,42.26,0.0011174287747056275,0.004572097626245441,0.00020601262975461975
1635776777456,2021-11-01T10:26:17.456,42.27,0.0012324219331323345,0.00432355347064953,0.0004687640399325486
1635776777466,2021-11-01T10:26:17.466,42.28,0.00044918387956129166,0.004861644425982237,0.000776163782319679
1635776777476,2021-11-01T10:26:17.476,42.29,-0.0004554165504258968,0.004499611161280716,0.0017204664074544629
1635776777486,2021-11-01T10:26:17.486,42.3,-0.00014712738640408824,0.003079961672150843,0.0024685272143212212
1635776777496,2021-11-01T10:26:17.496,42.31,0.0017059804075333094,0.0023565193631627946,0.0019896346117701733
1635776777506,2021-11-01T10:26:17.506,42.32,0.0036149786921352233,0.002264805961468992,0.0013510112322842557
1635776777516,2021-11-01T10:26:17.516,42.33,0.004469377103663099,0.0013636506510921937,0.002191791419965339
1635776777526,2021-11-01T10:26:17.526,42.34,0.004997874989853912,0.0005709479548122544,0.003563369332373026
1635776777536,2021-11-01T10:26:17.536,42.35,0.005837629709774829,0.0020009771608226028,0.0032233542767118204
1635776777546,2021-11-01T10:26:17.546,42.36,0.006298864555710684,0.004532478325081013,0.001670932475784674
1635776777556,2021-11-01T10:26:17.556,42.37,0.006203816591495057,0.004928191813407122,0.0017229806537327596
1635776777566,2021-11-01T10:26:17.566,42.38,0.0067122184647394004,0.003294558277037264,0.0037572822769101084
1635776777576,2021-11-01T10:26:17.576,42.39,0.00796142545751922,0.0028751476203325477,0.004505271500549849
1635776777586,2021-11-01T10:26:17.586,42.4,0.007847850307457724,0.0040421357697635035,0.0019414067474612133
1635776777596,2021-11-01T10:26:17.596,42.41,0.00473824981945976,0.003825972406768018,-0.001446337796915549
1635776777606,2021-11-01T10:26:17.606,42.42,-6.395066997868062e-05,0.0023331470564595825,-0.0024145468936769233
1635776777616,2021-11-01T10:26:17.616,42.43,-0.004103383684207636,0.0031910380801006295,-0.0014553382121798007
1635776777626,2021-11-01T10:26:17.626,42.44,-0.006908360690236256,0.006007412902500918,-0.0011718375901405178
1635776777636,2021-11-01T10:26:17.636,42.45,-0.009571101161696445,0.005502364143381618,-0.002238256950245562
1635776777646,2021-11-01T10:26:17.646,42.46,-0.011798711481938274,0.00017762739263155972,-0.002967033919899516
1635776777656,2021-11-01T10:26:17.656,42.47,-0.011792075906707285,-0.0051411855691681765,-0.0019249787549506859
1635776777666,2021-11-01T10:26:17.666,42.48,-0.009663491180800034,-0.006899427788628381,6.662139532816999e-05
1635776777676,2021-11-01T10:26:17.676,42.49,-0.008450632777179634,-0.00621691617149913,0.0008663498439109139
1635776777686,2021-11-01T10:26:17.686,42.5,-0.01002319648314829,-0.004368399845102101,-1.3264946745905631e-05
1635776777696,2021-11-01T10:26:17.696,42.51,-0.012138336116638912,-0.0015809735103779266,-0.0005640351444812788
1635776777706,2021-11-01T10:26:17.706,42.52,-0.01175724553211727,-0.0001424901155365056,0.0007064782607993596
1635776777716,2021-11-01T10:26:17.716,42.53,-0.00932608976529559,-0.0026435212075095033,0.002514844061605852
1635776777726,2021-11-01T10:26:17.726,42.54,-0.007202049625045247,-0.007322786113090295,0.0030060210193054455
1635776777736,2021-11-01T10:26:17.736,42.55,-0.0056366638036048616,-0.00971758792019823,0.002571182369499723
1635776777746,2021-11-01T10:26:17.746,42.56,-0.0033822408226953657,-0.008354954223917401,0.002653016926560888
1635776777756,2021-11-01T10:26:17.756,42.57,-0.0009268774865262426,-0.005371132299900857,0.003052794973033305
1635776777766,2021-11-01T10:26:17.766,42.58,7.913482898474667e-05,-0.0024635824509441793,0.0024290788363969746
1635776777776,2021-11-01T10:26:17.776,42.59,-0.00034071562414642547,0.000557708589055071,0.0008938473327767582
1635776777786,2021-11-01T10:26:17.786,42.6,-0.0008551180291910523,0.0035863231865108053,-3.0354863023921737e-05
1635776777796,2021-11-01T10:26:17.796,42.61,-0.0009664146239821993,0.005475017942752156,-0.00023547879261411988
1635776777806,2021-11-01T10:26:17.806,42.62,-0.0010097835737500381,0.006021953002916678,-0.0014905852037611887
1635776777816,2021-11-01T10:26:17.816,42.63,-0.0011462567846458947,0.00640198725836604,-0.00448450106199098
1635776777826,2021-11-01T10:26:17.826,42.64,-0.0012228169682325435,0.0067725248059019375,-0.007642281144015646
1635776777836,2021-11-01T10:26:17.836,42.65,-0.0007368646249906014,0.0058611601986956665,-0.009175065924188023
1635776777846,2021-11-01T10:26:17.846,42.66,0.0008625049442160806,0.004067244288784069,-0.008635070772911535
1635776777856,2021-11-01T10:26:17.856,42.67,0.0028161672874853372,0.004211522522580968,-0.007028009828652155
1635776777866,2021-11-01T10:26:17.866,42.68,0.003040597163956064,0.007352522880562306,-0.006125044728138162
1635776777876,2021-11-01T10:26:17.876,42.69,0.0011198936295084084,0.01032964509026492,-0.006305420411856876
1635776777886,2021-11-01T10:26:17.886,42.7,-0.00012052259634496361,0.009844759027591552,-0.005649118362819621
1635776777896,2021-11-01T10:26:17.896,42.71,0.0016908863916458674,0.0068956636922397115,-0.0030347058636733034
1635776777906,2021-11-01T10:26:17.906,42.72,0.004710117475977467,0.004394485997196527,-0.00035247523813371033
1635776777916,2021-11-01T10:26:17.916,42.73,0.005399424725313394,0.002437066874072432,0.0004175678402597435
1635776777926,2021-11-01T10:26:17.926,42.74,0.0033986164487777083,-0.0006845212259302548,-5.111673543885229e-05
1635776777936,2021-11-01T10:26:17.936,42.75,0.0011606507764549499,-0.004323049969721404,-0.0001922566439202769
1635776777946,2021-11-01T10:26:17.946,42.76,-0.0001777618739550728,-0.0057156837599715085,0.0004702093074112924
1635776777956,2021-11-01T10:26:17.956,42.77,-0.0016450093514558985,-0.003970829928327722,0.001662015454004685
1635776777966,2021-11-01T10:26:17.966,42.78,-0.0035495081377260084,-0.0016337671678003634,0.0024212564934149128
1635776777976,2021-11-01T10:26:17.976,42.79,-0.004618723801538311,-0.0016558155609264712,0.001608869235537073
1635776777986,2021-11-01T10:26:17.986,42.8,-0.0043579526959692935,-0.0037572262081757637,-0.0001308312051126038
1635776777996,2021-11-01T10:26:17.996,42.81,-0.00405668486036455,-0.005430175319289037,-0.001079263487955459
1635776778006,2021-11-01T10:26:18.006,42.82,-0.00494575696430325,-0.005989020714643014,-0.0014452183503069487
1635776778016,2021-11-01T10:26:18.016,42.83,-0.006655539263967519,-0.006671684407233707,-0.0024995496472370133
1635776778026,2021-11-01T10:26:18.026,42.84,-0.007853486544989706,-0.007253052012045033,-0.0035390541468023036
1635776778036,2021-11-01T10:26:18.036,42.85,-0.007728076885218364,-0.006373063237444179,-0.0031106504638658584
1635776778046,2021-11-01T10:26:18.046,42.86,-0.00647586124398981,-0.004617035464038722,-0.0018657643974173794
1635776778056,2021-11-01T10:26:18.056,42.87,-0.004860909401138643,-0.0036793448277695068,-0.001510289828473144
1635776778066,2021-11-01T10:26:18.066,42.88,-0.0036897912789207047,-0.0034063358583797266,-0.0023248775817385453
1635776778076,2021-11-01T10:26:18.076,42.89,-0.002935779521953494,-0.00240521053951004,-0.0033930440207461314
1635776778086,2021-11-01T10:26:18.086,42.9,-0.0013373218337710867,-0.0004944681215515855,-0.004235837043831449
1635776778096,2021-11-01T10:26:18.096,42.91,0.0017493193662187808,0.0010905805423991738,-0.0050158316929761445
1635776778106,2021-11-01T10:26:18.106,42.92,0.004630924406939461,0.001176261887900327,-0.0054595930295888535
1635776778116,2021-11-01T10:26:18.116,42.93,0.00549383247860434,-6.166411077320979e-05,-0.004855113679124048
1635776778126,2021-11-01T10:26:18.126,42.94,0.005219522868107307,-0.0011819927269615769,-0.0033737604612164985
1635776778136,2021-11-01T10:26:18.136,42.95,0.00554405803580656,-0.0014377913873819394,-0.002025329301069978
1635776778146,2021-11-01T10:26:18.146,42.96,0.0062939933553875695,-0.0017609118409649491,-0.001280201880900461
1635776778156,2021-11-01T10:26:18.156,42.97,0.006763956115813685,-0.002672364027035949,-0.0010671947112340997
1635776778166,2021-11-01T10:26:18.166,42.98,0.007254949755800931,-0.0032828896445818607,-0.0013532826269047468
1635776778176,2021-11-01T10:26:18.176,42.99,0.007631315022699963,-0.00347509130304328,-0.0017177345064197857
1635776778186,2021-11-01T10:26:18.186,43.0,0.007117397661262653,-0.004098283838505036,-0.001631921641985064
1635776778196,2021-11-01T10:26:18.196,43.01,0.006091183670685729,-0.004558430410456918,-0.001295107928861356
1635776778206,2021-11-01T10:26:18.206,43.02,0.005675253765344513,-0.0036718264916749672,-0.0009768383076835712
1635776778216,2021-11-01T10:26:18.216,43.03,0.005796060041428462,-0.0024476635970499304,-0.0005304845999417917
1635776778226,2021-11-01T10:26:18.226,43.04,0.00556203468077662,-0.002544713536437313,-0.0003653690901235248
1635776778236,2021-11-01T10:26:18.236,43.05,0.005076883970967033,-0.0030540273577884204,-0.0009885190793261763
1635776778246,2021-11-01T10:26:18.246,43.06,0.005140732962763923,-0.0019974867697519277,-0.0014036581891612018
1635776778256,2021-11-01T10:26:18.256,43.07,0.005549778029869424,6.756692464373844e-05,-0.0005176097858381283
1635776778266,2021-11-01T10:26:18.266,43.08,0.005653234752307396,0.0005736731710499763,0.00044679459652339213
1635776778276,2021-11-01T10:26:18.276,43.09,0.0060791030709533905,-0.0013364913948056834,-3.2096978867939083e-05
1635776778286,2021-11-01T10:26:18.286,43.1,0.0073815025271315475,-0.0034802001284859577,-0.000722081435187465
1635776778296,2021-11-01T10:26:18.296,43.11,0.007912059694986191,-0.0037796974717751557,1.2554454602717953e-05
1635776778306,2021-11-01T10:26:18.306,43.12,0.006198010701809735,-0.003357458035556766,0.0007835916686093136
1635776778316,2021-11-01T10:26:18.316,43.13,0.004036226797039204,-0.0041812379884089155,-0.0002935585009564964
1635776778326,2021-11-01T10:26:18.326,43.14,0.0037971918121752516,-0.005201696461074911,-0.0018583197358145822
1635776778336,2021-11-01T10:26:18.336,43.15,0.004674089276853883,-0.004702031686028941,-0.0016274165086444478
1635776778346,2021-11-01T10:26:18.346,43.16,0.0050219227341874355,-0.004039345378019924,-0.0002988818053403448
1635776778356,2021-11-01T10:26:18.356,43.17,0.0056766736157710124,-0.00436089965248375,-0.00015992575224397387
1635776778366,2021-11-01T10:26:18.366,43.18,0.007447304632334607,-0.0033750748022508227,-0.0017664379792398262
1635776778376,2021-11-01T10:26:18.376,43.19,0.008239138015186232,-0.00011518608573177224,-0.0037714662821841946
1635776778386,2021-11-01T10:26:18.386,43.2,0.006149867344547703,0.0019914988160515874,-0.004454139956410212
1635776778396,2021-11-01T10:26:18.396,43.21,0.003105450965803869,0.0010834772010497888,-0.0034699835576119864
1635776778406,2021-11-01T10:26:18.406,43.22,0.0024321974146648694,0.00016036831752691305,-0.0029052171715328234
1635776778416,2021-11-01T10:26:18.416,43.23,0.004229765506125194,0.0005828308913451146,-0.004431677901999196
1635776778426,2021-11-01T10:26:18.426,43.24,0.005516729461510356,-0.0010380282091659136,-0.0058317056343709425
1635776778436,2021-11-01T10:26:18.436,43.25,0.004500288920880795,-0.005415436119999659,-0.0043331074890309304
1635776778446,2021-11-01T10:26:18.446,43.26,0.002774131323785572,-0.007461938279080151,-0.0016219824274642783
1635776778456,2021-11-01T10:26:18.456,43.27,0.002728151729138704,-0.004797995944375982,-0.0007819489935356357
1635776778466,2021-11-01T10:26:18.466,43.28,0.004204343825887057,-0.0017120104055639291,-0.0011437225919196205
1635776778476,2021-11-01T10:26:18.476,43.29,0.0050650485060878,-0.0011422506312915976,-0.00045111214346814246
1635776778486,2021-11-01T10:26:18.486,43.3,0.004329730242927895,-0.00074607436286324,0.0010759671952156491
1635776778496,2021-11-01T10:26:18.496,43.31,0.0031587495357295547,0.00028985459414913645,0.0016692678636245663
1635776778506,2021-11-01T10:26:18.506,43.32,0.0029255421159965493,-0.001500396788671495,0.0006309496695986189
1635776778516,2021-11-01T10:26:18.516,43.33,0.003651725734966399,-0.007125498901897927,-0.0008909810229662322
1635776778526,2021-11-01T10:26:18.526,43.34,0.0043489255919842845,-0.012036752542962801,-0.0010155067561856451
1635776778536,2021-11-01T10:26:18.536,43.35,0.004151033611372703,-0.012033199228386303,0.0003020690111968273
1635776778546,2021-11-01T10:26:18.546,43.36,0.003204922780373652,-0.008168980273904657,0.0007316635880162552
1635776778556,2021-11-01T10:26:18.556,43.37,0.002395835591723264,-0.0042994667548580615,-0.0010827030560761923
1635776778566,2021-11-01T10:26:18.566,43.38,0.0018218088103503197,-0.0021145028659484088,-0.003809294640510905
1635776778576,2021-11-01T10:26:18.576,43.39,0.0005578855720878779,-0.0003017202480428254,-0.005984182567601934
1635776778586,2021-11-01T10:26:18.586,43.4,-0.0011210725668261046,0.0018463798391764542,-0.007259693497925894
1635776778596,2021-11-01T10:26:18.596,43.41,-0.0010538815350886982,0.0023408815123710483,-0.007105613589618064
1635776778606,2021-11-01T10:26:18.606,43.42,0.0015766676916900357,-0.0003722626929090794,-0.005615944244182884
1635776778616,2021-11-01T10:26:18.616,43.43,0.004083712250182509,-0.004220219868915558,-0.004687865498373292
1635776778626,2021-11-01T10:26:18.626,43.44,0.0034531982471740696,-0.005845276948029833,-0.005483969414951866
1635776778636,2021-11-01T10:26:18.636,43.45,0.0006479788666913899,-0.0044540942036860615,-0.006631199093523209
1635776778646,2021-11-01T10:26:18.646,43.46,-0.00043718206211123666,-0.0013999683451636777,-0.0070624937337426495
1635776778656,2021-11-01T10:26:18.656,43.47,0.0017300954478352876,0.0018820029855219228,-0.007729816882346471
1635776778666,2021-11-01T10:26:18.666,43.48,0.004423567687333116,0.004049459461516806,-0.008844149532001515
1635776778676,2021-11-01T10:26:18.676,43.49,0.004907953254033035,0.004200339113129364,-0.008772789918221245
1635776778686,2021-11-01T10:26:18.686,43.5,0.003961033175642838,0.0026889466803723464,-0.007155102327511447
1635776778696,2021-11-01T10:26:18.696,43.51,0.0036312071871522425,0.00044284505088295543,-0.006116890487615559
1635776778706,2021-11-01T10:26:18.706,43.52,0.00393849973610241,-0.0014593693346894286,-0.007201619553882623
1635776778716,2021-11-01T10:26:18.716,43.53,0.0036281119604844557,-0.0014564405036987644,-0.009393246168229914
1635776778726,2021-11-01T10:26:18.726,43.54,0.002634957691440713,0.0008882429446775406,-0.01087813514015931
1635776778736,2021-11-01T10:26:18.736,43.55,0.0022611554938910157,0.0036221748702982325,-0.01106225862110039
1635776778746,2021-11-01T10:26:18.746,43.56,0.0033760370555875607,0.004939515783702842,-0.010571030968788054
1635776778756,2021-11-01T10:26:18.756,43.57,0.005236570261867504,0.005151995935469826,-0.010269873722104288
1635776778766,2021-11-01T10:26:18.766,43.58,0.006219336273981754,0.004704465305766669,-0.010244708010328375
1635776778776,2021-11-01T10:26:18.776,43.59,0.005567229366331763,0.0034002958900097567,-0.009668578723262138
1635776778786,2021-11-01T10:26:18.786,43.6,0.004185497851582141,0.0023878278812804314,-0.008094538203039124
1635776778796,2021-11-01T10:26:18.796,43.61,0.003581204723211184,0.002959506383383684,-0.006246215014019604
1635776778806,2021-11-01T10:26:18.806,43.62,0.004270915806329405,0.0034482355886760944,-0.0049253097543788945
1635776778816,2021-11-01T10:26:18.816,43.63,0.005557475458829664,0.0016525771063719752,-0.004118959833786606
1635776778826,2021-11-01T10:26:18.826,43.64,0.00669650744045181,-0.0007835838547115977,-0.003634376711989246
1635776778836,2021-11-01T10:26:18.836,43.65,0.007656432215746134,-0.0009983288432560515,-0.0034667772051119685
1635776778846,2021-11-01T10:26:18.846,43.66,0.008397149511190007,7.680501750555776e-05,-0.0033235989253645824
1635776778856,2021-11-01T10:26:18.856,43.67,0.008163657351028723,-8.415835137345949e-05,-0.0028043402492960627
1635776778866,2021-11-01T10:26:18.866,43.68,0.006316570901341345,-0.0009409432000812211,-0.0020951555962443634
1635776778876,2021-11-01T10:26:18.876,43.69,0.003220398407729183,-0.0007538523170966243,-0.0018813630358100373
1635776778886,2021-11-01T10:26:18.886,43.7,-8.847750073903509e-05,-0.00030589921798874245,-0.0025263579214252286
1635776778896,2021-11-01T10:26:18.896,43.71,-0.002384118342441259,-0.0009237896301318092,-0.003523161446968628
1635776778906,2021-11-01T10:26:18.906,43.72,-0.003060437432896644,-0.0015645545297518562,-0.004050500558628826
1635776778916,2021-11-01T10:26:18.916,43.73,-0.0032869465542186985,-0.000995117942873751,-0.004050466118019304
1635776778926,2021-11-01T10:26:18.926,43.74,-0.0046372428256303035,-0.00030517192701395694,-0.004161438467535968
1635776778936,2021-11-01T10:26:18.936,43.75,-0.0061311496856827465,-0.000838340633378577,-0.00470520760044057
1635776778946,2021-11-01T10:26:18.946,43.76,-0.005512543998916984,-0.00170835779190779,-0.0054352871535560485
1635776778956,2021-11-01T10:26:18.956,43.77,-0.0035504983751224626,-0.0012024150220819986,-0.005905611698814695
1635776778966,2021-11-01T10:26:18.966,43.78,-0.003270607976599715,0.0007209136453271368,-0.00546380486418859
1635776778976,2021-11-01T10:26:18.976,43.79,-0.004729911172081314,0.002455788698664453,-0.0037032667898145317
1635776778986,2021-11-01T10:26:18.986,43.8,-0.004684801074310727,0.002270548205266171,-0.0015916921519471905
1635776778996,2021-11-01T10:26:18.996,43.81,-0.001977590349571347,-0.0003810229569705956,-0.0007867886890141079
1635776779006,2021-11-01T10:26:19.006,43.82,0.0007655345527880681,-0.0036395376955164777,-0.0011232873265790196
1635776779016,2021-11-01T10:26:19.016,43.83,0.0016769001074006238,-0.003918813544653797,-0.0008160577968645853
1635776779026,2021-11-01T10:26:19.026,43.84,0.002198849815456801,-0.00011317405892963261,0.00023225731542575188
1635776779036,2021-11-01T10:26:19.036,43.85,0.003955374029401412,0.003848370826175368,0.000245922217975843
1635776779046,2021-11-01T10:26:19.046,43.86,0.006099641323214931,0.0037932044124579277,-0.0006276578435196849
1635776779056,2021-11-01T10:26:19.056,43.87,0.00704002953427448,0.0015989768778215398,-0.00011866765298351918
1635776779066,2021-11-01T10:26:19.066,43.88,0.006814590474843949,0.0023686791999301612,0.0016697432789658092
1635776779076,2021-11-01T10:26:19.076,43.89,0.0064478303277719605,0.0056901289229432574,0.0021573108045939257
1635776779086,2021-11-01T10:26:19.086,43.9,0.005894341435503197,0.005942610724126522,0.0015215133504393867
1635776779096,2021-11-01T10:26:19.096,43.91,0.004278756752957062,0.0026559772714603454,0.002557029200553642
1635776779106,2021-11-01T10:26:19.106,43.92,0.001979147729544185,0.002226610903639758,0.004789038051860627
1635776779116,2021-11-01T10:26:19.116,43.93,0.00023317316943547784,0.00602431454980089,0.00480470058867523
1635776779126,2021-11-01T10:26:19.126,43.94,-0.0010838297641404962,0.006687395690708314,0.0027149669524972487
1635776779136,2021-11-01T10:26:19.136,43.95,-0.0024437072491942844,0.0009331856247557359,0.0024280669506161804
1635776779146,2021-11-01T10:26:19.146,43.96,-0.002586043273967468,-0.004082638661581723,0.0052071363861067674
1635776779156,2021-11-01T10:26:19.156,43.97,-0.0009479571417600408,-0.0022572679156468585,0.007848266580821467
1635776779166,2021-11-01T10:26:19.166,43.98,-0.00013372095820691766,0.002888782320237249,0.007833073108950196
1635776779176,2021-11-01T10:26:19.176,43.99,-0.00215223286373519,0.005877252507837566,0.006558108822186883
1635776779186,2021-11-01T10:26:19.186,44.0,-0.004698860426412399,0.007114093531384204,0.0064851571630307435
1635776779196,2021-11-01T10:26:19.196,44.01,-0.004950385927039702,0.008336713734554867,0.007764995119268096
1635776779206,2021-11-01T10:26:19.206,44.02,-0.004302733019067898,0.007615153414455778,0.00877402309918291
1635776779216,2021-11-01T10:26:19.216,44.03,-0.005470180552137959,0.003681968674550071,0.00833111332153544
1635776779226,2021-11-01T10:26:19.226,44.04,-0.0075301344135256,-0.00042398755911542195,0.006821890262043296
1635776779236,2021-11-01T10:26:19.236,44.05,-0.007919922448110479,-0.0015466546535373722,0.0058619544699172535
1635776779246,2021-11-01T10:26:19.246,44.06,-0.0071810841845454144,-2.5113631932183504e-05,0.0063921570977267
1635776779256,2021-11-01T10:26:19.256,44.07,-0.007608204199948983,0.0023205408632414825,0.007234169816599945
1635776779266,2021-11-01T10:26:19.266,44.08,-0.008836581021697978,0.004395471708586298,0.007047236760312896
1635776779276,2021-11-01T10:26:19.276,44.09,-0.00882631619996097,0.005986757810567126,0.006651031747827387
1635776779286,2021-11-01T10:26:19.286,44.1,-0.007815966051579262,0.007825215094523481,0.007050904287931436
1635776779296,2021-11-01T10:26:19.296,44.11,-0.007340240584948221,0.01017460740232624,0.007220867964879215
1635776779306,2021-11-01T10:26:19.306,44.12,-0.007006047459776574,0.01066368069181427,0.006632108901065482
1635776779316,2021-11-01T10:26:19.316,44.13,-0.0059465579912663805,0.0066156666634819335,0.0070101239290625015
1635776779326,2021-11-01T10:26:19.326,44.14,-0.0051373353602577896,0.0002606138895678309,0.008884934366060143
1635776779336,2021-11-01T10:26:19.336,44.15,-0.005240234512513394,-0.0021360424383380654,0.009986458103387018
1635776779346,2021-11-01T10:26:19.346,44.16,-0.005138817537264414,0.002101595572023642,0.009179291538139334
1635776779356,2021-11-01T10:26:19.356,44.17,-0.004544877424532422,0.008240118571138409,0.008146087110678497
1635776779366,2021-11-01T10:26:19.366,44.18,-0.004694950360850644,0.009912722602125007,0.007875212186163464
1635776779376,2021-11-01T10:26:19.376,44.19,-0.005563110778208944,0.0067575732494400825,0.00736727470364938
1635776779386,2021-11-01T10:26:19.386,44.2,-0.005751917001359699,0.0036596209239374627,0.0066114453314204645
1635776779396,2021-11-01T10:26:19.396,44.21,-0.005494223974279202,0.0033308446820944967,0.007138755219434382
1635776779406,2021-11-01T10:26:19.406,44.22,-0.006643085943547704,0.0035110790184062317,0.008824846345093961
1635776779416,2021-11-01T10:26:19.416,44.23,-0.009398781929401901,0.0023606857640379366,0.009410896162894004
1635776779426,2021-11-01T10:26:19.426,44.24,-0.011687585988126026,0.002309704723353811,0.008094826761759426
1635776779436,2021-11-01T10:26:19.436,44.25,-0.012113378434687109,0.005891547583864053,0.0067484766509587815
1635776779446,2021-11-01T10:26:19.446,44.26,-0.011415900656288353,0.010862164665972828,0.006846541312016443
1635776779456,2021-11-01T10:26:19.456,44.27,-0.010670306957849889,0.012484392124766042,0.007722175425675531
1635776779466,2021-11-01T10:26:19.466,44.28,-0.009833891101595209,0.009385773617744606,0.008218685026434601
1635776779476,2021-11-01T10:26:19.476,44.29,-0.008687323627377517,0.00516320868344806,0.008191452683313005
1635776779486,2021-11-01T10:26:19.486,44.3,-0.007853002285316683,0.004045229670456587,0.008378112313691885
1635776779496,2021-11-01T10:26:19.496,44.31,-0.008099638724376149,0.0058214423732293715,0.00935075413912491
1635776779506,2021-11-01T10:26:19.506,44.32,-0.00934768413799778,0.006565436405290188,0.010431035063283786
1635776779516,2021-11-01T10:26:19.516,44.33,-0.010715227263718239,0.004489646104457901,0.01051964374296347
1635776779526,2021-11-01T10:26:19.526,44.34,-0.011314948723921761,0.002206302395790678,0.009884652820299742
1635776779536,2021-11-01T10:26:19.536,44.35,-0.011093712673106283,0.0020159819378188205,0.009472643436436626
1635776779546,2021-11-01T10:26:19.546,44.36,-0.010577512086945658,0.0025956539778445396,0.0092605300626782
1635776779556,2021-11-01T10:26:19.556,44.37,-0.00968037876970687,0.002450055545432279,0.008817855970116313
1635776779566,2021-11-01T10:26:19.566,44.38,-0.007888843628393321,0.0029759825715024316,0.008277777106680036
1635776779576,2021-11-01T10:26:19.576,44.39,-0.005751311236065736,0.005259799119139277,0.008136846882464244
1635776779586,2021-11-01T10:26:19.586,44.4,-0.004746855518665889,0.00708444452462886,0.008950757422027356
1635776779596,2021-11-01T10:26:19.596,44.41,-0.0054045681500358884,0.006568675287960211,0.010538732152667271
1635776779606,2021-11-01T10:26:19.606,44.42,-0.006409638532905411,0.005944223887768631,0.011394452782014432
1635776779616,2021-11-01T10:26:19.616,44.43,-0.006016308313714476,0.007904326053166023,0.010422735164634838
1635776779626,2021-11-01T10:26:19.626,44.44,-0.004352101761087276,0.010864576823380545,0.008692313889277329
1635776779636,2021-11-01T10:26:19.636,44.45,-0.003489314833832533,0.011675601899934393,0.00804516841966383
1635776779646,2021-11-01T10:26:19.646,44.46,-0.004490227349936123,0.01065748083092511,0.00880192835697704
1635776779656,2021-11-01T10:26:19.656,44.47,-0.005667464387287237,0.010551758938958693,0.009610654691165215
1635776779666,2021-11-01T10:26:19.666,44.48,-0.00518289489587502,0.012030221022147597,0.009298875866026986
1635776779676,2021-11-01T10:26:19.676,44.49,-0.004071203924239204,0.012753558225824524,0.008623567215260619
1635776779686,2021-11-01T10:26:19.686,44.5,-0.0046813501121277315,0.010634954050725329,0.009046878560432976
1635776779696,2021-11-01T10:26:19.696,44.51,-0.006876597946942369,0.0067532528898738,0.010024215850285019
1635776779706,2021-11-01T10:26:19.706,44.52,-0.008180635096616328,0.004133688555070765,0.010137213207052614
1635776779716,2021-11-01T10:26:19.716,44.53,-0.007665006204945401,0.0037034799464658683,0.010153686640747762
1635776779726,2021-11-01T10:26:19.726,44.54,-0.0071414309142812625,0.00320032599369645,0.011441071158164742
1635776779736,2021-11-01T10:26:19.736,44.55,-0.007891017067389008,0.001399246068733993,0.012773797932423447
1635776779746,2021-11-01T10:26:19.746,44.56,-0.008591435551254049,0.0011345439387711745,0.012376604614136498
1635776779756,2021-11-01T10:26:19.756,44.57,-0.007654110775547772,0.004929194531124983,0.011304950694143322
1635776779766,2021-11-01T10:26:19.766,44.58,-0.005768321877891032,0.009661223731430182,0.011792787743589904
1635776779776,2021-11-01T10:26:19.776,44.59,-0.0043667679274244295,0.010392203899879947,0.014117743259865237
1635776779786,2021-11-01T10:26:19.786,44.6,-0.0029574744214339805,0.007952557067561298,0.016622622605084195
1635776779796,2021-11-01T10:26:19.796,44.61,-0.0006792319463092293,0.006879480843504539,0.017194673038711535
1635776779806,2021-11-01T10:26:19.806,44.62,0.0007320824230962693,0.007358388563594604,0.015193488414911818
1635776779816,2021-11-01T10:26:19.816,44.63,-0.0007441028648867815,0.0061166290750594345,0.013009741359547793
1635776779826,2021-11-01T10:26:19.826,44.64,-0.003460592666676556,0.003911341676528093,0.01329784067882957
1635776779836,2021-11-01T10:26:19.836,44.65,-0.004595680409723673,0.004523228600592899,0.014677386761417372
1635776779846,2021-11-01T10:26:19.846,44.66,-0.004842081250224166,0.007140938139573754,0.014315612523384895
1635776779856,2021-11-01T10:26:19.856,44.67,-0.006445379147831146,0.006884630477600659,0.013390804747280447
1635776779866,2021-11-01T10:26:19.866,44.68,-0.00869727626072277,0.002447778175212453,0.014495107328103048
1635776779876,2021-11-01T10:26:19.876,44.69,-0.009522745343074035,-0.0025888296014080587,0.015933082445330204
1635776779886,2021-11-01T10:26:19.886,44.7,-0.00964631854437499,-0.005235696740533011,0.014730043216348236
1635776779896,2021-11-01T10:26:19.896,44.71,-0.011461771106863378,-0.004755694960303961,0.012633365562799027
1635776779906,2021-11-01T10:26:19.906,44.72,-0.015010911604409883,6.039147768106221e-05,0.013141944706730108
1635776779916,2021-11-01T10:26:19.916,44.73,-0.01796199876887615,0.009270048840858284,0.015392929877432546
1635776779926,2021-11-01T10:26:19.926,44.74,-0.01906348418194923,0.01714216660729489,0.016392726772537374
1635776779936,2021-11-01T10:26:19.936,44.75,-0.019391769681759354,0.016083462652947893,0.016273462914800342
1635776779946,2021-11-01T10:26:19.946,44.76,-0.01998176107827155,0.007518169304101119,0.016626848439064548
1635776779956,2021-11-01T10:26:19.956,44.77,-0.020462188597393162,0.0018114036885854706,0.016916425185096798
1635776779966,2021-11-01T10:26:19.966,44.78,-0.021065700548370175,0.004412533380665787,0.016626179851596347
1635776779976,2021-11-01T10:26:19.976,44.79,-0.02373151921923173,0.009778993386024606,0.017435112794634753
1635776779986,2021-11-01T10:26:19.986,44.8,-0.029500474144882965,0.011891855221392814,0.01968829127011189
1635776779996,2021-11-01T10:26:19.996,44.81,-0.036252583391410624,0.011936939607903822,0.020583723948401474
1635776780006,2021-11-01T10:26:20.006,44.82,-0.04083032027729996,0.012338946118772853,0.01900084693164437
1635776780016,2021-11-01T10:26:20.016,44.83,-0.04316369657023658,0.011742314958803922,0.01774878359478665
1635776780026,2021-11-01T10:26:20.026,44.84,-0.046253290815150255,0.00907183830339694,0.018399982142687024
1635776780036,2021-11-01T10:26:20.036,44.85,-0.05102754510715578,0.006100397157205577,0.01895755071241089
1635776780046,2021-11-01T10:26:20.046,44.86,-0.05411827795789648,0.004283469792456344,0.018681282758749616
1635776780056,2021-11-01T10:26:20.056,44.87,-0.053345620740348,0.003207203876165299,0.019617032257623096
1635776780066,2021-11-01T10:26:20.066,44.88,-0.05184517473283544,0.002008188376680277,0.021944714345950515
1635776780076,2021-11-01T10:26:20.076,44.89,-0.05273910749734563,-5.938750959514586e-05,0.023304194569236963
1635776780086,2021-11-01T10:26:20.086,44.9,-0.05314179683547886,-0.0030241844602879996,0.02305915853697474
1635776780096,2021-11-01T10:26:20.096,44.91,-0.04829418996351588,-0.005320704611068245,0.022182308227175235
1635776780106,2021-11-01T10:26:20.106,44.92,-0.03930739282516001,-0.0058875686886192295,0.020044620677563303
1635776780116,2021-11-01T10:26:20.116,44.93,-0.031988351228252825,-0.006538631884939132,0.016327765518327604
1635776780126,2021-11-01T10:26:20.126,44.94,-0.028788364820629755,-0.008767837759532847,0.013883944628766217
1635776780136,2021-11-01T10:26:20.136,44.95,-0.02600323971651554,-0.010077083919084908,0.014570187957643489
1635776780146,2021-11-01T10:26:20.146,44.96,-0.019378459213528237,-0.008268081478271763,0.015188385951652898
1635776780156,2021-11-01T10:26:20.156,44.97,-0.009274079142012339,-0.005907398401615982,0.012644395704954393
1635776780166,2021-11-01T10:26:20.166,44.98,0.0010021735017812416,-0.004162410639816436,0.009575246170383358
1635776780176,2021-11-01T10:26:20.176,44.99,0.00957608346464409,0.0016847460467118945,0.009560573502129372
1635776780186,2021-11-01T10:26:20.186,45.0,0.016497638080077995,0.011708157499120431,0.010393838240813443
1635776780196,2021-11-01T10:26:20.196,45.01,0.021040533247424373,0.01483317197598591,0.007752006907370157
1635776780206,2021-11-01T10:26:20.206,45.02,0.021673026499461095,0.004142419885351396,0.002516360530789362
1635776780216,2021-11-01T10:26:20.216,45.03,0.019306186701168872,-0.009659621282792618,-0.0010683298402452397
1635776780226,2021-11-01T10:26:20.226,45.04,0.01719357989904564,-0.01158538611181803,-0.002363421091277007
1635776780236,2021-11-01T10:26:20.236,45.05,0.016006631489989556,-0.004169201247959785,-0.0047503175802031524
1635776780246,2021-11-01T10:26:20.246,45.06,0.01277746111804351,-0.005754937870229625,-0.010159049677101297
1635776780256,2021-11-01T10:26:20.256,45.07,0.007143911132772535,-0.02532330750081167,-0.016583330417326767
1635776780266,2021-11-01T10:26:20.266,45.08,0.004797581746070213,-0.04726398513338347,-0.021160953530446003
1635776780276,2021-11-01T10:26:20.276,45.09,0.011097183316171893,-0.05036558547926999,-0.023404433385126773
1635776780286,2021-11-01T10:26:20.286,45.1,0.023363050854662032,-0.03588130516944508,-0.024120866215763606
1635776780296,2021-11-01T10:26:20.296,45.11,0.03319289611356374,-0.02282400569605691,-0.023469472427331377
1635776780306,2021-11-01T10:26:20.306,45.12,0.036053876045277274,-0.020186583826390526,-0.022807801219713292
1635776780316,2021-11-01T10:26:20.316,45.13,0.03507071410990052,-0.020412048725286406,-0.02560024218049298
1635776780326,2021-11-01T10:26:20.326,45.14,0.03484394729083387,-0.01772109558954771,-0.0325542847193768
1635776780336,2021-11-01T10:26:20.336,45.15,0.03586098969805404,-0.016247509071699154,-0.039181255184895916
1635776780346,2021-11-01T10:26:20.346,45.16,0.036445981343281676,-0.0198300672490595,-0.04241021482494277
1635776780356,2021-11-01T10:26:20.356,45.17,0.035627103821687336,-0.026563548108384932,-0.045449682783496384
1635776780366,2021-11-01T10:26:20.366,45.18,0.032891090987326885,-0.03345924977279277,-0.05144674036941613
1635776780376,2021-11-01T10:26:20.376,45.19,0.0297407878531976,-0.03758132649661844,-0.05711132039935395
1635776780386,2021-11-01T10:26:20.386,45.2,0.031076451482594067,-0.03472651193158597,-0.05812696001304586
1635776780396,2021-11-01T10:26:20.396,45.21,0.039574100886120955,-0.02377488402618038,-0.056240936853120586
1635776780406,2021-11-01T10:26:20.406,45.22,0.05027933113644405,-0.008920312623777172,-0.05530048755133957
1635776780416,2021-11-01T10:26:20.416,45.23,0.05678848968855185,0.0062580626133434715,-0.054839758172721735
1635776780426,2021-11-01T10:26:20.426,45.24,0.060354670275655706,0.021115464129855085,-0.052744170600828526
1635776780436,2021-11-01T10:26:20.436,45.25,0.0663513175199617,0.03236481583322434,-0.049664451525317906
1635776780446,2021-11-01T10:26:20.446,45.26,0.07430647349621017,0.033951152868441914,-0.04671889518000175
1635776780456,2021-11-01T10:26:20.456,45.27,0.07858814957380517,0.024659327625994258,-0.043165916937708534
1635776780466,2021-11-01T10:26:20.466,45.28,0.07801775326377398,0.009888557329482045,-0.03881017801114727
1635776780476,2021-11-01T10:26:20.476,45.29,0.07827606653035636,-0.004644952285014822,-0.03466430587365668
1635776780486,2021-11-01T10:26:20.486,45.3,0.0832683910051788,-0.016023269976528413,-0.030280532572985228
1635776780496,2021-11-01T10:26:20.496,45.31,0.08911902053667553,-0.020621646652900675,-0.02396400814628913
1635776780506,2021-11-01T10:26:20.506,45.32,0.0904423979448164,-0.013402587980551058,-0.0157304747111656
1635776780516,2021-11-01T10:26:20.516,45.33,0.08842538541903147,0.0023187946769467073,-0.007767530794399792
1635776780526,2021-11-01T10:26:20.526,45.34,0.08696451196871158,0.007615485491313605,-0.002331319557903769
1635776780536,2021-11-01T10:26:20.536,45.35,0.08469655917918902,-0.012759243003001162,-0.00019846232686246748
1635776780546,2021-11-01T10:26:20.546,45.36,0.07783716691761618,-0.04157356532721551,-0.0008296036203255634
1635776780556,2021-11-01T10:26:20.556,45.37,0.06781429468086037,-0.04606914615754624,-0.003292272583237543
1635776780566,2021-11-01T10:26:20.566,45.38,0.060222406085384164,-0.028812339093598663,-0.0062669327816825245
1635776780576,2021-11-01T10:26:20.576,45.39,0.058146504722698084,-0.025065744194167135,-0.007942799903257195
1635776780586,2021-11-01T10:26:20.586,45.4,0.0591284839387671,-0.04427872544161447,-0.007835350375792728
1635776780596,2021-11-01T10:26:20.596,45.41,0.05731315730891306,-0.05695683142158535,-0.007987721899164073
1635776780606,2021-11-01T10:26:20.606,45.42,0.04897934372169015,-0.043435502493943685,-0.010181036929337531
1635776780616,2021-11-01T10:26:20.616,45.43,0.03750100118436131,-0.01666225078204013,-0.012795894751094366
1635776780626,2021-11-01T10:26:20.626,45.44,0.03077658904115999,0.0028386635346469764,-0.012864770987603847
1635776780636,2021-11-01T10:26:20.636,45.45,0.030888723489036318,0.006082373045415137,-0.010846445022168194
1635776780646,2021-11-01T10:26:20.646,45.46,0.02889410195824088,-0.004120471554684614,-0.010539878510579269
1635776780656,2021-11-01T10:26:20.656,45.47,0.015660893873941227,-0.013947709376326653,-0.013560769729638735
1635776780666,2021-11-01T10:26:20.666,45.48,-0.004641228607335339,-0.00905552070321664,-0.01687842328372852
1635776780676,2021-11-01T10:26:20.676,45.49,-0.02072169419569777,0.006014396461513814,-0.017439130206194517
1635776780686,2021-11-01T10:26:20.686,45.5,-0.030237826009744534,0.010906533716673345,-0.016484810563665225
1635776780696,2021-11-01T10:26:20.696,45.51,-0.038286781422656097,-0.0027366945174620563,-0.017194106399588682
1635776780706,2021-11-01T10:26:20.706,45.52,-0.04482872829341441,-0.02019999423858205,-0.02003851161272026
1635776780716,2021-11-01T10:26:20.716,45.53,-0.04637687318413097,-0.02558528390911173,-0.022577213430129195
1635776780726,2021-11-01T10:26:20.726,45.54,-0.045843762834990635,-0.021970284178012254,-0.022734243434084728
1635776780736,2021-11-01T10:26:20.736,45.55,-0.049065193701475475,-0.022122315638636092,-0.02073521335979006
1635776780746,2021-11-01T10:26:20.746,45.56,-0.0540452448216998,-0.027822714432571637,-0.018459132550894194
1635776780756,2021-11-01T10:26:20.756,45.57,-0.053029915016666235,-0.028895406331802626,-0.01749692037477327
1635776780766,2021-11-01T10:26:20.766,45.58,-0.044487370046418964,-0.02069248692930514,-0.01760966681918009
1635776780776,2021-11-01T10:26:20.776,45.59,-0.03505970213099653,-0.011717461236549218,-0.017622125322026613
1635776780786,2021-11-01T10:26:20.786,45.6,-0.02884408996346567,-0.010454351695851292,-0.017347836086039833
1635776780796,2021-11-01T10:26:20.796,45.61,-0.022229431439273983,-0.013540375529998348,-0.01695201455420055
1635776780806,2021-11-01T10:26:20.806,45.62,-0.011699339160643845,-0.012818081551487993,-0.015341817691283725
1635776780816,2021-11-01T10:26:20.816,45.63,0.0003024950675914429,-0.007359741644004466,-0.011385885849096632
1635776780826,2021-11-01T10:26:20.826,45.64,0.010729330014282872,-0.0020492994800960338,-0.00604514143225143
1635776780836,2021-11-01T10:26:20.836,45.65,0.020448777276958208,0.0011672870380320655,-0.0017471125259582308
1635776780846,2021-11-01T10:26:20.846,45.66,0.029308381931548937,0.003926789823230381,-4.321797098680877e-05
1635776780856,2021-11-01T10:26:20.856,45.67,0.03310135162737696,0.005123906777804108,-0.00020540595439563422
1635776780866,2021-11-01T10:26:20.866,45.68,0.030003249798542457,0.0003837761683211738,0.00018631296820047178
1635776780876,2021-11-01T10:26:20.876,45.69,0.02488026339969269,-0.009963907875478214,0.002662460093104553
1635776780886,2021-11-01T10:26:20.886,45.7,0.023277310929144597,-0.01690068140703527,0.005877596351376671
1635776780896,2021-11-01T10:26:20.896,45.71,0.024063612210577026,-0.012724298363379571,0.007354987876229671
1635776780906,2021-11-01T10:26:20.906,45.72,0.02050385267638456,-0.003653613404406817,0.006770479311462172
1635776780916,2021-11-01T10:26:20.916,45.73,0.008545672777614808,-0.0035321630524834265,0.005880465523131191
1635776780926,2021-11-01T10:26:20.926,45.74,-0.007133482403413599,-0.013661570889808844,0.005236102687098487
1635776780936,2021-11-01T10:26:20.936,45.75,-0.01846317529597463,-0.020202568184011036,0.002949509847072173
1635776780946,2021-11-01T10:26:20.946,45.76,-0.024876980922147945,-0.0150283561241638,-0.001965959276971555
1635776780956,2021-11-01T10:26:20.956,45.77,-0.03289022543578313,-0.0065798098685214785,-0.00727661112825154
1635776780966,2021-11-01T10:26:20.966,45.78,-0.04474402289668904,-0.004680468037217899,-0.011012760821832003
1635776780976,2021-11-01T10:26:20.976,45.79,-0.05484701763595011,-0.00631411744973073,-0.014265660557471506
1635776780986,2021-11-01T10:26:20.986,45.8,-0.058334950517645076,-0.003629503929020138,-0.01772655312146105
1635776780996,2021-11-01T10:26:20.996,45.81,-0.05661692257148715,0.002628480848664717,-0.01959165432927302
1635776781006,2021-11-01T10:26:21.006,45.82,-0.053055670982773855,0.006027512658891911,-0.019306082552227263
1635776781016,2021-11-01T10:26:21.016,45.83,-0.04773672874004546,0.006298730594876527,-0.01864050896866071
1635776781026,2021-11-01T10:26:21.026,45.84,-0.03882102200157302,0.009895587325692498,-0.017905900776998485
1635776781036,2021-11-01T10:26:21.036,45.85,-0.027323419069854978,0.018979419510637995,-0.015963654330074985
1635776781046,2021-11-01T10:26:21.046,45.86,-0.017308790891632248,0.027108599690588688,-0.013559873322743636
1635776781056,2021-11-01T10:26:21.056,45.87,-0.010014338517209776,0.028930669076829493,-0.012039688249972544
1635776781066,2021-11-01T10:26:21.066,45.88,-0.0015707876272581208,0.028327303244786835,-0.010586363624922235
1635776781076,2021-11-01T10:26:21.076,45.89,0.010003944146241702,0.03165076611243679,-0.008459845934602351
1635776781086,2021-11-01T10:26:21.086,45.9,0.020275433056373936,0.03786771605136148,-0.006645550593089247
1635776781096,2021-11-01T10:26:21.096,45.91,0.025346889143356192,0.04204233027218537,-0.0048122808124233035
1635776781106,2021-11-01T10:26:21.106,45.92,0.02750586288417177,0.043307030407772916,-0.0013341569113416124
1635776781116,2021-11-01T10:26:21.116,45.93,0.029268760056369622,0.041917931205040726,0.0027405451753175136
1635776781126,2021-11-01T10:26:21.126,45.94,0.028214556066937173,0.03475990358508527,0.005247779788762422
1635776781136,2021-11-01T10:26:21.136,45.95,0.02189360087508617,0.02166245859333745,0.00748319119882729
1635776781146,2021-11-01T10:26:21.146,45.96,0.012256145219193453,0.009635652581749442,0.01150750033584055
1635776781156,2021-11-01T10:26:21.156,45.97,0.0028675141697760325,0.0043799899080001065,0.015412604693914304
1635776781166,2021-11-01T10:26:21.166,45.98,-0.004029100486130006,0.0035025396946763102,0.016446543147556374
1635776781176,2021-11-01T10:26:21.176,45.99,-0.007854398634567303,0.0015920945041542358,0.01536591826121834
1635776781186,2021-11-01T10:26:21.186,46.0,-0.01043870057343137,-0.003457954408333707,0.01394693265764144
1635776781196,2021-11-01T10:26:21.196,46.01,-0.015005911756232285,-0.010647449690931971,0.01234653748211551
1635776781206,2021-11-01T10:26:21.206,46.02,-0.022521031949589487,-0.017648557732601065,0.01093666065642778
1635776781216,2021-11-01T10:26:21.216,46.03,-0.030649717807426792,-0.02112072417368697,0.010496229373032684
1635776781226,2021-11-01T10:26:21.226,46.04,-0.03651372601446497,-0.018784602034577377,0.010275829702489992
1635776781236,2021-11-01T10:26:21.236,46.05,-0.039091566081253575,-0.01286936268939145,0.009206757781141177
1635776781246,2021-11-01T10:26:21.246,46.06,-0.03942283730648622,-0.008763044884595972,0.0077605879844699095
1635776781256,2021-11-01T10:26:21.256,46.07,-0.03882779742890137,-0.008476809099036807,0.006689583856121705
1635776781266,2021-11-01T10:26:21.266,46.08,-0.03682892082688779,-0.008268557190082156,0.006063187336301993
1635776781276,2021-11-01T10:26:21.276,46.09,-0.032105562146320085,-0.004315456616076029,0.00616514939146772
1635776781286,2021-11-01T10:26:21.286,46.1,-0.024886820546484247,0.0026209170600802094,0.007157360301938885
1635776781296,2021-11-01T10:26:21.296,46.11,-0.016173310043195364,0.009862725052974166,0.00808596933091817
1635776781306,2021-11-01T10:26:21.306,46.12,-0.006251006971896589,0.016876930028511844,0.008107320304535514
1635776781316,2021-11-01T10:26:21.316,46.13,0.00389335018703409,0.02459036674348575,0.008076897685935705
1635776781326,2021-11-01T10:26:21.326,46.14,0.012468455091659733,0.032351604267788804,0.009373741721704798
1635776781336,2021-11-01T10:26:21.336,46.15,0.019483704426631818,0.03713375766827105,0.012121511069344365
1635776781346,2021-11-01T10:26:21.346,46.16,0.02604683898025996,0.036075427130203834,0.015665628912041665
1635776781356,2021-11-01T10:26:21.356,46.17,0.03115858127096622,0.03021149234921125,0.019088820946993833
1635776781366,2021-11-01T10:26:21.366,46.18,0.03292568023227134,0.02495179201626139,0.02065193550667137
1635776781376,2021-11-01T10:26:21.376,46.19,0.03179506239838534,0.024931939008944016,0.019387884341098317
1635776781386,2021-11-01T10:26:21.386,46.2,0.029174114281362226,0.028251348259940634,0.01754888964000148
1635776781396,2021-11-01T10:26:21.396,46.21,0.024717631680963158,0.028001005046802814,0.01810978144461006
1635776781406,2021-11-01T10:26:21.406,46.22,0.01781664211269024,0.020482961992747087,0.019703164331899278
1635776781416,2021-11-01T10:26:21.416,46.23,0.009818118067589192,0.009710707818695636,0.018295106988876937
1635776781426,2021-11-01T10:26:21.426,46.24,0.0026552917030992123,0.0021573347631024193,0.014373072170807515
1635776781436,2021-11-01T10:26:21.436,46.25,-0.003241637634754995,-0.0002521875478853114,0.013149908094252342
1635776781446,2021-11-01T10:26:21.446,46.26,-0.008392834676425352,0.00040204926965152976,0.016376403173810523
1635776781456,2021-11-01T10:26:21.456,46.27,-0.012917297635879421,0.0020970830516443806,0.01964498672478699
1635776781466,2021-11-01T10:26:21.466,46.28,-0.016936920272835058,0.0029056984757721053,0.019351183313972592
1635776781476,2021-11-01T10:26:21.476,46.29,-0.02110779442107872,0.000257822418872275,0.01698798833278405
1635776781486,2021-11-01T10:26:21.486,46.3,-0.025130916276865194,-0.005823244538764718,0.01514910735839602
1635776781496,2021-11-01T10:26:21.496,46.31,-0.027202379834430933,-0.011177284732070181,0.013639940626441551
1635776781506,2021-11-01T10:26:21.506,46.32,-0.027034294590585525,-0.012278749468723992,0.011145612082483741
1635776781516,2021-11-01T10:26:21.516,46.33,-0.027311755388006814,-0.00998726288382163,0.008309501282045806
1635776781526,2021-11-01T10:26:21.526,46.34,-0.029596636414296322,-0.0066037667383040625,0.007068396453651957
1635776781536,2021-11-01T10:26:21.536,46.35,-0.031493953856036816,-0.002785710684834592,0.007138469819752292
1635776781546,2021-11-01T10:26:21.546,46.36,-0.03067755544815351,0.0008829258270399203,0.005816800147156657
1635776781556,2021-11-01T10:26:21.556,46.37,-0.02860735741875791,0.00307162003340181,0.0024748883513970956
1635776781566,2021-11-01T10:26:21.566,46.38,-0.027448054198526355,0.003962232466728225,-5.2742709147330746e-05
1635776781576,2021-11-01T10:26:21.576,46.39,-0.02659574820655742,0.005243267899896275,-0.0001151368515532251
1635776781586,2021-11-01T10:26:21.586,46.4,-0.024828658958962233,0.007105103337184081,0.0002154063122154626
1635776781596,2021-11-01T10:26:21.596,46.41,-0.022739777905135393,0.007677458447049553,-0.0014841220192885586
1635776781606,2021-11-01T10:26:21.606,46.42,-0.021084231517700346,0.006054906569118631,-0.004855916051202092
1635776781616,2021-11-01T10:26:21.616,46.43,-0.019551862957454105,0.004325004661344214,-0.007735870778283218
1635776781626,2021-11-01T10:26:21.626,46.44,-0.01824186577407018,0.005508101951991661,-0.008740327863741562
1635776781636,2021-11-01T10:26:21.636,46.45,-0.017781787064583863,0.009627477648283792,-0.00844694293215847
1635776781646,2021-11-01T10:26:21.646,46.46,-0.01758380210469685,0.012983617295421142,-0.007949771824435552
1635776781656,2021-11-01T10:26:21.656,46.47,-0.016290943492966708,0.01247782705854418,-0.0068636270979507575
1635776781666,2021-11-01T10:26:21.666,46.48,-0.014000176159572393,0.009936353355875806,-0.004852429614150703
1635776781676,2021-11-01T10:26:21.676,46.49,-0.011872818173947086,0.009914433941196774,-0.003932633167687446
1635776781686,2021-11-01T10:26:21.686,46.5,-0.009812109023932963,0.0130814493420882,-0.005025982681494223
1635776781696,2021-11-01T10:26:21.696,46.51,-0.007030716263491738,0.01506250660871095,-0.004619871284524584
1635776781706,2021-11-01T10:26:21.706,46.52,-0.004313249194216317,0.013346277627561336,-0.0006763399694006258
1635776781716,2021-11-01T10:26:21.716,46.53,-0.002783196519156068,0.011305740412236212,0.0024004926763557723
1635776781726,2021-11-01T10:26:21.726,46.54,-0.0016203883935514457,0.012468479212056167,0.0012584240266204755
1635776781736,2021-11-01T10:26:21.736,46.55,0.00017673539881206667,0.015188021046821449,-8.955974742812516e-05
1635776781746,2021-11-01T10:26:21.746,46.56,0.0019510077858877755,0.01641839050466374,0.002038452659846002
1635776781756,2021-11-01T10:26:21.756,46.57,0.003416286415688965,0.01609640009716583,0.004235161128618815
1635776781766,2021-11-01T10:26:21.766,46.58,0.005431043371101962,0.014728483846476792,0.002924635220377104
1635776781776,2021-11-01T10:26:21.776,46.59,0.007565842537521425,0.01177066979650539,0.0009094277988466921
1635776781786,2021-11-01T10:26:21.786,46.6,0.008102515142959418,0.009002162169987005,0.0019099394511847027
1635776781796,2021-11-01T10:26:21.796,46.61,0.0066725997182474,0.009807621757110217,0.004510585578734137
1635776781806,2021-11-01T10:26:21.806,46.62,0.004369903677136213,0.012680679818432294,0.005618303116255504
1635776781816,2021-11-01T10:26:21.816,46.63,0.00207998082981545,0.011846544811686975,0.005586468377768941
1635776781826,2021-11-01T10:26:21.826,46.64,0.0005657251411721938,0.0068069667707490525,0.006541191145273349
1635776781836,2021-11-01T10:26:21.836,46.65,0.0006320849736451016,0.004126100996985117,0.008618872871241483
1635776781846,2021-11-01T10:26:21.846,46.66,0.001599622523100942,0.006878398195175432,0.010711716040952685
1635776781856,2021-11-01T10:26:21.856,46.67,0.00118529290603028,0.00927812680364405,0.012602052252634386
1635776781866,2021-11-01T10:26:21.866,46.68,-0.0018996828440748937,0.005018971200263164,0.01436994045160346
1635776781876,2021-11-01T10:26:21.876,46.69,-0.006505439519202065,-0.0040783206765946985,0.01608703891554246
1635776781886,2021-11-01T10:26:21.886,46.7,-0.01044225894458174,-0.010189513106350623,0.018623457339139088
1635776781896,2021-11-01T10:26:21.896,46.71,-0.012019173616463246,-0.008314369128931525,0.02204082735729006
1635776781906,2021-11-01T10:26:21.906,46.72,-0.011074180627317909,-0.0026742913010388116,0.024268010817352505
1635776781916,2021-11-01T10:26:21.916,46.73,-0.009826346574987588,-0.0027905208268895866,0.024025341009498567
1635776781926,2021-11-01T10:26:21.926,46.74,-0.01082843652667374,-0.010656531713350001,0.02276688452645387
1635776781936,2021-11-01T10:26:21.936,46.75,-0.013229092316966127,-0.01688805272599524,0.021724005877413376
1635776781946,2021-11-01T10:26:21.946,46.76,-0.013915966093382052,-0.01544065439345212,0.02022299914001551
1635776781956,2021-11-01T10:26:21.956,46.77,-0.012390860874702675,-0.01391321936772344,0.018568545427619293
1635776781966,2021-11-01T10:26:21.966,46.78,-0.01083318284779185,-0.019630398330619622,0.018965012191887155
1635776781976,2021-11-01T10:26:21.976,46.79,-0.009845983963257806,-0.025126840603007874,0.021458295669558577
1635776781986,2021-11-01T10:26:21.986,46.8,-0.007956124724869052,-0.020382661172068564,0.02234618393532646
1635776781996,2021-11-01T10:26:21.996,46.81,-0.004772145397992741,-0.010743244306333291,0.019320694801574587
1635776782006,2021-11-01T10:26:22.006,46.82,-0.0015776791329745149,-0.008289422848987078,0.015151010611215116
1635776782016,2021-11-01T10:26:22.016,46.83,0.0010780372370306297,-0.012039642074365232,0.013488671672643048
1635776782026,2021-11-01T10:26:22.026,46.84,0.004426923486531663,-0.010575894940399769,0.013905975864147596
1635776782036,2021-11-01T10:26:22.036,46.85,0.009331675867472869,-0.00013495337954464674,0.013631863155962655
1635776782046,2021-11-01T10:26:22.046,46.86,0.01408340769929959,0.011505902237824134,0.011759826093918669
1635776782056,2021-11-01T10:26:22.056,46.87,0.016114484965644476,0.016973561313582176,0.009352298813973198
1635776782066,2021-11-01T10:26:22.066,46.88,0.015507099358147609,0.016515463198759933,0.006898653685941468
1635776782076,2021-11-01T10:26:22.076,46.89,0.014752653872888186,0.014015189572451126,0.004192638060289927
1635776782086,2021-11-01T10:26:22.086,46.9,0.015461000894724014,0.011831248601477263,0.0021966104754625676
1635776782096,2021-11-01T10:26:22.096,46.91,0.01700030778566107,0.010489653945233539,0.002256120509603573
1635776782106,2021-11-01T10:26:22.106,46.92,0.017657580242992937,0.009977716464228856,0.003481636626267589
1635776782116,2021-11-01T10:26:22.116,46.93,0.016256417084838704,0.009400607312085498,0.003660961007085686
1635776782126,2021-11-01T10:26:22.126,46.94,0.013478004076842142,0.006867383785499965,0.002542498762462064
1635776782136,2021-11-01T10:26:22.136,46.95,0.011297756018741327,0.0017454279549562037,0.0015944350087690772
1635776782146,2021-11-01T10:26:22.146,46.96,0.010393614675383299,-0.0034160330041772885,0.0011956372825140378
1635776782156,2021-11-01T10:26:22.156,46.97,0.00950161283793274,-0.004877429041378639,0.0006239864840164828
1635776782166,2021-11-01T10:26:22.166,46.98,0.007810071808237285,-0.0021541776037348,-0.00017035134451943423
1635776782176,2021-11-01T10:26:22.176,46.99,0.0060018615664516805,0.0003583294686255649,-0.001142781977898482
1635776782186,2021-11-01T10:26:22.186,47.0,0.004487665048053464,-0.0018949618930052974,-0.0029823274739904536
1635776782196,2021-11-01T10:26:22.196,47.01,0.002489475463851902,-0.007004823165077629,-0.005284170297198977
1635776782206,2021-11-01T10:26:22.206,47.02,-0.0003379637576122389,-0.00833795243679175,-0.006121969440694581
1635776782216,2021-11-01T10:26:22.216,47.03,-0.002595731972642304,-0.0042507224768008195,-0.005199081225286023
1635776782226,2021-11-01T10:26:22.226,47.04,-0.002815377109581704,-0.0007394439574716169,-0.00470310731116998
1635776782236,2021-11-01T10:26:22.236,47.05,-0.002062533274823043,-0.0021404212956270168,-0.005801959619610851
1635776782246,2021-11-01T10:26:22.246,47.06,-0.002973232449809804,-0.0053313478003602114,-0.00724241399519978
1635776782256,2021-11-01T10:26:22.256,47.07,-0.006032687006692405,-0.006012845090609464,-0.00796574386230078
1635776782266,2021-11-01T10:26:22.266,47.08,-0.008966940295491778,-0.005045427216394662,-0.008176960753251198
1635776782276,2021-11-01T10:26:22.276,47.09,-0.009987177581848437,-0.00520148659677421,-0.007975800683540797
1635776782286,2021-11-01T10:26:22.286,47.1,-0.009513049272004845,-0.005685058317953081,-0.0075195723011450884
1635776782296,2021-11-01T10:26:22.296,47.11,-0.00872732314950043,-0.004053142552303002,-0.0077201435564280595
1635776782306,2021-11-01T10:26:22.306,47.12,-0.008215920236804859,-0.0017854878770875192,-0.008723305708124896
1635776782316,2021-11-01T10:26:22.316,47.13,-0.007926359052032836,-0.0027653878635957073,-0.008990292702551249
1635776782326,2021-11-01T10:26:22.326,47.14,-0.007111598172746758,-0.006305856250815024,-0.007438929787440117
1635776782336,2021-11-01T10:26:22.336,47.15,-0.0045484522871593845,-0.007857606942639428,-0.005088771511869129
1635776782346,2021-11-01T10:26:22.346,47.16,-0.00016278979148429,-0.007000951867789717,-0.0034244710693152394
1635776782356,2021-11-01T10:26:22.356,47.17,0.003951787590145538,-0.007417585647207429,-0.0024789462682543763
1635776782366,2021-11-01T10:26:22.366,47.18,0.00575278375585403,-0.008811485633475958,-0.001693594274184094
1635776782376,2021-11-01T10:26:22.376,47.19,0.005952051996752206,-0.007256713999020777,-0.001450454770914445
1635776782386,2021-11-01T10:26:22.386,47.2,0.006719763255758857,-0.003676677749004269,-0.0021188175856402666
1635776782396,2021-11-01T10:26:22.396,47.21,0.008375247030348669,-0.0032765065142141294,-0.002687652451214484
1635776782406,2021-11-01T10:26:22.406,47.22,0.009306528299106654,-0.006361453668703093,-0.002430072929755455
1635776782416,2021-11-01T10:26:22.416,47.23,0.008641163096997266,-0.007966220759082782,-0.0024700961779137182
1635776782426,2021-11-01T10:26:22.426,47.24,0.007219132839744611,-0.006614425831699038,-0.0034657367769116796
1635776782436,2021-11-01T10:26:22.436,47.25,0.006278438455262071,-0.005720830259857554,-0.003985915015167996
1635776782446,2021-11-01T10:26:22.446,47.26,0.006416523636200512,-0.006197966433679035,-0.003206126297141572
1635776782456,2021-11-01T10:26:22.456,47.27,0.007388359234226243,-0.0046866957437025165,-0.0024416286936629556
1635776782466,2021-11-01T10:26:22.466,47.28,0.008132986670549212,-1.3358541122664353e-05,-0.0027005334341551456
1635776782476,2021-11-01T10:26:22.476,47.29,0.007461328076968987,0.003975189636912089,-0.003369270044248823
1635776782486,2021-11-01T10:26:22.486,47.3,0.005352764505368269,0.0037592300372843368,-0.003738102292133861
1635776782496,2021-11-01T10:26:22.496,47.31,0.0034630725165008458,0.0010579299579497933,-0.003864783638053601
1635776782506,2021-11-01T10:26:22.506,47.32,0.0035694495755663764,-0.00015937103724387398,-0.003981938500679608
1635776782516,2021-11-01T10:26:22.516,47.33,0.005169621917353203,0.00010824605763558749,-0.004025989836658363
1635776782526,2021-11-01T10:26:22.526,47.34,0.006056019455699335,-0.0013515451327407904,-0.0037621637301817525
1635776782536,2021-11-01T10:26:22.536,47.35,0.005928425400253982,-0.004554593185778066,-0.0032924237748788512
1635776782546,2021-11-01T10:26:22.546,47.36,0.006834567226746236,-0.006032313550876049,-0.0032711164008794244
1635776782556,2021-11-01T10:26:22.556,47.37,0.009168341624811541,-0.004696382639522987,-0.00429005935573828
1635776782566,2021-11-01T10:26:22.566,47.38,0.010883733789569649,-0.0024274149065058037,-0.006157959332082027
1635776782576,2021-11-01T10:26:22.576,47.39,0.011376088306244928,-0.0003353005596710791,-0.00788889954758432
1635776782586,2021-11-01T10:26:22.586,47.4,0.012129077619636299,0.0009106889573023513,-0.008375962952312615
1635776782596,2021-11-01T10:26:22.596,47.41,0.013410073198636945,0.0006462874606431189,-0.007506295497893977
1635776782606,2021-11-01T10:26:22.606,47.42,0.01376995532326922,0.0008446593181548991,-0.006577348090592371
1635776782616,2021-11-01T10:26:22.616,47.43,0.012320809822014469,0.0038389291023904135,-0.006590562046011619
1635776782626,2021-11-01T10:26:22.626,47.44,0.009523129464406355,0.007416660667894456,-0.006403630421100056
1635776782636,2021-11-01T10:26:22.636,47.45,0.006560513512964471,0.008236122628812587,-0.0043901351507205375
1635776782646,2021-11-01T10:26:22.646,47.46,0.004482306636063744,0.007242734881814431,-0.0013984250295456194
1635776782656,2021-11-01T10:26:22.656,47.47,0.0034215757881859562,0.0058940758422376055,0.00048646563401193036
1635776782666,2021-11-01T10:26:22.666,47.48,0.0028554801042896035,0.0020080422122773648,0.0012780922238611035
1635776782676,2021-11-01T10:26:22.676,47.49,0.0023020692544216148,-0.005471153348688622,0.002435178268883537
1635776782686,2021-11-01T10:26:22.686,47.5,0.001503753171686554,-0.012650551294396057,0.004274928239425075
1635776782696,2021-11-01T10:26:22.696,47.51,0.0008892817689183872,-0.015264849020487036,0.006366662513574688
1635776782706,2021-11-01T10:26:22.706,47.52,0.0014296084555964908,-0.013330631893605923,0.008490640065029666
1635776782716,2021-11-01T10:26:22.716,47.53,0.0029485205120701368,-0.009843370564267071,0.009849147759293315
1635776782726,2021-11-01T10:26:22.726,47.54,0.0038825831695567196,-0.007694036772185648,0.009858742144050093
1635776782736,2021-11-01T10:26:22.736,47.55,0.003516577625982272,-0.008477852086085693,0.009743024090423543
1635776782746,2021-11-01T10:26:22.746,47.56,0.0028970978186641954,-0.012409098629998914,0.010324247600314737
1635776782756,2021-11-01T10:26:22.756,47.57,0.0033639288415442904,-0.01751303244646528,0.009781022206578109
1635776782766,2021-11-01T10:26:22.766,47.58,0.005125602990030488,-0.018852038418627193,0.007265993583576176
1635776782776,2021-11-01T10:26:22.776,47.59,0.006740512259585129,-0.012447315243765536,0.005891816794527171
1635776782786,2021-11-01T10:26:22.786,47.6,0.0064152667337643125,-0.0025903127164374116,0.007881890465002525
1635776782796,2021-11-01T10:26:22.796,47.61,0.004934160091192805,0.00024034545876052424,0.010115159195298182
1635776782806,2021-11-01T10:26:22.806,47.62,0.005175557381085388,-0.006538733242204569,0.008710626170174466
1635776782816,2021-11-01T10:26:22.816,47.63,0.007294951726086024,-0.012241599876232152,0.004946317054573562
1635776782826,2021-11-01T10:26:22.826,47.64,0.007851852917242063,-0.007672547735289949,0.0027548694758534765
1635776782836,2021-11-01T10:26:22.836,47.65,0.00511908537189599,0.002082489613335511,0.0024914223541779986
1635776782846,2021-11-01T10:26:22.846,47.66,0.0014531717839258431,0.006602324962510353,0.0008029908515110264
1635776782856,2021-11-01T10:26:22.856,47.67,-0.0006861260814333479,0.004697466727607125,-0.003940347772323342
1635776782866,2021-11-01T10:26:22.866,47.68,-0.001745967834438681,0.0025862475162969217,-0.009196303134326813
1635776782876,2021-11-01T10:26:22.876,47.69,-0.0033334874419040086,0.003359942850135457,-0.011851619719567429
1635776782886,2021-11-01T10:26:22.886,47.7,-0.005927425152295638,0.005490045758235762,-0.012115569535566941
1635776782896,2021-11-01T10:26:22.896,47.71,-0.009003899670747812,0.007903529507212069,-0.012787882834381297
1635776782906,2021-11-01T10:26:22.906,47.72,-0.011897114260656295,0.010210917459617334,-0.015519613024424169
1635776782916,2021-11-01T10:26:22.916,47.73,-0.013920467862330723,0.01045743527579722,-0.01856480977708468
1635776782926,2021-11-01T10:26:22.926,47.74,-0.014538441109792466,0.00784984718729842,-0.018877418761367542
1635776782936,2021-11-01T10:26:22.936,47.75,-0.014105490561243434,0.0053655302381395336,-0.016405525633075048
1635776782946,2021-11-01T10:26:22.946,47.76,-0.01386795924582487,0.005556351801935506,-0.0145489757625985
1635776782956,2021-11-01T10:26:22.956,47.77,-0.014522586501097268,0.006841461992284123,-0.015700116292419776
1635776782966,2021-11-01T10:26:22.966,47.78,-0.015319589195784349,0.007226953870650727,-0.01844975158077381
1635776782976,2021-11-01T10:26:22.976,47.79,-0.015184907127763322,0.007864955140854907,-0.02003450807858743
1635776782986,2021-11-01T10:26:22.986,47.8,-0.014026676419834405,0.010052231072214453,-0.019562642922152953
1635776782996,2021-11-01T10:26:22.996,47.81,-0.01240652065853138,0.012274917826398463,-0.018145377997872466
1635776783006,2021-11-01T10:26:23.006,47.82,-0.010517229372731623,0.012636019762115033,-0.017247125631743382
1635776783016,2021-11-01T10:26:23.016,47.83,-0.007952259086460075,0.011659196395248032,-0.017257571250908467
1635776783026,2021-11-01T10:26:23.026,47.84,-0.004489413909574381,0.010962270368517154,-0.017154379905824094
1635776783036,2021-11-01T10:26:23.036,47.85,-0.0010730558410437562,0.010672500291553325,-0.015724538074232883
1635776783046,2021-11-01T10:26:23.046,47.86,0.0007507810969796615,0.009463004666782677,-0.01296417621524435
1635776783056,2021-11-01T10:26:23.056,47.87,0.0011197498512116,0.006848410772579883,-0.00971049274317183
1635776783066,2021-11-01T10:26:23.066,47.88,0.0020774977549150677,0.004550899869915903,-0.006525137552593487
1635776783076,2021-11-01T10:26:23.076,47.89,0.004055656115869564,0.00460217192086,-0.0038567653799962513
1635776783086,2021-11-01T10:26:23.086,47.9,0.004527956442471453,0.006258784998857713,-0.0024127095073760386
1635776783096,2021-11-01T10:26:23.096,47.91,0.002310781599889928,0.0065202953317848485,-0.0021031558016818396
1635776783106,2021-11-01T10:26:23.106,47.92,0.0001532681046518561,0.004183211919038999,-0.0014396937356871225
1635776783116,2021-11-01T10:26:23.116,47.93,0.0005747606387277055,0.0015021039275631115,0.000695505585233744
1635776783126,2021-11-01T10:26:23.126,47.94,0.0022643179319279715,0.0008194234471337439,0.0033608389925107447
1635776783136,2021-11-01T10:26:23.136,47.95,0.002812337500585683,0.0011340348521807673,0.004867857337423159
1635776783146,2021-11-01T10:26:23.146,47.96,0.002179668090800955,-0.00030619377167632187,0.005257896702372875
1635776783156,2021-11-01T10:26:23.156,47.97,0.0016928785694523074,-0.0038106159389936283,0.005991556879488418
1635776783166,2021-11-01T10:26:23.166,47.98,0.0017667167924200573,-0.0068520278016713934,0.007353660343993311
1635776783176,2021-11-01T10:26:23.176,47.99,0.002073570920169187,-0.007818561425531091,0.008247988284958941
1635776783186,2021-11-01T10:26:23.186,48.0,0.0027004826019847213,-0.007709886908790651,0.008680608091530786
1635776783196,2021-11-01T10:26:23.196,48.01,0.003912460096119315,-0.007728357906788176,0.009760539140034389
1635776783206,2021-11-01T10:26:23.206,48.02,0.00514933356804737,-0.007572261949846133,0.011162632004825125
1635776783216,2021-11-01T10:26:23.216,48.03,0.005191541475633363,-0.006745436574262357,0.011359421226035001
1635776783226,2021-11-01T10:26:23.226,48.04,0.0035592980966147707,-0.005730514056322977,0.010012101345331216
1635776783236,2021-11-01T10:26:23.236,48.05,0.0011984701363622146,-0.005080245501834322,0.007989957410724842
1635776783246,2021-11-01T10:26:23.246,48.06,-0.0005948134144583443,-0.00443924523424628,0.00608336306504425
1635776783256,2021-11-01T10:26:23.256,48.07,-0.0015259824051476745,-0.0035098186971648858,0.0049166550344862895
1635776783266,2021-11-01T10:26:23.266,48.08,-0.002201790463337979,-0.0034087767372574787,0.004671919191919041
1635776783276,2021-11-01T10:26:23.276,48.09,-0.0031960183985083055,-0.0054711704265997295,0.004675826689164533
1635776783286,2021-11-01T10:26:23.286,48.1,-0.0047522924927401854,-0.00859328065747618,0.004313550210453521
1635776783296,2021-11-01T10:26:23.296,48.11,-0.006687242295227807,-0.009253398860621043,0.0034202315976530192
1635776783306,2021-11-01T10:26:23.306,48.12,-0.008016286794400626,-0.005149030506522113,0.0016713802385184774
1635776783316,2021-11-01T10:26:23.316,48.13,-0.00790086348066701,0.0012809083660303287,-0.0005366654553375437
1635776783326,2021-11-01T10:26:23.326,48.14,-0.007160327210074872,0.004719605565482911,-0.0014710380946531287
1635776783336,2021-11-01T10:26:23.336,48.15,-0.006836974858425577,0.004018909182414956,-0.0004622822270519725
1635776783346,2021-11-01T10:26:23.346,48.16,-0.005979168458759818,0.004085692410323066,0.0007147190454768041
1635776783356,2021-11-01T10:26:23.356,48.17,-0.003660489290084959,0.007517625724144668,0.0008588570029568296
1635776783366,2021-11-01T10:26:23.366,48.18,-0.0014945389047244224,0.01002364086268975,0.001564675132263898
1635776783376,2021-11-01T10:26:23.376,48.19,-0.0011213277455649913,0.00850564332245564,0.004166682342574109
1635776783386,2021-11-01T10:26:23.386,48.2,-0.001515272839992796,0.006198783675079803,0.006561640423556175
1635776783396,2021-11-01T10:26:23.396,48.21,-0.0012576113637908,0.005598072006273387,0.005817773019548794
1635776783406,2021-11-01T10:26:23.406,48.22,-0.0009370470160729565,0.004416573266983337,0.002669514820929861
1635776783416,2021-11-01T10:26:23.416,48.23,-0.0013736283142883482,0.0015721513868341209,0.00075051432531715
1635776783426,2021-11-01T10:26:23.426,48.24,-0.001643260044111491,-0.0001203487082590625,0.00184888235109369
1635776783436,2021-11-01T10:26:23.436,48.25,-0.000602126578441038,0.0011353313940677939,0.004279603985584843
1635776783446,2021-11-01T10:26:23.446,48.26,0.0009836110022901207,0.003814032040630029,0.005859210579237352
1635776783456,2021-11-01T10:26:23.456,48.27,0.0014071164821267588,0.006106061453352201,0.006165887842997605
1635776783466,2021-11-01T10:26:23.466,48.28,0.0003942951498069778,0.007473997188463165,0.005705999670646011
1635776783476,2021-11-01T10:26:23.476,48.29,-0.0007860124726189121,0.007154156254001757,0.004928939174528576
1635776783486,2021-11-01T10:26:23.486,48.3,-0.0011119315671435602,0.004425071426133173,0.004195714919956149
1635776783496,2021-11-01T10:26:23.496,48.31,-0.0008373566356226993,0.0006334586492255027,0.0034950182203097955
1635776783506,2021-11-01T10:26:23.506,48.32,-0.0008578596465421483,-0.002012120156459813,0.0026200770819812475
1635776783516,2021-11-01T10:26:23.516,48.33,-0.001233770884282949,-0.0033884909854058403,0.0019237611873214036
1635776783526,2021-11-01T10:26:23.526,48.34,-0.0009776544172913637,-0.004261377448855528,0.001928296430478669
1635776783536,2021-11-01T10:26:23.536,48.35,5.348243360414208e-05,-0.0036586187169061054,0.002381678061000789
1635776783546,2021-11-01T10:26:23.546,48.36,0.0005648817067119496,-0.0010024323651209965,0.0025189495701011594
1635776783556,2021-11-01T10:26:23.556,48.37,0.00011786650392627247,0.001418503375411845,0.002060550985439367
1635776783566,2021-11-01T10:26:23.566,48.38,-9.894067889757113e-05,0.001907053873707952,0.0017959962745107568
1635776783576,2021-11-01T10:26:23.576,48.39,0.0006328241407836872,0.0021977689205635357,0.002822194640737575
1635776783586,2021-11-01T10:26:23.586,48.4,0.0019138912766230895,0.0030957720125983387,0.004662100660634546
1635776783596,2021-11-01T10:26:23.596,48.41,0.0033957050795381735,0.0013959114429391737,0.005372664773250678
1635776783606,2021-11-01T10:26:23.606,48.42,0.00482172717130614,-0.004559567820462421,0.004439688268608035
1635776783616,2021-11-01T10:26:23.616,48.43,0.005807675589563338,-0.01033559093543857,0.003562553876243337
1635776783626,2021-11-01T10:26:23.626,48.44,0.006500488946661755,-0.010933171666560135,0.0036885307219121097
1635776783636,2021-11-01T10:26:23.636,48.45,0.007385080315924894,-0.007453978773403515,0.0038124394168159896
1635776783646,2021-11-01T10:26:23.646,48.46,0.008297400142675935,-0.004174553942058603,0.0034703832485804007
1635776783656,2021-11-01T10:26:23.656,48.47,0.008602409106073097,-0.0021951479458815343,0.0036570498966103458
1635776783666,2021-11-01T10:26:23.666,48.48,0.008191709804642936,-9.102649433124376e-05,0.00442530171260073
1635776783676,2021-11-01T10:26:23.676,48.49,0.007512490527703962,0.0015833090450087539,0.004144764885077947
1635776783686,2021-11-01T10:26:23.686,48.5,0.00672713432141912,0.0004779864723944511,0.0022967248477901714
1635776783696,2021-11-01T10:26:23.696,48.51,0.005575344822641425,-0.003453099845599815,0.0008471569160983816
1635776783706,2021-11-01T10:26:23.706,48.52,0.0040461484847678555,-0.006902073871841204,0.0011595573155492563
1635776783716,2021-11-01T10:26:23.716,48.53,0.002422312951135857,-0.007355495383402844,0.0014647311268932563
1635776783726,2021-11-01T10:26:23.726,48.54,0.0008448997480329738,-0.006560138774908843,-0.00012341374788785202
1635776783736,2021-11-01T10:26:23.736,48.55,-0.00026765724647140744,-0.007539904775303109,-0.002031871519919852
1635776783746,2021-11-01T10:26:23.746,48.56,-3.386878840165003e-05,-0.009565980311234503,-0.0019256028844767915
1635776783756,2021-11-01T10:26:23.756,48.57,0.001378859119550702,-0.009565712729638225,-0.0009239996039623215
1635776783766,2021-11-01T10:26:23.766,48.58,0.002060740711933637,-0.007443504931981305,-0.0015428235620294803
1635776783776,2021-11-01T10:26:23.776,48.59,0.0007528942939365249,-0.005891964600081725,-0.0034799457495758917
1635776783786,2021-11-01T10:26:23.786,48.6,-0.0012123801297908561,-0.005504058426123925,-0.00480160847378207
1635776783796,2021-11-01T10:26:23.796,48.61,-0.0018656210053506197,-0.004317792478505752,-0.005386862348792611
1635776783806,2021-11-01T10:26:23.806,48.62,-0.0011477399843416,-0.002082979218411733,-0.006274481858878958
1635776783816,2021-11-01T10:26:23.816,48.63,-0.0003117875500867335,-0.0007643513406262784,-0.007231986973847071
1635776783826,2021-11-01T10:26:23.826,48.64,-0.00017953063428846548,-0.00076606543567014,-0.007432294497799282
1635776783836,2021-11-01T10:26:23.836,48.65,-0.000610601450529496,-0.0005958361503834816,-0.007193366940218169
1635776783846,2021-11-01T10:26:23.846,48.66,-0.0006251806380430086,5.607121992941367e-05,-0.007090604067908807
1635776783856,2021-11-01T10:26:23.856,48.67,0.0006750441419895891,0.00019276567891620062,-0.006685186361921658
1635776783866,2021-11-01T10:26:23.866,48.68,0.0028931347677976548,-0.00048058973108758534,-0.005611618828319646
1635776783876,2021-11-01T10:26:23.876,48.69,0.0051676192575371835,-0.0014614171997384734,-0.004531650667810678
1635776783886,2021-11-01T10:26:23.886,48.7,0.00747683601948578,-0.0021104057557137876,-0.004022486276781664
1635776783896,2021-11-01T10:26:23.896,48.71,0.00938390363462864,-0.002037487579041537,-0.003603802179860822
1635776783906,2021-11-01T10:26:23.906,48.72,0.009668828098958623,-0.0017740384613941411,-0.002416157122550326
1635776783916,2021-11-01T10:26:23.916,48.73,0.00907517631420588,-0.0020025564064264133,-0.0005568751046197985
1635776783926,2021-11-01T10:26:23.926,48.74,0.009914475133675547,-0.0021513763043888097,0.0006538258490584401
1635776783936,2021-11-01T10:26:23.936,48.75,0.011672362549593248,-0.0014913525705671441,0.0004068384130660094
1635776783946,2021-11-01T10:26:23.946,48.76,0.011530011817543713,-0.0004394107292755333,-0.0001980698338071228
1635776783956,2021-11-01T10:26:23.956,48.77,0.009434883291293373,0.0004380445431247715,1.781771388457363e-05
1635776783966,2021-11-01T10:26:23.966,48.78,0.0076895686485275545,0.0005368955212508949,0.0001874767931337759
1635776783976,2021-11-01T10:26:23.976,48.79,0.006388328840594077,-0.0011045015271465095,-0.0008125217289938391
1635776783986,2021-11-01T10:26:23.986,48.8,0.003874486506050359,-0.003361944979796888,-0.0020841731770971845
1635776783996,2021-11-01T10:26:23.996,48.81,0.0003458281831013136,-0.0033952695430084193,-0.0024308845861097973
1635776784006,2021-11-01T10:26:24.006,48.82,-0.0023757536136851556,-0.0022922125543540332,-0.002279933738306206
1635776784016,2021-11-01T10:26:24.016,48.83,-0.0034403813899129094,-0.004132711969997219,-0.002192394437946766
1635776784026,2021-11-01T10:26:24.026,48.84,-0.003546702208351284,-0.007322544501062166,-0.001889437849307197
1635776784036,2021-11-01T10:26:24.036,48.85,-0.003422469071724014,-0.005943093310281384,-0.0016467203416599481
1635776784046,2021-11-01T10:26:24.046,48.86,-0.002453051041535629,-0.0008650032562596716,-0.0021406062976999395
1635776784056,2021-11-01T10:26:24.056,48.87,0.00011551536771574892,0.0012226737738927848,-0.002760200478886451
1635776784066,2021-11-01T10:26:24.066,48.88,0.0026231065795172363,-6.561967977702335e-05,-0.0025210011505045734
1635776784076,2021-11-01T10:26:24.076,48.89,0.002407633522330595,0.0011580867065729215,-0.002220091282445349
1635776784086,2021-11-01T10:26:24.086,48.9,0.0001691240096434913,0.005583651443832729,-0.0029593577504624224
1635776784096,2021-11-01T10:26:24.096,48.91,-0.0008036837686580394,0.007939853957159387,-0.0034050870077513957
1635776784106,2021-11-01T10:26:24.106,48.92,8.651767231772486e-05,0.006683186302723736,-0.0019615685298787003
1635776784116,2021-11-01T10:26:24.116,48.93,0.00021849815665846812,0.005124438773036821,-0.0005077376966697869
1635776784126,2021-11-01T10:26:24.126,48.94,-0.001765067227861141,0.0043577180011651635,-0.0019824247582836364
1635776784136,2021-11-01T10:26:24.136,48.95,-0.0043965001606394724,0.0024919703617168054,-0.005429270973727613
1635776784146,2021-11-01T10:26:24.146,48.96,-0.005922532218695033,-0.0009929379638977563,-0.006893725491560488
1635776784156,2021-11-01T10:26:24.156,48.97,-0.0058743003350657085,-0.004696818410575315,-0.00417652157729205
1635776784166,2021-11-01T10:26:24.166,48.98,-0.004254915859597969,-0.00661519773405657,0.0011337794808654756
1635776784176,2021-11-01T10:26:24.176,48.99,-0.0013240481844570729,-0.005010658025223408,0.005287848942842807
1635776784186,2021-11-01T10:26:24.186,49.0,0.0011846673982406884,-0.001190684308004918,0.005637176258249985
1635776784196,2021-11-01T10:26:24.196,49.01,0.000748017237232494,0.0003224345179838048,0.0028140038903755864
1635776784206,2021-11-01T10:26:24.206,49.02,-0.0026084115570413403,-0.002205282328593111,-0.0006138354959273368
1635776784216,2021-11-01T10:26:24.216,49.03,-0.005653453474299132,-0.0045832758091128405,-0.002933083443961479
1635776784226,2021-11-01T10:26:24.226,49.04,-0.006415082987604471,-0.0028412755255192487,-0.0041232655228365485
1635776784236,2021-11-01T10:26:24.236,49.05,-0.006938979166316682,0.0006973962906168817,-0.005131745189291078
1635776784246,2021-11-01T10:26:24.246,49.06,-0.009187960188684055,0.0013489523855481178,-0.006534306007197222
1635776784256,2021-11-01T10:26:24.256,49.07,-0.011154876218271968,-0.0002860006932572836,-0.007687370390061862
1635776784266,2021-11-01T10:26:24.266,49.08,-0.010405363602431014,0.0003786682318062888,-0.008154037039357343
1635776784276,2021-11-01T10:26:24.276,49.09,-0.008391482678194076,0.0038452602720902,-0.008743517103081484
1635776784286,2021-11-01T10:26:24.286,49.1,-0.0076204485648812045,0.005633735465877514,-0.009526292761633014
1635776784296,2021-11-01T10:26:24.296,49.11,-0.0073872395601309905,0.003999806450770239,-0.00908292020964256
1635776784306,2021-11-01T10:26:24.306,49.12,-0.00540845615006029,0.0025313438959959755,-0.006922456548293406
1635776784316,2021-11-01T10:26:24.316,49.13,-0.0014350741824584602,0.0034138391665144464,-0.00421826649316497
1635776784326,2021-11-01T10:26:24.326,49.14,0.0029033151457118177,0.0035620316830885903,-0.0019413378416944763
1635776784336,2021-11-01T10:26:24.336,49.15,0.006432933481227131,0.00021746973627817035,-8.505370593918658e-05
1635776784346,2021-11-01T10:26:24.346,49.16,0.009211882250664714,-0.0035282586989383723,0.0017080009127749076
1635776784356,2021-11-01T10:26:24.356,49.17,0.011385548464390913,-0.002584883580883604,0.0034520508651694056
1635776784366,2021-11-01T10:26:24.366,49.18,0.01247031289987036,0.0024713278745751533,0.004431909256561076
1635776784376,2021-11-01T10:26:24.376,49.19,0.012381911526214156,0.00575527902716828,0.004220095798273079
1635776784386,2021-11-01T10:26:24.386,49.2,0.011939499705811827,0.004291056133217936,0.0040187617508355335
1635776784396,2021-11-01T10:26:24.396,49.21,0.011441890001623411,0.00159397657825665,0.005288983419971289
1635776784406,2021-11-01T10:26:24.406,49.22,0.010308547683629089,0.0013495061891728756,0.0073962751234832105
1635776784416,2021-11-01T10:26:24.416,49.23,0.00867384191151781,0.0018168126518002224,0.008448530172906397
1635776784426,2021-11-01T10:26:24.426,49.24,0.007434781584792386,-0.0003388716694139977,0.0077279230671716
1635776784436,2021-11-01T10:26:24.436,49.25,0.006625810243146131,-0.004253583655878809,0.005892691689001804
1635776784446,2021-11-01T10:26:24.446,49.26,0.005315011204232863,-0.006634126141217774,0.004010291365977218
1635776784456,2021-11-01T10:26:24.456,49.27,0.0028492477610566037,-0.006856515849067272,0.003114288390249404
1635776784466,2021-11-01T10:26:24.466,49.28,-0.0005330283367126903,-0.00691317030149132,0.0031266047054349915
1635776784476,2021-11-01T10:26:24.476,49.29,-0.004016616126666358,-0.007524535024686061,0.0025481045896501905
1635776784486,2021-11-01T10:26:24.486,49.3,-0.007080161628531199,-0.007238157186208044,0.001076184719468009
1635776784496,2021-11-01T10:26:24.496,49.31,-0.009928980986279541,-0.005509971980008936,0.0007979581412586737
1635776784506,2021-11-01T10:26:24.506,49.32,-0.012656440169961824,-0.003913612497953645,0.002480388447544499
1635776784516,2021-11-01T10:26:24.516,49.33,-0.014324880104710665,-0.0030866106310545554,0.0035252699680864558
1635776784526,2021-11-01T10:26:24.526,49.34,-0.01356009374590261,-0.0016438361863060115,0.0022581610065752055
1635776784536,2021-11-01T10:26:24.536,49.35,-0.010417443637365006,0.00023018472766264767,0.000772739793774251
1635776784546,2021-11-01T10:26:24.546,49.36,-0.007176039451732408,0.00023050445609198203,0.0008165149761220276
1635776784556,2021-11-01T10:26:24.556,49.37,-0.005988799853601208,-0.0013616226061419793,0.0007005076060448594
1635776784566,2021-11-01T10:26:24.566,49.38,-0.0061428580063574625,-0.0013568252286399935,-0.0009673161777156235
1635776784576,2021-11-01T10:26:24.576,49.39,-0.005530873317687852,0.0005941223078677379,-0.002290686992652508
1635776784586,2021-11-01T10:26:24.586,49.4,-0.003960511357993454,0.0013258581814302984,-0.0015011463429312056
1635776784596,2021-11-01T10:26:24.596,49.41,-0.002621167545830953,0.00017724244620588293,9.238692204923055e-06
1635776784606,2021-11-01T10:26:24.606,49.42,-0.0013586954871584176,0.00017656453875464166,0.0004099564880581352
1635776784616,2021-11-01T10:26:24.616,49.43,0.0009525283927934576,0.002700101274096474,0.0001375393609397673
1635776784626,2021-11-01T10:26:24.626,49.44,0.003851124633717209,0.006034399725293625,-0.00011654175721985097
1635776784636,2021-11-01T10:26:24.636,49.45,0.005223969417096833,0.008864715939535542,-0.0010372372424389581
1635776784646,2021-11-01T10:26:24.646,49.46,0.004100467845760073,0.010629030632967036,-0.002474878864810416
1635776784656,2021-11-01T10:26:24.656,49.47,0.0020494104291252143,0.009964303783504819,-0.002726642961695221
1635776784666,2021-11-01T10:26:24.666,49.48,0.0010348100493119605,0.006922865163584405,-0.0014004500496561994
1635776784676,2021-11-01T10:26:24.676,49.49,0.0012203466425634141,0.004328142012395448,-5.9764362795956924e-05
1635776784686,2021-11-01T10:26:24.686,49.5,0.0018189772338009912,0.003505497049693564,0.00030966928345828375
1635776784696,2021-11-01T10:26:24.696,49.51,0.002473352842943565,0.0017491898123771499,2.9223951635253178e-05
1635776784706,2021-11-01T10:26:24.706,49.52,0.0028769785530936183,-0.0027631476569507023,-0.00012801677375482093
1635776784716,2021-11-01T10:26:24.716,49.53,0.002764172446714467,-0.006429932903505608,0.0007878806933009737
1635776784726,2021-11-01T10:26:24.726,49.54,0.0027871732246176773,-0.004402564216765516,0.002504835472547217
1635776784736,2021-11-01T10:26:24.736,49.55,0.0037467992645488675,0.0016844747141588688,0.003002804764660628
1635776784746,2021-11-01T10:26:24.746,49.56,0.004907312863040397,0.004474533763860525,0.001993035538821461
1635776784756,2021-11-01T10:26:24.756,49.57,0.004784723285629143,0.0010606278730234742,0.002106472194089244
1635776784766,2021-11-01T10:26:24.766,49.58,0.0036909630046550717,-0.002271270565630316,0.0038133647506080563
1635776784776,2021-11-01T10:26:24.776,49.59,0.003416001356574906,0.00015066908583400817,0.003930872006559565
1635776784786,2021-11-01T10:26:24.786,49.6,0.0037702398388739394,0.0038472178645828792,0.0018500263706213143
1635776784796,2021-11-01T10:26:24.796,49.61,0.002355703899300705,0.0016610119773926846,0.001135698229786618
1635776784806,2021-11-01T10:26:24.806,49.62,-0.0009066681275864679,-0.0038690146423009356,0.002778824329214542
1635776784816,2021-11-01T10:26:24.816,49.63,-0.002921495307856815,-0.004833757135484911,0.0036157172754887113
1635776784826,2021-11-01T10:26:24.826,49.64,-0.002702513726912635,-0.0009269081624042665,0.0026498514394660746
1635776784836,2021-11-01T10:26:24.836,49.65,-0.0026983188532478898,0.0015088045941923523,0.002412394911045421
1635776784846,2021-11-01T10:26:24.846,49.66,-0.0034941660341550954,0.00030486289735618955,0.004021593976771612
1635776784856,2021-11-01T10:26:24.856,49.67,-0.002853747655008826,-0.0013443105357472806,0.005929607546645135
1635776784866,2021-11-01T10:26:24.866,49.68,-0.0010260911790421494,-0.001771600053052654,0.006445368955341207
1635776784876,2021-11-01T10:26:24.876,49.69,-0.0009998566736173266,-0.0017264287063244069,0.00474535455794399
1635776784886,2021-11-01T10:26:24.886,49.7,-0.002871776317800791,-0.000706242888242319,0.0013143060406149742
1635776784896,2021-11-01T10:26:24.896,49.71,-0.0035366657520367753,0.001851544570706225,-0.0016489045392566084
1635776784906,2021-11-01T10:26:24.906,49.72,-0.001954281290841033,0.0035906086276498977,-0.0021563769812955667
1635776784916,2021-11-01T10:26:24.916,49.73,-3.267217688869632e-05,0.002118088432582997,-0.0008211018442079864
1635776784926,2021-11-01T10:26:24.926,49.74,0.000929532806473474,-0.0007773066059710751,-4.1748871953117546e-06
1635776784936,2021-11-01T10:26:24.936,49.75,0.0009398911139621993,-0.00168606529632659,-0.0008559759063027755
1635776784946,2021-11-01T10:26:24.946,49.76,-6.189787860755725e-07,-0.0004868227099601727,-0.0023000950768926375
1635776784956,2021-11-01T10:26:24.956,49.77,-0.000997766784687258,0.000852446828642087,-0.002960992292966534
1635776784966,2021-11-01T10:26:24.966,49.78,-0.00020613289481524445,0.00219951648490446,-0.0028469087835050204
1635776784976,2021-11-01T10:26:24.976,49.79,0.0021258765306274223,0.004430507373994096,-0.0024810230368965576
1635776784986,2021-11-01T10:26:24.986,49.8,0.0030782749250698785,0.0065257986578848865,-0.001857975173002758
1635776784996,2021-11-01T10:26:24.996,49.81,0.0012055948655176536,0.006639864586085115,-0.0012924211803108667
1635776785006,2021-11-01T10:26:25.006,49.82,-0.001141799630132218,0.004892158728306201,-0.0016353855202975755
1635776785016,2021-11-01T10:26:25.016,49.83,-0.0011495501580422304,0.0028238165620802116,-0.0028181876395046716
1635776785026,2021-11-01T10:26:25.026,49.84,0.0005973393680396919,0.001045709135145522,-0.003732411605725748
1635776785036,2021-11-01T10:26:25.036,49.85,0.0015395406036396088,-0.0004694423953400343,-0.0035011421520192336
1635776785046,2021-11-01T10:26:25.046,49.86,0.001444727079480482,-0.000505035326263716,-0.001729538733243518
1635776785056,2021-11-01T10:26:25.056,49.87,0.0021893343946186904,0.002122988492896005,0.0010553039036130419
1635776785066,2021-11-01T10:26:25.066,49.88,0.0033374036950504517,0.0052648371931874795,0.002532700913724531
1635776785076,2021-11-01T10:26:25.076,49.89,0.0021439824586789898,0.004871272143512557,0.0009694927604878768
1635776785086,2021-11-01T10:26:25.086,49.9,-0.0013926586356144645,0.0007515734254497893,-0.0014779340723489378
1635776785096,2021-11-01T10:26:25.096,49.91,-0.003918684701559609,-0.0028758344180511717,-0.001506103008960907
1635776785106,2021-11-01T10:26:25.106,49.92,-0.0037795920632397013,-0.0038599671380289665,0.00029085206814080184
1635776785116,2021-11-01T10:26:25.116,49.93,-0.0027181343971919136,-0.004495213790266619,0.0011192061658718538
1635776785126,2021-11-01T10:26:25.126,49.94,-0.0025013752989836036,-0.005680025439066238,0.0007527171231651753
1635776785136,2021-11-01T10:26:25.136,49.95,-0.0031196086482562723,-0.004265458621504271,0.0007286278136549325
1635776785146,2021-11-01T10:26:25.146,49.96,-0.003927123039507222,0.0008273131571878245,0.0009137089049855512
1635776785156,2021-11-01T10:26:25.156,49.97,-0.004366550304135978,0.004969602709020346,6.249317922934754e-05
1635776785166,2021-11-01T10:26:25.166,49.98,-0.0041489266879175535,0.0038101477296142282,-0.0017775032597267114
1635776785176,2021-11-01T10:26:25.176,49.99,-0.003617917437315415,-0.0009482403841763838,-0.0034185822083596276
1635776785186,2021-11-01T10:26:25.186,50.0,-0.003242226124462082,-0.004481283494356427,-0.003935420421056575
1635776785196,2021-11-01T10:26:25.196,50.01,-0.0029452130564371825,-0.0043344838203961435,-0.0031491191016861726
1635776785206,2021-11-01T10:26:25.206,50.02,-0.002644694858691093,-0.0013068183631670769,-0.001837362276509576
1635776785216,2021-11-01T10:26:25.216,50.03,-0.0025472287273823856,0.002134413862658068,-0.001311508919420221
1635776785226,2021-11-01T10:26:25.226,50.04,-0.002382593683158133,0.0034187543116006706,-0.0017654013191788008
1635776785236,2021-11-01T10:26:25.236,50.05,-0.0016679056577262384,0.0022668339096861244,-0.0020131215364563864
1635776785246,2021-11-01T10:26:25.246,50.06,-0.0008886490137141355,0.0013524892960669424,-0.0016448948913902971
1635776785256,2021-11-01T10:26:25.256,50.07,-0.0009100161552348493,0.002781366745708763,-0.001767273694727994
1635776785266,2021-11-01T10:26:25.266,50.08,-0.001387539292720457,0.00516634420289169,-0.002934262675547788
1635776785276,2021-11-01T10:26:25.276,50.09,-0.0011919475606608839,0.0057361606707397594,-0.0041365938061889455
1635776785286,2021-11-01T10:26:25.286,50.1,-0.00013399627330030968,0.0039346070426040155,-0.0043401778333878385
1635776785296,2021-11-01T10:26:25.296,50.11,0.0009148120355898523,0.0017525035602688336,-0.0037392753728677144
1635776785306,2021-11-01T10:26:25.306,50.12,0.001365034365907698,0.001066396729401898,-0.003286968376841355
1635776785316,2021-11-01T10:26:25.316,50.13,0.0013110990325209489,0.0014439741753080166,-0.0033942311132639643
1635776785326,2021-11-01T10:26:25.326,50.14,0.0008494856512248041,0.0014432594263743667,-0.0031577067377894672
1635776785336,2021-11-01T10:26:25.336,50.15,8.5807193245977e-05,0.0013023468439418964,-0.0016238647328273488
1635776785346,2021-11-01T10:26:25.346,50.16,-0.0005648511834254007,0.00200039808945255,0.00022951382007489578
1635776785356,2021-11-01T10:26:25.356,50.17,-0.0008980078841209801,0.002662025765718854,0.0004027782398733841
1635776785366,2021-11-01T10:26:25.366,50.18,-0.0009756307719135785,0.001823052833777125,-0.001307991787368288
1635776785376,2021-11-01T10:26:25.376,50.19,-0.0006897685853060972,-5.726804849100599e-05,-0.002957183272147397
1635776785386,2021-11-01T10:26:25.386,50.2,-0.00047443021777753935,-0.0015234219436616966,-0.002730264761756305
1635776785396,2021-11-01T10:26:25.396,50.21,-0.0012187115958413623,-0.0018906210880841952,-0.0009157295869623582
1635776785406,2021-11-01T10:26:25.406,50.22,-0.0021526302793941857,-0.001394372439306487,0.00042948587075470593
1635776785416,2021-11-01T10:26:25.416,50.23,-0.001270334465545848,-0.0010826037585655007,0.00022798865914613306
1635776785426,2021-11-01T10:26:25.426,50.24,0.0010681618243964075,-0.00172831339489504,-0.00025463457394998005
1635776785436,2021-11-01T10:26:25.436,50.25,0.002207467982455367,-0.0024073035480641596,-0.00013333630661959211
1635776785446,2021-11-01T10:26:25.446,50.26,0.0015422900147114673,-0.0022793299060902767,-0.0004609270010327827
1635776785456,2021-11-01T10:26:25.456,50.27,0.0012995463792627162,-0.002499259332352231,-0.0014679967436488726
1635776785466,2021-11-01T10:26:25.466,50.28,0.0025018297596252626,-0.0033443365583453325,-0.0019861931992553126
1635776785476,2021-11-01T10:26:25.476,50.29,0.0033968961740992176,-0.0025139209497213005,-0.002555783403898137
1635776785486,2021-11-01T10:26:25.486,50.3,0.0025320313177083836,0.00031821684720989573,-0.004572345847126763
1635776785496,2021-11-01T10:26:25.496,50.31,0.0009297574063559568,0.0017462197271593143,-0.006469987959038016
1635776785506,2021-11-01T10:26:25.506,50.32,0.0004917372399885506,0.0007899581869824544,-0.005743019520791953
1635776785516,2021-11-01T10:26:25.516,50.33,0.0015450124175245515,0.001181657277131663,-0.003845213226007424
1635776785526,2021-11-01T10:26:25.526,50.34,0.0025046429822519734,0.003952485015358117,-0.003905402215137659
1635776785536,2021-11-01T10:26:25.536,50.35,0.00197174761687795,0.004248047201883952,-0.0049713087798372736
1635776785546,2021-11-01T10:26:25.546,50.36,0.0008605900057854652,-5.149980915630217e-05,-0.0039250187676903945
1635776785556,2021-11-01T10:26:25.556,50.37,0.001067497783983147,-0.003214548936495469,-0.0014698874936695911
1635776785566,2021-11-01T10:26:25.566,50.38,0.0021439893050388685,-0.00044888615375325005,-0.0006518817875675832
1635776785576,2021-11-01T10:26:25.576,50.39,0.0017338527528336298,0.004472587980165329,-0.0012956923252092675
1635776785586,2021-11-01T10:26:25.586,50.4,-0.0006282626564376619,0.005865300417814585,-0.0012655439611580566
1635776785596,2021-11-01T10:26:25.596,50.41,-0.002870751711309213,0.004349714420246753,-0.0009441727345447281
1635776785606,2021-11-01T10:26:25.606,50.42,-0.0035855382116991093,0.0029642694247099515,-0.0015873127324695095
1635776785616,2021-11-01T10:26:25.616,50.43,-0.003542042328386526,0.0008093420410157154,-0.002007282883325089
1635776785626,2021-11-01T10:26:25.626,50.44,-0.003949620230983503,-0.0038325040385099518,-0.0008775801261136855
1635776785636,2021-11-01T10:26:25.636,50.45,-0.004700259319079593,-0.008293739197977977,0.0006339920291153214
1635776785646,2021-11-01T10:26:25.646,50.46,-0.004519998410238972,-0.008300191186595644,0.0010320436767290856
1635776785656,2021-11-01T10:26:25.656,50.47,-0.0027234839938251286,-0.0036682473432612314,0.0004197418683450125
1635776785666,2021-11-01T10:26:25.666,50.48,-0.000788441841117854,0.0017549452556838026,-0.000661390305929294
1635776785676,2021-11-01T10:26:25.676,50.49,-0.0009944444337634437,0.004671006376441786,-0.0017250815125588784
1635776785686,2021-11-01T10:26:25.686,50.5,-0.0031894979505968125,0.005158619486095257,-0.0016420034917940386
1635776785696,2021-11-01T10:26:25.696,50.51,-0.004776182493230918,0.004929174551636443,0.0002623986281016717
1635776785706,2021-11-01T10:26:25.706,50.52,-0.004031998678092091,0.004121268385755105,0.0025057554204515886
1635776785716,2021-11-01T10:26:25.716,50.53,-0.0014134508149704701,0.0018947289878085724,0.002941681933669675
1635776785726,2021-11-01T10:26:25.726,50.54,0.0018113721923318617,-0.0006922469295777755,0.0018573005785037073
1635776785736,2021-11-01T10:26:25.736,50.55,0.004246986059013972,-0.0017403135671062262,0.0014147920180885903
1635776785746,2021-11-01T10:26:25.746,50.56,0.005045945191343984,-0.0014359630056150824,0.0021788754992405055
1635776785756,2021-11-01T10:26:25.756,50.57,0.005288061134525775,-0.0007686046121698515,0.002482626026883199
1635776785766,2021-11-01T10:26:25.766,50.58,0.006585203331205164,0.00045113649917001287,0.0012933394394702177
1635776785776,2021-11-01T10:26:25.776,50.59,0.008070407061037033,0.0017866922254822274,-0.00014252646954473553
1635776785786,2021-11-01T10:26:25.786,50.6,0.007715679132265349,0.0017226448354929719,4.312469430603451e-06
1635776785796,2021-11-01T10:26:25.796,50.61,0.005738469600307333,0.00040077324599754205,0.0016240791552235808
1635776785806,2021-11-01T10:26:25.806,50.62,0.0035874863524462458,-0.0008391713998661793,0.002687803643427
1635776785816,2021-11-01T10:26:25.816,50.63,0.0015216256248254164,-0.0021024116687090528,0.0020298666487523487
1635776785826,2021-11-01T10:26:25.826,50.64,-0.00034908993071733796,-0.003438051519566862,0.0007634713210607068
1635776785836,2021-11-01T10:26:25.836,50.65,-0.001300826621278665,-0.003110387387150473,-2.260843929417198e-05
1635776785846,2021-11-01T10:26:25.846,50.66,-0.0016525864788753649,-0.0007840993017160691,-0.0006564968270875177
1635776785856,2021-11-01T10:26:25.856,50.67,-0.0025168288649422593,0.000774106348929922,-0.0007023014528003017
1635776785866,2021-11-01T10:26:25.866,50.68,-0.003699639609961001,-0.0003844237099695327,0.0010860093070001774
1635776785876,2021-11-01T10:26:25.876,50.69,-0.004187775905014196,-0.002986076662762338,0.0035372824837846205
1635776785886,2021-11-01T10:26:25.886,50.7,-0.004110737077634638,-0.005405180972575281,0.004091487060598443
1635776785896,2021-11-01T10:26:25.896,50.71,-0.0039940951905485635,-0.007627320259512797,0.003209256905706853
1635776785906,2021-11-01T10:26:25.906,50.72,-0.002964502014208027,-0.009104830985531318,0.003424377687415675
1635776785916,2021-11-01T10:26:25.916,50.73,-0.0003085694051165873,-0.008161613979559255,0.005026892915231238
1635776785926,2021-11-01T10:26:25.926,50.74,0.001973663056189386,-0.005201717593396136,0.0062130466501547285
1635776785936,2021-11-01T10:26:25.936,50.75,0.001438399282915505,-0.0030589642468929566,0.005974461164329236
1635776785946,2021-11-01T10:26:25.946,50.76,-0.0006161803707036718,-0.002826057373087532,0.004886950874649791
1635776785956,2021-11-01T10:26:25.956,50.77,-0.0009987849262931298,-0.002659655900548213,0.004156246409155163
1635776785966,2021-11-01T10:26:25.966,50.78,0.00011946550021746236,-0.0011404164488028451,0.004037274326787025
1635776785976,2021-11-01T10:26:25.976,50.79,-1.7213422630784874e-06,0.0010409868038019163,0.0032749347431914972
1635776785986,2021-11-01T10:26:25.986,50.8,-0.0013164070604646993,0.0023983556841433175,0.0013964107742349035
1635776785996,2021-11-01T10:26:25.996,50.81,-0.0007744198742963549,0.0019080927613148533,8.862961387382656e-05
1635776786006,2021-11-01T10:26:26.006,50.82,0.002466833095776898,-0.00017008726391717167,0.00042728464680271154
1635776786016,2021-11-01T10:26:26.016,50.83,0.005410133687611486,-0.0021075475107312047,0.0012840397156669368
1635776786026,2021-11-01T10:26:26.026,50.84,0.005739877477716253,-0.002290909005346583,0.001923602613047085
1635776786036,2021-11-01T10:26:26.036,50.85,0.0049025568510881,-0.0009742329588894105,0.002792232345713888
1635776786046,2021-11-01T10:26:26.046,50.86,0.005137971288392124,0.00018244669590249273,0.003164189128446186
1635776786056,2021-11-01T10:26:26.056,50.87,0.006084635667893974,0.00014005081503923054,0.002049544273747906
1635776786066,2021-11-01T10:26:26.066,50.88,0.006481498993605766,-0.00034244041573115887,0.0010935071354221532
1635776786076,2021-11-01T10:26:26.076,50.89,0.007067194385517776,0.00023559547385685294,0.0021830589529946323
1635776786086,2021-11-01T10:26:26.086,50.9,0.008859113149419687,0.001891104596030202,0.0035672187975739522
1635776786096,2021-11-01T10:26:26.096,50.91,0.009974530221807297,0.002727601865116381,0.002839195810132736
1635776786106,2021-11-01T10:26:26.106,50.92,0.007800906542745283,0.0015098661226783754,0.0014183831843552121
1635776786116,2021-11-01T10:26:26.116,50.93,0.0035249618762505,-0.0003555193043144934,0.0018785420521903306
1635776786126,2021-11-01T10:26:26.126,50.94,0.0006496889237578499,-0.0010597198496447326,0.003705749190830235
1635776786136,2021-11-01T10:26:26.136,50.95,-8.287470373898384e-05,-0.0012111968999197317,0.004965033872270137
1635776786146,2021-11-01T10:26:26.146,50.96,-0.0006050003331828813,-0.0022250583193841804,0.0050714897067246105
1635776786156,2021-11-01T10:26:26.156,50.97,-0.0017867432125219741,-0.003924023689842112,0.0040446742232892975
1635776786166,2021-11-01T10:26:26.166,50.98,-0.0031005631239640705,-0.005734027352295116,0.0022450401811201144
1635776786176,2021-11-01T10:26:26.176,50.99,-0.004473227216042637,-0.007514269138020323,0.0014148666964601817
1635776786186,2021-11-01T10:26:26.186,51.0,-0.005888360952312389,-0.008192996802423582,0.0028758236083616575
1635776786196,2021-11-01T10:26:26.196,51.01,-0.0064566079358261,-0.006991738043071721,0.00508091350612841
1635776786206,2021-11-01T10:26:26.206,51.02,-0.005463866700611412,-0.005789811597549957,0.005683398295297111
1635776786216,2021-11-01T10:26:26.216,51.03,-0.003319089729577838,-0.006595705753173874,0.004927418348262202
1635776786226,2021-11-01T10:26:26.226,51.04,-0.0010023557701406922,-0.007969761645118138,0.0044973544264467775
1635776786236,2021-11-01T10:26:26.236,51.05,0.0005014447544215476,-0.007286948109162795,0.004544078338596892
1635776786246,2021-11-01T10:26:26.246,51.06,0.0006612572526149825,-0.004388441390011731,0.004309725891693962
1635776786256,2021-11-01T10:26:26.256,51.07,0.00020536374071294597,-0.0006188864423696723,0.00405402996884271
1635776786266,2021-11-01T10:26:26.266,51.08,0.0005974959163009175,0.002847758852830968,0.003977835095365341
1635776786276,2021-11-01T10:26:26.276,51.09,0.0019493246323989011,0.004368610010679988,0.0029589468966377654
1635776786286,2021-11-01T10:26:26.286,51.1,0.0026782300092582484,0.002765716936317432,0.0006085572684541365
1635776786296,2021-11-01T10:26:26.296,51.11,0.002163532450128063,-0.00032738772195922835,-0.001301493498449682
1635776786306,2021-11-01T10:26:26.306,51.12,0.002106956534888868,-0.001637786222101091,-0.001407645676704209
1635776786316,2021-11-01T10:26:26.316,51.13,0.003663563140928599,0.0001225190290677401,-0.0006909984832800353
1635776786326,2021-11-01T10:26:26.326,51.14,0.005015039092154439,0.003480287761589072,-0.0004802419734822247
1635776786336,2021-11-01T10:26:26.336,51.15,0.003912220679139533,0.006369648120968634,-0.000671528980212158
1635776786346,2021-11-01T10:26:26.346,51.16,0.0009968347845221149,0.0075935644369380245,-0.0008247743225753246
1635776786356,2021-11-01T10:26:26.356,51.17,-0.0013413660059319967,0.006740488127988822,-0.0011599427618451707
1635776786366,2021-11-01T10:26:26.366,51.18,-0.0018543894307595497,0.003990373297877676,-0.0017818528908941469
1635776786376,2021-11-01T10:26:26.376,51.19,-0.0007347634290566469,0.0002800102849886654,-0.002101746041927778
1635776786386,2021-11-01T10:26:26.386,51.2,0.0013640198235601786,-0.002659161262883024,-0.0016508107490933281
1635776786396,2021-11-01T10:26:26.396,51.21,0.003371732026418692,-0.003192625700729622,-0.0009433036872218523
1635776786406,2021-11-01T10:26:26.406,51.22,0.004076822551881505,-0.0014074290971795539,-0.0007622826704752549
1635776786416,2021-11-01T10:26:26.416,51.23,0.003258916059176114,0.0009436933998860143,-0.000866462060723409
1635776786426,2021-11-01T10:26:26.426,51.24,0.0020005763299304107,0.00275535371943863,-0.0006521682449506781
1635776786436,2021-11-01T10:26:26.436,51.25,0.0013895467199447039,0.00436921863437316,-0.0006427050451655548
1635776786446,2021-11-01T10:26:26.446,51.26,0.0009726159447617109,0.005668855426726647,-0.0014488015264036095
1635776786456,2021-11-01T10:26:26.456,51.27,-0.0006215747752239024,0.005575549166998069,-0.00199754665782146
1635776786466,2021-11-01T10:26:26.466,51.28,-0.0029053845063053683,0.0039321359664246025,-0.000988918757319897
1635776786476,2021-11-01T10:26:26.476,51.29,-0.0033817655900354846,0.0019677149923394803,0.0009250361796672263
1635776786486,2021-11-01T10:26:26.486,51.3,-0.0015797916712220153,0.0007707461659143483,0.002474861954862787
1635776786496,2021-11-01T10:26:26.496,51.31,-0.00015778445266803105,0.00062221405952465,0.003725198639980532
1635776786506,2021-11-01T10:26:26.506,51.32,-0.0003288393542881944,0.0014118499158656376,0.004715928620067323
1635776786516,2021-11-01T10:26:26.516,51.33,-0.00014260772027807652,0.0025971098615723796,0.00426201440460223
1635776786526,2021-11-01T10:26:26.526,51.34,0.001202395942345417,0.0030899428095366426,0.00231865856283176
1635776786536,2021-11-01T10:26:26.536,51.35,0.0016333650940961266,0.0020761739667675898,0.0012263199065205054
1635776786546,2021-11-01T10:26:26.546,51.36,-4.7762487641061504e-05,-8.010653778287952e-05,0.002192132549546746
1635776786556,2021-11-01T10:26:26.556,51.37,-0.0023903997850272677,-0.002201057942607496,0.0029778032378249995
1635776786566,2021-11-01T10:26:26.566,51.38,-0.003956575196435171,-0.003319037796326758,0.0015719356580606665
1635776786576,2021-11-01T10:26:26.576,51.39,-0.005217221028796744,-0.0030116012462472926,-0.0005691926324313983
1635776786586,2021-11-01T10:26:26.586,51.4,-0.007299179296177725,-0.0012838578313824672,-0.0014116691069402949
1635776786596,2021-11-01T10:26:26.596,51.41,-0.00996867810408461,0.0014257924703039483,-0.0013988041742092013
1635776786606,2021-11-01T10:26:26.606,51.42,-0.011587353949374497,0.004418426008771198,-0.0014376370042149904
1635776786616,2021-11-01T10:26:26.616,51.43,-0.011278627576769607,0.006732171640938233,-0.0012234405389646903
1635776786626,2021-11-01T10:26:26.626,51.44,-0.010102299741963328,0.006835898605417475,-0.0011213348250913974
1635776786636,2021-11-01T10:26:26.636,51.45,-0.009230507571100423,0.0038431012603723216,-0.0021697445675694124
1635776786646,2021-11-01T10:26:26.646,51.46,-0.008560055296453912,-0.0002750958616708557,-0.003591052914086586
1635776786656,2021-11-01T10:26:26.656,51.47,-0.008205699102767467,-0.0020134345472832306,-0.003684194612430332
1635776786666,2021-11-01T10:26:26.666,51.48,-0.009117553043330522,-0.0008099282533570544,-0.002801214562872225
1635776786676,2021-11-01T10:26:26.676,51.49,-0.010810167948397165,0.000613711194925399,-0.0024716322602587027
1635776786686,2021-11-01T10:26:26.686,51.5,-0.010867310755044457,0.0011130424497304493,-0.0026413580954854766
1635776786696,2021-11-01T10:26:26.696,51.51,-0.008404662057660243,0.0028112480012750696,-0.0022876512546688844
1635776786706,2021-11-01T10:26:26.706,51.52,-0.005897724544671528,0.006752551797297356,-0.0016904451223639916
1635776786716,2021-11-01T10:26:26.716,51.53,-0.005702836106502978,0.010246211208265124,-0.0020119490013406197
1635776786726,2021-11-01T10:26:26.726,51.54,-0.006641484307233481,0.01045734940181364,-0.0031211022686776224
1635776786736,2021-11-01T10:26:26.736,51.55,-0.0061156167293190235,0.008305889246117469,-0.0034428755418661784
1635776786746,2021-11-01T10:26:26.746,51.56,-0.004042018235701759,0.006554291284741148,-0.0022145608842810685
1635776786756,2021-11-01T10:26:26.756,51.57,-0.0024680936377015046,0.005568499631593489,-0.0007900329435033657
1635776786766,2021-11-01T10:26:26.766,51.58,-0.0023210759886778723,0.003846350436294644,-0.0009158044698307714
1635776786776,2021-11-01T10:26:26.776,51.59,-0.002543323393576763,0.0019635853725262923,-0.0024168265505351057
1635776786786,2021-11-01T10:26:26.786,51.6,-0.0020193650174592254,0.0024400324411280355,-0.003670577719756935
1635776786796,2021-11-01T10:26:26.796,51.61,-0.0009331011346458772,0.005470874573515689,-0.003746343128745614
1635776786806,2021-11-01T10:26:26.806,51.62,-0.00011905675897633402,0.00813749908964062,-0.0028062530442385537
1635776786816,2021-11-01T10:26:26.816,51.63,0.00026722120313210407,0.008505613853212225,-0.0013308364228129623
1635776786826,2021-11-01T10:26:26.826,51.64,0.0008896954318362447,0.007705631431372617,-0.00021786031596296023
1635776786836,2021-11-01T10:26:26.836,51.65,0.001911054998474246,0.007247291151649097,-0.0002106199478895731
1635776786846,2021-11-01T10:26:26.846,51.66,0.0023520843372382477,0.006727969839794181,-0.0005071896631450732
1635776786856,2021-11-01T10:26:26.856,51.67,0.0016382913469852834,0.005233599200081462,0.00010606668719943905
1635776786866,2021-11-01T10:26:26.866,51.68,0.0009625200247027747,0.0031091085837515724,0.0009354479316083607
1635776786876,2021-11-01T10:26:26.876,51.69,0.0015625073464254902,0.001230673642010044,0.0005532913222243505
1635776786886,2021-11-01T10:26:26.886,51.7,0.0023282734408779197,-0.00011003852418304524,-0.0004525802630130017
1635776786896,2021-11-01T10:26:26.896,51.71,0.0014188881294531488,-0.0008005817685289056,-0.0002699761342491607
1635776786906,2021-11-01T10:26:26.906,51.72,-0.000330201261175362,-0.0005106734477386658,0.001144353706087129
1635776786916,2021-11-01T10:26:26.916,51.73,-0.0005904186397973568,0.00036203874908530384,0.0017462963941546718
1635776786926,2021-11-01T10:26:26.926,51.74,0.0005249269258797962,-0.00010350031761111113,0.0002983001556130107
1635776786936,2021-11-01T10:26:26.936,51.75,0.0010997270727624118,-0.003264293096965005,-0.0015575681914622858
1635776786946,2021-11-01T10:26:26.946,51.76,0.0012129793050924922,-0.0064632583414834365,-0.0014633721664360447
1635776786956,2021-11-01T10:26:26.956,51.77,0.0023247743473094086,-0.005394738040205503,-0.0001234405751263754
1635776786966,2021-11-01T10:26:26.966,51.78,0.0033733569787970027,-0.001523820835676262,-0.00023088287150888176
1635776786976,2021-11-01T10:26:26.976,51.79,0.001745667579419066,-0.0008981738355794174,-0.0015868969873522954
1635776786986,2021-11-01T10:26:26.986,51.8,-0.0015206609215525956,-0.0035328552202096033,-0.0012324759816002766
1635776786996,2021-11-01T10:26:26.996,51.81,-0.002142736794168155,-0.0030966550078437233,0.0011344699638766885
1635776787006,2021-11-01T10:26:27.006,51.82,0.0005510865184803228,0.0009099063934633216,0.0023940213890849666
1635776787016,2021-11-01T10:26:27.016,51.83,0.0020887150916615725,0.001847080728955223,0.001249934840336097
1635776787026,2021-11-01T10:26:27.026,51.84,0.0001810304776065203,-0.0018522411458703576,-2.2132008855300944e-05
1635776787036,2021-11-01T10:26:27.036,51.85,-0.0015490302183646528,-0.0044319489183099695,0.00036348582242580653
1635776787046,2021-11-01T10:26:27.046,51.86,-1.221877359507687e-05,-0.003091012239574001,0.0014229099098668637
1635776787056,2021-11-01T10:26:27.056,51.87,0.0020890566879205098,-0.000945534887688794,0.0017364994450981505
1635776787066,2021-11-01T10:26:27.066,51.88,0.001151572754181564,-0.0001982855769961257,0.0014547999888897658
1635776787076,2021-11-01T10:26:27.076,51.89,-0.0013259235803953601,0.0005544642070244887,0.0013231765654939643
1635776787086,2021-11-01T10:26:27.086,51.9,-0.001775697281401797,0.002296486443377231,0.001398587497876082
1635776787096,2021-11-01T10:26:27.096,51.91,-0.00046304942390048973,0.0033180954329586725,0.0014825282265192043
1635776787106,2021-11-01T10:26:27.106,51.92,-0.000267557158881608,0.0019045270400849029,0.0017141463056504023
1635776787116,2021-11-01T10:26:27.116,51.93,-0.0016273875876044717,-0.0008404443210459243,0.0019395233750688907
1635776787126,2021-11-01T10:26:27.126,51.94,-0.0023536186241075894,-0.0023921985111346983,0.0015432726995218467
1635776787136,2021-11-01T10:26:27.136,51.95,-0.001367792399103398,-0.002167951420839841,0.0007790692566373311
1635776787146,2021-11-01T10:26:27.146,51.96,0.0003185313743119831,-0.0016676662230687678,0.0008912530385167939
1635776787156,2021-11-01T10:26:27.156,51.97,0.001611132033990859,-0.0015072831057743208,0.001863188821759421
1635776787166,2021-11-01T10:26:27.166,51.98,0.00217078364048316,-0.00038287111913822133,0.001976552519328048
1635776787176,2021-11-01T10:26:27.176,51.99,0.0021788197756922156,0.002459753072481786,0.0009473127181962708
1635776787186,2021-11-01T10:26:27.186,52.0,0.0025337340780884074,0.005032084779971137,0.0008756359017585343
1635776787196,2021-11-01T10:26:27.196,52.01,0.0039962103579096984,0.003909810151816247,0.0024290953461440132
1635776787206,2021-11-01T10:26:27.206,52.02,0.005790225318343327,-0.001531024779699278,0.0033587905653982434
1635776787216,2021-11-01T10:26:27.216,52.03,0.006484236721800598,-0.00654019497560169,0.0025661872191305667
1635776787226,2021-11-01T10:26:27.226,52.04,0.00592346391594439,-0.005463037609415031,0.0018767862142816158
1635776787236,2021-11-01T10:26:27.236,52.05,0.004961339745908944,0.0003936472751644815,0.002288141015268184
1635776787246,2021-11-01T10:26:27.246,52.06,0.003935994313192739,0.0037490013730029055,0.002522129343748724
1635776787256,2021-11-01T10:26:27.256,52.07,0.0026800213987319354,0.0018029988981615908,0.0021358446169922147
1635776787266,2021-11-01T10:26:27.266,52.08,0.0013918192931748133,-0.000448789637669051,0.0019999018362031325
1635776787276,2021-11-01T10:26:27.276,52.09,0.0003421979549545356,0.00028709281399347844,0.001777539585311957
1635776787286,2021-11-01T10:26:27.286,52.1,-0.0005819851783991159,0.0005868668851254882,0.0006941821739688979
1635776787296,2021-11-01T10:26:27.296,52.11,-0.0012083173072522562,-0.0019255648944823103,-0.00015114131120139878
1635776787306,2021-11-01T10:26:27.306,52.12,-0.0010683172469475599,-0.0038662273575251886,0.00044777440701740785
1635776787316,2021-11-01T10:26:27.316,52.13,-0.0006110693401234178,-0.00254014307878699,0.0011944601572707388
1635776787326,2021-11-01T10:26:27.326,52.14,-0.0009261222601316538,-0.00013045639827492697,0.00043558645199271074
1635776787336,2021-11-01T10:26:27.336,52.15,-0.0019220584874581296,0.0008122380899554996,-0.0005882993121140484
1635776787346,2021-11-01T10:26:27.346,52.16,-0.002414383325461955,0.00040669568181403074,0.0002983868908413852
1635776787356,2021-11-01T10:26:27.356,52.17,-0.0021240339388932726,-0.0008428568571699917,0.002176333706291703
1635776787366,2021-11-01T10:26:27.366,52.18,-0.0019515714835577937,-0.002770261103475575,0.0023623108482079365
1635776787376,2021-11-01T10:26:27.376,52.19,-0.002206823371106677,-0.004036784315050431,0.0009600604768772364
1635776787386,2021-11-01T10:26:27.386,52.2,-0.0020486194165850484,-0.003364932521204082,0.0003954076585431144
1635776787396,2021-11-01T10:26:27.396,52.21,-0.0009455968265805812,-0.0018146871707187537,0.0011757517837678267
1635776787406,2021-11-01T10:26:27.406,52.22,0.0005136519043194917,-0.0014302314554366744,0.0019403355722137936
1635776787416,2021-11-01T10:26:27.416,52.23,0.0017348994056994667,-0.0023123857892627725,0.0027194482775690443
1635776787426,2021-11-01T10:26:27.426,52.24,0.0028492231630041567,-0.0029210395221169667,0.004260661355116064
1635776787436,2021-11-01T10:26:27.436,52.25,0.0036968752583901128,-0.002724507885108117,0.0052117131624878675
1635776787446,2021-11-01T10:26:27.446,52.26,0.0036581265576153296,-0.0026902946722501203,0.0036530109052401198
1635776787456,2021-11-01T10:26:27.456,52.27,0.0032346667110160618,-0.00330863041294651,0.0005159838689300267
1635776787466,2021-11-01T10:26:27.466,52.28,0.0037440626173268167,-0.0038387468131330636,-0.001606110091581684
1635776787476,2021-11-01T10:26:27.476,52.29,0.004929509653612017,-0.003390391361713362,-0.001991184972304995
1635776787486,2021-11-01T10:26:27.486,52.3,0.005199736687707467,-0.0015599406048246443,-0.0014509119216578503
1635776787496,2021-11-01T10:26:27.496,52.31,0.004195298091379298,0.0012541111891590563,-7.140826323157563e-05
1635776787506,2021-11-01T10:26:27.506,52.32,0.0029645636388081226,0.0034453217256217466,0.0018464068346530037
1635776787516,2021-11-01T10:26:27.516,52.33,0.002161885956880734,0.003547431861077667,0.002439359489736381
1635776787526,2021-11-01T10:26:27.526,52.34,0.0015508510084493638,0.002511990677106491,0.0007578675929433838
1635776787536,2021-11-01T10:26:27.536,52.35,0.0006607138130327418,0.00285083654365717,-0.001151488451723712
1635776787546,2021-11-01T10:26:27.546,52.36,-0.0005357070978902704,0.004828162773929258,-0.0010031882707779644
1635776787556,2021-11-01T10:26:27.556,52.37,-0.001339879283054823,0.0055170629836936765,0.0005092419345431055
1635776787566,2021-11-01T10:26:27.566,52.38,-0.0012037574378309607,0.0029872996841089736,0.0010987508271298307
1635776787576,2021-11-01T10:26:27.576,52.39,-0.0006954759000579952,-0.0006838241962679809,0.00017780300476648883
1635776787586,2021-11-01T10:26:27.586,52.4,-0.0006853349430775979,-0.0024812532054586693,-0.0008139889444305961
1635776787596,2021-11-01T10:26:27.596,52.41,-0.0011353063787902854,-0.002052357776933761,-0.00082048391819718
1635776787606,2021-11-01T10:26:27.606,52.42,-0.0015416396195657787,-0.0005521377993124403,-0.0006028255835817946
1635776787616,2021-11-01T10:26:27.616,52.43,-0.0017868765249926838,0.0006750154705573442,-0.001233919248055826
1635776787626,2021-11-01T10:26:27.626,52.44,-0.0018721065885542588,-0.00030341401583675043,-0.0019232812999113408
1635776787636,2021-11-01T10:26:27.636,52.45,-0.0015379195221425068,-0.0032671925900402575,-0.0009154866778091782
1635776787646,2021-11-01T10:26:27.646,52.46,-0.0006950187130406181,-0.004248258399302526,0.0014133265511302691
1635776787656,2021-11-01T10:26:27.656,52.47,0.0001753395414508721,-0.0017577495161023864,0.0025296718141645663
1635776787666,2021-11-01T10:26:27.666,52.48,0.00041534166253937103,-0.0003013732507456882,0.0015034431597707979
1635776787676,2021-11-01T10:26:27.676,52.49,1.5517330844902168e-05,-0.0021943224308187195,0.0003772007802527221
1635776787686,2021-11-01T10:26:27.686,52.5,-0.0003284450871705031,-0.0027766876564923925,0.0006506737628314777
1635776787696,2021-11-01T10:26:27.696,52.51,-0.0005434802957752845,0.00023344213764267953,0.0008967480932945003
1635776787706,2021-11-01T10:26:27.706,52.52,-0.0015602402684915442,0.0010839113224597925,-0.0005286714147340192
1635776787716,2021-11-01T10:26:27.716,52.53,-0.0030449920129026293,-0.003964634307190645,-0.0024638735677793714
1635776787726,2021-11-01T10:26:27.726,52.54,-0.002807324238927138,-0.009354713029320096,-0.0024365781606761803
1635776787736,2021-11-01T10:26:27.736,52.55,-0.0005590631255012709,-0.008782590991459414,-0.00023535674848965214
1635776787746,2021-11-01T10:26:27.746,52.56,0.0006932804930421077,-0.003679550375114439,0.00143987264570266
1635776787756,2021-11-01T10:26:27.756,52.57,-0.0005160154477970283,0.001125420876036319,0.00026554906308945154
1635776787766,2021-11-01T10:26:27.766,52.58,-0.0014700743295513578,0.004084049024298285,-0.0026857003942304873
1635776787776,2021-11-01T10:26:27.776,52.59,-0.00021765413042492158,0.006065746178669534,-0.0047553447205251394
1635776787786,2021-11-01T10:26:27.786,52.6,0.0007243587562943741,0.006753725207155085,-0.005562802822778101
1635776787796,2021-11-01T10:26:27.796,52.61,-0.0010801193845550057,0.00456755319133059,-0.006479740155387159
1635776787806,2021-11-01T10:26:27.806,52.62,-0.0033470089045831873,-0.00022598955971928644,-0.0076212422887867795
1635776787816,2021-11-01T10:26:27.816,52.63,-0.002700148159367696,-0.0038265246770892393,-0.008329896114552416
1635776787826,2021-11-01T10:26:27.826,52.64,2.2944019610073333e-05,-0.002746662709363102,-0.008857935838914994
1635776787836,2021-11-01T10:26:27.836,52.65,0.0016472283130570535,0.001217963755808116,-0.00921195180768532
1635776787846,2021-11-01T10:26:27.846,52.66,0.0014942629736113336,0.0036633671773191982,-0.008502576898618037
1635776787856,2021-11-01T10:26:27.856,52.67,0.0013935823834991127,0.004222726039367439,-0.006816365020242389
1635776787866,2021-11-01T10:26:27.866,52.68,0.0025311588773611797,0.005436627763520668,-0.005557638732246422
1635776787876,2021-11-01T10:26:27.876,52.69,0.004336950997755867,0.006439471250050775,-0.005377703053883696
1635776787886,2021-11-01T10:26:27.886,52.7,0.005761696647411661,0.003959545888366747,-0.00553380314643465
1635776787896,2021-11-01T10:26:27.896,52.71,0.006724664450340095,-0.0011121653558018169,-0.005203714370215159
1635776787906,2021-11-01T10:26:27.906,52.72,0.007921574546027637,-0.003685293316462229,-0.0040322286904757795
1635776787916,2021-11-01T10:26:27.916,52.73,0.008964422852384501,-0.0010493010697601593,-0.002020359629856347
1635776787926,2021-11-01T10:26:27.926,52.74,0.00829312893951471,0.004052123412447703,-0.00017526530510726223
1635776787936,2021-11-01T10:26:27.936,52.75,0.006055131551205068,0.006958175576429479,-0.00020134057884972287
1635776787946,2021-11-01T10:26:27.946,52.76,0.0044261223397909066,0.005732989866800672,-0.0021556608424350993
1635776787956,2021-11-01T10:26:27.956,52.77,0.003769086377268035,0.0020590090798452403,-0.003615319651489886
1635776787966,2021-11-01T10:26:27.966,52.78,0.0019398309175859948,-0.0015605584637059212,-0.0026698131570037087
1635776787976,2021-11-01T10:26:27.976,52.79,-0.001600666244118688,-0.004264349335799962,-0.0006468069383579767
1635776787986,2021-11-01T10:26:27.986,52.8,-0.004626484911569308,-0.005899234639548707,-0.0001999756837810471
1635776787996,2021-11-01T10:26:27.996,52.81,-0.005693851277579405,-0.00556289727401325,-0.001534112168724736
1635776788006,2021-11-01T10:26:28.006,52.82,-0.005893955896246286,-0.0033200876162463302,-0.0024763570710984086
1635776788016,2021-11-01T10:26:28.016,52.83,-0.006731582612178089,-0.0016791809937289441,-0.001992923326440095
1635776788026,2021-11-01T10:26:28.026,52.84,-0.008105774685389231,-0.002700600195383274,-0.0016036758326832949
1635776788036,2021-11-01T10:26:28.036,52.85,-0.008716804090779816,-0.005113075272511742,-0.0026674120828883083
1635776788046,2021-11-01T10:26:28.046,52.86,-0.007689402866662609,-0.006483462679013303,-0.0038356479134428246
1635776788056,2021-11-01T10:26:28.056,52.87,-0.005467459968256986,-0.006447673846060651,-0.0028652367375334273
1635776788066,2021-11-01T10:26:28.066,52.88,-0.003297783450713047,-0.005744614658424995,-0.000309514801889054
1635776788076,2021-11-01T10:26:28.076,52.89,-0.00204203883896349,-0.0042258127201459435,0.0008980725102515097
1635776788086,2021-11-01T10:26:28.086,52.9,-0.0012937441706265906,-0.0022656861337631905,-0.00025949827124624187
1635776788096,2021-11-01T10:26:28.096,52.91,0.00025855339145285257,-0.0015951478638656486,-0.0016533638749632708
1635776788106,2021-11-01T10:26:28.106,52.92,0.002901635434342199,-0.0020749580738782013,-0.0018108951272626408
1635776788116,2021-11-01T10:26:28.116,52.93,0.004860724517798073,-0.001098633399661912,-0.0019482518549665602
1635776788126,2021-11-01T10:26:28.126,52.94,0.004687689137712169,0.0014003575555439798,-0.0029623200107919715
1635776788136,2021-11-01T10:26:28.136,52.95,0.003845235572776046,0.0020828513885368274,-0.0034275567711598695
1635776788146,2021-11-01T10:26:28.146,52.96,0.004671741036175698,6.159266235862451e-05,-0.002285016507761776
1635776788156,2021-11-01T10:26:28.156,52.97,0.0065869099055985755,-0.0018037681531219041,-0.0009932338667573049
1635776788166,2021-11-01T10:26:28.166,52.98,0.007049072590139673,-0.0018517332555201983,-0.001137045451015515
1635776788176,2021-11-01T10:26:28.176,52.99,0.005799416221487547,-0.0006618375234263439,-0.0017416344344417132
1635776788186,2021-11-01T10:26:28.186,53.0,0.005079198940116278,0.0013496241355587704,-0.0009173452295919431
1635776788196,2021-11-01T10:26:28.196,53.01,0.005574870548733287,0.0031240899116275877,0.0009395987606521642
1635776788206,2021-11-01T10:26:28.206,53.02,0.005421618647916633,0.002789515077658365,0.0016040877781638404
1635776788216,2021-11-01T10:26:28.216,53.03,0.0038012757198660103,0.0008219658694884048,0.00034691692415737173
1635776788226,2021-11-01T10:26:28.226,53.04,0.002368825929106008,-0.0003553804307144545,-0.0009879479723440322
1635776788236,2021-11-01T10:26:28.236,53.05,0.0023084455168498196,-0.00010574060474345399,-0.0005831496279211818
1635776788246,2021-11-01T10:26:28.246,53.06,0.0026037840772885424,0.000759817513759235,0.0008627641295240216
1635776788256,2021-11-01T10:26:28.256,53.07,0.0019077287429098415,0.0018060189341477084,0.0011279164823702
1635776788266,2021-11-01T10:26:28.266,53.08,0.00030254639984475567,0.0014539470606683771,-0.0003921846237748682
1635776788276,2021-11-01T10:26:28.276,53.09,-0.0011628600133836125,-0.0019547494680956013,-0.0018856651879547138
1635776788286,2021-11-01T10:26:28.286,53.1,-0.001622359332678275,-0.005412489457156585,-0.0019339477789504175
1635776788296,2021-11-01T10:26:28.296,53.11,-0.0009862995262684745,-0.0038220741553946017,-0.001394527981511765
1635776788306,2021-11-01T10:26:28.306,53.12,3.757395721706706e-05,0.0009152345998849887,-0.0014573458295660514
1635776788316,2021-11-01T10:26:28.316,53.13,0.0005505458331011882,0.0012135316057804407,-0.001548088097329747
1635776788326,2021-11-01T10:26:28.326,53.14,0.00045292942351559664,-0.0037016347537384203,-0.0005240931408827341
1635776788336,2021-11-01T10:26:28.336,53.15,0.000610667250469574,-0.0058595302193923254,0.0010484119728759098
1635776788346,2021-11-01T10:26:28.346,53.16,0.0015229360752910448,-0.002120329875487986,0.0013554868845003366
1635776788356,2021-11-01T10:26:28.356,53.17,0.0022939450558693017,0.0007857852380054475,0.000248036908597666
1635776788366,2021-11-01T10:26:28.366,53.18,0.0018752253669227065,-0.0011166718055858704,-6.969724131331524e-05
1635776788376,2021-11-01T10:26:28.376,53.19,0.0008069737566488857,-0.0025256162309311545,0.0014900488738495367
1635776788386,2021-11-01T10:26:28.386,53.2,0.0005025525309787443,0.0001710351798414635,0.0028802786040486397
1635776788396,2021-11-01T10:26:28.396,53.21,0.0011937548809752177,0.0020332330158282855,0.0023607750630146003
1635776788406,2021-11-01T10:26:28.406,53.22,0.0018215925349039177,-0.0014335892887542435,0.0015987880846931942
1635776788416,2021-11-01T10:26:28.416,53.23,0.0017978688130275674,-0.007079303965206848,0.0029182932927913213
1635776788426,2021-11-01T10:26:28.426,53.24,0.0016964112543992244,-0.009727700883341343,0.005521806382141891
1635776788436,2021-11-01T10:26:28.436,53.25,0.002031035616832398,-0.008506710294565355,0.006845437101450889
1635776788446,2021-11-01T10:26:28.446,53.26,0.0023376077039589916,-0.004892999732890769,0.006123487251884283
1635776788456,2021-11-01T10:26:28.456,53.27,0.0018721650141891519,0.00020625076922463229,0.004605471833165084
1635776788466,2021-11-01T10:26:28.466,53.28,0.0007003476787686518,0.004539239827297266,0.003419425157560635
1635776788476,2021-11-01T10:26:28.476,53.29,-7.679834939593153e-05,0.0041990519449426385,0.0027207348996616315
1635776788486,2021-11-01T10:26:28.486,53.3,0.0006834835673075253,-0.0013359919406147175,0.0021862238992453134
1635776788496,2021-11-01T10:26:28.496,53.31,0.0024300912135912277,-0.007237246958040634,0.0014645456818568648
1635776788506,2021-11-01T10:26:28.506,53.32,0.002992398143808675,-0.009100614832886777,0.000379907482880603
1635776788516,2021-11-01T10:26:28.516,53.33,0.0015446075880192838,-0.007614572138784274,-0.0010290341639982833
1635776788526,2021-11-01T10:26:28.526,53.34,-3.085237840330386e-06,-0.005548689035573614,-0.002536313771037152
1635776788536,2021-11-01T10:26:28.536,53.35,-3.7145553018260184e-05,-0.003329391006526408,-0.00372979463582778
1635776788546,2021-11-01T10:26:28.546,53.36,0.00033736587970652215,0.00016379632402080434,-0.004209447765673413
1635776788556,2021-11-01T10:26:28.556,53.37,-0.0004235687538746032,0.004769595921806535,-0.004038095279187663
1635776788566,2021-11-01T10:26:28.566,53.38,-0.0014577770241118253,0.008692169981226103,-0.003988103191830566
1635776788576,2021-11-01T10:26:28.576,53.39,-0.000807444121503798,0.00924638033918813,-0.004880396701528188
1635776788586,2021-11-01T10:26:28.586,53.4,0.0014253414296375338,0.004426982769214853,-0.006241331164815575
1635776788596,2021-11-01T10:26:28.596,53.41,0.003149147682169888,-0.0031637191573703474,-0.006265265167273493
1635776788606,2021-11-01T10:26:28.606,53.42,0.0034011895888928917,-0.006273285645232294,-0.004074728273288574
1635776788616,2021-11-01T10:26:28.616,53.43,0.0033127769090180296,-0.0018636807686342241,-0.0014153523741855254
1635776788626,2021-11-01T10:26:28.626,53.44,0.0034515962630156743,0.0035275576638324835,-0.0007845297451770375
1635776788636,2021-11-01T10:26:28.636,53.45,0.0027656779826538917,0.0030200298416036106,-0.0021500492694256296
1635776788646,2021-11-01T10:26:28.646,53.46,0.0012503089726143954,-0.0010625908352591617,-0.002996848545546291
1635776788656,2021-11-01T10:26:28.656,53.47,0.0007704781210956587,-0.0029102485332132082,-0.001768944291088373
1635776788666,2021-11-01T10:26:28.666,53.48,0.0017793893233420041,-0.0025204709367274477,0.0003872583177829918
1635776788676,2021-11-01T10:26:28.676,53.49,0.0021092095057305893,-0.0031133802999153445,0.0017222031393287166
1635776788686,2021-11-01T10:26:28.686,53.5,0.00046691611486616974,-0.004615944211966771,0.0018310851388211205
1635776788696,2021-11-01T10:26:28.696,53.51,-0.0016743456835607716,-0.0049547004798615344,0.001127074139944425
1635776788706,2021-11-01T10:26:28.706,53.52,-0.0027707462000710645,-0.0038721355006973773,0.00026942732725174164
1635776788716,2021-11-01T10:26:28.716,53.53,-0.0029905724926738205,-0.0023169842290676783,5.928690498899294e-05
1635776788726,2021-11-01T10:26:28.726,53.54,-0.0027353003227090543,-0.0010039710722330995,0.00045879825474675056
1635776788736,2021-11-01T10:26:28.736,53.55,-0.002079552228304267,-0.0006566691248106769,0.0005463931770801674
1635776788746,2021-11-01T10:26:28.746,53.56,-0.0015995014694335967,-0.001335281995697316,0.00021565730069116217
1635776788756,2021-11-01T10:26:28.756,53.57,-0.001506706232432672,-0.0017042800950780614,0.00037206035513289283
1635776788766,2021-11-01T10:26:28.766,53.58,-0.0010000799361681515,-0.0008298019742459977,0.0010913452246948696
1635776788776,2021-11-01T10:26:28.776,53.59,-0.00019438962040128574,3.5431758020955514e-05,0.0011856948889518428
1635776788786,2021-11-01T10:26:28.786,53.6,-0.0004913129113977478,-0.0007867930816217164,-0.00011530095705885953
1635776788796,2021-11-01T10:26:28.796,53.61,-0.0016114611529257782,-0.002497696320643536,-0.0019321680628593227
1635776788806,2021-11-01T10:26:28.806,53.62,-0.0013504801671199852,-0.0025762554766835064,-0.0024772526848083638
1635776788816,2021-11-01T10:26:28.816,53.63,0.0004998007533236072,-0.00036821875662140904,-0.001159518131161173
1635776788826,2021-11-01T10:26:28.826,53.64,0.0014797506160758697,0.0019257774031721726,0.0003817723422368085
1635776788836,2021-11-01T10:26:28.836,53.65,0.0006275171170361546,0.002313642755436254,0.00038850507896814564
1635776788846,2021-11-01T10:26:28.846,53.66,-4.7043982649205824e-05,0.001498691037413063,-0.0003792632649887188
1635776788856,2021-11-01T10:26:28.856,53.67,0.0011069561538952523,0.0013496376735862127,-3.681649322474709e-06
1635776788866,2021-11-01T10:26:28.866,53.68,0.0031665715494339844,0.0018087777505711423,0.0011988929052382039
1635776788876,2021-11-01T10:26:28.876,53.69,0.004127489244238982,0.0008815167017527982,0.0011687781301699335
1635776788886,2021-11-01T10:26:28.886,53.7,0.0033066853591484564,-0.0019506158765135884,-0.000327589087749049
1635776788896,2021-11-01T10:26:28.896,53.71,0.00198547357339563,-0.004023815692501147,-0.0012318475838719116
1635776788906,2021-11-01T10:26:28.906,53.72,0.0015774836859076755,-0.0027727499719767206,-0.0005008813912983497
1635776788916,2021-11-01T10:26:28.916,53.73,0.0017438757076498317,0.0005067092268659598,0.0004679160432697132
1635776788926,2021-11-01T10:26:28.926,53.74,0.0015463876363718575,0.0021915703579794984,0.00041532642411657686
1635776788936,2021-11-01T10:26:28.936,53.75,0.0012495234942567204,0.001080860674295637,0.00013700293694843006
1635776788946,2021-11-01T10:26:28.946,53.76,0.0012172148356415873,-0.0003790937400501037,0.0007297246035914078
1635776788956,2021-11-01T10:26:28.956,53.77,0.0008887443854068034,5.904605959837462e-05,0.0016589676086221953
1635776788966,2021-11-01T10:26:28.966,53.78,0.00035282417854947437,0.0011976966063593742,0.0018871644775569863
1635776788976,2021-11-01T10:26:28.976,53.79,0.0004995283536931183,0.00030106101400010623,0.0017545564417764813
1635776788986,2021-11-01T10:26:28.986,53.8,0.0007264838173120804,-0.0029619294912540408,0.0022541330102207402
1635776788996,2021-11-01T10:26:28.996,53.81,-0.0007063814417982802,-0.005878588515803645,0.0028955395768788957
1635776789006,2021-11-01T10:26:29.006,53.82,-0.0033952163460467762,-0.005721294987623369,0.002054820173148667
1635776789016,2021-11-01T10:26:29.016,53.83,-0.004488544627375133,-0.0031630116502451857,-0.00018335483010332749
1635776789026,2021-11-01T10:26:29.026,53.84,-0.002476876555940747,-0.0018153114089103635,-0.001401767415049166
1635776789036,2021-11-01T10:26:29.036,53.85,0.000741208706502739,-0.002867319548886126,-0.00013799790350646788
1635776789046,2021-11-01T10:26:29.046,53.86,0.0024072346803347706,-0.0026599698302062005,0.0018372183261881683
1635776789056,2021-11-01T10:26:29.056,53.87,0.001909101107324698,0.0009912052800226474,0.002039473692995714
1635776789066,2021-11-01T10:26:29.066,53.88,0.0006134944071437647,0.0044011212563299104,0.0008224480751637428
1635776789076,2021-11-01T10:26:29.076,53.89,-4.24134895595506e-05,0.004774713685784132,0.000500324456624129
1635776789086,2021-11-01T10:26:29.086,53.9,9.703866705647291e-05,0.005057116525838085,0.0015639489705670678
1635776789096,2021-11-01T10:26:29.096,53.91,-5.4109482193500453e-05,0.006566857797338035,0.0020928527207782727
1635776789106,2021-11-01T10:26:29.106,53.92,-0.0012954704764975395,0.004954799565587615,0.0012496607565370996
1635776789116,2021-11-01T10:26:29.116,53.93,-0.002785697757693309,-0.0010183250910048673,0.0009162116809691951
1635776789126,2021-11-01T10:26:29.126,53.94,-0.0030415602683997404,-0.00571176005388863,0.002547989263548461
1635776789136,2021-11-01T10:26:29.136,53.95,-0.00223313376480407,-0.005644690732896642,0.00457412474318505
1635776789146,2021-11-01T10:26:29.146,53.96,-0.002144088847035211,-0.0030963377466289516,0.004760442341731794
1635776789156,2021-11-01T10:26:29.156,53.97,-0.0034377161215489475,0.0005964112378206029,0.0033219953425637676
1635776789166,2021-11-01T10:26:29.166,53.98,-0.004764786968301736,0.005730484559994376,0.001887967295283246
1635776789176,2021-11-01T10:26:29.176,53.99,-0.005120461605794844,0.008963606687634743,0.001127129548137879
1635776789186,2021-11-01T10:26:29.186,54.0,-0.004657905838120287,0.0064361331922722555,0.000898927255260823
1635776789196,2021-11-01T10:26:29.196,54.01,-0.003162358062389475,0.0005913067100831546,0.0010269586884132128
1635776789206,2021-11-01T10:26:29.206,54.02,-0.0008324668807529216,-0.0031074655729507288,0.0010057765346053772
1635776789216,2021-11-01T10:26:29.216,54.03,0.00022104583632398008,-0.0036587316131002946,0.0005104272207098865
1635776789226,2021-11-01T10:26:29.226,54.04,-0.0012135997968842312,-0.003396644603558115,0.00014971465968685425
1635776789236,2021-11-01T10:26:29.236,54.05,-0.0025425340981006014,-0.002467340772796666,0.00043020019058160095
1635776789246,2021-11-01T10:26:29.246,54.06,-0.0009919020730779424,0.0008209765854986261,0.0009934172865368488
1635776789256,2021-11-01T10:26:29.256,54.07,0.0015415232547055378,0.005890846541283118,0.0016732420998385672
1635776789266,2021-11-01T10:26:29.266,54.08,0.0014289424775543683,0.009647805093694296,0.002683896916191123
1635776789276,2021-11-01T10:26:29.276,54.09,-0.0004061947238972872,0.01000726213014234,0.0034929985536831295
1635776789286,2021-11-01T10:26:29.286,54.1,0.00010037341547010593,0.00758218052182222,0.003154245757315822
1635776789296,2021-11-01T10:26:29.296,54.11,0.0033477916054798955,0.0037545589700904037,0.0018445881032885555
1635776789306,2021-11-01T10:26:29.306,54.12,0.0055957934546694635,-0.000561399643433211,0.0009934614615808026
1635776789316,2021-11-01T10:26:29.316,54.13,0.005041900225300516,-0.003324481616649851,0.0015582954324331552
1635776789326,2021-11-01T10:26:29.326,54.14,0.0037470631741839313,-0.002085757030999198,0.0026164912409191556
1635776789336,2021-11-01T10:26:29.336,54.15,0.0032800385566183555,0.0017076704880573477,0.0025466643972157227
1635776789346,2021-11-01T10:26:29.346,54.16,0.002581620032689574,0.003423858637344381,0.001403530670873075
1635776789356,2021-11-01T10:26:29.356,54.17,0.000799966398345937,0.002086157963274512,0.0006438132410100134
1635776789366,2021-11-01T10:26:29.366,54.18,-0.001011199111752116,0.0012539847003278613,0.0007397023666325232
1635776789376,2021-11-01T10:26:29.376,54.19,-0.0017436513305684217,0.0020355521861230522,0.0009150917595627747
1635776789386,2021-11-01T10:26:29.386,54.2,-0.0017242033420891908,0.0015196710288983136,0.0010220730354782897
1635776789396,2021-11-01T10:26:29.396,54.21,-0.001977596115671567,-0.000979751042184194,0.0017625147700049467
1635776789406,2021-11-01T10:26:29.406,54.22,-0.003017474064523995,-0.0023623744764061654,0.0031152557154036785
1635776789416,2021-11-01T10:26:29.416,54.23,-0.0044446510972852085,-0.0011985560264518125,0.004088702207806497
1635776789426,2021-11-01T10:26:29.426,54.24,-0.0054457948176372915,0.0004544333153143891,0.003853049739059357
1635776789436,2021-11-01T10:26:29.436,54.25,-0.005645280024339517,0.0010403949003514508,0.002316495996792722
1635776789446,2021-11-01T10:26:29.446,54.26,-0.005264815997397478,0.0010936978292744404,0.00036420735312463085
1635776789456,2021-11-01T10:26:29.456,54.27,-0.004680952426141516,0.0007158959056113583,-0.0003979147331987654
1635776789466,2021-11-01T10:26:29.466,54.28,-0.004410765416895378,-0.0009440601842349602,0.0005722900327904105
1635776789476,2021-11-01T10:26:29.476,54.29,-0.004857607246652372,-0.003139070991137642,0.0017985622456122767
1635776789486,2021-11-01T10:26:29.486,54.3,-0.005283854796416366,-0.0034417404117130772,0.0018945063664666728
1635776789496,2021-11-01T10:26:29.496,54.31,-0.004454337264650719,-0.0012351115047105655,0.0013443790704968591
1635776789506,2021-11-01T10:26:29.506,54.32,-0.0029331111259173,0.001182686338214874,0.0010612036459953461
1635776789516,2021-11-01T10:26:29.516,54.33,-0.002402981759114066,0.0019531471828601417,0.000950521549991003
1635776789526,2021-11-01T10:26:29.526,54.34,-0.002504578626287147,0.0018017202993103592,0.0009297080725696375
1635776789536,2021-11-01T10:26:29.536,54.35,-0.001411310572172165,0.002059773413669165,0.001474977121093218
1635776789546,2021-11-01T10:26:29.546,54.36,0.0006616285586446039,0.0026682524392001913,0.0022650710763045387
1635776789556,2021-11-01T10:26:29.556,54.37,0.0016842481386484512,0.0029228759206632914,0.0019951227931254167
1635776789566,2021-11-01T10:26:29.566,54.38,0.0010816279455819484,0.002616413020185335,0.0002657564251936474
1635776789576,2021-11-01T10:26:29.576,54.39,0.00021515246888729594,0.001694672994970663,-0.0015612153477342146
1635776789586,2021-11-01T10:26:29.586,54.4,0.0002475029080929401,7.989853393340878e-05,-0.0019148572795739689
1635776789596,2021-11-01T10:26:29.596,54.41,0.001197191516830394,-0.0013302316911953846,-0.0008248594341414335
1635776789606,2021-11-01T10:26:29.606,54.42,0.0024193150205211707,-0.000923879804116428,0.00025662040265190194
1635776789616,2021-11-01T10:26:29.616,54.43,0.00311147683746586,0.0013462085973230554,0.0003939506046833953
1635776789626,2021-11-01T10:26:29.626,54.44,0.0027559759159252882,0.0036534772254954227,0.0002857175673312822
1635776789636,2021-11-01T10:26:29.636,54.45,0.001435031729158235,0.005059275610568036,0.0008818640662222381
1635776789646,2021-11-01T10:26:29.646,54.46,-0.00019288548734585506,0.006263304113540648,0.0016860321218537936
1635776789656,2021-11-01T10:26:29.656,54.47,-0.0011421059629012156,0.0071594782331474375,0.0015633606244997975
1635776789666,2021-11-01T10:26:29.666,54.48,-0.000716313281717996,0.006461729715504214,0.0006001084064626166
1635776789676,2021-11-01T10:26:29.676,54.49,0.0006787838211736338,0.00412544281783252,-0.00019644507848571923
1635776789686,2021-11-01T10:26:29.686,54.5,0.0015937749470418354,0.0017135110844992835,-0.0006049759064639846
1635776789696,2021-11-01T10:26:29.696,54.51,0.0008917221488657104,0.00013630089746835756,-0.0010520362617328874
1635776789706,2021-11-01T10:26:29.706,54.52,-0.0010056308693782543,-0.0011072491177285136,-0.001073629205869927
1635776789716,2021-11-01T10:26:29.716,54.53,-0.0025454989034887593,-0.001975063097776559,9.004822296988788e-05
1635776789726,2021-11-01T10:26:29.726,54.54,-0.002733406245429558,-0.0010295617377173167,0.0015352403862846024
1635776789736,2021-11-01T10:26:29.736,54.55,-0.002087589038740744,0.0016809896338556719,0.0017768637896631424
1635776789746,2021-11-01T10:26:29.746,54.56,-0.001588316097633387,0.0030038780842284664,0.0013566596981895878
1635776789756,2021-11-01T10:26:29.756,54.57,-0.0011800158634624272,0.001399723913526091,0.0016066258986985257
1635776789766,2021-11-01T10:26:29.766,54.58,-0.00038790482410172404,0.00048088942870840447,0.0019073369720734828
1635776789776,2021-11-01T10:26:29.776,54.59,0.0001674822103595981,0.0031401974041293276,0.0010704303532612898
1635776789786,2021-11-01T10:26:29.786,54.6,-0.00045603616337463673,0.006170340264212039,-0.00014125997570996792
1635776789796,2021-11-01T10:26:29.796,54.61,-0.0018156472244970315,0.0061382857493837715,-0.0003712541034266993
1635776789806,2021-11-01T10:26:29.806,54.62,-0.0028120293184690946,0.0053217226396364715,0.00011550290810319248
1635776789816,2021-11-01T10:26:29.816,54.63,-0.003444215579639228,0.005998894564297915,0.0002117142049587489
1635776789826,2021-11-01T10:26:29.826,54.64,-0.004354113151007893,0.004912634317140354,-0.00026076215208320155
1635776789836,2021-11-01T10:26:29.836,54.65,-0.005246194575826712,-0.00037527709326098664,-0.0003094602903738389
1635776789846,2021-11-01T10:26:29.846,54.66,-0.005193176408012036,-0.005410137724118097,0.0008594053968142571
1635776789856,2021-11-01T10:26:29.856,54.67,-0.0043156095781097786,-0.005166821810008254,0.0021740678510809115
1635776789866,2021-11-01T10:26:29.866,54.68,-0.003982619429685401,-0.001443307308611779,0.0015336558458206883
1635776789876,2021-11-01T10:26:29.876,54.69,-0.004975434665292063,0.001374357465068941,-0.0008775799028399206
1635776789886,2021-11-01T10:26:29.886,54.7,-0.005994140383678741,0.003223328328746151,-0.0020477758828006737
1635776789896,2021-11-01T10:26:29.896,54.71,-0.005001319424578128,0.005645941704693466,-0.0002944730425096733
1635776789906,2021-11-01T10:26:29.906,54.72,-0.00237764461300089,0.006285686773164125,0.0020628042167398423
1635776789916,2021-11-01T10:26:29.916,54.73,-0.0009046734014742055,0.0022150888694898495,0.0020341779535359215
1635776789926,2021-11-01T10:26:29.926,54.74,-0.001509152956471597,-0.003795926405105513,0.0002659991264029656
1635776789936,2021-11-01T10:26:29.936,54.75,-0.001931475355922324,-0.005957558305848114,-0.000385040490814744
1635776789946,2021-11-01T10:26:29.946,54.76,-0.0011038531665656084,-0.002814534797698321,0.0006181206682181658
1635776789956,2021-11-01T10:26:29.956,54.77,-0.0008524625409003589,0.002142378667905192,0.001285943741384697
1635776789966,2021-11-01T10:26:29.966,54.78,-0.0018438353153325195,0.005315704682340221,0.0007704284367426727
1635776789976,2021-11-01T10:26:29.976,54.79,-0.002271097341645149,0.005587546789895026,0.00034382507764093683
1635776789986,2021-11-01T10:26:29.986,54.8,-0.00138656486643407,0.004116577336945137,0.0008769851483588175
1635776789996,2021-11-01T10:26:29.996,54.81,-0.00043751450506556127,0.0033702705933554957,0.001516576194836327
1635776790006,2021-11-01T10:26:30.006,54.82,-0.00017281671623957194,0.004711399917163079,0.0010541430863071299
1635776790016,2021-11-01T10:26:30.016,54.83,-0.00027623164481741246,0.006254777738619169,-0.0003246978451669477
1635776790026,2021-11-01T10:26:30.026,54.84,-0.0005217711838554891,0.005009474765942768,-0.001036433014137621
1635776790036,2021-11-01T10:26:30.036,54.85,-0.0007207010630872579,0.001829089461743448,-0.00017909732978480322
1635776790046,2021-11-01T10:26:30.046,54.86,-0.0005479694199372824,0.001219823688890077,0.0009643613324884477
1635776790056,2021-11-01T10:26:30.056,54.87,-0.0003076419783452224,0.004272318426613086,0.0007662442997682798
1635776790066,2021-11-01T10:26:30.066,54.88,-0.0006992243140514616,0.006361283078565805,-0.0002315636445740077
1635776790076,2021-11-01T10:26:30.076,54.89,-0.0015272773504968035,0.005014279660245128,-0.0004355831697184112
1635776790086,2021-11-01T10:26:30.086,54.9,-0.002037623024659114,0.0036881723060955655,0.00015723037457372936
1635776790096,2021-11-01T10:26:30.096,54.91,-0.0025182938465567748,0.004250384846916854,0.0004271116662590544
1635776790106,2021-11-01T10:26:30.106,54.92,-0.003947853924350892,0.0034959260394859066,0.00019528571199277302
1635776790116,2021-11-01T10:26:30.116,54.93,-0.0061165397848006045,0.0003156150418581644,-5.539507309321347e-05
1635776790126,2021-11-01T10:26:30.126,54.94,-0.007655423363929696,-0.001529786489075943,-0.0004228076942171292
1635776790136,2021-11-01T10:26:30.136,54.95,-0.00794333111202881,-6.571078636098817e-05,-0.0010335988401870063
1635776790146,2021-11-01T10:26:30.146,54.96,-0.007727727901914759,0.0020885360230822178,-0.0012607303395843466
1635776790156,2021-11-01T10:26:30.156,54.97,-0.007714921813448487,0.002471813492137319,-0.0005984500224410213
1635776790166,2021-11-01T10:26:30.166,54.98,-0.007654711310886429,0.0014537845181410635,0.00024958014823736255
1635776790176,2021-11-01T10:26:30.176,54.99,-0.0073374217233319015,0.0004157839331759127,8.682396615140147e-05
1635776790186,2021-11-01T10:26:30.186,55.0,-0.007297026271580634,0.00026184053922705586,-0.0008581682175284204
1635776790196,2021-11-01T10:26:30.196,55.01,-0.0075649142783978975,0.0009151801683746457,-0.0009224255168589308
1635776790206,2021-11-01T10:26:30.206,55.02,-0.007143287924928807,0.0012658805265065973,0.00029114015696071695
1635776790216,2021-11-01T10:26:30.216,55.03,-0.005674446009180153,0.000707012858622147,0.0009418151253062343
1635776790226,2021-11-01T10:26:30.226,55.04,-0.003976198367122149,0.00030258960766231486,-1.2545396640157035e-05
1635776790236,2021-11-01T10:26:30.236,55.05,-0.0025309200368347174,0.0012040238250198452,-0.0009433103097648844
1635776790246,2021-11-01T10:26:30.246,55.06,-0.0010841389521930758,0.002630501372814279,-0.00016299191812197146
1635776790256,2021-11-01T10:26:30.256,55.07,0.0005013897490434103,0.002595246945075601,0.0017093952967390104
1635776790266,2021-11-01T10:26:30.266,55.08,0.0019433784621777164,0.0006534089928889373,0.0030266612049485004
1635776790276,2021-11-01T10:26:30.276,55.09,0.00268159230705501,-0.0010940169235419072,0.0029933938752760045
1635776790286,2021-11-01T10:26:30.286,55.1,0.002708535222772572,-0.0007172091162869047,0.001889091956507139
1635776790296,2021-11-01T10:26:30.296,55.11,0.003253066148276527,0.0008970001060412226,0.0005546946962113296
1635776790306,2021-11-01T10:26:30.306,55.12,0.004978426247343465,0.0016513982134084917,-0.00024061211884673607
1635776790316,2021-11-01T10:26:30.316,55.13,0.0063331568556193,0.0012852936672100143,-0.00016116700081763994
1635776790326,2021-11-01T10:26:30.326,55.14,0.00592144522552601,0.0011691691918356809,0.0006241109646045592
1635776790336,2021-11-01T10:26:30.336,55.15,0.00471397792746911,0.0018389370207246456,0.001240855613652568
1635776790346,2021-11-01T10:26:30.346,55.16,0.003859448467146593,0.002135185975815856,0.0008963806396124147
1635776790356,2021-11-01T10:26:30.356,55.17,0.0029335671221952606,0.0010304701956368799,0.00032510629633131303
1635776790366,2021-11-01T10:26:30.366,55.18,0.001917196730662223,-0.0006539824297558227,0.0007292460063509692
1635776790376,2021-11-01T10:26:30.376,55.19,0.0019550200932060362,-0.0014779753121991763,0.0015105677077902827
1635776790386,2021-11-01T10:26:30.386,55.2,0.0030944962124009176,-0.0015540398908035452,0.0014550533956004387
1635776790396,2021-11-01T10:26:30.396,55.21,0.0038576708957897897,-0.002031952810486368,0.0010497454057690364
1635776790406,2021-11-01T10:26:30.406,55.22,0.0034883374441139906,-0.0031543891585427623,0.0009957190581956626
1635776790416,2021-11-01T10:26:30.416,55.23,0.0026514923965391766,-0.0038094269635899963,0.0003420114983804839
1635776790426,2021-11-01T10:26:30.426,55.24,0.0020865894275464173,-0.002660568657597643,-0.0014301318804276282
1635776790436,2021-11-01T10:26:30.436,55.25,0.0020043387830191305,-0.00015595944535785,-0.0027712490432718964
1635776790446,2021-11-01T10:26:30.446,55.26,0.00232543911813344,0.0010987404625783094,-0.002441799628201787
1635776790456,2021-11-01T10:26:30.456,55.27,0.0028389264510642236,6.997156745766863e-05,-0.0012988759318118838
1635776790466,2021-11-01T10:26:30.466,55.28,0.0036304540295331303,-0.00043181231097683484,-0.0006534729232774816
1635776790476,2021-11-01T10:26:30.476,55.29,0.004715989253337834,0.0014185452777010978,-0.0008300218139283568
1635776790486,2021-11-01T10:26:30.486,55.3,0.004800478581643576,0.00264466129653131,-0.0015650198355911167
1635776790496,2021-11-01T10:26:30.496,55.31,0.0026400666138005893,0.00092683148399278,-0.0022124849180603424
1635776790506,2021-11-01T10:26:30.506,55.32,-1.7857701507180716e-05,-0.0005066284375391657,-0.0020697942664184986
1635776790516,2021-11-01T10:26:30.516,55.33,-0.00026615041358796264,0.0009222326889605568,-0.001565704066457316
1635776790526,2021-11-01T10:26:30.526,55.34,0.0013036815980783005,0.0010797155114893105,-0.0018510858767356857
1635776790536,2021-11-01T10:26:30.536,55.35,0.001625983546188121,-0.00390895692828606,-0.0026988962717923452
1635776790546,2021-11-01T10:26:30.546,55.36,0.00012218376799937698,-0.009754650287111017,-0.0026359533991282802
1635776790556,2021-11-01T10:26:30.556,55.37,-0.0010568653268643665,-0.010294242044920673,-0.001270142808744908
1635776790566,2021-11-01T10:26:30.566,55.38,-0.0009369070240790056,-0.006681606216203346,0.00027298376871015355
1635776790576,2021-11-01T10:26:30.576,55.39,-0.0008015491092057918,-0.0036133195606604385,0.0009798533388071624
1635776790586,2021-11-01T10:26:30.586,55.4,-0.001614565889981342,-0.0015056476400731626,0.0007644542072999755
1635776790596,2021-11-01T10:26:30.596,55.41,-0.002562830830187091,0.0011421914492182434,0.0001298563195942567
1635776790606,2021-11-01T10:26:30.606,55.42,-0.0025665395966656636,0.002294163342874622,-0.0003257058475698137
1635776790616,2021-11-01T10:26:30.616,55.43,-0.0016983297793328066,-0.0005044883921255343,-0.0004448138802286099
1635776790626,2021-11-01T10:26:30.626,55.44,-0.0004285718759332824,-0.005087450382033537,-0.0004154233094868764
1635776790636,2021-11-01T10:26:30.636,55.45,0.0011484525008954754,-0.007435818386815868,0.00012731763159331752
1635776790646,2021-11-01T10:26:30.646,55.46,0.0026287875659065647,-0.006375213829624958,0.0016031734908947138
1635776790656,2021-11-01T10:26:30.656,55.47,0.0032535558041795645,-0.002927876361490435,0.0027041741612496067
1635776790666,2021-11-01T10:26:30.666,55.48,0.0029892395555950048,0.0013063386040262377,0.0016688097896494967
1635776790676,2021-11-01T10:26:30.676,55.49,0.0024053716035423245,0.0038587040111353254,-0.00033059154017127976
1635776790686,2021-11-01T10:26:30.686,55.5,0.001808435177920383,0.0031974007337741703,-0.0006911670637829989
1635776790696,2021-11-01T10:26:30.696,55.51,0.0015859656973604324,0.0009284781820573007,-5.3867953698989984e-05
1635776790706,2021-11-01T10:26:30.706,55.52,0.0022842960925983226,-0.0006166750303908123,-0.0010590072501963118
1635776790716,2021-11-01T10:26:30.716,55.53,0.003528476345472236,-0.0014932454358218973,-0.003064989204670447
1635776790726,2021-11-01T10:26:30.726,55.54,0.004410282649160248,-0.0026316956401623137,-0.0029413020599591594
1635776790736,2021-11-01T10:26:30.736,55.55,0.005113259172617599,-0.0032641475070916176,-0.0008036207087302005
1635776790746,2021-11-01T10:26:30.746,55.56,0.006276807014750993,-0.0015445330909456764,-0.00010335726241690569
1635776790756,2021-11-01T10:26:30.756,55.57,0.007088107451526948,0.002888498149309364,-0.0017393488108120758
1635776790766,2021-11-01T10:26:30.766,55.58,0.0061162207040998205,0.007229912429127023,-0.0028823013958424203
1635776790776,2021-11-01T10:26:30.776,55.59,0.0038834624411189086,0.007549157953966684,-0.002091576275086858
1635776790786,2021-11-01T10:26:30.786,55.6,0.0025824094422070487,0.003383559575764449,-0.0010028729068489437
1635776790796,2021-11-01T10:26:30.796,55.61,0.002721641073118985,-0.0019517893130441008,-0.0009384664833672487
1635776790806,2021-11-01T10:26:30.806,55.62,0.002080166850253315,-0.005909465403527226,-0.00164059734101326
1635776790816,2021-11-01T10:26:30.816,55.63,-0.0005685829132446166,-0.008059545184200843,-0.002647421529593473
1635776790826,2021-11-01T10:26:30.826,55.64,-0.003089980015963574,-0.00764812447535841,-0.0034463164152199505
1635776790836,2021-11-01T10:26:30.836,55.65,-0.003552305221099401,-0.004575868423126104,-0.0033489341608064563
1635776790846,2021-11-01T10:26:30.846,55.66,-0.0032166938617987076,-0.0020121441062926236,-0.0022818184655815496
1635776790856,2021-11-01T10:26:30.856,55.67,-0.0035736271682839677,-0.003225379870746386,-0.0007649299620098627
1635776790866,2021-11-01T10:26:30.866,55.68,-0.003739829360132604,-0.006612097923260722,0.0006796012608709921
1635776790876,2021-11-01T10:26:30.876,55.69,-0.0028665105095283167,-0.007963013098774861,0.0013167839724388388
1635776790886,2021-11-01T10:26:30.886,55.7,-0.0019542418602825308,-0.006476851991064884,0.0005129545971998487
1635776790896,2021-11-01T10:26:30.896,55.71,-0.0017967616655207668,-0.0049352043390871484,-0.0009906297164722767
1635776790906,2021-11-01T10:26:30.906,55.72,-0.0015299700711825233,-0.00502907311440847,-0.0014718263868485613
1635776790916,2021-11-01T10:26:30.916,55.73,-4.250134643491102e-05,-0.0056075104809189,-0.0003660307099573869
1635776790926,2021-11-01T10:26:30.926,55.74,0.002540469257587143,-0.00513983082094853,0.0010092839600977534
1635776790936,2021-11-01T10:26:30.936,55.75,0.0048869479864492105,-0.0037330818636475923,0.001056796743867926
1635776790946,2021-11-01T10:26:30.946,55.76,0.005647762396241471,-0.00241560545252516,-0.00011959911349672099
1635776790956,2021-11-01T10:26:30.956,55.77,0.005199194305950049,-0.0015813910663860739,-0.0008375335769602417
1635776790966,2021-11-01T10:26:30.966,55.78,0.00538627709539549,-0.0010382408106568283,-0.00036927402298666173
1635776790976,2021-11-01T10:26:30.976,55.79,0.0065883277461121735,-0.0012062334845222838,-5.895748540951247e-05
1635776790986,2021-11-01T10:26:30.986,55.8,0.007227422393100083,-0.0026513361846758087,-0.000888548148918186
1635776790996,2021-11-01T10:26:30.996,55.81,0.007027535284188202,-0.004185836321863387,-0.0018277526221167364
1635776791006,2021-11-01T10:26:31.006,55.82,0.007420304498107664,-0.003653752731216324,-0.0019144020295198917
1635776791016,2021-11-01T10:26:31.016,55.83,0.008378453035787322,-0.001266884729225826,-0.001916152310793012
1635776791026,2021-11-01T10:26:31.026,55.84,0.008459095904688243,0.00037169181931094716,-0.0025166251135000954
1635776791036,2021-11-01T10:26:31.036,55.85,0.007750692288275653,0.0002085867029604467,-0.002888490089323568
1635776791046,2021-11-01T10:26:31.046,55.86,0.007776234159843829,-0.00013394710373580246,-0.002474849453120576
1635776791056,2021-11-01T10:26:31.056,55.87,0.008817686240004605,0.0003290394610738941,-0.0022090528718233917
1635776791066,2021-11-01T10:26:31.066,55.88,0.009225293253988964,0.0005882280332170451,-0.002789411277168001
1635776791076,2021-11-01T10:26:31.076,55.89,0.007451679758075418,4.5003091604375265e-05,-0.0035310956240596973
1635776791086,2021-11-01T10:26:31.086,55.9,0.004049679911906533,-0.000867295963799854,-0.0036849039527547074
1635776791096,2021-11-01T10:26:31.096,55.91,0.0011586635108601507,-0.0026271380365330554,-0.003489049386407125
1635776791106,2021-11-01T10:26:31.106,55.92,8.120612079699955e-05,-0.00553572744476695,-0.003448807007620995
1635776791116,2021-11-01T10:26:31.116,55.93,0.00024770139370943974,-0.006817995934367698,-0.0035256377178437665
1635776791126,2021-11-01T10:26:31.126,55.94,0.0006577214744880242,-0.003735268217195249,-0.0035200100942386512
1635776791136,2021-11-01T10:26:31.136,55.95,0.0010488148682725644,0.0002797196354911854,-0.0035777924505180202
1635776791146,2021-11-01T10:26:31.146,55.96,0.0014229648142166046,-0.000995741675483741,-0.0036957680140924628
1635776791156,2021-11-01T10:26:31.156,55.97,0.001646158257777531,-0.006203978788259271,-0.003502024464299449
1635776791166,2021-11-01T10:26:31.166,55.98,0.0016677294612564941,-0.007315908714477582,-0.0031551194810388486
1635776791176,2021-11-01T10:26:31.176,55.99,0.0014211072977865198,-0.0027781766776462805,-0.0031984734576842033
1635776791186,2021-11-01T10:26:31.186,56.0,0.0008953465799414993,-0.00019701825123237277,-0.0029990129787591
1635776791196,2021-11-01T10:26:31.196,56.01,0.0007534232858216359,-0.002761805176135847,-0.0013288057351944038
1635776791206,2021-11-01T10:26:31.206,56.02,0.0017931098755180983,-0.00403639532136683,0.0008957919500578455
1635776791216,2021-11-01T10:26:31.216,56.03,0.0031256694253614602,-0.0005351477168374151,0.0010647016556475117
1635776791226,2021-11-01T10:26:31.226,56.04,0.0025960744383369894,0.0018750327293402932,-0.0010425525797565836
1635776791236,2021-11-01T10:26:31.236,56.05,0.0001784122056314365,-0.0014991731692590114,-0.002454877772610939
1635776791246,2021-11-01T10:26:31.246,56.06,-0.0012737346913161735,-0.00696863677918496,-0.0014211900613877392
1635776791256,2021-11-01T10:26:31.256,56.07,-0.0003202413608995479,-0.00886599356360887,0.00023503654997406102
1635776791266,2021-11-01T10:26:31.266,56.08,0.0006635485945800416,-0.006408990734292403,0.0004420110105375404
1635776791276,2021-11-01T10:26:31.276,56.09,-0.0006105995931096883,-0.0026597990044535057,-0.0003648920932800661
1635776791286,2021-11-01T10:26:31.286,56.1,-0.002841146310060264,-0.00042302332785316824,-0.0011613510547257592
1635776791296,2021-11-01T10:26:31.296,56.11,-0.003652278203003144,-0.0002458096013133343,-0.0020748284546056443
1635776791306,2021-11-01T10:26:31.306,56.12,-0.002958659909369714,-0.0012853025454155204,-0.0030704488468814356
1635776791316,2021-11-01T10:26:31.316,56.13,-0.0019045507321983923,-0.002862033459553777,-0.0034689090999829256
1635776791326,2021-11-01T10:26:31.326,56.14,-0.0008314223406385562,-0.004345475864703273,-0.003189772054139081
1635776791336,2021-11-01T10:26:31.336,56.15,0.0001231411354943979,-0.0043867783912539225,-0.0026977450309738776
1635776791346,2021-11-01T10:26:31.346,56.16,0.00047873550443840304,-0.0018935069953211871,-0.0022951419844050858
1635776791356,2021-11-01T10:26:31.356,56.17,0.0004509473012752371,0.0021863179618867683,-0.0023873648146479466
1635776791366,2021-11-01T10:26:31.366,56.18,0.0007027887859054969,0.005332729940955918,-0.0031406136326050747
1635776791376,2021-11-01T10:26:31.376,56.19,0.0009917702543880424,0.006193120210332212,-0.0035666935529464153
1635776791386,2021-11-01T10:26:31.386,56.2,0.0008572997729423458,0.005858978278776012,-0.002636676863915077
1635776791396,2021-11-01T10:26:31.396,56.21,0.0009942228159340962,0.005617884214989653,-0.0013089124621914884
1635776791406,2021-11-01T10:26:31.406,56.22,0.00218061064504659,0.004587538109913895,-0.001374532944624945
1635776791416,2021-11-01T10:26:31.416,56.23,0.003535786918066614,0.0015944669607330817,-0.0023569598554248157
1635776791426,2021-11-01T10:26:31.426,56.24,0.00343079961207441,-0.0010941189390455998,-0.00217300392260081
1635776791436,2021-11-01T10:26:31.436,56.25,0.0019590660786198595,0.0005699440814001623,-0.0008459864253470125
1635776791446,2021-11-01T10:26:31.446,56.26,0.0009993453729809259,0.0058244911841823736,-0.00046918538720105215
1635776791456,2021-11-01T10:26:31.456,56.27,0.0013696321938916382,0.008264895666666624,-0.0014039992743045521
1635776791466,2021-11-01T10:26:31.466,56.28,0.001665422968653495,0.00414044881098416,-0.0017385765593819981
1635776791476,2021-11-01T10:26:31.476,56.29,0.000907247276554368,-0.0025205971695688232,-0.0006065803626006003
1635776791486,2021-11-01T10:26:31.486,56.3,0.00024015247481260093,-0.005945941565320293,0.0009519863042422236
1635776791496,2021-11-01T10:26:31.496,56.31,0.0005941601971622708,-0.005777372188569101,0.0021545526217975172
1635776791506,2021-11-01T10:26:31.506,56.32,0.0007463740193603263,-0.005015770540661569,0.0028207496484547387
1635776791516,2021-11-01T10:26:31.516,56.33,-0.0007786772129193062,-0.004386817956093179,0.002362021466597822
1635776791526,2021-11-01T10:26:31.526,56.34,-0.003446400248765872,-0.002644334691107504,0.000690914790915939
1635776791536,2021-11-01T10:26:31.536,56.35,-0.005438479008869216,-0.0004299860530572962,-0.000828505653874051
1635776791546,2021-11-01T10:26:31.546,56.36,-0.005778142268447577,5.1741791423675826e-05,-0.0009129080212306922
1635776791556,2021-11-01T10:26:31.556,56.37,-0.005156945536857697,-0.001492463219358895,-1.0958159034020395e-05
1635776791566,2021-11-01T10:26:31.566,56.38,-0.004750514360740238,-0.0033166234141098726,0.0006567064435275339
1635776791576,2021-11-01T10:26:31.576,56.39,-0.004594810686640895,-0.004329992597037861,0.0009309305981758922
1635776791586,2021-11-01T10:26:31.586,56.4,-0.0038925857114599834,-0.004497487735198371,0.0012859950919604166
1635776791596,2021-11-01T10:26:31.596,56.41,-0.00266596902028946,-0.003635265174607492,0.0014802014236137682
1635776791606,2021-11-01T10:26:31.606,56.42,-0.0018289012531396609,-0.001964065968151517,0.0013330801656216435
1635776791616,2021-11-01T10:26:31.616,56.43,-0.0016997583410879296,-0.0006287504286973483,0.0014522415691210942
1635776791626,2021-11-01T10:26:31.626,56.44,-0.0015554568194365219,-8.667294324603847e-05,0.0015863053176800067
1635776791636,2021-11-01T10:26:31.636,56.45,-0.0007344952170787408,0.0006022191810449491,0.0005467061782989951
1635776791646,2021-11-01T10:26:31.646,56.46,0.00034470481611940495,0.0019680247476635045,-0.0010536536879247453
1635776791656,2021-11-01T10:26:31.656,56.47,0.0006014164822038398,0.0030917299981481636,-0.001040332159370757
1635776791666,2021-11-01T10:26:31.666,56.48,-7.190083970518791e-05,0.002791653268865227,0.0006015172676738945
1635776791676,2021-11-01T10:26:31.676,56.49,-0.0002839395095969582,0.0008693504065700981,0.0014163160722218532
1635776791686,2021-11-01T10:26:31.686,56.5,0.0009329599399220876,-0.0016677279964468334,0.0003049533869406127
1635776791696,2021-11-01T10:26:31.696,56.51,0.0025687958125316084,-0.0031081792590273265,-0.0010144793977927698
1635776791706,2021-11-01T10:26:31.706,56.52,0.0030490698241624386,-0.0023276955631753252,-0.0007153878932000896
1635776791716,2021-11-01T10:26:31.716,56.53,0.0023605434543335236,-6.150732398773663e-05,0.0007909770360837053
1635776791726,2021-11-01T10:26:31.726,56.54,0.0017819645064414927,0.0017458352398784466,0.0017697546308339176
1635776791736,2021-11-01T10:26:31.736,56.55,0.0020076426459751284,0.002358669120951032,0.0015519535262557005
1635776791746,2021-11-01T10:26:31.746,56.56,0.0024599945260785835,0.0029965415501945506,0.0011129501400641583
1635776791756,2021-11-01T10:26:31.756,56.57,0.0025131861084807063,0.0045039381033728605,0.0013217064001894182
1635776791766,2021-11-01T10:26:31.766,56.58,0.0024448985509102758,0.005864604945540155,0.0017630260442519357
1635776791776,2021-11-01T10:26:31.776,56.59,0.002556891015921865,0.00580502748901807,0.0017329241615045023
1635776791786,2021-11-01T10:26:31.786,56.6,0.0022738890850724433,0.004235726219244678,0.001330672557865088
1635776791796,2021-11-01T10:26:31.796,56.61,0.001026992539682968,0.002035533437999267,0.0010841395066805597
1635776791806,2021-11-01T10:26:31.806,56.62,-0.0006208021181008735,0.0006454894885225536,0.001202388046380486
1635776791816,2021-11-01T10:26:31.816,56.63,-0.0015349763568275354,0.0006949935509176696,0.0015227190671276627
1635776791826,2021-11-01T10:26:31.826,56.64,-0.0014082988605586461,0.0008346553146610417,0.001893068361528887
1635776791836,2021-11-01T10:26:31.836,56.65,-0.0010082794788352342,0.00023756981171224942,0.0022614524556909825
1635776791846,2021-11-01T10:26:31.846,56.66,-0.0010177280231994125,0.0003361291209720875,0.0023874435482138315
1635776791856,2021-11-01T10:26:31.856,56.67,-0.001235795626674744,0.0008925435581030367,0.0020397873291916153
1635776791866,2021-11-01T10:26:31.866,56.68,-0.0012392000044229219,-0.0010018935890937842,0.0016425131592539004
1635776791876,2021-11-01T10:26:31.876,56.69,-0.0011242070077807941,-0.004307137040534165,0.0018378805092045727
1635776791886,2021-11-01T10:26:31.886,56.7,-0.0011120709367004546,-0.0035043648124191864,0.002132332225136164
1635776791896,2021-11-01T10:26:31.896,56.71,-0.0012115702762133598,0.0014549594806346406,0.0013492202604458328
1635776791906,2021-11-01T10:26:31.906,56.72,-0.0015464548610479197,0.003396283506093206,1.0706108451843943e-05
1635776791916,2021-11-01T10:26:31.916,56.73,-0.001989124165745851,0.00014301079187325648,0.00013244450245010475
1635776791926,2021-11-01T10:26:31.926,56.74,-0.001756418441708884,-0.001222966343161473,0.0015110825298456018
1635776791936,2021-11-01T10:26:31.936,56.75,-0.0008125998840687416,0.002962592094263087,0.0013221964014237548
1635776791946,2021-11-01T10:26:31.946,56.76,-0.0006523449805230548,0.006007613113170889,-0.0008955158854351363
1635776791956,2021-11-01T10:26:31.956,56.77,-0.0018668090775164903,0.002276616643755784,-0.001849590278582802
1635776791966,2021-11-01T10:26:31.966,56.78,-0.0027404998230561852,-0.0037156288282561745,-1.5294857249227936e-05
1635776791976,2021-11-01T10:26:31.976,56.79,-0.0022872595018845606,-0.005275779652596518,0.0018668872316634523
1635776791986,2021-11-01T10:26:31.986,56.8,-0.002218744948843308,-0.0024901479058100553,0.0015678446913163177
1635776791996,2021-11-01T10:26:31.996,56.81,-0.003895251305414234,0.001289646564351417,0.0004173480422329503
1635776792006,2021-11-01T10:26:32.006,56.82,-0.005907556284555807,0.004743211909983296,0.00021959503863053893
1635776792016,2021-11-01T10:26:32.016,56.83,-0.006182302250233929,0.0068115543705262824,0.0007107606173831791
1635776792026,2021-11-01T10:26:32.026,56.84,-0.00440131386783744,0.005286541689157399,0.0011803973231994096
1635776792036,2021-11-01T10:26:32.036,56.85,-0.0019196667218137513,0.00015573253139533876,0.0018732167540411052
1635776792046,2021-11-01T10:26:32.046,56.86,-0.0005813833063495352,-0.004923294101011213,0.0027787627861461223
1635776792056,2021-11-01T10:26:32.056,56.87,-0.000977718408591957,-0.006320138354394254,0.0030202383148110806
1635776792066,2021-11-01T10:26:32.066,56.88,-0.0014953162789124084,-0.003820013225493006,0.002333766408851047
1635776792076,2021-11-01T10:26:32.076,56.89,-0.00041789445481098866,0.0003006710281103689,0.001697631648196112
1635776792086,2021-11-01T10:26:32.086,56.9,0.0013436150537097242,0.003645879892575518,0.0018210845279032022
1635776792096,2021-11-01T10:26:32.096,56.91,0.0014894932504444399,0.004734887929884227,0.0021002815364755912
1635776792106,2021-11-01T10:26:32.106,56.92,-9.500513548224912e-05,0.003917906558709158,0.001651230116868817
1635776792116,2021-11-01T10:26:32.116,56.93,-0.0012476940368270541,0.0033656153855862792,0.0007076424706614324
1635776792126,2021-11-01T10:26:32.126,56.94,-0.0008207760340235889,0.003823288033035605,0.00027318264033753307
1635776792136,2021-11-01T10:26:32.136,56.95,0.00015985309597242345,0.0027721443651544195,0.0005581701428403106
1635776792146,2021-11-01T10:26:32.146,56.96,0.00048042472782608013,-0.0007957280135544038,0.000744729759720456
1635776792156,2021-11-01T10:26:32.156,56.97,0.00018850625488912534,-0.002564978365954946,0.0005137598115366711
1635776792166,2021-11-01T10:26:32.166,56.98,4.727179108573178e-05,0.0011072461576645196,0.0005521788033233227
1635776792176,2021-11-01T10:26:32.176,56.99,0.00029573184415186183,0.006407762931174689,0.001132712644333111
1635776792186,2021-11-01T10:26:32.186,57.0,0.0005049283543948004,0.007173006324357772,0.001554639851717727
1635776792196,2021-11-01T10:26:32.196,57.01,0.000715453069549427,0.003953008877350594,0.0013964145034232242
1635776792206,2021-11-01T10:26:32.206,57.02,0.0013533877250001833,0.0018044755089319559,0.0010910940087110437
1635776792216,2021-11-01T10:26:32.216,57.03,0.0017451688461081875,0.0014385184282787885,0.001075975596481885
1635776792226,2021-11-01T10:26:32.226,57.04,0.0008322101362425705,-0.0007747068356680607,0.0013603984933807543
1635776792236,2021-11-01T10:26:32.236,57.05,-0.0006072378034806245,-0.004794604263173912,0.0018913049999100485
1635776792246,2021-11-01T10:26:32.246,57.06,-0.0010110586049723288,-0.00551764910076967,0.002526723103047742
1635776792256,2021-11-01T10:26:32.256,57.07,-0.0008966224870444262,-0.0009458879280888721,0.002672272151691318
1635776792266,2021-11-01T10:26:32.266,57.08,-0.0019036817159003106,0.003687138027991177,0.0017247743533872302
1635776792276,2021-11-01T10:26:32.276,57.09,-0.0037044177993698687,0.0031360339434176434,0.00021837580927765006
1635776792286,2021-11-01T10:26:32.286,57.1,-0.0045197563711104755,-0.0007276559823216707,-0.0002142471281835315
1635776792296,2021-11-01T10:26:32.296,57.11,-0.0039303178289799455,-0.0027372490821280775,0.0011259791782127287
1635776792306,2021-11-01T10:26:32.306,57.12,-0.0031483489687149403,-0.0017167925682796106,0.0027126274500846106
1635776792316,2021-11-01T10:26:32.316,57.13,-0.0031557952298170598,-0.00013891688891014538,0.0027773000460816874
1635776792326,2021-11-01T10:26:32.326,57.14,-0.0036941289457747186,0.0004973589794138616,0.0018037289399515087
1635776792336,2021-11-01T10:26:32.336,57.15,-0.0037871078988341257,0.0006311109891003605,0.0015103331873594474
1635776792346,2021-11-01T10:26:32.346,57.16,-0.0029906576627186576,0.0007485723400388477,0.0020909039924043938
1635776792356,2021-11-01T10:26:32.356,57.17,-0.0019739097193218966,0.000718106052063178,0.0021094589283806907
1635776792366,2021-11-01T10:26:32.366,57.18,-0.0016041176573053852,0.0005583515396994528,0.0008860048149912387
1635776792376,2021-11-01T10:26:32.376,57.19,-0.0019075174915269958,0.0007868450270555595,-0.0003451256892031976
1635776792386,2021-11-01T10:26:32.386,57.2,-0.002212787422587012,0.0016419696309288238,-0.00012749052663526221
1635776792396,2021-11-01T10:26:32.396,57.21,-0.001798978901942402,0.002525820160481554,0.0011491020631891043
1635776792406,2021-11-01T10:26:32.406,57.22,-0.0004479755800784918,0.002843400879695179,0.001893970589185172
1635776792416,2021-11-01T10:26:32.416,57.23,0.0012496247286063467,0.002855266542880358,0.00160759466005245
1635776792426,2021-11-01T10:26:32.426,57.24,0.0025330796894626915,0.003026312779718106,0.0012241628578956076
1635776792436,2021-11-01T10:26:32.436,57.25,0.0033764990996423476,0.003054946904805406,0.0013915108082736471
1635776792446,2021-11-01T10:26:32.446,57.26,0.003882810713495095,0.0023803648412466303,0.0016996849703636038
1635776792456,2021-11-01T10:26:32.456,57.27,0.0034585216731386915,0.0014320611480272032,0.0016560069810517837
1635776792466,2021-11-01T10:26:32.466,57.28,0.002195110646304733,0.0012912607688363603,0.0014285955515036266
1635776792476,2021-11-01T10:26:32.476,57.29,0.0018385681990240315,0.0018458678055079817,0.0013402978011840478
1635776792486,2021-11-01T10:26:32.486,57.3,0.0032053180677205084,0.0016556633660487425,0.0013138933551182235
1635776792496,2021-11-01T10:26:32.496,57.31,0.004267762268968908,0.0004786143074811421,0.0011572126171701647
1635776792506,2021-11-01T10:26:32.506,57.32,0.0031414230478385478,0.00019256685408974806,0.0008085553189985273
1635776792516,2021-11-01T10:26:32.516,57.33,0.0010235369731742235,0.0016967361153043107,0.00019644581791727526
1635776792526,2021-11-01T10:26:32.526,57.34,-0.00013435438966409753,0.0030130695647112298,-0.0003435499352633243
1635776792536,2021-11-01T10:26:32.536,57.35,-0.0007170887439238022,0.0026148529072754787,9.460648372298447e-05
1635776792546,2021-11-01T10:26:32.546,57.36,-0.0019055460936498484,0.0021830079550419,0.0014280158776809701
1635776792556,2021-11-01T10:26:32.556,57.37,-0.003203879497261651,0.0034092685871334894,0.0018486630095595061
1635776792566,2021-11-01T10:26:32.566,57.38,-0.0037061931516900993,0.004551777615683164,0.0004927881048699732
1635776792576,2021-11-01T10:26:32.576,57.39,-0.0038523625857897247,0.0031757340403007145,-0.0007445455771833911
1635776792586,2021-11-01T10:26:32.586,57.4,-0.004104316917342596,0.0003959585640884685,-0.00020944074409744607
1635776792596,2021-11-01T10:26:32.596,57.41,-0.0037763554467037733,-0.0006860004314076393,0.000799611365656931
1635776792606,2021-11-01T10:26:32.606,57.42,-0.0027338044368864253,0.0005568141597311793,0.00042208359556177244
1635776792616,2021-11-01T10:26:32.616,57.43,-0.0023835936884216693,0.002374960425777473,-0.0009205203872376211
1635776792626,2021-11-01T10:26:32.626,57.44,-0.003345459426450839,0.0037669320331472182,-0.0016383011082905757
1635776792636,2021-11-01T10:26:32.636,57.45,-0.0039034425948642902,0.004591057804189848,-0.0008929660324223803
1635776792646,2021-11-01T10:26:32.646,57.46,-0.0026036522527827953,0.004529028646743446,0.0010895885980482154
1635776792656,2021-11-01T10:26:32.656,57.47,-0.0007672684110342806,0.00409963691348856,0.0027943470809143837
1635776792666,2021-11-01T10:26:32.666,57.48,-0.0005302928696391387,0.004150966024449839,0.0021940328166449776
1635776792676,2021-11-01T10:26:32.676,57.49,-0.0018081286586068398,0.00395622892682202,-0.0004752864141369829
1635776792686,2021-11-01T10:26:32.686,57.5,-0.00284678136432543,0.0029655240415251303,-0.0022940815644634234
1635776792696,2021-11-01T10:26:32.696,57.51,-0.002671907578226243,0.00292922297872179,-0.0017151520383343081
1635776792706,2021-11-01T10:26:32.706,57.52,-0.0019640413071442472,0.004792442025299732,-0.0008410712710130642
1635776792716,2021-11-01T10:26:32.716,57.53,-0.0021490990079606523,0.006034892480256628,-0.0019363820839545626
1635776792726,2021-11-01T10:26:32.726,57.54,-0.003597160579348118,0.00425792659195085,-0.004006760249258035
1635776792736,2021-11-01T10:26:32.736,57.55,-0.004633709988264562,0.0008343720596283613,-0.004544281288598111
1635776792746,2021-11-01T10:26:32.746,57.56,-0.0037345309878576314,-0.0011831142387345728,-0.0029297812817027117
1635776792756,2021-11-01T10:26:32.756,57.57,-0.002337681342176808,-0.0005976300321392838,-0.0009252046981404302
1635776792766,2021-11-01T10:26:32.766,57.58,-0.0029142026876324304,0.0016078949960191794,-0.0005176927364977963
1635776792776,2021-11-01T10:26:32.776,57.59,-0.004962809175703683,0.003639433237799639,-0.0015679083005127317
1635776792786,2021-11-01T10:26:32.786,57.6,-0.005946217133803177,0.00404950645936597,-0.0020162803666979525
1635776792796,2021-11-01T10:26:32.796,57.61,-0.005196424983714141,0.0028682818443393904,-0.000885890541931297
1635776792806,2021-11-01T10:26:32.806,57.62,-0.004091931569011003,0.0013539118985656513,0.00042381933832689165
1635776792816,2021-11-01T10:26:32.816,57.63,-0.0033351747638346195,-0.00014302508314782586,0.0006316254084459743
1635776792826,2021-11-01T10:26:32.826,57.64,-0.002272570444937307,-0.002058540977858969,0.0002722747327933424
1635776792836,2021-11-01T10:26:32.836,57.65,-0.0005933811799325626,-0.002785262702730866,0.00019580211944358756
1635776792846,2021-11-01T10:26:32.846,57.66,0.0008245980240817159,-0.0001738253687945173,0.00020890992108702432
1635776792856,2021-11-01T10:26:32.856,57.67,0.0012465917079487472,0.0036775684124291047,-0.00029722786790928075
1635776792866,2021-11-01T10:26:32.866,57.68,0.001061215531239283,0.004826109764248235,-0.0012182499465945898
1635776792876,2021-11-01T10:26:32.876,57.69,0.0005913894979573126,0.004158356105298003,-0.0016126021950369047
1635776792886,2021-11-01T10:26:32.886,57.7,-0.0005197543505887301,0.005066944638597549,-0.0009455374508547294
1635776792896,2021-11-01T10:26:32.896,57.71,-0.0018773197742516473,0.006244768287121156,1.6994561291389608e-05
1635776792906,2021-11-01T10:26:32.906,57.72,-0.0022668320398075495,0.003947736121644904,0.0003738572408791757
1635776792916,2021-11-01T10:26:32.916,57.73,-0.001586211491778164,-0.0006425462833544983,0.000359427938594139
1635776792926,2021-11-01T10:26:32.926,57.74,-0.0008628308191086956,-0.0029275341601935263,0.0005438837859046442
1635776792936,2021-11-01T10:26:32.936,57.75,-0.00040402898505612365,-0.00172078104690259,0.0007259153641538204
1635776792946,2021-11-01T10:26:32.946,57.76,0.00014770436908721762,0.0007530973769399119,0.00044230098173896434
1635776792956,2021-11-01T10:26:32.956,57.77,0.000372894862494261,0.0032729499439144065,-7.222122896844624e-05
1635776792966,2021-11-01T10:26:32.966,57.78,-0.00047045289653741,0.0056710840258798025,-6.332146337217779e-05
1635776792976,2021-11-01T10:26:32.976,57.79,-0.0018758189905529478,0.006809918616301346,0.0006908131957753482
1635776792986,2021-11-01T10:26:32.986,57.8,-0.0025404554815840704,0.005592064711915802,0.001430074607600611
1635776792996,2021-11-01T10:26:32.996,57.81,-0.002279655782783957,0.0024475432326573777,0.0014137431201911653
1635776793006,2021-11-01T10:26:33.006,57.82,-0.0021129513386342197,-0.0009683024749436292,0.0010212096121198183
1635776793016,2021-11-01T10:26:33.016,57.83,-0.00261524430008126,-0.002560332585303975,0.0010937751924050183
1635776793026,2021-11-01T10:26:33.026,57.84,-0.0035129906062423763,-0.0014416561473769454,0.0015574601976002592
1635776793036,2021-11-01T10:26:33.036,57.85,-0.0044008123025586175,0.0006950284777478187,0.001760112105067981
1635776793046,2021-11-01T10:26:33.046,57.86,-0.004805023625174154,0.0015365839536196496,0.0017438958808077983
1635776793056,2021-11-01T10:26:33.056,57.87,-0.00451069309021757,0.0009150280997095152,0.0018957348943159221
1635776793066,2021-11-01T10:26:33.066,57.88,-0.004184303422839477,0.00026286912943023784,0.0018501386365225511
1635776793076,2021-11-01T10:26:33.076,57.89,-0.004307166859217814,0.0006778096131248881,0.0011076022766480559
1635776793086,2021-11-01T10:26:33.086,57.9,-0.00401479860933269,0.0019801940340712916,0.00014173250275963096
1635776793096,2021-11-01T10:26:33.096,57.91,-0.0026506649202167926,0.0024927672349597686,-0.00022762512847938129
1635776793106,2021-11-01T10:26:33.106,57.92,-0.0013026179957558797,0.0008505125134591661,0.00021561153688296213
1635776793116,2021-11-01T10:26:33.116,57.93,-0.001084528623489186,-0.001427157124043292,0.0012987732066319614
1635776793126,2021-11-01T10:26:33.126,57.94,-0.0013619622862815052,-0.0018417311561751569,0.002510027711327909
1635776793136,2021-11-01T10:26:33.136,57.95,-0.0011414109980416884,-0.0010973525950070057,0.002893502495663573
1635776793146,2021-11-01T10:26:33.146,57.96,-0.0005758012643338238,-0.001504049651932292,0.002258612692472136
1635776793156,2021-11-01T10:26:33.156,57.97,8.664190571079303e-05,-0.002340034202039513,0.0019998293255345666
1635776793166,2021-11-01T10:26:33.166,57.98,0.0013134965690293808,-0.001420875404033225,0.003257231438646786
1635776793176,2021-11-01T10:26:33.176,57.99,0.0030420259340171686,0.00046631754688344446,0.004910960162441442
1635776793186,2021-11-01T10:26:33.186,58.0,0.00420925733788058,0.0012654371229509586,0.0049943165365924835
1635776793196,2021-11-01T10:26:33.196,58.01,0.004243888354343361,0.001186225557912706,0.0036868320056183124
1635776793206,2021-11-01T10:26:33.206,58.02,0.0038268642002557834,0.0005710797737216555,0.003098106001286973
1635776793216,2021-11-01T10:26:33.216,58.03,0.0038036845506394888,-0.0018617940972916378,0.004001415494686734
1635776793226,2021-11-01T10:26:33.226,58.04,0.004077371389414389,-0.005126744510568489,0.004764627730687775
1635776793236,2021-11-01T10:26:33.236,58.05,0.003970615910542168,-0.005198951768701343,0.004129716275834347
1635776793246,2021-11-01T10:26:33.246,58.06,0.003328946941701683,-0.0012585802345375992,0.003051282821963747
1635776793256,2021-11-01T10:26:33.256,58.07,0.002491887201788439,0.0021386048955408564,0.0027170115403844035
1635776793266,2021-11-01T10:26:33.266,58.08,0.0015702411703829202,0.0015098861716689982,0.0025446173296840876
1635776793276,2021-11-01T10:26:33.276,58.09,0.0008669395165250576,-0.0011409026239437776,0.0015088628850067724
1635776793286,2021-11-01T10:26:33.286,58.1,0.0011275115194406184,-0.002127499990457256,0.00018108765262288176
1635776793296,2021-11-01T10:26:33.296,58.11,0.002223082643442445,-0.001067531047672977,8.086649975649044e-05
1635776793306,2021-11-01T10:26:33.306,58.12,0.0029453118365224194,-0.00032782361498432224,0.0013732987004498442
1635776793316,2021-11-01T10:26:33.316,58.13,0.0028688269660734514,-0.001347303409777672,0.002279132663297056
1635776793326,2021-11-01T10:26:33.326,58.14,0.002692681900115855,-0.003197505547920515,0.0015305750630335334
1635776793336,2021-11-01T10:26:33.336,58.15,0.0025275334655768785,-0.004406985689404071,0.0005947595807708727
1635776793346,2021-11-01T10:26:33.346,58.16,0.001898716290991081,-0.005028062333452765,0.0014971035323055925
1635776793356,2021-11-01T10:26:33.356,58.17,0.0012900306201097562,-0.005747342474269248,0.0031819926751766613
1635776793366,2021-11-01T10:26:33.366,58.18,0.0016469339250047013,-0.0055081582201036506,0.002988536145577044
1635776793376,2021-11-01T10:26:33.376,58.19,0.0027169049502333517,-0.003179687987920236,0.001073429297515569
1635776793386,2021-11-01T10:26:33.386,58.2,0.0033891036681115315,-0.0013171320690700463,-5.092883278377602e-06
1635776793396,2021-11-01T10:26:33.396,58.21,0.003195640510403997,-0.0027831156550505165,0.00045739907483161913
1635776793406,2021-11-01T10:26:33.406,58.22,0.0026501317196576443,-0.004462913560514969,0.0006481935305427951
1635776793416,2021-11-01T10:26:33.416,58.23,0.0023734417287384,-0.0021075520345457963,-0.0005359399689654552
1635776793426,2021-11-01T10:26:33.426,58.24,0.002245496147431425,0.0008997410383893094,-0.0019365874585714038
1635776793436,2021-11-01T10:26:33.436,58.25,0.0017216675744635558,-0.0005054819134980206,-0.0018057987958034205
1635776793446,2021-11-01T10:26:33.446,58.26,0.0008694667313994147,-0.002635199137120139,-0.00015961639815622382
1635776793456,2021-11-01T10:26:33.456,58.27,0.00033187034497885956,-9.088108454501239e-05,0.0009041959307333491
1635776793466,2021-11-01T10:26:33.466,58.28,0.0003538502668697062,0.0025311994268029997,-5.702477102765042e-05
1635776793476,2021-11-01T10:26:33.476,58.29,0.000640129796922564,-0.00202559227008111,-0.0014769356535812004
1635776793486,2021-11-01T10:26:33.486,58.3,0.000954669715880363,-0.01061196841870658,-0.0009614333624791042
1635776793496,2021-11-01T10:26:33.496,58.31,0.0011859940948816378,-0.014384138628391115,0.001135433353891808
1635776793506,2021-11-01T10:26:33.506,58.32,0.0010253780075217545,-0.01116490016899074,0.002555417991048827
1635776793516,2021-11-01T10:26:33.516,58.33,0.0003052154707553914,-0.005210778810918144,0.0025567970495677236
1635776793526,2021-11-01T10:26:33.526,58.34,-0.00023376551105197828,0.0005735960492222745,0.0021933264615577822
1635776793536,2021-11-01T10:26:33.536,58.35,0.000529882874515527,0.005592447505393902,0.0017563327384751996
1635776793546,2021-11-01T10:26:33.546,58.36,0.0023310289054981415,0.007687026054362873,0.00022517540188830338
1635776793556,2021-11-01T10:26:33.556,58.37,0.0034185232724620426,0.00412601095431862,-0.002290110130407832
1635776793566,2021-11-01T10:26:33.566,58.38,0.0027457853962430203,-0.0034328843095760542,-0.0036381865963918867
1635776793576,2021-11-01T10:26:33.576,58.39,0.0011484331056070894,-0.00846971470320808,-0.0026710644924241808
1635776793586,2021-11-01T10:26:33.586,58.4,5.861056190268143e-05,-0.006135906503844579,-0.001428732802372137
1635776793596,2021-11-01T10:26:33.596,58.41,-7.315011340754506e-05,0.0006404923630843969,-0.002173244800245882
1635776793606,2021-11-01T10:26:33.606,58.42,9.701338365940049e-05,0.004408787611232929,-0.003854778234624011
1635776793616,2021-11-01T10:26:33.616,58.43,-0.00012802998357754048,0.002830641522316678,-0.003867852387971514
1635776793626,2021-11-01T10:26:33.626,58.44,-0.0005568592749774592,0.0008678373663398795,-0.0020254806101046444
1635776793636,2021-11-01T10:26:33.636,58.45,-0.0003529499409769428,0.002129794770701664,-0.0006915402522796319
1635776793646,2021-11-01T10:26:33.646,58.46,0.0010003333506681785,0.003317170641848076,-0.0016212541244164612
1635776793656,2021-11-01T10:26:33.656,58.47,0.0029291822230359662,1.5036073300457619e-05,-0.0038205858888703727
1635776793666,2021-11-01T10:26:33.666,58.48,0.004008261216767921,-0.005949163903755002,-0.004587765805037589
1635776793676,2021-11-01T10:26:33.676,58.49,0.0038168161628471123,-0.008215471110187304,-0.002976160642189852
1635776793686,2021-11-01T10:26:33.686,58.5,0.0038962952630925323,-0.003977730665847338,-0.0015555194974908955
1635776793696,2021-11-01T10:26:33.696,58.51,0.004969006768651403,0.0020046944271440745,-0.002831363258975526
1635776793706,2021-11-01T10:26:33.706,58.52,0.004990818570693968,0.003158011152694537,-0.005015666049343732
1635776793716,2021-11-01T10:26:33.716,58.53,0.002920131139357943,-0.0004442085870392849,-0.004687615217218499
1635776793726,2021-11-01T10:26:33.726,58.54,0.0014841405279232972,-0.0030358108321569726,-0.0024241211629021236
1635776793736,2021-11-01T10:26:33.736,58.55,0.0026410785497831186,-0.0021853715363334145,-0.0016215220475078143
1635776793746,2021-11-01T10:26:33.746,58.56,0.0038835703481182463,-0.001579526402266739,-0.0030371987899924778
1635776793756,2021-11-01T10:26:33.756,58.57,0.0024892802678232137,-0.0035460117391541597,-0.004822868787014974
1635776793766,2021-11-01T10:26:33.766,58.58,-4.472007572760251e-05,-0.004729772629679953,-0.006383351795769357
1635776793776,2021-11-01T10:26:33.776,58.59,-0.0006267486275740443,-0.002454524385485081,-0.00800434677471581
1635776793786,2021-11-01T10:26:33.786,58.6,0.0010240875446106239,2.419688865748146e-05,-0.0084689806685002
1635776793796,2021-11-01T10:26:33.796,58.61,0.002615294542791055,-0.0009414446198775947,-0.006981004499436234
1635776793806,2021-11-01T10:26:33.806,58.62,0.002466139576348749,-0.0030905786572281214,-0.005492085725280267
1635776793816,2021-11-01T10:26:33.816,58.63,0.001115840322673532,-0.0023784614010462753,-0.005654009845577319
1635776793826,2021-11-01T10:26:33.826,58.64,5.172851024138082e-05,2.3260878741222573e-05,-0.005909019615143115
1635776793836,2021-11-01T10:26:33.836,58.65,-0.00019454725499530118,0.00010214741344519961,-0.00459339830202253
1635776793846,2021-11-01T10:26:33.846,58.66,2.086221006547751e-05,-0.0017965348035645931,-0.0028753747127737298
1635776793856,2021-11-01T10:26:33.856,58.67,0.0006646049378134889,-0.001993241716987866,-0.0022234120387057575
1635776793866,2021-11-01T10:26:33.866,58.68,0.0018751907213732108,-0.0006888703952807907,-0.0020403873250582133
1635776793876,2021-11-01T10:26:33.876,58.69,0.0030653372800663065,-0.00164460214169534,-0.001215834581569008
1635776793886,2021-11-01T10:26:33.886,58.7,0.003322621527439678,-0.004858574862160078,0.0001412225202372175
1635776793896,2021-11-01T10:26:33.896,58.71,0.002500039426869464,-0.006281971113098467,0.0007978298612753957
1635776793906,2021-11-01T10:26:33.906,58.72,0.0014344595574213037,-0.004899718499484576,-0.0003393387924813324
1635776793916,2021-11-01T10:26:33.916,58.73,0.0012537611822543962,-0.003810542616652938,-0.0025269510594296274
1635776793926,2021-11-01T10:26:33.926,58.74,0.002372900484406051,-0.004286683287207082,-0.003571430254543032
1635776793936,2021-11-01T10:26:33.936,58.75,0.003978563924188895,-0.004347211115336876,-0.0026038648783985466
1635776793946,2021-11-01T10:26:33.946,58.76,0.004780265688883835,-0.003275400593587314,-0.0010559961526111828
1635776793956,2021-11-01T10:26:33.956,58.77,0.0043023668610723985,-0.002731852304715608,-0.00037831834992403044
1635776793966,2021-11-01T10:26:33.966,58.78,0.003111359304279333,-0.003151625943409717,-0.00031022656640681233
1635776793976,2021-11-01T10:26:33.976,58.79,0.0020231682629548624,-0.0029870895607235427,-0.00014196292790529083
1635776793986,2021-11-01T10:26:33.986,58.8,0.001554074028047274,-0.0016193225765975625,-0.00027530909719070476
1635776793996,2021-11-01T10:26:33.996,58.81,0.0017974653964535365,-6.866477683051275e-06,-0.0011216344508785578
1635776794006,2021-11-01T10:26:34.006,58.82,0.002361366338349192,0.0011790341365817034,-0.0017780965545705462
1635776794016,2021-11-01T10:26:34.016,58.83,0.0026469671963712336,0.00195963625782884,-0.0016643390672888177
1635776794026,2021-11-01T10:26:34.026,58.84,0.0024183153035368847,0.002270756189693858,-0.001800277828724601
1635776794036,2021-11-01T10:26:34.036,58.85,0.0020342074252568737,0.0019424875645661106,-0.0025625930962201076
1635776794046,2021-11-01T10:26:34.046,58.86,0.0020168953788630897,0.0008648755777646026,-0.0026031479330107443
1635776794056,2021-11-01T10:26:34.056,58.87,0.0023055144132809514,-0.0009006481535738158,-0.0016910571730102209
1635776794066,2021-11-01T10:26:34.066,58.88,0.0022523144279099055,-0.002606032503817226,-0.0015576407096196093
1635776794076,2021-11-01T10:26:34.076,58.89,0.001618567542315901,-0.0032140252722366253,-0.002638446477253448
1635776794086,2021-11-01T10:26:34.086,58.9,0.000981836816745671,-0.0030042713520908697,-0.0031710603620809397
1635776794096,2021-11-01T10:26:34.096,58.91,0.0008390583403138283,-0.0035833461081625894,-0.002155154743925609
1635776794106,2021-11-01T10:26:34.106,58.92,0.0009733839693994007,-0.00534125921304564,-0.00047357992734888715
1635776794116,2021-11-01T10:26:34.116,58.93,0.0010264661130352283,-0.005951124036986817,0.0007650268759236987
1635776794126,2021-11-01T10:26:34.126,58.94,0.0012548710862635322,-0.003252379297704529,0.001040605723891233
1635776794136,2021-11-01T10:26:34.136,58.95,0.002151518834293728,0.00045857131078048355,0.00033683570573706304
1635776794146,2021-11-01T10:26:34.146,58.96,0.0031873621831819726,0.0005693492453290419,-0.0006010311792485438
1635776794156,2021-11-01T10:26:34.156,58.97,0.0029689337792224648,-0.002055279248590855,-0.0007846885581407417
1635776794166,2021-11-01T10:26:34.166,58.98,0.0013435271776064068,-0.001307405895656979,-0.0002192468419384482
1635776794176,2021-11-01T10:26:34.176,58.99,-0.00013995398641755604,0.0033022197871295017,0.00010706239038207298
1635776794186,2021-11-01T10:26:34.186,59.0,-0.0006400304097342767,0.004013668579808407,-0.00038539840205713315
1635776794196,2021-11-01T10:26:34.196,59.01,-0.0009273064770862777,-0.0029325693541279933,-0.0011415729192162793
1635776794206,2021-11-01T10:26:34.206,59.02,-0.0013176150366275485,-0.01082528006610887,-0.0014204687192189253
1635776794216,2021-11-01T10:26:34.216,59.03,-0.0011337511808852884,-0.012062023221143844,-0.0012432877310201104
1635776794226,2021-11-01T10:26:34.226,59.04,-0.000631759138562541,-0.006770034791444118,-0.0008849167557724274
1635776794236,2021-11-01T10:26:34.236,59.05,-0.0008075549611474567,0.00028503912374178565,-0.0004230182082615866
1635776794246,2021-11-01T10:26:34.246,59.06,-0.0012929765282918186,0.005051725539400313,-0.00029481194989184326
1635776794256,2021-11-01T10:26:34.256,59.07,-0.0010793705787362192,0.00557511452013823,-0.0008944889364512644
1635776794266,2021-11-01T10:26:34.266,59.08,-0.000551021713527213,0.0025497153085229556,-0.0014054846359181329
1635776794276,2021-11-01T10:26:34.276,59.09,-0.00042792194793781684,-0.0012997667414420908,-0.0008149906491411536
1635776794286,2021-11-01T10:26:34.286,59.1,-0.00023708019757025776,-0.003964257972919764,7.492081941186938e-05
1635776794296,2021-11-01T10:26:34.296,59.11,0.00028328665176361454,-0.0050553220375610915,-0.0003047512635452244
1635776794306,2021-11-01T10:26:34.306,59.12,0.00023613693220105093,-0.004373338656701888,-0.0016379307333472442
1635776794316,2021-11-01T10:26:34.316,59.13,-0.0005561173489243397,-0.0020199165797648187,-0.0022736278257237076
1635776794326,2021-11-01T10:26:34.326,59.14,-0.0006946133374076542,0.0008865031306496457,-0.0018429576774647944
1635776794336,2021-11-01T10:26:34.336,59.15,0.0006186755623789092,0.0036644582833191604,-0.0012074450216207169
1635776794346,2021-11-01T10:26:34.346,59.16,0.0021482906482533227,0.006709192962295008,-0.0006791696880518964
1635776794356,2021-11-01T10:26:34.356,59.17,0.0023699547021159718,0.009114231251862701,-0.0002849215757634025
1635776794366,2021-11-01T10:26:34.366,59.18,0.0015995236202040247,0.00800607262275746,-0.0006558761222742567
1635776794376,2021-11-01T10:26:34.376,59.19,0.0013648085028925222,0.002425912773905019,-0.0018932976920556987
1635776794386,2021-11-01T10:26:34.386,59.2,0.0020320590962164004,-0.003717675101222857,-0.002622929664377163
1635776794396,2021-11-01T10:26:34.396,59.21,0.002354031380525894,-0.0049413852338740065,-0.001661756694065914
1635776794406,2021-11-01T10:26:34.406,59.22,0.0016590133598211368,-0.000487696194406806,6.329285207365491e-05
1635776794416,2021-11-01T10:26:34.416,59.23,0.0008040038512454693,0.004290852041402413,0.0006285710362238639
1635776794426,2021-11-01T10:26:34.426,59.24,0.00035015321713676405,0.004147244429168477,-0.00022425691352356733
1635776794436,2021-11-01T10:26:34.436,59.25,-0.00014665889288659672,0.0003751353613601438,-0.0010812807265366074
1635776794446,2021-11-01T10:26:34.446,59.26,-0.00045045693346263576,-0.0017011560087457783,-0.0011714935263217841
1635776794456,2021-11-01T10:26:34.456,59.27,0.0002784242755488495,-0.0006989607917911344,-0.0009515278381435504
1635776794466,2021-11-01T10:26:34.466,59.28,0.0010930180815150589,-2.6381086328244212e-05,-0.0008457329260005712
1635776794476,2021-11-01T10:26:34.476,59.29,-0.0001784139769140267,-0.0010651823083102547,-0.0008623119192958505
1635776794486,2021-11-01T10:26:34.486,59.3,-0.0030804095985982665,-0.0014309865296226558,-0.0009289802994989772
1635776794496,2021-11-01T10:26:34.496,59.31,-0.004503303333556784,-0.0005900050271634591,-0.0010169228010870979
1635776794506,2021-11-01T10:26:34.506,59.32,-0.003581661255863371,-0.0010706299527183775,-0.0012748190031772635
1635776794516,2021-11-01T10:26:34.516,59.33,-0.002931751538140526,-0.0031027841296507284,-0.0015627751981720406
1635776794526,2021-11-01T10:26:34.526,59.34,-0.0038898187489781084,-0.0036944360748510496,-0.0011662001881470674
1635776794536,2021-11-01T10:26:34.536,59.35,-0.004408748860581739,-0.001965227430008624,-0.0003321546446795284
1635776794546,2021-11-01T10:26:34.546,59.36,-0.0029608719805429306,-0.0005581016785725817,-0.0007605227358968895
1635776794556,2021-11-01T10:26:34.556,59.37,-0.0011263284006244089,-0.0010918470246901275,-0.0026240691981149374
1635776794566,2021-11-01T10:26:34.566,59.38,-0.0008311926535721995,-0.0020946811140855727,-0.0032559532852164154
1635776794576,2021-11-01T10:26:34.576,59.39,-0.0014844995478559895,-0.0019606038062538523,-0.0009696266590390675
1635776794586,2021-11-01T10:26:34.586,59.4,-0.0015444639882052618,-0.0011410029463794322,0.0021961186690044594
1635776794596,2021-11-01T10:26:34.596,59.41,-0.001152037435402244,-0.0007078577744640201,0.0033899999185025335
1635776794606,2021-11-01T10:26:34.606,59.42,-0.0010913178040640086,-0.0005357281817953093,0.0024022434063620066
1635776794616,2021-11-01T10:26:34.616,59.43,-0.0005872314202092417,-8.253758877240458e-05,0.00109559567392031
1635776794626,2021-11-01T10:26:34.626,59.44,0.0012916082387148726,0.00017053074390600484,0.0010882450433412618
1635776794636,2021-11-01T10:26:34.636,59.45,0.0032420429239095046,-0.00026438699410355737,0.002263237110950578
1635776794646,2021-11-01T10:26:34.646,59.46,0.003327386572762583,-0.0005269445892182794,0.002915536531182905
1635776794656,2021-11-01T10:26:34.656,59.47,0.0021357829644447343,8.043306992357212e-06,0.002077723630537322
1635776794666,2021-11-01T10:26:34.666,59.48,0.0021095400270901925,0.0003737114287556055,0.0011308068856210804
1635776794676,2021-11-01T10:26:34.676,59.49,0.00393980050403347,0.00011010200862900276,0.0015444717515169831
1635776794686,2021-11-01T10:26:34.686,59.5,0.005514449298820405,0.000413823148011025,0.0024042026481520184
1635776794696,2021-11-01T10:26:34.696,59.51,0.005023994597992328,0.0015197462200974498,0.0021909075430442066
1635776794706,2021-11-01T10:26:34.706,59.52,0.0034411449891466727,0.0019958137610326925,0.0014639770587423244
1635776794716,2021-11-01T10:26:34.716,59.53,0.0028860349999849195,0.00194624949598641,0.0015854571833210933
1635776794726,2021-11-01T10:26:34.726,59.54,0.004022174431705586,0.0029188734358487883,0.0019460437459474448
1635776794736,2021-11-01T10:26:34.736,59.55,0.005709318707026165,0.0038089462654565844,0.0010618616231484906
1635776794746,2021-11-01T10:26:34.746,59.56,0.005975749647804224,0.0019842492200090383,6.225350842062826e-05
1635776794756,2021-11-01T10:26:34.756,59.57,0.0038127762349683303,-0.001033746413471921,0.0017181349615023392
1635776794766,2021-11-01T10:26:34.766,59.58,0.0008583531865898141,-0.0009884523318132617,0.0053115182819732255
1635776794776,2021-11-01T10:26:34.776,59.59,-0.00038206056073233674,0.0016984050330084738,0.006510565923618462
1635776794786,2021-11-01T10:26:34.786,59.6,-0.0003026345900386884,0.0021916071667503444,0.003866803449635899
1635776794796,2021-11-01T10:26:34.796,59.61,-0.0016418526301337187,-0.0008741858840102728,0.0008947797099268259
1635776794806,2021-11-01T10:26:34.806,59.62,-0.004975907130321143,-0.003918909322997448,-0.00010064736385562113
1635776794816,2021-11-01T10:26:34.816,59.63,-0.007626486726839486,-0.004687839835967921,-0.0008992555935235446
1635776794826,2021-11-01T10:26:34.826,59.64,-0.0077600371205619025,-0.004008949841980445,-0.002168825187178042
1635776794836,2021-11-01T10:26:34.836,59.65,-0.006820256108846085,-0.002153038865120564,-0.0015727466883626508
1635776794846,2021-11-01T10:26:34.846,59.66,-0.006415070373786179,0.0005888906597393734,0.0010227522001183677
1635776794856,2021-11-01T10:26:34.856,59.67,-0.005431312579848385,0.0016206013910095292,0.0027022290124999347
1635776794866,2021-11-01T10:26:34.866,59.68,-0.0026689287273925187,0.0001423849234121697,0.002877826404894733
1635776794876,2021-11-01T10:26:34.876,59.69,7.367798119412884e-06,3.867717935218104e-05,0.0034391964488633244
1635776794886,2021-11-01T10:26:34.886,59.7,0.00028697674917728183,0.0031753696981339638,0.0038759611913788483
1635776794896,2021-11-01T10:26:34.896,59.71,-0.0007952301215954897,0.00535324268210853,0.00221423185333873
1635776794906,2021-11-01T10:26:34.906,59.72,-0.0008584377251112738,0.00428365635377392,-0.00018256133655341982
1635776794916,2021-11-01T10:26:34.916,59.73,-7.469828527044778e-05,0.004100375185733479,-2.4726641407264222e-05
1635776794926,2021-11-01T10:26:34.926,59.74,-0.00035898240709855873,0.006456407523583994,0.0025650444459283015
1635776794936,2021-11-01T10:26:34.936,59.75,-0.0022366104987493135,0.005884414626202433,0.004153440444275973
1635776794946,2021-11-01T10:26:34.946,59.76,-0.004249263433826832,-0.00013967403530859763,0.0031147983789006632
1635776794956,2021-11-01T10:26:34.956,59.77,-0.00475655110628212,-0.0051995510020043465,0.001683295916258775
1635776794966,2021-11-01T10:26:34.966,59.78,-0.0038962168027123108,-0.003615202397113569,0.002300869033808011
1635776794976,2021-11-01T10:26:34.976,59.79,-0.003544678555155537,0.00162487374891812,0.004105495920844512
1635776794986,2021-11-01T10:26:34.986,59.8,-0.00468960154132437,0.005170199438754098,0.004591930204254477
1635776794996,2021-11-01T10:26:34.996,59.81,-0.005738050662953071,0.006509467869198174,0.0033479888237172347
1635776795006,2021-11-01T10:26:35.006,59.82,-0.004811807436372431,0.006876590727831701,0.002226911504009524
1635776795016,2021-11-01T10:26:35.016,59.83,-0.002569851921696497,0.005094265404848818,0.002488283976786617
1635776795026,2021-11-01T10:26:35.026,59.84,-0.0010676884678855894,0.0006306032584696812,0.0033606835092820806
1635776795036,2021-11-01T10:26:35.036,59.85,-0.0009604445688987001,-0.0034963305230091574,0.0033315358821773104
1635776795046,2021-11-01T10:26:35.046,59.86,-0.001377335880421745,-0.0041336421288435225,0.0019794293489057728
1635776795056,2021-11-01T10:26:35.056,59.87,-0.0015723494623807281,-0.0015704445201693952,0.00038914914409636763
1635776795066,2021-11-01T10:26:35.066,59.88,-0.0016449756310559106,0.0014458133217654025,-2.509901124265851e-05
1635776795076,2021-11-01T10:26:35.076,59.89,-0.0022665104606531244,0.002221913772071634,0.0008872181478640383
1635776795086,2021-11-01T10:26:35.086,59.9,-0.0039305748259682305,0.000643215097842037,0.0017742916929572592
1635776795096,2021-11-01T10:26:35.096,59.91,-0.006059567313238844,2.9558958201015445e-05,0.0015792385364724552
1635776795106,2021-11-01T10:26:35.106,59.92,-0.00719455500340835,0.0026635481270779506,0.0012297721718517488
1635776795116,2021-11-01T10:26:35.116,59.93,-0.006251187058207994,0.005692271122232457,0.0024203803168657946
1635776795126,2021-11-01T10:26:35.126,59.94,-0.0031114627799350746,0.005503752444804453,0.004625853559104375
1635776795136,2021-11-01T10:26:35.136,59.95,0.001480705984169605,0.003290086637615493,0.005083116678978216
1635776795146,2021-11-01T10:26:35.146,59.96,0.005516620522875969,0.0023620730644526274,0.0029950037751405876
1635776795156,2021-11-01T10:26:35.156,59.97,0.006419477739416653,0.0032827607068568487,0.0015561340390056928
1635776795166,2021-11-01T10:26:35.166,59.98,0.004316076360753769,0.00439003665016496,0.0032280919477211487
1635776795176,2021-11-01T10:26:35.176,59.99,0.0029911092786836877,0.0045337904363641915,0.005588470799968652
1635776795186,2021-11-01T10:26:35.186,60.0,0.004739988583546707,0.003850117340757993,0.005293095604062362
1635776795196,2021-11-01T10:26:35.196,60.01,0.006712547525974336,0.0031031023304502726,0.0032180450614330385
1635776795206,2021-11-01T10:26:35.206,60.02,0.005386754005835857,0.0027397101196042317,0.002035564928904538
1635776795216,2021-11-01T10:26:35.216,60.03,0.001533044854908939,0.002415941157343357,0.0015980518647695854
1635776795226,2021-11-01T10:26:35.226,60.04,-0.0019523036797352428,0.0018185682284937682,4.8056493446730405e-05
1635776795236,2021-11-01T10:26:35.236,60.05,-0.004024541135431323,0.0017337449342395297,-0.0026738979968442913
1635776795246,2021-11-01T10:26:35.246,60.06,-0.005135567688547586,0.0029957966925216596,-0.004940758170317271
1635776795256,2021-11-01T10:26:35.256,60.07,-0.005449055567563105,0.004428148867722104,-0.005862389459400441
1635776795266,2021-11-01T10:26:35.266,60.08,-0.005229689639610903,0.003944491824686514,-0.005953202945736814
1635776795276,2021-11-01T10:26:35.276,60.09,-0.005249265704142489,0.0018260479826458286,-0.005716451702564466
1635776795286,2021-11-01T10:26:35.286,60.1,-0.005537301239092071,0.00041006535886530806,-0.004805718032023874
1635776795296,2021-11-01T10:26:35.296,60.11,-0.005049892930933125,0.0005141775045933497,-0.0031260824197087474
1635776795306,2021-11-01T10:26:35.306,60.12,-0.003175649262258607,0.000689145868883804,-0.0015682244908926048
1635776795316,2021-11-01T10:26:35.316,60.13,-0.0005800343396690974,1.3491694840741283e-05,-0.00042619172904338407
1635776795326,2021-11-01T10:26:35.326,60.14,0.0015473580684755603,-0.00045925073712541206,0.0012665260414713654
1635776795336,2021-11-01T10:26:35.336,60.15,0.0025403324457369137,0.0006401716483095185,0.0033000942458485697
1635776795346,2021-11-01T10:26:35.346,60.16,0.0025013871800606932,0.002902690184420233,0.0037747553909402605
1635776795356,2021-11-01T10:26:35.356,60.17,0.0017091100462890921,0.0043175752793534646,0.0024949338567288467
1635776795366,2021-11-01T10:26:35.366,60.18,0.0004758057488840465,0.003832564729608561,0.0015909523611666104
1635776795376,2021-11-01T10:26:35.376,60.19,-0.00027604687195940687,0.002883904829568831,0.0018659595053886094
1635776795386,2021-11-01T10:26:35.386,60.2,0.00023154389139096952,0.0030197620626433537,0.0019825269535314162
1635776795396,2021-11-01T10:26:35.396,60.21,0.0009871592600960949,0.003358421806285921,0.0013123789223373145
1635776795406,2021-11-01T10:26:35.406,60.22,0.00016555320018412875,0.0026096609032135914,0.00040778176852965996
1635776795416,2021-11-01T10:26:35.416,60.23,-0.0021210995864627746,0.0018550977068192399,-0.000673841656337321
1635776795426,2021-11-01T10:26:35.426,60.24,-0.004072112281441196,0.0027213895605751287,-0.0020251059033517616
1635776795436,2021-11-01T10:26:35.436,60.25,-0.005136792258739318,0.004438710394652387,-0.0030670052043681633
1635776795446,2021-11-01T10:26:35.446,60.26,-0.00656293805607871,0.004979485764474187,-0.003547192967991135
1635776795456,2021-11-01T10:26:35.456,60.27,-0.008724625486935193,0.003936912238287733,-0.003908756091564627
1635776795466,2021-11-01T10:26:35.466,60.28,-0.009902358401992072,0.002794709205216633,-0.0043603218793837805
1635776795476,2021-11-01T10:26:35.476,60.29,-0.008799636432788353,0.0029271444234929287,-0.005005349263035735
1635776795486,2021-11-01T10:26:35.486,60.3,-0.006810087684801331,0.003963628850986606,-0.0061255308268794995
1635776795496,2021-11-01T10:26:35.496,60.31,-0.006081615540179726,0.004373921572123888,-0.007077467359667983
1635776795506,2021-11-01T10:26:35.506,60.32,-0.006319306264931044,0.0038190695876087104,-0.006342907071237138
1635776795516,2021-11-01T10:26:35.516,60.33,-0.005713059170821329,0.0036068612117432838,-0.0038674496963710097
1635776795526,2021-11-01T10:26:35.526,60.34,-0.004364166952730663,0.0041520883437542585,-0.0018544334219906882
1635776795536,2021-11-01T10:26:35.536,60.35,-0.004029712183429243,0.004380271913670927,-0.0020250728649154844
1635776795546,2021-11-01T10:26:35.546,60.36,-0.004714919357165976,0.004296126143493651,-0.003367516288830626
1635776795556,2021-11-01T10:26:35.556,60.37,-0.004583263650065722,0.004911744958263829,-0.003907516265914241
1635776795566,2021-11-01T10:26:35.566,60.38,-0.0032614445644683233,0.0054203349560591595,-0.003472642578099015
1635776795576,2021-11-01T10:26:35.576,60.39,-0.002210794848204008,0.004108314861028778,-0.003023455757851853
1635776795586,2021-11-01T10:26:35.586,60.4,-0.001976218535884936,0.0019600109291880467,-0.0025424674536750364
1635776795596,2021-11-01T10:26:35.596,60.41,-0.0018083961592080006,0.001886057848724105,-0.0016917674568132962
1635776795606,2021-11-01T10:26:35.606,60.42,-0.001332927128834998,0.004253358143759321,-0.0011597413372506857
1635776795616,2021-11-01T10:26:35.616,60.43,-0.00040251791634016317,0.005749950554686257,-0.0012264492956362322
1635776795626,2021-11-01T10:26:35.626,60.44,0.0011962814025088088,0.0037844811705869223,-0.0006812882725518802
1635776795636,2021-11-01T10:26:35.636,60.45,0.00246826924655082,0.0008148549339696374,0.001085037626915129
1635776795646,2021-11-01T10:26:35.646,60.46,0.0021134210507545836,0.0014606816157891646,0.0027003938994791107
1635776795656,2021-11-01T10:26:35.656,60.47,0.0011678378162153032,0.004952922682913755,0.0027076375100205975
1635776795666,2021-11-01T10:26:35.666,60.48,0.0016530300384067585,0.005578866308654493,0.001541469315434136
1635776795676,2021-11-01T10:26:35.676,60.49,0.003349385458582978,0.00264169450029245,0.0008547864687577325
1635776795686,2021-11-01T10:26:35.686,60.5,0.004805987917718576,0.0024148137452457584,0.0013166976705561418
1635776795696,2021-11-01T10:26:35.696,60.51,0.005363930986522195,0.006231584514344318,0.0018656760163546203
1635776795706,2021-11-01T10:26:35.706,60.52,0.004331052767390005,0.006067854314368077,0.0015465750134767255
1635776795716,2021-11-01T10:26:35.716,60.53,0.0015146599025223251,-0.0020589308037973733,0.0010698388061223425
1635776795726,2021-11-01T10:26:35.726,60.54,-0.0009421454276424576,-0.010275542892152332,0.0015422415527113784
1635776795736,2021-11-01T10:26:35.736,60.55,-0.0009067376839222293,-0.011126685670989823,0.002554012704849861
1635776795746,2021-11-01T10:26:35.746,60.56,0.0001702278346994078,-0.007815674859085747,0.002805733887874095
1635776795756,2021-11-01T10:26:35.756,60.57,-0.0007664942116637292,-0.005950256793230012,0.0021094832934109705
1635776795766,2021-11-01T10:26:35.766,60.58,-0.003783505161008933,-0.004561649667577115,0.0014495029826025914
1635776795776,2021-11-01T10:26:35.776,60.59,-0.006062638239998285,-0.001326523993092423,0.0014403473166040774
1635776795786,2021-11-01T10:26:35.786,60.6,-0.006007109013759705,0.0009341086310260926,0.0019476983492976254
1635776795796,2021-11-01T10:26:35.796,60.61,-0.004678449520800227,-0.001557479574400852,0.0026813843657337924
1635776795806,2021-11-01T10:26:35.806,60.62,-0.003148488441031872,-0.007309093965692678,0.00328198573978453
1635776795816,2021-11-01T10:26:35.816,60.63,-0.0010509534075951428,-0.011116847475078205,0.0035267575685006183
1635776795826,2021-11-01T10:26:35.826,60.64,0.0016667558963746735,-0.009714992097648282,0.003622006917523737
1635776795836,2021-11-01T10:26:35.836,60.65,0.003703655762793356,-0.004317950656216844,0.0035966610465403594
1635776795846,2021-11-01T10:26:35.846,60.66,0.003972415191658101,0.0011981898386555657,0.0031097963320286743
1635776795856,2021-11-01T10:26:35.856,60.67,0.003167084394147095,0.004017150913696779,0.00245347617628201
1635776795866,2021-11-01T10:26:35.866,60.68,0.0029661779032318066,0.004605489060226839,0.0024297547226699
1635776795876,2021-11-01T10:26:35.876,60.69,0.003811913305827983,0.00489639840005399,0.002862587463206184
1635776795886,2021-11-01T10:26:35.886,60.7,0.004418939416269112,0.00471814932478495,0.0027415340366473417
1635776795896,2021-11-01T10:26:35.896,60.71,0.0038837938741919263,0.0018796428843495718,0.0019637747892036032
1635776795906,2021-11-01T10:26:35.906,60.72,0.003093840820365106,-0.003706075085487712,0.0015169854329464658
1635776795916,2021-11-01T10:26:35.916,60.73,0.0032592604972072883,-0.007942727618292447,0.001896101298209519
1635776795926,2021-11-01T10:26:35.926,60.74,0.004098258055862024,-0.0065631531707776945,0.002559998245837903
1635776795936,2021-11-01T10:26:35.936,60.75,0.004392909590041642,-0.0007004774721644251,0.0029845995982464807
1635776795946,2021-11-01T10:26:35.946,60.76,0.0037302059659566544,0.004092293101802987,0.0031739026192456124
1635776795956,2021-11-01T10:26:35.956,60.77,0.0028550400698082097,0.0047197140005946795,0.003211112646555746
1635776795966,2021-11-01T10:26:35.966,60.78,0.0024973796827471692,0.00306994190128748,0.00321804474768756
1635776795976,2021-11-01T10:26:35.976,60.79,0.0025742354752686263,0.001128403283042137,0.0032944673937496654
1635776795986,2021-11-01T10:26:35.986,60.8,0.002560967845898052,-0.001657582908295009,0.002913062496033835
1635776795996,2021-11-01T10:26:35.996,60.81,0.0020313969130838637,-0.005068772559718886,0.001634655135926354
1635776796006,2021-11-01T10:26:36.006,60.82,0.0009246734484736747,-0.007085227771931131,0.000625794480213543
1635776796016,2021-11-01T10:26:36.016,60.83,-0.00015504975731160797,-0.007021249677333665,0.001393401738264892
1635776796026,2021-11-01T10:26:36.026,60.84,-0.00030436735180271244,-0.006063995824306962,0.0032710293347149007
1635776796036,2021-11-01T10:26:36.036,60.85,0.0004727895275715358,-0.005257812498598384,0.0044298802259746
1635776796046,2021-11-01T10:26:36.046,60.86,0.0011014080800510933,-0.005172224950906426,0.004514604527862284
1635776796056,2021-11-01T10:26:36.056,60.87,0.0009178436351827642,-0.0056899189648031345,0.004443625757236844
1635776796066,2021-11-01T10:26:36.066,60.88,0.0005134532554151209,-0.0052699412259600495,0.004681467727204747
1635776796076,2021-11-01T10:26:36.076,60.89,0.0007563266229909528,-0.0030128663627184307,0.004772895319816856
1635776796086,2021-11-01T10:26:36.086,60.9,0.0016058208959255455,-0.0009793521815215558,0.004079159964440844
1635776796096,2021-11-01T10:26:36.096,60.91,0.0022174321276881626,-0.0015105146073516183,0.002756032500461735
1635776796106,2021-11-01T10:26:36.106,60.92,0.002032081157828915,-0.0036420111396696683,0.0017874826072990298
1635776796116,2021-11-01T10:26:36.116,60.93,0.001516546337010362,-0.005024033110320059,0.0017907507161493295
1635776796126,2021-11-01T10:26:36.126,60.94,0.0016880227028357804,-0.005490501527187484,0.002275191031372371
1635776796136,2021-11-01T10:26:36.136,60.95,0.0029500914081846573,-0.0062603789775237,0.0023816899797197573
1635776796146,2021-11-01T10:26:36.146,60.96,0.0045044406202537045,-0.007331596790613382,0.0018903014675984717
1635776796156,2021-11-01T10:26:36.156,60.97,0.005155299875709921,-0.007409197983845518,0.0012424358018253698
1635776796166,2021-11-01T10:26:36.166,60.98,0.004747572547479863,-0.005618775318880029,0.001028791722218605
1635776796176,2021-11-01T10:26:36.176,60.99,0.00428782594064947,-0.0028464770888591245,0.001588729037035364
1635776796186,2021-11-01T10:26:36.186,61.0,0.0045791762227704105,-0.0013362727559876734,0.0025324199292625334
1635776796196,2021-11-01T10:26:36.196,61.01,0.005375583909544858,-0.0021430588121568116,0.002896402479399496
1635776796206,2021-11-01T10:26:36.206,61.02,0.005883058545030956,-0.003369400278759346,0.0023954718428545875
1635776796216,2021-11-01T10:26:36.216,61.03,0.005609946772914004,-0.002488846796605084,0.0017503891622443874
1635776796226,2021-11-01T10:26:36.226,61.04,0.004711825959316274,-3.8382954115789955e-05,0.001414605252663805
1635776796236,2021-11-01T10:26:36.236,61.05,0.0036905969212004345,0.0011001377694703995,0.001205042013176401
1635776796246,2021-11-01T10:26:36.246,61.06,0.0029382241233840032,9.738339309136359e-05,0.0012132784773881216
1635776796256,2021-11-01T10:26:36.256,61.07,0.002700710367807946,-0.0007842096771052523,0.0017491764227738852
1635776796266,2021-11-01T10:26:36.266,61.08,0.0030422014761946285,-0.00011981663638040765,0.0023819089782170424
1635776796276,2021-11-01T10:26:36.276,61.09,0.0034548422960121107,0.0007851955218928452,0.0020323419576158204
1635776796286,2021-11-01T10:26:36.286,61.1,0.003143805454343602,0.0007259314376287921,0.0004410552100166041
1635776796296,2021-11-01T10:26:36.296,61.11,0.0020482102568660596,4.639744590928631e-05,-0.0009617155419893345
1635776796306,2021-11-01T10:26:36.306,61.12,0.0008033704387128365,-0.000996955578937286,-0.0007726118691389409
1635776796316,2021-11-01T10:26:36.316,61.13,-0.00022523966477799805,-0.002128138856213626,7.484329731538228e-06
1635776796326,2021-11-01T10:26:36.326,61.14,-0.0008756064338957595,-0.002252015961708438,-0.0007851018062084777
1635776796336,2021-11-01T10:26:36.336,61.15,-0.0006444957366628788,-0.0013900225463165362,-0.0028369045005906313
1635776796346,2021-11-01T10:26:36.346,61.16,0.0006516913596339946,-0.0008464338816354391,-0.0036061480584756267
1635776796356,2021-11-01T10:26:36.356,61.17,0.0020526268770955456,-0.00016820970572016598,-0.00277622775748787
1635776796366,2021-11-01T10:26:36.366,61.18,0.0020835419825538494,0.0015279526521110329,-0.0030948577719324306
1635776796376,2021-11-01T10:26:36.376,61.19,0.0002357370777855635,0.0019846101756686996,-0.005275734771944777
1635776796386,2021-11-01T10:26:36.386,61.2,-0.0022199790428568595,-0.00015282537782929768,-0.006128238573056647
1635776796396,2021-11-01T10:26:36.396,61.21,-0.0032721926655688485,-0.0010656625885817493,-0.004107966470335537
1635776796406,2021-11-01T10:26:36.406,61.22,-0.0025716243933921147,0.0012668572660529843,-0.0022189473566010783
1635776796416,2021-11-01T10:26:36.416,61.23,-0.0019420517086182038,0.0017776056561005582,-0.002924696826021665
1635776796426,2021-11-01T10:26:36.426,61.24,-0.0025091054111631463,-0.0027227640613002617,-0.0045622035561552485
1635776796436,2021-11-01T10:26:36.436,61.25,-0.0028011857473893326,-0.0069087595652421495,-0.004594921109027872
1635776796446,2021-11-01T10:26:36.446,61.26,-0.0013571982416976667,-0.005887679823839861,-0.0028953946092278573
1635776796456,2021-11-01T10:26:36.456,61.27,0.0004724642601579601,-0.0027412829220987704,-0.0010710078728925012
1635776796466,2021-11-01T10:26:36.466,61.28,0.0005215348468293711,-0.0014386329171502846,-0.0006796934884476843
1635776796476,2021-11-01T10:26:36.476,61.29,-0.0008557661796566347,8.490687225374883e-05,-0.0018395096685198849
1635776796486,2021-11-01T10:26:36.486,61.3,-0.0016113549127815207,0.0042539801848369575,-0.0029110574853578835
1635776796496,2021-11-01T10:26:36.496,61.31,-0.001016082619276706,0.007434154509789564,-0.0026322042368759017
1635776796506,2021-11-01T10:26:36.506,61.32,-6.180303678827073e-05,0.004762602181683392,-0.0020831616213575085
1635776796516,2021-11-01T10:26:36.516,61.33,0.000380117052163819,-0.0020583944327724132,-0.0028699402333317373
1635776796526,2021-11-01T10:26:36.526,61.34,0.0004108992841501852,-0.0063546135098653134,-0.0045104450499841905
1635776796536,2021-11-01T10:26:36.536,61.35,0.00032143029859446495,-0.0046087273562350674,-0.005473214742478112
1635776796546,2021-11-01T10:26:36.546,61.36,2.7979216661146094e-05,0.0002770671865671714,-0.005487882961105144
1635776796556,2021-11-01T10:26:36.556,61.37,-0.00038820218722545387,0.0038563522138599254,-0.0052368316175489
1635776796566,2021-11-01T10:26:36.566,61.38,-0.0004435635848521961,0.005428703578975568,-0.004930984541802092
1635776796576,2021-11-01T10:26:36.576,61.39,-0.00010532706667125034,0.006750483084882325,-0.004460314358249767
1635776796586,2021-11-01T10:26:36.586,61.4,0.00010667027414080489,0.007571047026835481,-0.004263578165315228
1635776796596,2021-11-01T10:26:36.596,61.41,0.00031431764027127105,0.005773157266233096,-0.004930239867596702
1635776796606,2021-11-01T10:26:36.606,61.42,0.0009685188229646468,0.001490926661906115,-0.005963303530521354
1635776796616,2021-11-01T10:26:36.616,61.43,0.0012967223771932893,-0.0019568078329231303,-0.005984975385442596
1635776796626,2021-11-01T10:26:36.626,61.44,0.0006072674680384067,-0.0017669396206476608,-0.004563148496692843
1635776796636,2021-11-01T10:26:36.636,61.45,0.0005010349744488404,0.0011072010162255013,-0.002912457414138507
1635776796646,2021-11-01T10:26:36.646,61.46,0.0023538596088079167,0.003008337505318191,-0.0024259798464484907
1635776796656,2021-11-01T10:26:36.656,61.47,0.003974701216438343,0.0018366108177457047,-0.003145033726502983
1635776796666,2021-11-01T10:26:36.666,61.48,0.0026516664254507424,-0.0007270259845399831,-0.0037885339320757987
1635776796676,2021-11-01T10:26:36.676,61.49,-0.00031755134914884147,-0.001964395965914263,-0.0031643901827373123
1635776796686,2021-11-01T10:26:36.686,61.5,-0.0018920986046007653,-0.0015547076015555617,-0.0017239975881159458
1635776796696,2021-11-01T10:26:36.696,61.51,-0.0020860340526241768,-0.0012431432557177093,-0.0013221085738948275
1635776796706,2021-11-01T10:26:36.706,61.52,-0.0030417818677307296,-0.0020786994211527843,-0.002921995464931296
1635776796716,2021-11-01T10:26:36.716,61.53,-0.004955355141997197,-0.002720014751202973,-0.005165811197154646
1635776796726,2021-11-01T10:26:36.726,61.54,-0.006140814446822138,-0.0011607311755669305,-0.005962008672775568
1635776796736,2021-11-01T10:26:36.736,61.55,-0.0062694414960286415,0.0016939909059663326,-0.004835267748128766
1635776796746,2021-11-01T10:26:36.746,61.56,-0.006509246246494939,0.0024320662224059622,-0.0030622803230533294
1635776796756,2021-11-01T10:26:36.756,61.57,-0.006746878176172007,0.00014893808964614775,-0.0022607329554073376
1635776796766,2021-11-01T10:26:36.766,61.58,-0.005846210628450297,-0.002011628089658183,-0.003168926556016775
1635776796776,2021-11-01T10:26:36.776,61.59,-0.004488339711120665,-0.0016744045390232015,-0.004929402118082148
1635776796786,2021-11-01T10:26:36.786,61.6,-0.004287432768618655,-0.00014851937217815397,-0.005601728422945658
1635776796796,2021-11-01T10:26:36.796,61.61,-0.004614883864080202,0.000881126931900034,-0.004123882185094802
1635776796806,2021-11-01T10:26:36.806,61.62,-0.003783995206979928,0.0020379684486128233,-0.0014914117481897127
1635776796816,2021-11-01T10:26:36.816,61.63,-0.0022210114160129846,0.003965433550667517,0.0003564482601469712
1635776796826,2021-11-01T10:26:36.826,61.64,-0.0013047778802718103,0.005232418214095816,0.00041363639541128346
1635776796836,2021-11-01T10:26:36.836,61.65,-0.0006450173405208654,0.004163585139338361,-0.0007544120604908345
1635776796846,2021-11-01T10:26:36.846,61.66,0.0008581455911274015,0.001200744867454389,-0.001883695983690532
1635776796856,2021-11-01T10:26:36.856,61.67,0.002694679370940625,-0.0014851804373657987,-0.0021544119856667515
1635776796866,2021-11-01T10:26:36.866,61.68,0.00347434566910326,-0.002235134985889091,-0.0015996811451552575
1635776796876,2021-11-01T10:26:36.876,61.69,0.0029653164558066927,-0.0013929099157825038,-0.0010182263951937745
1635776796886,2021-11-01T10:26:36.886,61.7,0.002024401711052231,-0.0003917968080003434,-0.001297763506181711
1635776796896,2021-11-01T10:26:36.896,61.71,0.0013439036391466124,0.0001953680171241713,-0.002353528404740518
1635776796906,2021-11-01T10:26:36.906,61.72,0.001332575386698454,0.0009268174223949875,-0.0033972531323064386
1635776796916,2021-11-01T10:26:36.916,61.73,0.002224925147867394,0.002296447504986638,-0.003911927222495902
1635776796926,2021-11-01T10:26:36.926,61.74,0.0034263526880949167,0.004108376898161426,-0.0031658226930101254
1635776796936,2021-11-01T10:26:36.936,61.75,0.003911065902088515,0.005586905888542989,-0.0005245327736087975
1635776796946,2021-11-01T10:26:36.946,61.76,0.0036150717402368368,0.005613158001041008,0.0022337191930066336
1635776796956,2021-11-01T10:26:36.956,61.77,0.0031926899970950834,0.003716862122259077,0.0020799028277441417
1635776796966,2021-11-01T10:26:36.966,61.78,0.0027561787691799487,0.0012407008379295543,-0.000600702844583905
1635776796976,2021-11-01T10:26:36.976,61.79,0.002031820030164696,-0.00010531622182025215,-0.0024649987407003994
1635776796986,2021-11-01T10:26:36.986,61.8,0.001096260455149955,-0.0011687909990101201,-0.0021020273023091814
1635776796996,2021-11-01T10:26:36.996,61.81,0.00029918226739220847,-0.0036855885030730026,-0.0003670404741981379
1635776797006,2021-11-01T10:26:37.006,61.82,2.309552563882963e-05,-0.005386462703442111,0.0018219479724129715
1635776797016,2021-11-01T10:26:37.016,61.83,0.000342261393372649,-0.002424807260521842,0.0025733125330705876
1635776797026,2021-11-01T10:26:37.026,61.84,0.0006021465276373558,0.0020161777330869315,0.00031464037562184687
1635776797036,2021-11-01T10:26:37.036,61.85,0.00025570225404857445,-0.0006681247624164815,-0.0021988342712370617
1635776797046,2021-11-01T10:26:37.046,61.86,9.601290861422303e-05,-0.010805334434330132,-0.0010708430099627961
1635776797056,2021-11-01T10:26:37.056,61.87,0.0012249806874237892,-0.016334559370178737,0.002069639984857525
1635776797066,2021-11-01T10:26:37.066,61.88,0.002966839869899186,-0.008449860819175776,0.0029892771198975713
1635776797076,2021-11-01T10:26:37.076,61.89,0.00333291627372146,0.004997756030731288,0.001753574226027834
1635776797086,2021-11-01T10:26:37.086,61.9,0.001673329785429031,0.010235649173728266,0.0011026355952601053
1635776797096,2021-11-01T10:26:37.096,61.91,-0.00021895014093923504,0.0074121295160590375,0.0014754311959662672
1635776797106,2021-11-01T10:26:37.106,61.92,-0.0003953790426704288,0.008101961272509697,0.0014594513914411968
1635776797116,2021-11-01T10:26:37.116,61.93,0.00034199166458138335,0.014122415640277584,0.0005340601854542121
1635776797126,2021-11-01T10:26:37.126,61.94,-0.0004460215137951109,0.013226360383429305,-0.0004206929695392981
1635776797136,2021-11-01T10:26:37.136,61.95,-0.0027287839190574723,-8.429649636058608e-05,-0.0002601840585153884
1635776797146,2021-11-01T10:26:37.146,61.96,-0.0037347951961213804,-0.013295277379183769,0.001260204293813317
1635776797156,2021-11-01T10:26:37.156,61.97,-0.0023926472329459,-0.013470636518733346,0.0031787714906360847
1635776797166,2021-11-01T10:26:37.166,61.98,-0.0009708363162170617,-0.0050315717154088896,0.0038528588093852687
1635776797176,2021-11-01T10:26:37.176,61.99,-0.0014487278609940637,-0.0003499319776235389,0.0022251705582035748
1635776797186,2021-11-01T10:26:37.186,62.0,-0.00296485599387947,-0.0012865559643520524,-0.0005620028963501815
1635776797196,2021-11-01T10:26:37.196,62.01,-0.003651291091477387,-0.0008164293806751345,-0.0016142327671873707
1635776797206,2021-11-01T10:26:37.206,62.02,-0.002997195664094128,0.0024952964011647196,0.0003410759020577203
1635776797216,2021-11-01T10:26:37.216,62.03,-0.0017791302398515786,0.0027694459196073067,0.0030535652494922062
1635776797226,2021-11-01T10:26:37.226,62.04,-0.0008568250890922781,-0.0016315704333204528,0.0036800411077053327
1635776797236,2021-11-01T10:26:37.236,62.05,-0.00039091751319666475,-0.004365786788267883,0.002186458170740844
1635776797246,2021-11-01T10:26:37.246,62.06,7.976867724742996e-05,-0.0009951685565442723,0.000259110516076497
1635776797256,2021-11-01T10:26:37.256,62.07,0.0005895348392562128,0.004619242495851414,-0.001110411325015965
1635776797266,2021-11-01T10:26:37.266,62.08,0.00024151781737887415,0.007029121401817029,-0.0013897109528967254
1635776797276,2021-11-01T10:26:37.276,62.09,-0.001304494599622335,0.006498241719725319,-0.0003445665534669042
1635776797286,2021-11-01T10:26:37.286,62.1,-0.0026572251007852803,0.005835280609109875,0.000914178766051758
1635776797296,2021-11-01T10:26:37.296,62.11,-0.0024176071481655905,0.004731994721735534,0.0011206089911506667
1635776797306,2021-11-01T10:26:37.306,62.12,-0.0013143905441625559,0.001801176705738472,0.0007375543722251529
1635776797316,2021-11-01T10:26:37.316,62.13,-0.0010066048961881579,-0.0010228980638441567,0.0005846635882827649
1635776797326,2021-11-01T10:26:37.326,62.14,-0.0013279137711386501,-0.0008903303514798858,0.00036833622167885196
1635776797336,2021-11-01T10:26:37.336,62.15,-0.0007687615833663308,0.0010920389269995457,0.00020275675416206023
1635776797346,2021-11-01T10:26:37.346,62.16,0.000466741840301823,0.0015373864872761274,0.0009818631330416755
1635776797356,2021-11-01T10:26:37.356,62.17,0.0004091693611747068,-9.447872086406289e-05,0.002344547409986894
1635776797366,2021-11-01T10:26:37.366,62.18,-0.001356547628827275,-0.0014317998951895766,0.0029642160999232637
1635776797376,2021-11-01T10:26:37.376,62.19,-0.002801906657816564,-0.0012212846892106694,0.0027747799042978443
1635776797386,2021-11-01T10:26:37.386,62.2,-0.002446316416246143,-0.0007038954940057805,0.002603235498347491
1635776797396,2021-11-01T10:26:37.396,62.21,-0.0013368389498195406,-0.0011005813129742958,0.002560884445900043
1635776797406,2021-11-01T10:26:37.406,62.22,-0.0013268739685010677,-0.0017056021351911181,0.002616765643245111
1635776797416,2021-11-01T10:26:37.416,62.23,-0.0024598559235792655,-0.0013300196586186592,0.003277593133775768
1635776797426,2021-11-01T10:26:37.426,62.24,-0.003156375511834401,-0.00038889013581402867,0.004271263898233268
1635776797436,2021-11-01T10:26:37.436,62.25,-0.002735007589457631,-0.00025736279810551036,0.004330362063822433
1635776797446,2021-11-01T10:26:37.446,62.26,-0.002223180574424925,-0.0013397617040805982,0.0034118192521984817
1635776797456,2021-11-01T10:26:37.456,62.27,-0.0023716307011632694,-0.0029235743749631087,0.002983030312728249
1635776797466,2021-11-01T10:26:37.466,62.28,-0.0025569106577333607,-0.004152788042679439,0.0033371280001799073
1635776797476,2021-11-01T10:26:37.476,62.29,-0.00219545621907212,-0.004285845985864059,0.003306970037739009
1635776797486,2021-11-01T10:26:37.486,62.3,-0.0016943999018265924,-0.0030717790829568525,0.0028495731722207283
1635776797496,2021-11-01T10:26:37.496,62.31,-0.0013790288267955422,-0.0013339772764802058,0.0029083183750054815
1635776797506,2021-11-01T10:26:37.506,62.32,-0.0008029330955980719,0.00021651592995828618,0.0031455722907618717
1635776797516,2021-11-01T10:26:37.516,62.33,0.00013102564508664637,0.002151328252006764,0.0025271024298514576
1635776797526,2021-11-01T10:26:37.526,62.34,0.0004929357493165164,0.004248710094430023,0.001350941389464479
1635776797536,2021-11-01T10:26:37.536,62.35,-0.00025667435437628215,0.004165209284251421,0.0007516438800356327
1635776797546,2021-11-01T10:26:37.546,62.36,-0.0010533621857872686,0.001000664476493964,0.0009291588796105808
1635776797556,2021-11-01T10:26:37.556,62.37,-0.0005678070774974043,-0.002327864627946391,0.00126483672054146
1635776797566,2021-11-01T10:26:37.566,62.38,0.0008963783828360447,-0.002934138033126274,0.0017946786556529643
1635776797576,2021-11-01T10:26:37.576,62.39,0.001985924982140925,-0.0016353352256401703,0.0029373159842928896
1635776797586,2021-11-01T10:26:37.586,62.4,0.0022813938837444744,-0.0008137991873791805,0.003681151747925656
1635776797596,2021-11-01T10:26:37.596,62.41,0.0026291879376616123,-0.0007365751604692533,0.0023768371979367544
1635776797606,2021-11-01T10:26:37.606,62.42,0.003651223614063603,0.00019250745626243405,-6.744985452662483e-05
1635776797616,2021-11-01T10:26:37.616,62.43,0.004694764303415121,0.0023201841390165,-0.0005863404094958626
1635776797626,2021-11-01T10:26:37.626,62.44,0.004642762395000587,0.00380427686359919,0.0014951532362553564
1635776797636,2021-11-01T10:26:37.636,62.45,0.0035850253249149547,0.003594498327151709,0.003198252525170378
1635776797646,2021-11-01T10:26:37.646,62.46,0.0028117773665440344,0.003360452327534536,0.0023397407186244055
1635776797656,2021-11-01T10:26:37.656,62.47,0.002653085902579599,0.004534368533450885,0.0005128976503538609
1635776797666,2021-11-01T10:26:37.666,62.48,0.0016808846015125977,0.005510615255630738,0.0001814520152868238
1635776797676,2021-11-01T10:26:37.676,62.49,-0.000703929323829191,0.00426659623625548,0.0010672697008496886
1635776797686,2021-11-01T10:26:37.686,62.5,-0.0026767195726831506,0.0018738429014106917,0.0012034753949974944
1635776797696,2021-11-01T10:26:37.696,62.51,-0.002930155726244795,0.0007716030994137698,0.00018886096641515518
1635776797706,2021-11-01T10:26:37.706,62.52,-0.0030996230778990467,0.0009458317896813418,-0.00040979348879473677
1635776797716,2021-11-01T10:26:37.716,62.53,-0.0046858732782882875,0.0006285533091304062,0.0004778744232450685
1635776797726,2021-11-01T10:26:37.726,62.54,-0.005928047909995291,-4.693579185735563e-06,0.001862315400557564
1635776797736,2021-11-01T10:26:37.736,62.55,-0.004874462078147206,0.0005039442755218788,0.0020526398771743247
1635776797746,2021-11-01T10:26:37.746,62.56,-0.0030149946311882727,0.0008267289637298326,0.0011906193120774348
1635776797756,2021-11-01T10:26:37.756,62.57,-0.002451440598446574,-0.0013728075490267212,0.0012079782474217222
1635776797766,2021-11-01T10:26:37.766,62.58,-0.0022622351023370534,-0.003882495854814535,0.0025008269123149183
1635776797776,2021-11-01T10:26:37.776,62.59,-0.0010024707537006163,-0.0027653648396075447,0.0027744410704787486
1635776797786,2021-11-01T10:26:37.786,62.6,0.00014575724733182857,0.0005799957037602913,0.0011545697248823512
1635776797796,2021-11-01T10:26:37.796,62.61,-0.0002969000221475148,0.0024208089810426416,0.0004475612096116743
1635776797806,2021-11-01T10:26:37.806,62.62,-0.0012867587843049676,0.0035684420943560263,0.002424923166139402
1635776797816,2021-11-01T10:26:37.816,62.63,-0.0011482013144124923,0.005917532027209523,0.00424245364283523
1635776797826,2021-11-01T10:26:37.826,62.64,-0.00017287898051065895,0.00653971692016922,0.0027629083132926988
1635776797836,2021-11-01T10:26:37.836,62.65,0.00041947171506208353,0.0022824747298695117,-0.0004996244578058785
1635776797846,2021-11-01T10:26:37.846,62.66,0.0004130513397449818,-0.003705729802725138,-0.0016246523218408997
1635776797856,2021-11-01T10:26:37.856,62.67,0.0001428086031414977,-0.0056963802414382435,0.0003047319048113643
1635776797866,2021-11-01T10:26:37.866,62.68,-0.0004756433270464585,-0.0026791154603261593,0.0023941618014825337
1635776797876,2021-11-01T10:26:37.876,62.69,-0.0013785976881931232,0.001808845157271645,0.0023156421106173735
1635776797886,2021-11-01T10:26:37.886,62.7,-0.0019760665475517265,0.0047694033946845725,0.0012485925375953786
1635776797896,2021-11-01T10:26:37.896,62.71,-0.0020226237598378535,0.005626335489823464,0.001143401835601216
1635776797906,2021-11-01T10:26:37.906,62.72,-0.0017982178342605408,0.00437428911155273,0.0014457288360879578
1635776797916,2021-11-01T10:26:37.916,62.73,-0.0012945026523949455,0.001008798972023284,0.0008171755532184544
1635776797926,2021-11-01T10:26:37.926,62.74,-0.0003948864678462022,-0.0028900967450263436,-0.00015800255224247524
1635776797936,2021-11-01T10:26:37.936,62.75,0.0003669083637702921,-0.004546183126781587,-0.0002645936777880852
1635776797946,2021-11-01T10:26:37.946,62.76,0.0003859496932452207,-0.002887556901971961,0.0003130729443774344
1635776797956,2021-11-01T10:26:37.956,62.77,8.509199589585507e-05,0.00033776250752361284,0.0009543696311300528
1635776797966,2021-11-01T10:26:37.966,62.78,0.00048805847121157587,0.0026637402471660467,0.001765105767863765
1635776797976,2021-11-01T10:26:37.976,62.79,0.0016348255544772847,0.0034031168904494467,0.002583131898832394
1635776797986,2021-11-01T10:26:37.986,62.8,0.0022202074628552403,0.0038379339874582423,0.0025443732220729117
1635776797996,2021-11-01T10:26:37.996,62.81,0.0014593438319430159,0.004845296617839476,0.0014457801343278954
1635776798006,2021-11-01T10:26:38.006,62.82,0.000556713892999394,0.005059207602300111,0.00015212039875309185
1635776798016,2021-11-01T10:26:38.016,62.83,0.0008822269426755953,0.0026992918087395245,-0.0006380175676211259
1635776798026,2021-11-01T10:26:38.026,62.84,0.0015125041466727811,-0.0012502652472796748,-0.0009308470906620887
1635776798036,2021-11-01T10:26:38.036,62.85,0.0009864481807802528,-0.0033429098917053274,-0.0009121704336509395
1635776798046,2021-11-01T10:26:38.046,62.86,0.00036491103492634214,-0.0014450186978541958,-0.0008530766913963925
1635776798056,2021-11-01T10:26:38.056,62.87,0.001099372956064213,0.0026966472631839685,-0.0011043497005520043
1635776798066,2021-11-01T10:26:38.066,62.88,0.0017005362849930666,0.005415712102646901,-0.0014895733068970185
1635776798076,2021-11-01T10:26:38.076,62.89,0.0007294195149352031,0.005338335055841574,-0.0015376487395863502
1635776798086,2021-11-01T10:26:38.086,62.9,0.00027507902495208625,0.004080432631013147,-0.0014023594825726046
1635776798096,2021-11-01T10:26:38.096,62.91,0.002064409153219236,0.002661942959036153,-0.0012152927994488008
1635776798106,2021-11-01T10:26:38.106,62.92,0.0035723849077854983,0.0002601445740948122,-0.00042249107705450795
1635776798116,2021-11-01T10:26:38.116,62.93,0.0019924959204565195,-0.002549330013735384,0.0006917758658578855
1635776798126,2021-11-01T10:26:38.126,62.94,-0.0010708658738763648,-0.0033172234571977235,0.0007134348917104147
1635776798136,2021-11-01T10:26:38.136,62.95,-0.00207987449645642,-0.0018402824301676302,-0.0005263645707018169
1635776798146,2021-11-01T10:26:38.146,62.96,-0.0007119169025418411,-0.0006841464766630982,-0.001580609859367292
1635776798156,2021-11-01T10:26:38.156,62.97,1.3645570833222117e-05,-0.0010162420364280688,-0.0016087680749665497
1635776798166,2021-11-01T10:26:38.166,62.98,-0.0016340624186714488,-0.0020240032232828062,-0.0009986100637320923
1635776798176,2021-11-01T10:26:38.176,62.99,-0.003407282127045346,-0.003882463669303092,-0.0003738722167633808
1635776798186,2021-11-01T10:26:38.186,63.0,-0.0023243203469790336,-0.0070027584657713126,-0.00012725534108599785
1635776798196,2021-11-01T10:26:38.196,63.01,0.0007782828793475636,-0.009528376552210862,-0.00011883693242910829
1635776798206,2021-11-01T10:26:38.206,63.02,0.0024348452678700666,-0.009436035259861498,0.00018921333849258005
1635776798216,2021-11-01T10:26:38.216,63.03,0.001727660852761661,-0.00746852304587187,0.0006750813233622181
1635776798226,2021-11-01T10:26:38.226,63.04,0.0011171820532008304,-0.005182006069812279,0.0006796939455095332
1635776798236,2021-11-01T10:26:38.236,63.05,0.0019370550038078087,-0.002663299053524166,0.0004439162488539997
1635776798246,2021-11-01T10:26:38.246,63.06,0.00263378046712549,-0.00026778829193208265,0.0006576325341697703
1635776798256,2021-11-01T10:26:38.256,63.07,0.002277973492747349,0.0006258022226238524,0.0008100957102449629
1635776798266,2021-11-01T10:26:38.266,63.08,0.00219126486593317,0.00016170427710311626,5.369961757631988e-05
1635776798276,2021-11-01T10:26:38.276,63.09,0.003071405820885871,-3.463429475841982e-05,-0.0008997193863545854
1635776798286,2021-11-01T10:26:38.286,63.1,0.0037285750072098946,-7.269787717300566e-05,-0.0006922668259962441
1635776798296,2021-11-01T10:26:38.296,63.11,0.003256162853844577,-0.0012781354175027235,0.00037514594930561536
1635776798306,2021-11-01T10:26:38.306,63.12,0.0019903877844852647,-0.0026720018836964834,0.0004568450031849077
1635776798316,2021-11-01T10:26:38.316,63.13,0.0006606986163364606,-0.0022237493696431795,-0.001289505546108151
1635776798326,2021-11-01T10:26:38.326,63.14,0.0001861317155701396,-0.0008603824921564095,-0.003193912375001463
1635776798336,2021-11-01T10:26:38.336,63.15,0.0009949470479309603,-0.0007729650507121016,-0.0030271885671549212
1635776798346,2021-11-01T10:26:38.346,63.16,0.0018099965678035099,-0.001107509374509496,-0.0010247415567834288
1635776798356,2021-11-01T10:26:38.356,63.17,0.0012636803249473987,0.00034283249415297386,0.0005740680053065138
1635776798366,2021-11-01T10:26:38.366,63.18,0.0005570700391405444,0.0027584569403680294,0.0007827819301704552
1635776798376,2021-11-01T10:26:38.376,63.19,0.0014845633981710829,0.0031951109385181375,0.0006474316692174622
1635776798386,2021-11-01T10:26:38.386,63.2,0.002745020531980312,0.0008024705261770371,0.0008539399630595126
1635776798396,2021-11-01T10:26:38.396,63.21,0.0021043047580480735,-0.002137759784728793,0.000794497043674606
1635776798406,2021-11-01T10:26:38.406,63.22,0.0007581394165763484,-0.003426157477194515,0.00023748830152268215
1635776798416,2021-11-01T10:26:38.416,63.23,0.0010167594959212163,-0.003950657571145422,-4.6957946801176324e-05
1635776798426,2021-11-01T10:26:38.426,63.24,0.0016245389825408456,-0.005674731744871468,0.00026876844703516487
1635776798436,2021-11-01T10:26:38.436,63.25,0.00040661713495555683,-0.00722050180176147,0.0006190057399015729
1635776798446,2021-11-01T10:26:38.446,63.26,-0.0009515902053519095,-0.005438877353144708,0.0008250924466922506
1635776798456,2021-11-01T10:26:38.456,63.27,-1.1334801463197482e-05,-0.0016956770166889773,0.0012900070621815534
1635776798466,2021-11-01T10:26:38.466,63.28,0.0017481053599636247,-0.0009531206744671714,0.0018836481985026023
1635776798476,2021-11-01T10:26:38.476,63.29,0.002327238336086176,-0.0033364780359145963,0.001963969340196375
1635776798486,2021-11-01T10:26:38.486,63.3,0.0031261856243045287,-0.0035593223089755927,0.001239467542377676
1635776798496,2021-11-01T10:26:38.496,63.31,0.005001844976208566,-0.0006966345150555834,4.818627297057261e-05
1635776798506,2021-11-01T10:26:38.506,63.32,0.00536188305322872,-0.00012120897829512078,-0.0006649368231844752
1635776798516,2021-11-01T10:26:38.516,63.33,0.003065129384933603,-0.0030968266759251423,-0.00013874082584229235
1635776798526,2021-11-01T10:26:38.526,63.34,0.000920394781439007,-0.003939224258403816,0.0008960962141186162
1635776798536,2021-11-01T10:26:38.536,63.35,0.000442244733971225,-0.0006376578512790913,0.0010392307118836513
1635776798546,2021-11-01T10:26:38.546,63.36,-0.0002792099908017902,0.001189208177469119,0.0003970892879336706
1635776798556,2021-11-01T10:26:38.556,63.37,-0.0017659161774126126,-0.002067209065329751,7.57613004133032e-05
1635776798566,2021-11-01T10:26:38.566,63.38,-0.0019749248886472923,-0.006828087384294631,7.692931118827096e-05
1635776798576,2021-11-01T10:26:38.576,63.39,-0.0007178434581754722,-0.008841487986038886,-0.00019548002762435752
1635776798586,2021-11-01T10:26:38.586,63.4,-6.177638265290169e-05,-0.0077916655707695095,-0.0002234556398457458
1635776798596,2021-11-01T10:26:38.596,63.41,-0.0005145202709254843,-0.0046663116860399066,0.0007062105322728015
1635776798606,2021-11-01T10:26:38.606,63.42,-0.0010379024493125718,-0.0006826713136208963,0.0017231230860988828
1635776798616,2021-11-01T10:26:38.616,63.43,-0.001503576569016986,0.001211316386786788,0.0015134051231993366
1635776798626,2021-11-01T10:26:38.626,63.44,-0.0015781608530062363,-0.001089184212356798,0.0005347984384292874
1635776798636,2021-11-01T10:26:38.636,63.45,0.00043494458038178667,-0.005346342329167987,0.00023625209541810506
1635776798646,2021-11-01T10:26:38.646,63.46,0.004362523319672626,-0.007834477360878687,0.0007236882147855124
1635776798656,2021-11-01T10:26:38.656,63.47,0.006743031433506864,-0.007950865740205731,0.001025181796305047
1635776798666,2021-11-01T10:26:38.666,63.48,0.005585660362487592,-0.00690614239755619,0.000987077400729517
1635776798676,2021-11-01T10:26:38.676,63.49,0.0034633365193079894,-0.0046919267826693945,0.000973226220758598
1635776798686,2021-11-01T10:26:38.686,63.5,0.0033685783301018583,-0.0015526408003345795,0.00042610889748188516
1635776798696,2021-11-01T10:26:38.696,63.51,0.004431974632501619,0.00037787913209669466,-0.001062992167331536
1635776798706,2021-11-01T10:26:38.706,63.52,0.004233887143076319,-2.354739156159384e-05,-0.002050141735885474
1635776798716,2021-11-01T10:26:38.716,63.53,0.003237215654930137,-0.000707457349649504,-0.001294795126044934
1635776798726,2021-11-01T10:26:38.726,63.54,0.004129010169860605,5.959325398238323e-05,-0.000503258441783829
1635776798736,2021-11-01T10:26:38.736,63.55,0.007224080622942041,0.0004265603819589011,-0.0015153533725244788
1635776798746,2021-11-01T10:26:38.746,63.56,0.00935762511925644,-0.0014631731799989024,-0.0023646616610931634
1635776798756,2021-11-01T10:26:38.756,63.57,0.008580199784601143,-0.0030010219824115423,-0.0007929352300071127
1635776798766,2021-11-01T10:26:38.766,63.58,0.007167753482173405,-0.0008465997484448737,0.0007100120084460578
1635776798776,2021-11-01T10:26:38.776,63.59,0.007573888076026473,0.0027843511726251525,-0.0011246338282341556
1635776798786,2021-11-01T10:26:38.786,63.6,0.008288068368812077,0.002913648556257438,-0.004397567909039411
1635776798796,2021-11-01T10:26:38.796,63.61,0.006790608442405189,-0.0007364699229697681,-0.005383736763835198
1635776798806,2021-11-01T10:26:38.806,63.62,0.0039851612342705865,-0.00434945759132811,-0.004328929536460217
1635776798816,2021-11-01T10:26:38.816,63.63,0.00243811778406826,-0.006232726147642734,-0.0036076090910333275
1635776798826,2021-11-01T10:26:38.826,63.64,0.0020206039285363343,-0.007448417369781052,-0.0035394497987172235
1635776798836,2021-11-01T10:26:38.836,63.65,0.0004980011128057964,-0.008010852974736367,-0.003123487946810115
1635776798846,2021-11-01T10:26:38.846,63.66,-0.0022601435896758117,-0.006787047951454988,-0.002393107505742326
1635776798856,2021-11-01T10:26:38.856,63.67,-0.003736524453369335,-0.004361543621360212,-0.002194351357233275
1635776798866,2021-11-01T10:26:38.866,63.68,-0.0025512435644503262,-0.0029905993570438446,-0.002731238537498438
1635776798876,2021-11-01T10:26:38.876,63.69,-0.00010703670449184802,-0.0034167509961462823,-0.0031208803654400145
1635776798886,2021-11-01T10:26:38.886,63.7,0.0017932900355430454,-0.0038477916933469854,-0.0026159448730274626
1635776798896,2021-11-01T10:26:38.896,63.71,0.002715692205268497,-0.0033639596028922757,-0.0018655769050296136
1635776798906,2021-11-01T10:26:38.906,63.72,0.00282528824201429,-0.003867909657489287,-0.0017580480107212927
1635776798916,2021-11-01T10:26:38.916,63.73,0.002214752101095052,-0.0062515949064166805,-0.0017300001187162445
1635776798926,2021-11-01T10:26:38.926,63.74,0.0014483931373364281,-0.00765051659256757,-0.0009758701126235523
1635776798936,2021-11-01T10:26:38.936,63.75,0.0015716585409489081,-0.005595441246940811,-0.00020309739261068372
1635776798946,2021-11-01T10:26:38.946,63.76,0.0028222018787596274,-0.0020297194280016707,-0.0005084223081313734
1635776798956,2021-11-01T10:26:38.956,63.77,0.003994262929641966,-0.0006637008826844593,-0.0017241385484446973
1635776798966,2021-11-01T10:26:38.966,63.78,0.004109359397319512,-0.002614114794774729,-0.0029053556142812857
1635776798976,2021-11-01T10:26:38.976,63.79,0.0040846562953342205,-0.0057803845223936895,-0.0033506598699196413
1635776798986,2021-11-01T10:26:38.986,63.8,0.005214163063549541,-0.00716069596631958,-0.0029113373355167133
1635776798996,2021-11-01T10:26:38.996,63.81,0.0068533423705632816,-0.0060911646852342734,-0.002220141803031214
1635776799006,2021-11-01T10:26:39.006,63.82,0.007543172820649414,-0.004900130439885467,-0.0021789032602839986
1635776799016,2021-11-01T10:26:39.016,63.83,0.007343108616612989,-0.004794105766648372,-0.002656472830669807
1635776799026,2021-11-01T10:26:39.026,63.84,0.007183090021076229,-0.0034927782949345,-0.002670444132982141
1635776799036,2021-11-01T10:26:39.036,63.85,0.007039334928004106,0.00021047415661693675,-0.0019061653512824426
1635776799046,2021-11-01T10:26:39.046,63.86,0.0062494464048092994,0.0030185600836666205,-0.0008504511727977608
1635776799056,2021-11-01T10:26:39.056,63.87,0.0049456573599657725,0.001914490064026185,2.3068882959698578e-05
1635776799066,2021-11-01T10:26:39.066,63.88,0.004136135089371204,-0.0007114885590613804,0.00018063820681996507
1635776799076,2021-11-01T10:26:39.076,63.89,0.004261242143437635,-0.0007269503116494882,-0.0006798027473307557
1635776799086,2021-11-01T10:26:39.086,63.9,0.004379126390971834,0.0007189404189955296,-0.0016402314944985528
1635776799096,2021-11-01T10:26:39.096,63.91,0.0035081672770418725,-0.001469662371716786,-0.001528954259562634
1635776799106,2021-11-01T10:26:39.106,63.92,0.0020641150859301914,-0.007393551189573667,-0.0010378718540971885
1635776799116,2021-11-01T10:26:39.116,63.93,0.001026693698947527,-0.00986811889000227,-0.0018819047510801141
1635776799126,2021-11-01T10:26:39.126,63.94,0.0006167628605811226,-0.004757931177651099,-0.004016041579536514
1635776799136,2021-11-01T10:26:39.136,63.95,0.0006516549048249683,0.0012878290359915555,-0.0055084135462270915
1635776799146,2021-11-01T10:26:39.146,63.96,0.0012070575040817654,-0.0001796984631509678,-0.004855792500402669
1635776799156,2021-11-01T10:26:39.156,63.97,0.002360637140828885,-0.006353213025832192,-0.00261007575528468
1635776799166,2021-11-01T10:26:39.166,63.98,0.0038324750247427123,-0.0076723117901202975,-0.0010558865288999653
1635776799176,2021-11-01T10:26:39.176,63.99,0.004782716509281481,-0.0033704548217379547,-0.001623477062397168
1635776799186,2021-11-01T10:26:39.186,64.0,0.004149891216248558,-0.0019088223598533725,-0.002636428496574999
1635776799196,2021-11-01T10:26:39.196,64.01,0.0021470562009576594,-0.0057678676749712355,-0.0017909176616966757
1635776799206,2021-11-01T10:26:39.206,64.02,0.0007484399699879703,-0.00782895449369305,-0.00023709586546421396
1635776799216,2021-11-01T10:26:39.216,64.03,0.0012851817004832528,-0.00525134247028691,-0.0008417515785184915
1635776799226,2021-11-01T10:26:39.226,64.04,0.002542802530548151,-0.004815630798685294,-0.0032824031202031935
1635776799236,2021-11-01T10:26:39.236,64.05,0.0027726796539068524,-0.010200280212249713,-0.004456296565850091
1635776799246,2021-11-01T10:26:39.246,64.06,0.0022843704704416765,-0.01449951159647046,-0.003036098934609192
1635776799256,2021-11-01T10:26:39.256,64.07,0.002232935469371448,-0.010881262833536,-0.0007991961067124547
1635776799266,2021-11-01T10:26:39.266,64.08,0.002246519986431666,-0.0029252706709892327,4.450983143357203e-05
1635776799276,2021-11-01T10:26:39.276,64.09,0.001401286460437366,0.0015034059748680942,-0.000963382791361474
1635776799286,2021-11-01T10:26:39.286,64.1,0.0004705954579402618,0.0014716388012713587,-0.0027369529948467015
1635776799296,2021-11-01T10:26:39.296,64.11,0.0010972877040974984,0.0016134622168662805,-0.0040329648201389064
1635776799306,2021-11-01T10:26:39.306,64.12,0.0032033457851881678,0.002557330036659581,-0.00455057442221564
1635776799316,2021-11-01T10:26:39.316,64.13,0.0048642253959231396,0.00048556066183100044,-0.004846939725400311
1635776799326,2021-11-01T10:26:39.326,64.14,0.004731043479305639,-0.004052355161183494,-0.005308960113992638
1635776799336,2021-11-01T10:26:39.336,64.15,0.003404135954863257,-0.005153857833641832,-0.0057488370663866355
1635776799346,2021-11-01T10:26:39.346,64.16,0.002330821051755501,-0.0009889017777266044,-0.006087092222186978
1635776799356,2021-11-01T10:26:39.356,64.17,0.0023437673504458486,0.003520803416290141,-0.006431996143067087
1635776799366,2021-11-01T10:26:39.366,64.18,0.003250742826397687,0.005006129149317745,-0.006434308360355103
1635776799376,2021-11-01T10:26:39.376,64.19,0.003957712598380745,0.005356826405527863,-0.005849950287956766
1635776799386,2021-11-01T10:26:39.386,64.2,0.003381503606101193,0.0062910395798182125,-0.0054876014001592425
1635776799396,2021-11-01T10:26:39.396,64.21,0.001983357929883303,0.006461277947242926,-0.006302537644187712
1635776799406,2021-11-01T10:26:39.406,64.22,0.0013723281078991427,0.004307509173599943,-0.00793589021263095
1635776799416,2021-11-01T10:26:39.416,64.23,0.0018010797138806292,0.00018191149080945318,-0.008880500807364597
1635776799426,2021-11-01T10:26:39.426,64.24,0.0019735592776043715,-0.0034995429418487366,-0.007934204830324955
1635776799436,2021-11-01T10:26:39.436,64.25,0.0018286855183995234,-0.0032652720575038203,-0.0056529254625088746
1635776799446,2021-11-01T10:26:39.446,64.26,0.0025436161168360923,0.0017003121324766037,-0.004023197902754767
1635776799456,2021-11-01T10:26:39.456,64.27,0.0033216227926811436,0.006879803294280016,-0.003975518898535984
1635776799466,2021-11-01T10:26:39.466,64.28,0.0019561344452290958,0.006780744196508957,-0.004277003587493139
1635776799476,2021-11-01T10:26:39.476,64.29,-0.0010041761433952421,0.0018654818017284202,-0.0037032279952145314
1635776799486,2021-11-01T10:26:39.486,64.3,-0.002495370634135797,-0.0022563979784273095,-0.0027359533408076956
1635776799496,2021-11-01T10:26:39.496,64.31,-0.0016510846994850649,-0.0023695960867038996,-0.0024645801693953685
1635776799506,2021-11-01T10:26:39.506,64.32,-0.0009652915683372291,-0.0008239856546909943,-0.003279927718285052
1635776799516,2021-11-01T10:26:39.516,64.33,-0.0022330560917825674,-0.0009975557302648052,-0.004777663131282573
1635776799526,2021-11-01T10:26:39.526,64.34,-0.003991146728104138,-0.002792867333037222,-0.0058248627279481584
1635776799536,2021-11-01T10:26:39.536,64.35,-0.004188454047996594,-0.0036267657952702616,-0.005337265976480172
1635776799546,2021-11-01T10:26:39.546,64.36,-0.003300056419000609,-0.002313754974694828,-0.00392206764516211
1635776799556,2021-11-01T10:26:39.556,64.37,-0.002908295447409649,-0.0007151239707839135,-0.0034622040746790173
1635776799566,2021-11-01T10:26:39.566,64.38,-0.002868739709764725,-0.0011601912397393652,-0.0043353382563428725
1635776799576,2021-11-01T10:26:39.576,64.39,-0.002056823050642782,-0.0029869430450407118,-0.004948594699035576
1635776799586,2021-11-01T10:26:39.586,64.4,-0.0007363625334197441,-0.003339348971798353,-0.004554032460800349
1635776799596,2021-11-01T10:26:39.596,64.41,-0.0002659324457137323,-0.0014157263933002853,-0.00420949008698145
1635776799606,2021-11-01T10:26:39.606,64.42,-0.001028448834817855,0.0005741155250263254,-0.004551644470707873
1635776799616,2021-11-01T10:26:39.616,64.43,-0.0019474851643091554,0.0013730323799296053,-0.004823643032270114
1635776799626,2021-11-01T10:26:39.626,64.44,-0.0019015981578074238,0.0024668716603212593,-0.004371969803513811
1635776799636,2021-11-01T10:26:39.636,64.45,-0.0008343608317940311,0.0047606048246972635,-0.0035567369195283853
1635776799646,2021-11-01T10:26:39.646,64.46,0.0004021453600868551,0.00669532609094381,-0.0031730847889462712
1635776799656,2021-11-01T10:26:39.656,64.47,0.000795462231726795,0.006820438643227155,-0.003590375364200317
1635776799666,2021-11-01T10:26:39.666,64.48,0.00019022925906003838,0.005792136734438258,-0.004211241067590033
1635776799676,2021-11-01T10:26:39.676,64.49,-0.00029397914099897653,0.005274927139138448,-0.004119223570238471
1635776799686,2021-11-01T10:26:39.686,64.5,0.00032322190178983134,0.00612219911176924,-0.0035420834403147956
1635776799696,2021-11-01T10:26:39.696,64.51,0.0014116054177334947,0.007684734278352411,-0.003458592187103281
1635776799706,2021-11-01T10:26:39.706,64.52,0.0016347167636547636,0.008794707199821502,-0.00369636714944005
1635776799716,2021-11-01T10:26:39.716,64.53,0.0005634338257413886,0.009323560667640536,-0.0032992773880433208
1635776799726,2021-11-01T10:26:39.726,64.54,-0.001303866219081745,0.009915595068734734,-0.0025816220412650994
1635776799736,2021-11-01T10:26:39.736,64.55,-0.0031690074102286615,0.010456980702873264,-0.0025922438767613304
1635776799746,2021-11-01T10:26:39.746,64.56,-0.004227564582898619,0.01010077513460031,-0.0028173747609522657
1635776799756,2021-11-01T10:26:39.756,64.57,-0.004260476336010545,0.008543509161105543,-0.0018292284277018546
1635776799766,2021-11-01T10:26:39.766,64.58,-0.004234962205586428,0.00624085968336808,-0.00011115659136338204
1635776799776,2021-11-01T10:26:39.776,64.59,-0.005508587413223336,0.0039033622557002605,0.0004850535444319987
1635776799786,2021-11-01T10:26:39.786,64.6,-0.007924164925456141,0.0026818533472148976,0.00015756149322385495
1635776799796,2021-11-01T10:26:39.796,64.61,-0.009720980767866849,0.0037362811261556304,0.0007228822159485984
1635776799806,2021-11-01T10:26:39.806,64.62,-0.010114112817034228,0.006012146079732154,0.0018959631002889337
1635776799816,2021-11-01T10:26:39.816,64.63,-0.010302726089817473,0.005900501342610389,0.00201027555943033
1635776799826,2021-11-01T10:26:39.826,64.64,-0.010986772098877487,0.001952799506361955,0.001696121158487733
1635776799836,2021-11-01T10:26:39.836,64.65,-0.011043522993161225,-0.0015724085886726596,0.002382378123359134
1635776799846,2021-11-01T10:26:39.846,64.66,-0.009749499518546641,1.5916185799543897e-05,0.0028089949646934397
1635776799856,2021-11-01T10:26:39.856,64.67,-0.008538471512641522,0.0044112978902005745,0.001613528776729289
1635776799866,2021-11-01T10:26:39.866,64.68,-0.009302692142973482,0.005533768500383462,0.0007393566972241099
1635776799876,2021-11-01T10:26:39.876,64.69,-0.011668001096734985,0.003252226854607185,0.0016593738463937325
1635776799886,2021-11-01T10:26:39.886,64.7,-0.01347740824762675,0.003042341528139635,0.001798869686436011
1635776799896,2021-11-01T10:26:39.896,64.71,-0.014076918848269535,0.005893169197529862,-0.0005546895860177933
1635776799906,2021-11-01T10:26:39.906,64.72,-0.01495811233229756,0.0066784979251192315,-0.0021951294368986437
1635776799916,2021-11-01T10:26:39.916,64.73,-0.016597266087322298,0.0036998023923299522,-0.0005551491085933959
1635776799926,2021-11-01T10:26:39.926,64.74,-0.017455806162046894,0.0017373977285918788,0.0016670333193235978
1635776799936,2021-11-01T10:26:39.936,64.75,-0.017016188859075694,0.004088360949224311,0.0015851315660930583
1635776799946,2021-11-01T10:26:39.946,64.76,-0.016947188429481293,0.00799489102569324,0.0004648906373125219
1635776799956,2021-11-01T10:26:39.956,64.77,-0.018082340377611965,0.009467969856247784,-0.00011138839744845494
1635776799966,2021-11-01T10:26:39.966,64.78,-0.01878454701629862,0.008656998181251926,-0.0009082414902604324
1635776799976,2021-11-01T10:26:39.976,64.79,-0.01775666326527944,0.008523423646073135,-0.0018627635358722423
1635776799986,2021-11-01T10:26:39.986,64.8,-0.016107204588234267,0.0102020805888063,-0.001327036410883923
1635776799996,2021-11-01T10:26:39.996,64.81,-0.014819105671434837,0.012378581711269538,0.0004243143010640836
1635776800006,2021-11-01T10:26:40.006,64.82,-0.01275900394897091,0.014252055064933043,0.0010234794409122098
1635776800016,2021-11-01T10:26:40.016,64.83,-0.009378697404132053,0.016213785198038073,-0.00016255570480681417
1635776800026,2021-11-01T10:26:40.026,64.84,-0.00648140789013728,0.018318627703827042,-0.001049225764960151
1635776800036,2021-11-01T10:26:40.036,64.85,-0.005093010424173969,0.020180394436177147,-3.311040378550502e-05
1635776800046,2021-11-01T10:26:40.046,64.86,-0.0036523865869915106,0.021893508250612537,0.0018862364709833369
1635776800056,2021-11-01T10:26:40.056,64.87,-0.0010791303694944719,0.024216742937568286,0.0027494385599610527
1635776800066,2021-11-01T10:26:40.066,64.88,0.0015204250943577748,0.027449897866468214,0.0022738643825159213
1635776800076,2021-11-01T10:26:40.076,64.89,0.0033445978774608548,0.02973277217414941,0.0020803057426533253
1635776800086,2021-11-01T10:26:40.086,64.9,0.004954499164548916,0.028320099770260135,0.0035497821889196304
1635776800096,2021-11-01T10:26:40.096,64.91,0.006350389618802027,0.024099050837170552,0.0061922395091231885
1635776800106,2021-11-01T10:26:40.106,64.92,0.006861734684412049,0.021746080628276432,0.008524752168221923
1635776800116,2021-11-01T10:26:40.116,64.93,0.006878893618199047,0.023268592307496984,0.010070945992825145
1635776800126,2021-11-01T10:26:40.126,64.94,0.007320738343446794,0.02539917685964961,0.011592964939748759
1635776800136,2021-11-01T10:26:40.136,64.95,0.00761118966726871,0.02514893283957029,0.013308592335012422
1635776800146,2021-11-01T10:26:40.146,64.96,0.0058600702654657815,0.022714479704948536,0.014294918573267958
1635776800156,2021-11-01T10:26:40.156,64.97,0.001172488409388014,0.017779591431581032,0.014399122178719557
1635776800166,2021-11-01T10:26:40.166,64.98,-0.005128057151371545,0.00935532969255291,0.01475162771526695
1635776800176,2021-11-01T10:26:40.176,64.99,-0.011083607441525277,0.0004178608104977862,0.015213215732125682
1635776800186,2021-11-01T10:26:40.186,65.0,-0.016491773595293042,-0.003301771182546293,0.013876590433022761
1635776800196,2021-11-01T10:26:40.196,65.01,-0.02278725528962828,-0.0003254863867809671,0.010213809657733575
1635776800206,2021-11-01T10:26:40.206,65.02,-0.03026983711994537,0.004858251260791872,0.006076674211309205
1635776800216,2021-11-01T10:26:40.216,65.03,-0.036686036940227,0.007367759700870972,0.0030520014020746795
1635776800226,2021-11-01T10:26:40.226,65.04,-0.03997087519442635,0.006193515761079391,0.0010688979856528962
1635776800236,2021-11-01T10:26:40.236,65.05,-0.04121476937491402,0.003033457645700911,-0.0002988569246865564
1635776800246,2021-11-01T10:26:40.246,65.06,-0.042736503627128934,-0.00014076896206116244,-0.0009207597330946068
1635776800256,2021-11-01T10:26:40.256,65.07,-0.04452835544632397,-0.0015233240809810194,-0.0010206006570500938
1635776800266,2021-11-01T10:26:40.266,65.08,-0.045015166452926136,0.0002850056960667546,-0.0017354978808033373
1635776800276,2021-11-01T10:26:40.276,65.09,-0.0437405126308783,0.005066725825502198,-0.0033692776941994266
1635776800286,2021-11-01T10:26:40.286,65.1,-0.0410073144668483,0.011376416559473766,-0.004087198325777137
1635776800296,2021-11-01T10:26:40.296,65.11,-0.03635151019244957,0.01872714079920769,-0.00237201996007016
1635776800306,2021-11-01T10:26:40.306,65.12,-0.029185101248451105,0.026941722476987534,0.00041592133040484783
1635776800316,2021-11-01T10:26:40.316,65.13,-0.02007094478404662,0.03311009173866236,0.002251413637261561
1635776800326,2021-11-01T10:26:40.326,65.14,-0.010547821565460063,0.03371543848547794,0.0034980123081853557
1635776800336,2021-11-01T10:26:40.336,65.15,-0.0021212276689829782,0.030601791456855404,0.005383002422765087
1635776800346,2021-11-01T10:26:40.346,65.16,0.004547862097865993,0.029207138524623144,0.007711869511787522
1635776800356,2021-11-01T10:26:40.356,65.17,0.009569655509898701,0.029947713344317492,0.01020368781709561
1635776800366,2021-11-01T10:26:40.366,65.18,0.0130115533654615,0.027635304037490475,0.013607718285810488
1635776800376,2021-11-01T10:26:40.376,65.19,0.014974912321590107,0.020494620516279392,0.018065633219812367
1635776800386,2021-11-01T10:26:40.386,65.2,0.016345136779206758,0.013276655575742459,0.022391890154393714
1635776800396,2021-11-01T10:26:40.396,65.21,0.017792985279936266,0.00982277708749678,0.02544261485163247
1635776800406,2021-11-01T10:26:40.406,65.22,0.0183617083376554,0.008525490270919757,0.02704445064938725
1635776800416,2021-11-01T10:26:40.416,65.23,0.0171013435560581,0.0070905406552246066,0.02794427624523079
1635776800426,2021-11-01T10:26:40.426,65.24,0.015102893201434648,0.006282533069938329,0.029196038710347733
1635776800436,2021-11-01T10:26:40.436,65.25,0.013570590166140812,0.006729025881682315,0.030769168442200796
1635776800446,2021-11-01T10:26:40.446,65.26,0.011576692204810484,0.006698423498952393,0.03123073466886391
1635776800456,2021-11-01T10:26:40.456,65.27,0.008024032470827308,0.0049261841604563575,0.030538634390232626
1635776800466,2021-11-01T10:26:40.466,65.28,0.0034293973094307005,0.001625798310458135,0.032074772624024375
1635776800476,2021-11-01T10:26:40.476,65.29,-0.0023480782427811064,-0.00433459863501631,0.037885745447994196
1635776800486,2021-11-01T10:26:40.486,65.3,-0.011421197433898522,-0.014030187574806025,0.04274273513225005
1635776800496,2021-11-01T10:26:40.496,65.31,-0.024806057811405213,-0.022035907374910756,0.04039382371108427
1635776800506,2021-11-01T10:26:40.506,65.32,-0.039626879993075986,-0.01897863165080978,0.03557712605536071
1635776800516,2021-11-01T10:26:40.516,65.33,-0.050549407615483447,-0.006757605845125545,0.03879049276706735
1635776800526,2021-11-01T10:26:40.526,65.34,-0.05373498829247733,-0.001811491659691532,0.04911992370032635
1635776800536,2021-11-01T10:26:40.536,65.35,-0.049868080986553376,-0.012766575839369187,0.054993623999130596
1635776800546,2021-11-01T10:26:40.546,65.36,-0.04358732012038177,-0.026075211030470412,0.050856867761792185
1635776800556,2021-11-01T10:26:40.556,65.37,-0.03902774232964246,-0.026531618261410844,0.041873764616285225
1635776800566,2021-11-01T10:26:40.566,65.38,-0.03591583415426738,-0.017643518827140537,0.03461451082290393
1635776800576,2021-11-01T10:26:40.576,65.39,-0.03139511486809495,-0.008586367489161254,0.03031800927313662
1635776800586,2021-11-01T10:26:40.586,65.4,-0.02527122019448364,0.0014226239088934653,0.025699671844045893
1635776800596,2021-11-01T10:26:40.596,65.41,-0.020736106523235123,0.013319475364281338,0.018591128636191057
1635776800606,2021-11-01T10:26:40.606,65.42,-0.01932849490337478,0.020323722982201062,0.011489590200713287
1635776800616,2021-11-01T10:26:40.616,65.43,-0.01865550094529543,0.019365734026543513,0.0063590702991163095
1635776800626,2021-11-01T10:26:40.626,65.44,-0.016751945969190808,0.016164536805824824,0.0002841857172129293
1635776800636,2021-11-01T10:26:40.636,65.45,-0.014521881084329474,0.014848109368972101,-0.007798852662825134
1635776800646,2021-11-01T10:26:40.646,65.46,-0.011989406316948632,0.01399853976964373,-0.012669706004691564
1635776800656,2021-11-01T10:26:40.656,65.47,-0.007818604842525207,0.01286643502515485,-0.011551727787238468
1635776800666,2021-11-01T10:26:40.666,65.48,-0.00400131400321932,0.012384408470325257,-0.009678841895207234
1635776800676,2021-11-01T10:26:40.676,65.49,-0.0034624422755215106,0.012083612483163943,-0.011659894997142574
1635776800686,2021-11-01T10:26:40.686,65.5,-0.0027238881710560723,0.011745355617775519,-0.014739195409944693
1635776800696,2021-11-01T10:26:40.696,65.51,0.0035240327560565913,0.011934163234345197,-0.014916198768797389
1635776800706,2021-11-01T10:26:40.706,65.52,0.011538532610153949,0.009966068317450555,-0.013233699608240557
1635776800716,2021-11-01T10:26:40.716,65.53,0.013396175218367987,0.0032018860768638717,-0.011773987974679871
1635776800726,2021-11-01T10:26:40.726,65.54,0.011229152730397356,-0.0011009318698759322,-0.0079117102336795
1635776800736,2021-11-01T10:26:40.736,65.55,0.014782909228570756,0.007808446859387256,0.0018862015600709025
1635776800746,2021-11-01T10:26:40.746,65.56,0.025961764694791355,0.02278319648296708,0.013676010985318204
1635776800756,2021-11-01T10:26:40.756,65.57,0.03679304020596116,0.02169854116563029,0.01838171537983925
1635776800766,2021-11-01T10:26:40.766,65.58,0.042027689778004876,0.0010072946949229505,0.014591730217224756
1635776800776,2021-11-01T10:26:40.776,65.59,0.04427149304724118,-0.015028818553735269,0.01091895007880587
1635776800786,2021-11-01T10:26:40.786,65.6,0.046241994133976616,-0.01184175502812037,0.01197818948621273
1635776800796,2021-11-01T10:26:40.796,65.61,0.04512105544226561,-0.007415820893469364,0.012080987648709516
1635776800806,2021-11-01T10:26:40.806,65.62,0.03680259045620174,-0.019505651633347762,0.007118744336870557
1635776800816,2021-11-01T10:26:40.816,65.63,0.022784438332109205,-0.03363451961959436,0.0015567825624517979
1635776800826,2021-11-01T10:26:40.826,65.64,0.010382807346913077,-0.026973576156334545,-0.0006369562485344694
1635776800836,2021-11-01T10:26:40.836,65.65,0.004943497889422607,-0.005179109718646381,-0.0023882431580469787
1635776800846,2021-11-01T10:26:40.846,65.66,0.003701268006102094,0.008001825481643784,-0.0070045636224666495
1635776800856,2021-11-01T10:26:40.856,65.67,0.0014316670192663244,0.004867580425368363,-0.011976831936272383
1635776800866,2021-11-01T10:26:40.866,65.68,-0.0008157003595669499,-0.0021275233117604726,-0.014029243484353372
1635776800876,2021-11-01T10:26:40.876,65.69,-7.916912976659089e-05,-0.0037666198136070876,-0.016456665175012684
1635776800886,2021-11-01T10:26:40.886,65.7,0.0005758512912819036,-0.005935371472687747,-0.023955237878798653
1635776800896,2021-11-01T10:26:40.896,65.71,-0.001241733687537265,-0.016196458533891085,-0.03245222890868109
1635776800906,2021-11-01T10:26:40.906,65.72,-0.0005581005890534775,-0.028970279090210903,-0.035124146117524416
1635776800916,2021-11-01T10:26:40.916,65.73,0.004203684149275454,-0.03188492977139444,-0.035199201083417786
1635776800926,2021-11-01T10:26:40.926,65.74,0.006235440375680979,-0.02215172110521721,-0.037924076969573624
1635776800936,2021-11-01T10:26:40.936,65.75,0.005561278074174361,-0.009671684002129925,-0.03725663744775105
1635776800946,2021-11-01T10:26:40.946,65.76,0.011428142792999994,-0.005260669232166844,-0.028721717566726077
1635776800956,2021-11-01T10:26:40.956,65.77,0.022768161247612086,-0.008689382281051747,-0.022269589370589205
1635776800966,2021-11-01T10:26:40.966,65.78,0.028541277624112932,-0.009169848333827854,-0.023802268563890353
1635776800976,2021-11-01T10:26:40.976,65.79,0.029700539910048174,9.496824449309479e-05,-0.023348029252822332
1635776800986,2021-11-01T10:26:40.986,65.8,0.03623976505122571,0.009984278694778456,-0.016331840736579936
1635776800996,2021-11-01T10:26:40.996,65.81,0.04597582821090268,0.005983419208171692,-0.011898046836626347
1635776801006,2021-11-01T10:26:41.006,65.82,0.04978244754542831,-0.010632511859030634,-0.011567755428272725
1635776801016,2021-11-01T10:26:41.016,65.83,0.049452959718070545,-0.02376838792893655,-0.006258037552822388
1635776801026,2021-11-01T10:26:41.026,65.84,0.051333421996111545,-0.024922810663222248,0.0031479338799163523
1635776801036,2021-11-01T10:26:41.036,65.85,0.052914285630494384,-0.022282631844191554,0.00667089215233145
1635776801046,2021-11-01T10:26:41.046,65.86,0.04906134098186815,-0.026053125085209877,0.004315165917942199
1635776801056,2021-11-01T10:26:41.056,65.87,0.041685190228509444,-0.03555095789134564,0.0042619287608236115
1635776801066,2021-11-01T10:26:41.066,65.88,0.0348639971201697,-0.04371138696141079,0.006224956458059079
1635776801076,2021-11-01T10:26:41.076,65.89,0.028241109950682255,-0.04673990647119932,0.002499330929399823
1635776801086,2021-11-01T10:26:41.086,65.9,0.020461265210851134,-0.04539721497717073,-0.007456731070066908
1635776801096,2021-11-01T10:26:41.096,65.91,0.012744423797697652,-0.041628671475793036,-0.015754082951810695
1635776801106,2021-11-01T10:26:41.106,65.92,0.005480019541659827,-0.0384229855125357,-0.018428017061872897
1635776801116,2021-11-01T10:26:41.116,65.93,-0.00301097266910454,-0.03937432708380547,-0.019626795552908
1635776801126,2021-11-01T10:26:41.126,65.94,-0.011817190255447715,-0.04315967919075034,-0.022930224649426473
1635776801136,2021-11-01T10:26:41.136,65.95,-0.01674624162121297,-0.04139871153321378,-0.02637339903492407
1635776801146,2021-11-01T10:26:41.146,65.96,-0.01570626136482898,-0.02819333192512627,-0.027797768140356408
1635776801156,2021-11-01T10:26:41.156,65.97,-0.01085367341788851,-0.010427111003667102,-0.028536095010340212
1635776801166,2021-11-01T10:26:41.166,65.98,-0.005604072277166452,-0.001914873160863958,-0.029413903732690014
1635776801176,2021-11-01T10:26:41.176,65.99,-0.0017514919847336915,-0.006459112145532457,-0.02839745358637251
1635776801186,2021-11-01T10:26:41.186,66.0,0.0020031786361519987,-0.013168283699160838,-0.024703121580814856
1635776801196,2021-11-01T10:26:41.196,66.01,0.009135121650652816,-0.010778865206188922,-0.020853630957011426
1635776801206,2021-11-01T10:26:41.206,66.02,0.02087760199265799,-0.0001870040361952722,-0.018365588702051697
1635776801216,2021-11-01T10:26:41.216,66.03,0.03369560378466775,0.0097620107412761,-0.015614303581940995
1635776801226,2021-11-01T10:26:41.226,66.04,0.043164791080401,0.012668484275943338,-0.012034362765596385
1635776801236,2021-11-01T10:26:41.236,66.05,0.04839218865214985,0.008106761295607908,-0.009640495954149403
1635776801246,2021-11-01T10:26:41.246,66.06,0.05047095051218365,-0.0006502107472374865,-0.008219644533686735
1635776801256,2021-11-01T10:26:41.256,66.07,0.04934410586920596,-0.010090245744373793,-0.004487130687418456
1635776801266,2021-11-01T10:26:41.266,66.08,0.044775868561175394,-0.019176755100317036,0.0016920762603690556
1635776801276,2021-11-01T10:26:41.276,66.09,0.037874352824963445,-0.028550461252932056,0.005907718172235458
1635776801286,2021-11-01T10:26:41.286,66.1,0.030368200261634837,-0.03625436267969888,0.005648230084797635
1635776801296,2021-11-01T10:26:41.296,66.11,0.024255623388229272,-0.03743726895437802,0.002759559172536707
1635776801306,2021-11-01T10:26:41.306,66.12,0.020454711454517913,-0.03219875299744761,-0.00041917331385866427
1635776801316,2021-11-01T10:26:41.316,66.13,0.01643454009661796,-0.029936474732902525,-0.0023140861535681997
1635776801326,2021-11-01T10:26:41.326,66.14,0.0089912888689036,-0.038649118390201555,-0.0016062842232847823
1635776801336,2021-11-01T10:26:41.336,66.15,-0.0003556645147398086,-0.052356533888769895,0.00012054542636403447
1635776801346,2021-11-01T10:26:41.346,66.16,-0.006833305971528346,-0.057456978960883254,-0.001113541065235485
1635776801356,2021-11-01T10:26:41.356,66.17,-0.00837923397908916,-0.05024980981847288,-0.005414355703900155
1635776801366,2021-11-01T10:26:41.366,66.18,-0.006807345646950278,-0.03984346313751366,-0.008150979980405343
1635776801376,2021-11-01T10:26:41.376,66.19,-0.003855576516557457,-0.03368162366878157,-0.007418145789784853
1635776801386,2021-11-01T10:26:41.386,66.2,0.0014410390529230991,-0.028285584074847055,-0.007054545137744153
1635776801396,2021-11-01T10:26:41.396,66.21,0.010362759966875062,-0.017321923499072054,-0.010232266425768098
1635776801406,2021-11-01T10:26:41.406,66.22,0.02092046790429526,-0.002451977311529097,-0.01451339278582124
1635776801416,2021-11-01T10:26:41.416,66.23,0.030153351949288098,0.009950374737841574,-0.015902408095751597
1635776801426,2021-11-01T10:26:41.426,66.24,0.03922268234689514,0.018829786726308997,-0.014638851859107127
1635776801436,2021-11-01T10:26:41.436,66.25,0.050510159659019706,0.02654039743062383,-0.013793133627853036
1635776801446,2021-11-01T10:26:41.446,66.26,0.060530562162682114,0.02913257909037864,-0.014960239743924467
1635776801456,2021-11-01T10:26:41.456,66.27,0.0632408081521701,0.019972650116916874,-0.018441911484849936
1635776801466,2021-11-01T10:26:41.466,66.28,0.05916550144151131,0.003565946758333865,-0.023733951634846685
1635776801476,2021-11-01T10:26:41.476,66.29,0.05291118570770877,-0.006495948195955721,-0.02766142213784043
1635776801486,2021-11-01T10:26:41.486,66.3,0.043724759405401596,-0.005674346822038044,-0.0274236533028899
1635776801496,2021-11-01T10:26:41.496,66.31,0.02790853359323245,-0.0027145870368027484,-0.025821029585934283
1635776801506,2021-11-01T10:26:41.506,66.32,0.008748529878000802,-0.003425134744492827,-0.027166828366280545
1635776801516,2021-11-01T10:26:41.516,66.33,-0.0053570346828370995,-0.0029548340279331644,-0.029276580031160446
1635776801526,2021-11-01T10:26:41.526,66.34,-0.011407053780268798,0.0019290945395925329,-0.025947647343634028
1635776801536,2021-11-01T10:26:41.536,66.35,-0.013157339105086317,0.0051411095237163355,-0.016414426180149114
1635776801546,2021-11-01T10:26:41.546,66.36,-0.014602064154895487,0.000671337737368492,-0.0073438448456291305
1635776801556,2021-11-01T10:26:41.556,66.37,-0.01752897598741169,-0.00988403304874353,-0.004849338289796041
1635776801566,2021-11-01T10:26:41.566,66.38,-0.02143829013132602,-0.020440567503591557,-0.006969816948334254
1635776801576,2021-11-01T10:26:41.576,66.39,-0.022322887048336973,-0.023286338106619453,-0.006485469305801536
1635776801586,2021-11-01T10:26:41.586,66.4,-0.016905910522438457,-0.013799334523088735,-0.0009816216415470733
1635776801596,2021-11-01T10:26:41.596,66.41,-0.009484323834918266,0.00040188777216664407,0.004206909144786055
1635776801606,2021-11-01T10:26:41.606,66.42,-0.007463776251489148,0.004038909218604662,0.004165266992204343
1635776801616,2021-11-01T10:26:41.616,66.43,-0.010219539346309372,-0.007006569859984022,0.0002930934601040279
1635776801626,2021-11-01T10:26:41.626,66.44,-0.010777854678999457,-0.021328937198814565,-0.0030633046023072737
1635776801636,2021-11-01T10:26:41.636,66.45,-0.00726006962995457,-0.027342060429415577,-0.0036968417745335278
1635776801646,2021-11-01T10:26:41.646,66.46,-0.003792596353147476,-0.022909311480263456,-0.0028349098305474954
1635776801656,2021-11-01T10:26:41.656,66.47,-0.0019057941362491191,-0.01104855828885902,-0.002594443317005186
1635776801666,2021-11-01T10:26:41.666,66.48,0.0008530809312696121,0.004200833429097958,-0.0021472767565990513
1635776801676,2021-11-01T10:26:41.676,66.49,0.005127866018377565,0.01724629202725371,0.0009310840670080496
1635776801686,2021-11-01T10:26:41.686,66.5,0.008225812679251225,0.02205291599882565,0.005089220467955086
1635776801696,2021-11-01T10:26:41.696,66.51,0.0075123723891605135,0.015675707329753156,0.005930277886559802
1635776801706,2021-11-01T10:26:41.706,66.52,0.002752882438852717,0.0016220542664379047,0.0034447290629314397
1635776801716,2021-11-01T10:26:41.716,66.53,-0.003887889028588985,-0.009748074427063541,0.002098729284213601
1635776801726,2021-11-01T10:26:41.726,66.54,-0.00940287491774479,-0.009226900277359442,0.003798919032812241
1635776801736,2021-11-01T10:26:41.736,66.55,-0.012489794678918337,-0.0006277914064958738,0.006505745774018771
1635776801746,2021-11-01T10:26:41.746,66.56,-0.014481513209507354,0.001736995769280571,0.009113689928304785
1635776801756,2021-11-01T10:26:41.756,66.57,-0.017257782153568713,-0.008497333086809689,0.012288801097232346
1635776801766,2021-11-01T10:26:41.766,66.58,-0.021235481421544973,-0.021797782098852744,0.014841057318171143
1635776801776,2021-11-01T10:26:41.776,66.59,-0.02592592208452743,-0.027642109334618296,0.01423640070848364
1635776801786,2021-11-01T10:26:41.786,66.6,-0.03082495098996224,-0.027914998255140974,0.011307621983620939
1635776801796,2021-11-01T10:26:41.796,66.61,-0.03466772740610746,-0.02928276773774792,0.010028460321383357
1635776801806,2021-11-01T10:26:41.806,66.62,-0.03508170381921175,-0.030742004983616435,0.011432558150161854
1635776801816,2021-11-01T10:26:41.816,66.63,-0.030365832955940635,-0.026658450649387717,0.012031832723622776
1635776801826,2021-11-01T10:26:41.826,66.64,-0.02174265845741246,-0.01730472458136894,0.009517539642022161
1635776801836,2021-11-01T10:26:41.836,66.65,-0.013189928346457092,-0.008548957117335759,0.0056843429466245515
1635776801846,2021-11-01T10:26:41.846,66.66,-0.007760227137901829,-0.0022516951662797484,0.002696574515908166
1635776801856,2021-11-01T10:26:41.856,66.67,-0.004060255792096961,0.006138155618268932,0.0007414282667212117
1635776801866,2021-11-01T10:26:41.866,66.68,0.0015187839451519432,0.01909539267348525,5.7630881533321656e-05
1635776801876,2021-11-01T10:26:41.876,66.69,0.009006546672069382,0.031872579547891244,0.0014725924992790111
1635776801886,2021-11-01T10:26:41.886,66.7,0.014390074685903542,0.03805069088294291,0.004412734107523707
1635776801896,2021-11-01T10:26:41.896,66.71,0.015477781651938659,0.03566185885970586,0.006847338761263398
1635776801906,2021-11-01T10:26:41.906,66.72,0.014705270657659792,0.026578078515055004,0.007336105929032536
1635776801916,2021-11-01T10:26:41.916,66.73,0.014820247012742888,0.014664905237301122,0.006287260118229363
1635776801926,2021-11-01T10:26:41.926,66.74,0.015032813934394752,0.0054117291806652975,0.005334070799386314
1635776801936,2021-11-01T10:26:41.936,66.75,0.01308834005973825,0.002718168997074852,0.005344810851546619
1635776801946,2021-11-01T10:26:41.946,66.76,0.008359425270958823,0.005106892055019955,0.005733555552012311
1635776801956,2021-11-01T10:26:41.956,66.77,0.0014648168836462177,0.008154799003548822,0.006148756310555866
1635776801966,2021-11-01T10:26:41.966,66.78,-0.006425765917175305,0.009980452070855132,0.006572623959566988
1635776801976,2021-11-01T10:26:41.976,66.79,-0.012563550912428674,0.01119706699798575,0.006173079067936028
1635776801986,2021-11-01T10:26:41.986,66.8,-0.014107499700487084,0.010330713714256944,0.00567497707629036
1635776801996,2021-11-01T10:26:41.996,66.81,-0.012959914289477528,0.0032808980081791015,0.007768391776674433
1635776802006,2021-11-01T10:26:42.006,66.82,-0.015699452233630288,-0.009598281543260718,0.010678588329661075
1635776802016,2021-11-01T10:26:42.016,66.83,-0.024552342040499067,-0.016963419953817678,0.008307539601896459
1635776802026,2021-11-01T10:26:42.026,66.84,-0.03131992748108268,-0.0053890624099491215,0.001695389843190133
1635776802036,2021-11-01T10:26:42.036,66.85,-0.026597361240872995,0.019304635978810925,-6.503013543085489e-05
1635776802046,2021-11-01T10:26:42.046,66.86,-0.013666095021434982,0.031077059527523893,0.004859014528664744
1635776802056,2021-11-01T10:26:42.056,66.87,-0.005016473140988911,0.01656237013474653,0.00724370510853218
1635776802066,2021-11-01T10:26:42.066,66.88,-0.004818695088275544,-0.004317311076749436,0.0024336512578386304
1635776802076,2021-11-01T10:26:42.076,66.89,-0.004951998935989723,-0.00691495539001785,-0.003244099724569634
1635776802086,2021-11-01T10:26:42.086,66.9,6.085527767237453e-05,0.005533857953362815,-0.0045757396615090555
1635776802096,2021-11-01T10:26:42.096,66.91,0.005546912958902205,0.01614947303430595,-0.0035488666495059424
1635776802106,2021-11-01T10:26:42.106,66.92,0.006233207698686025,0.02119895011707129,-0.0021258282165864664
1635776802116,2021-11-01T10:26:42.116,66.93,0.002827749310709789,0.02409179258976185,0.0001306078777444627
1635776802126,2021-11-01T10:26:42.126,66.94,-0.002392312500662748,0.02206959768392558,0.0012215217672722966
1635776802136,2021-11-01T10:26:42.136,66.95,-0.008541540662536892,0.013498717392643387,-0.0018934785653336836
1635776802146,2021-11-01T10:26:42.146,66.96,-0.014471086000789831,0.004601789357171877,-0.007207777559320633
1635776802156,2021-11-01T10:26:42.156,66.97,-0.01931796133737944,0.0024465185682442827,-0.008867165168422135
1635776802166,2021-11-01T10:26:42.166,66.98,-0.023990622143541994,0.008152575119221461,-0.004896754157575626
1635776802176,2021-11-01T10:26:42.176,66.99,-0.029290605794909427,0.016100554213522668,0.00036193781593830943
1635776802186,2021-11-01T10:26:42.186,67.0,-0.03419376810357054,0.01783066155005055,0.0025849257953472313
1635776802196,2021-11-01T10:26:42.196,67.01,-0.03817231290087043,0.009786878949724865,0.00223760298180961
1635776802206,2021-11-01T10:26:42.206,67.02,-0.042761177750871876,-0.0040015871048171125,0.0014669970227401327
1635776802216,2021-11-01T10:26:42.216,67.03,-0.04768592871079047,-0.017362694463089183,0.0007747281787164711
1635776802226,2021-11-01T10:26:42.226,67.04,-0.04837626776974467,-0.025994771722460733,0.00042340498690312785
1635776802236,2021-11-01T10:26:42.236,67.05,-0.04188773377040793,-0.028510884488454298,0.0010023235886779233
1635776802246,2021-11-01T10:26:42.246,67.06,-0.03201628891536501,-0.02764054435265647,0.0019671123232173626
1635776802256,2021-11-01T10:26:42.256,67.07,-0.02339959047615324,-0.025565823848421813,0.0025184867986339362
1635776802266,2021-11-01T10:26:42.266,67.08,-0.015223009748201819,-0.01782830270172768,0.0027273898206190313
1635776802276,2021-11-01T10:26:42.276,67.09,-0.005961875196966013,-0.0006694868529263007,0.002216220990707757
1635776802286,2021-11-01T10:26:42.286,67.1,0.0023527092980559572,0.01867164394820753,0.0006084609442984882
1635776802296,2021-11-01T10:26:42.296,67.11,0.009441214272908104,0.030203057792304137,-0.0005711530649209043
1635776802306,2021-11-01T10:26:42.306,67.12,0.018361853476242487,0.03465829652094747,-0.00026234646143119257
1635776802316,2021-11-01T10:26:42.316,67.13,0.028119119111044952,0.037937584000030715,-0.0004311382516192813
1635776802326,2021-11-01T10:26:42.326,67.14,0.03274145127236122,0.03913083424006701,-0.0023469613201133025
1635776802336,2021-11-01T10:26:42.336,67.15,0.030111844302410328,0.034924949815065366,-0.003816873195857399
1635776802346,2021-11-01T10:26:42.346,67.16,0.024910217884619473,0.029194057700093444,-0.0035404569320324967
1635776802356,2021-11-01T10:26:42.356,67.17,0.02139542141901485,0.027714185304300774,-0.003609903690288245
1635776802366,2021-11-01T10:26:42.366,67.18,0.018435075960371833,0.028422108805266078,-0.004883852627738707
1635776802376,2021-11-01T10:26:42.376,67.19,0.013120671501433985,0.025798079746599256,-0.004759236521066163
1635776802386,2021-11-01T10:26:42.386,67.2,0.005705104283169511,0.02017870795489667,-0.0022356170671400093
1635776802396,2021-11-01T10:26:42.396,67.21,-0.0017258654190438088,0.014667828721432205,-0.0006779954792912433
1635776802406,2021-11-01T10:26:42.406,67.22,-0.009557652581001752,0.00770678442047431,-0.0026322883635891527
1635776802416,2021-11-01T10:26:42.416,67.23,-0.019231203027297566,-0.002638947442278982,-0.005700915524619599
1635776802426,2021-11-01T10:26:42.426,67.24,-0.027635449444249803,-0.01088743457472969,-0.006383587979499103
1635776802436,2021-11-01T10:26:42.436,67.25,-0.028752126950171167,-0.010357600341779419,-0.005052348901891024
1635776802446,2021-11-01T10:26:42.446,67.26,-0.022665140369598234,-0.005793458955281447,-0.004650970885047208
1635776802456,2021-11-01T10:26:42.456,67.27,-0.01651675076685669,-0.009230395649905618,-0.00597212207886052
1635776802466,2021-11-01T10:26:42.466,67.28,-0.013697807251900326,-0.020759726913682157,-0.006321423295443295
1635776802476,2021-11-01T10:26:42.476,67.29,-0.009246934286842201,-0.023497578490610772,-0.003724662214542721
1635776802486,2021-11-01T10:26:42.486,67.3,-7.552342867880022e-05,-0.004735968968358586,-0.0010188470214917828
1635776802496,2021-11-01T10:26:42.496,67.31,0.0077817609808367785,0.025123449635147874,-0.0024718460927039606
1635776802506,2021-11-01T10:26:42.506,67.32,0.008437717486352551,0.04400521283754675,-0.006824978625349129
1635776802516,2021-11-01T10:26:42.516,67.33,0.006527917539554802,0.04359939442118384,-0.008702417537484429
1635776802526,2021-11-01T10:26:42.526,67.34,0.010215387234133512,0.033766390974531615,-0.007251902208063038
1635776802536,2021-11-01T10:26:42.536,67.35,0.01785075679646967,0.02659180563351695,-0.0067275166384987775
1635776802546,2021-11-01T10:26:42.546,67.36,0.0208796762506371,0.026539912894072364,-0.007354830916846612
1635776802556,2021-11-01T10:26:42.556,67.37,0.017500275442479875,0.03177597618331423,-0.004297785506504879
1635776802566,2021-11-01T10:26:42.566,67.38,0.013072197469215488,0.03598241074227568,0.00219875160881267
1635776802576,2021-11-01T10:26:42.576,67.39,0.008739079278091378,0.033123948947480254,0.005759136005752456
1635776802586,2021-11-01T10:26:42.586,67.4,0.0005546953080389945,0.02458275367553835,0.004910995531712332
1635776802596,2021-11-01T10:26:42.596,67.41,-0.01132819628523014,0.015195462964142106,0.004390090498376227
1635776802606,2021-11-01T10:26:42.606,67.42,-0.022234535628133406,0.0051368139018127795,0.005030622506418756
1635776802616,2021-11-01T10:26:42.616,67.43,-0.030397327146305643,-0.003758956892951257,0.003374110466700486
1635776802626,2021-11-01T10:26:42.626,67.44,-0.037500949886754856,-0.003703543955026326,0.000214074158933205
1635776802636,2021-11-01T10:26:42.636,67.45,-0.043437061302994684,0.0032061400956114325,-0.0004300550123948476
1635776802646,2021-11-01T10:26:42.646,67.46,-0.04616522346605628,0.000787013692118627,0.001303500744209909
1635776802656,2021-11-01T10:26:42.656,67.47,-0.04533215058383752,-0.015530589533874966,0.0022418053518052884
1635776802666,2021-11-01T10:26:42.666,67.48,-0.04112150005097746,-0.02707273159032054,0.001826489521783831
1635776802676,2021-11-01T10:26:42.676,67.49,-0.03164027457047225,-0.017796399526982625,0.0016442951268868047
1635776802686,2021-11-01T10:26:42.686,67.5,-0.017591466882377345,0.003000193169688236,0.0019553339257286305
1635776802696,2021-11-01T10:26:42.696,67.51,-0.006011801957908626,0.013372172894052068,0.0018536847651126728
1635776802706,2021-11-01T10:26:42.706,67.52,-0.0008114668679310618,0.007835258121655723,0.0012216453872014353
1635776802716,2021-11-01T10:26:42.716,67.53,0.005025653458873653,0.0038858912525234785,0.0006786800353630904
1635776802726,2021-11-01T10:26:42.726,67.54,0.017294319098327827,0.015274928730949969,0.000587963986963005
1635776802736,2021-11-01T10:26:42.736,67.55,0.02825499676037349,0.03111154613475212,0.0012658632579432465
1635776802746,2021-11-01T10:26:42.746,67.56,0.028233193742678568,0.03495051054506288,0.003060535276339815
1635776802756,2021-11-01T10:26:42.756,67.57,0.02094141874238914,0.03090028143180544,0.005032897762137122
1635776802766,2021-11-01T10:26:42.766,67.58,0.015818911614305854,0.03172831564739403,0.005050382321861329
1635776802776,2021-11-01T10:26:42.776,67.59,0.013266769729560281,0.033802628451674185,0.0028250954188522434
1635776802786,2021-11-01T10:26:42.786,67.6,0.007356267419070722,0.025263612289866972,0.0011491709653277762
1635776802796,2021-11-01T10:26:42.796,67.61,-0.0033294290981014563,0.009663791856428232,0.001844061362962255
1635776802806,2021-11-01T10:26:42.806,67.62,-0.014942983138024642,0.0005682324130442534,0.002400549064632154
1635776802816,2021-11-01T10:26:42.816,67.63,-0.024101715418284896,-0.0013986034487735335,-4.9279648258291665e-05
1635776802826,2021-11-01T10:26:42.826,67.64,-0.030145532872392657,-0.006927415136917041,-0.0033307419671365574
1635776802836,2021-11-01T10:26:42.836,67.65,-0.03405529270705817,-0.017090717196369273,-0.003141673993651028
1635776802846,2021-11-01T10:26:42.846,67.66,-0.0365629706558003,-0.0217999908134227,0.00022693744138262216
1635776802856,2021-11-01T10:26:42.856,67.67,-0.036722661626303374,-0.01807407179804513,0.002857711765512074
1635776802866,2021-11-01T10:26:42.866,67.68,-0.033042971762468495,-0.014503006701340197,0.003638399651946356
1635776802876,2021-11-01T10:26:42.876,67.69,-0.02564805159232843,-0.016519213644746678,0.005086210485903063
1635776802886,2021-11-01T10:26:42.886,67.7,-0.015889112958691484,-0.01902165235044226,0.008333132251945496
1635776802896,2021-11-01T10:26:42.896,67.71,-0.00492243477316937,-0.01517673053896371,0.011023031171642913
1635776802906,2021-11-01T10:26:42.906,67.72,0.00602319458717282,-0.003796812840858561,0.010792343356309185
1635776802916,2021-11-01T10:26:42.916,67.73,0.015509340183598633,0.012647933632435764,0.008794281496530346
1635776802926,2021-11-01T10:26:42.926,67.74,0.022999637979624232,0.029764814383979248,0.00790500807326542
1635776802936,2021-11-01T10:26:42.936,67.75,0.028739964296112926,0.04099462323648624,0.008200946821753003
1635776802946,2021-11-01T10:26:42.946,67.76,0.03210617986610646,0.042460181172007484,0.007517034774130617
1635776802956,2021-11-01T10:26:42.956,67.77,0.03140417521696304,0.03782362727633666,0.005944415186270613
1635776802966,2021-11-01T10:26:42.966,67.78,0.025912717796458463,0.033280494910309176,0.005322568933782258
1635776802976,2021-11-01T10:26:42.976,67.79,0.017288162934723707,0.02976704912830696,0.005317222699900693
1635776802986,2021-11-01T10:26:42.986,67.8,0.008162002924032161,0.02501924222298872,0.004309484924772197
1635776802996,2021-11-01T10:26:42.996,67.81,-0.00020182529710751165,0.020100306640191863,0.0024869835987602193
1635776803006,2021-11-01T10:26:43.006,67.82,-0.007986165216836764,0.01767030608062087,0.0011616311971285368
1635776803016,2021-11-01T10:26:43.016,67.83,-0.015336464434113007,0.015439753426257705,0.0008514795670856497
1635776803026,2021-11-01T10:26:43.026,67.84,-0.02251837285357545,0.007312621148893832,0.0013058538712976077
1635776803036,2021-11-01T10:26:43.036,67.85,-0.030618170822112673,-0.00790920227730122,0.0021546477551496407
1635776803046,2021-11-01T10:26:43.046,67.86,-0.039358487046132,-0.023043611264813253,0.0030730892768138585
1635776803056,2021-11-01T10:26:43.056,67.87,-0.045187980132571845,-0.030986255424135016,0.0037418675113890998
1635776803066,2021-11-01T10:26:43.066,67.88,-0.044788611467974235,-0.03383208450257307,0.004187756152719317
1635776803076,2021-11-01T10:26:43.076,67.89,-0.03924883822595807,-0.037592966211520445,0.005066332097829327
1635776803086,2021-11-01T10:26:43.086,67.9,-0.03176774522679207,-0.03982934702836849,0.006569384006824088
1635776803096,2021-11-01T10:26:43.096,67.91,-0.023400122583880224,-0.03167728746710193,0.0075378099766889705
1635776803106,2021-11-01T10:26:43.106,67.92,-0.013833973479489267,-0.012301254145573117,0.007071945679324619
1635776803116,2021-11-01T10:26:43.116,67.93,-0.0036933195344565663,0.008214885311746169,0.006047288459293515
1635776803126,2021-11-01T10:26:43.126,67.94,0.006040604312780565,0.021683254800169232,0.005804483482843098
1635776803136,2021-11-01T10:26:43.136,67.95,0.014602419840624627,0.02920356878796989,0.0064299648848331874
1635776803146,2021-11-01T10:26:43.146,67.96,0.02088457006349449,0.03433563506352458,0.00696531070325381
1635776803156,2021-11-01T10:26:43.156,67.97,0.02412309989519635,0.0364788312526456,0.006504750551316221
1635776803166,2021-11-01T10:26:43.166,67.98,0.02448063934467159,0.03427439116965276,0.005037600704310122
1635776803176,2021-11-01T10:26:43.176,67.99,0.0219532691323744,0.030543022614673242,0.0035199967260886953
1635776803186,2021-11-01T10:26:43.186,68.0,0.01618043784225234,0.029567500051798066,0.002701925481707139
1635776803196,2021-11-01T10:26:43.196,68.01,0.0078049212037731575,0.031202232987657084,0.0019194985403313482
1635776803206,2021-11-01T10:26:43.206,68.02,-0.0014674949672289616,0.03065515848578001,-8.432434050802362e-05
1635776803216,2021-11-01T10:26:43.216,68.03,-0.010202397877684118,0.023769640762140394,-0.002875530050975031
1635776803226,2021-11-01T10:26:43.226,68.04,-0.01786756620964502,0.010913474300368415,-0.003999087643242285
1635776803236,2021-11-01T10:26:43.236,68.05,-0.024745412210293194,-0.00421686458055377,-0.0020018520118385468
1635776803246,2021-11-01T10:26:43.246,68.06,-0.031208535829308548,-0.018035660693425347,0.0013784555271679337
1635776803256,2021-11-01T10:26:43.256,68.07,-0.03625025557597194,-0.02832550634251915,0.0037048012919964485
1635776803266,2021-11-01T10:26:43.266,68.08,-0.037592842016285793,-0.033838697751018915,0.0052274923036946495
1635776803276,2021-11-01T10:26:43.276,68.09,-0.03395894122173991,-0.035386302128434424,0.007973902806609694
1635776803286,2021-11-01T10:26:43.286,68.1,-0.026149015038663,-0.03591202807504748,0.012591100292521255
1635776803296,2021-11-01T10:26:43.296,68.11,-0.01592156443339436,-0.03627104432504615,0.017281817420646765
1635776803306,2021-11-01T10:26:43.306,68.12,-0.004902124396897724,-0.03314845684274642,0.019606700822215252
1635776803316,2021-11-01T10:26:43.316,68.13,0.0058299356732575735,-0.02411064108667927,0.01975563160267118
1635776803326,2021-11-01T10:26:43.326,68.14,0.015920178659404736,-0.010938410353245425,0.02096363239392738
1635776803336,2021-11-01T10:26:43.336,68.15,0.025415530445981563,0.003579025609071131,0.024391962904324126
1635776803346,2021-11-01T10:26:43.346,68.16,0.033665015498631025,0.015935940442200022,0.026345125063623832
1635776803356,2021-11-01T10:26:43.356,68.17,0.038373398932500274,0.019630184477613534,0.02431081289322009
1635776803366,2021-11-01T10:26:43.366,68.18,0.037396218277526566,0.01210356404706835,0.02146468297171865
1635776803376,2021-11-01T10:26:43.376,68.19,0.03219828749028625,0.002372455991159606,0.02084212435688895
1635776803386,2021-11-01T10:26:43.386,68.2,0.026444843110798172,0.0010127904587050967,0.020066679929963343
1635776803396,2021-11-01T10:26:43.396,68.21,0.020555225752507515,0.005878488950648601,0.015802002594199185
1635776803406,2021-11-01T10:26:43.406,68.22,0.01209919968682912,0.008355928702816061,0.009030074791469882
1635776803416,2021-11-01T10:26:43.416,68.23,0.0015201801110739936,0.007236009862744551,0.0033728493804552973
1635776803426,2021-11-01T10:26:43.426,68.24,-0.007503572744503926,0.005017858040571008,0.0009620318105376225
1635776803436,2021-11-01T10:26:43.436,68.25,-0.012958777352906268,-0.0006770174846398082,0.0009466948989068214
1635776803446,2021-11-01T10:26:43.446,68.26,-0.01620006248884715,-0.0099407979063454,0.0012634446743657389
1635776803456,2021-11-01T10:26:43.456,68.27,-0.019342398619967102,-0.014467365014019394,0.0015818026727562186
1635776803466,2021-11-01T10:26:43.466,68.28,-0.022050696676235382,-0.009511387542818599,0.0033362433669700074
1635776803476,2021-11-01T10:26:43.476,68.29,-0.020868114052529675,-0.002151429387170097,0.006764555776087715
1635776803486,2021-11-01T10:26:43.486,68.3,-0.013411833242677,0.0003315240477960098,0.009967067067115405
1635776803496,2021-11-01T10:26:43.496,68.31,-0.002738460512231895,1.3309277840236255e-05,0.011620903303407057
1635776803506,2021-11-01T10:26:43.506,68.32,0.00623057889951852,0.0006677422225079415,0.013144683842806648
1635776803516,2021-11-01T10:26:43.516,68.33,0.013809525038366419,0.00047550407445431475,0.016535589867175716
1635776803526,2021-11-01T10:26:43.526,68.34,0.023975548980255654,-0.0023409299436298603,0.020445056428477514
1635776803536,2021-11-01T10:26:43.536,68.35,0.03671809872172163,-0.0042580932887715025,0.02122309510591637
1635776803546,2021-11-01T10:26:43.546,68.36,0.04812452157576316,-0.002052731172820154,0.018580011816315477
1635776803556,2021-11-01T10:26:43.556,68.37,0.0571239485746851,0.0019229583104001672,0.016712914055573107
1635776803566,2021-11-01T10:26:43.566,68.38,0.06528810814993323,0.004456115848323646,0.018308503529091733
1635776803576,2021-11-01T10:26:43.576,68.39,0.07060018859529707,0.006128116085056755,0.02074610913540686
1635776803586,2021-11-01T10:26:43.586,68.4,0.0685004403273048,0.007765455326194517,0.020415176240684643
1635776803596,2021-11-01T10:26:43.596,68.41,0.05940394821238473,0.007903157215362385,0.01809673466863488
1635776803606,2021-11-01T10:26:43.606,68.42,0.04904211656575856,0.006323259591026009,0.016774425531482617
1635776803616,2021-11-01T10:26:43.616,68.43,0.040466561126212476,0.004684349193742027,0.016154564644053977
1635776803626,2021-11-01T10:26:43.626,68.44,0.030786964179999217,0.002468828489067221,0.013993232002116666
1635776803636,2021-11-01T10:26:43.636,68.45,0.01704600176802615,-0.0026442756457221105,0.011020307552142975
1635776803646,2021-11-01T10:26:43.646,68.46,0.0010777721209843465,-0.010336508720502601,0.009116596772048945
1635776803656,2021-11-01T10:26:43.656,68.47,-0.013029093178330583,-0.018286313884748308,0.007152254905885154
1635776803666,2021-11-01T10:26:43.666,68.48,-0.023224467436255898,-0.026904717272677195,0.004104768168525158
1635776803676,2021-11-01T10:26:43.676,68.49,-0.029835494648546092,-0.03870520491623415,0.002457329212223
1635776803686,2021-11-01T10:26:43.686,68.5,-0.03345293878065761,-0.05226271350755194,0.003527042038398685
1635776803696,2021-11-01T10:26:43.696,68.51,-0.03386537758252073,-0.061382485567723265,0.004227649070188447
1635776803706,2021-11-01T10:26:43.706,68.52,-0.031002598222366784,-0.06259610887958027,0.002334505098771359
1635776803716,2021-11-01T10:26:43.716,68.53,-0.025906605243173543,-0.05909788797921679,-0.00015797619412050075
1635776803726,2021-11-01T10:26:43.726,68.54,-0.01942545189095722,-0.05356999873156994,-0.0014105343069084869
1635776803736,2021-11-01T10:26:43.736,68.55,-0.01060912004683556,-0.04215134448811564,-0.0026313953535637142
1635776803746,2021-11-01T10:26:43.746,68.56,0.0013662684525794788,-0.021523039554631432,-0.004954227482529591
1635776803756,2021-11-01T10:26:43.756,68.57,0.014249838530740997,0.0023633906738726052,-0.007228793174465066
1635776803766,2021-11-01T10:26:43.766,68.58,0.024463497925105666,0.01978846336254513,-0.008490826382214758
1635776803776,2021-11-01T10:26:43.776,68.59,0.030997120088511774,0.028361531342141685,-0.010131655825721429
1635776803786,2021-11-01T10:26:43.786,68.6,0.034542999052148055,0.03203629255178012,-0.013571800118931816
1635776803796,2021-11-01T10:26:43.796,68.61,0.034389303294246935,0.0324389377476416,-0.01753796340435905
1635776803806,2021-11-01T10:26:43.806,68.62,0.02989956326534792,0.028480823606178915,-0.020354006603778996
1635776803816,2021-11-01T10:26:43.816,68.63,0.023290211052343184,0.022253280695429353,-0.022780839637835913
1635776803826,2021-11-01T10:26:43.826,68.64,0.017286290283765826,0.017803888113423455,-0.025183050590549927
1635776803836,2021-11-01T10:26:43.836,68.65,0.011692066007171665,0.014629505076844889,-0.02508212299438465
1635776803846,2021-11-01T10:26:43.846,68.66,0.0049547476119268016,0.008616746962395418,-0.021292289394942918
1635776803856,2021-11-01T10:26:43.856,68.67,-0.002652256166050285,-0.0006843849529348911,-0.016712489352371036
1635776803866,2021-11-01T10:26:43.866,68.68,-0.009273378720436501,-0.00940341253181673,-0.014037636392734493
1635776803876,2021-11-01T10:26:43.876,68.69,-0.013709292260630376,-0.016405994500717124,-0.012564604662670113
1635776803886,2021-11-01T10:26:43.886,68.7,-0.016383716599961566,-0.025374158114993012,-0.010810415345906477
1635776803896,2021-11-01T10:26:43.896,68.71,-0.018250779136132315,-0.037574888090034536,-0.008677572483217747
1635776803906,2021-11-01T10:26:43.906,68.72,-0.019081417801289798,-0.04721960993809635,-0.006385626197817533
1635776803916,2021-11-01T10:26:43.916,68.73,-0.017571284175820955,-0.0481354025075654,-0.004194661057976223
1635776803926,2021-11-01T10:26:43.926,68.74,-0.01337540786529746,-0.04192226992804927,-0.00349714688960795
1635776803936,2021-11-01T10:26:43.936,68.75,-0.00807985901791521,-0.034546409831299446,-0.005627171390500058
1635776803946,2021-11-01T10:26:43.946,68.76,-0.003368252238998958,-0.02718336871007538,-0.009058703495721441
1635776803956,2021-11-01T10:26:43.956,68.77,0.0013824975025219976,-0.016044549275848554,-0.010667503706127375
1635776803966,2021-11-01T10:26:43.966,68.78,0.008176881778656164,-0.00011405827302390968,-0.010548234786616317
1635776803976,2021-11-01T10:26:43.976,68.79,0.016526987013947624,0.016084815890444873,-0.01161167815252646
1635776803986,2021-11-01T10:26:43.986,68.8,0.022772980241608905,0.027405315692789332,-0.013823811332027404
1635776803996,2021-11-01T10:26:43.996,68.81,0.024567203018192013,0.032176826725186264,-0.014268023177442316
1635776804006,2021-11-01T10:26:44.006,68.82,0.02336786052146075,0.031409896066622756,-0.013109969600532477
1635776804016,2021-11-01T10:26:44.016,68.83,0.021204037651406046,0.02689599906664218,-0.013407677417664507
1635776804026,2021-11-01T10:26:44.026,68.84,0.017993111593078395,0.020842041251040132,-0.015282797118802129
1635776804036,2021-11-01T10:26:44.036,68.85,0.013296209808445966,0.015391914247101058,-0.015898659922886728
1635776804046,2021-11-01T10:26:44.046,68.86,0.007824113035486809,0.011106053280037921,-0.014614017810955712
1635776804056,2021-11-01T10:26:44.056,68.87,0.002052486228518712,0.006851532404931058,-0.01355093321073976
1635776804066,2021-11-01T10:26:44.066,68.88,-0.004306065585445154,0.002303094786044934,-0.013547324910796774
1635776804076,2021-11-01T10:26:44.076,68.89,-0.01081506806357092,-0.0013815101083869438,-0.013046938881716524
1635776804086,2021-11-01T10:26:44.086,68.9,-0.016326192553729846,-0.005130470237782645,-0.010906325859396987
1635776804096,2021-11-01T10:26:44.096,68.91,-0.02059728081380739,-0.012377350818773848,-0.008027677820273738
1635776804106,2021-11-01T10:26:44.106,68.92,-0.023982531507982047,-0.022764900673351327,-0.006109266773110074
1635776804116,2021-11-01T10:26:44.116,68.93,-0.025694779583975896,-0.03061856255581829,-0.005749096576344825
1635776804126,2021-11-01T10:26:44.126,68.94,-0.02436269105720074,-0.033422239033728235,-0.005619159165284325
1635776804136,2021-11-01T10:26:44.136,68.95,-0.02017445998567077,-0.03499875149989486,-0.003777556601146534
1635776804146,2021-11-01T10:26:44.146,68.96,-0.01459893557209286,-0.035992556505066636,-0.0007106919415997624
1635776804156,2021-11-01T10:26:44.156,68.97,-0.008184787667971007,-0.029602192102255176,0.00027116854716774304
1635776804166,2021-11-01T10:26:44.166,68.98,-0.0005280762121690256,-0.012485087011950714,-0.002267559529339409
1635776804176,2021-11-01T10:26:44.176,68.99,0.007625018337393335,0.008060797193406327,-0.004928404938275956
1635776804186,2021-11-01T10:26:44.186,69.0,0.014240676825982717,0.023247017341323707,-0.00445512797575604
1635776804196,2021-11-01T10:26:44.196,69.01,0.018601273411914386,0.031678236889863806,-0.0030637606158072555
1635776804206,2021-11-01T10:26:44.206,69.02,0.022134498862433724,0.03497925590964797,-0.0046491201981002225
1635776804216,2021-11-01T10:26:44.216,69.03,0.025217525579001695,0.03245845044261658,-0.008311983242518332
1635776804226,2021-11-01T10:26:44.226,69.04,0.025400899146563242,0.024864718556764535,-0.010253671729668241
1635776804236,2021-11-01T10:26:44.236,69.05,0.02129929455202082,0.01777842986877963,-0.009879277940494603
1635776804246,2021-11-01T10:26:44.246,69.06,0.0156020005501375,0.0167282115601427,-0.009655794318932766
1635776804256,2021-11-01T10:26:44.256,69.07,0.011035627989253173,0.020744778510865473,-0.010537899708031484
1635776804266,2021-11-01T10:26:44.266,69.08,0.006320205083668543,0.02289781039916049,-0.011060612353721869
1635776804276,2021-11-01T10:26:44.276,69.09,-0.0007600436281632035,0.017462351203060993,-0.010100628796312114
1635776804286,2021-11-01T10:26:44.286,69.1,-0.009459357094032414,0.0058897098519552615,-0.008458019096598202
1635776804296,2021-11-01T10:26:44.296,69.11,-0.017687170399526452,-0.0057298611120041995,-0.00781623130758888
1635776804306,2021-11-01T10:26:44.306,69.12,-0.024577762802593904,-0.014460735221019986,-0.008546691757428837
1635776804316,2021-11-01T10:26:44.316,69.13,-0.03002285975119162,-0.022523072966295774,-0.009009717324813187
1635776804326,2021-11-01T10:26:44.326,69.14,-0.03381645301490514,-0.03118526098024131,-0.007854627087415097
1635776804336,2021-11-01T10:26:44.336,69.15,-0.03551517755726254,-0.036831929774266206,-0.006150609784611516
1635776804346,2021-11-01T10:26:44.346,69.16,-0.034089605818188706,-0.035647873934408374,-0.0057814579419323275
1635776804356,2021-11-01T10:26:44.356,69.17,-0.028853818560902605,-0.02925369563511649,-0.006575954982698189
1635776804366,2021-11-01T10:26:44.366,69.18,-0.02103895075041719,-0.02183624591883471,-0.006637000679142078
1635776804376,2021-11-01T10:26:44.376,69.19,-0.012509237398464632,-0.013519538678486107,-0.005144500952795054
1635776804386,2021-11-01T10:26:44.386,69.2,-0.0034875172265065916,-0.0015561144922635849,-0.003300739619844225
1635776804396,2021-11-01T10:26:44.396,69.21,0.006187164977415636,0.012959254224097667,-0.002257164487694311
1635776804406,2021-11-01T10:26:44.406,69.22,0.014902932730960116,0.025120844629331094,-0.0017525293537336718
1635776804416,2021-11-01T10:26:44.416,69.23,0.02049951386473111,0.03202574240156649,-0.0016788902927724531
1635776804426,2021-11-01T10:26:44.426,69.24,0.022149593687475898,0.033629706421907254,-0.002927360393764198
1635776804436,2021-11-01T10:26:44.436,69.25,0.020085626577970264,0.03044251373628057,-0.005053885089068623
1635776804446,2021-11-01T10:26:44.446,69.26,0.015273390065988057,0.025362677942810764,-0.005628634976815136
1635776804456,2021-11-01T10:26:44.456,69.27,0.009279651925036315,0.023599322053108305,-0.0042216556880050864
1635776804466,2021-11-01T10:26:44.466,69.28,0.002828955929681301,0.025705019763393115,-0.004103689315997215
1635776804476,2021-11-01T10:26:44.476,69.29,-0.004394473656937206,0.025517662350462964,-0.007269022706981671
1635776804486,2021-11-01T10:26:44.486,69.3,-0.011506781578565772,0.01881512303715496,-0.011035715029937014
1635776804496,2021-11-01T10:26:44.496,69.31,-0.01668966391915574,0.008128465341572709,-0.012202649252596658
1635776804506,2021-11-01T10:26:44.506,69.32,-0.02062485227329634,-0.003115528083065335,-0.011056906194005593
1635776804516,2021-11-01T10:26:44.516,69.33,-0.025723812312627655,-0.013802657462939816,-0.009112971119233503
1635776804526,2021-11-01T10:26:44.526,69.34,-0.031022277189223648,-0.021702893442846052,-0.006417937410564751
1635776804536,2021-11-01T10:26:44.536,69.35,-0.03250691664525216,-0.025356651558440666,-0.0027347165096585054
1635776804546,2021-11-01T10:26:44.546,69.36,-0.028929909217585738,-0.02891080393810428,0.0015270420066695743
1635776804556,2021-11-01T10:26:44.556,69.37,-0.02246010620506666,-0.03593355426719222,0.006105580094070117
1635776804566,2021-11-01T10:26:44.566,69.38,-0.014332064953937124,-0.04064045482334341,0.010123751403385046
1635776804576,2021-11-01T10:26:44.576,69.39,-0.004549877411119727,-0.03551944693713097,0.01151892265892706
1635776804586,2021-11-01T10:26:44.586,69.4,0.005787236163150937,-0.024119643211903997,0.010132291222232217
1635776804596,2021-11-01T10:26:44.596,69.41,0.01565003855334285,-0.014984960510841416,0.00941665468848792
1635776804606,2021-11-01T10:26:44.606,69.42,0.0253307851890855,-0.007267110781954857,0.011736073427956305
1635776804616,2021-11-01T10:26:44.616,69.43,0.034147365591322844,0.005371727629214399,0.01438880455716145
1635776804626,2021-11-01T10:26:44.626,69.44,0.039680099202109013,0.020301896468605845,0.013767276716013719
1635776804636,2021-11-01T10:26:44.636,69.45,0.04085634386642183,0.027371370571397012,0.010840198723821963
1635776804646,2021-11-01T10:26:44.646,69.46,0.0389801983954126,0.022923412373380185,0.008959275809815776
1635776804656,2021-11-01T10:26:44.656,69.47,0.03515427497919718,0.013287163200004939,0.008507338999940103
1635776804666,2021-11-01T10:26:44.666,69.48,0.02965564485052377,0.005726787253197951,0.007132187335743444
1635776804676,2021-11-01T10:26:44.676,69.49,0.023322545785416954,0.0022554346109840114,0.004001438108989831
1635776804686,2021-11-01T10:26:44.686,69.5,0.01656693190999705,0.0012327621034106699,0.0010058520504841644
1635776804696,2021-11-01T10:26:44.696,69.51,0.008449416517757484,0.0006720856136988823,-0.0002675069190896151
1635776804706,2021-11-01T10:26:44.706,69.52,-0.0010567858952966458,-0.0004675972069026759,-0.0008453618149450613
1635776804716,2021-11-01T10:26:44.716,69.53,-0.010128018899823172,-0.0030409513322522544,-0.0025859438252258445
1635776804726,2021-11-01T10:26:44.726,69.54,-0.017415228024687174,-0.008813088752859171,-0.00508353069049201
1635776804736,2021-11-01T10:26:44.736,69.55,-0.022799080128776864,-0.018980142767628147,-0.005977370924955255
1635776804746,2021-11-01T10:26:44.746,69.56,-0.025992016404781916,-0.031080624535573028,-0.004345248255439792
1635776804756,2021-11-01T10:26:44.756,69.57,-0.026528866747695723,-0.039679463803664376,-0.0023164404748242055
1635776804766,2021-11-01T10:26:44.766,69.58,-0.02455921925344837,-0.041349275948658504,-0.0022550306556268036
1635776804776,2021-11-01T10:26:44.776,69.59,-0.020586344360866198,-0.037122531496423083,-0.0033493293016611998
1635776804786,2021-11-01T10:26:44.786,69.6,-0.014799850889261414,-0.029303181131818935,-0.0032924853286072425
1635776804796,2021-11-01T10:26:44.796,69.61,-0.006837301765669549,-0.01858763471728677,-0.0025039471036652637
1635776804806,2021-11-01T10:26:44.806,69.62,0.0031785487664548607,-0.006035801341071606,-0.0028162278456164208
1635776804816,2021-11-01T10:26:44.816,69.63,0.01318200798835114,0.005141903113678877,-0.0030426742771606447
1635776804826,2021-11-01T10:26:44.826,69.64,0.020781409011768795,0.012974260598947282,-0.0010789888786961284
1635776804836,2021-11-01T10:26:44.836,69.65,0.02656962335743962,0.01907878025087762,0.0011133437194460213
1635776804846,2021-11-01T10:26:44.846,69.66,0.032562404445747054,0.023929538266801456,0.00016367596494847776
1635776804856,2021-11-01T10:26:44.856,69.67,0.037110501933962675,0.02450046681260379,-0.003137727278212263
1635776804866,2021-11-01T10:26:44.866,69.68,0.03581384137325923,0.021987258507753335,-0.005708427753478145
1635776804876,2021-11-01T10:26:44.876,69.69,0.02832497938506833,0.024485412304913533,-0.00717709312800013
1635776804886,2021-11-01T10:26:44.886,69.7,0.01933026651380165,0.03358742567052114,-0.00899276240288293
1635776804896,2021-11-01T10:26:44.896,69.71,0.011968494608207703,0.036867470964007505,-0.010634591743208506
1635776804906,2021-11-01T10:26:44.906,69.72,0.005475179888101088,0.02423747795264236,-0.01052450811902093
1635776804916,2021-11-01T10:26:44.916,69.73,-0.0006311391073269886,0.0035513635578862364,-0.009403457680243938
1635776804926,2021-11-01T10:26:44.926,69.74,-0.005305599959087107,-0.010649897982965258,-0.008960452349464847
1635776804936,2021-11-01T10:26:44.936,69.75,-0.008407533871233278,-0.016112629437564207,-0.008093662415234586
1635776804946,2021-11-01T10:26:44.946,69.76,-0.010499462533365226,-0.020601478042106578,-0.004483187281928492
1635776804956,2021-11-01T10:26:44.956,69.77,-0.011359045230422596,-0.027662562635202354,0.0009330851998897643
1635776804966,2021-11-01T10:26:44.966,69.78,-0.010659363583717439,-0.034377119977651305,0.004693887821909714
1635776804976,2021-11-01T10:26:44.976,69.79,-0.008633166139816732,-0.03869169323124533,0.005659816350441821
1635776804986,2021-11-01T10:26:44.986,69.8,-0.00555184092091217,-0.04086216101465036,0.0060697849867704
1635776804996,2021-11-01T10:26:44.996,69.81,-0.00192207602347273,-0.040110470826400735,0.007371234365509618
1635776805006,2021-11-01T10:26:45.006,69.82,0.001173915361123294,-0.03521288572815422,0.007897369239172334
1635776805016,2021-11-01T10:26:45.016,69.83,0.0033470506257618645,-0.026655782382067554,0.0060395242633305875
1635776805026,2021-11-01T10:26:45.026,69.84,0.006302727591228033,-0.015749587072180674,0.0028419420240680332
1635776805036,2021-11-01T10:26:45.036,69.85,0.012195504132432094,-0.0037866680043541945,-0.00012995567527396902
1635776805046,2021-11-01T10:26:45.046,69.86,0.019298571301107237,0.007512599493912044,-0.0026651533630113983
1635776805056,2021-11-01T10:26:45.056,69.87,0.021937568758962404,0.017045402785614245,-0.004875310071594602
1635776805066,2021-11-01T10:26:45.066,69.88,0.01865612258360369,0.024706773664320447,-0.0068319374275879405
1635776805076,2021-11-01T10:26:45.076,69.89,0.016415742063099432,0.029185171527556827,-0.008890331800408647
1635776805086,2021-11-01T10:26:45.086,69.9,0.020200073125852924,0.02831761235939406,-0.010888622748215733
1635776805096,2021-11-01T10:26:45.096,69.91,0.024351023752688116,0.023200233885164095,-0.012282863542886921
1635776805106,2021-11-01T10:26:45.106,69.92,0.021915425449007306,0.018728722282029847,-0.013049592006020804
1635776805116,2021-11-01T10:26:45.116,69.93,0.015239235542387375,0.018193601671273072,-0.012984808829277803
1635776805126,2021-11-01T10:26:45.126,69.94,0.010158745400073076,0.01908743231014712,-0.011282311871921049
1635776805136,2021-11-01T10:26:45.136,69.95,0.0073032127938186895,0.01587524369235957,-0.0076675991037810165
1635776805146,2021-11-01T10:26:45.146,69.96,0.004890096147777138,0.006739220556594585,-0.0028147161887751527
1635776805156,2021-11-01T10:26:45.156,69.97,0.003545780395417142,-0.004055097528217781,0.0019379741690378326
1635776805166,2021-11-01T10:26:45.166,69.98,0.0038436694065651623,-0.01200097635325853,0.005213676213761089
1635776805176,2021-11-01T10:26:45.176,69.99,0.0036658079577832365,-0.01881306508087855,0.007518391286461655
1635776805186,2021-11-01T10:26:45.186,70.0,0.001269406113146231,-0.029116909251630286,0.010991417113081573
1635776805196,2021-11-01T10:26:45.196,70.01,-0.001857293187764144,-0.041298155413985446,0.015263017522020908
1635776805206,2021-11-01T10:26:45.206,70.02,-0.0034819325838862237,-0.047903381704022197,0.016878628764789204
1635776805216,2021-11-01T10:26:45.216,70.03,-0.004188825779974822,-0.046505930604379596,0.014973440558115374
1635776805226,2021-11-01T10:26:45.226,70.04,-0.006263768430051504,-0.04288094458223313,0.013251763772259825
1635776805236,2021-11-01T10:26:45.236,70.05,-0.009848915415848737,-0.041231741722312115,0.013983205101634498
1635776805246,2021-11-01T10:26:45.246,70.06,-0.012484558152428424,-0.03908215459171206,0.014246064189563045
1635776805256,2021-11-01T10:26:45.256,70.07,-0.012343489850855044,-0.0340894134436595,0.010877786547403108
1635776805266,2021-11-01T10:26:45.266,70.08,-0.010057285524083474,-0.028393395808741305,0.005475828491309058
1635776805276,2021-11-01T10:26:45.276,70.09,-0.00746653782317231,-0.02391708230417175,0.0013068084378691817
1635776805286,2021-11-01T10:26:45.286,70.1,-0.00579898102940637,-0.01932202080907809,-0.001602012787342563
1635776805296,2021-11-01T10:26:45.296,70.11,-0.004859968713534215,-0.013489390770171788,-0.005018145527471423
1635776805306,2021-11-01T10:26:45.306,70.12,-0.003650824851309871,-0.007659012768908508,-0.00892035383673831
1635776805316,2021-11-01T10:26:45.316,70.13,-0.0018018549489902226,-0.00294053769049325,-0.012196523559139968
1635776805326,2021-11-01T10:26:45.326,70.14,0.0003877833533962459,0.0011326391308478269,-0.014653389254662743
1635776805336,2021-11-01T10:26:45.336,70.15,0.0031487978560214127,0.005316820190162992,-0.016503967918240162
1635776805346,2021-11-01T10:26:45.346,70.16,0.006956469794452514,0.010000516367682935,-0.01750374182728058
1635776805356,2021-11-01T10:26:45.356,70.17,0.011360952071624911,0.014781559625853057,-0.017309321197141684
1635776805366,2021-11-01T10:26:45.366,70.18,0.015258344064491985,0.017498527963728455,-0.015914409918336616
1635776805376,2021-11-01T10:26:45.376,70.19,0.017546901331863277,0.01592498975750512,-0.013891172280075064
1635776805386,2021-11-01T10:26:45.386,70.2,0.017242110570953904,0.011562470065431756,-0.011961557714977242
1635776805396,2021-11-01T10:26:45.396,70.21,0.014350861804260158,0.009338523991787645,-0.009786635641336328
1635776805406,2021-11-01T10:26:45.406,70.22,0.010702161048914641,0.011667550244726451,-0.006629055547981263
1635776805416,2021-11-01T10:26:45.416,70.23,0.008588562636418327,0.01443503364563727,-0.003826013892934198
1635776805426,2021-11-01T10:26:45.426,70.24,0.008146166090096081,0.012064713230940828,-0.003904417313642358
1635776805436,2021-11-01T10:26:45.436,70.25,0.006998289187633087,0.006078700636047586,-0.00646744080045018
1635776805446,2021-11-01T10:26:45.446,70.26,0.003472496083080038,0.0037253410738018796,-0.008164694492221751
1635776805456,2021-11-01T10:26:45.456,70.27,-0.0009555406428776946,0.007158622780564996,-0.0074181708203596795
1635776805466,2021-11-01T10:26:45.466,70.28,-0.0042136374100096964,0.01016055496901038,-0.006075943610438501
1635776805476,2021-11-01T10:26:45.476,70.29,-0.006952627467725242,0.008152551250567236,-0.005994169119699275
1635776805486,2021-11-01T10:26:45.486,70.3,-0.010764225634663591,0.005077056491263596,-0.006934806745251456
1635776805496,2021-11-01T10:26:45.496,70.31,-0.014968869606393709,0.006352590949017226,-0.008156695356541633
1635776805506,2021-11-01T10:26:45.506,70.32,-0.01786047059591356,0.0104744645871747,-0.009240604083385335
1635776805516,2021-11-01T10:26:45.516,70.33,-0.019351718114104292,0.012393117276324873,-0.009085945395577878
1635776805526,2021-11-01T10:26:45.526,70.34,-0.020142829414817136,0.011125792961949453,-0.006695163041035759
1635776805536,2021-11-01T10:26:45.536,70.35,-0.020001205941934677,0.009311777663319809,-0.00286844756717715
1635776805546,2021-11-01T10:26:45.546,70.36,-0.018752092921577312,0.008127589472641292,0.0008025588252800015
1635776805556,2021-11-01T10:26:45.556,70.37,-0.017397778813331065,0.007003879773726548,0.0037888495875265924
1635776805566,2021-11-01T10:26:45.566,70.38,-0.016495781965370805,0.00698129250146235,0.006354086962184513
1635776805576,2021-11-01T10:26:45.576,70.39,-0.014888938613686165,0.01022199893960733,0.008769285289449999
1635776805586,2021-11-01T10:26:45.586,70.4,-0.01180026909198864,0.015254746165682218,0.011219134720294947
1635776805596,2021-11-01T10:26:45.596,70.41,-0.008570866103088893,0.016543791919521635,0.013453503760874012
1635776805606,2021-11-01T10:26:45.606,70.42,-0.006623356113501445,0.01198040455281519,0.014916178188999232
1635776805616,2021-11-01T10:26:45.616,70.43,-0.005577625909372575,0.006516777483557713,0.01575522817045597
1635776805626,2021-11-01T10:26:45.626,70.44,-0.004553382124915761,0.0038713889732511424,0.016828434441669135
1635776805636,2021-11-01T10:26:45.636,70.45,-0.0032159644822622566,0.0014140798476625742,0.01844260989528068
1635776805646,2021-11-01T10:26:45.646,70.46,-0.001327940097950984,-0.001206233617285644,0.01958284403913643
1635776805656,2021-11-01T10:26:45.656,70.47,0.0005254864619254376,0.0013405400577968663,0.018529044752946536
1635776805666,2021-11-01T10:26:45.666,70.48,0.0006320667024670599,0.00860747421012014,0.015046246129045652
1635776805676,2021-11-01T10:26:45.676,70.49,-0.0013508509663114193,0.011837849823962058,0.011927145357309423
1635776805686,2021-11-01T10:26:45.686,70.5,-0.003326209529910163,0.00811309244693964,0.011835697896830803
1635776805696,2021-11-01T10:26:45.696,70.51,-0.0039859849739355075,0.004707375719097233,0.01274678910326315
1635776805706,2021-11-01T10:26:45.706,70.52,-0.004718659634585442,0.0067376003607542995,0.010579748429104852
1635776805716,2021-11-01T10:26:45.716,70.53,-0.006612020295533809,0.01138481836248153,0.005907470048003658
1635776805726,2021-11-01T10:26:45.726,70.54,-0.008376747096290922,0.014540937079688177,0.003108488147103373
1635776805736,2021-11-01T10:26:45.736,70.55,-0.008936687293847414,0.015302172162192321,0.0034270099282387124
1635776805746,2021-11-01T10:26:45.746,70.56,-0.009203951939489434,0.01517876262064641,0.0035578396971027264
1635776805756,2021-11-01T10:26:45.756,70.57,-0.00994725924200435,0.01638247010805656,0.0009736676331832449
1635776805766,2021-11-01T10:26:45.766,70.58,-0.01059886151366453,0.01883792111215435,-0.002680068982643496
1635776805776,2021-11-01T10:26:45.776,70.59,-0.010814678994562382,0.019536440442313282,-0.0042466315364227455
1635776805786,2021-11-01T10:26:45.786,70.6,-0.010855614860679853,0.01728072088371922,-0.00345040408660932
1635776805796,2021-11-01T10:26:45.796,70.61,-0.010589308983503503,0.015114429005403749,-0.002676671396219199
1635776805806,2021-11-01T10:26:45.806,70.62,-0.010202135345661736,0.015658774828691505,-0.002653983477439846
1635776805816,2021-11-01T10:26:45.816,70.63,-0.01103684088807054,0.017271771751913807,-0.0015432864327813583
1635776805826,2021-11-01T10:26:45.826,70.64,-0.013595515925926782,0.016970113075561816,0.0009969257669121706
1635776805836,2021-11-01T10:26:45.836,70.65,-0.015910852626111152,0.014702650160109573,0.00258392889294651
1635776805846,2021-11-01T10:26:45.846,70.66,-0.01613940694023404,0.012615879989773886,0.0017935463713494785
1635776805856,2021-11-01T10:26:45.856,70.67,-0.015422402723441388,0.011365565521614242,-0.0002583551673373071
1635776805866,2021-11-01T10:26:45.866,70.68,-0.01574922575614882,0.009483106420473033,-0.0019743926155644225
1635776805876,2021-11-01T10:26:45.876,70.69,-0.016411173464791935,0.006617814230064021,-0.002414333808154187
1635776805886,2021-11-01T10:26:45.886,70.7,-0.015500117914697789,0.00504528969428209,-0.0014441895636485929
1635776805896,2021-11-01T10:26:45.896,70.71,-0.013714349109282667,0.00625364496372414,-0.00012197752435798271
1635776805906,2021-11-01T10:26:45.906,70.72,-0.013337125171062812,0.008207458662801039,0.0005210953236699642
1635776805916,2021-11-01T10:26:45.916,70.73,-0.01443680578476625,0.008475444060731476,0.0009335457107454876
1635776805926,2021-11-01T10:26:45.926,70.74,-0.015289943196634072,0.007729426463440343,0.001809137197572658
1635776805936,2021-11-01T10:26:45.936,70.75,-0.015302718706867849,0.007538754776932156,0.002709974708117611
1635776805946,2021-11-01T10:26:45.946,70.76,-0.01483982437251962,0.007321144094370227,0.0030477368555128785
1635776805956,2021-11-01T10:26:45.956,70.77,-0.013897538311948888,0.006005883030491351,0.0028731690083985944
1635776805966,2021-11-01T10:26:45.966,70.78,-0.012880599253508802,0.004582704724575351,0.0023371620530941942
1635776805976,2021-11-01T10:26:45.976,70.79,-0.012845964107582118,0.004762241163227424,0.0016725266793325639
1635776805986,2021-11-01T10:26:45.986,70.8,-0.013903503546535082,0.006313332120616009,0.0014440598571558072
1635776805996,2021-11-01T10:26:45.996,70.81,-0.014775163783214314,0.007774598967520942,0.0018947895336756634
1635776806006,2021-11-01T10:26:46.006,70.82,-0.014062493615102317,0.008966254550276095,0.002428571027985451
1635776806016,2021-11-01T10:26:46.016,70.83,-0.011259539969475103,0.01047001730131383,0.002462134487384518
1635776806026,2021-11-01T10:26:46.026,70.84,-0.007132031438414392,0.01186757846947453,0.002516294155905662
1635776806036,2021-11-01T10:26:46.036,70.85,-0.003216691663474114,0.012836912388464163,0.0033423171537166896
1635776806046,2021-11-01T10:26:46.046,70.86,-0.00048085697311085274,0.013654981583634734,0.00412337561159225
1635776806056,2021-11-01T10:26:46.056,70.87,0.0009612733925670344,0.013322540993513442,0.003616272547954902
1635776806066,2021-11-01T10:26:46.066,70.88,0.0012522308406859508,0.011127703801582074,0.0028633672222022396
1635776806076,2021-11-01T10:26:46.076,70.89,0.0012184571023251942,0.00976053607224531,0.0036748620173245265
1635776806086,2021-11-01T10:26:46.086,70.9,0.0021275846134602375,0.011654964234836945,0.005056786708157067
1635776806096,2021-11-01T10:26:46.096,70.91,0.003858590971697518,0.013867228758937018,0.0048957805832192235
1635776806106,2021-11-01T10:26:46.106,70.92,0.00529487585939421,0.012238656814800658,0.003908888693994569
1635776806116,2021-11-01T10:26:46.116,70.93,0.00671167786342324,0.008186507072980171,0.004114886870292359
1635776806126,2021-11-01T10:26:46.126,70.94,0.009119291224314294,0.005930263672771441,0.005145725501539175
1635776806136,2021-11-01T10:26:46.136,70.95,0.011759801435416778,0.0060227713090648186,0.005468921573951583
1635776806146,2021-11-01T10:26:46.146,70.96,0.012874186644615166,0.006482943318261871,0.005485910086775939
1635776806156,2021-11-01T10:26:46.156,70.97,0.012483038224743526,0.006853546583352119,0.0066561292686182875
1635776806166,2021-11-01T10:26:46.166,70.98,0.012619114028179057,0.007245256254800242,0.008919836631069692
1635776806176,2021-11-01T10:26:46.176,70.99,0.014677844209927052,0.00701711519602286,0.010774397424648266
1635776806186,2021-11-01T10:26:46.186,71.0,0.01720559520204909,0.006754432977040568,0.010880613562744819
1635776806196,2021-11-01T10:26:46.196,71.01,0.017139052240530542,0.007508351821119149,0.00904237936418867
1635776806206,2021-11-01T10:26:46.206,71.02,0.01363304333800781,0.007388724989851089,0.006567064221832672
1635776806216,2021-11-01T10:26:46.216,71.03,0.009465508397470146,0.004074997744657272,0.005298181549871826
1635776806226,2021-11-01T10:26:46.226,71.04,0.00740135626597097,0.0003964438537036332,0.005644448239745286
1635776806236,2021-11-01T10:26:46.236,71.05,0.006501668061885263,0.001147234177401516,0.0063289899638720865
1635776806246,2021-11-01T10:26:46.246,71.06,0.004184076028316991,0.00541310216148228,0.005948863497067455
1635776806256,2021-11-01T10:26:46.256,71.07,0.0006640148009149417,0.008599451406223198,0.0042038324843336585
1635776806266,2021-11-01T10:26:46.266,71.08,-0.0016732165136023264,0.009589673853684037,0.002498536736944975
1635776806276,2021-11-01T10:26:46.276,71.09,-0.0023502415310510116,0.009359105282165102,0.002698013079213409
1635776806286,2021-11-01T10:26:46.286,71.1,-0.002957687100382202,0.006336032288606762,0.00392634501965883
1635776806296,2021-11-01T10:26:46.296,71.11,-0.003926394023801544,-8.939140665364617e-05,0.003387357759388968
1635776806306,2021-11-01T10:26:46.306,71.12,-0.004143974342957874,-0.004982482504406863,0.0016548921534118128
1635776806316,2021-11-01T10:26:46.316,71.13,-0.0035520476064180525,-0.0031926483827090712,0.002151958356493109
1635776806326,2021-11-01T10:26:46.326,71.14,-0.003655119343262795,0.0028020020891948013,0.00469732528897121
1635776806336,2021-11-01T10:26:46.336,71.15,-0.005006426208646414,0.0057530244481933685,0.005757208485364401
1635776806346,2021-11-01T10:26:46.346,71.16,-0.0061901376873613224,0.0032378573508292908,0.004857227687346124
1635776806356,2021-11-01T10:26:46.356,71.17,-0.006211467172914991,-0.0007346151202408542,0.004759410827752339
1635776806366,2021-11-01T10:26:46.366,71.18,-0.005949847846106682,-0.0029709846388482116,0.006239798288564229
1635776806376,2021-11-01T10:26:46.376,71.19,-0.006231837335088003,-0.003942223577768652,0.007277184929707875
1635776806386,2021-11-01T10:26:46.386,71.2,-0.006522920610279882,-0.0035387598978570897,0.00634839044857162
1635776806396,2021-11-01T10:26:46.396,71.21,-0.0063775049340321025,-0.00039612344473196346,0.004226790401029498
1635776806406,2021-11-01T10:26:46.406,71.22,-0.006335602457288833,0.004182122224894665,0.003201046141042239
1635776806416,2021-11-01T10:26:46.416,71.23,-0.00681069141128365,0.006951713328790515,0.004296494968242297
1635776806426,2021-11-01T10:26:46.426,71.24,-0.0073852758168818766,0.007242595343290391,0.005296910008284938
1635776806436,2021-11-01T10:26:46.436,71.25,-0.00751968546157189,0.007052603988435132,0.003686624008977449
1635776806446,2021-11-01T10:26:46.446,71.26,-0.0071849667336915226,0.007624247348096278,0.000684982802917462
1635776806456,2021-11-01T10:26:46.456,71.27,-0.006693438013129708,0.008375297320154157,-0.000678041705280028
1635776806466,2021-11-01T10:26:46.466,71.28,-0.006489652489810132,0.008302394188672733,3.055145949500533e-05
1635776806476,2021-11-01T10:26:46.476,71.29,-0.00696874196627147,0.0073271275753598545,0.0010835080810978868
1635776806486,2021-11-01T10:26:46.486,71.3,-0.007854746550855083,0.006625828116839807,0.0017662861012341486
1635776806496,2021-11-01T10:26:46.496,71.31,-0.008413851769480934,0.007447500095627941,0.0027552497012378902
1635776806506,2021-11-01T10:26:46.506,71.32,-0.008977258290868378,0.009462527448556746,0.004319917114378822
1635776806516,2021-11-01T10:26:46.516,71.33,-0.01072212721064123,0.010984653796388594,0.005604137551729036
1635776806526,2021-11-01T10:26:46.526,71.34,-0.013268300996023944,0.010744088563672836,0.005733700948364864
1635776806536,2021-11-01T10:26:46.536,71.35,-0.014641057383740917,0.008795925812081481,0.005166145020752213
1635776806546,2021-11-01T10:26:46.546,71.36,-0.014077849489348135,0.006325982695700141,0.005084847118505088
1635776806556,2021-11-01T10:26:46.556,71.37,-0.013116045413920953,0.004928277387273351,0.0053958921748640054
1635776806566,2021-11-01T10:26:46.566,71.38,-0.014215058635265069,0.004330565991718868,0.004824912940994658
1635776806576,2021-11-01T10:26:46.576,71.39,-0.018827162694217737,0.0010022707952520053,0.0032671457760376907
1635776806586,2021-11-01T10:26:46.586,71.4,-0.02527497801619455,-0.007064920558243772,0.002274154198957999
1635776806596,2021-11-01T10:26:46.596,71.41,-0.029388835418382858,-0.01446020624223227,0.0028957361567690815
1635776806606,2021-11-01T10:26:46.606,71.42,-0.02970257534389345,-0.013834611989021731,0.004630667046350928
1635776806616,2021-11-01T10:26:46.616,71.43,-0.029730880372922056,-0.0077455343760100895,0.006587281713702306
1635776806626,2021-11-01T10:26:46.626,71.44,-0.032336429743845166,-0.006453184414706319,0.008186403298788388
1635776806636,2021-11-01T10:26:46.636,71.45,-0.03527859437232373,-0.012352260150262053,0.008933108919393836
1635776806646,2021-11-01T10:26:46.646,71.46,-0.03503540414256366,-0.016087916073056534,0.008957611325373711
1635776806656,2021-11-01T10:26:46.656,71.47,-0.03160982037858802,-0.011070593594669737,0.009241621038549683
1635776806666,2021-11-01T10:26:46.666,71.48,-0.027453971517021204,-0.0027920546529216182,0.010161113279462631
1635776806676,2021-11-01T10:26:46.676,71.49,-0.024082200443675896,0.0005573188300035673,0.010786387492848083
1635776806686,2021-11-01T10:26:46.686,71.5,-0.02117863113746759,-0.0006633110056264307,0.010190127494337405
1635776806696,2021-11-01T10:26:46.696,71.51,-0.01785197891065109,-0.0007913416753733721,0.008430364399082443
1635776806706,2021-11-01T10:26:46.706,71.52,-0.013544950311609408,0.0018566178691497947,0.00658349306987337
1635776806716,2021-11-01T10:26:46.716,71.53,-0.007861920328953779,0.004433541412842633,0.006107238333795725
1635776806726,2021-11-01T10:26:46.726,71.54,-0.0008755056184862307,0.005569664463999754,0.006613629174510046
1635776806736,2021-11-01T10:26:46.736,71.55,0.005856710214972012,0.006832725070001924,0.005270511430049177
1635776806746,2021-11-01T10:26:46.746,71.56,0.009970320161874973,0.008666019157055093,0.001178668636133631
1635776806756,2021-11-01T10:26:46.756,71.57,0.010947538342960524,0.00909427124183972,-0.002101189567189664
1635776806766,2021-11-01T10:26:46.766,71.58,0.011160068875177368,0.007586643693849028,-0.0019485245564176373
1635776806776,2021-11-01T10:26:46.776,71.59,0.013173198875770856,0.006755368650970615,-0.0011905492987054783
1635776806786,2021-11-01T10:26:46.786,71.6,0.016568870680638836,0.008095257088918053,-0.0034742611724120796
1635776806796,2021-11-01T10:26:46.796,71.61,0.018985943689057233,0.00867552040143583,-0.007548695446543571
1635776806806,2021-11-01T10:26:46.806,71.62,0.019891903944617526,0.004749641630793194,-0.009673564979272981
1635776806816,2021-11-01T10:26:46.816,71.63,0.020889298831572554,-0.0022444815795043685,-0.009342710014033962
1635776806826,2021-11-01T10:26:46.826,71.64,0.022614340077873753,-0.005628878960517533,-0.009474289962407637
1635776806836,2021-11-01T10:26:46.836,71.65,0.02417035283443828,-0.0011845832410134131,-0.01171117720098295
1635776806846,2021-11-01T10:26:46.846,71.66,0.024858328315764074,0.006029697839862168,-0.01417379147211826
1635776806856,2021-11-01T10:26:46.856,71.67,0.024158494566323893,0.006672058125201507,-0.014496909158470954
1635776806866,2021-11-01T10:26:46.866,71.68,0.02194169022917962,-0.0006717538370111216,-0.013122930190386356
1635776806876,2021-11-01T10:26:46.876,71.69,0.02002351261667174,-0.008094208050302072,-0.012204804117403061
1635776806886,2021-11-01T10:26:46.886,71.7,0.020674572119981083,-0.010131133564419453,-0.012462138336611334
1635776806896,2021-11-01T10:26:46.896,71.71,0.023451382126302323,-0.009336652336932838,-0.01268814207296851
1635776806906,2021-11-01T10:26:46.906,71.72,0.026258993288932386,-0.008251803703719241,-0.01198035677186661
1635776806916,2021-11-01T10:26:46.916,71.73,0.02837827886315291,-0.0045415353585833065,-0.011010345470073613
1635776806926,2021-11-01T10:26:46.926,71.74,0.02984534683915041,0.002101402929942553,-0.010671357321191384
1635776806936,2021-11-01T10:26:46.936,71.75,0.029527538140176002,0.0060075535310913294,-0.010722206622318963
1635776806946,2021-11-01T10:26:46.946,71.76,0.02661698933404298,0.0033565705522065727,-0.010737240633936404
1635776806956,2021-11-01T10:26:46.956,71.77,0.022773642423071762,-0.0024600263084669626,-0.011102112663439766
1635776806966,2021-11-01T10:26:46.966,71.78,0.019982624274191705,-0.008302612898653777,-0.011761606425236824
1635776806976,2021-11-01T10:26:46.976,71.79,0.017635217963420605,-0.017106480265636062,-0.011708210790964286
1635776806986,2021-11-01T10:26:46.986,71.8,0.014786673620547246,-0.029426244520234728,-0.011179952535298666
1635776806996,2021-11-01T10:26:46.996,71.81,0.01322308931630933,-0.03657771143695068,-0.011977884694391337
1635776807006,2021-11-01T10:26:47.006,71.82,0.014526977991872463,-0.03165017403232432,-0.014332300327727789
1635776807016,2021-11-01T10:26:47.016,71.83,0.016456334960261148,-0.02163102838194058,-0.01628729993879128
1635776807026,2021-11-01T10:26:47.026,71.84,0.016061816801929845,-0.018793257021617448,-0.016709463375806942
1635776807036,2021-11-01T10:26:47.036,71.85,0.01398098062094235,-0.02409386594487297,-0.016119910219844047
1635776807046,2021-11-01T10:26:47.046,71.86,0.012491505689685486,-0.02825627991332815,-0.01502938134257907
1635776807056,2021-11-01T10:26:47.056,71.87,0.011784131887400174,-0.026595769263648185,-0.013842579163057093
1635776807066,2021-11-01T10:26:47.066,71.88,0.010676245017390056,-0.02369979948636352,-0.0134170322618991
1635776807076,2021-11-01T10:26:47.076,71.89,0.0091920806299804,-0.023794381771948953,-0.013911964254475821
1635776807086,2021-11-01T10:26:47.086,71.9,0.008510242999523214,-0.02456477873205319,-0.014075347938866067
1635776807096,2021-11-01T10:26:47.096,71.91,0.008994539737080606,-0.022336959374557822,-0.012989499963266603
1635776807106,2021-11-01T10:26:47.106,71.92,0.009605092342381136,-0.017778814826107825,-0.011522085552872275
1635776807116,2021-11-01T10:26:47.116,71.93,0.009484183000054226,-0.014164491770104074,-0.010875058510347462
1635776807126,2021-11-01T10:26:47.126,71.94,0.009085219334915302,-0.013158766799861589,-0.01087944714320459
1635776807136,2021-11-01T10:26:47.136,71.95,0.009091954908734635,-0.014130618421815754,-0.010760738224010656
1635776807146,2021-11-01T10:26:47.146,71.96,0.00928561995618296,-0.015945533466072165,-0.010218158787789854
1635776807156,2021-11-01T10:26:47.156,71.97,0.00935389798879966,-0.017735059170103717,-0.00934260506002436
1635776807166,2021-11-01T10:26:47.166,71.98,0.009625117148610543,-0.018351271722372057,-0.00884655012432451
1635776807176,2021-11-01T10:26:47.176,71.99,0.010136924911689865,-0.016786485199349062,-0.009669241459786874
1635776807186,2021-11-01T10:26:47.186,72.0,0.010357654300390672,-0.013822984770249585,-0.011284549155197965
1635776807196,2021-11-01T10:26:47.196,72.01,0.010311048563672293,-0.011868179881278052,-0.012020718441261811
1635776807206,2021-11-01T10:26:47.206,72.02,0.010575986517178271,-0.011980321460331244,-0.011332406129561105
1635776807216,2021-11-01T10:26:47.216,72.03,0.011416396268287304,-0.012243555691010582,-0.010016387582490354
1635776807226,2021-11-01T10:26:47.226,72.04,0.012868821665873841,-0.010549091220695535,-0.009028464370575487
1635776807236,2021-11-01T10:26:47.236,72.05,0.014642241571367343,-0.008111567205425808,-0.009197531321774116
1635776807246,2021-11-01T10:26:47.246,72.06,0.015752989696774425,-0.008149167845000464,-0.010459953163630388
1635776807256,2021-11-01T10:26:47.256,72.07,0.015674888075181956,-0.010867553847561065,-0.011207930249572277
1635776807266,2021-11-01T10:26:47.266,72.08,0.015218163978435856,-0.012365134974765483,-0.010118547504445873
1635776807276,2021-11-01T10:26:47.276,72.09,0.015076054420453316,-0.010100566095866056,-0.008055292391359475
1635776807286,2021-11-01T10:26:47.286,72.1,0.014819157533772054,-0.006538698526940735,-0.0068028680872626365
1635776807296,2021-11-01T10:26:47.296,72.11,0.01425630992634903,-0.0048521280877876745,-0.006729504665732742
1635776807306,2021-11-01T10:26:47.306,72.12,0.014203241718513391,-0.00414110440363121,-0.006799309801083909
1635776807316,2021-11-01T10:26:47.316,72.13,0.015012138640350767,-0.0019990116568926563,-0.006452990030311337
1635776807326,2021-11-01T10:26:47.326,72.14,0.01570011090252354,0.0008894321932007871,-0.0063773610738560955
1635776807336,2021-11-01T10:26:47.336,72.15,0.015404979759270665,0.001763822178360415,-0.00689250034987289
1635776807346,2021-11-01T10:26:47.346,72.16,0.014761540938181706,-7.679363925920392e-05,-0.006637090282827605
1635776807356,2021-11-01T10:26:47.356,72.17,0.014919023457349235,-0.0025175286944642762,-0.004631427919513532
1635776807366,2021-11-01T10:26:47.366,72.18,0.015496200145589927,-0.003734221195857592,-0.002641456377153689
1635776807376,2021-11-01T10:26:47.376,72.19,0.014498865221556873,-0.003932491352791518,-0.0024913125078747586
1635776807386,2021-11-01T10:26:47.386,72.2,0.010872516206306127,-0.003354284325114988,-0.002337774488673321
1635776807396,2021-11-01T10:26:47.396,72.21,0.00629927865839772,-0.0014038791093960714,0.0002127381476048195
1635776807406,2021-11-01T10:26:47.406,72.22,0.003201231343269221,0.000809022104694868,0.0032300219471513066
1635776807416,2021-11-01T10:26:47.416,72.23,0.001758449738844532,0.0005371091668392326,0.003765849272350693
1635776807426,2021-11-01T10:26:47.426,72.24,0.000508809514794858,-0.0025913953554591376,0.0034195158792217272
1635776807436,2021-11-01T10:26:47.436,72.25,-0.0011487939893631404,-0.0062137232883635075,0.005280915276087939
1635776807446,2021-11-01T10:26:47.446,72.26,-0.0029119089607710686,-0.00929447857835434,0.008333750698196156
1635776807456,2021-11-01T10:26:47.456,72.27,-0.004659087877633855,-0.012657757972360364,0.009734820623230896
1635776807466,2021-11-01T10:26:47.466,72.28,-0.005772948008335267,-0.015460256832053133,0.00968619311160937
1635776807476,2021-11-01T10:26:47.476,72.29,-0.005299976140558715,-0.015195609528805873,0.010155734303908513
1635776807486,2021-11-01T10:26:47.486,72.3,-0.004180233189147615,-0.011938035063107854,0.011270199725678826
1635776807496,2021-11-01T10:26:47.496,72.31,-0.004461756891344758,-0.009092534175205546,0.011878609165312963
1635776807506,2021-11-01T10:26:47.506,72.32,-0.005545431530050038,-0.008734849024180898,0.011638004136436599
1635776807516,2021-11-01T10:26:47.516,72.33,-0.005130899186068188,-0.009261750001429168,0.010538888382696773
1635776807526,2021-11-01T10:26:47.526,72.34,-0.0037777274266587698,-0.008508090566485613,0.008663534803174744
1635776807536,2021-11-01T10:26:47.536,72.35,-0.0038526120375647144,-0.005871326743447274,0.007583327151005554
1635776807546,2021-11-01T10:26:47.546,72.36,-0.004921011218344833,-0.0014416208033340382,0.00874441362170791
1635776807556,2021-11-01T10:26:47.556,72.37,-0.004848600835540182,0.003014641272495339,0.010066279637197147
1635776807566,2021-11-01T10:26:47.566,72.38,-0.003967721480748641,0.0036541082201948273,0.008267663116706042
1635776807576,2021-11-01T10:26:47.576,72.39,-0.004232521949243295,-0.0002304547326777743,0.004516889400994536
1635776807586,2021-11-01T10:26:47.586,72.4,-0.005686482488542967,-0.00326464885778474,0.003492141919002255
1635776807596,2021-11-01T10:26:47.596,72.41,-0.006548941460778584,-0.000975676319187531,0.006620982190505439
1635776807606,2021-11-01T10:26:47.606,72.42,-0.005946224678430923,0.004045051662065739,0.010022095642891346
1635776807616,2021-11-01T10:26:47.616,72.43,-0.004840905037939006,0.007419762205159164,0.01011790805629597
1635776807626,2021-11-01T10:26:47.626,72.44,-0.00428140138718597,0.009702026496189899,0.00803547573881847
1635776807636,2021-11-01T10:26:47.636,72.45,-0.003880369240105058,0.012940668039259216,0.0068788751194052
1635776807646,2021-11-01T10:26:47.646,72.46,-0.002889780430014274,0.01489283918117372,0.007568577655395262
1635776807656,2021-11-01T10:26:47.656,72.47,-0.0016799181732689722,0.012102753537172429,0.008974496019215988
1635776807666,2021-11-01T10:26:47.666,72.48,-0.0007260808407635864,0.006303654043263402,0.00992202185258268
1635776807676,2021-11-01T10:26:47.676,72.49,0.0003964268234586884,0.002943234729819696,0.010006681558957823
1635776807686,2021-11-01T10:26:47.686,72.5,0.0016154732471729068,0.004080026331210567,0.00950216594518016
1635776807696,2021-11-01T10:26:47.696,72.51,0.002075708843756933,0.006593038371019468,0.008997210950427001
1635776807706,2021-11-01T10:26:47.706,72.52,0.002170632523319182,0.007761349973603013,0.009144738355050969
1635776807716,2021-11-01T10:26:47.716,72.53,0.0031011833197539364,0.00884619110704312,0.010305608154892322
1635776807726,2021-11-01T10:26:47.726,72.54,0.0039580958090399245,0.011147225137073488,0.012002172875564153
1635776807736,2021-11-01T10:26:47.736,72.55,0.0024674674018756977,0.012238785904832603,0.013368152813077908
1635776807746,2021-11-01T10:26:47.746,72.56,-0.0009621719971399949,0.009821844208586308,0.014078399043413344
1635776807756,2021-11-01T10:26:47.756,72.57,-0.003203212999315178,0.005968282374310775,0.014042405451566282
1635776807766,2021-11-01T10:26:47.766,72.58,-0.0029928376745111144,0.0037011255650400378,0.013238174170501122
1635776807776,2021-11-01T10:26:47.776,72.59,-0.0025030194743985304,0.003110341371842797,0.012640665934551388
1635776807786,2021-11-01T10:26:47.786,72.6,-0.003625030540928757,0.003813207000532945,0.013341496854736958
1635776807796,2021-11-01T10:26:47.796,72.61,-0.005509208320928723,0.00641598124706764,0.014266228647709066
1635776807806,2021-11-01T10:26:47.806,72.62,-0.006628090145908679,0.009096087450256028,0.01346536091203399
1635776807816,2021-11-01T10:26:47.816,72.63,-0.007034635736442532,0.007993401629142596,0.011670469244673203
1635776807826,2021-11-01T10:26:47.826,72.64,-0.007877629959155296,0.003084983459238229,0.011489653276467674
1635776807836,2021-11-01T10:26:47.836,72.65,-0.009964438138050733,-0.0010746931100896664,0.013435232829135599
1635776807846,2021-11-01T10:26:47.846,72.66,-0.012860232006724329,-0.0015695265619997398,0.015396369827876576
1635776807856,2021-11-01T10:26:47.856,72.67,-0.014871799865050932,0.00021897023224363402,0.015421332406819734
1635776807866,2021-11-01T10:26:47.866,72.68,-0.014638750696089947,0.0021610394392548877,0.013535239804763646
1635776807876,2021-11-01T10:26:47.876,72.69,-0.01292396055891332,0.003603569822343282,0.011608780401124261
1635776807886,2021-11-01T10:26:47.886,72.7,-0.011619628194825475,0.004518171811921563,0.01161428497662151
1635776807896,2021-11-01T10:26:47.896,72.71,-0.011232693148564524,0.005233405159950634,0.013211505331200475
1635776807906,2021-11-01T10:26:47.906,72.72,-0.011037260502507504,0.006000113784036266,0.013906560237424835
1635776807916,2021-11-01T10:26:47.916,72.73,-0.011042205598214873,0.00596518629391451,0.012408782079994723
1635776807926,2021-11-01T10:26:47.926,72.74,-0.011646447130907242,0.004810368033705338,0.010385624510763662
1635776807936,2021-11-01T10:26:47.936,72.75,-0.011950436621277035,0.004593308662497063,0.009860085791161783
1635776807946,2021-11-01T10:26:47.946,72.76,-0.010478018601930494,0.006591914309728603,0.010459283158342809
1635776807956,2021-11-01T10:26:47.956,72.77,-0.007340240431845057,0.008364512402648183,0.010536816795924574
1635776807966,2021-11-01T10:26:47.966,72.78,-0.00438020162126689,0.00791369747246643,0.009662593460715066
1635776807976,2021-11-01T10:26:47.976,72.79,-0.003203765001385746,0.007630862767208153,0.008799518516487234
1635776807986,2021-11-01T10:26:47.986,72.8,-0.0035934905258492153,0.009651794593273144,0.008891870192513153
1635776807996,2021-11-01T10:26:47.996,72.81,-0.00399272490835687,0.011175156267837051,0.009867746211780373
1635776808006,2021-11-01T10:26:48.006,72.82,-0.003408643459215311,0.009255967548318672,0.010661942548881894
1635776808016,2021-11-01T10:26:48.016,72.83,-0.002309793419530341,0.006245178132792514,0.010455392748634357
1635776808026,2021-11-01T10:26:48.026,72.84,-0.001587914493017276,0.005748604814719097,0.009884730510185633
1635776808036,2021-11-01T10:26:48.036,72.85,-0.0015167276409953907,0.0070179466329948394,0.010096985711377196
1635776808046,2021-11-01T10:26:48.046,72.86,-0.0018730352194158393,0.007436496924312011,0.010816017992878034
1635776808056,2021-11-01T10:26:48.056,72.87,-0.0021773796618079536,0.0069384916307391135,0.01080508002543026
1635776808066,2021-11-01T10:26:48.066,72.88,-0.0017766965540990988,0.006710552454503162,0.010108318682459387
1635776808076,2021-11-01T10:26:48.076,72.89,-0.0003753522358612567,0.006952331597733131,0.01006353621595243
1635776808086,2021-11-01T10:26:48.086,72.9,0.0015901692404415016,0.008092539821791186,0.010999177352481154
1635776808096,2021-11-01T10:26:48.096,72.91,0.0034100569660485366,0.01074851432336042,0.011726661609197346
1635776808106,2021-11-01T10:26:48.106,72.92,0.004730748256931731,0.013517537440008364,0.01154996154769463
1635776808116,2021-11-01T10:26:48.116,72.93,0.005578649284588871,0.014231036398917806,0.011080550088443941
1635776808126,2021-11-01T10:26:48.126,72.94,0.005895506791745779,0.013049574846349306,0.01085164826009708
1635776808136,2021-11-01T10:26:48.136,72.95,0.005368582585906535,0.011458107362521019,0.010716564094679111
1635776808146,2021-11-01T10:26:48.146,72.96,0.003943878355302074,0.009963678258234614,0.010722140040299208
1635776808156,2021-11-01T10:26:48.156,72.97,0.0021056998986102586,0.008805767305158158,0.011110887899533552
1635776808166,2021-11-01T10:26:48.166,72.98,0.00027692745186216634,0.008398364382254917,0.011401942668582923
1635776808176,2021-11-01T10:26:48.176,72.99,-0.0017439652348853608,0.008195311976287778,0.010636706541064356
1635776808186,2021-11-01T10:26:48.186,73.0,-0.004536199717993246,0.007522217619101596,0.00876230936057458
1635776808196,2021-11-01T10:26:48.196,73.01,-0.008131328973916045,0.00700133642091187,0.007135696531117376
1635776808206,2021-11-01T10:26:48.206,73.02,-0.011345739315120094,0.007182239574813822,0.0070491943916055864
1635776808216,2021-11-01T10:26:48.216,73.03,-0.012940146949125212,0.007186193260707696,0.007962853389532634
1635776808226,2021-11-01T10:26:48.226,73.04,-0.013300120326942045,0.006237780847301228,0.00830623311489895
1635776808236,2021-11-01T10:26:48.236,73.05,-0.013261746371856759,0.004940580342597702,0.007806474778179546
1635776808246,2021-11-01T10:26:48.246,73.06,-0.012090053433108011,0.004009324367025235,0.007430899655320913
1635776808256,2021-11-01T10:26:48.256,73.07,-0.009042805117588884,0.0036823546675205637,0.00757685417773642
1635776808266,2021-11-01T10:26:48.266,73.08,-0.005774750214248756,0.005016958001013919,0.007954712288668793
1635776808276,2021-11-01T10:26:48.276,73.09,-0.0047142191161920624,0.008575726196999074,0.0082974448250265
1635776808286,2021-11-01T10:26:48.286,73.1,-0.005867391006903625,0.011389862973804364,0.008179118199614978
1635776808296,2021-11-01T10:26:48.296,73.11,-0.007029874363947055,0.010005938515577975,0.0074394249888195
1635776808306,2021-11-01T10:26:48.306,73.12,-0.006893365499374434,0.006307685154176875,0.006761016526381408
1635776808316,2021-11-01T10:26:48.316,73.13,-0.006647750914735813,0.004337260818221175,0.006469056856242989
1635776808326,2021-11-01T10:26:48.326,73.14,-0.007898543826502206,0.003351927917939279,0.005904340059671392
1635776808336,2021-11-01T10:26:48.336,73.15,-0.009888888853719678,0.0009253199417556747,0.005260852785352134
1635776808346,2021-11-01T10:26:48.346,73.16,-0.010421509883705611,-0.0009331919681654572,0.005924244191404594
1635776808356,2021-11-01T10:26:48.356,73.17,-0.009194562993958962,0.00040210644719384803,0.0074548746859227424
1635776808366,2021-11-01T10:26:48.366,73.18,-0.007975832675466105,0.0033899004163644463,0.007008635456642968
1635776808376,2021-11-01T10:26:48.376,73.19,-0.0075880750070697585,0.006634100071027428,0.003870167467020055
1635776808386,2021-11-01T10:26:48.386,73.2,-0.007200291126943113,0.011553795634331749,0.0014524030275154278
1635776808396,2021-11-01T10:26:48.396,73.21,-0.006410179789578701,0.01684103651142265,0.0023017193585384227
1635776808406,2021-11-01T10:26:48.406,73.22,-0.005662767357766819,0.017139193129300977,0.004303133889347836
1635776808416,2021-11-01T10:26:48.416,73.23,-0.00484182709661186,0.010709147277255433,0.004347749568139814
1635776808426,2021-11-01T10:26:48.426,73.24,-0.0033596538802989993,0.0028533507464416756,0.0029979617794318116
1635776808436,2021-11-01T10:26:48.436,73.25,-0.0014001827765663317,-0.000705756362474581,0.00302506165988688
1635776808446,2021-11-01T10:26:48.446,73.26,0.00022865598884341045,0.00033991031184916283,0.005011789981663967
1635776808456,2021-11-01T10:26:48.456,73.27,0.0010956231252057366,0.0030249742467511665,0.006900755846586352
1635776808466,2021-11-01T10:26:48.466,73.28,0.001309252372411207,0.005624039688464084,0.007313435778410458
1635776808476,2021-11-01T10:26:48.476,73.29,0.001159133963263536,0.008106245297984961,0.00686859789690682
1635776808486,2021-11-01T10:26:48.486,73.3,0.0006467855985427674,0.00961097728407337,0.006240568457230354
1635776808496,2021-11-01T10:26:48.496,73.31,-0.0006195709964937712,0.008095824226953409,0.005133710151680338
1635776808506,2021-11-01T10:26:48.506,73.32,-0.002249430006276839,0.0035132681044201045,0.003284308794965115
1635776808516,2021-11-01T10:26:48.516,73.33,-0.002789679145017835,-0.000974280524260607,0.0009921638097405384
1635776808526,2021-11-01T10:26:48.526,73.34,-0.0020157531285317355,-0.0027837730872394204,-0.001045423336466361
1635776808536,2021-11-01T10:26:48.536,73.35,-0.0013716419703400339,-0.0021577430551260462,-0.0017959575980242
1635776808546,2021-11-01T10:26:48.546,73.36,-0.001135667446906817,0.0007340484646485497,-0.0008259549567741006
1635776808556,2021-11-01T10:26:48.556,73.37,-0.00041784411907095764,0.006039022355086362,0.0006285457980337466
1635776808566,2021-11-01T10:26:48.566,73.38,-8.450777446492762e-05,0.009895135745420603,0.0008294294449619675
1635776808576,2021-11-01T10:26:48.576,73.39,-0.0017754289757978235,0.0066538759698619955,-0.000486583356511255
1635776808586,2021-11-01T10:26:48.586,73.4,-0.004433146646294931,-0.0019350224591801876,-0.0022556734367269364
1635776808596,2021-11-01T10:26:48.596,73.41,-0.005468606994403048,-0.006896956633989181,-0.003291595074162687
1635776808606,2021-11-01T10:26:48.606,73.42,-0.004782937344290918,-0.004203961599649319,-0.00304653376859995
1635776808616,2021-11-01T10:26:48.616,73.43,-0.004565490661077791,0.0003730685273023452,-0.002227513465724849
1635776808626,2021-11-01T10:26:48.626,73.44,-0.0055754541582480645,0.001384096176317977,-0.001905055342130695
1635776808636,2021-11-01T10:26:48.636,73.45,-0.006225337185576418,0.0012104055216825126,-0.001709769946239339
1635776808646,2021-11-01T10:26:48.646,73.46,-0.0054257929504311995,0.0033725795839879055,-0.0010606656580797245
1635776808656,2021-11-01T10:26:48.656,73.47,-0.004229837149851073,0.0050245644397741325,-0.0012581591117778895
1635776808666,2021-11-01T10:26:48.666,73.48,-0.0038262361166358345,0.002067677423129949,-0.0030335670068591942
1635776808676,2021-11-01T10:26:48.676,73.49,-0.0036463470371591684,-0.0028801850882724683,-0.004219288867484006
1635776808686,2021-11-01T10:26:48.686,73.5,-0.003004914233754569,-0.004415705912315841,-0.0035781391360664933
1635776808696,2021-11-01T10:26:48.696,73.51,-0.0028775331358770638,-0.003013264767499557,-0.0034065119663450787
1635776808706,2021-11-01T10:26:48.706,73.52,-0.003984567045261308,-0.00267615674214466,-0.004847358998337461
1635776808716,2021-11-01T10:26:48.716,73.53,-0.004921730812138354,-0.003058105260890095,-0.005287896932656274
1635776808726,2021-11-01T10:26:48.726,73.54,-0.004294991532787123,-0.0015482755939372778,-0.003428903052140054
1635776808736,2021-11-01T10:26:48.736,73.55,-0.0030060026029282948,-8.255532383356576e-05,-0.002069238948729615
1635776808746,2021-11-01T10:26:48.746,73.56,-0.002665026270352518,-0.0022194614370726353,-0.0034863402971680017
1635776808756,2021-11-01T10:26:48.756,73.57,-0.003082091090454941,-0.006320292358133624,-0.006071224450409837
1635776808766,2021-11-01T10:26:48.766,73.58,-0.0027716456109727885,-0.0083075091010733,-0.0072313796424420575
1635776808776,2021-11-01T10:26:48.776,73.59,-0.001285958665236829,-0.00826536564167629,-0.006954913793489391
1635776808786,2021-11-01T10:26:48.786,73.6,0.00018089909314849165,-0.008860144327130325,-0.00714211958358351
1635776808796,2021-11-01T10:26:48.796,73.61,0.000632022775619203,-0.010074497858912401,-0.008494403654981931
1635776808806,2021-11-01T10:26:48.806,73.62,0.0007016466520008604,-0.00964376598720466,-0.009305210585997457
1635776808816,2021-11-01T10:26:48.816,73.63,0.001539915421549689,-0.006594737399708274,-0.008014851941009241
1635776808826,2021-11-01T10:26:48.826,73.64,0.0029835626807024804,-0.0023017251743868783,-0.006193691946429962
1635776808836,2021-11-01T10:26:48.836,73.65,0.003880950362331226,0.0005005064233380267,-0.0068507153921036415
1635776808846,2021-11-01T10:26:48.846,73.66,0.0038510710995358034,-0.00014600512226799396,-0.00985293895329083
1635776808856,2021-11-01T10:26:48.856,73.67,0.0035907632035868256,-0.00318493314872772,-0.011993309726599507
1635776808866,2021-11-01T10:26:48.866,73.68,0.003627878608127833,-0.005826360545094531,-0.011946754374758464
1635776808876,2021-11-01T10:26:48.876,73.69,0.003853939923386028,-0.007471878145046004,-0.011845124310078548
1635776808886,2021-11-01T10:26:48.886,73.7,0.00409230240892535,-0.00995629762401885,-0.013328904163425932
1635776808896,2021-11-01T10:26:48.896,73.71,0.004192832803602908,-0.013368305413800683,-0.015001118879030885
1635776808906,2021-11-01T10:26:48.906,73.72,0.003978873722613822,-0.014420598457167779,-0.014829353868240467
1635776808916,2021-11-01T10:26:48.916,73.73,0.0038831841931529056,-0.010851409488106218,-0.013480466791571815
1635776808926,2021-11-01T10:26:48.926,73.74,0.004813894042861141,-0.005918492846008832,-0.013755643313157644
1635776808936,2021-11-01T10:26:48.936,73.75,0.006499038717800129,-0.005545376304881209,-0.016278607234982517
1635776808946,2021-11-01T10:26:48.946,73.76,0.0072906258506386466,-0.010531596912846188,-0.01776876275382098
1635776808956,2021-11-01T10:26:48.956,73.77,0.0068181589973809985,-0.014947473505144918,-0.016057142620856224
1635776808966,2021-11-01T10:26:48.966,73.78,0.006774801886786916,-0.014562983562320829,-0.014176249943182721
1635776808976,2021-11-01T10:26:48.976,73.79,0.007600263156143354,-0.012993144463672415,-0.015412963988534726
1635776808986,2021-11-01T10:26:48.986,73.8,0.007489850783077874,-0.014771215601319986,-0.017589431225024522
1635776808996,2021-11-01T10:26:48.996,73.81,0.006244122947857972,-0.016647372374535566,-0.01736073690418627
1635776809006,2021-11-01T10:26:49.006,73.82,0.006104048671394427,-0.013637079140497336,-0.016477991808408442
1635776809016,2021-11-01T10:26:49.016,73.83,0.007515653218640344,-0.009781649015034411,-0.018115363990565063
1635776809026,2021-11-01T10:26:49.026,73.84,0.00829504496643767,-0.012450867014498577,-0.02055256545085285
1635776809036,2021-11-01T10:26:49.036,73.85,0.00746848793282152,-0.019174690078161288,-0.02018364309465244
1635776809046,2021-11-01T10:26:49.046,73.86,0.006150717013893513,-0.021805158186943657,-0.01803648980699533
1635776809056,2021-11-01T10:26:49.056,73.87,0.005024620595730319,-0.02048135632569481,-0.01824676707708871
1635776809066,2021-11-01T10:26:49.066,73.88,0.003802981441051673,-0.02098464026919089,-0.0215902090046851
1635776809076,2021-11-01T10:26:49.076,73.89,0.0022325649252972956,-0.021906353472627628,-0.02464286299800881
1635776809086,2021-11-01T10:26:49.086,73.9,0.00022739528361548703,-0.017845907687408177,-0.025138090301819627
1635776809096,2021-11-01T10:26:49.096,73.91,-0.0016101734498192837,-0.012119214138920704,-0.024732065887857365
1635776809106,2021-11-01T10:26:49.106,73.92,-0.0018009073028984316,-0.013010488738137389,-0.025517688261575813
1635776809116,2021-11-01T10:26:49.116,73.93,-0.00013604021810740896,-0.01984536378410829,-0.02709511112249509
1635776809126,2021-11-01T10:26:49.126,73.94,0.0014069253567864266,-0.02446646782933483,-0.028768210542949795
1635776809136,2021-11-01T10:26:49.136,73.95,0.0017208400319356624,-0.023935082732477717,-0.031024046057961475
1635776809146,2021-11-01T10:26:49.146,73.96,0.0023193391708284296,-0.021687061691933806,-0.03302977656720927
1635776809156,2021-11-01T10:26:49.156,73.97,0.004471714958203133,-0.019264824872083926,-0.032676298227432565
1635776809166,2021-11-01T10:26:49.166,73.98,0.006884190853373301,-0.015912439532086552,-0.030665423925830472
1635776809176,2021-11-01T10:26:49.176,73.99,0.007564663924988214,-0.013208192180001022,-0.03048536207286465
1635776809186,2021-11-01T10:26:49.186,74.0,0.006670668624194796,-0.012920043440724454,-0.03317058994296175
1635776809196,2021-11-01T10:26:49.196,74.01,0.006417491501299123,-0.013834407031597457,-0.035938355470737704
1635776809206,2021-11-01T10:26:49.206,74.02,0.008049687720924828,-0.015306521985647782,-0.03669955087330623
1635776809216,2021-11-01T10:26:49.216,74.03,0.010048866891224455,-0.018577058344423785,-0.036251827610694135
1635776809226,2021-11-01T10:26:49.226,74.04,0.010747650939943365,-0.02166169493699415,-0.035846062877009616
1635776809236,2021-11-01T10:26:49.236,74.05,0.011095984116006163,-0.020027618210446015,-0.0358669738983038
1635776809246,2021-11-01T10:26:49.246,74.06,0.012539897140599509,-0.014611474862024302,-0.03634727271500244
1635776809256,2021-11-01T10:26:49.256,74.07,0.014227865577395709,-0.011876625155791196,-0.036594892728875186
1635776809266,2021-11-01T10:26:49.266,74.08,0.01487793695788013,-0.01427415015132161,-0.03607966894418129
1635776809276,2021-11-01T10:26:49.276,74.09,0.0151318792642488,-0.017591104941535277,-0.036184276503398574
1635776809286,2021-11-01T10:26:49.286,74.1,0.015599794711412627,-0.019327084614543216,-0.03801441727112112
1635776809296,2021-11-01T10:26:49.296,74.11,0.014834411365669334,-0.022676831167307072,-0.03971637081810613
1635776809306,2021-11-01T10:26:49.306,74.12,0.01166364531555285,-0.028823631807204313,-0.03976135645651187
1635776809316,2021-11-01T10:26:49.316,74.13,0.007575698141787018,-0.03176900977947903,-0.040245454326658554
1635776809326,2021-11-01T10:26:49.326,74.14,0.004626028713547066,-0.026831802347242396,-0.042873209846610943
1635776809336,2021-11-01T10:26:49.336,74.15,0.002831695829041353,-0.019325992512255002,-0.04517777278443365
1635776809346,2021-11-01T10:26:49.346,74.16,0.001380483953966415,-0.01754379315851383,-0.04500272963285733
1635776809356,2021-11-01T10:26:49.356,74.17,0.0004981736143060501,-0.02133675701328131,-0.04470137153042379
1635776809366,2021-11-01T10:26:49.366,74.18,0.0007486414637937039,-0.025062246536096143,-0.046520756921681006
1635776809376,2021-11-01T10:26:49.376,74.19,0.0018892847322983684,-0.02715018741753774,-0.048397137570509605
1635776809386,2021-11-01T10:26:49.386,74.2,0.0031016462600872725,-0.029018442867395553,-0.04814865558426642
1635776809396,2021-11-01T10:26:49.396,74.21,0.0039039121382449414,-0.02921704236852178,-0.04679084989219545
1635776809406,2021-11-01T10:26:49.406,74.22,0.0049239146672992555,-0.02601937840399785,-0.04528184693756389
1635776809416,2021-11-01T10:26:49.416,74.23,0.007291574528586803,-0.021762148858594406,-0.043208722085915585
1635776809426,2021-11-01T10:26:49.426,74.24,0.010739139061482125,-0.019231410527017736,-0.04169778637333147
1635776809436,2021-11-01T10:26:49.436,74.25,0.013418812848021698,-0.018097974276551094,-0.04263982204612003
1635776809446,2021-11-01T10:26:49.446,74.26,0.014228278994638723,-0.01814718907815513,-0.04475913065144591
1635776809456,2021-11-01T10:26:49.456,74.27,0.01404073357655137,-0.020686753885528812,-0.045132036839006434
1635776809466,2021-11-01T10:26:49.466,74.28,0.014198903671407359,-0.024620139699186777,-0.0444754380107851
1635776809476,2021-11-01T10:26:49.476,74.29,0.014939064772378732,-0.026387582751790505,-0.04582858922367175
1635776809486,2021-11-01T10:26:49.486,74.3,0.01569237263588506,-0.0249246927737955,-0.048407132112057424
1635776809496,2021-11-01T10:26:49.496,74.31,0.016323867312839312,-0.022236808524145044,-0.04872490014409374
1635776809506,2021-11-01T10:26:49.506,74.32,0.01739908615074456,-0.019098418710523753,-0.04713900524810639
1635776809516,2021-11-01T10:26:49.516,74.33,0.01905213824696765,-0.014247559614860728,-0.04697101075363684
1635776809526,2021-11-01T10:26:49.526,74.34,0.02076928611057029,-0.007913852150093029,-0.04831404832898886
1635776809536,2021-11-01T10:26:49.536,74.35,0.022750058069601238,-0.002914863381917876,-0.04850513201488525
1635776809546,2021-11-01T10:26:49.546,74.36,0.025372743132212446,-0.000997154278787144,-0.04666846608864875
1635776809556,2021-11-01T10:26:49.556,74.37,0.02720190288577891,-7.378537006781012e-06,-0.04341621966586565
1635776809566,2021-11-01T10:26:49.566,74.38,0.026837304482381273,0.0021620391581613396,-0.03952127195285786
1635776809576,2021-11-01T10:26:49.576,74.39,0.026380631571818344,0.002126462534428094,-0.037218899020790196
1635776809586,2021-11-01T10:26:49.586,74.4,0.028873822248157606,-0.00415416721497739,-0.037694000987181994
1635776809596,2021-11-01T10:26:49.596,74.41,0.033226109490331016,-0.012005559958693937,-0.03723368999795977
1635776809606,2021-11-01T10:26:49.606,74.42,0.036197813271246146,-0.012694321025085435,-0.03247303002697469
1635776809616,2021-11-01T10:26:49.616,74.43,0.037201998704875346,-0.0071435851996898055,-0.027410502029426805
1635776809626,2021-11-01T10:26:49.626,74.44,0.03633902366245183,-0.00534137144786655,-0.027541217660526435
1635776809636,2021-11-01T10:26:49.636,74.45,0.03148186317965368,-0.011515401732965756,-0.030594737725741172
1635776809646,2021-11-01T10:26:49.646,74.46,0.022320934472836507,-0.018316479364845404,-0.031288201542237506
1635776809656,2021-11-01T10:26:49.656,74.47,0.012935101372989451,-0.018236346112937372,-0.03051070512043633
1635776809666,2021-11-01T10:26:49.666,74.48,0.006633725140548991,-0.01387820696675585,-0.03154278298006165
1635776809676,2021-11-01T10:26:49.676,74.49,0.0026223646600302625,-0.01185143641571701,-0.032660921089194696
1635776809686,2021-11-01T10:26:49.686,74.5,-0.000663521464729542,-0.012271227279828694,-0.030797292612940546
1635776809696,2021-11-01T10:26:49.696,74.51,-0.0028592308760928436,-0.010846259184711932,-0.0270325469708459
1635776809706,2021-11-01T10:26:49.706,74.52,-0.0027476798286398835,-0.006908852691939698,-0.023538651727054362
1635776809716,2021-11-01T10:26:49.716,74.53,-0.0005134969303481556,-0.0034559975069448456,-0.020064491521259768
1635776809726,2021-11-01T10:26:49.726,74.54,0.0014277300107795416,-0.001571550089840202,-0.015956178319927475
1635776809736,2021-11-01T10:26:49.736,74.55,0.0018793878407491653,0.001328979344882162,-0.011954312630861157
1635776809746,2021-11-01T10:26:49.746,74.56,0.0032774072967652864,0.007191438087051998,-0.008434287133243545
1635776809756,2021-11-01T10:26:49.756,74.57,0.005631345201215256,0.013398462103607966,-0.003188446683958575
1635776809766,2021-11-01T10:26:49.766,74.58,0.0048101706130381115,0.01726295511700693,0.007783433884943377
1635776809776,2021-11-01T10:26:49.776,74.59,0.005611875697445842,0.022787561166485962,0.026072468424988744
1635776809786,2021-11-01T10:26:49.786,74.6,0.02310739230929604,0.034688146702420805,0.04732681520502861
1635776809796,2021-11-01T10:26:49.796,74.61,0.05747168123050144,0.04724344818489952,0.06395886226946856
1635776809806,2021-11-01T10:26:49.806,74.62,0.08509834677084101,0.04961191757591188,0.07267511907867105
1635776809816,2021-11-01T10:26:49.816,74.63,0.08915614326426038,0.04001122175669187,0.0764904562818651
1635776809826,2021-11-01T10:26:49.826,74.64,0.07839002522708624,0.025692394041859815,0.07763391496438338
1635776809836,2021-11-01T10:26:49.836,74.65,0.06397253357056187,0.014097853113056372,0.07407625013601783
1635776809846,2021-11-01T10:26:49.846,74.66,0.04163591988187497,0.00975499591171514,0.06631296894435583
1635776809856,2021-11-01T10:26:49.856,74.67,0.008537769446854058,0.012237100481523724,0.059996814991305505
1635776809866,2021-11-01T10:26:49.866,74.68,-0.023565113891220717,0.015556960683766703,0.0573029242476007
1635776809876,2021-11-01T10:26:49.876,74.69,-0.043564457194700014,0.01582464760949702,0.05368531594553149
1635776809886,2021-11-01T10:26:49.886,74.7,-0.054662012023982014,0.014581144870225167,0.04744729650096676
1635776809896,2021-11-01T10:26:49.896,74.71,-0.06492150037887542,0.011013798293031885,0.04400035002677741
1635776809906,2021-11-01T10:26:49.906,74.72,-0.07491926315698995,0.002565343029275701,0.04650103048640377
1635776809916,2021-11-01T10:26:49.916,74.73,-0.08053614116301053,-0.004205287381098573,0.050410555778477015
1635776809926,2021-11-01T10:26:49.926,74.74,-0.08093566610256432,0.0015544426479178032,0.05122614447864176
1635776809936,2021-11-01T10:26:49.936,74.75,-0.0791838134910607,0.016428313950067296,0.05087581172395485
1635776809946,2021-11-01T10:26:49.946,74.76,-0.07796632605629199,0.023896727849910135,0.05332201957440333
1635776809956,2021-11-01T10:26:49.956,74.77,-0.07710172490919935,0.01763570733054238,0.05883037678139053
1635776809966,2021-11-01T10:26:49.966,74.78,-0.07460323340546965,0.01008173813704507,0.06497046835294884
1635776809976,2021-11-01T10:26:49.976,74.79,-0.06970714572234567,0.01310660681337901,0.07002902119918278
1635776809986,2021-11-01T10:26:49.986,74.8,-0.06438632349072633,0.02254925169691979,0.07361682614880244
1635776809996,2021-11-01T10:26:49.996,74.81,-0.061000130508692685,0.028275395940116632,0.07567723343068443
1635776810006,2021-11-01T10:26:50.006,74.82,-0.05951860978939046,0.028938930546757897,0.0763007161027209
1635776810016,2021-11-01T10:26:50.016,74.83,-0.05835444489235159,0.029263849957589967,0.07614700843397182
1635776810026,2021-11-01T10:26:50.026,74.84,-0.05619004623854486,0.03051503003567094,0.07652590713139862
1635776810036,2021-11-01T10:26:50.036,74.85,-0.0518798720492505,0.030735252796891162,0.07864537180162907
1635776810046,2021-11-01T10:26:50.046,74.86,-0.04465978815154895,0.029809940264039214,0.08233500140218328
1635776810056,2021-11-01T10:26:50.056,74.87,-0.035418247536520946,0.02925040739813105,0.08589849241693723
1635776810066,2021-11-01T10:26:50.066,74.88,-0.02664771943018681,0.029576278313307724,0.08778551145014125
1635776810076,2021-11-01T10:26:50.076,74.89,-0.020744343659841066,0.03083884284981793,0.08802746107331419
1635776810086,2021-11-01T10:26:50.086,74.9,-0.018330136178962602,0.03343886544508495,0.0877046952376596
1635776810096,2021-11-01T10:26:50.096,74.91,-0.018283149938037795,0.03622626725045687,0.08720404951963122
1635776810106,2021-11-01T10:26:50.106,74.92,-0.019426524231975842,0.03604901628838799,0.08526758382940891
1635776810116,2021-11-01T10:26:50.116,74.93,-0.02121282604196505,0.031658960852629536,0.08066119472332618
1635776810126,2021-11-01T10:26:50.126,74.94,-0.02252690776647942,0.026823895944560167,0.07506882960740649
1635776810136,2021-11-01T10:26:50.136,74.95,-0.02125158692744512,0.027549242702273227,0.07229032105412642
1635776810146,2021-11-01T10:26:50.146,74.96,-0.016080991722883308,0.03623681245696053,0.07303749366098605
1635776810156,2021-11-01T10:26:50.156,74.97,-0.009133476739984311,0.04875498884434347,0.07244532703137949
1635776810166,2021-11-01T10:26:50.166,74.98,-0.00586231927959962,0.056961950492661256,0.06585395683091551
1635776810176,2021-11-01T10:26:50.176,74.99,-0.00910478179329001,0.05575999472786922,0.0566690329005316
1635776810186,2021-11-01T10:26:50.186,75.0,-0.012479360630237586,0.04914506827415471,0.053651468067437307
1635776810196,2021-11-01T10:26:50.196,75.01,-0.0055845651587445476,0.04616009868158881,0.05883802818129563
1635776810206,2021-11-01T10:26:50.206,75.02,0.010949322623372525,0.048825087028406586,0.06450308441841053
1635776810216,2021-11-01T10:26:50.216,75.03,0.02318775325867963,0.04995439062802987,0.06464662591610144
1635776810226,2021-11-01T10:26:50.226,75.04,0.02196143329196812,0.04583797970698211,0.06209064154985895
1635776810236,2021-11-01T10:26:50.236,75.05,0.014397382363794533,0.042033076617379816,0.06127227313477061
1635776810246,2021-11-01T10:26:50.246,75.06,0.01112910958718356,0.042272398298910094,0.06082749640179197
1635776810256,2021-11-01T10:26:50.256,75.07,0.011616530165350605,0.042340866167566445,0.05708506776472125
1635776810266,2021-11-01T10:26:50.266,75.08,0.00924090159213661,0.03986472447521114,0.05125791934053958
1635776810276,2021-11-01T10:26:50.276,75.09,0.0030017953606694824,0.0395116725431942,0.04850698180511613
1635776810286,2021-11-01T10:26:50.286,75.1,-0.002248361201199643,0.04381329999248881,0.04956401379273927
1635776810296,2021-11-01T10:26:50.296,75.11,-0.002810760714711356,0.047708512757143585,0.048671986488019015
1635776810306,2021-11-01T10:26:50.306,75.12,0.000192615856730041,0.046165017383300484,0.04280876055661492
1635776810316,2021-11-01T10:26:50.316,75.13,0.0022235781487178912,0.04161462182936815,0.036765055788290035
1635776810326,2021-11-01T10:26:50.326,75.14,-0.0007778781253609489,0.04097765418270343,0.034840698452348516
1635776810336,2021-11-01T10:26:50.336,75.15,-0.009103602225601089,0.046954308711785735,0.03405356419542925
1635776810346,2021-11-01T10:26:50.346,75.16,-0.01978068302235228,0.05351971799280272,0.030356649926622056
1635776810356,2021-11-01T10:26:50.356,75.17,-0.030026756403420264,0.05237914885321626,0.025935207562170576
1635776810366,2021-11-01T10:26:50.366,75.18,-0.03831646703575653,0.04467267918145819,0.025505634355212057
1635776810376,2021-11-01T10:26:50.376,75.19,-0.04275242323554032,0.040603641657472045,0.028746192180153785
1635776810386,2021-11-01T10:26:50.386,75.2,-0.042842549417769465,0.04474741817029615,0.030514445160891843
1635776810396,2021-11-01T10:26:50.396,75.21,-0.042265542118376215,0.04899831146235306,0.027559388620316212
1635776810406,2021-11-01T10:26:50.406,75.22,-0.04475202516425518,0.04320948900005887,0.021736614210103658
1635776810416,2021-11-01T10:26:50.416,75.23,-0.04922630316732782,0.026652685917594676,0.016389663724319523
1635776810426,2021-11-01T10:26:50.426,75.24,-0.052855022843965954,0.008758147294317653,0.013018772540084812
1635776810436,2021-11-01T10:26:50.436,75.25,-0.054654111422367105,0.0029103130013655313,0.011896664941759207
1635776810446,2021-11-01T10:26:50.446,75.26,-0.05411306904777534,0.015082445346774848,0.011895037161294992
1635776810456,2021-11-01T10:26:50.456,75.27,-0.050974226945187814,0.03473740047742925,0.010177193966711897
1635776810466,2021-11-01T10:26:50.466,75.28,-0.04639657218715684,0.043534875126137636,0.006002424012179282
1635776810476,2021-11-01T10:26:50.476,75.29,-0.04141627848990054,0.03559331712894681,0.002336469624516928
1635776810486,2021-11-01T10:26:50.486,75.3,-0.03591547399865789,0.022404756892777412,0.000535225489382646
1635776810496,2021-11-01T10:26:50.496,75.31,-0.03004328050771193,0.017208439383829013,-0.0018565965812964457
1635776810506,2021-11-01T10:26:50.506,75.32,-0.024593734896661563,0.021358757729628253,-0.00586557097695056
1635776810516,2021-11-01T10:26:50.516,75.33,-0.02005337015233566,0.027012540634259247,-0.009694673585637593
1635776810526,2021-11-01T10:26:50.526,75.34,-0.016494286182232736,0.028351175696098872,-0.013148286366751508
1635776810536,2021-11-01T10:26:50.536,75.35,-0.013595017285699847,0.026948060246147598,-0.01688129014960865
1635776810546,2021-11-01T10:26:50.546,75.36,-0.009890728052087305,0.025971272071577574,-0.01923963894276994
1635776810556,2021-11-01T10:26:50.556,75.37,-0.0036086256775982343,0.023561224350165166,-0.020400770682396905
1635776810566,2021-11-01T10:26:50.566,75.38,0.003903048096562596,0.017390284550550802,-0.02398800856805805
1635776810576,2021-11-01T10:26:50.576,75.39,0.0077805906180704485,0.01174920175319127,-0.029057997159221548
1635776810586,2021-11-01T10:26:50.586,75.4,0.006054227597054261,0.012103444133559484,-0.029897028401368236
1635776810596,2021-11-01T10:26:50.596,75.41,0.004302781651727558,0.016261481565926293,-0.02646436126654441
1635776810606,2021-11-01T10:26:50.606,75.42,0.009618762160312716,0.01872711343673579,-0.023625910610378657
1635776810616,2021-11-01T10:26:50.616,75.43,0.020799901816248783,0.019495858254105766,-0.02194017300444618
1635776810626,2021-11-01T10:26:50.626,75.44,0.02843135963590613,0.020374155146449392,-0.02032830142448068
1635776810636,2021-11-01T10:26:50.636,75.45,0.02607524761798019,0.016103056679161294,-0.021747181832474982
1635776810646,2021-11-01T10:26:50.646,75.46,0.0183787469898552,-0.0003794243667041364,-0.026657587981390285
1635776810656,2021-11-01T10:26:50.656,75.47,0.014423507777216208,-0.022947322612548005,-0.0282628389102448
1635776810666,2021-11-01T10:26:50.666,75.48,0.016012276038827634,-0.03439804687368256,-0.02215561826769321
1635776810676,2021-11-01T10:26:50.676,75.49,0.01810114546247515,-0.029325851488362708,-0.014570956772916598
1635776810686,2021-11-01T10:26:50.686,75.5,0.017439081267426514,-0.023158926211964668,-0.013508670683070812
1635776810696,2021-11-01T10:26:50.696,75.51,0.014508620414081044,-0.029831449962715566,-0.016311754055091682
1635776810706,2021-11-01T10:26:50.706,75.52,0.010445835781050248,-0.04211710541475256,-0.015682335713150815
1635776810716,2021-11-01T10:26:50.716,75.53,0.0074704017579703234,-0.0450400563087615,-0.014422433113052645
1635776810726,2021-11-01T10:26:50.726,75.54,0.008726243085127934,-0.038585438572105335,-0.020337364546742828
1635776810736,2021-11-01T10:26:50.736,75.55,0.01393823711812895,-0.034182024278853716,-0.028685012072738235
1635776810746,2021-11-01T10:26:50.746,75.56,0.01878325522017074,-0.035812600626206434,-0.028188191498604097
1635776810756,2021-11-01T10:26:50.756,75.57,0.020126048197334677,-0.03853998677770683,-0.02315454985774138
1635776810766,2021-11-01T10:26:50.766,75.58,0.01888614549898468,-0.04130654129126425,-0.027322113844028502
1635776810776,2021-11-01T10:26:50.776,75.59,0.018481365524023366,-0.046739790541536264,-0.038234250672693204
1635776810786,2021-11-01T10:26:50.786,75.6,0.02212360670641721,-0.05131242211112449,-0.0418869102417051
1635776810796,2021-11-01T10:26:50.796,75.61,0.029070847322592335,-0.04953793743638084,-0.037516777529095414
1635776810806,2021-11-01T10:26:50.806,75.62,0.03393224111791522,-0.04422421013065583,-0.03504032572558318
1635776810816,2021-11-01T10:26:50.816,75.63,0.033804904698394186,-0.04089008247517862,-0.03593189235787156
1635776810826,2021-11-01T10:26:50.826,75.64,0.033881642907297345,-0.038469603747916886,-0.03493550991649208
1635776810836,2021-11-01T10:26:50.836,75.65,0.04032673925772358,-0.034868026343893826,-0.03168930080487875
1635776810846,2021-11-01T10:26:50.846,75.66,0.050253899888425164,-0.033214723318543075,-0.028592167322947358
1635776810856,2021-11-01T10:26:50.856,75.67,0.0551294970920789,-0.03634963593380622,-0.02591217228484333
1635776810866,2021-11-01T10:26:50.866,75.68,0.0520108915588231,-0.04318526878668097,-0.02475034147272681
1635776810876,2021-11-01T10:26:50.876,75.69,0.0458682345518139,-0.05080607153599627,-0.026424071884530994
1635776810886,2021-11-01T10:26:50.886,75.7,0.04263396005746943,-0.052656111594249905,-0.027942049307922753
1635776810896,2021-11-01T10:26:50.896,75.71,0.044306355463474174,-0.04122056557774263,-0.02582103530105906
1635776810906,2021-11-01T10:26:50.906,75.72,0.04939106626954469,-0.020645291311175665,-0.022342849062974623
1635776810916,2021-11-01T10:26:50.916,75.73,0.054308353724593236,-0.007521814888286094,-0.021686698275759725
1635776810926,2021-11-01T10:26:50.926,75.74,0.05441554379809199,-0.012013440955558398,-0.023136293779035155
1635776810936,2021-11-01T10:26:50.936,75.75,0.04744015963121201,-0.025902073628585227,-0.022855681714288728
1635776810946,2021-11-01T10:26:50.946,75.76,0.03732191636226875,-0.03407025378268812,-0.019839803143534097
1635776810956,2021-11-01T10:26:50.956,75.77,0.030355194993622193,-0.03205993291450695,-0.016674587326133587
1635776810966,2021-11-01T10:26:50.966,75.78,0.026630133524677177,-0.027212016458577695,-0.015252841243087026
1635776810976,2021-11-01T10:26:50.976,75.79,0.021717300906134163,-0.025582098544772638,-0.014661333211888092
1635776810986,2021-11-01T10:26:50.986,75.8,0.01630742998492451,-0.025139975059224006,-0.01404051620341851
1635776810996,2021-11-01T10:26:50.996,75.81,0.015532408225731261,-0.022418923666089937,-0.014684022452287494
1635776811006,2021-11-01T10:26:51.006,75.82,0.01957807028508226,-0.018038147824322382,-0.01753135600401468
1635776811016,2021-11-01T10:26:51.016,75.83,0.022846878746546465,-0.012729010465754514,-0.020727742838460718
1635776811026,2021-11-01T10:26:51.026,75.84,0.021825877844284323,-0.0038514335013627916,-0.02165263724753911
1635776811036,2021-11-01T10:26:51.036,75.85,0.019248936311494082,0.010489597316631396,-0.020180857375672934
1635776811046,2021-11-01T10:26:51.046,75.86,0.020044947902619306,0.02570021227650425,-0.01810778219065295
1635776811056,2021-11-01T10:26:51.056,75.87,0.023234964608317178,0.03089173014061665,-0.016475111288035627
1635776811066,2021-11-01T10:26:51.066,75.88,0.020827894990012738,0.017183535837917444,-0.015514784946609838
1635776811076,2021-11-01T10:26:51.076,75.89,0.010467722118984214,-0.012191780958538581,-0.01547292006072022
1635776811086,2021-11-01T10:26:51.086,75.9,0.0035644155088914984,-0.04281995943948526,-0.015625385895168892
1635776811096,2021-11-01T10:26:51.096,75.91,0.009167022001164617,-0.061845645103241614,-0.015032762845318855
1635776811106,2021-11-01T10:26:51.106,75.92,0.016681678639979162,-0.06624752118339476,-0.014595792323501767
1635776811116,2021-11-01T10:26:51.116,75.93,0.010337838057930804,-0.058779360770564115,-0.014858602657475375
1635776811126,2021-11-01T10:26:51.126,75.94,-0.006107682380338576,-0.04179574645314946,-0.013510847451737305
1635776811136,2021-11-01T10:26:51.136,75.95,-0.016060610024953677,-0.018200139396787746,-0.009154297902618333
1635776811146,2021-11-01T10:26:51.146,75.96,-0.01562472778901676,0.0027145368578654766,-0.004481432070236116
1635776811156,2021-11-01T10:26:51.156,75.97,-0.01601395047042074,0.0053165119319181385,-0.0021222526206117935
1635776811166,2021-11-01T10:26:51.166,75.98,-0.023076734566035564,-0.01789289373458828,-0.0009259260591446892
1635776811176,2021-11-01T10:26:51.176,75.99,-0.028891682720496928,-0.05074162866982354,0.0011568632646318346
1635776811186,2021-11-01T10:26:51.186,76.0,-0.026029699477370074,-0.06336501478676117,0.004076387933368707
1635776811196,2021-11-01T10:26:51.196,76.01,-0.019680486062915198,-0.04381577185754615,0.006934845419455271
1635776811206,2021-11-01T10:26:51.206,76.02,-0.019813238731942906,-0.011850661215747812,0.009134451778176747
1635776811216,2021-11-01T10:26:51.216,76.03,-0.02721443790398975,0.005046221274531535,0.010092611329552819
1635776811226,2021-11-01T10:26:51.226,76.04,-0.03341840718416942,0.0027831099814328367,0.009986549737844744
1635776811236,2021-11-01T10:26:51.236,76.05,-0.03170558270842006,-0.001590053167220043,0.009213538742001554
1635776811246,2021-11-01T10:26:51.246,76.06,-0.023933206391196657,0.00024781554895626496,0.00588695983453142
1635776811256,2021-11-01T10:26:51.256,76.07,-0.017301087199300274,-0.002920068250762459,-0.002256611843212546
1635776811266,2021-11-01T10:26:51.266,76.08,-0.015691350168648886,-0.016344918573661188,-0.01252060142310169
1635776811276,2021-11-01T10:26:51.276,76.09,-0.015163676799966424,-0.023354285090233413,-0.019138230769042763
1635776811286,2021-11-01T10:26:51.286,76.1,-0.010077455128397368,-0.011072694183863079,-0.020925363357446086
1635776811296,2021-11-01T10:26:51.296,76.11,-0.0016324294612096346,0.007423142569896472,-0.021463535540871572
1635776811306,2021-11-01T10:26:51.306,76.12,0.00402390193236894,0.014797763372719184,-0.022531138792393268
1635776811316,2021-11-01T10:26:51.316,76.13,0.004040891436957784,0.013139117906819826,-0.02305136340848862
1635776811326,2021-11-01T10:26:51.326,76.14,0.0007660472646326077,0.011761552115547984,-0.02324658534762034
1635776811336,2021-11-01T10:26:51.336,76.15,-0.0026259225091453146,0.01245225488954186,-0.02477653464511984
1635776811346,2021-11-01T10:26:51.346,76.16,-0.005091866247657732,0.014621749122178961,-0.027289853804853728
1635776811356,2021-11-01T10:26:51.356,76.17,-0.007822312491604878,0.017039810519040015,-0.028184648742635265
1635776811366,2021-11-01T10:26:51.366,76.18,-0.012858370926612583,0.014717247051770778,-0.02613182505046042
1635776811376,2021-11-01T10:26:51.376,76.19,-0.020073630361841416,0.007103586734796986,-0.022882415300247778
1635776811386,2021-11-01T10:26:51.386,76.2,-0.025917138285708286,0.0026858718403268986,-0.020251060261193055
1635776811396,2021-11-01T10:26:51.396,76.21,-0.027629433985282545,0.006356417147917858,-0.016955616845766845
1635776811406,2021-11-01T10:26:51.406,76.22,-0.0273121825627628,0.011405277341723025,-0.011348121583216738
1635776811416,2021-11-01T10:26:51.416,76.23,-0.02841596901325095,0.01103269976765646,-0.005459259952827858
1635776811426,2021-11-01T10:26:51.426,76.24,-0.030049994023410236,0.008804127908455736,-0.0019827280864470483
1635776811436,2021-11-01T10:26:51.436,76.25,-0.02860625483156345,0.010287271513295813,0.0006081822127854868
1635776811446,2021-11-01T10:26:51.446,76.26,-0.02329335370178621,0.011191275317957567,0.004850966566117953
1635776811456,2021-11-01T10:26:51.456,76.27,-0.0169830235752211,0.004162144898465106,0.008487493541032672
1635776811466,2021-11-01T10:26:51.466,76.28,-0.012892053354528182,-0.005352100891068645,0.007189057449550516
1635776811476,2021-11-01T10:26:51.476,76.29,-0.01131264262745147,-0.004684697202637015,0.0018816860983178803
1635776811486,2021-11-01T10:26:51.486,76.3,-0.008410784582996473,0.00285122452197889,-0.0015890613960851587
1635776811496,2021-11-01T10:26:51.496,76.31,-5.4680426938626256e-05,-0.000236104599502189,-0.0008088466113742683
1635776811506,2021-11-01T10:26:51.506,76.32,0.012031084846695902,-0.01546750425697095,-0.00030894988795388185
1635776811516,2021-11-01T10:26:51.516,76.33,0.021912875446146344,-0.021908375941036923,-0.00432056474279799
1635776811526,2021-11-01T10:26:51.526,76.34,0.027779446583625255,-0.0068156049154209615,-0.01049935895870405
1635776811536,2021-11-01T10:26:51.536,76.35,0.03310208738656003,0.015745247060382134,-0.014054791759390757
1635776811546,2021-11-01T10:26:51.546,76.36,0.03918320106005438,0.02423896492342165,-0.013793928736254006
1635776811556,2021-11-01T10:26:51.556,76.37,0.0422849520837615,0.01667726627189909,-0.011704202242843194
1635776811566,2021-11-01T10:26:51.566,76.38,0.03918339977224867,0.00891950726451723,-0.010268967786045741
1635776811576,2021-11-01T10:26:51.576,76.39,0.031559463389617834,0.008545375755412803,-0.010627013869305722
1635776811586,2021-11-01T10:26:51.586,76.4,0.023456376165749353,0.005167171789773273,-0.010867828387641856
1635776811596,2021-11-01T10:26:51.596,76.41,0.016696023578221964,-0.007869689977871894,-0.007896918926320634
1635776811606,2021-11-01T10:26:51.606,76.42,0.010589195121991772,-0.019625694090806837,-0.002128026167735135
1635776811616,2021-11-01T10:26:51.616,76.43,0.004648289792429341,-0.018617025351136296,0.0028581427786979266
1635776811626,2021-11-01T10:26:51.626,76.44,-0.000885834607997117,-0.009041604958183989,0.0052439323123073004
1635776811636,2021-11-01T10:26:51.636,76.45,-0.006218965264299297,-0.002371823549241696,0.006040729452693962
1635776811646,2021-11-01T10:26:51.646,76.46,-0.011335784933949882,-0.003839122380385124,0.006086416485077989
1635776811656,2021-11-01T10:26:51.656,76.47,-0.015534786601002028,-0.012838154596840994,0.005197432001360342
1635776811666,2021-11-01T10:26:51.666,76.48,-0.019349212189219662,-0.02745587626683466,0.003816083930730827
1635776811676,2021-11-01T10:26:51.676,76.49,-0.024184268467020945,-0.04196979061294366,0.003443316887285299
1635776811686,2021-11-01T10:26:51.686,76.5,-0.028735334498033095,-0.047144690723621,0.004843974064717623
1635776811696,2021-11-01T10:26:51.696,76.51,-0.029511689735632674,-0.040844206001043146,0.00609602150905381
1635776811706,2021-11-01T10:26:51.706,76.52,-0.025384828378423374,-0.03289132477606174,0.004172611545292062
1635776811716,2021-11-01T10:26:51.716,76.53,-0.017666245206598517,-0.032158749125611105,-0.0005536108743924504
1635776811726,2021-11-01T10:26:51.726,76.54,-0.006861577453125595,-0.03440314193650656,-0.004598833714688205
1635776811736,2021-11-01T10:26:51.736,76.55,0.006545325332134956,-0.030071941192666003,-0.0072039009861719246
1635776811746,2021-11-01T10:26:51.746,76.56,0.020221126018524247,-0.018369972512392065,-0.010900283018482976
1635776811756,2021-11-01T10:26:51.756,76.57,0.032183567341673325,-0.0057222674976032985,-0.01571951981136315
1635776811766,2021-11-01T10:26:51.766,76.58,0.042258119857644674,0.004879757271023187,-0.01866630279419874
1635776811776,2021-11-01T10:26:51.776,76.59,0.04954871562717118,0.014955694964524703,-0.019016243683483116
1635776811786,2021-11-01T10:26:51.786,76.6,0.05180516094741447,0.02411147783864734,-0.018960614027689213
1635776811796,2021-11-01T10:26:51.796,76.61,0.0487346141786634,0.029450763491554652,-0.01920904114647155
1635776811806,2021-11-01T10:26:51.806,76.62,0.042898522000055624,0.029397640660569567,-0.018185584343195522
1635776811816,2021-11-01T10:26:51.816,76.63,0.03620806400989879,0.023025910240151375,-0.015609191500711564
1635776811826,2021-11-01T10:26:51.826,76.64,0.02817617921411774,0.009009893314981398,-0.013059537366879627
1635776811836,2021-11-01T10:26:51.836,76.65,0.018360559091317147,-0.00859671028725603,-0.01048855173001825
1635776811846,2021-11-01T10:26:51.846,76.66,0.007777163946099124,-0.01833589587294128,-0.006125823535585919
1635776811856,2021-11-01T10:26:51.856,76.67,-0.002876817368300843,-0.014299275464333482,-0.0008505951614117954
1635776811866,2021-11-01T10:26:51.866,76.68,-0.013924907002682327,-0.0064936641473124675,0.0014031062423761492
1635776811876,2021-11-01T10:26:51.876,76.69,-0.025147651087661923,-0.007782630232300707,-0.0007752387691101408
1635776811886,2021-11-01T10:26:51.886,76.7,-0.035528134451018795,-0.01634023788949871,-0.003511128215175456
1635776811896,2021-11-01T10:26:51.896,76.71,-0.04454164780602442,-0.02265045350269981,-0.002394383499471417
1635776811906,2021-11-01T10:26:51.906,76.72,-0.05197599084042329,-0.026360048153452054,0.001974813514391919
1635776811916,2021-11-01T10:26:51.916,76.73,-0.056464747394353136,-0.03295576389546839,0.005414469341861863
1635776811926,2021-11-01T10:26:51.926,76.74,-0.05559197706770218,-0.04090956934737909,0.00589293787291809
1635776811936,2021-11-01T10:26:51.936,76.75,-0.04819000286824078,-0.044942234429538756,0.004663494108135292
1635776811946,2021-11-01T10:26:51.946,76.76,-0.035910477729126616,-0.04568262106110312,0.002569224339904432
1635776811956,2021-11-01T10:26:51.956,76.77,-0.021510073026944503,-0.04546102461712152,-0.0008200954337822298
1635776811966,2021-11-01T10:26:51.966,76.78,-0.006318201715859358,-0.040846132133843645,-0.004968530352496812
1635776811976,2021-11-01T10:26:51.976,76.79,0.009328768389494532,-0.028021169347378506,-0.00837676700479319
1635776811986,2021-11-01T10:26:51.986,76.8,0.024910087384004957,-0.009678664562024836,-0.010083977856714077
1635776811996,2021-11-01T10:26:51.996,76.81,0.040748121495359044,0.009602827798394184,-0.010368075534628752
1635776812006,2021-11-01T10:26:52.006,76.82,0.057311489747150376,0.028104583409940282,-0.01122543449815109
1635776812016,2021-11-01T10:26:52.016,76.83,0.07163711041807676,0.04232339411119497,-0.014536319300205342
1635776812026,2021-11-01T10:26:52.026,76.84,0.07842959562579256,0.045915183333240225,-0.018512195012169427
1635776812036,2021-11-01T10:26:52.036,76.85,0.07626273607660472,0.03843190178547065,-0.01960496655972616
1635776812046,2021-11-01T10:26:52.046,76.86,0.06851257269367847,0.02728070484572522,-0.018089035627337997
1635776812056,2021-11-01T10:26:52.056,76.87,0.05833683535370396,0.01761725368305128,-0.016412721604310315
1635776812066,2021-11-01T10:26:52.066,76.88,0.047280917953227954,0.008446456159529494,-0.01365486804526829
1635776812076,2021-11-01T10:26:52.076,76.89,0.03690486310716101,-5.5150650588684175e-05,-0.008206057952113361
1635776812086,2021-11-01T10:26:52.086,76.9,0.027414862212788462,-0.004169653146603119,-0.0027352368658067217
1635776812096,2021-11-01T10:26:52.096,76.91,0.017483353802704243,-0.0021843174939114615,0.00010791001284482773
1635776812106,2021-11-01T10:26:52.106,76.92,0.007423367885707963,0.0034030381666412092,0.002465759445193686
1635776812116,2021-11-01T10:26:52.116,76.93,-0.0017889252360328437,0.006871514489687584,0.006373404140493898
1635776812126,2021-11-01T10:26:52.126,76.94,-0.01200123348656551,0.0013653161603893946,0.009650860577323825
1635776812136,2021-11-01T10:26:52.136,76.95,-0.024958403885163193,-0.012416502885561684,0.010676603688092251
1635776812146,2021-11-01T10:26:52.146,76.96,-0.03815798368844238,-0.02126683913110285,0.011331686314134165
1635776812156,2021-11-01T10:26:52.156,76.97,-0.04796707079066163,-0.013925167997076732,0.01264276264266831
1635776812166,2021-11-01T10:26:52.166,76.98,-0.05308844591581373,0.001440552896225856,0.013220372558484093
1635776812176,2021-11-01T10:26:52.176,76.99,-0.05261196472839072,0.0040786894590043345,0.012990921910057771
1635776812186,2021-11-01T10:26:52.186,77.0,-0.04561140119986743,-0.013840617215886095,0.013081737059063368
1635776812196,2021-11-01T10:26:52.196,77.01,-0.03399718385714354,-0.034856354035744934,0.012554350545263587
1635776812206,2021-11-01T10:26:52.206,77.02,-0.021732796447695386,-0.03591385054429597,0.01011551535375204
1635776812216,2021-11-01T10:26:52.216,77.03,-0.011015642011215288,-0.016796039785218653,0.00706839556777503
1635776812226,2021-11-01T10:26:52.226,77.04,-0.0015315249274725775,0.002557024627459434,0.004734265917364759
1635776812236,2021-11-01T10:26:52.236,77.05,0.0073569111471916485,0.009586761319697485,0.002350704852340956
1635776812246,2021-11-01T10:26:52.246,77.06,0.015061474810167907,0.009696818403229482,-0.00022680449794299862
1635776812256,2021-11-01T10:26:52.256,77.07,0.020133182402735695,0.011681216339363108,-0.002021606198233224
1635776812266,2021-11-01T10:26:52.266,77.08,0.022095901699039883,0.01584589584811474,-0.0033931220806007914
1635776812276,2021-11-01T10:26:52.276,77.09,0.022340785196782162,0.01802542604452354,-0.004868499614469401
1635776812286,2021-11-01T10:26:52.286,77.1,0.022035738925370776,0.017170346054493437,-0.004970265958597058
1635776812296,2021-11-01T10:26:52.296,77.11,0.02000553351353307,0.015259996561862499,-0.002259554446638665
1635776812306,2021-11-01T10:26:52.306,77.12,0.014529939765381321,0.013406912756471542,0.002279221256758641
1635776812316,2021-11-01T10:26:52.316,77.13,0.006565573872623598,0.011601376108461828,0.006174357715124512
1635776812326,2021-11-01T10:26:52.326,77.14,-0.0010580288576224712,0.010190397631958342,0.007774935482104571
1635776812336,2021-11-01T10:26:52.336,77.15,-0.00736674104960365,0.008736086839568847,0.00785180832037739
1635776812346,2021-11-01T10:26:52.346,77.16,-0.01340016701461282,0.005229498443146824,0.008530291465126516
1635776812356,2021-11-01T10:26:52.356,77.17,-0.018385192208117816,-0.0016383164338106668,0.00998511245187085
1635776812366,2021-11-01T10:26:52.366,77.18,-0.019285342677378046,-0.010503192910685712,0.010358505451544495
1635776812376,2021-11-01T10:26:52.376,77.19,-0.015550282712987862,-0.01726339675894583,0.00956783221376146
1635776812386,2021-11-01T10:26:52.386,77.2,-0.010939286083137576,-0.01731210588515874,0.009569369674349303
1635776812396,2021-11-01T10:26:52.396,77.21,-0.008715526399445776,-0.011594636670883875,0.010334675511760033
1635776812406,2021-11-01T10:26:52.406,77.22,-0.007896728494402015,-0.007683869949955976,0.009774585140591416
1635776812416,2021-11-01T10:26:52.416,77.23,-0.0057624894210289756,-0.008137610184864773,0.007807896299621272
1635776812426,2021-11-01T10:26:52.426,77.24,-0.0011526638913519568,-0.004574089104157429,0.006384989650014423
1635776812436,2021-11-01T10:26:52.436,77.25,0.005497434331476673,0.007764124834406367,0.005910732708432202
1635776812446,2021-11-01T10:26:52.446,77.26,0.012163976449332765,0.018940408439833273,0.005099164787570052
1635776812456,2021-11-01T10:26:52.456,77.27,0.015422356792834886,0.017666570589220196,0.0031784077640777566
1635776812466,2021-11-01T10:26:52.466,77.28,0.013981452179082867,0.00838461736687798,0.000170341020880074
1635776812476,2021-11-01T10:26:52.476,77.29,0.01079033044845246,0.006214064890086159,-0.00284971081730015
1635776812486,2021-11-01T10:26:52.486,77.3,0.008698352288131813,0.017232301086038904,-0.0034971972747193892
1635776812496,2021-11-01T10:26:52.496,77.31,0.006818622037921131,0.031122572192964805,-0.00110334851433796
1635776812506,2021-11-01T10:26:52.506,77.32,0.003750935892604403,0.03562789859190453,0.0010909212824304832
1635776812516,2021-11-01T10:26:52.516,77.33,0.0002140958887002064,0.03106983157913583,-0.00020335271910980552
1635776812526,2021-11-01T10:26:52.526,77.34,-0.003869972126399647,0.024793777385742816,-0.00398411877004067
1635776812536,2021-11-01T10:26:52.536,77.35,-0.010198142408583332,0.018917504143191995,-0.006809757268408263
1635776812546,2021-11-01T10:26:52.546,77.36,-0.018064875722425183,0.012156063819797839,-0.007161260232841802
1635776812556,2021-11-01T10:26:52.556,77.37,-0.02389365860538948,0.006959685869093697,-0.005975509852109446
1635776812566,2021-11-01T10:26:52.566,77.38,-0.0261218920373378,0.0052532741932356216,-0.004065447200918648
1635776812576,2021-11-01T10:26:52.576,77.39,-0.02685415918111487,0.0025067189006255427,-0.0011875908623279093
1635776812586,2021-11-01T10:26:52.586,77.4,-0.0276485442938077,-0.005138544959367092,0.0022752696024844576
1635776812596,2021-11-01T10:26:52.596,77.41,-0.026642830588105605,-0.012967776150468248,0.004513023233197309
1635776812606,2021-11-01T10:26:52.606,77.42,-0.02127346117526621,-0.015044499834559508,0.004117421549966342
1635776812616,2021-11-01T10:26:52.616,77.43,-0.012311032504984186,-0.013991176932863886,0.0020210406292565466
1635776812626,2021-11-01T10:26:52.626,77.44,-0.003431393738681512,-0.015035122394818391,0.0006955774796090446
1635776812636,2021-11-01T10:26:52.636,77.45,0.003434957140901234,-0.01537967545700515,0.0013582399778321386
1635776812646,2021-11-01T10:26:52.646,77.46,0.010322741246520474,-0.008591550976832903,0.0029121612602953126
1635776812656,2021-11-01T10:26:52.656,77.47,0.019186339770520318,0.0036191541904116815,0.003937065235678117
1635776812666,2021-11-01T10:26:52.666,77.48,0.028137675018197743,0.012676548751328497,0.004442460795773534
1635776812676,2021-11-01T10:26:52.676,77.49,0.03429960595524318,0.014918022288306406,0.005191822860619066
1635776812686,2021-11-01T10:26:52.686,77.5,0.03746424973759888,0.0145736688372141,0.006402663330030185
1635776812696,2021-11-01T10:26:52.696,77.51,0.03820562324432762,0.015226058899286715,0.007604994292435363
1635776812706,2021-11-01T10:26:52.706,77.52,0.03570976684052046,0.015347003507472316,0.008285845956691185
1635776812716,2021-11-01T10:26:52.716,77.53,0.030008142916024987,0.013600012567566202,0.008214598024690233
1635776812726,2021-11-01T10:26:52.726,77.54,0.023271127800373728,0.012366148071262344,0.007361657381525536
1635776812736,2021-11-01T10:26:52.736,77.55,0.01703843027508667,0.013057045167598612,0.006129018959957999
1635776812746,2021-11-01T10:26:52.746,77.56,0.010721771884855437,0.012616087704837468,0.005155853038052542
1635776812756,2021-11-01T10:26:52.756,77.57,0.0038079136083765492,0.00842904061028877,0.00422845277317131
1635776812766,2021-11-01T10:26:52.766,77.58,-0.002662612605500083,0.002972590295317636,0.0026697772399589753
1635776812776,2021-11-01T10:26:52.776,77.59,-0.007557345922855359,-0.0005234445971330328,0.001253917061545025
1635776812786,2021-11-01T10:26:52.786,77.6,-0.011291897633367132,-0.0035781885276526607,0.0015402840048991838
1635776812796,2021-11-01T10:26:52.796,77.61,-0.01529535545212934,-0.00931292693005786,0.0032912091125207447
1635776812806,2021-11-01T10:26:52.806,77.62,-0.019970002288673145,-0.016849595552447316,0.005371498125147645
1635776812816,2021-11-01T10:26:52.816,77.63,-0.023746214000138446,-0.023086162104325438,0.008333996583009444
1635776812826,2021-11-01T10:26:52.826,77.64,-0.02481742545159056,-0.028053960074263508,0.012625972756576445
1635776812836,2021-11-01T10:26:52.836,77.65,-0.023296139477042142,-0.034434286961999586,0.01594643920231811
1635776812846,2021-11-01T10:26:52.846,77.66,-0.020513265554442564,-0.041749236428366865,0.01625169823526989
1635776812856,2021-11-01T10:26:52.856,77.67,-0.016813862554678715,-0.044392344766539055,0.015153566807375849
1635776812866,2021-11-01T10:26:52.866,77.68,-0.011715904008519719,-0.037612148431667373,0.014795555552741663
1635776812876,2021-11-01T10:26:52.876,77.69,-0.005706311417538586,-0.02392830443397348,0.014376641200228343
1635776812886,2021-11-01T10:26:52.886,77.7,-0.000303050033205795,-0.01082989457762119,0.01305179163461594
1635776812896,2021-11-01T10:26:52.896,77.71,0.002858945963962074,-0.002238671094980593,0.012300027104937699
1635776812906,2021-11-01T10:26:52.906,77.72,0.002496473931789525,0.004593121383873187,0.012015528105064035
1635776812916,2021-11-01T10:26:52.916,77.73,-0.000756893530236534,0.012556748812251856,0.009030233449205881
1635776812926,2021-11-01T10:26:52.926,77.74,-0.003882950009638444,0.019437740878849245,0.002987505550692849
1635776812936,2021-11-01T10:26:52.936,77.75,-0.00520064002434048,0.0227530177464727,-0.00161875373362301
1635776812946,2021-11-01T10:26:52.946,77.76,-0.0063776837191418705,0.025113414240597855,-0.002375164318265223
1635776812956,2021-11-01T10:26:52.956,77.77,-0.008571724038335938,0.029490919031718438,-0.0024554640571765735
1635776812966,2021-11-01T10:26:52.966,77.78,-0.010416451626189684,0.0333525945219017,-0.004658910935196962
1635776812976,2021-11-01T10:26:52.976,77.79,-0.011279849590070164,0.032270168643411146,-0.006964507753204117
1635776812986,2021-11-01T10:26:52.986,77.8,-0.01240770713801024,0.02567031703371429,-0.006335192352920637
1635776812996,2021-11-01T10:26:52.996,77.81,-0.01416753417541981,0.01664579676041283,-0.0033556573143903863
1635776813006,2021-11-01T10:26:53.006,77.82,-0.015143802669065676,0.009671721480493958,-0.0008308224282114226
1635776813016,2021-11-01T10:26:53.016,77.83,-0.014057298143235874,0.008402565978249189,0.0005144207628496606
1635776813026,2021-11-01T10:26:53.026,77.84,-0.010929284169081128,0.012484427062566129,0.0025920756245587672
1635776813036,2021-11-01T10:26:53.036,77.85,-0.006393637403244074,0.017623724870827754,0.006216152914199426
1635776813046,2021-11-01T10:26:53.046,77.86,-0.000928838917701744,0.020062814501028457,0.009459204982839874
1635776813056,2021-11-01T10:26:53.056,77.87,0.004824265800715373,0.01904469447892396,0.011124469555841569
1635776813066,2021-11-01T10:26:53.066,77.88,0.009860010863570716,0.015331630378779805,0.012843664461374681
1635776813076,2021-11-01T10:26:53.076,77.89,0.013540399833725427,0.010256964485637073,0.015529754040806261
1635776813086,2021-11-01T10:26:53.086,77.9,0.0156951141600518,0.006451258722897526,0.017187507792297513
1635776813096,2021-11-01T10:26:53.096,77.91,0.016014130469353745,0.007141389239780693,0.016462570507748592
1635776813106,2021-11-01T10:26:53.106,77.92,0.014579325798989191,0.012885503307254575,0.014560364194480806
1635776813116,2021-11-01T10:26:53.116,77.93,0.012306319329754862,0.01949115508287405,0.012193336456367861
1635776813126,2021-11-01T10:26:53.126,77.94,0.009459694963866498,0.021609433576401705,0.008517814331522424
1635776813136,2021-11-01T10:26:53.136,77.95,0.005106267027968464,0.018675160137097677,0.0035265360777063585
1635776813146,2021-11-01T10:26:53.146,77.96,-0.0006212978616602853,0.014473696183280881,-0.0017998282180329834
1635776813156,2021-11-01T10:26:53.156,77.97,-0.005870615317231563,0.011119451023766415,-0.007117684205836024
1635776813166,2021-11-01T10:26:53.166,77.98,-0.010001530340088948,0.007791370978616489,-0.012082672065478644
1635776813176,2021-11-01T10:26:53.176,77.99,-0.0143871353877373,0.005513999461662552,-0.015398705049373386
1635776813186,2021-11-01T10:26:53.186,78.0,-0.019230617430846718,0.007516699833423082,-0.016434775945593887
1635776813196,2021-11-01T10:26:53.196,78.01,-0.02304061682279391,0.01312475945810377,-0.0165394871768184
1635776813206,2021-11-01T10:26:53.206,78.02,-0.025919842884207227,0.016752166293912994,-0.01709878583886027
1635776813216,2021-11-01T10:26:53.216,78.03,-0.029445259705070476,0.0154380723916329,-0.017188743395130296
1635776813226,2021-11-01T10:26:53.226,78.04,-0.033076656824586576,0.012242945950378274,-0.014793597141930327
1635776813236,2021-11-01T10:26:53.236,78.05,-0.03446168520413316,0.010002118675697929,-0.01001272558583618
1635776813246,2021-11-01T10:26:53.246,78.06,-0.032989122235683684,0.0074454373746563884,-0.00528129546438305
1635776813256,2021-11-01T10:26:53.256,78.07,-0.030023791682114297,0.0038135188719927637,-0.0020244917411486787
1635776813266,2021-11-01T10:26:53.266,78.08,-0.026417112196384058,0.0016198936250158963,0.0010168886137545822
1635776813276,2021-11-01T10:26:53.276,78.09,-0.021956259352591732,0.002235470589569017,0.005185513989987075
1635776813286,2021-11-01T10:26:53.286,78.1,-0.016611661719077145,0.003087869838503166,0.009632331064140073
1635776813296,2021-11-01T10:26:53.296,78.11,-0.01109487496821605,0.0015227723411158117,0.012886588034133414
1635776813306,2021-11-01T10:26:53.306,78.12,-0.006290304442376738,-0.0013738433918494318,0.014748794927074052
1635776813316,2021-11-01T10:26:53.316,78.13,-0.0023105935004147185,-0.002814720997815493,0.015420072239073556
1635776813326,2021-11-01T10:26:53.326,78.14,0.0017649570703458213,-0.0022469086253377214,0.01459962990878194
1635776813336,2021-11-01T10:26:53.336,78.15,0.006803907305364477,-0.0005349635071657782,0.012441442368811135
1635776813346,2021-11-01T10:26:53.346,78.16,0.012457439810663828,0.0033353320014344982,0.009848447207950025
1635776813356,2021-11-01T10:26:53.356,78.17,0.017528670092809576,0.01041581797069152,0.007271510681400504
1635776813366,2021-11-01T10:26:53.366,78.18,0.021068404360927172,0.01726881265675131,0.0044206351565344495
1635776813376,2021-11-01T10:26:53.376,78.19,0.022724920468998298,0.018574902798086407,0.0012348857752718303
1635776813386,2021-11-01T10:26:53.386,78.2,0.022596893150967204,0.014527174559012406,-0.0017476962355042344
1635776813396,2021-11-01T10:26:53.396,78.21,0.02113468176124797,0.010862504677549952,-0.0038918761777729993
1635776813406,2021-11-01T10:26:53.406,78.22,0.018864467914442375,0.011362822363652741,-0.004942361548168979
1635776813416,2021-11-01T10:26:53.416,78.23,0.015941325167466533,0.014169109786972717,-0.005196464795685002
1635776813426,2021-11-01T10:26:53.426,78.24,0.012150618291979262,0.015613657811680127,-0.005246243777069393
1635776813436,2021-11-01T10:26:53.436,78.25,0.007669733450026221,0.015060696362997911,-0.0054760738402587095
1635776813446,2021-11-01T10:26:53.446,78.26,0.0033615992048294163,0.01500357905570908,-0.005951998800312663
1635776813456,2021-11-01T10:26:53.456,78.27,-0.0003544740392827368,0.016563156645626485,-0.006323333219770445
1635776813466,2021-11-01T10:26:53.466,78.28,-0.003948110793343808,0.016579142230485816,-0.005481118038701367
1635776813476,2021-11-01T10:26:53.476,78.29,-0.007369726194424149,0.01198822451198018,-0.002646871206276238
1635776813486,2021-11-01T10:26:53.486,78.3,-0.009891445125185024,0.005658496102995646,0.0005758065559856018
1635776813496,2021-11-01T10:26:53.496,78.31,-0.01187541800802908,0.0030644902725930597,0.0014030900341590838
1635776813506,2021-11-01T10:26:53.506,78.32,-0.014775900397126378,0.003974199417586868,5.1752669217578504e-05
1635776813516,2021-11-01T10:26:53.516,78.33,-0.019341745826393156,0.002785031356288592,4.2114767291898255e-05
1635776813526,2021-11-01T10:26:53.526,78.34,-0.02501849105128432,-0.0032780990992461547,0.0030735073389372204
1635776813536,2021-11-01T10:26:53.536,78.35,-0.03029533063336498,-0.010907662736203695,0.006298262513183655
1635776813546,2021-11-01T10:26:53.546,78.36,-0.03331010702156326,-0.015306730176982294,0.006254522674407643
1635776813556,2021-11-01T10:26:53.556,78.37,-0.03335482529571418,-0.015128061326851893,0.0034248529042848774
1635776813566,2021-11-01T10:26:53.566,78.38,-0.03139081670626791,-0.013301461672511908,0.0013236740133490132
1635776813576,2021-11-01T10:26:53.576,78.39,-0.028167989853525463,-0.01367860851529739,0.001992377003005294
1635776813586,2021-11-01T10:26:53.586,78.4,-0.023190480001246315,-0.016075659865617393,0.0035607479549869384
1635776813596,2021-11-01T10:26:53.596,78.41,-0.016573803288465153,-0.015960821515795462,0.0028062123688431984
1635776813606,2021-11-01T10:26:53.606,78.42,-0.010103421165391506,-0.010434449282323552,-0.00018049359607593177
1635776813616,2021-11-01T10:26:53.616,78.43,-0.004885453044167154,-0.0017999367073668446,-0.0017273156592278547
1635776813626,2021-11-01T10:26:53.626,78.44,0.0004181485017772214,0.006620961764659687,9.964757693929909e-05
1635776813636,2021-11-01T10:26:53.636,78.45,0.007154893980302528,0.014096906365930483,0.0024230147723731154
1635776813646,2021-11-01T10:26:53.646,78.46,0.013919516810969715,0.019443584136260197,0.0020949931710362033
1635776813656,2021-11-01T10:26:53.656,78.47,0.01839513259385709,0.01983683700533443,0.000830536413513075
1635776813666,2021-11-01T10:26:53.666,78.48,0.02076368071361711,0.016085617097711738,0.0022256982646752335
1635776813676,2021-11-01T10:26:53.676,78.49,0.02265983563110551,0.01342253358751379,0.005584850544921886
1635776813686,2021-11-01T10:26:53.686,78.5,0.023678923210228048,0.014207407156082472,0.007325303247518129
1635776813696,2021-11-01T10:26:53.696,78.51,0.02210867293041194,0.015898164806882966,0.007273784191619108
1635776813706,2021-11-01T10:26:53.706,78.52,0.018554547721926357,0.01727462823953117,0.008227388953713296
1635776813716,2021-11-01T10:26:53.716,78.53,0.015559135143175338,0.019038818376866044,0.010091606664381275
1635776813726,2021-11-01T10:26:53.726,78.54,0.013808643665969147,0.018200709261101733,0.010295538196538698
1635776813736,2021-11-01T10:26:53.736,78.55,0.011516618689482378,0.010858625336565338,0.009378338447488857
1635776813746,2021-11-01T10:26:53.746,78.56,0.007736858598659215,0.0007604671745959609,0.01024889505591227
1635776813756,2021-11-01T10:26:53.756,78.57,0.003819009985350436,-0.004044329871337089,0.012474990728784361
1635776813766,2021-11-01T10:26:53.766,78.58,0.0006750255809916653,-0.0033915164653576984,0.012835808015626629
1635776813776,2021-11-01T10:26:53.776,78.59,-0.002912328846179507,-0.004664101819508803,0.011013222684692571
1635776813786,2021-11-01T10:26:53.786,78.6,-0.007561647284282344,-0.009874868314825183,0.009757100899160046
1635776813796,2021-11-01T10:26:53.796,78.61,-0.011686182423802798,-0.01271687374072103,0.009729312362893847
1635776813806,2021-11-01T10:26:53.806,78.62,-0.014493209442491026,-0.009782658887295202,0.008513853193416217
1635776813816,2021-11-01T10:26:53.816,78.63,-0.017207521322068802,-0.00584034609929653,0.004910954349878663
1635776813826,2021-11-01T10:26:53.826,78.64,-0.019810886325836587,-0.0062528452874084026,0.0008530267483978859
1635776813836,2021-11-01T10:26:53.836,78.65,-0.020347042064053078,-0.010825864189856474,-0.0015566714870503529
1635776813846,2021-11-01T10:26:53.846,78.66,-0.018407041720933555,-0.01572847711534331,-0.002579924762719346
1635776813856,2021-11-01T10:26:53.856,78.67,-0.015740885289695784,-0.01684580230434276,-0.003837494139859762
1635776813866,2021-11-01T10:26:53.866,78.68,-0.013151443847441107,-0.011938327816222217,-0.006369100036741449
1635776813876,2021-11-01T10:26:53.876,78.69,-0.009868033424165062,-0.002624964023388743,-0.00958902309411107
1635776813886,2021-11-01T10:26:53.886,78.7,-0.005838127105719189,0.006474870479268229,-0.01125089261443318
1635776813896,2021-11-01T10:26:53.896,78.71,-0.0021897719547315283,0.011474521227574391,-0.009992264700560867
1635776813906,2021-11-01T10:26:53.906,78.72,0.0003402000878341124,0.0115464476214065,-0.008032788909629817
1635776813916,2021-11-01T10:26:53.916,78.73,0.0019346846006178778,0.008927249368923857,-0.00824247118437373
1635776813926,2021-11-01T10:26:53.926,78.74,0.0031212821862257323,0.00760758257031556,-0.009342411035112871
1635776813936,2021-11-01T10:26:53.936,78.75,0.004414834485860537,0.00974050313419866,-0.008122211025240272
1635776813946,2021-11-01T10:26:53.946,78.76,0.005954679445298795,0.012617067838930091,-0.004873610523659445
1635776813956,2021-11-01T10:26:53.956,78.77,0.007339021821901153,0.011832295576428172,-0.0023208257873287307
1635776813966,2021-11-01T10:26:53.966,78.78,0.008314976893314,0.007178506549445891,-0.0009137470173510945
1635776813976,2021-11-01T10:26:53.976,78.79,0.00910274412801804,0.002040356910418678,0.0008961885443055739
1635776813986,2021-11-01T10:26:53.986,78.8,0.00949535461336716,-0.0020547317223951482,0.0030386850020446736
1635776813996,2021-11-01T10:26:53.996,78.81,0.008856351091297034,-0.006053469909800209,0.0038285692180602465
1635776814006,2021-11-01T10:26:54.006,78.82,0.0077556745211691015,-0.009329215036288765,0.0031167925498994694
1635776814016,2021-11-01T10:26:54.016,78.83,0.0078375550392515,-0.009616518796558953,0.0027570003046762112
1635776814026,2021-11-01T10:26:54.026,78.84,0.00907488823582156,-0.007359880439595229,0.003732447713447171
1635776814036,2021-11-01T10:26:54.036,78.85,0.009219451617762208,-0.006090511713403343,0.004968143616947312
1635776814046,2021-11-01T10:26:54.046,78.86,0.00718433686832576,-0.007290585133574017,0.00528500418191407
1635776814056,2021-11-01T10:26:54.056,78.87,0.004926306173840023,-0.008547390634186011,0.004664361899425361
1635776814066,2021-11-01T10:26:54.066,78.88,0.0045267774813678215,-0.008321675007862865,0.0035368067012991333
1635776814076,2021-11-01T10:26:54.076,78.89,0.005172067186791009,-0.008473480862292769,0.0024579502961748663
1635776814086,2021-11-01T10:26:54.086,78.9,0.004857121537275104,-0.010033656603497462,0.0020254661693278244
1635776814096,2021-11-01T10:26:54.096,78.91,0.003699825709175191,-0.010705432737389466,0.0017354660568041273
1635776814106,2021-11-01T10:26:54.106,78.92,0.0031050760823963354,-0.008930675360749176,0.0002432821948929291
1635776814116,2021-11-01T10:26:54.116,78.93,0.0026909434173516458,-0.006843870186132254,-0.0021369726963448247
1635776814126,2021-11-01T10:26:54.126,78.94,0.001283430665617727,-0.007033571975687443,-0.003468812936368033
1635776814136,2021-11-01T10:26:54.136,78.95,0.00015311611343214634,-0.008842861907297807,-0.003313322596681467
1635776814146,2021-11-01T10:26:54.146,78.96,0.0013914101018847708,-0.009540398700188472,-0.002930462998962538
1635776814156,2021-11-01T10:26:54.156,78.97,0.00367222690890444,-0.00805875383889132,-0.0025441807999663658
1635776814166,2021-11-01T10:26:54.166,78.98,0.0037859939162191557,-0.006276910585566527,-0.0013762139763915365
1635776814176,2021-11-01T10:26:54.176,78.99,0.0020009400055830662,-0.006101731715562428,0.00032886883718755833
1635776814186,2021-11-01T10:26:54.186,79.0,0.001755576674167768,-0.006697569386174479,0.0016003896152880805
1635776814196,2021-11-01T10:26:54.196,79.01,0.004173419189925258,-0.006654911240037113,0.0018590647313313012
1635776814206,2021-11-01T10:26:54.206,79.02,0.006762926888677363,-0.006735490929779449,0.0006482463088294743
1635776814216,2021-11-01T10:26:54.216,79.03,0.007651666448118641,-0.00747361077023644,-0.0018604607360420912
1635776814226,2021-11-01T10:26:54.226,79.04,0.007685791304237895,-0.007159331448630165,-0.003964569731775895
1635776814236,2021-11-01T10:26:54.236,79.05,0.00796524134339359,-0.005176777401082468,-0.004347044777418941
1635776814246,2021-11-01T10:26:54.246,79.06,0.008139017273043529,-0.004105511571224271,-0.004311195368160074
1635776814256,2021-11-01T10:26:54.256,79.07,0.007754678550838299,-0.006351839301783296,-0.005781625028768888
1635776814266,2021-11-01T10:26:54.266,79.08,0.007236291663955287,-0.010394329553474139,-0.008182687889745575
1635776814276,2021-11-01T10:26:54.276,79.09,0.007063216094563202,-0.011420247964025949,-0.0095434307308052
1635776814286,2021-11-01T10:26:54.286,79.1,0.00723298185319789,-0.00708030596485233,-0.009463036978258175
1635776814296,2021-11-01T10:26:54.296,79.11,0.007570672029938949,-0.002403388294226001,-0.008954351084290636
1635776814306,2021-11-01T10:26:54.306,79.12,0.007944809792860254,-0.004155408242673967,-0.008745065341206884
1635776814316,2021-11-01T10:26:54.316,79.13,0.008268486959669375,-0.010161807611272547,-0.009370199586290175
1635776814326,2021-11-01T10:26:54.326,79.14,0.008375273817276159,-0.011451201600979021,-0.010826111465281946
1635776814336,2021-11-01T10:26:54.336,79.15,0.007975334886964242,-0.005243023343655094,-0.010995031938496623
1635776814346,2021-11-01T10:26:54.346,79.16,0.00707934419774681,0.0020728978172999332,-0.00783881205287008
1635776814356,2021-11-01T10:26:54.356,79.17,0.006306745786349778,0.004914184843294116,-0.0038147244230257397
1635776814366,2021-11-01T10:26:54.366,79.18,0.006194724532836482,0.003791944222416608,-0.0032711600369117744
1635776814376,2021-11-01T10:26:54.376,79.19,0.006297825402909984,0.0005108521358615356,-0.005154744912269072
1635776814386,2021-11-01T10:26:54.386,79.2,0.00562133834171616,-0.004888326872964782,-0.0042550809806764876
1635776814396,2021-11-01T10:26:54.396,79.21,0.003981353878418182,-0.011204000801612593,0.00018009815996048557
1635776814406,2021-11-01T10:26:54.406,79.22,0.0024964895285700117,-0.014914620650696337,0.003575368582333864
1635776814416,2021-11-01T10:26:54.416,79.23,0.002445575548156633,-0.013469519671596146,0.003817120328747359
1635776814426,2021-11-01T10:26:54.426,79.24,0.0035872738499746018,-0.0077501421742334625,0.003506319483197445
1635776814436,2021-11-01T10:26:54.436,79.25,0.004343384717688563,-0.0012385415408281948,0.004128358620451294
1635776814446,2021-11-01T10:26:54.446,79.26,0.003984920562726113,0.002081405769716923,0.003593267039208351
1635776814456,2021-11-01T10:26:54.456,79.27,0.0032803384332660505,0.0002079120376977009,0.0006460752523375778
1635776814466,2021-11-01T10:26:54.466,79.28,0.002710425982020986,-0.004756857829318112,-0.0023600328759172183
1635776814476,2021-11-01T10:26:54.476,79.29,0.0016110639926004344,-0.008142695406590017,-0.002834421658804698
1635776814486,2021-11-01T10:26:54.486,79.3,-0.0008098002704509478,-0.007783279317275658,-0.0016197588603486918
1635776814496,2021-11-01T10:26:54.496,79.31,-0.004336053673098956,-0.005875762732853252,-0.001383203840141855
1635776814506,2021-11-01T10:26:54.506,79.32,-0.007290373351723705,-0.004801967908935594,-0.0028345578780115833
1635776814516,2021-11-01T10:26:54.516,79.33,-0.007672203876573892,-0.0039273304395339124,-0.004483945054825703
1635776814526,2021-11-01T10:26:54.526,79.34,-0.005734001152950944,-0.0020832867221220776,-0.005269203895494222
1635776814536,2021-11-01T10:26:54.536,79.35,-0.004290412739737227,-4.165722076130915e-06,-0.00548837404993302
1635776814546,2021-11-01T10:26:54.546,79.36,-0.004986659029442073,0.0015554702904771543,-0.005454211853509143
1635776814556,2021-11-01T10:26:54.556,79.37,-0.005936628719514126,0.002584252846485062,-0.0050229318351701045
1635776814566,2021-11-01T10:26:54.566,79.38,-0.005073334535351335,0.0014320487937894558,-0.0045713914743913
1635776814576,2021-11-01T10:26:54.576,79.39,-0.0034123569513696663,-0.0032535477931784247,-0.004812008331157913
1635776814586,2021-11-01T10:26:54.586,79.4,-0.002270616361925575,-0.00729048219669988,-0.005330381132984653
1635776814596,2021-11-01T10:26:54.596,79.41,-0.0004282401973291154,-0.004591995573331729,-0.0048883964690994925
1635776814606,2021-11-01T10:26:54.606,79.42,0.002619875046536959,0.0027098620513362603,-0.0035140778917618536
1635776814616,2021-11-01T10:26:54.616,79.43,0.004313256689462884,0.005403914060851378,-0.0027331503406471335
1635776814626,2021-11-01T10:26:54.626,79.44,0.0034647857393657923,-0.00010093912994027445,-0.0034041003376539996
1635776814636,2021-11-01T10:26:54.636,79.45,0.002928513665225155,-0.007589067587379235,-0.004670482250973613
1635776814646,2021-11-01T10:26:54.646,79.46,0.004395044227674739,-0.010716480225567383,-0.005259220451297957
1635776814656,2021-11-01T10:26:54.656,79.47,0.0050448848076616115,-0.009818162762195033,-0.00480461954969465
1635776814666,2021-11-01T10:26:54.666,79.48,0.002815172778490819,-0.007636386004777077,-0.003988294378458467
1635776814676,2021-11-01T10:26:54.676,79.49,0.0003431303507172127,-0.0045622639401882055,-0.00401853419320051
1635776814686,2021-11-01T10:26:54.686,79.5,0.000282523337646,-0.0007115239610679665,-0.005359577652115064
1635776814696,2021-11-01T10:26:54.696,79.51,0.0013042697036835741,0.0014868251249857342,-0.006732558630744257
1635776814706,2021-11-01T10:26:54.706,79.52,0.0018551267046860763,0.0001887505976688986,-0.006713187526248518
1635776814716,2021-11-01T10:26:54.716,79.53,0.0031371581744807442,-0.002554222911115456,-0.00612518133430316
1635776814726,2021-11-01T10:26:54.726,79.54,0.005448660532030578,-0.004071306806462565,-0.006539596930977177
1635776814736,2021-11-01T10:26:54.736,79.55,0.006146393170097038,-0.005490998417414133,-0.006946373968917426
1635776814746,2021-11-01T10:26:54.746,79.56,0.003863978417253674,-0.00803301622706427,-0.005375682273605182
1635776814756,2021-11-01T10:26:54.756,79.57,0.0010462462048302053,-0.00830532885074955,-0.003048768348903129
1635776814766,2021-11-01T10:26:54.766,79.58,0.000409515750067859,-0.0038648708211140616,-0.0025625470572341784
1635776814776,2021-11-01T10:26:54.776,79.59,0.0016981249322659188,0.0007901538235472552,-0.003140908777867048
1635776814786,2021-11-01T10:26:54.786,79.6,0.003203930322006123,0.0006937373484770394,-0.0023928214499639427
1635776814796,2021-11-01T10:26:54.796,79.61,0.004257439644906829,-0.002102586856359973,-0.0010198436135235578
1635776814806,2021-11-01T10:26:54.806,79.62,0.0050059680614410644,-0.003586201861964277,-0.0012707892540016648
1635776814816,2021-11-01T10:26:54.816,79.63,0.005280991662442802,-0.0046764494680018726,-0.0026446165720451498
1635776814826,2021-11-01T10:26:54.826,79.64,0.0048384823835128845,-0.007794446989279058,-0.0028027549350736975
1635776814836,2021-11-01T10:26:54.836,79.65,0.003976570365729774,-0.011750511565235693,-0.0011748595844881305
1635776814846,2021-11-01T10:26:54.846,79.66,0.0033289441715885167,-0.01403358580617125,0.0008243309466810861
1635776814856,2021-11-01T10:26:54.856,79.67,0.003347321557618599,-0.014047749605993481,0.0020200127433995098
1635776814866,2021-11-01T10:26:54.866,79.68,0.003954923485912303,-0.012013780236578776,0.002400928420450136
1635776814876,2021-11-01T10:26:54.876,79.69,0.004523896844566172,-0.008207281102952046,0.002610093658512321
1635776814886,2021-11-01T10:26:54.886,79.7,0.0045324930783684795,-0.003943876128476013,0.00326350229817952
1635776814896,2021-11-01T10:26:54.896,79.71,0.004262378301043422,-0.0006148546728369393,0.004122550121632692
1635776814906,2021-11-01T10:26:54.906,79.72,0.004198909842342893,0.001681212831635808,0.0040017929260998735
1635776814916,2021-11-01T10:26:54.916,79.73,0.003960018664964447,0.0028153005864366993,0.0023954762306900817
1635776814926,2021-11-01T10:26:54.926,79.74,0.0029952893543140537,0.001809880550869353,0.0006066764004703971
1635776814936,2021-11-01T10:26:54.936,79.75,0.0019152376483064209,-0.001212936084897198,0.00016944308789818504
1635776814946,2021-11-01T10:26:54.946,79.76,0.0013432367726280206,-0.004425988929941748,0.0008424279363453826
1635776814956,2021-11-01T10:26:54.956,79.77,0.0001718715847134765,-0.006486642630271967,0.001113224177468896
1635776814966,2021-11-01T10:26:54.966,79.78,-0.0025915200104111354,-0.007054552518076266,0.00010095294982443042
1635776814976,2021-11-01T10:26:54.976,79.79,-0.005258207917808022,-0.00526896396639518,-0.0018304720522295467
1635776814986,2021-11-01T10:26:54.986,79.8,-0.005742589169874589,-0.0010930439869871033,-0.003922480450330248
1635776814996,2021-11-01T10:26:54.996,79.81,-0.0050215271763366705,0.002095910319929064,-0.005443545395253851
1635776815006,2021-11-01T10:26:55.006,79.82,-0.004908727253613423,0.0007579195902290225,-0.005517166447759878
1635776815016,2021-11-01T10:26:55.016,79.83,-0.004365171065644586,-0.0030129493008732703,-0.004286440371477046
1635776815026,2021-11-01T10:26:55.026,79.84,-0.0019273354814932362,-0.004033882380943599,-0.0039870752420745476
1635776815036,2021-11-01T10:26:55.036,79.85,0.0005164692388370451,-0.0019731691505249023,-0.005996143271114295
1635776815046,2021-11-01T10:26:55.046,79.86,0.0005435140888083398,-0.0010241240782423529,-0.007427666180254141
1635776815056,2021-11-01T10:26:55.056,79.87,-0.0005406086491552313,-0.0023571300748171124,-0.0050532394977891425
1635776815066,2021-11-01T10:26:55.066,79.88,-0.0001472411500365859,-0.002775104346096608,-0.0014809980925460239
1635776815076,2021-11-01T10:26:55.076,79.89,0.0012337956935518023,-0.0004849310367824719,-0.0014357559794499256
1635776815086,2021-11-01T10:26:55.086,79.9,0.0015468417446475786,0.002447015263685464,-0.0036846174340530668
1635776815096,2021-11-01T10:26:55.096,79.91,0.0009497382159406959,0.0033571139722548436,-0.003719712016378384
1635776815106,2021-11-01T10:26:55.106,79.92,0.0011684336343501958,0.0020368671643372915,-0.0015640916056877314
1635776815116,2021-11-01T10:26:55.116,79.93,0.002403162780191482,0.00048740760294186845,0.0002808695803054513
1635776815126,2021-11-01T10:26:55.126,79.94,0.0031644629743632384,0.0008667870167732409,0.002299990093450869
1635776815136,2021-11-01T10:26:55.136,79.95,0.0027068216303457356,0.0035587969361246478,0.005047472106841708
1635776815146,2021-11-01T10:26:55.146,79.96,0.0018891533722069707,0.006393214998540769,0.0061493473553942135
1635776815156,2021-11-01T10:26:55.156,79.97,0.0016401506570127432,0.006331847224951603,0.004688854895912007
1635776815166,2021-11-01T10:26:55.166,79.98,0.0019021780847435742,0.0029806529388638533,0.00311262508568303
1635776815176,2021-11-01T10:26:55.176,79.99,0.002093775645396835,-0.0008253670589380032,0.0028266780317176186
1635776815186,2021-11-01T10:26:55.186,80.0,0.00168415798662416,-0.0028553503878944253,0.0029515301459969176
1635776815196,2021-11-01T10:26:55.196,80.01,0.0006202697488415885,-0.0035638930781443185,0.003275850320224944
1635776815206,2021-11-01T10:26:55.206,80.02,-0.00026117099028095405,-0.0037249419659489756,0.004147596218441526
1635776815216,2021-11-01T10:26:55.216,80.03,-2.9914145727099094e-05,-0.0033750121123976443,0.004677981589513851
1635776815226,2021-11-01T10:26:55.226,80.04,0.0007961396344293575,-0.0033013513141201285,0.004056603651330832
1635776815236,2021-11-01T10:26:55.236,80.05,0.0007363842486076409,-0.0035023645881119745,0.00301109155629
1635776815246,2021-11-01T10:26:55.246,80.06,-0.00035828979751944515,-0.0013296283641068948,0.0025548314128376643
1635776815256,2021-11-01T10:26:55.256,80.07,-0.0010811155042210955,0.003621285566957132,0.0030407258236138874
1635776815266,2021-11-01T10:26:55.266,80.08,-0.0009010307049273052,0.005740889758761413,0.0044590534300521754
1635776815276,2021-11-01T10:26:55.276,80.09,-0.0010587795035435364,0.0010699729107429454,0.006092068126931494
1635776815286,2021-11-01T10:26:55.286,80.1,-0.002321705811402095,-0.0053991401491746615,0.006618477048598663
1635776815296,2021-11-01T10:26:55.296,80.11,-0.0033957313062487303,-0.006627179933059308,0.005447370339985047
1635776815306,2021-11-01T10:26:55.306,80.12,-0.00277641817788939,-0.003104229750167408,0.00319124122988213
1635776815316,2021-11-01T10:26:55.316,80.13,-0.001254567495250787,-0.00011109606426490208,0.0010290916893195253
1635776815326,2021-11-01T10:26:55.326,80.14,-0.0009608393569595865,0.0005286035025017478,6.06188753893908e-05
1635776815336,2021-11-01T10:26:55.336,80.15,-0.00200408083945231,0.0013816660349921278,0.0003816349839012621
1635776815346,2021-11-01T10:26:55.346,80.16,-0.002081768932905315,0.0036392297593751495,0.0008321983409170575
1635776815356,2021-11-01T10:26:55.356,80.17,-0.000283457716839692,0.004446743679887184,0.00046282844854146046
1635776815366,2021-11-01T10:26:55.366,80.18,0.001209585098902825,0.001835256041719584,-0.0005552558710919435
1635776815376,2021-11-01T10:26:55.376,80.19,0.0008725879959332102,-0.0011205850730860636,-0.0017644358336419712
1635776815386,2021-11-01T10:26:55.386,80.2,0.0002585315749779359,-0.0011186980180000593,-0.002666777812974966
1635776815396,2021-11-01T10:26:55.396,80.21,0.0006683570588311202,-2.0413193767115792e-05,-0.002473566237828646
1635776815406,2021-11-01T10:26:55.406,80.22,0.0009673808514468721,-0.00048586246506375735,-0.0012334474801551309
1635776815416,2021-11-01T10:26:55.416,80.23,0.0005796181073504195,-0.0007627199260800471,-7.39950063590582e-05
1635776815426,2021-11-01T10:26:55.426,80.24,0.0008405265373613507,0.0009263369451529063,0.0008774786354000675
1635776815436,2021-11-01T10:26:55.436,80.25,0.002094923739967891,0.0020735747307138444,0.002619215626557655
1635776815446,2021-11-01T10:26:55.446,80.26,0.0030756123885982744,0.000633742226702553,0.004507965775205367
1635776815456,2021-11-01T10:26:55.456,80.27,0.0035449975093284564,-0.001296928362064855,0.004481540694376918
1635776815466,2021-11-01T10:26:55.466,80.28,0.004220651575487057,-0.0016824394907454824,0.0028270856386920914
1635776815476,2021-11-01T10:26:55.476,80.29,0.004444549411777801,-0.0013797962570195723,0.0021923527026749307
1635776815486,2021-11-01T10:26:55.486,80.3,0.0030702416409688054,-0.0013342700176913556,0.0031782659911304663
1635776815496,2021-11-01T10:26:55.496,80.31,0.001075059406205225,-0.0013217666760244999,0.003677817882110841
1635776815506,2021-11-01T10:26:55.506,80.32,0.00047545251825735675,-0.0019047882696118165,0.0029033464279707346
1635776815516,2021-11-01T10:26:55.516,80.33,0.0012756131620979445,-0.004054343548120706,0.0022515051785704323
1635776815526,2021-11-01T10:26:55.526,80.34,0.0019414189972932379,-0.006314003087824215,0.002315369579028612
1635776815536,2021-11-01T10:26:55.536,80.35,0.0021044445471414368,-0.005282121190695498,0.0024043396629770033
1635776815546,2021-11-01T10:26:55.546,80.36,0.00245146280711558,-0.0004318826987942054,0.002435646121264593
1635776815556,2021-11-01T10:26:55.556,80.37,0.00279750008851251,0.004043730145677789,0.0028288185972803965
1635776815566,2021-11-01T10:26:55.566,80.38,0.00248713271380696,0.004639294093647819,0.0033397354179166778
1635776815576,2021-11-01T10:26:55.576,80.39,0.0018944859768289216,0.003107413869355626,0.0035642713867050837
1635776815586,2021-11-01T10:26:55.586,80.4,0.0017360694517115772,0.0025055244601509597,0.003813223877490791
1635776815596,2021-11-01T10:26:55.596,80.41,0.0017960247774434284,0.001994563129412026,0.004475148633251631
1635776815606,2021-11-01T10:26:55.606,80.42,0.0016959805222724498,-0.0003610768051884417,0.005160671573435
1635776815616,2021-11-01T10:26:55.616,80.43,0.0018386403179537904,-0.002747897458476721,0.005222725869916156
1635776815626,2021-11-01T10:26:55.626,80.44,0.0023275662758394213,-0.0018640951419891276,0.004726096179074947
1635776815636,2021-11-01T10:26:55.636,80.45,0.0022063409032591127,0.0023670752907068203,0.004485668030569032
1635776815646,2021-11-01T10:26:55.646,80.46,0.0011541059196389187,0.0073850803733987586,0.004985382403583768
1635776815656,2021-11-01T10:26:55.656,80.47,0.00043092259167225116,0.010837627951800443,0.0052276073116251124
1635776815666,2021-11-01T10:26:55.666,80.48,0.0006490745600359728,0.011433234100749534,0.003718656676436111
1635776815676,2021-11-01T10:26:55.676,80.49,0.00041592907853557176,0.009725338557388656,0.0010794547732238349
1635776815686,2021-11-01T10:26:55.686,80.5,-0.001474049465789515,0.008098247138838437,-0.0001673629169589151
1635776815696,2021-11-01T10:26:55.696,80.51,-0.004354759195233914,0.007754057591115611,0.0007567149001540518
1635776815706,2021-11-01T10:26:55.706,80.52,-0.006950907136753418,0.007229547979886113,0.0016606579007568368
1635776815716,2021-11-01T10:26:55.716,80.53,-0.008754676969725046,0.005412978609668648,0.0009001201902211203
1635776815726,2021-11-01T10:26:55.726,80.54,-0.009910194030407275,0.0035955937954665227,-0.0004214143453967447
1635776815736,2021-11-01T10:26:55.736,80.55,-0.01053012813221641,0.003615606214721037,-0.0011464599353847725
1635776815746,2021-11-01T10:26:55.746,80.56,-0.010207106867955186,0.005775004911496443,-0.0019407213176963348
1635776815756,2021-11-01T10:26:55.756,80.57,-0.008592085260981533,0.008213819476617965,-0.0030290094040343434
1635776815766,2021-11-01T10:26:55.766,80.58,-0.006505737161187715,0.007675554147046326,-0.003189441638098602
1635776815776,2021-11-01T10:26:55.776,80.59,-0.005219750737746989,0.0029915061359927515,-0.0018883445654116066
1635776815786,2021-11-01T10:26:55.786,80.6,-0.004511471445397127,-0.0019868878336153917,5.4171340741075485e-05
1635776815796,2021-11-01T10:26:55.796,80.61,-0.0030602056655967737,-0.0021958215423668,0.0016665352588438966
1635776815806,2021-11-01T10:26:55.806,80.62,-0.0009157822062261894,0.0017326645655099968,0.0024160779165512316
1635776815816,2021-11-01T10:26:55.816,80.63,0.00029958744917233055,0.0045625788792886856,0.0027866178074921555
1635776815826,2021-11-01T10:26:55.826,80.64,-3.358859038514774e-05,0.004770810615187306,0.004053368346899847
1635776815836,2021-11-01T10:26:55.836,80.65,-0.0006840970746113931,0.006082779047416697,0.005961060901886476
1635776815846,2021-11-01T10:26:55.846,80.66,-0.000732183456471202,0.00930513152121932,0.006331507153444038
1635776815856,2021-11-01T10:26:55.856,80.67,-0.0008051321359104529,0.0095281218902972,0.004614961473429054
1635776815866,2021-11-01T10:26:55.866,80.68,-0.001619472408972678,0.004629532236426415,0.00327031565637579
1635776815876,2021-11-01T10:26:55.876,80.69,-0.0026953292182590924,-0.00015267377357102807,0.003983602662756993
1635776815886,2021-11-01T10:26:55.886,80.7,-0.003457489263102951,-8.209991134735853e-05,0.005205416606213183
1635776815896,2021-11-01T10:26:55.896,80.71,-0.0047846978387885535,0.0027852237356518574,0.004872410566787731
1635776815906,2021-11-01T10:26:55.906,80.72,-0.007759905740417888,0.0048229164053546275,0.002959252512715252
1635776815916,2021-11-01T10:26:55.916,80.73,-0.011037143769233891,0.0061903144829788415,0.0003651550032773304
1635776815926,2021-11-01T10:26:55.926,80.74,-0.01191605111183561,0.007494278766550056,-0.0019133044878928951
1635776815936,2021-11-01T10:26:55.936,80.75,-0.01038120898786742,0.006942744177024751,-0.0022793292707371363
1635776815946,2021-11-01T10:26:55.946,80.76,-0.009126005561306744,0.0038938721352637195,-0.0004397412894741683
1635776815956,2021-11-01T10:26:55.956,80.77,-0.009175415955298256,0.0007033061167873957,0.001037576811205192
1635776815966,2021-11-01T10:26:55.966,80.78,-0.008892818621395942,-0.00033497264426085897,0.00044153318702942675
1635776815976,2021-11-01T10:26:55.976,80.79,-0.007467016425999095,0.0013606792516620194,-0.00021792587676530445
1635776815986,2021-11-01T10:26:55.986,80.8,-0.005713792863408456,0.005122261989925594,0.0005680667024137862
1635776815996,2021-11-01T10:26:55.996,80.81,-0.0038765038270487714,0.008287700419272721,0.0006628681846042742
1635776816006,2021-11-01T10:26:56.006,80.82,-0.0019626117807114993,0.007347421397552983,-0.0011113541329570845
1635776816016,2021-11-01T10:26:56.016,80.83,-0.0007584659373637411,0.0029590393290091326,-0.0018213549139411435
1635776816026,2021-11-01T10:26:56.026,80.84,-8.268719450982223e-05,0.0010614548025166004,0.0005084423529020604
1635776816036,2021-11-01T10:26:56.036,80.85,0.00142847139142714,0.004945569021725208,0.003101101682257144
1635776816046,2021-11-01T10:26:56.046,80.86,0.0034236852079483756,0.008902802514369706,0.0030511305447640693
1635776816056,2021-11-01T10:26:56.056,80.87,0.003764854650019571,0.005711878367743249,0.001601152706817566
1635776816066,2021-11-01T10:26:56.066,80.88,0.002116866799928593,-0.0015734667318688667,0.0007845834562465639
1635776816076,2021-11-01T10:26:56.076,80.89,0.0006449617018854292,-0.003371186235833942,-0.00030122619309337753
1635776816086,2021-11-01T10:26:56.086,80.9,0.0002534755504347121,0.002135518192792153,-0.002846220009007944
1635776816096,2021-11-01T10:26:56.096,80.91,-0.0009163009295291037,0.00783638514933536,-0.005239418102496422
1635776816106,2021-11-01T10:26:56.106,80.92,-0.0035725612443190118,0.009501324219691689,-0.0056237481607330185
1635776816116,2021-11-01T10:26:56.116,80.93,-0.005235600257081117,0.00887975528855372,-0.004938251730507533
1635776816126,2021-11-01T10:26:56.126,80.94,-0.00464543965703598,0.006942785345566786,-0.00491553626796231
1635776816136,2021-11-01T10:26:56.136,80.95,-0.0041131872670183214,0.0033494362888101116,-0.005500000301178063
1635776816146,2021-11-01T10:26:56.146,80.96,-0.0048313815292318416,0.0005914580906962968,-0.005889210575187239
1635776816156,2021-11-01T10:26:56.156,80.97,-0.004790132999841525,0.001262625266803464,-0.005612417974588628
1635776816166,2021-11-01T10:26:56.166,80.98,-0.0033721537564995628,0.003242689349500488,-0.004163848782988647
1635776816176,2021-11-01T10:26:56.176,80.99,-0.0026502228814013567,0.00290144240290995,-0.0019349398019914206
1635776816186,2021-11-01T10:26:56.186,81.0,-0.003002297150406088,0.0007229448394713798,-0.0006022941399989091
1635776816196,2021-11-01T10:26:56.196,81.01,-0.002351895158235791,-0.00041272361827965966,-0.0007764722900627474
1635776816206,2021-11-01T10:26:56.206,81.02,-0.00019566844072153145,0.00011853860703805736,-0.001152829599749498
1635776816216,2021-11-01T10:26:56.216,81.03,0.0014532589802766704,0.0010048530620504145,-0.0009722365923718599
1635776816226,2021-11-01T10:26:56.226,81.04,0.0013661981285515844,0.0012628604538069562,-0.0008671920105537674
1635776816236,2021-11-01T10:26:56.236,81.05,0.0005844660838181606,0.0005721312737022267,-0.000865178942015681
1635776816246,2021-11-01T10:26:56.246,81.06,0.0002420823178734429,-0.00015332097774072603,-0.00014282318667524556
1635776816256,2021-11-01T10:26:56.256,81.07,3.1769498046329554e-05,0.0008785043423467328,0.0009168862278661381
1635776816266,2021-11-01T10:26:56.266,81.08,-0.0005069690780065102,0.0034519823367472175,0.0006803494980111825
1635776816276,2021-11-01T10:26:56.276,81.09,-0.0008719513666349305,0.005174185069902704,-0.001350580465887938
1635776816286,2021-11-01T10:26:56.286,81.1,-0.0006510681050182563,0.005012131122149648,-0.0036665781203339834
1635776816296,2021-11-01T10:26:56.296,81.11,-0.000540135094911483,0.003812170717508917,-0.004500494899498407
1635776816306,2021-11-01T10:26:56.306,81.12,-0.0013676758968130616,0.001983016583351947,-0.0036840410674755172
1635776816316,2021-11-01T10:26:56.316,81.13,-0.002741519558041958,-2.326100383452358e-05,-0.002576510170698333
1635776816326,2021-11-01T10:26:56.326,81.14,-0.003551142882395084,-0.0007179250954907313,-0.0021259916165751614
1635776816336,2021-11-01T10:26:56.336,81.15,-0.0033244223012075616,0.00020703363349378528,-0.0016421702692701484
1635776816346,2021-11-01T10:26:56.346,81.16,-0.0022382964960014277,0.001096706548750053,-0.00048695459619572706
1635776816356,2021-11-01T10:26:56.356,81.17,-0.0004839072987485382,0.0013775481733098696,0.0001787494792775497
1635776816366,2021-11-01T10:26:56.366,81.18,0.0014425794939059893,0.002264953496031598,-0.0008674206880235619
1635776816376,2021-11-01T10:26:56.376,81.19,0.0025591388810140034,0.0037537411134579875,-0.002649710421840249
1635776816386,2021-11-01T10:26:56.386,81.2,0.0023776191914379775,0.004563625956065363,-0.0032307837876595883
1635776816396,2021-11-01T10:26:56.396,81.21,0.0016626418326817984,0.004912058511202423,-0.002138513794353407
1635776816406,2021-11-01T10:26:56.406,81.22,0.001657442935539133,0.005418597336837482,-0.00047202315033273835
1635776816416,2021-11-01T10:26:56.416,81.23,0.002573844137232533,0.004609114069437895,0.00056072601322097
1635776816426,2021-11-01T10:26:56.426,81.24,0.00334105445981743,0.0018802980635002288,0.000709085513272786
1635776816436,2021-11-01T10:26:56.436,81.25,0.003192033467537399,0.0005053616423064068,0.0005862483086007561
1635776816446,2021-11-01T10:26:56.446,81.26,0.0027464332967614847,0.0026410207553243096,0.0006252762664413381
1635776816456,2021-11-01T10:26:56.456,81.27,0.002726117592533771,0.004243416194992632,0.0005181711556995359
1635776816466,2021-11-01T10:26:56.466,81.28,0.002413354486101107,0.0005894274883212237,2.2038639590744782e-05
1635776816476,2021-11-01T10:26:56.476,81.29,0.0005927835668829522,-0.00565906798930882,-0.00031250045100935866
1635776816486,2021-11-01T10:26:56.486,81.3,-0.002276223938124112,-0.007451132234435262,0.00011790098192937683
1635776816496,2021-11-01T10:26:56.496,81.31,-0.003929105242337076,-0.0029244588201549175,0.000993659614229613
1635776816506,2021-11-01T10:26:56.506,81.32,-0.0027668782826514057,0.002328934001286955,0.001547940780749186
1635776816516,2021-11-01T10:26:56.516,81.33,-6.760107119447624e-05,0.0022884479317513045,0.001695741828910375
1635776816526,2021-11-01T10:26:56.526,81.34,0.0012176941540407407,-0.0024438525104199665,0.002041481508584473
1635776816536,2021-11-01T10:26:56.536,81.35,0.00016307396809889696,-0.005640811606729407,0.0027260478719590597
1635776816546,2021-11-01T10:26:56.546,81.36,-0.0011763583276118035,-0.00392153693295706,0.002852685082139727
1635776816556,2021-11-01T10:26:56.556,81.37,-0.00110319807833147,-0.0015103956186647038,0.0018237936899292212
1635776816566,2021-11-01T10:26:56.566,81.38,-0.00031934667651638173,-0.002690744580913158,0.0008066175185981275
1635776816576,2021-11-01T10:26:56.576,81.39,-1.613203168815387e-05,-0.003866179446034678,0.001370805906240711
1635776816586,2021-11-01T10:26:56.586,81.4,-0.00036802690425970973,-0.0005303802433809389,0.002948922524919485
1635776816596,2021-11-01T10:26:56.596,81.41,-0.0011323854937056728,0.0029838573888681386,0.0035622588637236104
1635776816606,2021-11-01T10:26:56.606,81.42,-0.001883139590788817,6.810116539783951e-05,0.0028960855219333217
1635776816616,2021-11-01T10:26:56.616,81.43,-0.002123223929745717,-0.006651952483190008,0.002570062263198738
1635776816626,2021-11-01T10:26:56.626,81.44,-0.0019717313704401256,-0.00902888954418794,0.003330465079544335
1635776816636,2021-11-01T10:26:56.636,81.45,-0.0016723334502368242,-0.004760857921169971,0.003983217992930749
1635776816646,2021-11-01T10:26:56.646,81.46,-0.0006284839926918232,0.0012218268424498673,0.0033840111166720914
1635776816656,2021-11-01T10:26:56.656,81.47,0.001584875825418381,0.003891054976760513,0.001924366847518515
1635776816666,2021-11-01T10:26:56.666,81.48,0.0038450917547940442,0.0025070970635763514,0.0007848948346520735
1635776816676,2021-11-01T10:26:56.676,81.49,0.004646623323181104,-0.00045868542664464454,0.0007159176891146112
1635776816686,2021-11-01T10:26:56.686,81.5,0.004073657730804417,-0.0021902947105467336,0.0016804586649036496
1635776816696,2021-11-01T10:26:56.696,81.51,0.003352513455338743,-0.0019950698903419676,0.0030767880490900085
1635776816706,2021-11-01T10:26:56.706,81.52,0.0031271076549032246,-0.001537807740733958,0.004091387675776236
1635776816716,2021-11-01T10:26:56.716,81.53,0.0032899380886204565,-0.001722426640422345,0.004280967361216987
1635776816726,2021-11-01T10:26:56.726,81.54,0.003755546805089185,-0.0009110465353496444,0.004099063841343905
1635776816736,2021-11-01T10:26:56.736,81.55,0.004421327204104464,0.0015504567525034252,0.004177747422539774
1635776816746,2021-11-01T10:26:56.746,81.56,0.0048708591061566945,0.0027296992828640685,0.004118425912609275
1635776816756,2021-11-01T10:26:56.756,81.57,0.004670448708638302,0.00022032402412222,0.0033509835063150325
1635776816766,2021-11-01T10:26:56.766,81.58,0.003847587183006253,-0.003723502175894866,0.002603351217724293
1635776816776,2021-11-01T10:26:56.776,81.59,0.003011440118847175,-0.005394704302317021,0.0026071461554783093
1635776816786,2021-11-01T10:26:56.786,81.6,0.0027901011805761284,-0.004838197498147333,0.002495689682098821
1635776816796,2021-11-01T10:26:56.796,81.61,0.0029655110164850253,-0.004817914290239584,0.0014365832593099426
1635776816806,2021-11-01T10:26:56.806,81.62,0.00277140736518925,-0.0058982965688084915,0.0004481609151246857
1635776816816,2021-11-01T10:26:56.816,81.63,0.0024174086159229422,-0.005459859713244897,0.0009550210561732582
1635776816826,2021-11-01T10:26:56.826,81.64,0.0030384790067759957,-0.002237697241752504,0.0026273103963486352
1635776816836,2021-11-01T10:26:56.836,81.65,0.004406020854795742,0.0005069255633908275,0.003928485640289782
1635776816846,2021-11-01T10:26:56.846,81.66,0.004764780515321164,-0.0006282033545167663,0.00434961208556011
1635776816856,2021-11-01T10:26:56.856,81.67,0.0038381977712578243,-0.0035077543716122003,0.004767046869904293
1635776816866,2021-11-01T10:26:56.866,81.68,0.0031526184124656227,-0.0040631565736179605,0.005373516058049184
1635776816876,2021-11-01T10:26:56.876,81.69,0.0028017965905636623,-0.003375897890911948,0.005132199473407101
1635776816886,2021-11-01T10:26:56.886,81.7,0.0014025497489923966,-0.0050632411998765,0.003989267833594224
1635776816896,2021-11-01T10:26:56.896,81.71,-0.0006204305959983297,-0.00811982668351419,0.003228821390708761
1635776816906,2021-11-01T10:26:56.906,81.72,-0.0013706295413550315,-0.008564388677423552,0.00294680945496017
1635776816916,2021-11-01T10:26:56.916,81.73,-0.0008304506539472853,-0.005869963173207395,0.0017639178227024624
1635776816926,2021-11-01T10:26:56.926,81.74,-0.0007625000672303133,-0.0028205030508094814,-0.0006262342246498829
1635776816936,2021-11-01T10:26:56.936,81.75,-0.00173698449948253,-0.0013989873693454403,-0.0028357050830393506
1635776816946,2021-11-01T10:26:56.946,81.76,-0.002454759156900767,-0.002127664379608711,-0.0036882301565174993
1635776816956,2021-11-01T10:26:56.956,81.77,-0.0016674574787684292,-0.0044382998820088875,-0.0034125958600145392
1635776816966,2021-11-01T10:26:56.966,81.78,0.00041150119418869907,-0.005688518804325114,-0.003130731911262235
1635776816976,2021-11-01T10:26:56.976,81.79,0.0023243669737332538,-0.003739788353533633,-0.0037562443442857316
1635776816986,2021-11-01T10:26:56.986,81.8,0.002562632757290502,-0.0010508996084627174,-0.005231313514777031
1635776816996,2021-11-01T10:26:56.996,81.81,0.0010052528617886883,-0.001279786571164818,-0.006443364251149964
1635776817006,2021-11-01T10:26:57.006,81.82,-0.0007842481174480864,-0.0031387115606447856,-0.006105676853674028
1635776817016,2021-11-01T10:26:57.016,81.83,-0.0012587409220983438,-0.003329447855182914,-0.004400228531085923
1635776817026,2021-11-01T10:26:57.026,81.84,-0.00042541035580739015,-0.002756570022801483,-0.003165141399070693
1635776817036,2021-11-01T10:26:57.036,81.85,0.0009373574472786233,-0.00416122976994148,-0.003375913160345182
1635776817046,2021-11-01T10:26:57.046,81.86,0.0025350335773880375,-0.006652223002831231,-0.003632866629862867
1635776817056,2021-11-01T10:26:57.056,81.87,0.0042098058883130295,-0.007068564567831381,-0.0026224927560879498
1635776817066,2021-11-01T10:26:57.066,81.88,0.005440628874941343,-0.0046406148482503904,-0.00145349791511224
1635776817076,2021-11-01T10:26:57.076,81.89,0.005934084024320218,-0.0016867446644535091,-0.0016368212129924343
1635776817086,2021-11-01T10:26:57.086,81.9,0.006033499902220742,-0.0005997817027228443,-0.0024256884151029542
1635776817096,2021-11-01T10:26:57.096,81.91,0.006248503778049443,-0.0012792551738226223,-0.002463815403821671
1635776817106,2021-11-01T10:26:57.106,81.92,0.006692447030883267,-0.001648866078829935,-0.00240455276135355
1635776817116,2021-11-01T10:26:57.116,81.93,0.0068315553223134255,-0.000501225291876971,-0.0032611424182408277
1635776817126,2021-11-01T10:26:57.126,81.94,0.005842156120824353,0.0005851755582492434,-0.003870120428309643
1635776817136,2021-11-01T10:26:57.136,81.95,0.0038689108330194413,-0.0009750516781265488,-0.0028080612010850737
1635776817146,2021-11-01T10:26:57.146,81.96,0.002447253485889476,-0.004594461908385077,-0.0012186216114075123
1635776817156,2021-11-01T10:26:57.156,81.97,0.002414073198488055,-0.006393154354486813,-0.0009960229068078307
1635776817166,2021-11-01T10:26:57.166,81.98,0.0024164730149575254,-0.005067630489892836,-0.0015135190783988335
1635776817176,2021-11-01T10:26:57.176,81.99,0.0013306551508055116,-0.004184207995870991,-0.0008584175108664787
1635776817186,2021-11-01T10:26:57.186,82.0,0.0005061699291360224,-0.006239427168867622,0.0005525454086550445
1635776817196,2021-11-01T10:26:57.196,82.01,0.0013097061336554416,-0.008784851802908153,0.00041661120753095087
1635776817206,2021-11-01T10:26:57.206,82.02,0.0024874919724000794,-0.008531096872104973,-0.0016110597794427033
1635776817216,2021-11-01T10:26:57.216,82.03,0.0023598567386161817,-0.005942839717517306,-0.0033270989155089795
1635776817226,2021-11-01T10:26:57.226,82.04,0.0014088924102995414,-0.004449304152821352,-0.0033098231245842803
1635776817236,2021-11-01T10:26:57.236,82.05,0.0006259331992425779,-0.005951917341479691,-0.0022217648009164727
1635776817246,2021-11-01T10:26:57.246,82.06,-0.00015876560863539973,-0.00758857993796128,-0.0011895207320461736
1635776817256,2021-11-01T10:26:57.256,82.07,-0.0007697862785533232,-0.005080652010194989,-0.0013335522683137705
1635776817266,2021-11-01T10:26:57.266,82.08,-0.00044534390026878385,0.0003736795942460979,-0.003554814494491037
1635776817276,2021-11-01T10:26:57.276,82.09,0.00017286997663635125,0.0031361023505194533,-0.006494770584563647
1635776817286,2021-11-01T10:26:57.286,82.1,-0.00010848942385931026,0.002138956586013041,-0.007027263148776941
1635776817296,2021-11-01T10:26:57.296,82.11,-0.0006796834259555973,0.0024560226753395933,-0.004911552486836655
1635776817306,2021-11-01T10:26:57.306,82.12,-0.0006819402680051179,0.005646485641836497,-0.0039902131870772255
1635776817316,2021-11-01T10:26:57.316,82.13,-0.0011732655023667736,0.005927078964926427,-0.006566123590191309
1635776817326,2021-11-01T10:26:57.326,82.14,-0.0028260691036788776,6.513478805393494e-05,-0.009524901042464458
1635776817336,2021-11-01T10:26:57.336,82.15,-0.00390666116819399,-0.00557719156733612,-0.008656317143537765
1635776817346,2021-11-01T10:26:57.346,82.16,-0.0030504223523601503,-0.0035342812817545114,-0.004814321892695012
1635776817356,2021-11-01T10:26:57.356,82.17,-0.0016719794817462539,0.0039558521940967,-0.0027830689215147977
1635776817366,2021-11-01T10:26:57.366,82.18,-0.0017649484988553764,0.009054331945376987,-0.004692795631055684
1635776817376,2021-11-01T10:26:57.376,82.19,-0.003064363760442004,0.009933569012371999,-0.007563306187935719
1635776817386,2021-11-01T10:26:57.386,82.2,-0.0038043352160533725,0.010445542676532752,-0.007831553852591128
1635776817396,2021-11-01T10:26:57.396,82.21,-0.003366045290199882,0.010067833975381149,-0.005635734509510031
1635776817406,2021-11-01T10:26:57.406,82.22,-0.0026789419583198165,0.0038629817715336713,-0.0033282606388206604
1635776817416,2021-11-01T10:26:57.416,82.23,-0.0022423622928069075,-0.006806598350990532,-0.0019072111050501101
1635776817426,2021-11-01T10:26:57.426,82.24,-0.0016881506667467093,-0.0128063712713938,-0.0009176291177311728
1635776817436,2021-11-01T10:26:57.436,82.25,-0.0013572215832447299,-0.009302901788087983,-0.00040083204526627657
1635776817446,2021-11-01T10:26:57.446,82.26,-0.0019485905080735921,-0.0024561954457928805,-0.0005617053242883813
1635776817456,2021-11-01T10:26:57.456,82.27,-0.002555624228246047,-0.0005149667006592342,-0.0004884407692031651
1635776817466,2021-11-01T10:26:57.466,82.28,-0.0016188397686636928,-0.003018343415846566,0.0005134035042506126
1635776817476,2021-11-01T10:26:57.476,82.29,0.00020196007580730515,-0.003466759294382492,0.0013899501639739393
1635776817486,2021-11-01T10:26:57.486,82.3,0.0007927176781271758,0.00010747462591980989,0.0011525708697131445
1635776817496,2021-11-01T10:26:57.496,82.31,0.00020782355198381986,0.0029291551496498525,0.0006383739563604669
1635776817506,2021-11-01T10:26:57.506,82.32,0.000680655986023506,0.0009888034381964012,0.0007000164868700203
1635776817516,2021-11-01T10:26:57.516,82.33,0.002828958128000448,-0.004345721953215018,0.0006807354567565759
1635776817526,2021-11-01T10:26:57.526,82.34,0.004634963292027911,-0.008790416516417852,0.00017080730444410795
1635776817536,2021-11-01T10:26:57.536,82.35,0.004561673969767952,-0.008619001334514768,5.895607540475962e-05
1635776817546,2021-11-01T10:26:57.546,82.36,0.0034035117049892767,-0.0036750127841797585,0.0006187933065679845
1635776817556,2021-11-01T10:26:57.556,82.37,0.00259056139727638,0.00066299518472967,0.0005545026763826851
1635776817566,2021-11-01T10:26:57.566,82.38,0.002201462828605681,-0.0010673277317318724,-0.000999948400725933
1635776817576,2021-11-01T10:26:57.576,82.39,0.0014317782664698873,-0.005629606885117269,-0.0029199121088879783
1635776817586,2021-11-01T10:26:57.586,82.4,0.0002334904840644547,-0.0049719142236717565,-0.0034894553665242743
1635776817596,2021-11-01T10:26:57.596,82.41,-0.000557580562443019,0.0005835844907509701,-0.0027188520095319945
1635776817606,2021-11-01T10:26:57.606,82.42,-0.00032845073131846595,0.002783650413803519,-0.0022831071273836673
1635776817616,2021-11-01T10:26:57.616,82.43,0.0008225098315542019,-0.0005228628024698732,-0.00322552113894804
1635776817626,2021-11-01T10:26:57.626,82.44,0.0020959468134211408,-0.0025896858941470815,-0.004785713671112298
1635776817636,2021-11-01T10:26:57.636,82.45,0.0023323346098480134,0.0001281402690351878,-0.00572616816284168
1635776817646,2021-11-01T10:26:57.646,82.46,0.0012698868973081995,0.0029713480063091654,-0.005767007802612316
1635776817656,2021-11-01T10:26:57.656,82.47,0.00016205491182782122,0.00154677352334476,-0.005364377120395112
1635776817666,2021-11-01T10:26:57.666,82.48,0.0001774690997148264,-0.002385003551789512,-0.004896967971097909
1635776817676,2021-11-01T10:26:57.676,82.49,0.0008041868531220611,-0.004907106927666045,-0.004495926654934409
1635776817686,2021-11-01T10:26:57.686,82.5,0.0009138960544185057,-0.004808171631790959,-0.00426461811396682
1635776817696,2021-11-01T10:26:57.696,82.51,0.0006638571730672176,-0.003345828711760369,-0.004207702428480149
1635776817706,2021-11-01T10:26:57.706,82.52,0.000971422549210732,-0.0019645058256441417,-0.004019168645313292
1635776817716,2021-11-01T10:26:57.716,82.53,0.0018315517448799646,-0.0011671166891244816,-0.0033534655771375516
1635776817726,2021-11-01T10:26:57.726,82.54,0.002579746935195903,-0.0009410765426968034,-0.00221955768436243
1635776817736,2021-11-01T10:26:57.736,82.55,0.0029292416492625673,-0.0014488904241173849,-0.0008381272973820022
1635776817746,2021-11-01T10:26:57.746,82.56,0.002694819302951798,-0.0021106952203535064,0.00039428123266767003
1635776817756,2021-11-01T10:26:57.756,82.57,0.001866827651485162,-0.0008745087761487789,0.0007301284080648207
1635776817766,2021-11-01T10:26:57.766,82.58,0.0015880392326446302,0.0028762543501594656,-6.446139108374927e-05
1635776817776,2021-11-01T10:26:57.776,82.59,0.0031856631309151234,0.0054017257922608615,-0.0007810782725039304
1635776817786,2021-11-01T10:26:57.786,82.6,0.005815245264585057,0.0024402014218828753,-0.0001677907657918257
1635776817796,2021-11-01T10:26:57.796,82.61,0.007024527441358764,-0.00387666175729936,0.0011015599199893438
1635776817806,2021-11-01T10:26:57.806,82.62,0.0058141542134312,-0.0061298554912112835,0.0014567101141804311
1635776817816,2021-11-01T10:26:57.816,82.63,0.003499202644127439,-0.0010069738063455996,0.0008286279084144262
1635776817826,2021-11-01T10:26:57.826,82.64,0.0018604595520525277,0.0062357832495478485,0.0004948735735904493
1635776817836,2021-11-01T10:26:57.836,82.65,0.0015811105285807214,0.008800373236370375,0.000969606353557635
1635776817846,2021-11-01T10:26:57.846,82.66,0.001755428987980407,0.006241917823937589,0.0010797083329853595
1635776817856,2021-11-01T10:26:57.856,82.67,0.0005343349138260307,0.0025916120051424955,-0.0005795842147476345
1635776817866,2021-11-01T10:26:57.866,82.68,-0.0025509976435809678,-0.00022953788853998398,-0.0033744208180318492
1635776817876,2021-11-01T10:26:57.876,82.69,-0.005419708993643803,-0.0031101246093317965,-0.004855514452789463
1635776817886,2021-11-01T10:26:57.886,82.7,-0.006406966716312151,-0.004941345364399841,-0.0038535347887532455
1635776817896,2021-11-01T10:26:57.896,82.71,-0.006785984012303039,-0.0019925833875285206,-0.0019421732426585132
1635776817906,2021-11-01T10:26:57.906,82.72,-0.007775153454059575,0.00543290265644887,-0.0011621618009275466
1635776817916,2021-11-01T10:26:57.916,82.73,-0.007794077036262304,0.010004770253589751,-0.0015807011953017428
1635776817926,2021-11-01T10:26:57.926,82.74,-0.005733616160519818,0.0062556010336445745,-0.0014848110953093975
1635776817936,2021-11-01T10:26:57.936,82.75,-0.0036354083073169823,-0.0008579712738784953,0.0004905549350083875
1635776817946,2021-11-01T10:26:57.946,82.76,-0.00341475068985987,-0.0029868143207596514,0.0033583829706943604
1635776817956,2021-11-01T10:26:57.956,82.77,-0.00396494747277735,-0.0008605965834095671,0.004715788615775396
1635776817966,2021-11-01T10:26:57.966,82.78,-0.003347610403483328,-0.0011525410557092738,0.004261991491086671
1635776817976,2021-11-01T10:26:57.976,82.79,-0.001613909696207996,-0.0033765808380914306,0.004180098935541186
1635776817986,2021-11-01T10:26:57.986,82.8,-0.0003057670746826523,-0.0007300468083161702,0.005060496886547434
1635776817996,2021-11-01T10:26:57.996,82.81,-0.0003740286611708787,0.006299275211742033,0.004824260597864525
1635776818006,2021-11-01T10:26:58.006,82.82,-0.0013132231135935223,0.008554646876262987,0.002918886777704648
1635776818016,2021-11-01T10:26:58.016,82.83,-0.0018639198789185058,0.0026441253485101545,0.0016527321287100483
1635776818026,2021-11-01T10:26:58.026,82.84,-0.0011046868619136035,-0.0032287109523942525,0.0020779923522573802
1635776818036,2021-11-01T10:26:58.036,82.85,0.0005854150411238121,-0.0018240499799368065,0.002361538950959363
1635776818046,2021-11-01T10:26:58.046,82.86,0.0012584222560116085,0.0028286717837350023,0.0014873380029527476
1635776818056,2021-11-01T10:26:58.056,82.87,-0.0004575148518130009,0.003123216570287881,0.0012250377983398122
1635776818066,2021-11-01T10:26:58.066,82.88,-0.002631202910069781,-0.00028013696757374774,0.0027498218214522647
1635776818076,2021-11-01T10:26:58.076,82.89,-0.0021300493348768972,-0.0012308705969212446,0.0037756886341450235
1635776818086,2021-11-01T10:26:58.086,82.9,0.0005241748392633924,0.001300805008740211,0.0016111096348980138
1635776818096,2021-11-01T10:26:58.096,82.91,0.0020024033392664394,0.0032147001330833512,-0.002091811507552459
1635776818106,2021-11-01T10:26:58.106,82.92,0.0013520282098321737,0.003578298498846481,-0.002836169819388812
1635776818116,2021-11-01T10:26:58.116,82.93,0.00029608022038983626,0.004895904529812851,0.0004223941216385755
1635776818126,2021-11-01T10:26:58.126,82.94,-0.000594076684131648,0.006734754033566725,0.0037886155409205717
1635776818136,2021-11-01T10:26:58.136,82.95,-0.0018695735936591837,0.006879704478238942,0.0041117324812684425
1635776818146,2021-11-01T10:26:58.146,82.96,-0.002667799911959234,0.006730261836196035,0.0028635849537198606
1635776818156,2021-11-01T10:26:58.156,82.97,-0.0020881126812473515,0.008164224939368456,0.0026875942424725695
1635776818166,2021-11-01T10:26:58.166,82.98,-0.0015844129672781884,0.008369884849360808,0.003319100889697859
1635776818176,2021-11-01T10:26:58.176,82.99,-0.0027114297193286934,0.004808790139182079,0.0034016054887757064
1635776818186,2021-11-01T10:26:58.186,83.0,-0.004188349541769435,0.0007935336847778433,0.003387397372123588
1635776818196,2021-11-01T10:26:58.196,83.01,-0.00381920631927424,-2.5255285413727227e-05,0.0038960513053300397
1635776818206,2021-11-01T10:26:58.206,83.02,-0.0019182232116304436,0.0006662402647524645,0.003973467514686501
1635776818216,2021-11-01T10:26:58.216,83.03,-0.0008083435710360651,0.0004789456865681623,0.0033615609814274996
1635776818226,2021-11-01T10:26:58.226,83.04,-0.0015016689429230051,0.0010729691387859155,0.0035535696141794832
1635776818236,2021-11-01T10:26:58.236,83.05,-0.0025416621454778894,0.0044973115293352375,0.00474426373055844
1635776818246,2021-11-01T10:26:58.246,83.06,-0.002502733559141924,0.008860949205700318,0.005010573890957319
1635776818256,2021-11-01T10:26:58.256,83.07,-0.0019941972674695873,0.01034797728051488,0.003973326430199737
1635776818266,2021-11-01T10:26:58.266,83.08,-0.0020679892171363147,0.007600052195797284,0.0037143424322489344
1635776818276,2021-11-01T10:26:58.276,83.09,-0.0022744243536132187,0.0027759163333028443,0.0048233820589708935
1635776818286,2021-11-01T10:26:58.286,83.1,-0.0017974418196621382,-0.0010160194347674282,0.0052677559058223085
1635776818296,2021-11-01T10:26:58.296,83.11,-0.0010362581198905966,-0.0025901965762284178,0.004380841679632778
1635776818306,2021-11-01T10:26:58.306,83.12,-0.0006093762288691784,-0.0026095897007233563,0.00420315037834508
1635776818316,2021-11-01T10:26:58.316,83.13,-0.00021232244205110802,-0.0015855691415720863,0.005538951828275348
1635776818326,2021-11-01T10:26:58.326,83.14,0.00037746733070074325,-0.00011909158441842277,0.006174227533527301
1635776818336,2021-11-01T10:26:58.336,83.15,0.0005981568583417424,-9.92208852022261e-06,0.004618811366419352
1635776818346,2021-11-01T10:26:58.346,83.16,0.00021554709642423672,-0.0017003943607833455,0.0028628601932141643
1635776818356,2021-11-01T10:26:58.356,83.17,-0.00012355871870848765,-0.002355754795698783,0.0034077155621086578
1635776818366,2021-11-01T10:26:58.366,83.18,6.113547599169418e-05,-6.905089410402554e-05,0.005408562279992649
1635776818376,2021-11-01T10:26:58.376,83.19,0.00036183038230607574,0.002902716481447571,0.006286421052189165
1635776818386,2021-11-01T10:26:58.386,83.2,0.00011109581669354585,0.004117706443136422,0.005837018533101496
1635776818396,2021-11-01T10:26:58.396,83.21,-0.0006217400062986695,0.004243663237551402,0.005598110359169893
1635776818406,2021-11-01T10:26:58.406,83.22,-0.0009340979714070074,0.0041514104867095385,0.005415888971945816
1635776818416,2021-11-01T10:26:58.416,83.23,-0.0002696068093835913,0.0030604597902256885,0.0042141859534224006
1635776818426,2021-11-01T10:26:58.426,83.24,0.0006058206754412308,0.0010638744932842492,0.0027632386637344154
1635776818436,2021-11-01T10:26:58.436,83.25,0.0005326867935061751,-0.00036592508143499304,0.0022627569582146746
1635776818446,2021-11-01T10:26:58.446,83.26,-0.0005159277708595031,-0.000828228919558827,0.0019768897456606234
1635776818456,2021-11-01T10:26:58.456,83.27,-0.001553140771651751,-0.0008569380747399319,0.001167155908949424
1635776818466,2021-11-01T10:26:58.466,83.28,-0.001815758344834155,-0.000128096396626846,0.0010314269815912293
1635776818476,2021-11-01T10:26:58.476,83.29,-0.0014190118994942397,0.0014234986096214677,0.002362202807926165
1635776818486,2021-11-01T10:26:58.486,83.3,-0.0008046260450858115,0.0022002145629541644,0.003715563905663321
1635776818496,2021-11-01T10:26:58.496,83.31,8.207260333539816e-05,0.0013015865025970226,0.003579218197486
1635776818506,2021-11-01T10:26:58.506,83.32,0.001205858323443056,0.0004708324075500535,0.0023652173148083835
1635776818516,2021-11-01T10:26:58.516,83.33,0.0016292866694305787,0.0013329652774521248,0.0014202194970823101
1635776818526,2021-11-01T10:26:58.526,83.34,0.0009173232852761584,0.0029399998605476397,0.0014762863089453082
1635776818536,2021-11-01T10:26:58.536,83.35,0.00023131918057917126,0.004031658672910554,0.0022356009523733468
1635776818546,2021-11-01T10:26:58.546,83.36,0.0003235928674338531,0.005035303349138794,0.0025883702164951512
1635776818556,2021-11-01T10:26:58.556,83.37,0.00038227908869069695,0.00613486722111483,0.001658724770506051
1635776818566,2021-11-01T10:26:58.566,83.38,0.00022339870436272234,0.006009953436893082,0.00018268563972868293
1635776818576,2021-11-01T10:26:58.576,83.39,0.000978882918538892,0.004129161081654531,-0.00016273361087314246
1635776818586,2021-11-01T10:26:58.586,83.4,0.002354557071012278,0.0023478396407217725,0.0007892510796227597
1635776818596,2021-11-01T10:26:58.596,83.41,0.0019070630543626074,0.002331796734175684,0.0013849371518961403
1635776818606,2021-11-01T10:26:58.606,83.42,-0.0013775076953712728,0.0025400205472707487,0.0007746481877481515
1635776818616,2021-11-01T10:26:58.616,83.43,-0.004748877583399353,0.0006372168447801507,0.00019285398704100057
1635776818626,2021-11-01T10:26:58.626,83.44,-0.00482571112625185,-0.0015599098857417694,0.0007563932192813042
1635776818636,2021-11-01T10:26:58.636,83.45,-0.0019623366243042813,-7.529792833290008e-05,0.00157834817188858
1635776818646,2021-11-01T10:26:58.646,83.46,0.0005589198287164013,0.0039638067439726095,0.0014581681654824308
1635776818656,2021-11-01T10:26:58.656,83.47,0.0009225260226277636,0.005086078933839403,0.000942868502808375
1635776818666,2021-11-01T10:26:58.666,83.48,2.4367087670551963e-05,0.0024770696907454866,0.0010928541794148555
1635776818676,2021-11-01T10:26:58.676,83.49,-0.0010614522166061831,0.0012309701062972074,0.001764012128698075
1635776818686,2021-11-01T10:26:58.686,83.5,-0.002319725252401223,0.003231808246455161,0.002381261486697983
1635776818696,2021-11-01T10:26:58.696,83.51,-0.0035665549606343975,0.004339495538977882,0.0027874315246755824
1635776818706,2021-11-01T10:26:58.706,83.52,-0.00391521848318239,0.002557766603716609,0.002854516462315484
1635776818716,2021-11-01T10:26:58.716,83.53,-0.0030122520823329443,0.001435659591317222,0.0026411911460029773
1635776818726,2021-11-01T10:26:58.726,83.54,-0.002052122145154412,0.00291732779116866,0.0024959706980863857
1635776818736,2021-11-01T10:26:58.736,83.55,-0.0025633014397360597,0.0037687286884328965,0.00226553471040232
1635776818746,2021-11-01T10:26:58.746,83.56,-0.003992284092621105,0.001852641651980496,0.001693189298492733
1635776818756,2021-11-01T10:26:58.756,83.57,-0.004006787780446566,0.00011668839841945622,0.0015090181356787954
1635776818766,2021-11-01T10:26:58.766,83.58,-0.0018350371223362413,0.0013225134158109755,0.002163084748058115
1635776818776,2021-11-01T10:26:58.776,83.59,0.0006320245790004744,0.0030854815393430166,0.002459193391601249
1635776818786,2021-11-01T10:26:58.786,83.6,0.0015983712382000234,0.0017437235193702918,0.0016331563129493992
1635776818796,2021-11-01T10:26:58.796,83.61,0.001195195990623107,-0.0012636020659954233,0.0008063240230410705
1635776818806,2021-11-01T10:26:58.806,83.62,0.0003840335445780337,-0.0013225207888149853,0.0007098444979622481
1635776818816,2021-11-01T10:26:58.816,83.63,-0.00041713668117907227,0.0018943321948646033,0.0008900012990468121
1635776818826,2021-11-01T10:26:58.826,83.64,-0.0015718797926535895,0.004336388686064091,0.0015221217105705462
1635776818836,2021-11-01T10:26:58.836,83.65,-0.0033522028420372666,0.004917173607162226,0.0025785349670657933
1635776818846,2021-11-01T10:26:58.846,83.66,-0.004867943013578697,0.006343744468100051,0.0024163150829109754
1635776818856,2021-11-01T10:26:58.856,83.67,-0.005043104089607638,0.008208708502036192,0.0003681738886173746
1635776818866,2021-11-01T10:26:58.866,83.68,-0.004478802837028459,0.006723450056271725,-0.0015454323693892933
1635776818876,2021-11-01T10:26:58.876,83.69,-0.004596218609467942,0.002241470039404586,-0.00162138123729037
1635776818886,2021-11-01T10:26:58.886,83.7,-0.005656345582851009,-0.00034947431179382975,-0.0005685536150387666
1635776818896,2021-11-01T10:26:58.896,83.71,-0.0069868269178280755,0.0006626199105972067,0.0003636754216138171
1635776818906,2021-11-01T10:26:58.906,83.72,-0.007761786980815248,0.0028751893857036376,0.0009180153510460916
1635776818916,2021-11-01T10:26:58.916,83.73,-0.007179684491395664,0.005599136235628392,0.0010695149475881442
1635776818926,2021-11-01T10:26:58.926,83.74,-0.005653467155467799,0.008835971675179115,0.0007134998768938017
1635776818936,2021-11-01T10:26:58.936,83.75,-0.004973367166534268,0.009048154088707603,0.0004840946477549278
1635776818946,2021-11-01T10:26:58.946,83.76,-0.005478307350957324,0.004302759526836796,0.0011501003410544783
1635776818956,2021-11-01T10:26:58.956,83.77,-0.005053600996604295,-0.0004032419575606944,0.00198136964118315
1635776818966,2021-11-01T10:26:58.966,83.78,-0.002665701377519303,-0.0006712216998617706,0.0016910642594237177
1635776818976,2021-11-01T10:26:58.976,83.79,-0.00032419951269847504,0.00029282920979981796,0.0007819758676848381
1635776818986,2021-11-01T10:26:58.986,83.8,-6.245702595127713e-06,-0.0010092536258412943,0.00065704620818647
1635776818996,2021-11-01T10:26:58.996,83.81,-0.0011454974426229232,-0.0013588544093187714,0.0011172597505816316
1635776819006,2021-11-01T10:26:59.006,83.82,-0.002326323324868665,0.0024074826805192367,0.0010365473729774912
1635776819016,2021-11-01T10:26:59.016,83.83,-0.0031550279966665257,0.006708766197093289,0.0006013041663524969
1635776819026,2021-11-01T10:26:59.026,83.84,-0.0034682428784044432,0.007109551911925372,0.0008975935022207018
1635776819036,2021-11-01T10:26:59.036,83.85,-0.0027786366637519338,0.004843760366431455,0.0017888017334641126
1635776819046,2021-11-01T10:26:59.046,83.86,-0.0014271499167117516,0.0027103786981189197,0.001693846533497884
1635776819056,2021-11-01T10:26:59.056,83.87,-0.00046481499276433897,-8.773949415636048e-05,-4.071596896797132e-05
1635776819066,2021-11-01T10:26:59.066,83.88,5.929334289268212e-05,-0.004521260346067261,-0.0015426322005648637
1635776819076,2021-11-01T10:26:59.076,83.89,0.0008719971085341189,-0.007596903316390676,-0.0009731707547685687
1635776819086,2021-11-01T10:26:59.086,83.9,0.0017241978405849899,-0.006037660360538605,0.0001360249895072211
1635776819096,2021-11-01T10:26:59.096,83.91,0.0017990922581319147,-0.0013254495678504672,-0.0008202624706253171
1635776819106,2021-11-01T10:26:59.106,83.92,0.0013905580316569588,0.0022924103997335227,-0.002830117861327729
1635776819116,2021-11-01T10:26:59.116,83.93,0.0014340395725976965,0.002864640184242756,-0.0027261929229801096
1635776819126,2021-11-01T10:26:59.126,83.94,0.0018538066154248727,0.0013037384315331257,-0.0004696759716772515
1635776819136,2021-11-01T10:26:59.136,83.95,0.0018345777319980652,-0.0010364389159016453,0.0007872983286741496
1635776819146,2021-11-01T10:26:59.146,83.96,0.001450109895224626,-0.0026806278418993945,-0.00036287163449980357
1635776819156,2021-11-01T10:26:59.156,83.97,0.0016917566345233126,-0.0019483317720381138,-0.0017679939538468082
1635776819166,2021-11-01T10:26:59.166,83.98,0.002816874875289876,0.0006245517453960592,-0.0015345772832601292
1635776819176,2021-11-01T10:26:59.176,83.99,0.003762532436092961,0.0018304326755498102,-0.0008556460378176356
1635776819186,2021-11-01T10:26:59.186,84.0,0.0034872206288035596,0.00010181262117799311,-0.0013160228535522762
1635776819196,2021-11-01T10:26:59.196,84.01,0.002251628892510873,-0.0023417343814175805,-0.002072561997427087
1635776819206,2021-11-01T10:26:59.206,84.02,0.001214446493562058,-0.003318809525966553,-0.0019211080456754894
1635776819216,2021-11-01T10:26:59.216,84.03,0.0010398957372958154,-0.003355430314076379,-0.0015677793798824732
1635776819226,2021-11-01T10:26:59.226,84.04,0.0014114209234739913,-0.0032774877804889885,-0.0019019977618952603
1635776819236,2021-11-01T10:26:59.236,84.05,0.0017541656030825783,-0.0025961217321385233,-0.0024206462453025645
1635776819246,2021-11-01T10:26:59.246,84.06,0.001729202819093952,-0.001459910196489366,-0.002529730272960582
1635776819256,2021-11-01T10:26:59.256,84.07,0.0012014494890983862,-0.0011776506150621704,-0.002303760388350126
1635776819266,2021-11-01T10:26:59.266,84.08,0.00041883222649774705,-0.0017898984841504789,-0.0017470454498274969
1635776819276,2021-11-01T10:26:59.276,84.09,4.557173523337088e-05,-0.0018630572409796759,-0.0010637512553898698
1635776819286,2021-11-01T10:26:59.286,84.1,0.0005703301609646307,-0.001418984396732058,-0.0010136265923022638
1635776819296,2021-11-01T10:26:59.296,84.11,0.0017833445057472506,-0.002146042838458847,-0.0015458665874294771
1635776819306,2021-11-01T10:26:59.306,84.12,0.0029545572716654298,-0.004108661913572894,-0.0013287176759001012
1635776819316,2021-11-01T10:26:59.316,84.13,0.003319892909100058,-0.005228359731203745,8.96741044727071e-05
1635776819326,2021-11-01T10:26:59.326,84.14,0.0025124116429590935,-0.004388331546064419,0.0011288971339041569
1635776819336,2021-11-01T10:26:59.336,84.15,0.0011473521273900106,-0.0024339356368138472,0.0003714855043899093
1635776819346,2021-11-01T10:26:59.346,84.16,0.0006733872758896265,-0.00047443174058484745,-0.0013768628339435982
1635776819356,2021-11-01T10:26:59.356,84.17,0.0015590582223339992,0.0005057115061466233,-0.0022755889444622404
1635776819366,2021-11-01T10:26:59.366,84.18,0.0023810375510265186,-0.00028600337286329016,-0.0017850969758823683
1635776819376,2021-11-01T10:26:59.376,84.19,0.002058118278757174,-0.0016198066081676058,-0.0009214484281828647
1635776819386,2021-11-01T10:26:59.386,84.2,0.0015414972196421237,-0.0008649760947833291,-0.000772705705863018
1635776819396,2021-11-01T10:26:59.396,84.21,0.0018452351322784904,0.0015480204716282712,-0.0014913593057072686
1635776819406,2021-11-01T10:26:59.406,84.22,0.0022735790340180895,0.0018750039516259932,-0.0023627651372867954
1635776819416,2021-11-01T10:26:59.416,84.23,0.001883655480878306,-0.0005055677006380206,-0.0026113152704445967
1635776819426,2021-11-01T10:26:59.426,84.24,0.0009779836712442479,-0.001109252477276185,-0.0024972881052951505
1635776819436,2021-11-01T10:26:59.436,84.25,0.000278727568234927,0.0021495836837226415,-0.002954421727229978
1635776819446,2021-11-01T10:26:59.446,84.26,-0.00019143072332806663,0.004430204915840809,-0.0037940529016928255
1635776819456,2021-11-01T10:26:59.456,84.27,-0.0009637533478875527,0.0006649679723302124,-0.003878455047538213
1635776819466,2021-11-01T10:26:59.466,84.28,-0.002319126940249339,-0.007311308113410455,-0.0031928457248429124
1635776819476,2021-11-01T10:26:59.476,84.29,-0.0035466364847431845,-0.013266469889360808,-0.0027965801900840335
1635776819486,2021-11-01T10:26:59.486,84.3,-0.003143344419636965,-0.013045234012426942,-0.0032369698079286967
1635776819496,2021-11-01T10:26:59.496,84.31,-0.0006036081618924511,-0.007690157646982283,-0.004623979477235277
1635776819506,2021-11-01T10:26:59.506,84.32,0.0022153837984938904,-0.002931398968476399,-0.006690045732764599
1635776819516,2021-11-01T10:26:59.516,84.33,0.003045367328521346,-0.004020754663744788,-0.007623963156705886
1635776819526,2021-11-01T10:26:59.526,84.34,0.0025247237544383993,-0.008418837034003873,-0.005708339871932058
1635776819536,2021-11-01T10:26:59.536,84.35,0.0033960847863644464,-0.008029978149684161,-0.002935200509779806
1635776819546,2021-11-01T10:26:59.546,84.36,0.0059871632161434705,-0.0015296782502410402,-0.0028110420992449796
1635776819556,2021-11-01T10:26:59.556,84.37,0.0074143992779678505,0.0029876349745715527,-0.004205180526381308
1635776819566,2021-11-01T10:26:59.566,84.38,0.006314013504121588,0.0009670577468035976,-0.003097575705845091
1635776819576,2021-11-01T10:26:59.576,84.39,0.0049477292030585705,-0.0025522183614001877,-0.000309405890398887
1635776819586,2021-11-01T10:26:59.586,84.4,0.005044488703111019,-0.003121436887582949,-0.00030147858661568977
1635776819596,2021-11-01T10:26:59.596,84.41,0.005100285234227382,-0.0031557729338370123,-0.002763128106547741
1635776819606,2021-11-01T10:26:59.606,84.42,0.0038554273991212177,-0.0055033430623970805,-0.003229927423824782
1635776819616,2021-11-01T10:26:59.616,84.43,0.003098969844465432,-0.008735140942061417,-0.0010850511350621761
1635776819626,2021-11-01T10:26:59.626,84.44,0.004434860206259288,-0.009804817571308331,0.000369581388579338
1635776819636,2021-11-01T10:26:59.636,84.45,0.006105772712176885,-0.007165972087426554,-2.1275260658710045e-05
1635776819646,2021-11-01T10:26:59.646,84.46,0.005833372924100123,-0.0022592110872807327,-0.000931023478897086
1635776819656,2021-11-01T10:26:59.656,84.47,0.00443981460347039,0.0011708187911605575,-0.0015678342017374565
1635776819666,2021-11-01T10:26:59.666,84.48,0.003984919198944317,0.001014515207081961,-0.0014850167124299228
1635776819676,2021-11-01T10:26:59.676,84.49,0.004372020675878725,-0.0012237162176710254,-0.0005681463588557349
1635776819686,2021-11-01T10:26:59.686,84.5,0.0042590288509422305,-0.00358281459783586,-0.00019682317447591911
1635776819696,2021-11-01T10:26:59.696,84.51,0.0037182219715167905,-0.005789687247897203,-0.0012726489084503114
1635776819706,2021-11-01T10:26:59.706,84.52,0.0038303493998063497,-0.0072917964282598275,-0.002277689259087035
1635776819716,2021-11-01T10:26:59.716,84.53,0.004575555427770947,-0.006740955735437057,-0.0019924721509570384
1635776819726,2021-11-01T10:26:59.726,84.54,0.004742780245602624,-0.004373514291410219,-0.001680756163973932
1635776819736,2021-11-01T10:26:59.736,84.55,0.0037132604266602604,-0.0019343653420813563,-0.002370999061665047
1635776819746,2021-11-01T10:26:59.746,84.56,0.00226316102678333,-0.00028392538882074023,-0.002750874273114482
1635776819756,2021-11-01T10:26:59.756,84.57,0.0011808578779037514,0.0004103472644247687,-0.0017557881853399152
1635776819766,2021-11-01T10:26:59.766,84.58,8.923250304761576e-05,-0.000647956892160918,-0.0007899275079944096
1635776819776,2021-11-01T10:26:59.776,84.59,-0.001288925460223106,-0.0036501549227925586,-0.0014130493806732442
1635776819786,2021-11-01T10:26:59.786,84.6,-0.0018967526369122972,-0.007002724858846452,-0.002803023249645227
1635776819796,2021-11-01T10:26:59.796,84.61,-0.0008132777118312691,-0.008618192470932652,-0.0032303804101725536
1635776819806,2021-11-01T10:26:59.806,84.62,0.0012461973435984803,-0.007538777597524601,-0.002402596097315916
1635776819816,2021-11-01T10:26:59.816,84.63,0.00294356526945097,-0.004888092215358613,-0.0013414421764547024
1635776819826,2021-11-01T10:26:59.826,84.64,0.0036101045763898606,-0.0033708619374132787,-0.0012813146475975984
1635776819836,2021-11-01T10:26:59.836,84.65,0.003218431294956979,-0.004125009721246045,-0.0025662501729334973
1635776819846,2021-11-01T10:26:59.846,84.66,0.0023489028886844324,-0.005285206005082256,-0.0037247898178814545
1635776819856,2021-11-01T10:26:59.856,84.67,0.001925849361959857,-0.005594874037806796,-0.002964650792046553
1635776819866,2021-11-01T10:26:59.866,84.68,0.0019813983481368072,-0.0063639306670939585,-0.0010911761296005355
1635776819876,2021-11-01T10:26:59.876,84.69,0.0015972435618162126,-0.007748344857979192,-0.0008249442975599454
1635776819886,2021-11-01T10:26:59.886,84.7,0.0006883000665923854,-0.007369037925605835,-0.002847264230270389
1635776819896,2021-11-01T10:26:59.896,84.71,0.0003688931709530943,-0.004833830124074489,-0.004786269148501377
1635776819906,2021-11-01T10:26:59.906,84.72,0.001191154233894224,-0.0030872537774037792,-0.004657065902815734
1635776819916,2021-11-01T10:26:59.916,84.73,0.0023815172548028586,-0.0032387196822896646,-0.0032706103838941016
1635776819926,2021-11-01T10:26:59.926,84.74,0.0029562613058734715,-0.0025644410969929074,-0.002433418910768801
1635776819936,2021-11-01T10:26:59.936,84.75,0.002860635650330542,0.00015713044060187455,-0.0025847488498868827
1635776819946,2021-11-01T10:26:59.946,84.76,0.002839792783997792,0.0014730430964988604,-0.0032019152895690108
1635776819956,2021-11-01T10:26:59.956,84.77,0.003293466430453134,-0.001486241344578629,-0.003909718676595008
1635776819966,2021-11-01T10:26:59.966,84.78,0.003843138425020745,-0.005635164098640587,-0.004282104351264662
1635776819976,2021-11-01T10:26:59.976,84.79,0.004174203311468288,-0.005963546082672414,-0.003740940334531888
1635776819986,2021-11-01T10:26:59.986,84.8,0.004216398923472118,-0.0029816968234637085,-0.002205315183302801
1635776819996,2021-11-01T10:26:59.996,84.81,0.0036037382794852618,-0.0012006718199637336,-0.0005158929174533639
1635776820006,2021-11-01T10:27:00.006,84.82,0.0024191039961331037,-0.001861799535102689,-8.982762469354194e-05
1635776820016,2021-11-01T10:27:00.016,84.83,0.0017945246575043206,-0.002742260292929922,-0.0014232262503522262
1635776820026,2021-11-01T10:27:00.026,84.84,0.0021807849277280075,-0.003305579802711172,-0.002950906431734882
1635776820036,2021-11-01T10:27:00.036,84.85,0.0024091680574229593,-0.004431971267704703,-0.0029973881224690377
1635776820046,2021-11-01T10:27:00.046,84.86,0.001901540825169491,-0.005046261512773361,-0.002377652720673024
1635776820056,2021-11-01T10:27:00.056,84.87,0.0017019600560687818,-0.003800106600054129,-0.0028162668808260887
1635776820066,2021-11-01T10:27:00.066,84.88,0.0021925124320928127,-0.0020836492070306044,-0.003956172058516427
1635776820076,2021-11-01T10:27:00.076,84.89,0.002118686500287724,-0.001763067619415051,-0.004560491370633058
1635776820086,2021-11-01T10:27:00.086,84.9,0.0005462347343708929,-0.0019559948840226077,-0.004985149749040506
1635776820096,2021-11-01T10:27:00.096,84.91,-0.001890765318540607,-0.0008698963164936718,-0.005559387105563567
1635776820106,2021-11-01T10:27:00.106,84.92,-0.003542823730199665,0.000958107983710946,-0.004556112833625513
1635776820116,2021-11-01T10:27:00.116,84.93,-0.0029135156641460092,0.0015966218316519573,-0.00122459898558812
1635776820126,2021-11-01T10:27:00.126,84.94,-0.0004118696944955084,0.0006686764153491126,0.001309722537503186
1635776820136,2021-11-01T10:27:00.136,84.95,0.001258698661914854,-0.0003188606859621902,0.00016630601693911305
1635776820146,2021-11-01T10:27:00.146,84.96,0.0003631710453633392,-2.8013023541306367e-05,-0.002429218195680929
1635776820156,2021-11-01T10:27:00.156,84.97,-0.0011525956048903726,0.0012224621328813703,-0.002389635046972365
1635776820166,2021-11-01T10:27:00.166,84.98,-0.0008279479504944413,0.002014651475129552,0.00024608743704887775
1635776820176,2021-11-01T10:27:00.176,84.99,5.783138105947591e-05,0.0015802203783921382,0.00198405602317762
1635776820186,2021-11-01T10:27:00.186,85.0,-0.001139368110914866,0.0005552896338288928,0.0009073333893867635
1635776820196,2021-11-01T10:27:00.196,85.01,-0.0036108318703274096,6.012754336952056e-06,-0.0013544826083693078
1635776820206,2021-11-01T10:27:00.206,85.02,-0.004578090090122597,0.00028925657005615327,-0.0020905056628766393
1635776820216,2021-11-01T10:27:00.216,85.03,-0.003916388370219575,0.0007551891393663166,-0.0009173196802537356
1635776820226,2021-11-01T10:27:00.226,85.04,-0.003498874264388638,0.0002474038211625579,-0.00018754116394255213
1635776820236,2021-11-01T10:27:00.236,85.05,-0.0035550955980366197,-0.001336683717706776,-0.001465754772013952
1635776820246,2021-11-01T10:27:00.246,85.06,-0.0030558381591210748,-0.0019910778685470155,-0.002926399668537605
1635776820256,2021-11-01T10:27:00.256,85.07,-0.002171776132160694,6.1627188274895e-05,-0.002233945184911882
1635776820266,2021-11-01T10:27:00.266,85.08,-0.0017541117126210729,0.002974414793481792,-0.00030767932073949333
1635776820276,2021-11-01T10:27:00.276,85.09,-0.0017579549266742247,0.0032907684601640678,0.0006143616745207643
1635776820286,2021-11-01T10:27:00.286,85.1,-0.0017254826536028476,0.0018307977132947678,0.000646508945034449
1635776820296,2021-11-01T10:27:00.296,85.11,-0.0016643494417532502,0.0029815804092808004,0.0008927394185619799
1635776820306,2021-11-01T10:27:00.306,85.12,-0.001754819686103518,0.0065605892045092025,0.0007400126112601187
1635776820316,2021-11-01T10:27:00.316,85.13,-0.0019169666313367775,0.006521875979386263,-0.0003895999653446323
1635776820326,2021-11-01T10:27:00.326,85.14,-0.0018470926396952363,0.0007798791341399049,-0.000918476472938326
1635776820336,2021-11-01T10:27:00.336,85.15,-0.0013341143016438095,-0.004468367661826554,0.00038764803944233757
1635776820346,2021-11-01T10:27:00.346,85.16,-0.0007314499642302116,-0.0036653838744297377,0.0019873820326298756
1635776820356,2021-11-01T10:27:00.356,85.17,-0.0008754234498648521,0.0015074951216588813,0.0021041551755026444
1635776820366,2021-11-01T10:27:00.366,85.18,-0.002040134216381724,0.006721695191215648,0.0015153773722640564
1635776820376,2021-11-01T10:27:00.376,85.19,-0.003315212280415425,0.009662641932177888,0.001645665943412815
1635776820386,2021-11-01T10:27:00.386,85.2,-0.0036104267702336723,0.009085957572448539,0.0020657544966408772
1635776820396,2021-11-01T10:27:00.396,85.21,-0.0028643053518264535,0.005023147361352404,0.0017659651001784974
1635776820406,2021-11-01T10:27:00.406,85.22,-0.0018249121800717396,0.0002940335942492239,0.000929578058141734
1635776820416,2021-11-01T10:27:00.416,85.23,-0.0012339697919136732,-0.002082009523511806,0.00011523957763144734
1635776820426,2021-11-01T10:27:00.426,85.24,-0.0014342254619452285,-0.002310003610642975,-0.0004851665412867953
1635776820436,2021-11-01T10:27:00.436,85.25,-0.0021151364905047697,-0.002147405277485889,-0.00044782495988277124
1635776820446,2021-11-01T10:27:00.446,85.26,-0.0025682457232535133,-0.0015690420793745368,0.0002681117176249611
1635776820456,2021-11-01T10:27:00.456,85.27,-0.0027003618052834173,0.0002110857182419558,0.000538107258318881
1635776820466,2021-11-01T10:27:00.466,85.28,-0.003001008254233325,0.0021300031054631258,8.514593301838405e-05
1635776820476,2021-11-01T10:27:00.476,85.29,-0.0031113734414425507,0.0026286883726433386,0.0005979081939546891
1635776820486,2021-11-01T10:27:00.486,85.3,-0.002072413965354992,0.0021301488097205533,0.0024186411140359695
1635776820496,2021-11-01T10:27:00.496,85.31,-0.0004083271309631256,0.001457420314831303,0.0030574987988375157
1635776820506,2021-11-01T10:27:00.506,85.32,0.0002996598275181088,-0.00032425588095101046,0.0014881941449206258
1635776820516,2021-11-01T10:27:00.516,85.33,0.00019175055432044024,-0.0033778973185431774,0.0002831146574404428
1635776820526,2021-11-01T10:27:00.526,85.34,0.0009068638106517565,-0.004401635166334636,0.001437725779777371
1635776820536,2021-11-01T10:27:00.536,85.35,0.0025725844451125746,-0.0005758758956121078,0.0035569954124348418
1635776820546,2021-11-01T10:27:00.546,85.36,0.0036207941272031374,0.004799945871787381,0.004303200712442133
1635776820556,2021-11-01T10:27:00.556,85.37,0.0034829673401571694,0.005203464012975787,0.0031982266646444647
1635776820566,2021-11-01T10:27:00.566,85.38,0.0031568160486763006,-0.00036072398986105474,0.0019106225017354434
1635776820576,2021-11-01T10:27:00.576,85.39,0.0032280041287999863,-0.005895451144703702,0.002443941633532212
1635776820586,2021-11-01T10:27:00.586,85.4,0.003219776162242646,-0.00658558587326195,0.004373740496878624
1635776820596,2021-11-01T10:27:00.596,85.41,0.0028171462137355774,-0.0040707723069692385,0.005058157759862749
1635776820606,2021-11-01T10:27:00.606,85.42,0.0022972203616368793,-0.001913215778650067,0.0035450029744881284
1635776820616,2021-11-01T10:27:00.616,85.43,0.001773662360635183,-0.00019691288854710058,0.0018409588638111636
1635776820626,2021-11-01T10:27:00.626,85.44,0.0009919660386243678,0.0024323762802836747,0.0014377925676803867
1635776820636,2021-11-01T10:27:00.636,85.45,-1.209741587484948e-05,0.0047043282426061876,0.0014583302954824418
1635776820646,2021-11-01T10:27:00.646,85.46,-0.0006589343332649108,0.004227304810315958,0.0010033121248705795
1635776820656,2021-11-01T10:27:00.656,85.47,-0.0006732489120847656,0.0013639773406213414,0.0006353835667295559
1635776820666,2021-11-01T10:27:00.666,85.48,-0.0007510337425555371,-0.0012889835726119206,0.0006968924684293137
1635776820676,2021-11-01T10:27:00.676,85.49,-0.0014727372011497477,-0.0024712110399222028,0.00029165585804676383
1635776820686,2021-11-01T10:27:00.686,85.5,-0.002073636587675062,-0.002830355151773393,-0.0010341931860048741
1635776820696,2021-11-01T10:27:00.696,85.51,-0.00168771606653733,-0.002389670678189557,-0.002017579673931718
1635776820706,2021-11-01T10:27:00.706,85.52,-0.0009824176752625834,-0.00016931559455413424,-0.0012261282753852467
1635776820716,2021-11-01T10:27:00.716,85.53,-0.0008194185863800038,0.00337263087602233,0.0008308946267078017
1635776820726,2021-11-01T10:27:00.726,85.54,-0.0006332934639136883,0.005821895742285456,0.0021320955842373613
1635776820736,2021-11-01T10:27:00.736,85.55,5.8512422858110084e-05,0.005480514039358892,0.001553057750002253
1635776820746,2021-11-01T10:27:00.746,85.56,0.00042823840521251356,0.003397637766646879,0.00029333107763942595
1635776820756,2021-11-01T10:27:00.756,85.57,0.00011321394516047411,0.002073506679798913,0.000516182133787347
1635776820766,2021-11-01T10:27:00.766,85.58,0.0001340794635633868,0.0023439460036698005,0.0024799599019453477
1635776820776,2021-11-01T10:27:00.776,85.59,0.0011271909903279769,0.002410151079223329,0.003819595723286503
1635776820786,2021-11-01T10:27:00.786,85.6,0.0022928698161389927,0.0005490544029942343,0.002500277886426771
1635776820796,2021-11-01T10:27:00.796,85.61,0.0025497098742595643,-0.0023876325642048567,-0.0001909944877865941
1635776820806,2021-11-01T10:27:00.806,85.62,0.001955246367439261,-0.0041229145805901785,-0.0009291467930869631
1635776820816,2021-11-01T10:27:00.816,85.63,0.001415642079460282,-0.0033962929442235574,0.0013583677149410502
1635776820826,2021-11-01T10:27:00.826,85.64,0.0010467520511767232,-0.0008003384415309655,0.004073703335655228
1635776820836,2021-11-01T10:27:00.836,85.65,0.00021865463630041805,0.0016182897092335102,0.004654995262357096
1635776820846,2021-11-01T10:27:00.846,85.66,-0.0004701741503228306,0.00197277402506675,0.003803787584817156
1635776820856,2021-11-01T10:27:00.856,85.67,0.00032921689076643605,0.000786335943379124,0.0035038051124927846
1635776820866,2021-11-01T10:27:00.866,85.68,0.0019378740949787788,0.00033779524177527054,0.003894404978444308
1635776820876,2021-11-01T10:27:00.876,85.69,0.002388070493686381,0.0010981816857396664,0.003944171435268243
1635776820886,2021-11-01T10:27:00.886,85.7,0.001995263465447243,0.0011534969438477245,0.00355825419084969
1635776820896,2021-11-01T10:27:00.896,85.71,0.002660428758976863,-0.00026390414086905234,0.003415836106137483
1635776820906,2021-11-01T10:27:00.906,85.72,0.003703903454146809,-0.001655278653541437,0.003372927794827443
1635776820916,2021-11-01T10:27:00.916,85.73,0.0024981226176707325,-0.0021014891394449202,0.0021296517521497927
1635776820926,2021-11-01T10:27:00.926,85.74,-0.0005965519673537915,-0.0020069090632466695,-0.000745763071548842
1635776820936,2021-11-01T10:27:00.936,85.75,-0.002329600767555111,-0.001083616568262486,-0.003003102042191893
1635776820946,2021-11-01T10:27:00.946,85.76,-0.0018689921812211165,0.0008926221893641341,-0.0019565600880212903
1635776820956,2021-11-01T10:27:00.956,85.77,-0.001559701391958772,0.002044037970347722,0.0013940603563788482
1635776820966,2021-11-01T10:27:00.966,85.78,-0.0022092027095270547,0.0008480346007705694,0.003197208776639973
1635776820976,2021-11-01T10:27:00.976,85.79,-0.002024074234207575,-0.000739988592246778,0.0021501595282931883
1635776820986,2021-11-01T10:27:00.986,85.8,-0.0005480617832520499,-0.00045941788121563795,0.0008239722893701305
1635776820996,2021-11-01T10:27:00.996,85.81,0.0002639660413652719,-9.797991138507948e-05,0.0009754028628081258
1635776821006,2021-11-01T10:27:01.006,85.82,-0.0004974778101626447,-0.002244762739786758,0.0014529228113312818
1635776821016,2021-11-01T10:27:01.016,85.83,-0.001227133395414619,-0.004431237226248028,0.0015027735763954199
1635776821026,2021-11-01T10:27:01.026,85.84,-0.0006202089727067724,-0.001996939976968385,0.0020515161912100207
1635776821036,2021-11-01T10:27:01.036,85.85,0.00034569103404954917,0.0037072463427705532,0.0032079150133518743
1635776821046,2021-11-01T10:27:01.046,85.86,0.00033257029026470433,0.006150382591889402,0.003997419106938294
1635776821056,2021-11-01T10:27:01.056,85.87,-0.00021221052878897813,0.0034615302613020347,0.004251553883439258
1635776821066,2021-11-01T10:27:01.066,85.88,-0.00015104673274486799,0.0010088191660418949,0.0040704521665465695
1635776821076,2021-11-01T10:27:01.076,85.89,0.0004296210309398064,0.0024096238283789853,0.002906600749532736
1635776821086,2021-11-01T10:27:01.086,85.9,0.0007116939827648644,0.004618540528107534,0.0013828621526326005
1635776821096,2021-11-01T10:27:01.096,85.91,0.0005677103554732627,0.004671320987957788,0.0013313574628017405
1635776821106,2021-11-01T10:27:01.106,85.92,0.00043100943965258365,0.004776350950272819,0.002163654116569486
1635776821116,2021-11-01T10:27:01.116,85.93,0.00037268055006343617,0.006953841294772521,0.001014937650060916
1635776821126,2021-11-01T10:27:01.126,85.94,1.102504884067761e-05,0.008270849252694442,-0.002068120472888527
1635776821136,2021-11-01T10:27:01.136,85.95,-0.0007493217507497623,0.005743573150842639,-0.003620265918585021
1635776821146,2021-11-01T10:27:01.146,85.96,-0.001285539099762549,0.0018108328148546849,-0.0022982457597524085
1635776821156,2021-11-01T10:27:01.156,85.97,-0.0012484363619899139,0.0009861187960527012,-0.00034401143613707234
1635776821166,2021-11-01T10:27:01.166,85.98,-0.0016736166078048982,0.003999278782930232,0.0007176133370653318
1635776821176,2021-11-01T10:27:01.176,85.99,-0.003526040649474459,0.008237222084999673,0.001476137685985868
1635776821186,2021-11-01T10:27:01.186,86.0,-0.0056521509605557685,0.011460999223707267,0.00188051740328849
1635776821196,2021-11-01T10:27:01.196,86.01,-0.00637735250981632,0.012419186479919436,0.001198732820015298
1635776821206,2021-11-01T10:27:01.206,86.02,-0.006066394987096341,0.009859135976678845,0.00043984723608135894
1635776821216,2021-11-01T10:27:01.216,86.03,-0.005742713484324391,0.003843221334700152,0.001144054337224505
1635776821226,2021-11-01T10:27:01.226,86.04,-0.005068322632470955,-0.0027024359711266058,0.0024823601464445924
1635776821236,2021-11-01T10:27:01.236,86.05,-0.003939010590813585,-0.005771538089242534,0.0028062640779593713
1635776821246,2021-11-01T10:27:01.246,86.06,-0.0035499140417050885,-0.003649369536123134,0.0026470550410888785
1635776821256,2021-11-01T10:27:01.256,86.07,-0.0041022114193300895,0.0017745364756254344,0.0032560373000406935
1635776821266,2021-11-01T10:27:01.266,86.08,-0.004231607217906247,0.006472716038010489,0.004083753180111169
1635776821276,2021-11-01T10:27:01.276,86.09,-0.0036183224353135614,0.007416172283304113,0.0040950797743965735
1635776821286,2021-11-01T10:27:01.286,86.1,-0.003401866256632491,0.00516499546493528,0.0036871129407591097
1635776821296,2021-11-01T10:27:01.296,86.11,-0.003848005254455544,0.0030596250905015007,0.0038695325237623193
1635776821306,2021-11-01T10:27:01.306,86.12,-0.003925260708467622,0.003401746162164483,0.004938288277061461
1635776821316,2021-11-01T10:27:01.316,86.13,-0.003047835579311834,0.005089336695649594,0.006192599192377977
1635776821326,2021-11-01T10:27:01.326,86.14,-0.0018365361272714093,0.005523022137718761,0.00640233615743979
1635776821336,2021-11-01T10:27:01.336,86.15,-0.0013425470187639792,0.003929925352759217,0.005243541720604557
1635776821346,2021-11-01T10:27:01.346,86.16,-0.0018447222402070218,0.001819325952020429,0.00387372664805835
1635776821356,2021-11-01T10:27:01.356,86.17,-0.002293865955990725,0.0009697970034195976,0.0031820407423082345
1635776821366,2021-11-01T10:27:01.366,86.18,-0.0016673770514063653,0.0020702199143546713,0.002683093546844905
1635776821376,2021-11-01T10:27:01.376,86.19,-0.0008962032648248322,0.004437864979696173,0.0017694416662486184
1635776821386,2021-11-01T10:27:01.386,86.2,-0.0017421274588863725,0.006115001847724564,0.0006534498904687651
1635776821396,2021-11-01T10:27:01.396,86.21,-0.003734761999971925,0.005460227519509627,-0.00012586358897655713
1635776821406,2021-11-01T10:27:01.406,86.22,-0.004697348055064926,0.003407516054684921,-0.00021807402414330125
1635776821416,2021-11-01T10:27:01.416,86.23,-0.004460484694153531,0.0026797185652252687,0.00023256897487289037
1635776821426,2021-11-01T10:27:01.426,86.24,-0.005002371596499744,0.004368362998953533,0.0004814983538150427
1635776821436,2021-11-01T10:27:01.436,86.25,-0.00647579118661947,0.006969302524182715,-4.4885450806706785e-05
1635776821446,2021-11-01T10:27:01.446,86.26,-0.0065567020750020395,0.008668734490430591,-0.0009898608715133296
1635776821456,2021-11-01T10:27:01.456,86.27,-0.004564905465516375,0.008624781807095382,-0.0016808524878296888
1635776821466,2021-11-01T10:27:01.466,86.28,-0.0027867729409783324,0.006522975225437603,-0.002011266114896117
1635776821476,2021-11-01T10:27:01.476,86.29,-0.0027864284457390235,0.0031272602519164814,-0.00216192980004324
1635776821486,2021-11-01T10:27:01.486,86.3,-0.0035152345296840058,0.0007117226361832356,-0.002091212615517731
1635776821496,2021-11-01T10:27:01.496,86.31,-0.0036828195773968902,0.0007100438150556138,-0.0016118642688606024
1635776821506,2021-11-01T10:27:01.506,86.32,-0.003199659117130665,0.0016550971257169988,-0.0005954912452527422
1635776821516,2021-11-01T10:27:01.516,86.33,-0.0020999332638278563,0.0015037847632149003,0.0006136211966163938
1635776821526,2021-11-01T10:27:01.526,86.34,-0.000600241742452431,0.0007680371154948514,0.0011641856537360825
1635776821536,2021-11-01T10:27:01.536,86.35,4.607228000944253e-05,0.001247722253728345,0.000978516690084924
1635776821546,2021-11-01T10:27:01.546,86.36,-0.00093802311119988,0.0029471340222716274,0.0011320767934572102
1635776821556,2021-11-01T10:27:01.556,86.37,-0.0021322160831298326,0.004079180290427675,0.0018370513880683604
1635776821566,2021-11-01T10:27:01.566,86.38,-0.0016725681832263394,0.0034933438837223404,0.0019331491162748718
1635776821576,2021-11-01T10:27:01.576,86.39,7.32794372666866e-05,0.0020098573271198966,0.0013690695322613085
1635776821586,2021-11-01T10:27:01.586,86.4,0.0012829587451215572,0.0011750532566091078,0.0015574091107949087
1635776821596,2021-11-01T10:27:01.596,86.41,0.0014567989000863995,0.0012649916866383309,0.00260022217628871
1635776821606,2021-11-01T10:27:01.606,86.42,0.001619332354234625,0.0013857178386548008,0.0029026698781745982
1635776821616,2021-11-01T10:27:01.616,86.43,0.001981270102698765,0.0011292864927601102,0.0018338715215917142
1635776821626,2021-11-01T10:27:01.626,86.44,0.0015086650150886423,0.0009926202246683725,0.0005793591713882909
1635776821636,2021-11-01T10:27:01.636,86.45,0.00015266106981548042,0.0013938381978046547,0.0003833053001484701
1635776821646,2021-11-01T10:27:01.646,86.46,-0.0006906662255536196,0.0018484055034213476,0.0012961974559052413
1635776821656,2021-11-01T10:27:01.656,86.47,-0.0005442240898732016,0.0011544845703562565,0.0023356976494916764
1635776821666,2021-11-01T10:27:01.666,86.48,-0.0004858912135958075,-0.0009218921130368801,0.0023428524518633695
1635776821676,2021-11-01T10:27:01.676,86.49,-0.0008540963777194482,-0.0023519855829663024,0.0012926969953753096
1635776821686,2021-11-01T10:27:01.686,86.5,-0.0007670426740200612,-0.001187928429334403,0.0005007680233069058
1635776821696,2021-11-01T10:27:01.696,86.51,-0.0004874623814111215,0.0010940268077376642,0.0007228096703614619
1635776821706,2021-11-01T10:27:01.706,86.52,-0.0013098220279820043,0.0014005626270899435,0.0011503563739384145
1635776821716,2021-11-01T10:27:01.716,86.53,-0.002496832898189053,-0.00021246523604325304,0.0011304008514758782
1635776821726,2021-11-01T10:27:01.726,86.54,-0.001744169732074002,-0.0009480905418743265,0.0011116021437983198
1635776821736,2021-11-01T10:27:01.736,86.55,0.0006947801066668447,-0.0001362888877037075,0.0011564066136408005
1635776821746,2021-11-01T10:27:01.746,86.56,0.0017996611590865937,0.0001329421250808171,0.0006178438845601581
1635776821756,2021-11-01T10:27:01.756,86.57,0.0002505769300132282,-0.0005055061816452876,-0.0001789849578940831
1635776821766,2021-11-01T10:27:01.766,86.58,-0.0018214823150212189,0.0003448211735228926,-0.00020459082290439013
1635776821776,2021-11-01T10:27:01.776,86.59,-0.002103106673177542,0.002916680152420138,9.435514531390358e-05
1635776821786,2021-11-01T10:27:01.786,86.6,-0.0010632335823931081,0.003186548781429809,-0.0005749650549003661
1635776821796,2021-11-01T10:27:01.796,86.61,-0.0007264756033991129,-0.0011225548689491245,-0.0015593951315027996
1635776821806,2021-11-01T10:27:01.806,86.62,-0.0013657192353436064,-0.005381786656174381,-0.0010588309901647071
1635776821816,2021-11-01T10:27:01.816,86.63,-0.0010194571891835654,-0.003576445363691143,0.0002389736686343622
1635776821826,2021-11-01T10:27:01.826,86.64,0.0011319437481875346,0.0023207307000889703,-0.00025144602486194926
1635776821836,2021-11-01T10:27:01.836,86.65,0.0029341431793764514,0.0041338816865862165,-0.002313326995130362
1635776821846,2021-11-01T10:27:01.846,86.66,0.002539291646610711,-0.0006581555437261798,-0.002892620001492331
1635776821856,2021-11-01T10:27:01.856,86.67,0.0013397214268930974,-0.005138561356095455,-0.0017587365886990204
1635776821866,2021-11-01T10:27:01.866,86.68,0.0013112231018654913,-0.0037081117294598155,-0.00205371419469669
1635776821876,2021-11-01T10:27:01.876,86.69,0.0018753018175974687,0.0001368674757076323,-0.003804603530917546
1635776821886,2021-11-01T10:27:01.886,86.7,0.0018830134979447126,0.0012064372086913167,-0.0032259995238493972
1635776821896,2021-11-01T10:27:01.896,86.71,0.0019295528168877113,0.0011288061168344327,-8.439727995488214e-05
1635776821906,2021-11-01T10:27:01.906,86.72,0.002300739460315681,0.0033409764993930138,0.0011424554968249238
1635776821916,2021-11-01T10:27:01.916,86.73,0.0014953736507627453,0.004999910904542055,-0.0008643818976289896
1635776821926,2021-11-01T10:27:01.926,86.74,-0.001037122958924541,0.0014072541763675344,-0.0017844443125156634
1635776821936,2021-11-01T10:27:01.936,86.75,-0.003120686446123047,-0.004827159476921227,0.0009929821341273782
1635776821946,2021-11-01T10:27:01.946,86.76,-0.002651284844699336,-0.006521389006332657,0.004086793267078738
1635776821956,2021-11-01T10:27:01.956,86.77,-0.0005611082012695416,-0.0018325962975160857,0.003710649363276519
1635776821966,2021-11-01T10:27:01.966,86.78,0.0004239953262704899,0.004482698322517095,0.0011933244569451828
1635776821976,2021-11-01T10:27:01.976,86.79,-0.0009801607166993606,0.007612569944840988,-1.917562413149813e-06
1635776821986,2021-11-01T10:27:01.986,86.8,-0.0036011261009621237,0.006119757156275558,0.0006001566205914333
1635776821996,2021-11-01T10:27:01.996,86.81,-0.005156404144014111,0.0010062742707532412,0.0012897836716621023
1635776822006,2021-11-01T10:27:02.006,86.82,-0.004026987157192344,-0.004925020247169192,0.0015955959426104404
1635776822016,2021-11-01T10:27:02.016,86.83,-0.0008039166023275525,-0.0076059692598519826,0.0023681920421275513
1635776822026,2021-11-01T10:27:02.026,86.84,0.0018293454461198496,-0.00490856102399993,0.003713868186120052
1635776822036,2021-11-01T10:27:02.036,86.85,0.0020371517487002455,7.990208223688545e-06,0.004313154702171864
1635776822046,2021-11-01T10:27:02.046,86.86,0.001023688458450215,0.0018582382726944425,0.003049097879452467
1635776822056,2021-11-01T10:27:02.056,86.87,0.0009347998714488962,0.000583849520167855,0.001233972353173159
1635776822066,2021-11-01T10:27:02.066,86.88,0.0018914883861234021,0.0006728697638157975,0.0014237302539368882
1635776822076,2021-11-01T10:27:02.076,86.89,0.0025726144521110465,0.002492384042737169,0.0031294896655270034
1635776822086,2021-11-01T10:27:02.086,86.9,0.002315534758343026,0.0014703222033675876,0.0029653592427863603
1635776822096,2021-11-01T10:27:02.096,86.91,0.0013927384363864185,-0.0031993215609779973,0.00035430222171210616
1635776822106,2021-11-01T10:27:02.106,86.92,0.0003548321861790035,-0.007298121104702402,-0.001148016050423165
1635776822116,2021-11-01T10:27:02.116,86.93,-0.0001955986073790191,-0.009162111755724473,0.0004119047177927326
1635776822126,2021-11-01T10:27:02.126,86.94,0.00011773571815123055,-0.009742942107985698,0.0025370880620188183
1635776822136,2021-11-01T10:27:02.136,86.95,0.0011947599860545268,-0.006932043206134794,0.0022974919560947286
1635776822146,2021-11-01T10:27:02.146,86.96,0.0023903892654124686,0.00015606649937890526,-4.012872974784793e-05
1635776822156,2021-11-01T10:27:02.156,86.97,0.0025176720426535733,0.004704251712155041,-0.0020347142841657213
1635776822166,2021-11-01T10:27:02.166,86.98,0.0010448343659523122,0.0009898264220438114,-0.002040785041685508
1635776822176,2021-11-01T10:27:02.176,86.99,-0.0004326385413867066,-0.004992982020053429,-0.0009270303330891965
1635776822186,2021-11-01T10:27:02.186,87.0,4.460373201382895e-05,-0.004565654729856523,-0.0005810232549739721
1635776822196,2021-11-01T10:27:02.196,87.01,0.0015895434782152254,-7.168355142323922e-05,-0.0009669320541909356
1635776822206,2021-11-01T10:27:02.206,87.02,0.0017510681581866644,0.0007359018162131039,-0.0008894012283469758
1635776822216,2021-11-01T10:27:02.216,87.03,0.0005168501196817231,-0.002350494170405399,-0.000964039492656173
1635776822226,2021-11-01T10:27:02.226,87.04,-0.00010131776753338486,-0.003893291761277483,-0.002371800336914364
1635776822236,2021-11-01T10:27:02.236,87.05,0.0003467487034469252,-0.002557258149270513,-0.00400253900001478
1635776822246,2021-11-01T10:27:02.246,87.06,0.0007790843579027614,-0.001659015038945061,-0.004258781033899422
1635776822256,2021-11-01T10:27:02.256,87.07,0.0011948623136461174,-0.002930457138753228,-0.003767461257988177
1635776822266,2021-11-01T10:27:02.266,87.08,0.0022357813184344273,-0.004731038145309002,-0.0036743790381722746
1635776822276,2021-11-01T10:27:02.276,87.09,0.0031446547885019514,-0.005378410094764162,-0.0034351445384377052
1635776822286,2021-11-01T10:27:02.286,87.1,0.002812744372796226,-0.005144110371125638,-0.00242009439143662
1635776822296,2021-11-01T10:27:02.296,87.11,0.0019066669206245952,-0.005080714468249186,-0.0019559862514521194
1635776822306,2021-11-01T10:27:02.306,87.12,0.0018357453394533783,-0.005496109739568425,-0.0035165898101732302
1635776822316,2021-11-01T10:27:02.316,87.13,0.0025110549036177513,-0.005525223128721407,-0.005616753677820894
1635776822326,2021-11-01T10:27:02.326,87.14,0.0026979448086289566,-0.0041587501572450435,-0.005083243309567729
1635776822336,2021-11-01T10:27:02.336,87.15,0.001925472843701057,-0.002312764497707107,-0.0017440153182368733
1635776822346,2021-11-01T10:27:02.346,87.16,0.0010145145006482605,-0.002233621331431389,0.0007287099251047798
1635776822356,2021-11-01T10:27:02.356,87.17,0.0009683662191936792,-0.0035370311916531937,-0.00033879524752996335
1635776822366,2021-11-01T10:27:02.366,87.18,0.001876023779146385,-0.0030843845404775446,-0.0031156137387643923
1635776822376,2021-11-01T10:27:02.376,87.19,0.0029346605759380854,-0.0006804845651730993,-0.004038595213922983
1635776822386,2021-11-01T10:27:02.386,87.2,0.003352240478306262,-0.0004145383317771749,-0.002695478580946241
1635776822396,2021-11-01T10:27:02.396,87.21,0.0031526816494385932,-0.0038676734550850034,-0.001996573602266892
1635776822406,2021-11-01T10:27:02.406,87.22,0.0030336323307559995,-0.006856442183221061,-0.003501104824685232
1635776822416,2021-11-01T10:27:02.416,87.23,0.0034020788834623053,-0.005617381503719852,-0.0049492258462757975
1635776822426,2021-11-01T10:27:02.426,87.24,0.003853819584977482,-0.0016775263098056808,-0.004135000597982769
1635776822436,2021-11-01T10:27:02.436,87.25,0.0037949769029366593,0.001415032797888487,-0.0027075244924486203
1635776822446,2021-11-01T10:27:02.446,87.26,0.003295987808666974,0.0019348811429223808,-0.003162095860174815
1635776822456,2021-11-01T10:27:02.456,87.27,0.0031296318228578148,-0.0001376944308837756,-0.004588328235197898
1635776822466,2021-11-01T10:27:02.466,87.28,0.0038758015860282206,-0.0031461639284623387,-0.004787907721046767
1635776822476,2021-11-01T10:27:02.476,87.29,0.005048669325183976,-0.004468224989899494,-0.0041808873048243735
1635776822486,2021-11-01T10:27:02.486,87.3,0.005600746771531927,-0.004134309898602999,-0.004356660090706339
1635776822496,2021-11-01T10:27:02.496,87.31,0.005262309110000519,-0.005106016613268204,-0.004866451910223995
1635776822506,2021-11-01T10:27:02.506,87.32,0.004702574711410164,-0.008149799119355315,-0.004427273519193608
1635776822516,2021-11-01T10:27:02.516,87.33,0.0044378842701752255,-0.010302102278572391,-0.0035432602323719866
1635776822526,2021-11-01T10:27:02.526,87.34,0.004246907728414842,-0.009129438631390714,-0.0034385062477604775
1635776822536,2021-11-01T10:27:02.536,87.35,0.003883262801678325,-0.0052042838791031346,-0.004060718952849774
1635776822546,2021-11-01T10:27:02.546,87.36,0.003948691553797872,-0.0013169471526642542,-0.004640196041760962
1635776822556,2021-11-01T10:27:02.556,87.37,0.005236164961026942,-0.0005845183222323351,-0.00449764300938806
1635776822566,2021-11-01T10:27:02.566,87.38,0.00719936169521981,-0.0027312874085299124,-0.0033327763298600516
1635776822576,2021-11-01T10:27:02.576,87.39,0.008194003715774277,-0.0034233293306517743,-0.0021596297203160726
1635776822586,2021-11-01T10:27:02.586,87.4,0.007423116495876068,-0.0004300007358532887,-0.0022739535945457854
1635776822596,2021-11-01T10:27:02.596,87.41,0.00580081511107269,0.003160952953488348,-0.002793754816043547
1635776822606,2021-11-01T10:27:02.606,87.42,0.0047573520809425455,0.004287111886604668,-0.002285695848084111
1635776822616,2021-11-01T10:27:02.616,87.43,0.004340069158862386,0.003381731570470557,-0.002035999020652001
1635776822626,2021-11-01T10:27:02.626,87.44,0.002985259460012591,0.0011181329970088461,-0.00365344242868824
1635776822636,2021-11-01T10:27:02.636,87.45,0.00012599005315453045,-0.003225277881513824,-0.005149864843999612
1635776822646,2021-11-01T10:27:02.646,87.46,-0.0022101516062497635,-0.008865607399969659,-0.0038325521684980358
1635776822656,2021-11-01T10:27:02.656,87.47,-0.0024140615413360163,-0.012302922529898529,-0.0010163818664626356
1635776822666,2021-11-01T10:27:02.666,87.48,-0.002048968066370678,-0.010573341816355584,0.00017928624893902425
1635776822676,2021-11-01T10:27:02.676,87.49,-0.003224341108851723,-0.004706531928561734,-0.00046814284067725687
1635776822686,2021-11-01T10:27:02.686,87.5,-0.005247563119030402,0.0012160078807145753,-0.0009942213390500886
1635776822696,2021-11-01T10:27:02.696,87.51,-0.005864181748387342,0.003801338445285558,-0.0005072266398425762
1635776822706,2021-11-01T10:27:02.706,87.52,-0.004250469662265589,0.0017657438006130795,0.0005562257122039325
1635776822716,2021-11-01T10:27:02.716,87.53,-0.0018564112527749601,-0.004587970863405455,0.0016379350471271543
1635776822726,2021-11-01T10:27:02.726,87.54,-0.0009870437874218174,-0.012381990940224987,0.002101145497399769
1635776822736,2021-11-01T10:27:02.736,87.55,-0.001898676949964477,-0.016257970388815497,0.0012024459234369616
1635776822746,2021-11-01T10:27:02.746,87.56,-0.0015415193880218324,-0.012616065504842787,-0.0010510546391073962
1635776822756,2021-11-01T10:27:02.756,87.57,0.002244522787728577,-0.0041539065129194185,-0.0030153798182998197
1635776822766,2021-11-01T10:27:02.766,87.58,0.006160615544733831,0.0009118867134182375,-0.0025558085821770493
1635776822776,2021-11-01T10:27:02.776,87.59,0.005510603553192409,-0.0020543675683097453,-0.00042690737071374667
1635776822786,2021-11-01T10:27:02.786,87.6,0.0018934334936905402,-0.005270943501345788,-0.00013260161191705133
1635776822796,2021-11-01T10:27:02.796,87.61,0.0012211975286735626,0.0015594113089913001,-0.0022495283760116357
1635776822806,2021-11-01T10:27:02.806,87.62,0.0045522974540870564,0.01203888817805955,-0.003160389184717229
1635776822816,2021-11-01T10:27:02.816,87.63,0.006852341465550863,0.010018024777790194,-0.00168744704548009
1635776822826,2021-11-01T10:27:02.826,87.64,0.005376995951323715,-0.004119230679852904,-0.0011193823408319594
1635776822836,2021-11-01T10:27:02.836,87.65,0.00357464623111351,-0.012998259870151161,-0.0025841377152100676
1635776822846,2021-11-01T10:27:02.846,87.66,0.004726433774166893,-0.00769406795069901,-0.0027341315776637934
1635776822856,2021-11-01T10:27:02.856,87.67,0.00684215825140398,0.003079669540846979,-2.7902615301928445e-05
1635776822866,2021-11-01T10:27:02.866,87.68,0.006918590570364366,0.008404318026643985,0.002229730515142661
1635776822876,2021-11-01T10:27:02.876,87.69,0.00584481098255271,0.0069278994879440545,0.0009341270470757148
1635776822886,2021-11-01T10:27:02.886,87.7,0.00581382469769668,0.002770516771759182,-0.0027444418465619267
1635776822896,2021-11-01T10:27:02.896,87.71,0.006224553994795472,-0.0015942761389777804,-0.005373343543631017
1635776822906,2021-11-01T10:27:02.906,87.72,0.0047707949014245,-0.005507992353354684,-0.004826125212868811
1635776822916,2021-11-01T10:27:02.916,87.73,0.0008238526008718738,-0.0074826183587912215,-0.0019242592441996312
1635776822926,2021-11-01T10:27:02.926,87.74,-0.003744140548877744,-0.006065429370794979,6.0312634499292816e-05
1635776822936,2021-11-01T10:27:02.936,87.75,-0.006658833007324779,-0.0024997224612511118,-0.001266590085686541
1635776822946,2021-11-01T10:27:02.946,87.76,-0.007307076125149445,6.969052409807079e-07,-0.004104658574695567
1635776822956,2021-11-01T10:27:02.956,87.77,-0.006421495831733275,0.00018049897546289692,-0.004922414536434616
1635776822966,2021-11-01T10:27:02.966,87.78,-0.0048393382836292905,-0.0002213870892748542,-0.0038030890010012372
1635776822976,2021-11-01T10:27:02.976,87.79,-0.0035476864165127028,-0.0006620037805531134,-0.0034663826127760717
1635776822986,2021-11-01T10:27:02.986,87.8,-0.003638097581005492,-0.0031988897523620033,-0.0041150516322689505
1635776822996,2021-11-01T10:27:02.996,87.81,-0.0047421333249589755,-0.006836577733884129,-0.003941939226441978
1635776823006,2021-11-01T10:27:03.006,87.82,-0.004729809887159455,-0.006154294514498062,-0.0030798955116518026
1635776823016,2021-11-01T10:27:03.016,87.83,-0.0025829901452876372,-0.00013870185693792858,-0.0027369556859351872
1635776823026,2021-11-01T10:27:03.026,87.84,-0.00020303478202531857,0.003980975187563911,-0.0024696809550973685
1635776823036,2021-11-01T10:27:03.036,87.85,0.00048189243384607434,0.0012020191112306286,-0.0013333728928950456
1635776823046,2021-11-01T10:27:03.046,87.86,0.0005112915858821634,-0.0031382856327548847,0.00031616200674013247
1635776823056,2021-11-01T10:27:03.056,87.87,0.0017743615724567425,-0.0018126003033567357,0.0017097197533217623
1635776823066,2021-11-01T10:27:03.066,87.88,0.003711759198325523,0.003057730158295309,0.0026923180079748057
1635776823076,2021-11-01T10:27:03.076,87.89,0.0045204945098154484,0.003929496786553277,0.003191212079012445
1635776823086,2021-11-01T10:27:03.086,87.9,0.004204673969501209,-0.0004110271024112611,0.0026695430466807325
1635776823096,2021-11-01T10:27:03.096,87.91,0.004473923801850736,-0.00360394203049543,0.0007655500900666581
1635776823106,2021-11-01T10:27:03.106,87.92,0.006162021870036099,-0.001384476854003258,-0.0016201693550326553
1635776823116,2021-11-01T10:27:03.116,87.93,0.007638697154855297,0.0028330701244621073,-0.002672518311947029
1635776823126,2021-11-01T10:27:03.126,87.94,0.006392193764201214,0.0036573839013708488,-0.001832125387512
1635776823136,2021-11-01T10:27:03.136,87.95,0.0024901472710109128,0.0014794091022030447,-0.0007917192918859978
1635776823146,2021-11-01T10:27:03.146,87.96,-0.001159006619590701,0.0008287287905928549,-0.0010678034319465978
1635776823156,2021-11-01T10:27:03.156,87.97,-0.0028972817784612133,0.0027268563029223883,-0.0016180207849803637
1635776823166,2021-11-01T10:27:03.166,87.98,-0.004188500427996237,0.004038715546548209,-0.0008154395141405329
1635776823176,2021-11-01T10:27:03.176,87.99,-0.006253453432301999,0.00403733332601576,0.00018471120299462122
1635776823186,2021-11-01T10:27:03.186,88.0,-0.007700885130581869,0.005127151514658084,-0.0010786971293168274
1635776823196,2021-11-01T10:27:03.196,88.01,-0.007171862288939621,0.0066264169076657225,-0.0036422030985870353
1635776823206,2021-11-01T10:27:03.206,88.02,-0.006079090873544436,0.0047301596741432484,-0.003575976463167675
1635776823216,2021-11-01T10:27:03.216,88.03,-0.006509249305165632,-7.663352897483854e-05,-0.0004834179171182721
1635776823226,2021-11-01T10:27:03.226,88.04,-0.007716543133770606,-0.0018120958528459801,0.0008423838009795416
1635776823236,2021-11-01T10:27:03.236,88.05,-0.007375809161982115,0.0020017054030537504,-0.001840832862935474
1635776823246,2021-11-01T10:27:03.246,88.06,-0.00547187603525017,0.005032191862792037,-0.0036292699918429707
1635776823256,2021-11-01T10:27:03.256,88.07,-0.003871829739177336,0.0012653489473586662,-0.00032247599768576687
1635776823266,2021-11-01T10:27:03.266,88.08,-0.0030422350846278506,-0.00458148871828306,0.003716076070677496
1635776823276,2021-11-01T10:27:03.276,88.09,-0.002398712777349686,-0.004467967452042559,0.0022645886652437205
1635776823286,2021-11-01T10:27:03.286,88.1,-0.002409648578381171,-0.0003851635732104534,-0.0019881079935864304
1635776823296,2021-11-01T10:27:03.296,88.11,-0.0032602015499543988,0.001152047521875678,-0.0019757808425597055
1635776823306,2021-11-01T10:27:03.306,88.12,-0.0033472921286496916,0.0020118163262829994,0.001444976751281982
1635776823316,2021-11-01T10:27:03.316,88.13,-0.0019404380418543178,0.00670148104557,0.0015758800100782598
1635776823326,2021-11-01T10:27:03.326,88.14,-0.0010908845839948049,0.010536487704736447,-0.0020423264234953396
1635776823336,2021-11-01T10:27:03.336,88.15,-0.0022871980244381293,0.006737863179947059,-0.00348330272517981
1635776823346,2021-11-01T10:27:03.346,88.16,-0.003729374506975677,-0.0007635076711536017,-0.0008493336546193893
1635776823356,2021-11-01T10:27:03.356,88.17,-0.003271902255510665,-0.002792790700619504,0.001670076125446862
1635776823366,2021-11-01T10:27:03.366,88.18,-0.0016462175801904536,0.001687979942507604,0.0013833642450379966
1635776823376,2021-11-01T10:27:03.376,88.19,-0.0009960103978047005,0.00612207052663644,0.00023942024843959768
1635776823386,2021-11-01T10:27:03.386,88.2,-0.0020101970308854266,0.006584952654375883,0.00047847326795361127
1635776823396,2021-11-01T10:27:03.396,88.21,-0.003402559646018556,0.004731780488204501,0.00155851821590195
1635776823406,2021-11-01T10:27:03.406,88.22,-0.003532407736254923,0.0024126039979910814,0.0019865393933762143
1635776823416,2021-11-01T10:27:03.416,88.23,-0.002441952004660546,-0.0008608334817411403,0.001897006367820588
1635776823426,2021-11-01T10:27:03.426,88.24,-0.0016668096029863527,-0.004665795472126196,0.0027451536321325774
1635776823436,2021-11-01T10:27:03.436,88.25,-0.0016831576911092716,-0.0062771054906673816,0.004827588096282531
1635776823446,2021-11-01T10:27:03.446,88.26,-0.0013215883652289014,-0.004184988714172489,0.006374788548900417
1635776823456,2021-11-01T10:27:03.456,88.27,-0.00016542711572371802,-0.00030294450005670013,0.00589694105598988
1635776823466,2021-11-01T10:27:03.466,88.28,0.0007840664087793613,0.002627959334875897,0.004139228776149554
1635776823476,2021-11-01T10:27:03.476,88.29,0.0010874727896695742,0.0039404277204393556,0.002831605217538004
1635776823486,2021-11-01T10:27:03.486,88.3,0.0012774875976688538,0.004514487058713635,0.0027226626391149214
1635776823496,2021-11-01T10:27:03.496,88.31,0.001365204342427327,0.004663697927272241,0.0032219969084470402
1635776823506,2021-11-01T10:27:03.506,88.32,0.0008149181445947676,0.003426656660382806,0.0032983402275427046
1635776823516,2021-11-01T10:27:03.516,88.33,-0.00011593343535864988,8.813858218040932e-05,0.002805218084815042
1635776823526,2021-11-01T10:27:03.526,88.34,-0.0003510298318440837,-0.0037932759817793475,0.0026218301750130925
1635776823536,2021-11-01T10:27:03.536,88.35,0.0005113186436501566,-0.0050417830895274065,0.003229628726538254
1635776823546,2021-11-01T10:27:03.546,88.36,0.001418685639141281,-0.0023980646077770393,0.003994756512057218
1635776823556,2021-11-01T10:27:03.556,88.37,0.001231362672671643,0.0016696669767863432,0.003991877402588866
1635776823566,2021-11-01T10:27:03.566,88.38,0.0005413267599188863,0.0038401182845958226,0.003052662587439337
1635776823576,2021-11-01T10:27:03.576,88.39,0.0009222367135835973,0.0036306431155975075,0.0020772922768751223
1635776823586,2021-11-01T10:27:03.586,88.4,0.0023667617025759993,0.0027072795861877597,0.0020633819644601905
1635776823596,2021-11-01T10:27:03.596,88.41,0.0030867591955921455,0.0016526360886358511,0.0027459455020797806
1635776823606,2021-11-01T10:27:03.606,88.42,0.0022401855683576374,-1.0391893397577979e-05,0.0028442788003162148
1635776823616,2021-11-01T10:27:03.616,88.43,0.0012485372974409634,-0.0013745579542799814,0.001694040362999414
1635776823626,2021-11-01T10:27:03.626,88.44,0.0016787465847554889,-0.0009658184530070702,0.0001696168142214473
1635776823636,2021-11-01T10:27:03.636,88.45,0.00297564176374826,0.0005135215283311286,-0.00035742587377849414
1635776823646,2021-11-01T10:27:03.646,88.46,0.0033209601947043897,0.0013606444411436408,1.5141953278574415e-05
1635776823656,2021-11-01T10:27:03.656,88.47,0.002248594774829582,0.0019033037163283827,-9.252628276983623e-05
1635776823666,2021-11-01T10:27:03.666,88.48,0.0010687137589378624,0.003331058362521398,-0.0007871718109323518
1635776823676,2021-11-01T10:27:03.676,88.49,0.0006800988364466415,0.0046434800542376935,-0.0005755171991111434
1635776823686,2021-11-01T10:27:03.686,88.5,0.0006438995468626878,0.003934832534256763,0.0006736272393123162
1635776823696,2021-11-01T10:27:03.696,88.51,0.0005445790068310649,0.002032454645279888,0.0009988695231010203
1635776823706,2021-11-01T10:27:03.706,88.52,0.000302146287542105,0.0017334534070025292,-0.00043742247950827085
1635776823716,2021-11-01T10:27:03.716,88.53,-0.0007573518722663425,0.0034282921569370336,-0.001980956955985558
1635776823726,2021-11-01T10:27:03.726,88.54,-0.0030415144474652154,0.004595420951266947,-0.0022742010580561684
1635776823736,2021-11-01T10:27:03.736,88.55,-0.0052922675089135006,0.004073114232504987,-0.0017712340693251268
1635776823746,2021-11-01T10:27:03.746,88.56,-0.006020239286633167,0.003339046093384702,-0.0009147346279511802
1635776823756,2021-11-01T10:27:03.756,88.57,-0.005538919674360938,0.0029247335055900712,0.00013533759939263199
1635776823766,2021-11-01T10:27:03.766,88.58,-0.00484058263318287,0.0015512150733002516,6.973143471356364e-05
1635776823776,2021-11-01T10:27:03.776,88.59,-0.003926836863252221,-0.000602847311757397,-0.0017053881694013596
1635776823786,2021-11-01T10:27:03.786,88.6,-0.00277764166348148,-0.0018567865651658928,-0.0027162613247514907
1635776823796,2021-11-01T10:27:03.796,88.61,-0.0019561356940027063,-0.0022808458121900592,-0.0005779056200364961
1635776823806,2021-11-01T10:27:03.806,88.62,-0.0013594393872920253,-0.003259122476586419,0.003129936070361906
1635776823816,2021-11-01T10:27:03.816,88.63,-0.0005877549603971962,-0.004551301139182933,0.005129628042388975
1635776823826,2021-11-01T10:27:03.826,88.64,-0.00013058625552215473,-0.004715532965675702,0.004592944604922765
1635776823836,2021-11-01T10:27:03.836,88.65,9.565338748137461e-05,-0.0030971272542571707,0.0031326977040368217
1635776823846,2021-11-01T10:27:03.846,88.66,0.0015263320171669283,3.9786486046225825e-05,0.002565607710391352
1635776823856,2021-11-01T10:27:03.856,88.67,0.004104376468446303,0.0033304514129020224,0.003482177759627057
1635776823866,2021-11-01T10:27:03.866,88.68,0.005503799852537763,0.004315633911316608,0.004749472403975057
1635776823876,2021-11-01T10:27:03.876,88.69,0.00484011467655643,0.0022220666472275072,0.004825765875545756
1635776823886,2021-11-01T10:27:03.886,88.7,0.003868159127467756,-8.985372404936244e-05,0.004033252796563234
1635776823896,2021-11-01T10:27:03.896,88.71,0.003608232383262849,0.0004931225705628294,0.003824286909746824
1635776823906,2021-11-01T10:27:03.906,88.72,0.00304290946711195,0.0029804408332991333,0.003943290563514257
1635776823916,2021-11-01T10:27:03.916,88.73,0.001532174958766541,0.0033887234061531187,0.002998582558506147
1635776823926,2021-11-01T10:27:03.926,88.74,-8.269334154348637e-05,-0.0001512111711797538,0.0014984897045134111
1635776823936,2021-11-01T10:27:03.936,88.75,-0.0009796848038871127,-0.0045156679266781736,0.0013234301789322275
1635776823946,2021-11-01T10:27:03.946,88.76,-0.0013045017362166302,-0.004660267168791089,0.0022424473396354784
1635776823956,2021-11-01T10:27:03.956,88.77,-0.0014564300246638056,-0.00010943553330783437,0.0018975936357289677
1635776823966,2021-11-01T10:27:03.966,88.78,-0.0015123562700084165,0.0036123356126213963,6.99849348304775e-06
1635776823976,2021-11-01T10:27:03.976,88.79,-0.0014330416955954093,0.0024519515636909133,-0.0005211347735549698
1635776823986,2021-11-01T10:27:03.986,88.8,-0.000904996003212757,-0.00018350941090805812,0.0013951701944374336
1635776823996,2021-11-01T10:27:03.996,88.81,0.0005466941305588013,0.0009226300702551254,0.002622713638545253
1635776824006,2021-11-01T10:27:04.006,88.82,0.0022646304265337277,0.004713346783549141,0.0015557328600516508
1635776824016,2021-11-01T10:27:04.016,88.83,0.0025624127957506915,0.0068987565606117,0.0014918622458332924
1635776824026,2021-11-01T10:27:04.026,88.84,0.0012013044355062871,0.007221591484860927,0.004277588490982695
1635776824036,2021-11-01T10:27:04.036,88.85,-4.2907550919080715e-05,0.007642431778402364,0.0063315140355090695
1635776824046,2021-11-01T10:27:04.046,88.86,-0.00016862578753897803,0.006982846150289558,0.005342043967446757
1635776824056,2021-11-01T10:27:04.056,88.87,-0.0001867536672744621,0.0031247294884295066,0.004575387736853125
1635776824066,2021-11-01T10:27:04.066,88.88,-0.000836826909669337,-0.0022374148684816734,0.006381592134198196
1635776824076,2021-11-01T10:27:04.076,88.89,-0.0013743934859459788,-0.0051370991987680185,0.007804121210629783
1635776824086,2021-11-01T10:27:04.086,88.9,-0.0013622637460797386,-0.0037696411503614848,0.006257490289558591
1635776824096,2021-11-01T10:27:04.096,88.91,-0.0014175067657571513,0.0004643392644489954,0.003871572011922149
1635776824106,2021-11-01T10:27:04.106,88.92,-0.0018199211337391235,0.004671866800703629,0.003414847069519775
1635776824116,2021-11-01T10:27:04.116,88.93,-0.00237369396391615,0.006262524371487353,0.004335929154131685
1635776824126,2021-11-01T10:27:04.126,88.94,-0.0031423127359028833,0.004144172139554154,0.004611553387893618
1635776824136,2021-11-01T10:27:04.136,88.95,-0.0037474197635933514,-0.0005517015145966816,0.0036062151797587013
1635776824146,2021-11-01T10:27:04.146,88.96,-0.003327190468761847,-0.00446258289803544,0.002221157629382794
1635776824156,2021-11-01T10:27:04.156,88.97,-0.0021489998243951454,-0.004190157454450811,0.0016675880196191715
1635776824166,2021-11-01T10:27:04.166,88.98,-0.0015025697308307542,-0.00023649466856587938,0.0024071859446980893
1635776824176,2021-11-01T10:27:04.176,88.99,-0.0017520471761447826,0.002973590900366622,0.0038203170642424717
1635776824186,2021-11-01T10:27:04.186,89.0,-0.002055396290529894,0.0030948387294908184,0.004775760583770921
1635776824196,2021-11-01T10:27:04.196,89.01,-0.0017899747581852088,0.0030486223277946646,0.004684156871326492
1635776824206,2021-11-01T10:27:04.206,89.02,-0.0013197365365493477,0.005588679826064837,0.004190433433700938
1635776824216,2021-11-01T10:27:04.216,89.03,-0.0014801062926078706,0.008369080192451857,0.004392608373625836
1635776824226,2021-11-01T10:27:04.226,89.04,-0.0022723547360028796,0.007648609324459694,0.0050897245856085915
1635776824236,2021-11-01T10:27:04.236,89.05,-0.0024259107248350066,0.003613449873830665,0.004930818351758067
1635776824246,2021-11-01T10:27:04.246,89.06,-0.0012155367877874292,-0.0005749606640259076,0.0036100661142814596
1635776824256,2021-11-01T10:27:04.256,89.07,0.00019283797360101563,-0.0022884788034963155,0.0022146749508154973
1635776824266,2021-11-01T10:27:04.266,89.08,0.0004303739101105461,-0.0009220634614628241,0.0014477246100816719
1635776824276,2021-11-01T10:27:04.276,89.09,-0.0005274499870558131,0.0016678703549668366,0.0012794882729569527
1635776824286,2021-11-01T10:27:04.286,89.1,-0.0022200063116542086,0.002739479315158106,0.0014129982228978527
1635776824296,2021-11-01T10:27:04.296,89.11,-0.004086020072171268,0.0024348136563351616,0.0008048073325297742
1635776824306,2021-11-01T10:27:04.306,89.12,-0.005009434316773193,0.003393214822044217,-0.001181835813102873
1635776824316,2021-11-01T10:27:04.316,89.13,-0.004613796828740494,0.0053117489374734,-0.002840663497877369
1635776824326,2021-11-01T10:27:04.326,89.14,-0.004290100170337112,0.004614906398636561,-0.0024356127966567464
1635776824336,2021-11-01T10:27:04.336,89.15,-0.005015480632861258,0.0011923845129995338,-0.0014560569088107127
1635776824346,2021-11-01T10:27:04.346,89.16,-0.0054945931230735885,-0.00042930452056573167,-0.0018274745341397688
1635776824356,2021-11-01T10:27:04.356,89.17,-0.004410177987668967,0.0014222501592303601,-0.0020402539791053564
1635776824366,2021-11-01T10:27:04.366,89.18,-0.002872353555373721,0.003130202010356562,-7.974495562884648e-05
1635776824376,2021-11-01T10:27:04.376,89.19,-0.0024664904081292795,0.0024278577218754677,0.0023086327881693194
1635776824386,2021-11-01T10:27:04.386,89.2,-0.002451391465969516,0.0012055025964309597,0.0020247911058824094
1635776824396,2021-11-01T10:27:04.396,89.21,-0.0011611775557517855,0.0007526916843546185,-0.0007365432634569395
1635776824406,2021-11-01T10:27:04.406,89.22,0.0009805695994954632,0.00015334093623729206,-0.003021481921608814
1635776824416,2021-11-01T10:27:04.416,89.23,0.001899372141833933,-0.0002492968946870346,-0.0028831560200349377
1635776824426,2021-11-01T10:27:04.426,89.24,0.0008600316007361996,0.0011198008641780633,-0.001009420557262067
1635776824436,2021-11-01T10:27:04.436,89.25,-0.0005901483839758587,0.0036751409247344803,0.0003182356602534029
1635776824446,2021-11-01T10:27:04.446,89.26,-0.0008579327090991445,0.005130251761395078,-0.000625057595047044
1635776824456,2021-11-01T10:27:04.456,89.27,-0.0001132543422822057,0.005009813018037132,-0.0029458114670095586
1635776824466,2021-11-01T10:27:04.466,89.28,0.0006166608136915448,0.00484290376123841,-0.0038070550411690722
1635776824476,2021-11-01T10:27:04.476,89.29,0.0006985623194872158,0.005021774622604301,-0.002229781356589115
1635776824486,2021-11-01T10:27:04.486,89.3,-0.00012215516037882164,0.004100038002859138,-0.0006026839206641128
1635776824496,2021-11-01T10:27:04.496,89.31,-0.0014688008406498873,0.001917018684708849,-0.0009478432994560481
1635776824506,2021-11-01T10:27:04.506,89.32,-0.0021815948732976593,0.0008815613764321427,-0.0019860751545565884
1635776824516,2021-11-01T10:27:04.516,89.33,-0.0017691207086259464,0.0024288264307637873,-0.001866308752257463
1635776824526,2021-11-01T10:27:04.526,89.34,-0.0012133356799370115,0.004329875885964446,-0.0014079812623294104
1635776824536,2021-11-01T10:27:04.536,89.35,-0.001240891930879108,0.0036391014114958084,-0.0022016300407024193
1635776824546,2021-11-01T10:27:04.546,89.36,-0.001384971287198041,0.0006167135106794531,-0.0032999899315813127
1635776824556,2021-11-01T10:27:04.556,89.37,-0.0016121311216305031,-0.0021155302060410336,-0.0026042428559537446
1635776824566,2021-11-01T10:27:04.566,89.38,-0.0024750592749881286,-0.0028198466141232665,-0.0007062105764224112
1635776824576,2021-11-01T10:27:04.576,89.39,-0.003180410073249728,-0.0017374052798906753,-0.00034362126876030596
1635776824586,2021-11-01T10:27:04.586,89.4,-0.0025947223312575594,-0.00024018434626871352,-0.002089512239490875
1635776824596,2021-11-01T10:27:04.596,89.41,-0.0019173622527627597,0.00044266227319896727,-0.003521331985521797
1635776824606,2021-11-01T10:27:04.606,89.42,-0.0027855881079229053,0.0005239978877839713,-0.002871051488068005
1635776824616,2021-11-01T10:27:04.616,89.43,-0.0038606229442600054,0.0013376396126217323,-0.0010060654552136073
1635776824626,2021-11-01T10:27:04.626,89.44,-0.0031326109512543063,0.0030429823593300766,0.00030460917407974645
1635776824636,2021-11-01T10:27:04.636,89.45,-0.0018783244644156455,0.003964139963668543,0.0003264261062890309
1635776824646,2021-11-01T10:27:04.646,89.46,-0.0024493995668441767,0.0029144507103350398,-0.000533872444691723
1635776824656,2021-11-01T10:27:04.656,89.47,-0.004021213251304306,0.0006082249937985921,-0.001585644755965776
1635776824666,2021-11-01T10:27:04.666,89.48,-0.004227612344574287,-0.0014746362362017206,-0.0023188351856136646
1635776824676,2021-11-01T10:27:04.676,89.49,-0.003069884142345546,-0.0021413116299630742,-0.002289246390986774
1635776824686,2021-11-01T10:27:04.686,89.5,-0.0018240117983178623,-0.0009394269610312042,-0.0014865234254052753
1635776824696,2021-11-01T10:27:04.696,89.51,-0.0002662266444005059,0.0008204852253895458,-0.0007590007158356731
1635776824706,2021-11-01T10:27:04.706,89.52,0.002036720348123246,0.0004452068126476574,-0.0007208573736868598
1635776824716,2021-11-01T10:27:04.716,89.53,0.004097235249826131,-0.002693460070226456,-0.0008165471466205435
1635776824726,2021-11-01T10:27:04.726,89.54,0.0052030045355433326,-0.005102981606342236,-0.000762783977759056
1635776824736,2021-11-01T10:27:04.736,89.55,0.005554765092535058,-0.0030706626715374307,-0.001360203496065884
1635776824746,2021-11-01T10:27:04.746,89.56,0.004631731902582388,0.002490621397184737,-0.00234885499586041
1635776824756,2021-11-01T10:27:04.756,89.57,0.002181105456690609,0.007600528992876172,-0.0018905951783106342
1635776824766,2021-11-01T10:27:04.766,89.58,0.0002923173185696525,0.009799115142540785,9.200952469041692e-05
1635776824776,2021-11-01T10:27:04.776,89.59,0.0009215269165250652,0.008546537985387792,0.0009678979717102836
1635776824786,2021-11-01T10:27:04.786,89.6,0.002531625062779926,0.003523980094927444,-0.00044603078256147014
1635776824796,2021-11-01T10:27:04.796,89.61,0.0024135675718992946,-0.0038571610372793567,-0.0017884241930934282
1635776824806,2021-11-01T10:27:04.806,89.62,0.000640988546319828,-0.008906694799187244,-0.0009152896277266544
1635776824816,2021-11-01T10:27:04.816,89.63,-0.0009858942594359948,-0.007618771036080045,0.0010618284599657598
1635776824826,2021-11-01T10:27:04.826,89.64,-0.0019140015121174932,-0.00171099138917908,0.0019995377662110512
1635776824836,2021-11-01T10:27:04.836,89.65,-0.0024355136401534596,0.0034501118534409785,0.00155740182135977
1635776824846,2021-11-01T10:27:04.846,89.66,-0.0022409271346902036,0.005030059557944146,0.0007197448741557934
1635776824856,2021-11-01T10:27:04.856,89.67,-0.0012668708827086972,0.003902144404749279,0.00033952385771003683
1635776824866,2021-11-01T10:27:04.866,89.68,-0.0004191603769562307,0.0011565675783334858,0.0005438658104794495
1635776824876,2021-11-01T10:27:04.876,89.69,-0.00021613063439278652,-0.0030776140489153004,0.0005418627528840902
1635776824886,2021-11-01T10:27:04.886,89.7,-1.9572732607155863e-05,-0.0075106416270232495,-0.0002583029129736823
1635776824896,2021-11-01T10:27:04.896,89.71,0.0006292231387784052,-0.009130339875361226,-0.0007749782802237315
1635776824906,2021-11-01T10:27:04.906,89.72,0.0010487836445963866,-0.006281816176796686,0.0002456036786038915
1635776824916,2021-11-01T10:27:04.916,89.73,0.0006969404542624006,-0.0014264113718056002,0.0018378208387786208
1635776824926,2021-11-01T10:27:04.926,89.74,0.0005341146630500758,0.001123823871820704,0.002279010293103267
1635776824936,2021-11-01T10:27:04.936,89.75,0.0015817999941243905,0.00044650015382313284,0.0016828231247210147
1635776824946,2021-11-01T10:27:04.946,89.76,0.002687758339100144,-0.00026766813902462556,0.0009633685913126772
1635776824956,2021-11-01T10:27:04.956,89.77,0.0018768577140763772,0.0006313506022375705,3.607151398451908e-05
1635776824966,2021-11-01T10:27:04.966,89.78,-0.00037422312282342875,1.9589256469457168e-05,-0.0011218971539124591
1635776824976,2021-11-01T10:27:04.976,89.79,-0.0015439069636013136,-0.004331962706877828,-0.0016427495499240765
1635776824986,2021-11-01T10:27:04.986,89.8,-0.0005324152676223165,-0.008220451126198434,-0.0013946274486931831
1635776824996,2021-11-01T10:27:04.996,89.81,0.001256101068272021,-0.0064482860987097115,-0.001472431363075447
1635776825006,2021-11-01T10:27:05.006,89.82,0.0019629979909993097,-0.0010463659957575312,-0.002343042360454681
1635776825016,2021-11-01T10:27:05.016,89.83,0.0011767141215413154,0.0017043137753937796,-0.0033404230428651293
1635776825026,2021-11-01T10:27:05.026,89.84,0.00026042804738377577,0.0002487705671096792,-0.0038973483413007656
1635776825036,2021-11-01T10:27:05.036,89.85,0.0008997950028116089,-0.001614855699383663,-0.0037337799136509253
1635776825046,2021-11-01T10:27:05.046,89.86,0.002760817460714174,-0.0017408063112055914,-0.002720003820359759
1635776825056,2021-11-01T10:27:05.056,89.87,0.0037494836247391255,-0.00211150947916895,-0.0015307345072154933
1635776825066,2021-11-01T10:27:05.066,89.88,0.0032378614421235655,-0.0037977956335852182,-0.001063346674996653
1635776825076,2021-11-01T10:27:05.076,89.89,0.0027906605410566634,-0.004491849463286857,-0.0010830991590952835
1635776825086,2021-11-01T10:27:05.086,89.9,0.003059817797637393,-0.003343767200083429,-0.0009593210291086354
1635776825096,2021-11-01T10:27:05.096,89.91,0.0030278655880662158,-0.0032699650677135016,-0.001042279849804803
1635776825106,2021-11-01T10:27:05.106,89.92,0.002884920986025845,-0.0056365083717950125,-0.001874154117779575
1635776825116,2021-11-01T10:27:05.116,89.93,0.004037424464510892,-0.007621581712624284,-0.0029677642833235707
1635776825126,2021-11-01T10:27:05.126,89.94,0.00594294957618648,-0.007131732238811533,-0.00329268735083396
1635776825136,2021-11-01T10:27:05.136,89.95,0.0067263687616628525,-0.0056656492067859755,-0.002369637216160118
1635776825146,2021-11-01T10:27:05.146,89.96,0.006641448452596539,-0.004942497083100142,-0.0008597424658965047
1635776825156,2021-11-01T10:27:05.156,89.97,0.007165624176970958,-0.004674784142748273,-0.000213190054979287
1635776825166,2021-11-01T10:27:05.166,89.98,0.007688376823757495,-0.004368235826172762,-0.0009980104180030741
1635776825176,2021-11-01T10:27:05.176,89.99,0.006737871089180643,-0.004259330201892527,-0.0019500938611419576
1635776825186,2021-11-01T10:27:05.186,90.0,0.005143102485117661,-0.004097386414771173,-0.0016955801044666774
1635776825196,2021-11-01T10:27:05.196,90.01,0.004792382030661765,-0.0032444717780694523,-0.0005239612725761477
1635776825206,2021-11-01T10:27:05.206,90.02,0.0056474088204222,-0.0022762199296856803,0.0003396761934307136
1635776825216,2021-11-01T10:27:05.216,90.03,0.006371138569895338,-0.002552849384204788,0.00013908614257478714
1635776825226,2021-11-01T10:27:05.226,90.04,0.006347330512236064,-0.0036252765164786122,-0.0009278347540082374
1635776825236,2021-11-01T10:27:05.236,90.05,0.0055656480354683065,-0.00322923795394741,-0.0018669038804402527
1635776825246,2021-11-01T10:27:05.246,90.06,0.004360773216751801,-0.0011585060460949843,-0.0018634973314142103
1635776825256,2021-11-01T10:27:05.256,90.07,0.003714580926201339,-0.0007232290607805768,-0.000976079579330055
1635776825266,2021-11-01T10:27:05.266,90.08,0.0036364701113459474,-0.004266992240602459,0.0005614328064447803
1635776825276,2021-11-01T10:27:05.276,90.09,0.0024066402692168006,-0.009156298178297126,0.002257417348645068
1635776825286,2021-11-01T10:27:05.286,90.1,0.00012741235760124943,-0.01020579257476004,0.0023216267711807614
1635776825296,2021-11-01T10:27:05.296,90.11,-0.00015138611841620175,-0.005482554352078741,-0.00046906955998993476
1635776825306,2021-11-01T10:27:05.306,90.12,0.0017926495765529908,0.0006506457303665258,-0.0036211484566339423
1635776825316,2021-11-01T10:27:05.316,90.13,0.0014683903680797485,0.001146742483956606,-0.0033307388674101547
1635776825326,2021-11-01T10:27:05.326,90.14,-0.0026116600590899023,-0.0048976542836713655,-0.0003643117080339975
1635776825336,2021-11-01T10:27:05.336,90.15,-0.005511127530998822,-0.00939728851869423,0.000712622557825783
1635776825346,2021-11-01T10:27:05.346,90.16,-0.0040226959329387356,-0.006009916381332735,-0.0013246807434723368
1635776825356,2021-11-01T10:27:05.356,90.17,-0.001661049737262424,-8.37162316185882e-05,-0.0026737575846144247
1635776825366,2021-11-01T10:27:05.366,90.18,-0.0019358345050932723,-0.0009922444929832007,-0.0009173187134197126
1635776825376,2021-11-01T10:27:05.376,90.19,-0.0027801831605452423,-0.008069780842401566,0.0012760049445969543
1635776825386,2021-11-01T10:27:05.386,90.2,-0.0010085581465076152,-0.012156357105456948,0.0004218040408715256
1635776825396,2021-11-01T10:27:05.396,90.21,0.0023074158246070443,-0.009359985338338919,-0.0029004034531864217
1635776825406,2021-11-01T10:27:05.406,90.22,0.0038306000716033396,-0.0051904708671979775,-0.0052781576778707555
1635776825416,2021-11-01T10:27:05.416,90.23,0.0028606512467683623,-0.004060354353513141,-0.005037343436508157
1635776825426,2021-11-01T10:27:05.426,90.24,0.001912642459547846,-0.00277570142937687,-0.003777588948704015
1635776825436,2021-11-01T10:27:05.436,90.25,0.002752373620458007,0.0014833161405662632,-0.00352121607785099
1635776825446,2021-11-01T10:27:05.446,90.26,0.003872139844815878,0.00486720787610646,-0.0037046806973160553
1635776825456,2021-11-01T10:27:05.456,90.27,0.0032922340203466755,0.0046571131171500675,-0.0024489231561856174
1635776825466,2021-11-01T10:27:05.466,90.28,0.0019276426466770093,0.004677821745531108,-0.0006236749999785524
1635776825476,2021-11-01T10:27:05.476,90.29,0.0017854222276454386,0.0063285023555058415,-0.0012348123499627364
1635776825486,2021-11-01T10:27:05.486,90.3,0.0027003878180613464,0.004058925594082815,-0.003500791614010792
1635776825496,2021-11-01T10:27:05.496,90.31,0.003312395457528922,-0.0035301076066776623,-0.0028403293949624
1635776825506,2021-11-01T10:27:05.506,90.32,0.003398217756767914,-0.008175728230305794,0.0010649968103253866
1635776825516,2021-11-01T10:27:05.516,90.33,0.0032139061454031876,-0.003833939564586224,0.0027592857998244838
1635776825526,2021-11-01T10:27:05.526,90.34,0.0024608243710493053,0.004906322844983387,-9.233952641161838e-05
1635776825536,2021-11-01T10:27:05.536,90.35,0.0014616937450626934,0.010799208378703124,-0.0031289348605251068
1635776825546,2021-11-01T10:27:05.546,90.36,0.0014143890858372907,0.012015709697021797,-0.0027769176165716907
1635776825556,2021-11-01T10:27:05.556,90.37,0.0024360300668581684,0.009638289989767549,-0.0009996039876214236
1635776825566,2021-11-01T10:27:05.566,90.38,0.0033061450233203647,0.0047945639224868004,-0.0006131726343428487
1635776825576,2021-11-01T10:27:05.576,90.39,0.003345520755276457,-0.0004475656964458203,-0.001226799969501384
1635776825586,2021-11-01T10:27:05.586,90.4,0.0024610864787069173,-0.004903418486621038,-0.0015799958108397493
1635776825596,2021-11-01T10:27:05.596,90.41,0.00018009597698810393,-0.009906811543772596,-0.0018340832826230138
1635776825606,2021-11-01T10:27:05.606,90.42,-0.0032004092672699215,-0.015260603849953045,-0.0023755626306729777
1635776825616,2021-11-01T10:27:05.616,90.43,-0.00600078938427431,-0.01693414197137548,-0.0029329638984299748
1635776825626,2021-11-01T10:27:05.626,90.44,-0.007048032767414654,-0.012619101663691278,-0.0031389981274175726
1635776825636,2021-11-01T10:27:05.636,90.45,-0.0063790916262867915,-0.005790209088853239,-0.0027817644351878943
1635776825646,2021-11-01T10:27:05.646,90.46,-0.004304869289507434,-0.0006789523262769855,-0.0020676875252329196
1635776825656,2021-11-01T10:27:05.656,90.47,-0.001949522764995912,0.002640376016516631,-0.001806459802602415
1635776825666,2021-11-01T10:27:05.666,90.48,-0.0014428042190010502,0.004862267321608691,-0.0023666847457167028
1635776825676,2021-11-01T10:27:05.676,90.49,-0.0032789818282290867,0.004273429600607451,-0.0028496475427653408
1635776825686,2021-11-01T10:27:05.686,90.5,-0.004703283926244905,0.0008022239057514049,-0.0023820777256211654
1635776825696,2021-11-01T10:27:05.696,90.51,-0.0028303509590835284,-0.001616827311330619,-0.0016539725706690685
1635776825706,2021-11-01T10:27:05.706,90.52,0.001320975446206614,-0.0004186922763056678,-0.0019018060212876856
1635776825716,2021-11-01T10:27:05.716,90.53,0.0040725743023984325,0.001715565332967779,-0.0027559427835089465
1635776825726,2021-11-01T10:27:05.726,90.54,0.004061778321354724,0.0012657285166976311,-0.0026964523888622863
1635776825736,2021-11-01T10:27:05.736,90.55,0.003264286422175574,-0.001068296030551205,-0.0016273567149472806
1635776825746,2021-11-01T10:27:05.746,90.56,0.003149650629165876,-0.002461020492963518,-0.0011362147272415538
1635776825756,2021-11-01T10:27:05.756,90.57,0.0030707741779701613,-0.0022884651022867875,-0.0018633795484785513
1635776825766,2021-11-01T10:27:05.766,90.58,0.002539502474896303,-0.00149809374757922,-0.002504029031201978
1635776825776,2021-11-01T10:27:05.776,90.59,0.001977441714726334,-0.0004192833297305329,-0.002006223505838285
1635776825786,2021-11-01T10:27:05.786,90.6,0.001357592760588513,0.0001941255748864808,-0.0010971153547529617
1635776825796,2021-11-01T10:27:05.796,90.61,0.0005300905583644125,-0.0010299395109562542,-0.0009629927564226633
1635776825806,2021-11-01T10:27:05.806,90.62,0.00013672233853291523,-0.00325462207553433,-0.0016490849218613582
1635776825816,2021-11-01T10:27:05.816,90.63,0.0005040614810378199,-0.003676552076069312,-0.0022408496556490035
1635776825826,2021-11-01T10:27:05.826,90.64,0.0007505527100779848,-0.0017550650504672821,-0.002018316008440999
1635776825836,2021-11-01T10:27:05.836,90.65,6.458566241110585e-05,0.0001594372731600586,-0.0013620966939104666
1635776825846,2021-11-01T10:27:05.846,90.66,-0.001051504092353357,0.0009037137053429665,-0.0012095288590525102
1635776825856,2021-11-01T10:27:05.856,90.67,-0.0014583875257823504,0.0018008420714421647,-0.0012569147925970809
1635776825866,2021-11-01T10:27:05.866,90.68,-0.0009558776841670732,0.003397254063653169,-0.00016283872953586025
1635776825876,2021-11-01T10:27:05.876,90.69,-0.000626897625315473,0.004052941307181295,0.001791537377844705
1635776825886,2021-11-01T10:27:05.886,90.7,-0.00119866035252051,0.0029195824077549786,0.0025465975665181157
1635776825896,2021-11-01T10:27:05.896,90.71,-0.0017040869759578834,0.0018101919719656445,0.0014590380252844878
1635776825906,2021-11-01T10:27:05.906,90.72,-0.0009783947718903347,0.002257994020605081,0.00032486359617206196
1635776825916,2021-11-01T10:27:05.916,90.73,0.0001149628211314677,0.002603747741420663,0.0007153911922840566
1635776825926,2021-11-01T10:27:05.926,90.74,-0.00024084863823983153,0.0006631956815293871,0.001893699339741484
1635776825936,2021-11-01T10:27:05.936,90.75,-0.001882398493404804,-0.0019184174071584512,0.0019634231368440428
1635776825946,2021-11-01T10:27:05.946,90.76,-0.0028115974215674635,-0.0016006253971898626,0.0006662647421902075
1635776825956,2021-11-01T10:27:05.956,90.77,-0.0021583118596658034,0.0010725498874274476,-9.766177370190674e-05
1635776825966,2021-11-01T10:27:05.966,90.78,-0.0010775992834430284,0.0017845054729874466,0.0007603819594780098
1635776825976,2021-11-01T10:27:05.976,90.79,-0.000663993074187982,-0.0007531712128186363,0.001929593498903808
1635776825986,2021-11-01T10:27:05.986,90.8,-0.0007358206850651682,-0.0028818578718540436,0.0023443646191144275
1635776825996,2021-11-01T10:27:05.996,90.81,-0.000768368178788938,-0.0018517016289946687,0.002726502320659461
1635776826006,2021-11-01T10:27:06.006,90.82,-0.000624376903568713,0.0006096744093505128,0.0031710373496140866
1635776826016,2021-11-01T10:27:06.016,90.83,-0.00040593773964983133,0.0017830247778117694,0.0024171427895602064
1635776826026,2021-11-01T10:27:06.026,90.84,-0.0003301180835393446,0.0017630425092671838,0.000670585764924285
1635776826036,2021-11-01T10:27:06.036,90.85,-0.0004918144136331359,0.002318863813852724,1.0814304096464178e-05
1635776826046,2021-11-01T10:27:06.046,90.86,-0.0008532852812401551,0.0036082709117792123,0.0012729197715538087
1635776826056,2021-11-01T10:27:06.056,90.87,-0.0017087900966739054,0.003735555780942215,0.0030908798665442655
1635776826066,2021-11-01T10:27:06.066,90.88,-0.002945551196504157,0.0018695196782516918,0.0040836174473685895
1635776826076,2021-11-01T10:27:06.076,90.89,-0.0028479846043132652,0.0001398632138055399,0.004020174300679903
1635776826086,2021-11-01T10:27:06.086,90.9,-0.0002754003493184333,0.0003520036910980351,0.003258237335643819
1635776826096,2021-11-01T10:27:06.096,90.91,0.002092940135976325,0.00025770574216095503,0.0024229121129024506
1635776826106,2021-11-01T10:27:06.106,90.92,0.0005833285665989028,-0.0030230111861121716,0.0020864716431403148
1635776826116,2021-11-01T10:27:06.116,90.93,-0.0035418910445232845,-0.006807525736888803,0.0020826426375865808
1635776826126,2021-11-01T10:27:06.126,90.94,-0.005462956446858031,-0.005719427819740958,0.001685195784969327
1635776826136,2021-11-01T10:27:06.136,90.95,-0.003719545256729592,-0.0007311678695123186,0.0006256749123413575
1635776826146,2021-11-01T10:27:06.146,90.96,-0.001157768656933817,0.0014963026915115528,-0.00045433918704140434
1635776826156,2021-11-01T10:27:06.156,90.97,0.0002727530759822017,-0.0007706341189935282,-0.0006705156276696149
1635776826166,2021-11-01T10:27:06.166,90.98,0.001102671453477279,-0.0020396348204608237,-3.197280680289542e-05
1635776826176,2021-11-01T10:27:06.176,90.99,0.0015321732122929549,0.00043734008496765643,0.0005229240135171274
1635776826186,2021-11-01T10:27:06.186,91.0,0.0011509239070652028,0.0029821349749899325,0.0006014004525022086
1635776826196,2021-11-01T10:27:06.196,91.01,0.0006755065194628383,0.004049253523504513,0.0007579834820618349
1635776826206,2021-11-01T10:27:06.206,91.02,0.0008207969577276193,0.006793594769294565,0.0008910230861896353
1635776826216,2021-11-01T10:27:06.216,91.03,0.0006382154231801965,0.010140395653084493,0.00016693286778258695
1635776826226,2021-11-01T10:27:06.226,91.04,-0.0006777098885849853,0.007599056251479183,-0.0009597402050137991
1635776826236,2021-11-01T10:27:06.236,91.05,-0.0018833842481106604,-0.0012634626371423676,-0.0010751668592408553
1635776826246,2021-11-01T10:27:06.246,91.06,-0.0015084163131758076,-0.0075569473016534015,-0.0002839623220314974
1635776826256,2021-11-01T10:27:06.256,91.07,-0.0002375972337330829,-0.004896699601878119,8.970504215729255e-05
1635776826266,2021-11-01T10:27:06.266,91.08,3.4740624622447037e-05,0.002974596254957171,-0.00010386241513213214
1635776826276,2021-11-01T10:27:06.276,91.09,-0.0012254358775530597,0.008737314528208624,3.0276755998488708e-05
1635776826286,2021-11-01T10:27:06.286,91.1,-0.0025660809095259646,0.00945386143903963,0.00038143677160911674
1635776826296,2021-11-01T10:27:06.296,91.11,-0.0024711550302061146,0.006345051042376372,-0.00017021662292380132
1635776826306,2021-11-01T10:27:06.306,91.12,-0.0013603531519626904,0.0017163148827816247,-0.0015715980126287388
1635776826316,2021-11-01T10:27:06.316,91.13,-0.0008700888593148872,-0.0020795596845259714,-0.0019500017597125292
1635776826326,2021-11-01T10:27:06.326,91.14,-0.0013213791958580617,-0.003557867211820584,-0.00024730797917145995
1635776826336,2021-11-01T10:27:06.336,91.15,-0.0013798616923315237,-0.0029885427242679913,0.0017552822712808447
1635776826346,2021-11-01T10:27:06.346,91.16,-0.0004415368519243279,-0.0013279728392363499,0.001963677730282391
1635776826356,2021-11-01T10:27:06.356,91.17,0.0002651606965397745,0.0009239961440765681,0.0011228695710306846
1635776826366,2021-11-01T10:27:06.366,91.18,-0.00040130976940748193,0.0030025657812283273,0.0009236472048182035
1635776826376,2021-11-01T10:27:06.376,91.19,-0.0016467644166603145,0.0037002625006618585,0.0008747332565704402
1635776826386,2021-11-01T10:27:06.386,91.2,-0.0018800036746679173,0.003001551180596103,4.0288315460003474e-05
1635776826396,2021-11-01T10:27:06.396,91.21,-0.0010736284813095136,0.0024105462288474943,-0.00047206847856418337
1635776826406,2021-11-01T10:27:06.406,91.22,-0.0004644811381699108,0.002692452737487138,0.00026264639749501326
1635776826416,2021-11-01T10:27:06.416,91.23,-0.00035092645696439687,0.0025210498697770625,0.0010422572785484913
1635776826426,2021-11-01T10:27:06.426,91.24,-0.00012633285993142172,0.00042898806492608344,0.0012282600500526895
1635776826436,2021-11-01T10:27:06.436,91.25,0.00013674999577852032,-0.0024282699724770883,0.001959288956892412
1635776826446,2021-11-01T10:27:06.446,91.26,0.00011944085948490997,-0.0028293396852921457,0.0028775986735887485
1635776826456,2021-11-01T10:27:06.456,91.27,0.00017720493641847022,0.00030071313602945287,0.0017319320726039685
1635776826466,2021-11-01T10:27:06.466,91.28,0.0003147937999059317,0.0035675335219680776,-0.0012289976595743928
1635776826476,2021-11-01T10:27:06.476,91.29,-1.5617866447060024e-05,0.0031207836100949874,-0.0026208419067054838
1635776826486,2021-11-01T10:27:06.486,91.3,-0.00037431297088746815,-0.00017380419988013052,-0.0009120274522882978
1635776826496,2021-11-01T10:27:06.496,91.31,2.493043924364652e-05,-0.002278780468913675,0.0015443292751284273
1635776826506,2021-11-01T10:27:06.506,91.32,0.00035939618732846876,-0.0015611146242916181,0.002109848456119034
1635776826516,2021-11-01T10:27:06.516,91.33,-0.0004178983652712748,0.00020073574751072385,0.0006641631901526349
1635776826526,2021-11-01T10:27:06.526,91.34,-0.0013653165743167377,0.0015012869927755032,-0.0012342390089638742
1635776826536,2021-11-01T10:27:06.536,91.35,-0.0012192876705524988,0.002750491274590987,-0.0020072468504545426
1635776826546,2021-11-01T10:27:06.546,91.36,-0.000572378511762657,0.004443661792415342,-0.0012385039431355635
1635776826556,2021-11-01T10:27:06.556,91.37,-0.0004822112494534638,0.005895974396342421,-0.00018635899689365003
1635776826566,2021-11-01T10:27:06.566,91.38,-0.000675171950518744,0.00603196712931111,-0.00025969195894468586
1635776826576,2021-11-01T10:27:06.576,91.39,-0.0004585239837333109,0.004589456497617235,-0.0009689862913537037
1635776826586,2021-11-01T10:27:06.586,91.4,-5.690180833443486e-05,0.0025299821890326737,-0.0010096780242588687
1635776826596,2021-11-01T10:27:06.596,91.41,-0.00016638670807734332,0.0014321749855423329,-0.0005704364411226663
1635776826606,2021-11-01T10:27:06.606,91.42,-0.0009999538625250497,0.002291968415752497,-0.00027379969254168624
1635776826616,2021-11-01T10:27:06.616,91.43,-0.0022090348991540736,0.004525651141079903,0.0005525800109530204
1635776826626,2021-11-01T10:27:06.626,91.44,-0.00317452152738869,0.006056897988775574,0.002052677723590464
1635776826636,2021-11-01T10:27:06.636,91.45,-0.0032696202011817635,0.005251392036784491,0.0026595830285360746
1635776826646,2021-11-01T10:27:06.646,91.46,-0.0024049206721468994,0.003183188357447205,0.0018008354714881595
1635776826656,2021-11-01T10:27:06.656,91.47,-0.0012328528525900931,0.002533410775733353,0.0010788760619045968
1635776826666,2021-11-01T10:27:06.666,91.48,-0.0004065011678883193,0.0037235237512742688,0.0015709085870050557
1635776826676,2021-11-01T10:27:06.676,91.49,-9.715882954460782e-05,0.00434944249274224,0.002455295118073913
1635776826686,2021-11-01T10:27:06.686,91.5,-0.00039917844115601605,0.0030673776441109304,0.002733837344332976
1635776826696,2021-11-01T10:27:06.696,91.51,-0.0012449788568146926,0.0013575082710298586,0.0024426990678433585
1635776826706,2021-11-01T10:27:06.706,91.52,-0.001899300450756391,0.0008460830824094603,0.0020121033770473524
1635776826716,2021-11-01T10:27:06.716,91.53,-0.0016225671702547076,0.0014367375340301222,0.00164268802352461
1635776826726,2021-11-01T10:27:06.726,91.54,-0.0007003261818692121,0.0022845551975439315,0.0015728389460814536
1635776826736,2021-11-01T10:27:06.736,91.55,-0.0001226538320932811,0.002608299912742533,0.002056639387085647
1635776826746,2021-11-01T10:27:06.746,91.56,-0.0005673454002880245,0.0019326889157354915,0.002675990400340139
1635776826756,2021-11-01T10:27:06.756,91.57,-0.0018034582368365278,0.0008367416665338868,0.002580933856415669
1635776826766,2021-11-01T10:27:06.766,91.58,-0.0028572253390750577,0.0005811576238951548,0.0017431293485834591
1635776826776,2021-11-01T10:27:06.776,91.59,-0.0031652859541420387,0.001357746619378692,0.0010214988682329621
1635776826786,2021-11-01T10:27:06.786,91.6,-0.003287257443246446,0.0021679127360556055,0.0008714020583778517
1635776826796,2021-11-01T10:27:06.796,91.61,-0.003680529844719134,0.0025803686453232297,0.0009250443199976183
1635776826806,2021-11-01T10:27:06.806,91.62,-0.0035755506998845846,0.0029594339220107646,0.000884478586133678
1635776826816,2021-11-01T10:27:06.816,91.63,-0.0020768213324823164,0.003022908228897386,0.0009680578382279374
1635776826826,2021-11-01T10:27:06.826,91.64,0.00035387857603172743,0.002146996291702234,0.0013546438575264448
1635776826836,2021-11-01T10:27:06.836,91.65,0.0021550061600752075,0.0009734559934477924,0.00197599545889289
1635776826846,2021-11-01T10:27:06.846,91.66,0.002083406978932579,0.0006658907851383102,0.0029584153196612435
1635776826856,2021-11-01T10:27:06.856,91.67,0.0004211079939631017,0.0008930484763666379,0.004367131701921869
1635776826866,2021-11-01T10:27:06.866,91.68,-0.0011866603175808594,0.0005370489465766966,0.005532349790715947
1635776826876,2021-11-01T10:27:06.876,91.69,-0.0014450391870143068,-0.00021751193223863705,0.0056583086185627435
1635776826886,2021-11-01T10:27:06.886,91.7,-0.0007392005385070285,-0.00042060439762815673,0.004947718849028822
1635776826896,2021-11-01T10:27:06.896,91.71,-0.00023917779592479854,-0.0002406096187959932,0.00430812535971141
1635776826906,2021-11-01T10:27:06.906,91.72,-5.598287649336545e-05,-0.00048419291090333436,0.0042337357691011965
1635776826916,2021-11-01T10:27:06.916,91.73,0.0005962034638621643,-0.0007254373397581264,0.004258207044793404
1635776826926,2021-11-01T10:27:06.926,91.74,0.0014646654398835716,0.00025688530198960497,0.0034817177164481396
1635776826936,2021-11-01T10:27:06.936,91.75,0.0014109515719486808,0.0019859845576031075,0.0021495865480166106
1635776826946,2021-11-01T10:27:06.946,91.76,0.0009217469018201668,0.0022507150042385174,0.0018559445430779576
1635776826956,2021-11-01T10:27:06.956,91.77,0.0018326534750351957,0.0006167181430428855,0.002760140433119302
1635776826966,2021-11-01T10:27:06.966,91.78,0.0037003363194612654,-0.00035370047932014914,0.0026732332252506464
1635776826976,2021-11-01T10:27:06.976,91.79,0.003486876831759975,0.0011191374020275418,0.001110944008325687
1635776826986,2021-11-01T10:27:06.986,91.8,0.00022500046834001764,0.003682725297585606,0.0009749739068119153
1635776826996,2021-11-01T10:27:06.996,91.81,-0.0029246430184624583,0.0053349689154646406,0.003267860058932418
1635776827006,2021-11-01T10:27:07.006,91.82,-0.003219129421295931,0.005275084572621847,0.004231706371916416
1635776827016,2021-11-01T10:27:07.016,91.83,-0.0022604967333415874,0.003122634723164138,0.001487617533842716
1635776827026,2021-11-01T10:27:07.026,91.84,-0.0027144477360643753,-0.0005588273114995423,-0.0011664820670975338
1635776827036,2021-11-01T10:27:07.036,91.85,-0.0037430156341937823,-0.003367523230640446,0.0006010249808376943
1635776827046,2021-11-01T10:27:07.046,91.86,-0.003183924217424304,-0.0032206585991480284,0.004941971440617018
1635776827056,2021-11-01T10:27:07.056,91.87,-0.0018175843524040136,-0.0004588880136899031,0.007006652543573207
1635776827066,2021-11-01T10:27:07.066,91.88,-0.0019228606211897444,0.0034248036879233586,0.005508097567547754
1635776827076,2021-11-01T10:27:07.076,91.89,-0.0036092291438502384,0.006998146783474737,0.002631009814607524
1635776827086,2021-11-01T10:27:07.086,91.9,-0.005030778253673862,0.00828992911349406,0.0006979392046764375
1635776827096,2021-11-01T10:27:07.096,91.91,-0.004854160761764861,0.005879697358461708,0.00110977785074734
1635776827106,2021-11-01T10:27:07.106,91.92,-0.00362212341840059,0.00108805640609689,0.0033734730972387935
1635776827116,2021-11-01T10:27:07.116,91.93,-0.0029912286884940095,-0.0029173505331574236,0.004794560600140987
1635776827126,2021-11-01T10:27:07.126,91.94,-0.0033321567102066905,-0.003908312491297004,0.0039829914176670094
1635776827136,2021-11-01T10:27:07.136,91.95,-0.0032494217174704083,-0.0017033878865151267,0.002998949247619635
1635776827146,2021-11-01T10:27:07.146,91.96,-0.0022780695440339075,0.0020516086006780966,0.003532675248588107
1635776827156,2021-11-01T10:27:07.156,91.97,-0.0017562724659843573,0.004745757174480927,0.0041014539486472585
1635776827166,2021-11-01T10:27:07.166,91.98,-0.0024038365813227377,0.004980880613012625,0.0031644844918940207
1635776827176,2021-11-01T10:27:07.176,91.99,-0.003385234856407942,0.0038877680350391606,0.0015686470174132157
1635776827186,2021-11-01T10:27:07.186,92.0,-0.003670591105136541,0.003111397721929964,0.0005534989574796986
1635776827196,2021-11-01T10:27:07.196,92.01,-0.0028993343008879733,0.002505551604639649,0.0002053873566486856
1635776827206,2021-11-01T10:27:07.206,92.02,-0.0016692987139723405,0.0012373414406682375,0.00023564344956878344
1635776827216,2021-11-01T10:27:07.216,92.03,-0.0009897181112322041,-0.00033055512240204326,0.0004003687906000629
1635776827226,2021-11-01T10:27:07.226,92.04,-0.0005226394324955857,-0.0012314731153746953,0.00046502675267504935
1635776827236,2021-11-01T10:27:07.236,92.05,0.0011942365763514082,-0.0009368003830480052,0.0004841243210120863
1635776827246,2021-11-01T10:27:07.246,92.06,0.003930206519800972,0.0006273035912191456,0.0005642623638548018
1635776827256,2021-11-01T10:27:07.256,92.07,0.005456049628589678,0.002735077984177075,0.0004871053063460858
1635776827266,2021-11-01T10:27:07.266,92.08,0.004784540354866001,0.0038278320894919392,2.8124439623943657e-05
1635776827276,2021-11-01T10:27:07.276,92.09,0.0033711966591060466,0.002714762536095216,-0.000772402166739534
1635776827286,2021-11-01T10:27:07.286,92.1,0.002643029267793572,-0.0003638556869581035,-0.0017344775258840244
1635776827296,2021-11-01T10:27:07.296,92.11,0.002456152049245982,-0.0034265841609541926,-0.002485136513748422
1635776827306,2021-11-01T10:27:07.306,92.12,0.002082102227378096,-0.003627465696240043,-0.002598016178763267
1635776827316,2021-11-01T10:27:07.316,92.13,0.0011196224776008506,-0.0002983394328055553,-0.002277160136518056
1635776827326,2021-11-01T10:27:07.326,92.14,-5.175712281722437e-05,0.0031237562561192327,-0.0023807622467217878
1635776827336,2021-11-01T10:27:07.336,92.15,-0.00014978160243853833,0.002797399658886022,-0.0032130558808568434
1635776827346,2021-11-01T10:27:07.346,92.16,0.0012223273158272427,-0.00042682665798022277,-0.0039058521875091597
1635776827356,2021-11-01T10:27:07.356,92.17,0.002323035702942888,-0.0025503226714100593,-0.003641310742635829
1635776827366,2021-11-01T10:27:07.366,92.18,0.001945689930476036,-0.0022242611378613633,-0.002773753901683014
1635776827376,2021-11-01T10:27:07.376,92.19,0.0014747772751777188,-0.0017003311219011673,-0.0020665657267405083
1635776827386,2021-11-01T10:27:07.386,92.2,0.0020240319012598974,-0.002395818232619858,-0.0017693179910025065
1635776827396,2021-11-01T10:27:07.396,92.21,0.0022335916758588954,-0.0027742379094836344,-0.0020339505126747773
1635776827406,2021-11-01T10:27:07.406,92.22,0.0008956175230040575,-0.001449222285901014,-0.003021422978241054
1635776827416,2021-11-01T10:27:07.416,92.23,-0.0008468830900285695,5.607427721297608e-05,-0.00413627292060605
1635776827426,2021-11-01T10:27:07.426,92.24,-0.001246005619476331,-0.00048483673718386196,-0.00434920393533431
1635776827436,2021-11-01T10:27:07.436,92.25,-0.00013944475646561532,-0.002429287083942536,-0.0036408980143913597
1635776827446,2021-11-01T10:27:07.446,92.26,0.001102575661061098,-0.0031466001044915485,-0.0032225750930706468
1635776827456,2021-11-01T10:27:07.456,92.27,0.0011169036934730195,-0.0017809732158964703,-0.0038002406675702524
1635776827466,2021-11-01T10:27:07.466,92.28,0.00012251142406598988,-3.857638653510288e-05,-0.004254465999076241
1635776827476,2021-11-01T10:27:07.476,92.29,-0.00021780712870308843,0.00024278183697280976,-0.0031907874504462285
1635776827486,2021-11-01T10:27:07.486,92.3,0.0011471638647875813,-0.0013565827397909727,-0.0013275703237614117
1635776827496,2021-11-01T10:27:07.496,92.31,0.003392520393225921,-0.0037561468208619727,-0.0004261905969019932
1635776827506,2021-11-01T10:27:07.506,92.32,0.004874780173507126,-0.004705682355233881,-0.00034797737543878923
1635776827516,2021-11-01T10:27:07.516,92.33,0.00480186192289362,-0.0029187434236882526,0.0003615752033087245
1635776827526,2021-11-01T10:27:07.526,92.34,0.003845400350040636,-0.0003820887948548454,0.0014720707885711938
1635776827536,2021-11-01T10:27:07.536,92.35,0.003232099420906906,-0.00015033721005731741,0.0012142950074000168
1635776827546,2021-11-01T10:27:07.546,92.36,0.0030471539473286924,-0.0021532076074241855,-0.0006732038899935697
1635776827556,2021-11-01T10:27:07.556,92.37,0.0023232772695637085,-0.0038297506058180787,-0.0020441508742113567
1635776827566,2021-11-01T10:27:07.566,92.38,0.0011270834280876284,-0.0036617293467520297,-0.0011149467329272147
1635776827576,2021-11-01T10:27:07.576,92.39,0.0006767053088454805,-0.0016337180174511175,0.0008985574820253653
1635776827586,2021-11-01T10:27:07.586,92.4,0.0009812211565901757,0.0017027120051126888,0.001169271772791307
1635776827596,2021-11-01T10:27:07.596,92.41,0.0005875378569302732,0.004391789821689196,-0.0009150844058031928
1635776827606,2021-11-01T10:27:07.606,92.42,-0.0009784230859825945,0.003619565087728414,-0.002997237953633074
1635776827616,2021-11-01T10:27:07.616,92.43,-0.0024418561402513076,-0.0005843929535150067,-0.0031505863063466077
1635776827626,2021-11-01T10:27:07.626,92.44,-0.002614257599466976,-0.0039006234789310387,-0.0021621348056320095
1635776827636,2021-11-01T10:27:07.636,92.45,-0.001613934675358986,-0.0027461933443479487,-0.0017198869370367033
1635776827646,2021-11-01T10:27:07.646,92.46,-0.0003541447293046152,0.0003360748796219972,-0.0019222055223460826
1635776827656,2021-11-01T10:27:07.656,92.47,0.00020995049989302832,0.00020017391935008916,-0.0015077738712317565
1635776827666,2021-11-01T10:27:07.666,92.48,-0.000280440915694383,-0.0029751184105313634,0.00019108503939411272
1635776827676,2021-11-01T10:27:07.676,92.49,-0.0010406130977737864,-0.004779249779502483,0.002184866352765513
1635776827686,2021-11-01T10:27:07.686,92.5,-0.0009002756403813851,-0.004351520612877394,0.002842606213778893
1635776827696,2021-11-01T10:27:07.696,92.51,6.80435288075215e-05,-0.004318718453570863,0.001915495391364065
1635776827706,2021-11-01T10:27:07.706,92.52,0.0005944609849484396,-0.0044154265163133,0.00087403211700137
1635776827716,2021-11-01T10:27:07.716,92.53,0.00014328560516400722,-0.002325090354527242,0.0008210982299413265
1635776827726,2021-11-01T10:27:07.726,92.54,-0.00018954950493198998,0.0003086047591888309,0.0011533764069122678
1635776827736,2021-11-01T10:27:07.736,92.55,0.0006557451565541865,-0.00035226896257990845,0.000851407830103868
1635776827746,2021-11-01T10:27:07.746,92.56,0.001975620501047953,-0.0031421223706576467,-0.00012771025350682676
1635776827756,2021-11-01T10:27:07.756,92.57,0.002340494234815831,-0.003118331539981637,-0.0009849084293122041
1635776827766,2021-11-01T10:27:07.766,92.58,0.0016209293942084394,0.0003481811849495946,-0.0008298850352039062
1635776827776,2021-11-01T10:27:07.776,92.59,0.0007318962068756177,0.0032821445813072327,0.00019346068689355666
1635776827786,2021-11-01T10:27:07.786,92.6,0.00012986531187799685,0.003735921584089849,0.000582082101772756
1635776827796,2021-11-01T10:27:07.796,92.61,-0.00037194990541281937,0.0021788786718982185,-0.0006279044588969736
1635776827806,2021-11-01T10:27:07.806,92.62,-0.0008906733190304937,-0.0018833530851018407,-0.002367872319677413
1635776827816,2021-11-01T10:27:07.816,92.63,-0.0012756647549034298,-0.007379534788140361,-0.00293076233188862
1635776827826,2021-11-01T10:27:07.826,92.64,-0.001372609308150927,-0.009912431641589853,-0.0019105348261420248
1635776827836,2021-11-01T10:27:07.836,92.65,-0.001013954960877151,-0.007467325275497934,-0.0004030021656703937
1635776827846,2021-11-01T10:27:07.846,92.66,2.639994311228822e-05,-0.00315609687712131,0.00011375129853287727
1635776827856,2021-11-01T10:27:07.856,92.67,0.0013272211760235733,-4.444885047884668e-05,-0.0005391251436634329
1635776827866,2021-11-01T10:27:07.866,92.68,0.001578587016911404,0.0014839657961138865,-0.0008166330785432393
1635776827876,2021-11-01T10:27:07.876,92.69,0.0003152371286940197,0.0012746325493901076,0.00016206629720171063
1635776827886,2021-11-01T10:27:07.886,92.7,-0.0008158783079536977,-0.0007265094411442583,0.0006651229200598481
1635776827896,2021-11-01T10:27:07.896,92.71,-0.00014322863847908304,-0.003077044122949261,-0.0009757621137829712
1635776827906,2021-11-01T10:27:07.906,92.72,0.0014278727337189091,-0.004171906444419488,-0.002938390380493881
1635776827916,2021-11-01T10:27:07.916,92.73,0.0017897203977444713,-0.0037575512054058395,-0.00256550042672886
1635776827926,2021-11-01T10:27:07.926,92.74,0.0009561969610071856,-0.0026371274725848675,-0.0009310260036509315
1635776827936,2021-11-01T10:27:07.936,92.75,0.0008843356544628092,-0.0019866506829066934,-0.000641998563134445
1635776827946,2021-11-01T10:27:07.946,92.76,0.0022525726837804585,-0.002274861031210728,-0.0012353446900712326
1635776827956,2021-11-01T10:27:07.956,92.77,0.0034656430926493947,-0.0025543248602649888,-0.0008909272789125895
1635776827966,2021-11-01T10:27:07.966,92.78,0.0032572508764786364,-0.0018673245941833378,-0.00018910443226460117
1635776827976,2021-11-01T10:27:07.976,92.79,0.002646575074264982,-0.0009622680170328115,-0.0008364814071845559
1635776827986,2021-11-01T10:27:07.986,92.8,0.003115825817837179,-0.0014599714946913753,-0.002750156760439824
1635776827996,2021-11-01T10:27:07.996,92.81,0.00410715834108939,-0.003550115158545128,-0.0042150812612600196
1635776828006,2021-11-01T10:27:08.006,92.82,0.0042491497989750535,-0.005461808129762319,-0.0038194565496605685
1635776828016,2021-11-01T10:27:08.016,92.83,0.00402913382077269,-0.005347182902424333,-0.001978993872139111
1635776828026,2021-11-01T10:27:08.026,92.84,0.00486991062194184,-0.0031809670738463984,-0.0007400748675122253
1635776828036,2021-11-01T10:27:08.036,92.85,0.006233332461417997,-0.0009174166400238464,-0.0015512873890801005
1635776828046,2021-11-01T10:27:08.046,92.86,0.006044803723408033,-0.0008009217846319368,-0.003680566447078304
1635776828056,2021-11-01T10:27:08.056,92.87,0.003859371075175504,-0.002903113457461078,-0.005282278187602062
1635776828066,2021-11-01T10:27:08.066,92.88,0.0015871064120249996,-0.005113770760296126,-0.005220609926019639
1635776828076,2021-11-01T10:27:08.076,92.89,0.000769318979422626,-0.006179408269595343,-0.003847107689616999
1635776828086,2021-11-01T10:27:08.086,92.9,0.0006784672933986261,-0.006556890449689476,-0.002821988672337985
1635776828096,2021-11-01T10:27:08.096,92.91,-0.00011481861956443469,-0.005957799602309714,-0.003519949790832377
1635776828106,2021-11-01T10:27:08.106,92.92,-0.0012787894779599808,-0.0034871816033114735,-0.004913009476853442
1635776828116,2021-11-01T10:27:08.116,92.93,-0.0011861578138915487,-0.0005042133863930059,-0.004630352936745773
1635776828126,2021-11-01T10:27:08.126,92.94,0.0003943082863577573,7.169904361486974e-05,-0.0027748283079485725
1635776828136,2021-11-01T10:27:08.136,92.95,0.0017424688166970607,-0.002417081933234818,-0.0020025453579461906
1635776828146,2021-11-01T10:27:08.146,92.96,0.0016221778377571378,-0.0056913688316208855,-0.0030419189366283745
1635776828156,2021-11-01T10:27:08.156,92.97,0.0007679817715834777,-0.007523464246762214,-0.0036355602054131434
1635776828166,2021-11-01T10:27:08.166,92.98,0.0005439849467452032,-0.0074733932497317666,-0.0028114464573733454
1635776828176,2021-11-01T10:27:08.176,92.99,0.0011576907239612866,-0.006112842817721844,-0.0023565820442755054
1635776828186,2021-11-01T10:27:08.186,93.0,0.001637824273198503,-0.004455135297714505,-0.0031464676714279918
1635776828196,2021-11-01T10:27:08.196,93.01,0.0012923398442586632,-0.003658122860518001,-0.0036615996773182004
1635776828206,2021-11-01T10:27:08.206,93.02,0.000710141083078276,-0.0035441532355729713,-0.0029307296591235456
1635776828216,2021-11-01T10:27:08.216,93.03,0.0008957628950346538,-0.002392437373510729,-0.001960066755692375
1635776828226,2021-11-01T10:27:08.226,93.04,0.0018900070658488752,0.00015758368445066974,-0.0016473592050542754
1635776828236,2021-11-01T10:27:08.236,93.05,0.0029640914637060435,0.001753764116203131,-0.0014048837943272986
1635776828246,2021-11-01T10:27:08.246,93.06,0.0035835273413900503,0.0007986162103698036,-0.0005406785289875794
1635776828256,2021-11-01T10:27:08.256,93.07,0.003506166679813889,-0.0008106780569320268,0.00016496238193789326
1635776828266,2021-11-01T10:27:08.266,93.08,0.002823152772011589,-0.0005437333735498272,-0.000639549054689994
1635776828276,2021-11-01T10:27:08.276,93.09,0.0023940511571542067,0.001105131796449986,-0.002591810495861607
1635776828286,2021-11-01T10:27:08.286,93.1,0.002849304566093586,0.0018367884206646919,-0.003618547090434291
1635776828296,2021-11-01T10:27:08.296,93.11,0.0029723933512612703,0.0008295443543527235,-0.002696011177520893
1635776828306,2021-11-01T10:27:08.306,93.12,0.0011553562071949654,-0.0007980152861334925,-0.0012414563471131966
1635776828316,2021-11-01T10:27:08.316,93.13,-0.0017003419092341382,-0.001704308811534408,-0.0010269854559152294
1635776828326,2021-11-01T10:27:08.326,93.14,-0.003220729632534674,-0.001523118344186506,-0.0018457442377891266
1635776828336,2021-11-01T10:27:08.336,93.15,-0.0028165743774609888,-0.0008556652347273279,-0.002107658555445224
1635776828346,2021-11-01T10:27:08.346,93.16,-0.0016457657614180501,-0.00041088924448825993,-0.001096492505425616
1635776828356,2021-11-01T10:27:08.356,93.17,-0.0006068275304484698,-0.00026271070554533985,0.00018606296017391596
1635776828366,2021-11-01T10:27:08.366,93.18,-6.482691633317567e-05,-0.0002164105137889445,0.0003159610121736124
1635776828376,2021-11-01T10:27:08.376,93.19,-0.00013233950577258623,-0.0003583990221037092,-0.0008689681108332865
1635776828386,2021-11-01T10:27:08.386,93.2,-0.00039891230815378593,-0.0003867834371730347,-0.002006042226559559
1635776828396,2021-11-01T10:27:08.396,93.21,-0.0007162150470780022,0.000785904380605563,-0.0016855553155765376
1635776828406,2021-11-01T10:27:08.406,93.22,-0.00197576339795337,0.0030613716602457914,-0.00014022222946898997
1635776828416,2021-11-01T10:27:08.416,93.23,-0.004381562676796738,0.0037111811595907174,0.0009679205679944663
1635776828426,2021-11-01T10:27:08.426,93.24,-0.005823596831167755,0.0006128027385684901,0.00042479597306240523
1635776828436,2021-11-01T10:27:08.436,93.25,-0.004422686290007152,-0.003965910170015913,-0.0013689596351188595
1635776828446,2021-11-01T10:27:08.446,93.26,-0.001981294135610274,-0.005860359920059439,-0.002859601808495663
1635776828456,2021-11-01T10:27:08.456,93.27,-0.0018772468623281515,-0.003941549700416693,-0.002731387813666789
1635776828466,2021-11-01T10:27:08.466,93.28,-0.003791218275966137,-0.0002898094071227828,-0.0013498164096100908
1635776828476,2021-11-01T10:27:08.476,93.29,-0.004123323982169793,0.0020429798427248572,-0.00047229392232468964
1635776828486,2021-11-01T10:27:08.486,93.3,-0.0018317249784088566,0.0008143570997894011,-0.0008994642786848851
1635776828496,2021-11-01T10:27:08.496,93.31,0.000321134818674,-0.0023232366857738815,-0.0015810890467061731
1635776828506,2021-11-01T10:27:08.506,93.32,0.0006693641188570506,-0.0024429964175293616,-0.001804351710932232
1635776828516,2021-11-01T10:27:08.516,93.33,0.00026892851189867973,0.0009396590908809294,-0.0021982717905126075
1635776828526,2021-11-01T10:27:08.526,93.34,-0.0003031378064733989,0.0019321103468473285,-0.0024957638589557275
1635776828536,2021-11-01T10:27:08.536,93.35,-0.0011622575764729652,-0.0013800874533317507,-0.0012086798397503836
1635776828546,2021-11-01T10:27:08.546,93.36,-0.0008443423075926172,-0.0025096856140789797,0.0010716232523897073
1635776828556,2021-11-01T10:27:08.556,93.37,0.00171287061199018,0.0020116472983967635,0.0015597627564766885
1635776828566,2021-11-01T10:27:08.566,93.38,0.00422509695809461,0.005817257855862934,-3.9792055236192927e-05
1635776828576,2021-11-01T10:27:08.576,93.39,0.004223451309475334,0.0035853167375767027,-0.0003437087012423452
1635776828586,2021-11-01T10:27:08.586,93.4,0.0031900985281204785,4.228165596315502e-05,0.002627334690671958
1635776828596,2021-11-01T10:27:08.596,93.41,0.0035707846632768523,0.0015370768018614202,0.006078370594080564
1635776828606,2021-11-01T10:27:08.606,93.42,0.004192742339634865,0.0061453125804627265,0.006067133899782483
1635776828616,2021-11-01T10:27:08.616,93.43,0.0027685955417464997,0.008427358779007663,0.0030226962198495666
1635776828626,2021-11-01T10:27:08.626,93.44,0.0003796239805352714,0.007694160716890847,0.0011428575409837718
1635776828636,2021-11-01T10:27:08.636,93.45,-0.0005638747140914393,0.005874588554352173,0.0021141054752267267
1635776828646,2021-11-01T10:27:08.646,93.46,-0.0004608846999218534,0.002496308811269602,0.002731810876933377
1635776828656,2021-11-01T10:27:08.656,93.47,-0.0011959589563789908,-0.0031219518956938836,0.0006157620459054684
1635776828666,2021-11-01T10:27:08.666,93.48,-0.0029323352820922613,-0.00836355586308176,-0.0014456256288632168
1635776828676,2021-11-01T10:27:08.676,93.49,-0.0045231174742343646,-0.009712019134496246,-7.889695166771578e-05
1635776828686,2021-11-01T10:27:08.686,93.5,-0.005072355358165282,-0.006650917919675218,0.0028689214353148414
1635776828696,2021-11-01T10:27:08.696,93.51,-0.004475925346362068,-0.0015203891021766092,0.002905877096063133
1635776828706,2021-11-01T10:27:08.706,93.52,-0.0038040421362909686,0.002970461074077865,-0.0004078464639455623
1635776828716,2021-11-01T10:27:08.716,93.53,-0.0038982455275200084,0.005339375197576623,-0.0029793065182381296
1635776828726,2021-11-01T10:27:08.726,93.54,-0.003539922946028625,0.005499137566246062,-0.002072080551942219
1635776828736,2021-11-01T10:27:08.736,93.55,-0.0016836791632551433,0.003983251496693455,0.000572268213387664
1635776828746,2021-11-01T10:27:08.746,93.56,4.047028432070069e-05,0.0012956751289075902,0.002050089541006927
1635776828756,2021-11-01T10:27:08.756,93.57,0.0002063654765322075,-0.001735338117280415,0.0020210690367642985
1635776828766,2021-11-01T10:27:08.766,93.58,0.00022110234995668896,-0.0037759942617288846,0.0019004169697808806
1635776828776,2021-11-01T10:27:08.776,93.59,0.0012979660113284135,-0.004018312518658181,0.002016606801575398
1635776828786,2021-11-01T10:27:08.786,93.6,0.002087905974221164,-0.002933491784172737,0.0013199397778094015
1635776828796,2021-11-01T10:27:08.796,93.61,0.0015200958579988282,-0.0015776207425759903,-0.00039332283554640126
1635776828806,2021-11-01T10:27:08.806,93.62,0.0007925484214472137,-0.0006453816885163211,-0.0017298708487237427
1635776828816,2021-11-01T10:27:08.816,93.63,0.000845023312037465,-0.0003486152424412362,-0.0017071196095956708
1635776828826,2021-11-01T10:27:08.826,93.64,0.0007975264609748326,-0.0006015632887040054,-0.0010804067393664783
1635776828836,2021-11-01T10:27:08.836,93.65,0.0002483152366754153,-0.0009972852509159528,-0.000956665731383471
1635776828846,2021-11-01T10:27:08.846,93.66,0.0003421563772115397,-0.0009485723264880583,-0.00124113829816081
1635776828856,2021-11-01T10:27:08.856,93.67,0.0013140345753062486,-0.00025752538261877074,-0.0013437427566373164
1635776828866,2021-11-01T10:27:08.866,93.68,0.0015142767520778724,0.0005541223697319699,-0.0015064110117568538
1635776828876,2021-11-01T10:27:08.876,93.69,0.00024237446864866817,0.000947847464076765,-0.0020740694755002134
1635776828886,2021-11-01T10:27:08.886,93.7,-0.000503148892618982,0.0012218731468675154,-0.0021489198442831395
1635776828896,2021-11-01T10:27:08.896,93.71,0.0012515815619277846,0.0019202636449988316,-0.0008665514728215518
1635776828906,2021-11-01T10:27:08.906,93.72,0.004351090707312598,0.002687317329399922,0.0006726513953265309
1635776828916,2021-11-01T10:27:08.916,93.73,0.005884187941892942,0.002538578012572083,0.0009953085160110341
1635776828926,2021-11-01T10:27:08.926,93.74,0.004853169949499433,0.0010801872861354637,0.0007462481091262923
1635776828936,2021-11-01T10:27:08.936,93.75,0.0029789393179829,-0.0008260315008945325,0.001239837983353405
1635776828946,2021-11-01T10:27:08.946,93.76,0.0022710291512169118,-0.0015806729744849725,0.002051965124865744
1635776828956,2021-11-01T10:27:08.956,93.77,0.002759090283976589,-0.000597373915313181,0.0021589691271456297
1635776828966,2021-11-01T10:27:08.966,93.78,0.0028697846559587463,0.0005727696931421659,0.001711584131221377
1635776828976,2021-11-01T10:27:08.976,93.79,0.0018487533338182216,0.00020539024657369474,0.00125736728094039
1635776828986,2021-11-01T10:27:08.986,93.8,0.0006729035889612405,-0.0008427518495540758,0.0008094351303230616
1635776828996,2021-11-01T10:27:08.996,93.81,0.0001142435767275029,-0.0004806909458795929,0.00036405615392653783
1635776829006,2021-11-01T10:27:09.006,93.82,-0.00031658372405046477,0.000990187372479157,0.00023346230586577846
1635776829016,2021-11-01T10:27:09.016,93.83,-0.0009821935101421424,0.001449245694976104,0.0005417994346556185
1635776829026,2021-11-01T10:27:09.026,93.84,-0.0015205437977741086,0.0006939787712746391,0.0008325009382355237
1635776829036,2021-11-01T10:27:09.036,93.85,-0.0017269506306034012,0.00043119521357774554,0.0005832699873047565
1635776829046,2021-11-01T10:27:09.046,93.86,-0.0017640251831537869,0.000990446442443409,0.0002042464530884361
1635776829056,2021-11-01T10:27:09.056,93.87,-0.0018420768521608334,0.0012036299226513161,0.00068695661999732
1635776829066,2021-11-01T10:27:09.066,93.88,-0.0020261864902828127,0.0011012811281966408,0.0017520230514426732
1635776829076,2021-11-01T10:27:09.076,93.89,-0.0018746858114942276,0.0017011027723415355,0.0017256126355183975
1635776829086,2021-11-01T10:27:09.086,93.9,-0.0008306733373723964,0.0025515681528772293,0.00019260126314679156
1635776829096,2021-11-01T10:27:09.096,93.91,0.0005919443487480597,0.002254688824166512,-0.0008859042362684488
1635776829106,2021-11-01T10:27:09.106,93.92,0.0010463491732838539,0.0007912886171872824,0.0001430844517097993
1635776829116,2021-11-01T10:27:09.116,93.93,0.00018882700478559946,-0.000933609875316543,0.0022968853319621117
1635776829126,2021-11-01T10:27:09.126,93.94,-0.0007682322909042108,-0.002460296274219699,0.0032633599400436397
1635776829136,2021-11-01T10:27:09.136,93.95,-0.0008840525571646709,-0.0030973529912680297,0.0021563328930458607
1635776829146,2021-11-01T10:27:09.146,93.96,-0.0008567130029433962,-0.00226171521885168,0.00040974504585181197
1635776829156,2021-11-01T10:27:09.156,93.97,-0.0015204980046623078,-0.001038293032172799,-0.00011253075482976817
1635776829166,2021-11-01T10:27:09.166,93.98,-0.002042722487999173,-0.00044379955470715893,0.0004206729631158623
1635776829176,2021-11-01T10:27:09.176,93.99,-0.0012800887169712707,0.0005577188123595061,0.00040753674909160007
1635776829186,2021-11-01T10:27:09.186,94.0,0.00021744237502955096,0.0022673033645310386,-0.00021325870316026642
1635776829196,2021-11-01T10:27:09.196,94.01,0.0013392079101737092,0.0028575461228009125,0.00023405220400169035
1635776829206,2021-11-01T10:27:09.206,94.02,0.002029783526008207,0.0022839646051845677,0.001946795358976546
1635776829216,2021-11-01T10:27:09.216,94.03,0.002275882612812044,0.0028835523107788256,0.0028289312141722023
1635776829226,2021-11-01T10:27:09.226,94.04,0.00150936909353809,0.004714065332305497,0.001941342206668213
1635776829236,2021-11-01T10:27:09.236,94.05,0.0001704480607106278,0.005336665122448623,0.0011568873804516304
1635776829246,2021-11-01T10:27:09.246,94.06,-0.0003873014699726967,0.004335700036318027,0.001844076872421664
1635776829256,2021-11-01T10:27:09.256,94.07,-0.00010444239263541901,0.0035407392407632533,0.002466251504904747
1635776829266,2021-11-01T10:27:09.266,94.08,-9.952631741489913e-06,0.0034917119072748627,0.0014797797009677475
1635776829276,2021-11-01T10:27:09.276,94.09,-9.986165614264957e-05,0.003071087371863957,0.00032454080259075645
1635776829286,2021-11-01T10:27:09.286,94.1,0.00014980595666349403,0.0016838696950032192,0.001024674138703668
1635776829296,2021-11-01T10:27:09.296,94.11,0.00015472426013166712,1.6314576735087225e-06,0.0024858708339251384
1635776829306,2021-11-01T10:27:09.306,94.12,-0.0005601256038932458,-0.000530247345551997,0.002207442699324592
1635776829316,2021-11-01T10:27:09.316,94.13,-0.0010160713455661758,0.001222270871553015,0.0006922360065783219
1635776829326,2021-11-01T10:27:09.326,94.14,-0.0006331221228628848,0.004235894037120552,0.000623079580067688
1635776829336,2021-11-01T10:27:09.336,94.15,-0.0005819456675291658,0.005208751232685592,0.0022420599254367114
1635776829346,2021-11-01T10:27:09.346,94.16,-0.0014933346191555125,0.0022363262156928207,0.0033459814024782877
1635776829356,2021-11-01T10:27:09.356,94.17,-0.0017385192871028187,-0.0017982042887445494,0.003158044404415397
1635776829366,2021-11-01T10:27:09.366,94.18,2.187824093001755e-05,-0.0023136853643941644,0.0025649160009570283
1635776829376,2021-11-01T10:27:09.376,94.19,0.002310552909344625,0.0006671482884786718,0.0018856043818904931
1635776829386,2021-11-01T10:27:09.386,94.2,0.0030156994088603667,0.0033947435797079734,0.0013986532351204705
1635776829396,2021-11-01T10:27:09.396,94.21,0.0022880343442496396,0.005001474288964631,0.0017665673653786784
1635776829406,2021-11-01T10:27:09.406,94.22,0.0010838978387581243,0.00714352967942429,0.002130092132696417
1635776829416,2021-11-01T10:27:09.416,94.23,-0.0008402493859279193,0.007778570768781043,0.001116820906721275
1635776829426,2021-11-01T10:27:09.426,94.24,-0.0033072795128592323,0.0031339435077998943,0.00016432613410882014
1635776829436,2021-11-01T10:27:09.436,94.25,-0.004812401504548411,-0.004117904655027093,0.001669194701681546
1635776829446,2021-11-01T10:27:09.446,94.26,-0.004967737182475843,-0.006369876273658405,0.004341284129595402
1635776829456,2021-11-01T10:27:09.456,94.27,-0.0051023378148931636,-0.0011708261155514434,0.0047754188424329255
1635776829466,2021-11-01T10:27:09.466,94.28,-0.005641336287475622,0.006442205981815931,0.0027460234048650384
1635776829476,2021-11-01T10:27:09.476,94.29,-0.005538151808165789,0.011318576703924168,0.0011017171952072851
1635776829486,2021-11-01T10:27:09.486,94.3,-0.00445630707229093,0.012476306710022284,0.0015757009925297253
1635776829496,2021-11-01T10:27:09.496,94.31,-0.0035569239678998653,0.010766630801895863,0.0035367695584117417
1635776829506,2021-11-01T10:27:09.506,94.32,-0.004039607283259754,0.007051238175570258,0.005431856273987696
1635776829516,2021-11-01T10:27:09.516,94.33,-0.0054447672972737955,0.0027356016347596193,0.005979522804501775
1635776829526,2021-11-01T10:27:09.526,94.34,-0.005720837572124221,-0.0006394994166605578,0.005447661436918859
1635776829536,2021-11-01T10:27:09.536,94.35,-0.003932794749576329,-0.0022473910319003886,0.005544556691040367
1635776829546,2021-11-01T10:27:09.546,94.36,-0.0020481680697818634,-0.0015162217590840984,0.0066796376784835475
1635776829556,2021-11-01T10:27:09.556,94.37,-0.001953819329323379,0.0018395438498830128,0.00704652959776771
1635776829566,2021-11-01T10:27:09.566,94.38,-0.0024158699393386444,0.006307598486386265,0.0056811877214214945
1635776829576,2021-11-01T10:27:09.576,94.39,-0.0017609481732229863,0.00882068636605046,0.004093419669624304
1635776829586,2021-11-01T10:27:09.586,94.4,-0.0010545833792809356,0.008189661099749909,0.0036682586636957513
1635776829596,2021-11-01T10:27:09.596,94.41,-0.0017108091595115934,0.0067572000303175,0.003526520551175736
1635776829606,2021-11-01T10:27:09.606,94.42,-0.0027267470986076354,0.006627610820199763,0.002138205348072125
1635776829616,2021-11-01T10:27:09.616,94.43,-0.0027480518749364705,0.0060914608779704315,-0.00019616195777843554
1635776829626,2021-11-01T10:27:09.626,94.44,-0.0023490049009178074,0.0027404082793402187,-0.0015054061904061044
1635776829636,2021-11-01T10:27:09.636,94.45,-0.0024361258976631434,-0.0014519718654357635,-0.0006299112436276061
1635776829646,2021-11-01T10:27:09.646,94.46,-0.0025297250194145833,-0.00204600772310986,0.001020180976353883
1635776829656,2021-11-01T10:27:09.656,94.47,-0.0021314848450552848,0.0013299756690358351,0.0010458547247542585
1635776829666,2021-11-01T10:27:09.666,94.48,-0.001987707552998732,0.0042168185998423076,-0.0005965905965445977
1635776829676,2021-11-01T10:27:09.676,94.49,-0.002602142764501784,0.0035779635850023825,-0.001443748593307956
1635776829686,2021-11-01T10:27:09.686,94.5,-0.0030792123994529716,0.0013212635835354882,-0.00022537889887996328
1635776829696,2021-11-01T10:27:09.696,94.51,-0.002667522586261415,0.0004015329102724766,0.0012440475889329004
1635776829706,2021-11-01T10:27:09.706,94.52,-0.002058712468384715,0.0006367015216071692,0.0009692096719431957
1635776829716,2021-11-01T10:27:09.716,94.53,-0.0020752645002882057,0.00046960098632278617,-0.00017077411930939825
1635776829726,2021-11-01T10:27:09.726,94.54,-0.0021245250859500764,0.0003643484665270596,-9.043355968085402e-05
1635776829736,2021-11-01T10:27:09.736,94.55,-0.0011674211493452487,0.001735636373211281,0.0010310433996258146
1635776829746,2021-11-01T10:27:09.746,94.56,0.00028707717780769126,0.0038713889884538456,0.0014494638947957455
1635776829756,2021-11-01T10:27:09.756,94.57,0.0006839024012599379,0.004462772059808685,0.0009850795124205314
1635776829766,2021-11-01T10:27:09.766,94.58,-0.0002407191164084149,0.0026488008629127866,0.0005906235516576868
1635776829776,2021-11-01T10:27:09.776,94.59,-0.0014013908683342014,-0.00030676204995099313,4.084448613353102e-05
1635776829786,2021-11-01T10:27:09.786,94.6,-0.0021866857012655034,-0.0027653015241096814,-0.0011456616033471564
1635776829796,2021-11-01T10:27:09.796,94.61,-0.0024040169480127683,-0.0035490543024271778,-0.001941856767370475
1635776829806,2021-11-01T10:27:09.806,94.62,-0.001550142139832665,-0.0017973915294177598,-0.0013083807519100742
1635776829816,2021-11-01T10:27:09.816,94.63,8.121285913905059e-06,0.00228050695896535,-2.3104686757257427e-05
1635776829826,2021-11-01T10:27:09.826,94.64,0.0007752731266067852,0.0067025079912981095,0.0005772500756477116
1635776829836,2021-11-01T10:27:09.836,94.65,0.0002056673971553959,0.008804574041432506,0.0003666309075503261
1635776829846,2021-11-01T10:27:09.846,94.66,-0.0009092732393710457,0.007321031799442446,4.400576708508786e-05
1635776829856,2021-11-01T10:27:09.856,94.67,-0.0020914782517200753,0.0037452296862947386,5.7418357544263705e-05
1635776829866,2021-11-01T10:27:09.866,94.68,-0.0030173899364838545,0.001527948187258415,0.00028497037173032133
1635776829876,2021-11-01T10:27:09.876,94.69,-0.0027988596556080595,0.0025161458581191287,0.000257860018281886
1635776829886,2021-11-01T10:27:09.886,94.7,-0.0015237149560305826,0.0043230030226341955,-0.00015030376460827688
1635776829896,2021-11-01T10:27:09.896,94.71,-0.0008795303689296053,0.0035003108692117394,-0.0003694177398054819
1635776829906,2021-11-01T10:27:09.906,94.72,-0.0017198807780789635,0.0007441497162788357,-6.267243901049205e-05
1635776829916,2021-11-01T10:27:09.916,94.73,-0.002802777804574447,-0.0003336850398370384,0.00020334794400616766
1635776829926,2021-11-01T10:27:09.926,94.74,-0.0029305923099022836,0.0009965094039570415,5.88820904418806e-05
1635776829936,2021-11-01T10:27:09.936,94.75,-0.002594364499791201,0.0017696347538130402,0.00013880511924258085
1635776829946,2021-11-01T10:27:09.946,94.76,-0.002441198265051628,0.00020729447149846338,0.0008799503747832082
1635776829956,2021-11-01T10:27:09.956,94.77,-0.0017965529875966823,-0.0017918246828006997,0.0016719440378753481
1635776829966,2021-11-01T10:27:09.966,94.78,-0.00038696561322918463,-0.0016165301614213625,0.0018617894765020244
1635776829976,2021-11-01T10:27:09.976,94.79,0.00018581649015976195,0.0004434733080769137,0.0013922625010929475
1635776829986,2021-11-01T10:27:09.986,94.8,-0.0011172593875687395,0.0016334913948905395,0.00048474975644391687
1635776829996,2021-11-01T10:27:09.996,94.81,-0.0026572858294495487,0.000566830602621805,-0.00024292073944752436
1635776830006,2021-11-01T10:27:10.006,94.82,-0.0025612286624424542,-0.0008444624543757469,-0.00014208538879617515
1635776830016,2021-11-01T10:27:10.016,94.83,-0.0014915796328203428,-0.0006930930810302249,0.0004486496841739662
1635776830026,2021-11-01T10:27:10.026,94.84,-0.0011687655097535788,-0.0005240872905735035,0.0007160001339359008
1635776830036,2021-11-01T10:27:10.036,94.85,-0.00159144447831915,-0.0024614408498549903,0.0006049126961978392
1635776830046,2021-11-01T10:27:10.046,94.86,-0.0013793357169091768,-0.004568779296042876,0.00043434971363451004
1635776830056,2021-11-01T10:27:10.056,94.87,1.746631144589327e-05,-0.0032690712151409234,0.00020554978032775323
1635776830066,2021-11-01T10:27:10.066,94.88,0.001975786295423508,0.0005870605917447212,3.2780129187519116e-05
1635776830076,2021-11-01T10:27:10.076,94.89,0.003915924891958091,0.002503531028348306,9.750565617015982e-05
1635776830086,2021-11-01T10:27:10.086,94.9,0.005466772904373394,0.0010988938920825039,-4.550619367486554e-06
1635776830096,2021-11-01T10:27:10.096,94.91,0.00599217219579839,-6.54365398604191e-05,-0.0005617401764188503
1635776830106,2021-11-01T10:27:10.106,94.92,0.005078745131641327,0.0015598126480994177,-0.00087140688579414
1635776830116,2021-11-01T10:27:10.116,94.93,0.0032199080980246006,0.003446755598600067,-0.0005426123056874278
1635776830126,2021-11-01T10:27:10.126,94.94,0.0015372397046744825,0.002296689246253061,-0.0004695179250462731
1635776830136,2021-11-01T10:27:10.136,94.95,0.0009285614587391464,-0.0005965901192025191,-0.000996786349674008
1635776830146,2021-11-01T10:27:10.146,94.96,0.001441075387428641,-0.0017887433411881621,-0.0010690708845547837
1635776830156,2021-11-01T10:27:10.156,94.97,0.002289496189073684,-0.0012789291492607646,-0.0005098669106596127
1635776830166,2021-11-01T10:27:10.166,94.98,0.002588084730104059,-0.0015989811082292899,-0.0005484056497654011
1635776830176,2021-11-01T10:27:10.176,94.99,0.0022985609192845867,-0.002620159472331421,-0.001159091352091527
1635776830186,2021-11-01T10:27:10.186,95.0,0.0024273927851751406,-0.001741803854667249,-0.0009645840744433593
1635776830196,2021-11-01T10:27:10.196,95.01,0.0038847127395580097,0.0006727255912835375,-0.00027800320798716436
1635776830206,2021-11-01T10:27:10.206,95.02,0.006048656685343399,0.000889150010053651,-0.0007749552698445736
1635776830216,2021-11-01T10:27:10.216,95.03,0.007206026243438432,-0.0017489202135089034,-0.0020779919206954356
1635776830226,2021-11-01T10:27:10.226,95.04,0.006570482474844262,-0.0032822384598691426,-0.002321522000629337
1635776830236,2021-11-01T10:27:10.236,95.05,0.004760172163430023,-0.002003568339870758,-0.0015496471306116486
1635776830246,2021-11-01T10:27:10.246,95.06,0.002528438083783303,-0.0006602759904367663,-0.0010434674149784344
1635776830256,2021-11-01T10:27:10.256,95.07,0.000546358659564438,-6.367953905134447e-05,-0.0007484870753561993
1635776830266,2021-11-01T10:27:10.266,95.08,-0.0003294844735086752,0.0020230472996088564,-0.0003463510027725423
1635776830276,2021-11-01T10:27:10.276,95.09,-9.94156016447376e-05,0.004051232112942554,-0.0005319665609922798
1635776830286,2021-11-01T10:27:10.286,95.1,0.00015836093871688306,0.0010794480430731353,-0.0011039158358506678
1635776830296,2021-11-01T10:27:10.296,95.11,-0.00011675800381008873,-0.006384722994328677,-0.0005627955896026062
1635776830306,2021-11-01T10:27:10.306,95.12,-0.0005023097191126809,-0.011593439813641086,0.001171356390649086
1635776830316,2021-11-01T10:27:10.316,95.13,-0.000686337844773453,-0.010343522347526788,0.0022762999137154382
1635776830326,2021-11-01T10:27:10.326,95.14,-0.0007604166383134944,-0.004559669717719234,0.0017803170667876852
1635776830336,2021-11-01T10:27:10.336,95.15,-0.0008783997761192759,0.001711242390918812,0.0006501440746306784
1635776830346,2021-11-01T10:27:10.346,95.16,-0.0012147603301145384,0.005133797989663382,3.7804419757418324e-05
1635776830356,2021-11-01T10:27:10.356,95.17,-0.0016006354839085241,0.00413306791769586,0.0001424541595551851
1635776830366,2021-11-01T10:27:10.366,95.18,-0.0014906452148789686,0.0003303018782554357,0.0007866770936442028
1635776830376,2021-11-01T10:27:10.376,95.19,-0.0010166839665810598,-0.0030930069279670102,0.0017452446100807498
1635776830386,2021-11-01T10:27:10.386,95.2,-0.0010939845064813262,-0.004910180997081248,0.0024716681192830207
1635776830396,2021-11-01T10:27:10.396,95.21,-0.0018532826562136508,-0.005349820143655738,0.0025844207725857896
1635776830406,2021-11-01T10:27:10.406,95.22,-0.002367178175117603,-0.003931183312112633,0.002518755835407421
1635776830416,2021-11-01T10:27:10.416,95.23,-0.0023161046559821087,-0.0008142493607677887,0.002679708876496795
1635776830426,2021-11-01T10:27:10.426,95.24,-0.0021964919298239935,0.0021121044392469718,0.0024494154159849547
1635776830436,2021-11-01T10:27:10.436,95.25,-0.0017798665813012907,0.0038212814554407695,0.001300408590485761
1635776830446,2021-11-01T10:27:10.446,95.26,-0.0005024363238234223,0.005080656306400002,4.3675838091814174e-05
1635776830456,2021-11-01T10:27:10.456,95.27,0.0006620210010329352,0.005551677511658313,-0.0004967966724282085
1635776830466,2021-11-01T10:27:10.466,95.28,0.0001260566079636018,0.0032807756087708936,-0.0009193132072249722
1635776830476,2021-11-01T10:27:10.476,95.29,-0.0016541996056082709,-0.001683880650426241,-0.0018328318035784985
1635776830486,2021-11-01T10:27:10.486,95.3,-0.0027224019931625675,-0.005951774255174743,-0.0023895478505549335
1635776830496,2021-11-01T10:27:10.496,95.31,-0.0024019646548407826,-0.00626935117461605,-0.0018541672849968853
1635776830506,2021-11-01T10:27:10.506,95.32,-0.0016383175371601343,-0.002919828056304622,-0.0011742293285358883
1635776830516,2021-11-01T10:27:10.516,95.33,-0.0012670741399051463,0.0006305358624595127,-0.0013555649122495917
1635776830526,2021-11-01T10:27:10.526,95.34,-0.001375048391373583,0.0009072336766662921,-0.001772369212607051
1635776830536,2021-11-01T10:27:10.536,95.35,-0.0017233749225150563,-0.002294364726310315,-0.0015056128326516316
1635776830546,2021-11-01T10:27:10.546,95.36,-0.0018908468483515373,-0.005844720593377968,-0.0008907895620765417
1635776830556,2021-11-01T10:27:10.556,95.37,-0.0014727445769287836,-0.007024618552005256,-0.0007323005415326939
1635776830566,2021-11-01T10:27:10.566,95.38,-0.0006696631551498861,-0.00620698334934142,-0.0012598190408373228
1635776830576,2021-11-01T10:27:10.576,95.39,-0.0003132153544741006,-0.004904884073354498,-0.0023546418889402285
1635776830586,2021-11-01T10:27:10.586,95.4,-0.0008944928925115479,-0.0031755603855669282,-0.003676778541528235
1635776830596,2021-11-01T10:27:10.596,95.41,-0.0018108282311489906,-0.000803059747013624,-0.004469247855435581
1635776830606,2021-11-01T10:27:10.606,95.42,-0.0019764916115743176,0.0007666961652125467,-0.0044070397225743916
1635776830616,2021-11-01T10:27:10.616,95.43,-0.0011238179819627009,-3.229200615823601e-05,-0.004391037333388763
1635776830626,2021-11-01T10:27:10.626,95.44,-8.090123504457512e-05,-0.002395828438509508,-0.005054894977963316
1635776830636,2021-11-01T10:27:10.636,95.45,0.0003518006541743942,-0.003946608606043045,-0.005182216097751677
1635776830646,2021-11-01T10:27:10.646,95.46,0.0003114380967737531,-0.003512658685569838,-0.003571801656076211
1635776830656,2021-11-01T10:27:10.656,95.47,0.0004316319362295016,-0.0020728249212157855,-0.0015354449896937533
1635776830666,2021-11-01T10:27:10.666,95.48,0.0009298189900347302,-0.0011936843303520742,-0.0012915164022730724
1635776830676,2021-11-01T10:27:10.676,95.49,0.0014997899953004801,-0.0012474546719476623,-0.002790123418795596
1635776830686,2021-11-01T10:27:10.686,95.5,0.0020540771786948255,-0.001480309722271477,-0.004083816046332354
1635776830696,2021-11-01T10:27:10.696,95.51,0.0029586191604765153,-0.0014500196129677637,-0.0039025522152997018
1635776830706,2021-11-01T10:27:10.706,95.52,0.003930186050349304,-0.0017233429987790724,-0.002489196653028988
1635776830716,2021-11-01T10:27:10.716,95.53,0.0037165736330383183,-0.0030976109344096683,-0.0008838367268313597
1635776830726,2021-11-01T10:27:10.726,95.54,0.0021459230100600284,-0.005279737535016384,-0.00019482865170632432
1635776830736,2021-11-01T10:27:10.736,95.55,0.0011048154589849775,-0.0065000791196329405,-0.0007880909398902387
1635776830746,2021-11-01T10:27:10.746,95.56,0.001963368120912181,-0.005332945402488055,-0.001939557466151813
1635776830756,2021-11-01T10:27:10.756,95.57,0.0036118295649699697,-0.0030258325253926534,-0.002708659190829441
1635776830766,2021-11-01T10:27:10.766,95.58,0.004235235240141946,-0.0023990673696909484,-0.0029317300140187822
1635776830776,2021-11-01T10:27:10.776,95.59,0.003541989305787651,-0.0040151536067077115,-0.0029781679661921665
1635776830786,2021-11-01T10:27:10.786,95.6,0.002538438683351703,-0.005343256808780932,-0.0028385639903588545
1635776830796,2021-11-01T10:27:10.796,95.61,0.00200004193971015,-0.0045615627885143345,-0.0022239355296064583
1635776830806,2021-11-01T10:27:10.806,95.62,0.0016054152249275863,-0.0033232685598033876,-0.0015199787738661747
1635776830816,2021-11-01T10:27:10.816,95.63,0.0007401046479768218,-0.004103941193450741,-0.0014304631556403614
1635776830826,2021-11-01T10:27:10.826,95.64,-9.233202078840324e-05,-0.006229261158851874,-0.001621336700147902
1635776830836,2021-11-01T10:27:10.836,95.65,0.0003053394016495401,-0.0069129681352517874,-0.0012133339585281978
1635776830846,2021-11-01T10:27:10.846,95.66,0.0019677972307407736,-0.0053554527253896885,-0.0004883571859193572
1635776830856,2021-11-01T10:27:10.856,95.67,0.0034631739525355734,-0.003230774283718301,-0.0005241378879707937
1635776830866,2021-11-01T10:27:10.866,95.68,0.003563980533925667,-0.001871826995086337,-0.0015209976603740767
1635776830876,2021-11-01T10:27:10.876,95.69,0.0024854973135452147,-0.0014492276111219803,-0.002934490130349966
1635776830886,2021-11-01T10:27:10.886,95.7,0.0013918192843185469,-0.0018424407872314657,-0.004390212978055643
1635776830896,2021-11-01T10:27:10.896,95.71,0.0010778230322141188,-0.0021298329536320426,-0.005107108746746976
1635776830906,2021-11-01T10:27:10.906,95.72,0.0013986192267035715,-0.0009472260962474753,-0.003986691201533735
1635776830916,2021-11-01T10:27:10.916,95.73,0.0019231701346589757,0.0009301971196913014,-0.0017125555753582417
1635776830926,2021-11-01T10:27:10.926,95.74,0.002556801692112108,0.0008894146482542148,-0.0008595144190782421
1635776830936,2021-11-01T10:27:10.936,95.75,0.003131272415910532,-0.0014274461425279078,-0.0026276181817206003
1635776830946,2021-11-01T10:27:10.946,95.76,0.0030725688452109042,-0.003390264752027944,-0.005099008951992676
1635776830956,2021-11-01T10:27:10.956,95.77,0.002292284878308004,-0.003350859129997834,-0.005734562470710565
1635776830966,2021-11-01T10:27:10.966,95.78,0.0018827893918748504,-0.0023584696208082713,-0.00462932390859775
1635776830976,2021-11-01T10:27:10.976,95.79,0.0028705236931628546,-0.002227493068491452,-0.004015503323806445
1635776830986,2021-11-01T10:27:10.986,95.8,0.004645836811879584,-0.0038870354086107768,-0.0044854819458335915
1635776830996,2021-11-01T10:27:10.996,95.81,0.005798556262797303,-0.006110927203540777,-0.003990912139276814
1635776831006,2021-11-01T10:27:11.006,95.82,0.006100082142988393,-0.005967520563430422,-0.001916996541493938
1635776831016,2021-11-01T10:27:11.016,95.83,0.00632789383979252,-0.0030727714581611333,-0.0007580102764482194
1635776831026,2021-11-01T10:27:11.026,95.84,0.006545956162144869,-0.0007265379725213637,-0.001517989868058735
1635776831036,2021-11-01T10:27:11.036,95.85,0.006044870209737957,-0.0003587017822920667,-0.0017785991363790212
1635776831046,2021-11-01T10:27:11.046,95.86,0.005013359178495488,0.00027592375850440427,-0.0007806884378466537
1635776831056,2021-11-01T10:27:11.056,95.87,0.004849295749738299,0.0018129256503980641,-0.0012597003458841092
1635776831066,2021-11-01T10:27:11.066,95.88,0.005801200425762328,0.0017204616936887748,-0.003810965044134367
1635776831076,2021-11-01T10:27:11.076,95.89,0.005527155310090386,-0.0011852130836629367,-0.004834006786404676
1635776831086,2021-11-01T10:27:11.086,95.9,0.0022953786651846346,-0.004710804979856445,-0.002301557565265485
1635776831096,2021-11-01T10:27:11.096,95.91,-0.001586009101702836,-0.006049480525316469,0.0012351884998277572
1635776831106,2021-11-01T10:27:11.106,95.92,-0.002871965103062837,-0.004449433725479146,0.0029339828274908154
1635776831116,2021-11-01T10:27:11.116,95.93,-0.002186853824533142,-0.0010059423787774152,0.002869322161184294
1635776831126,2021-11-01T10:27:11.126,95.94,-0.0018146746183849375,0.00234674880614513,0.0021258207665844978
1635776831136,2021-11-01T10:27:11.136,95.95,-0.001166057905660374,0.002807856210680663,0.001123609886061304
1635776831146,2021-11-01T10:27:11.146,95.96,0.0012990953625986472,-0.0014700396793879491,0.00028305752931179104
1635776831156,2021-11-01T10:27:11.156,95.97,0.0039982358817588146,-0.007802593414374233,-4.097225536834002e-05
1635776831166,2021-11-01T10:27:11.166,95.98,0.0040588516704347715,-0.010808219770275386,1.4271452146619945e-05
1635776831176,2021-11-01T10:27:11.176,95.99,0.0017102513660377959,-0.009232202376970753,0.0005690651241338713
1635776831186,2021-11-01T10:27:11.186,96.0,-0.0002175227760704663,-0.00653190525372873,0.001514052643714031
1635776831196,2021-11-01T10:27:11.196,96.01,-0.0002449558043002402,-0.00422571944782855,0.0013032284736578083
1635776831206,2021-11-01T10:27:11.206,96.02,0.0006235111773303058,-0.0005557784366581585,-0.0007485193350967596
1635776831216,2021-11-01T10:27:11.216,96.03,0.0011315315932920633,0.0038024992691536156,-0.0021283048350346496
1635776831226,2021-11-01T10:27:11.226,96.04,0.001190389224626392,0.00530805076324571,-0.0010750419480002632
1635776831236,2021-11-01T10:27:11.236,96.05,0.0010732921367294234,0.003344266655193517,-0.0004513295406628981
1635776831246,2021-11-01T10:27:11.246,96.06,0.0007061326880513697,0.0004355791326952252,-0.0029100877595771442
1635776831256,2021-11-01T10:27:11.256,96.07,0.00022723940337232123,-0.002612683262888848,-0.005532245227282195
1635776831266,2021-11-01T10:27:11.266,96.08,0.0002156810477562085,-0.0058723636438841355,-0.00451912446073113
1635776831276,2021-11-01T10:27:11.276,96.09,0.0008714840334026166,-0.006299125224613745,-0.0015371492255125318
1635776831286,2021-11-01T10:27:11.286,96.1,0.0016563435473692155,-0.0011989343672934329,-0.0003697152558870645
1635776831296,2021-11-01T10:27:11.296,96.11,0.0018926247154087536,0.00525506230141133,-0.001051603137537569
1635776831306,2021-11-01T10:27:11.306,96.12,0.0012813500294390858,0.005516716845847909,-0.0015340040458027907
1635776831316,2021-11-01T10:27:11.316,96.13,0.00014760215805831116,-0.0011012014322383868,-0.0015643180081132487
1635776831326,2021-11-01T10:27:11.326,96.14,-0.0005961767807052224,-0.007400887869563523,-0.001881055125116635
1635776831336,2021-11-01T10:27:11.336,96.15,-0.0003573843809763369,-0.0080655222896174,-0.0023810896649330516
1635776831346,2021-11-01T10:27:11.346,96.16,0.0002370271119617315,-0.005263510560678534,-0.0026658589689001833
1635776831356,2021-11-01T10:27:11.356,96.17,0.00011168087111321703,-0.0034550198763609874,-0.002664102727398765
1635776831366,2021-11-01T10:27:11.366,96.18,-0.0006405141297791558,-0.0031720120322843433,-0.0024226171098035874
1635776831376,2021-11-01T10:27:11.376,96.19,-0.0008163433243732212,-0.002290708880953749,-0.002193004576019968
1635776831386,2021-11-01T10:27:11.386,96.2,0.00011950169123612256,-0.0006192384706799417,-0.0024343752725404233
1635776831396,2021-11-01T10:27:11.396,96.21,0.001334938130492523,-9.449598479901799e-05,-0.0032296904695932305
1635776831406,2021-11-01T10:27:11.406,96.22,0.0019794137003259385,-0.0013330775102254968,-0.003868864165291314
1635776831416,2021-11-01T10:27:11.416,96.23,0.002143659471240711,-0.002697584724265356,-0.0035147065954215474
1635776831426,2021-11-01T10:27:11.426,96.24,0.0021965301116025357,-0.0027900768806001955,-0.00249966742618901
1635776831436,2021-11-01T10:27:11.436,96.25,0.0022281915503873664,-0.0018797063547754478,-0.0019836432603105017
1635776831446,2021-11-01T10:27:11.446,96.26,0.002367295607452421,-0.0007865746142287018,-0.0019616631116402975
1635776831456,2021-11-01T10:27:11.456,96.27,0.002832585834170102,1.796233897292685e-05,-0.0014848668808075476
1635776831466,2021-11-01T10:27:11.466,96.28,0.00348159638390942,0.0002146912565313659,-0.000843742646140072
1635776831476,2021-11-01T10:27:11.476,96.29,0.0036689570636341835,-6.702615801849197e-05,-0.0007714425941371585
1635776831486,2021-11-01T10:27:11.486,96.3,0.0029001529160816927,-6.870601876345889e-06,-0.00038324503604968856
1635776831496,2021-11-01T10:27:11.496,96.31,0.0018175668244348408,0.0006678136753698825,0.001069338232255526
1635776831506,2021-11-01T10:27:11.506,96.32,0.0017685607186701637,0.00089891314238697,0.002342044852685556
1635776831516,2021-11-01T10:27:11.516,96.33,0.002726778157193542,-3.512925193072458e-05,0.002390187548960271
1635776831526,2021-11-01T10:27:11.526,96.34,0.002941957119384716,-0.0011704076454147367,0.0017518026914275678
1635776831536,2021-11-01T10:27:11.536,96.35,0.0015363284354593563,-0.0015389906499669946,0.0008638715940588407
1635776831546,2021-11-01T10:27:11.546,96.36,-0.0003097936911793909,-0.001711012404130146,-0.00022147050146673712
1635776831556,2021-11-01T10:27:11.556,96.37,-0.0015158460863852357,-0.0020422695837061626,-0.0008356042060804639
1635776831566,2021-11-01T10:27:11.566,96.38,-0.002344479737579099,-0.0012345450352187395,-0.000645737272656372
1635776831576,2021-11-01T10:27:11.576,96.39,-0.003012601173794286,0.0013512248851582666,-0.0004586525965084099
1635776831586,2021-11-01T10:27:11.586,96.4,-0.0031285803903102014,0.003844110766015444,-0.0005622641223862161
1635776831596,2021-11-01T10:27:11.596,96.41,-0.0026551423208421516,0.004376586891743635,0.000139689448187521
1635776831606,2021-11-01T10:27:11.606,96.42,-0.0019714727711263023,0.003460335335158907,0.0019159998050580988
1635776831616,2021-11-01T10:27:11.616,96.43,-0.001316395422629321,0.002147003774286959,0.002888305041817628
1635776831626,2021-11-01T10:27:11.626,96.44,-0.0008134734525513324,0.000295611316988166,0.0018145657372701314
1635776831636,2021-11-01T10:27:11.636,96.45,-0.0003926570005707441,-0.001850161001455991,0.00047238954168441535
1635776831646,2021-11-01T10:27:11.646,96.46,0.00024526289588425393,-0.003071789440174871,0.0010527168388717056
1635776831656,2021-11-01T10:27:11.656,96.47,0.0010291765622153343,-0.003155030906115367,0.0028797829012824944
1635776831666,2021-11-01T10:27:11.666,96.48,0.0014556536690086969,-0.002805068067683636,0.003812205042305269
1635776831676,2021-11-01T10:27:11.676,96.49,0.0012614905121820078,-0.0016560064616397705,0.0033371662340359555
1635776831686,2021-11-01T10:27:11.686,96.5,0.00043649359635683526,0.0006773664880807857,0.002556292709470217
1635776831696,2021-11-01T10:27:11.696,96.51,-0.0008950960523775446,0.002579242909409922,0.0022377570258123253
1635776831706,2021-11-01T10:27:11.706,96.52,-0.001962589855158383,0.002649736811384417,0.002328929571796664
1635776831716,2021-11-01T10:27:11.716,96.53,-0.0019000175566744027,0.0022773241362384227,0.002862374275859851
1635776831726,2021-11-01T10:27:11.726,96.54,-0.0012768321899349296,0.0032214707314213815,0.0039660479794916825
1635776831736,2021-11-01T10:27:11.736,96.55,-0.0015968132213114647,0.004753051978660894,0.0049911023872381095
1635776831746,2021-11-01T10:27:11.746,96.56,-0.0030751777318645686,0.005019203650773411,0.004835035754808583
1635776831756,2021-11-01T10:27:11.756,96.57,-0.0044401087405352545,0.003119744949851673,0.00339046899989248
1635776831766,2021-11-01T10:27:11.766,96.58,-0.004873442745736803,-0.00041523023406982244,0.0019428221722012843
1635776831776,2021-11-01T10:27:11.776,96.59,-0.004593435994673481,-0.003102555827815193,0.0017384636427164439
1635776831786,2021-11-01T10:27:11.786,96.6,-0.003770004343041173,-0.0019486348373769966,0.0024309165041148115
1635776831796,2021-11-01T10:27:11.796,96.61,-0.0025798308562506476,0.0020584279569529013,0.002773902902697178
1635776831806,2021-11-01T10:27:11.806,96.62,-0.0019417034913278013,0.003612940792299559,0.0027317649856178758
1635776831816,2021-11-01T10:27:11.816,96.63,-0.002238166926827973,0.0004952505481138679,0.0031102470154693957
1635776831826,2021-11-01T10:27:11.826,96.64,-0.002042914659746354,-0.002275989628644767,0.0032721676840821974
1635776831836,2021-11-01T10:27:11.836,96.65,-0.00043802153757600365,-1.0802526847123947e-05,0.0021054639813557763
1635776831846,2021-11-01T10:27:11.846,96.66,0.0008940765775062099,0.0043169478362923225,0.0008634441495907313
1635776831856,2021-11-01T10:27:11.856,96.67,0.0006945011752827743,0.005948181688538714,0.001431420587743484
1635776831866,2021-11-01T10:27:11.866,96.68,0.000625503697992308,0.006411924588020115,0.002664571984057134
1635776831876,2021-11-01T10:27:11.876,96.69,0.001568387618933142,0.008803163173909454,0.002304207388432617
1635776831886,2021-11-01T10:27:11.886,96.7,0.0012323687736295707,0.010263816536220754,0.0010506737192017535
1635776831896,2021-11-01T10:27:11.896,96.71,-0.001257365527067772,0.0066708677234046275,0.001007647761804727
1635776831906,2021-11-01T10:27:11.906,96.72,-0.0029350048641182728,0.000769049576758731,0.0017476214322057146
1635776831916,2021-11-01T10:27:11.916,96.73,-0.002166797872558056,-0.0010812714695014468,0.0012994753399697726
1635776831926,2021-11-01T10:27:11.926,96.74,-0.0015015740578545064,0.001994879884604936,-8.902694171483298e-05
1635776831936,2021-11-01T10:27:11.936,96.75,-0.0028655175075018705,0.0051185490093767815,-0.00012576568461158263
1635776831946,2021-11-01T10:27:11.946,96.76,-0.004518831982999338,0.005657015498493411,0.0017126544761946734
1635776831956,2021-11-01T10:27:11.956,96.77,-0.0047779026641428055,0.005845475125213228,0.003081065543372228
1635776831966,2021-11-01T10:27:11.966,96.78,-0.004691252268447747,0.006657999386979495,0.0022508967075798533
1635776831976,2021-11-01T10:27:11.976,96.79,-0.005437810763375085,0.00506927817773195,0.0005261909809104307
1635776831986,2021-11-01T10:27:11.986,96.8,-0.006043628159716277,-0.00014773196406427244,0.00015942108852885173
1635776831996,2021-11-01T10:27:11.996,96.81,-0.005052654189072039,-0.004997137444566421,0.0015909305789286589
1635776832006,2021-11-01T10:27:12.006,96.82,-0.0030047071514245375,-0.005464998531630549,0.003348610439160854
1635776832016,2021-11-01T10:27:12.016,96.83,-0.0018594603584816067,-0.00237064417800768,0.003692402307042167
1635776832026,2021-11-01T10:27:12.026,96.84,-0.0020599822559308973,0.001147864625355668,0.002544825812439128
1635776832036,2021-11-01T10:27:12.036,96.85,-0.0018328247335384989,0.003793144102998596,0.0016353840593290683
1635776832046,2021-11-01T10:27:12.046,96.86,-0.00020716587853178927,0.005838715050357087,0.0018404293758891212
1635776832056,2021-11-01T10:27:12.056,96.87,0.0012468145751684194,0.007105066947736511,0.0019042171386104184
1635776832066,2021-11-01T10:27:12.066,96.88,0.0010015815701270797,0.0069350239519832095,0.0011789896678433272
1635776832076,2021-11-01T10:27:12.076,96.89,-0.0002046607598926618,0.005117446380940636,0.0010415542712050533
1635776832086,2021-11-01T10:27:12.086,96.9,-0.00111298100038163,0.002258932684889737,0.0019258894149159999
1635776832096,2021-11-01T10:27:12.096,96.91,-0.0016776261717513816,-1.6454555677465578e-05,0.001997335043596074
1635776832106,2021-11-01T10:27:12.106,96.92,-0.0019613935255028262,0.000288633987967582,0.0004869786931726369
1635776832116,2021-11-01T10:27:12.116,96.93,-0.0017282855373061989,0.00330419794508016,-0.0006800491077471902
1635776832126,2021-11-01T10:27:12.126,96.94,-0.0015452200759922732,0.006270240677810637,-9.203285751195145e-05
1635776832136,2021-11-01T10:27:12.136,96.95,-0.0018225613683653516,0.006454064167744114,0.000978495224831108
1635776832146,2021-11-01T10:27:12.146,96.96,-0.001513522278479693,0.0044937683429026355,0.0008234951320518112
1635776832156,2021-11-01T10:27:12.156,96.97,-0.0001671821729693347,0.0030425160729320227,-0.0001918506116581609
1635776832166,2021-11-01T10:27:12.166,96.98,0.0005899110042361453,0.0029010763855419385,-0.00046721102149300994
1635776832176,2021-11-01T10:27:12.176,96.99,-0.00029634591444621856,0.002805857009830086,0.00028027141010832763
1635776832186,2021-11-01T10:27:12.186,97.0,-0.001621337092761492,0.0024510226435567146,0.000544697873534589
1635776832196,2021-11-01T10:27:12.196,97.01,-0.002180528960917006,0.0028814136576064703,-0.0004512748207643493
1635776832206,2021-11-01T10:27:12.206,97.02,-0.002088029323197257,0.003999874843071379,-0.0011525898230484363
1635776832216,2021-11-01T10:27:12.216,97.03,-0.00149905531461481,0.004446538885890715,-4.660504692277455e-05
1635776832226,2021-11-01T10:27:12.226,97.04,-0.0005452139123904449,0.0037906333500975224,0.0016363959917264459
1635776832236,2021-11-01T10:27:12.236,97.05,-0.00013386624447374418,0.002697057879519851,0.0016708670465558962
1635776832246,2021-11-01T10:27:12.246,97.06,-0.0006952120166902862,0.001790921697284482,0.00021518694716127147
1635776832256,2021-11-01T10:27:12.256,97.07,-0.0011308096879283727,0.0016537825056252582,-0.0008179768492302009
1635776832266,2021-11-01T10:27:12.266,97.08,-0.0006921959222690526,0.0024627845415751744,-0.0007795289173094168
1635776832276,2021-11-01T10:27:12.276,97.09,-0.000478915039877453,0.0034227093376861385,-0.0005130237001203863
1635776832286,2021-11-01T10:27:12.286,97.1,-0.0015348510445801382,0.003974561002385778,-0.00038725430676697366
1635776832296,2021-11-01T10:27:12.296,97.11,-0.002902322164683526,0.004417976908103816,0.00013273280211231433
1635776832306,2021-11-01T10:27:12.306,97.12,-0.0030677779916656756,0.004432319084763089,0.001231622709324844
1635776832316,2021-11-01T10:27:12.316,97.13,-0.0022271616001569797,0.0033443554309230215,0.0021498496061585015
1635776832326,2021-11-01T10:27:12.326,97.14,-0.0017147186938753474,0.0021763281516671397,0.0021981463835470004
1635776832336,2021-11-01T10:27:12.336,97.15,-0.0018928956427019805,0.002488471631335373,0.0019038968226398473
1635776832346,2021-11-01T10:27:12.346,97.16,-0.0018709675251861696,0.003577172890203122,0.002315151558373646
1635776832356,2021-11-01T10:27:12.356,97.17,-0.0009998681668036357,0.0037872365212386974,0.0031990264000111113
1635776832366,2021-11-01T10:27:12.366,97.18,0.00034188710034417213,0.003299457148352213,0.003155795896732829
1635776832376,2021-11-01T10:27:12.376,97.19,0.001380538920716109,0.002793465715148311,0.002021610085787287
1635776832386,2021-11-01T10:27:12.386,97.2,0.0017092372961372275,0.0016574612552530564,0.0017393839666985122
1635776832396,2021-11-01T10:27:12.396,97.21,0.0014032017944661669,0.00021178782347447883,0.003690967432469278
1635776832406,2021-11-01T10:27:12.406,97.22,0.0007444142964532141,0.0006098118748830168,0.006298694057068402
1635776832416,2021-11-01T10:27:12.416,97.23,-2.135167450424447e-05,0.003092592141809633,0.0068329457232218175
1635776832426,2021-11-01T10:27:12.426,97.24,-0.0006021993267668193,0.0048329000866617535,0.005107887825494635
1635776832436,2021-11-01T10:27:12.436,97.25,-0.0006287640584888206,0.004282117433880451,0.0036432974963264263
1635776832446,2021-11-01T10:27:12.446,97.26,-0.00024236329154158143,0.0028161852323109436,0.00407656421910144
1635776832456,2021-11-01T10:27:12.456,97.27,-0.0003215201966803567,0.0012725815267001033,0.005398501008542716
1635776832466,2021-11-01T10:27:12.466,97.28,-0.001330532576613799,-0.000651982139907078,0.0060016077914345906
1635776832476,2021-11-01T10:27:12.476,97.29,-0.002482908096097979,-0.001574095908810262,0.005305403319699609
1635776832486,2021-11-01T10:27:12.486,97.3,-0.0028409256072827347,0.0001909622595925165,0.0034828734270121297
1635776832496,2021-11-01T10:27:12.496,97.31,-0.002517464619485968,0.002903974292071311,0.0016056401933734236
1635776832506,2021-11-01T10:27:12.506,97.32,-0.0021026028265950913,0.003423244790172022,0.001193222064890533
1635776832516,2021-11-01T10:27:12.516,97.33,-0.0017606052671639057,0.0022068560997248908,0.002110522387214798
1635776832526,2021-11-01T10:27:12.526,97.34,-0.0014678224129327268,0.002407288967251231,0.002573793158804686
1635776832536,2021-11-01T10:27:12.536,97.35,-0.001366220830756715,0.004369949015833825,0.002114010180399057
1635776832546,2021-11-01T10:27:12.546,97.36,-0.0016041239965392672,0.004874508934130333,0.002072865374920747
1635776832556,2021-11-01T10:27:12.556,97.37,-0.0023334523807238966,0.002497912135657068,0.0026139971110518212
1635776832566,2021-11-01T10:27:12.566,97.38,-0.003471822585824521,1.7774053424037244e-05,0.002312011286714258
1635776832576,2021-11-01T10:27:12.576,97.39,-0.004115152888406562,1.3537181826566528e-05,0.0011269240933528485
1635776832586,2021-11-01T10:27:12.586,97.4,-0.0032592866366640823,0.001506440905561692,0.00047586447110091376
1635776832596,2021-11-01T10:27:12.596,97.41,-0.0014443836325945631,0.0027559282707507746,0.00029056174542110575
1635776832606,2021-11-01T10:27:12.606,97.42,-0.0004238847366016707,0.004250198700907529,-0.0006155472578581219
1635776832616,2021-11-01T10:27:12.616,97.43,-0.0009629124210567318,0.006663337046988439,-0.0016457893257584223
1635776832626,2021-11-01T10:27:12.626,97.44,-0.0019141076012918578,0.008285371597729529,-0.0012070081679490588
1635776832636,2021-11-01T10:27:12.636,97.45,-0.0017048223838708187,0.007278842398265985,0.00022786490305480903
1635776832646,2021-11-01T10:27:12.646,97.46,-0.00041861247414065974,0.004975930879798602,0.0008547162114258115
1635776832656,2021-11-01T10:27:12.656,97.47,0.00018976249433087629,0.0037949693526366526,0.0005991105519514094
1635776832666,2021-11-01T10:27:12.666,97.48,-0.0007626634118853738,0.002941305337083492,0.00076097495366715
1635776832676,2021-11-01T10:27:12.676,97.49,-0.0017639542257916565,0.0001892338531553423,0.0013901469454138797
1635776832686,2021-11-01T10:27:12.686,97.5,-0.0011143415634698,-0.002573454345965842,0.0014538484414043785
1635776832696,2021-11-01T10:27:12.696,97.51,0.00041656603759666417,-0.0010362827809202095,0.0009115265718332113
1635776832706,2021-11-01T10:27:12.706,97.52,0.000735518612547083,0.0034763700127073195,0.000607128524691321
1635776832716,2021-11-01T10:27:12.716,97.53,-0.0003828861122660886,0.004193856883212557,0.0007436475257398992
1635776832726,2021-11-01T10:27:12.726,97.54,-0.0010043742049866684,-0.000529303806159712,0.0008902051590871819
1635776832736,2021-11-01T10:27:12.736,97.55,-2.406676192488421e-05,-0.003947759836324401,0.0008796940243588486
1635776832746,2021-11-01T10:27:12.746,97.56,0.0012157846983773765,-0.0013458431592652466,0.0008172817888663392
1635776832756,2021-11-01T10:27:12.756,97.57,0.001094307422440817,0.003883417184823823,0.0007571071868901855
1635776832766,2021-11-01T10:27:12.766,97.58,0.00020707777453216153,0.007579003811265434,0.0008172351889287556
1635776832776,2021-11-01T10:27:12.776,97.59,0.00017836403090317756,0.00983788030253158,0.0010350552823590973
1635776832786,2021-11-01T10:27:12.786,97.6,0.0007236998543461665,0.009968793999784776,0.0009626738006436709
1635776832796,2021-11-01T10:27:12.796,97.61,0.00011394802399808889,0.005168740200875294,0.00023850227751539746
1635776832806,2021-11-01T10:27:12.806,97.62,-0.0017269193698416154,-0.002830056767408877,-0.0003757848510694528
1635776832816,2021-11-01T10:27:12.816,97.63,-0.003301787320977341,-0.007072298888607028,0.0002772661059709945
1635776832826,2021-11-01T10:27:12.826,97.64,-0.004402621419626465,-0.0038806059993064523,0.0018113611628322074
1635776832836,2021-11-01T10:27:12.836,97.65,-0.005767177658577578,0.00288421273290573,0.0025269686877427895
1635776832846,2021-11-01T10:27:12.846,97.66,-0.006528485731123709,0.00751506073736944,0.0018450945429555206
1635776832856,2021-11-01T10:27:12.856,97.67,-0.005535354387497747,0.008630063016913532,0.0009169848896853759
1635776832866,2021-11-01T10:27:12.866,97.68,-0.004211612532838203,0.007799448047199083,0.0006151001011081954
1635776832876,2021-11-01T10:27:12.876,97.69,-0.004337277853955913,0.00502618590055816,0.0006236884040016297
1635776832886,2021-11-01T10:27:12.886,97.7,-0.004481497450096145,-0.00035905705324850996,0.0005970534932566771
1635776832896,2021-11-01T10:27:12.896,97.71,-0.002726610747414246,-0.005561656535148317,0.0007174995886408104
1635776832906,2021-11-01T10:27:12.906,97.72,-0.000951179510724143,-0.0066357566513225545,0.0011894879212192573
1635776832916,2021-11-01T10:27:12.916,97.73,-0.001743562966155913,-0.004486242837732997,0.0019748322535028885
1635776832926,2021-11-01T10:27:12.926,97.74,-0.003162999668573554,-0.0025038290497212106,0.002696540136439485
1635776832936,2021-11-01T10:27:12.936,97.75,-0.001781873541197985,-0.00017750386392233238,0.002851420200304748
1635776832946,2021-11-01T10:27:12.946,97.76,0.0009182575981999621,0.0038931386584915378,0.0024891063920595255
1635776832956,2021-11-01T10:27:12.956,97.77,0.0007352995671000174,0.006488533415957373,0.002082332793353371
1635776832966,2021-11-01T10:27:12.966,97.78,-0.0020310681691317403,0.0049318939876066,0.001750718357325093
1635776832976,2021-11-01T10:27:12.976,97.79,-0.0030984546106632904,0.002641656897834206,0.0013671426297087324
1635776832986,2021-11-01T10:27:12.986,97.8,-0.0011111188471171357,0.0025328181883577717,0.0009583654314904887
1635776832996,2021-11-01T10:27:12.996,97.81,0.0012861658598374512,0.0013545474501121888,0.000619070354413948
1635776833006,2021-11-01T10:27:13.006,97.82,0.002698416856995185,-0.0029593645785092565,0.0007130627807195628
1635776833016,2021-11-01T10:27:13.016,97.83,0.004143399150327956,-0.0055401150281044875,0.0017534499508831535
1635776833026,2021-11-01T10:27:13.026,97.84,0.0053697529902869716,-0.0025346422908784985,0.00328072237235023
1635776833036,2021-11-01T10:27:13.036,97.85,0.00480978347154893,0.0017913710830791288,0.003885872844393419
1635776833046,2021-11-01T10:27:13.046,97.86,0.002890368557955645,0.0017430884893272168,0.003099120396908748
1635776833056,2021-11-01T10:27:13.056,97.87,0.001535112757667276,-0.0014524049177234242,0.0019303798739833847
1635776833066,2021-11-01T10:27:13.066,97.88,0.0010908188154610937,-0.0031157562425531533,0.0009851294173285785
1635776833076,2021-11-01T10:27:13.076,97.89,0.0005829790813639917,-0.0025838257323193064,-0.00034615438959737383
1635776833086,2021-11-01T10:27:13.086,97.9,-0.00014687119531635047,-0.0025600334180267514,-0.002130438622042454
1635776833096,2021-11-01T10:27:13.096,97.91,-0.0005867356980734645,-0.003938510470074545,-0.0030567010479453554
1635776833106,2021-11-01T10:27:13.106,97.92,-0.0007766204256166546,-0.004976380803506835,-0.00252062623664491
1635776833116,2021-11-01T10:27:13.116,97.93,-0.0011297311056850112,-0.004150980429456706,-0.00193345544801661
1635776833126,2021-11-01T10:27:13.126,97.94,-0.001570344881317679,-0.00185098453620572,-0.0025125614206669687
1635776833136,2021-11-01T10:27:13.136,97.95,-0.0015054668759868386,8.271886367517268e-05,-0.0034586121068831974
1635776833146,2021-11-01T10:27:13.146,97.96,-0.0006643505332101065,4.7660226741687384e-05,-0.003718237057008025
1635776833156,2021-11-01T10:27:13.156,97.97,0.0004125047067479343,-0.0016256752816075416,-0.0034855081889198967
1635776833166,2021-11-01T10:27:13.166,97.98,0.001122561973588945,-0.0029583960672216972,-0.002893112105278044
1635776833176,2021-11-01T10:27:13.176,97.99,0.0016482505001966293,-0.0025827696569787452,-0.0017570625723099724
1635776833186,2021-11-01T10:27:13.186,98.0,0.0023284197354078565,-0.0010952208611160153,-0.001116437956186816
1635776833196,2021-11-01T10:27:13.196,98.01,0.0026996586331940733,9.564896378917059e-05,-0.002008342892617603
1635776833206,2021-11-01T10:27:13.206,98.02,0.0022954216360181853,0.00042484157597226497,-0.0028279637210840815
1635776833216,2021-11-01T10:27:13.216,98.03,0.0018624323839434073,0.00017894926773588037,-0.0012811423551117307
1635776833226,2021-11-01T10:27:13.226,98.04,0.0023450483800736594,-0.00037908310693534686,0.0015942882713140007
1635776833236,2021-11-01T10:27:13.236,98.05,0.0032065052646739166,-0.001298957689812387,0.0027013201956621624
1635776833246,2021-11-01T10:27:13.246,98.06,0.00327796325238733,-0.002672439237147438,0.0014888644313816373
1635776833256,2021-11-01T10:27:13.256,98.07,0.00261146382159619,-0.0040963813455182595,0.00043671390863550785
1635776833266,2021-11-01T10:27:13.266,98.08,0.00205412088138796,-0.004491262819706462,0.0012276827546727877
1635776833276,2021-11-01T10:27:13.276,98.09,0.0017776107775975558,-0.0032821122237639,0.002518555114273288
1635776833286,2021-11-01T10:27:13.286,98.1,0.00140623204201149,-0.0015695121334983143,0.0022210534689289484
1635776833296,2021-11-01T10:27:13.296,98.11,0.0007729732330784957,-0.0010678751486251988,0.0007815924565530959
1635776833306,2021-11-01T10:27:13.306,98.12,-0.00011720698264468572,-0.00222090322601655,0.0003431201692182856
1635776833316,2021-11-01T10:27:13.316,98.13,-0.0010256117104573415,-0.00401140634596849,0.0010938159728255124
1635776833326,2021-11-01T10:27:13.326,98.14,-0.001342230000465256,-0.005109709061686478,0.0011427585017687932
1635776833336,2021-11-01T10:27:13.336,98.15,-0.0009186702476764838,-0.004990492823031182,0.00010208993790202664
1635776833346,2021-11-01T10:27:13.346,98.16,-0.0005097535208200206,-0.004088603323714237,-0.0002998303832486044
1635776833356,2021-11-01T10:27:13.356,98.17,-0.0004745366282722621,-0.0028875054164087506,0.00046807157636921063
1635776833366,2021-11-01T10:27:13.366,98.18,-0.000141909148912295,-0.0017643528665539855,0.0009619998030327827
1635776833376,2021-11-01T10:27:13.376,98.19,0.0006378149098406374,-0.0017210889350275523,0.0007465650599260332
1635776833386,2021-11-01T10:27:13.386,98.2,0.0008257434512791376,-0.0030451357978874133,0.001065860911554392
1635776833396,2021-11-01T10:27:13.396,98.21,-2.904588528538152e-05,-0.003565330004912632,0.002107586949599071
1635776833406,2021-11-01T10:27:13.406,98.22,-0.0007903739750103348,-0.0014867232654752576,0.0025998844132384593
1635776833416,2021-11-01T10:27:13.416,98.23,-0.0004053042924307556,0.0010462315346205387,0.0022824126739037715
1635776833426,2021-11-01T10:27:13.426,98.24,0.0004992342686893872,0.0008901225691756589,0.0018788501262781872
1635776833436,2021-11-01T10:27:13.436,98.25,0.0006733232201390063,-0.001353458747559862,0.0011998784995477312
1635776833446,2021-11-01T10:27:13.446,98.26,5.617023549681443e-05,-0.002889871485364422,0.00012212099484935673
1635776833456,2021-11-01T10:27:13.456,98.27,-0.0005840757094776798,-0.0027420513090050704,-0.00014949908715978285
1635776833466,2021-11-01T10:27:13.466,98.28,-0.0009345036993643511,-0.0015916509542381412,0.0005504384605021015
1635776833476,2021-11-01T10:27:13.476,98.29,-0.0010404862374655934,-3.371752814818068e-05,0.0003386430017024706
1635776833486,2021-11-01T10:27:13.486,98.3,-0.0009904530631748478,0.001114420015494153,-0.0012709273237954096
1635776833496,2021-11-01T10:27:13.496,98.31,-0.0013398601839594883,0.0009201882968485536,-0.002328989356600692
1635776833506,2021-11-01T10:27:13.506,98.32,-0.0026875861903197873,-0.00012128553574969887,-0.002074349087145784
1635776833516,2021-11-01T10:27:13.516,98.33,-0.004563324244498498,-0.0007032413744985497,-0.0018045195345869854
1635776833526,2021-11-01T10:27:13.526,98.34,-0.005709411859097534,-0.0011837343009193538,-0.0018177457037051414
1635776833536,2021-11-01T10:27:13.536,98.35,-0.005410568279794276,-0.0026867713586353637,-0.001205582334185245
1635776833546,2021-11-01T10:27:13.546,98.36,-0.003797072579820987,-0.003777920188955801,-0.0004562690503329139
1635776833556,2021-11-01T10:27:13.556,98.37,-0.001220499663891696,-0.0022501198677802063,-0.0008762286103237609
1635776833566,2021-11-01T10:27:13.566,98.38,0.00178722134135047,-0.0002488397618576468,-0.001744178294476895
1635776833576,2021-11-01T10:27:13.576,98.39,0.004386976536473846,-0.0015469473393684196,-0.0011895118123820272
1635776833586,2021-11-01T10:27:13.586,98.4,0.005976198753370991,-0.003950052350929153,0.00035919329799038617
1635776833596,2021-11-01T10:27:13.596,98.41,0.006161681809548315,-0.0026455522201094366,0.0008365416497744767
1635776833606,2021-11-01T10:27:13.606,98.42,0.0044400020078481095,0.0003016150136128088,0.00022285377122931177
1635776833616,2021-11-01T10:27:13.616,98.43,0.001687202937823417,6.682866379911691e-05,7.918115498737833e-05
1635776833626,2021-11-01T10:27:13.626,98.44,0.0007026011005994991,-0.0009989828494653865,0.00025037305885912826
1635776833636,2021-11-01T10:27:13.636,98.45,0.0023276049855553197,0.0007459217904825649,-0.00046477156762329635
1635776833646,2021-11-01T10:27:13.646,98.46,0.003324228766087438,0.0007251096633755843,-0.001564419216992133
1635776833656,2021-11-01T10:27:13.656,98.47,0.001658253394030838,-0.0052853315766718395,-0.0017268745402071151
1635776833666,2021-11-01T10:27:13.666,98.48,0.0002389157986607684,-0.011084950127706175,-0.0011620704720290212
1635776833676,2021-11-01T10:27:13.676,98.49,0.0014890741096306548,-0.009547827824129013,-0.0009361542255170274
1635776833686,2021-11-01T10:27:13.686,98.5,0.002730972323156532,-0.003695837045188611,-0.0009341084540402643
1635776833696,2021-11-01T10:27:13.696,98.51,0.001083718449883637,-2.3383701856056322e-05,-0.0002485221183743916
1635776833706,2021-11-01T10:27:13.706,98.52,-0.001258559215980983,0.0008411439623299469,0.0007006678897570768
1635776833716,2021-11-01T10:27:13.716,98.53,-0.0006149955936038173,0.0010563052896589078,0.00033146487612444357
1635776833726,2021-11-01T10:27:13.726,98.54,0.0023002977283891725,0.00021352418239750843,-0.0012713021242072673
1635776833736,2021-11-01T10:27:13.736,98.55,0.003778912710148901,-0.0028184965252853987,-0.001798504612543105
1635776833746,2021-11-01T10:27:13.746,98.56,0.0027940829421177174,-0.00669868458044987,-0.00023871315190207527
1635776833756,2021-11-01T10:27:13.756,98.57,0.0017619289705297038,-0.008630593776731234,0.0011525393929889684
1635776833766,2021-11-01T10:27:13.766,98.58,0.0021609937643795925,-0.007445302645588891,0.00026211598293142705
1635776833776,2021-11-01T10:27:13.776,98.59,0.002744218127983697,-0.004695842410469532,-0.0015038120029740832
1635776833786,2021-11-01T10:27:13.786,98.6,0.0022861024695470305,-0.002416594429259109,-0.00173094883411928
1635776833796,2021-11-01T10:27:13.796,98.61,0.0012294599109640611,-0.0008541574974907076,-0.0009765529448628727
1635776833806,2021-11-01T10:27:13.806,98.62,0.00035285132588433693,0.0004902380389731458,-0.0013242788391820595
1635776833816,2021-11-01T10:27:13.816,98.63,0.00010767013786313375,0.0010664299200528738,-0.002755163201671133
1635776833826,2021-11-01T10:27:13.826,98.64,0.0011057063943579171,-0.0002531873573175394,-0.0037691960108895205
1635776833836,2021-11-01T10:27:13.836,98.65,0.0032114979636240558,-0.004111563288247694,-0.004004502735630974
1635776833846,2021-11-01T10:27:13.846,98.66,0.00463001893203625,-0.009553659551880981,-0.0040906242108560064
1635776833856,2021-11-01T10:27:13.856,98.67,0.0039038478665250824,-0.012605491507738402,-0.004288301640501627
1635776833866,2021-11-01T10:27:13.866,98.68,0.002393064820930467,-0.009004633615540514,-0.004540904895514871
1635776833876,2021-11-01T10:27:13.876,98.69,0.002804828905121797,-0.0008627280394154864,-0.004850409246415662
1635776833886,2021-11-01T10:27:13.886,98.7,0.005298845355333628,0.0036961714157927547,-0.005148978818384724
1635776833896,2021-11-01T10:27:13.896,98.71,0.006934497100422959,0.0006742658340526323,-0.005278580489357218
1635776833906,2021-11-01T10:27:13.906,98.72,0.005682137344932028,-0.004935758994059784,-0.004973258878396874
1635776833916,2021-11-01T10:27:13.916,98.73,0.003319913539411647,-0.007506730968787267,-0.0040784138971222145
1635776833926,2021-11-01T10:27:13.926,98.74,0.002710075777926641,-0.007950531623799356,-0.003242987270523471
1635776833936,2021-11-01T10:27:13.936,98.75,0.003563356028149699,-0.008827516204975853,-0.0035395850083139507
1635776833946,2021-11-01T10:27:13.946,98.76,0.0034788774590447788,-0.008879347461518913,-0.0048682409080334135
1635776833956,2021-11-01T10:27:13.956,98.77,0.0022145969123288306,-0.006765500438607992,-0.005938393211249044
1635776833966,2021-11-01T10:27:13.966,98.78,0.0018065967800055239,-0.0045562119224510185,-0.00613516728350931
1635776833976,2021-11-01T10:27:13.976,98.79,0.0029319472488196826,-0.004121652770347917,-0.005996071282354262
1635776833986,2021-11-01T10:27:13.986,98.8,0.004026953378659437,-0.004536090154668388,-0.005828138725167619
1635776833996,2021-11-01T10:27:13.996,98.81,0.0038965971560955904,-0.0047059669111067185,-0.0055393775174938835
1635776834006,2021-11-01T10:27:14.006,98.82,0.0031594186257860304,-0.004954012159903421,-0.005721426285630472
1635776834016,2021-11-01T10:27:14.016,98.83,0.002946013188325135,-0.0054594028976589545,-0.006884816436068468
1635776834026,2021-11-01T10:27:14.026,98.84,0.0032849828870299917,-0.005775892013142742,-0.007784937030642576
1635776834036,2021-11-01T10:27:14.036,98.85,0.003453483370184949,-0.005908400065610758,-0.006803810279930975
1635776834046,2021-11-01T10:27:14.046,98.86,0.0035986989689513345,-0.006108195861819635,-0.004890857699523177
1635776834056,2021-11-01T10:27:14.056,98.87,0.004600477553553891,-0.005941621956679101,-0.004647574216157828
1635776834066,2021-11-01T10:27:14.066,98.88,0.00607851992407693,-0.004996818573690049,-0.00623701521575411
1635776834076,2021-11-01T10:27:14.076,98.89,0.006532950504760636,-0.0041453820268368205,-0.0068698509267746295
1635776834086,2021-11-01T10:27:14.086,98.9,0.005888242217438753,-0.004499760354500091,-0.005275425907092108
1635776834096,2021-11-01T10:27:14.096,98.91,0.005658985311133,-0.005191301956562247,-0.0037400736342514417
1635776834106,2021-11-01T10:27:14.106,98.92,0.0064294805381931094,-0.004309320141675398,-0.0040859409104610465
1635776834116,2021-11-01T10:27:14.116,98.93,0.007367940858505286,-0.002298736877991163,-0.004821722706076687
1635776834126,2021-11-01T10:27:14.126,98.94,0.007900363828373927,-0.0015651316840103817,-0.004355011930844617
1635776834136,2021-11-01T10:27:14.136,98.95,0.007910452008719152,-0.0024821516532530005,-0.003895506371811572
1635776834146,2021-11-01T10:27:14.146,98.96,0.007062578406037994,-0.0032018235061644015,-0.004892354804144112
1635776834156,2021-11-01T10:27:14.156,98.97,0.005427798344109415,-0.0030649910799829382,-0.006134061531546737
1635776834166,2021-11-01T10:27:14.166,98.98,0.0037972166209070415,-0.002807953568853377,-0.005760169247203628
1635776834176,2021-11-01T10:27:14.176,98.99,0.0025958105224977704,-0.0026394414510625434,-0.004480556839056597
1635776834186,2021-11-01T10:27:14.186,99.0,0.0016525490521050379,-0.002852469686614131,-0.0042094743456385555
1635776834196,2021-11-01T10:27:14.196,99.01,0.0011805449542528568,-0.0043332640846873004,-0.004491358314165135
1635776834206,2021-11-01T10:27:14.206,99.02,0.001561111159182067,-0.006670909698373563,-0.0034720127578224467
1635776834216,2021-11-01T10:27:14.216,99.03,0.0022036409071299434,-0.008019438983817608,-0.001924399571355066
1635776834226,2021-11-01T10:27:14.226,99.04,0.002086436035952785,-0.007601771253843308,-0.0024086595030562465
1635776834236,2021-11-01T10:27:14.236,99.05,0.0013563661614227965,-0.006380636174859571,-0.0045026632854688045
1635776834246,2021-11-01T10:27:14.246,99.06,0.0009250205656679332,-0.005434354804486005,-0.005074096727053716
1635776834256,2021-11-01T10:27:14.256,99.07,0.0006285633914288587,-0.004997897480410815,-0.003377573091245256
1635776834266,2021-11-01T10:27:14.266,99.08,-0.0005461983983426701,-0.004483245935885418,-0.0019076817118909193
1635776834276,2021-11-01T10:27:14.276,99.09,-0.0024706979323254464,-0.0032177339924846873,-0.0023933162369527815
1635776834286,2021-11-01T10:27:14.286,99.1,-0.003862391326468481,-0.0018492837979919307,-0.0044145898265353055
1635776834296,2021-11-01T10:27:14.296,99.11,-0.004376236251859469,-0.0021508693522001294,-0.007282556759432325
1635776834306,2021-11-01T10:27:14.306,99.12,-0.005004608512358669,-0.004722746483484438,-0.01027378132698687
1635776834316,2021-11-01T10:27:14.316,99.13,-0.005969702245700808,-0.007963082490434838,-0.011945459123246883
1635776834326,2021-11-01T10:27:14.326,99.14,-0.005807117114388801,-0.009593061129303861,-0.011725978926212948
1635776834336,2021-11-01T10:27:14.336,99.15,-0.003386285880604205,-0.008452209823251847,-0.011072712025962675
1635776834346,2021-11-01T10:27:14.346,99.16,0.00035598120573435783,-0.005272386156525985,-0.010889783950747328
1635776834356,2021-11-01T10:27:14.356,99.17,0.00352576611583793,-0.0022012229766274496,-0.009424950890754891
1635776834366,2021-11-01T10:27:14.366,99.18,0.005347837069315561,-0.0008054831555775611,-0.005547816620584863
1635776834376,2021-11-01T10:27:14.376,99.19,0.006586711865413007,-0.0007595999026677984,-0.0023889231180806605
1635776834386,2021-11-01T10:27:14.386,99.2,0.008012890950432568,-0.0011675205536141881,-0.003535355540181681
1635776834396,2021-11-01T10:27:14.396,99.21,0.008858577572071757,-0.0014026304932730467,-0.0066216339718500414
1635776834406,2021-11-01T10:27:14.406,99.22,0.008080400797208363,-0.00016456828733508568,-0.006089420550558942
1635776834416,2021-11-01T10:27:14.416,99.23,0.0070576944946375356,0.0026882547663284163,-0.0021358792340103
1635776834426,2021-11-01T10:27:14.426,99.24,0.008211250512811942,0.0036264620175185495,-0.0005416837143695426
1635776834436,2021-11-01T10:27:14.436,99.25,0.010651054152571933,-0.00014249401505442663,-0.002963109026299917
1635776834446,2021-11-01T10:27:14.446,99.26,0.010830264812906845,-0.00534089957639548,-0.004313156282663702
1635776834456,2021-11-01T10:27:14.456,99.27,0.007847867098257931,-0.007056248906430207,-0.0015137456296470645
1635776834466,2021-11-01T10:27:14.466,99.28,0.00450201352340799,-0.005311192625401121,0.0016037334878539003
1635776834476,2021-11-01T10:27:14.476,99.29,0.0029667795454127546,-0.0027655457776963772,0.0009512015407212319
1635776834486,2021-11-01T10:27:14.486,99.3,0.0024321114321911945,-0.00019977065778078963,-0.0014780447808610266
1635776834496,2021-11-01T10:27:14.496,99.31,0.0011342364458618885,0.002038366156937478,-0.0016067202836411948
1635776834506,2021-11-01T10:27:14.506,99.32,-0.0012270772671268638,0.0016437932382735825,0.00029860994683803856
1635776834516,2021-11-01T10:27:14.516,99.33,-0.0033348237059815924,-0.0032135631608005955,0.0012133345524452496
1635776834526,2021-11-01T10:27:14.526,99.34,-0.0038819623038568087,-0.009999844079855229,0.00026617131754029706
1635776834536,2021-11-01T10:27:14.536,99.35,-0.00325543710073895,-0.013064043400514768,-0.0013718313265194302
1635776834546,2021-11-01T10:27:14.546,99.36,-0.0031545591805282602,-0.010120682739547575,-0.0026223988443991055
1635776834556,2021-11-01T10:27:14.556,99.37,-0.004225497069106993,-0.005392589751674686,-0.002624277744886614
1635776834566,2021-11-01T10:27:14.566,99.38,-0.005165562278158002,-0.0039179556577017246,-0.001605169280220673
1635776834576,2021-11-01T10:27:14.576,99.39,-0.004910060569948553,-0.004935369580468852,-0.0015380405179744165
1635776834586,2021-11-01T10:27:14.586,99.4,-0.004281093120191682,-0.00399914682847466,-0.0033603370429202703
1635776834596,2021-11-01T10:27:14.596,99.41,-0.004342552535354691,0.0002738051435080103,-0.005377820171621139
1635776834606,2021-11-01T10:27:14.606,99.42,-0.0044917898649670905,0.0045531662084398496,-0.006219702027132056
1635776834616,2021-11-01T10:27:14.616,99.43,-0.0034903864295564367,0.004904430593934113,-0.006499511332599002
1635776834626,2021-11-01T10:27:14.626,99.44,-0.0014430175782500017,0.0011651457320470814,-0.006677175547617209
1635776834636,2021-11-01T10:27:14.636,99.45,0.00028020634987344203,-0.0024090889512392373,-0.00628521795396337
1635776834646,2021-11-01T10:27:14.646,99.46,0.0006393350359692612,-0.0015856249466132733,-0.0054211147511062895
1635776834656,2021-11-01T10:27:14.656,99.47,3.0893634730641437e-05,0.002408657180811044,-0.0046894195225415545
1635776834666,2021-11-01T10:27:14.666,99.48,-0.0001528361423396005,0.004237011418224511,-0.004107021726576482
1635776834676,2021-11-01T10:27:14.676,99.49,0.0007798266015992427,0.001645607275029392,-0.003481787709995205
1635776834686,2021-11-01T10:27:14.686,99.5,0.001968293953878028,-0.0023407166759968623,-0.0030068928987008387
1635776834696,2021-11-01T10:27:14.696,99.51,0.002411953430059729,-0.004953043422665871,-0.0027157780915819493
1635776834706,2021-11-01T10:27:14.706,99.52,0.0024694002921552835,-0.006664089259548455,-0.0023246744733180892
1635776834716,2021-11-01T10:27:14.716,99.53,0.003006123979617226,-0.007636145943903329,-0.0018832758046616774
1635776834726,2021-11-01T10:27:14.726,99.54,0.003777298309234221,-0.006173479674447473,-0.0017411914008895447
1635776834736,2021-11-01T10:27:14.736,99.55,0.00382715652186143,-0.002219897390187346,-0.0019381129044143508
1635776834746,2021-11-01T10:27:14.746,99.56,0.0031120269871987875,0.001477482755201492,-0.0021198216831824976
1635776834756,2021-11-01T10:27:14.756,99.57,0.0026333012405323998,0.0029317938549900404,-0.0019490501555764733
1635776834766,2021-11-01T10:27:14.766,99.58,0.0030702841364504212,0.0030740960872138756,-0.0016205351130327368
1635776834776,2021-11-01T10:27:14.776,99.59,0.004053372033674061,0.003380238399316576,-0.001871450435061173
1635776834786,2021-11-01T10:27:14.786,99.6,0.0046143920261902,0.0030727501220056378,-0.003036189273152127
1635776834796,2021-11-01T10:27:14.796,99.61,0.0038996632358726854,0.0004991387371685816,-0.0044186149752279795
1635776834806,2021-11-01T10:27:14.806,99.62,0.0019331984201848601,-0.0030204129540826507,-0.005089768727394207
1635776834816,2021-11-01T10:27:14.816,99.63,-9.396446801808982e-05,-0.0034478861279179,-0.004840271251856376
1635776834826,2021-11-01T10:27:14.826,99.64,-0.0010599927241047263,0.00035348617451313406,-0.004172257031678461
1635776834836,2021-11-01T10:27:14.836,99.65,-0.0012097895085224411,0.004158184751543089,-0.0038715862055751964
1635776834846,2021-11-01T10:27:14.846,99.66,-0.0012070018444690343,0.004063421112420653,-0.004345198367525161
1635776834856,2021-11-01T10:27:14.856,99.67,-0.0007952661724194212,0.0015176481436854515,-0.004997603539432813
1635776834866,2021-11-01T10:27:14.866,99.68,0.0003741631207439377,3.882636902508192e-05,-0.004958985369262575
1635776834876,2021-11-01T10:27:14.876,99.69,0.0017700881625036977,0.0004457273716350241,-0.004449124260188758
1635776834886,2021-11-01T10:27:14.886,99.7,0.0026467777732546048,0.001782060083693771,-0.004203877371518077
1635776834896,2021-11-01T10:27:14.896,99.71,0.0025977977967417054,0.0035080267839757754,-0.003956629611243029
1635776834906,2021-11-01T10:27:14.906,99.72,0.0015509782116902475,0.004784763209174168,-0.003091790564037901
1635776834916,2021-11-01T10:27:14.916,99.73,0.00013635845239740095,0.004582265633003294,-0.002075589956322506
1635776834926,2021-11-01T10:27:14.926,99.74,-0.000525996728957821,0.003729754300896267,-0.0015803216753592156
1635776834936,2021-11-01T10:27:14.936,99.75,-1.022805456632891e-05,0.003979787874853132,-0.0011541640826349044
1635776834946,2021-11-01T10:27:14.946,99.76,0.0009049205009607961,0.004593476112538126,-0.0003280206853386765
1635776834956,2021-11-01T10:27:14.956,99.77,0.0011034683785072475,0.003395507551153271,0.00013968073717190427
1635776834966,2021-11-01T10:27:14.966,99.78,0.0002517371813428802,0.0014743037142791098,-0.0003239991055681234
1635776834976,2021-11-01T10:27:14.976,99.79,-0.0009480592608695758,0.0024397176936715452,-0.0008209908698282956
1635776834986,2021-11-01T10:27:14.986,99.8,-0.0014308659955651743,0.006159211646008838,-0.0004353987522224374
1635776834996,2021-11-01T10:27:14.996,99.81,-0.0007944580419385601,0.007787226230976825,0.0005936372198188694
1635776835006,2021-11-01T10:27:15.006,99.82,0.0001816007230710004,0.004705096935540765,0.0017659303243251802
1635776835016,2021-11-01T10:27:15.016,99.83,0.0004014083871180755,0.0005549186775902265,0.0026981756823339143
1635776835026,2021-11-01T10:27:15.026,99.84,-0.00023953553321457636,0.00019993270077160144,0.0028574887616404435
1635776835036,2021-11-01T10:27:15.036,99.85,-0.0012578644190801534,0.003449868278490303,0.002330000476115375
1635776835046,2021-11-01T10:27:15.046,99.86,-0.0026460348634668694,0.00606284211943928,0.001978626447366336
1635776835056,2021-11-01T10:27:15.056,99.87,-0.004189721999828656,0.005485224857821236,0.0020220293846013823
1635776835066,2021-11-01T10:27:15.066,99.88,-0.005022352813620414,0.003517539820070568,0.0016908696774701284
1635776835076,2021-11-01T10:27:15.076,99.89,-0.005197585535247809,0.0033467030455881473,0.0008060638925951151
1635776835086,2021-11-01T10:27:15.086,99.9,-0.0058018005925104185,0.0054371494508438515,0.00042685148564442415
1635776835096,2021-11-01T10:27:15.096,99.91,-0.006773493843685068,0.007494025048615906,0.0012335978830154137
1635776835106,2021-11-01T10:27:15.106,99.92,-0.00696060835278205,0.007885169896740301,0.002293306133027119
1635776835116,2021-11-01T10:27:15.116,99.93,-0.006313362427846598,0.007473330574771871,0.0023834930701719867
1635776835126,2021-11-01T10:27:15.126,99.94,-0.005813969823377859,0.007774740788854751,0.0016604063459573183
1635776835136,2021-11-01T10:27:15.136,99.95,-0.005873109657158299,0.008591129172692212,0.0010240748269587248
1635776835146,2021-11-01T10:27:15.146,99.96,-0.006080256149962804,0.008413224176907,0.001020296642536987
1635776835156,2021-11-01T10:27:15.156,99.97,-0.005589068028612403,0.006968039751198965,0.0021511508123106112
1635776835166,2021-11-01T10:27:15.166,99.98,-0.00380996067952645,0.006113447042981199,0.004261745889365738
1635776835176,2021-11-01T10:27:15.176,99.99,-0.0016477300940097698,0.007008487370251991,0.005341029960295671
1635776835186,2021-11-01T10:27:15.186,100.0,-0.0009969530808762684,0.007957782262989465,0.004078075924961793
1635776835196,2021-11-01T10:27:15.196,100.01,-0.0023172726304714576,0.007804341348496684,0.0031582994386762844
1635776835206,2021-11-01T10:27:15.206,100.02,-0.0038431880745646765,0.009209344598949168,0.005691182895668326
1635776835216,2021-11-01T10:27:15.216,100.03,-0.003655015318779306,0.013775606395274281,0.009300096319269764
1635776835226,2021-11-01T10:27:15.226,100.04,-0.001984397261766204,0.016653457141251295,0.008975105459038039
1635776835236,2021-11-01T10:27:15.236,100.05,-0.0009185817752106314,0.012771148511019464,0.005089538593609091
1635776835246,2021-11-01T10:27:15.246,100.06,-0.0015970405302297053,0.005747358040114849,0.0031179438366056474
1635776835256,2021-11-01T10:27:15.256,100.07,-0.002678855034113851,0.0031284239723269732,0.005289843342871784
1635776835266,2021-11-01T10:27:15.266,100.08,-0.002582135366904096,0.005748190801764012,0.007757804544335232
1635776835276,2021-11-01T10:27:15.276,100.09,-0.0020355806102507912,0.009107264652110245,0.007321442762179279
1635776835286,2021-11-01T10:27:15.286,100.1,-0.002847354431804126,0.011677549414890902,0.006158063977803128
1635776835296,2021-11-01T10:27:15.296,100.11,-0.0049536268089454055,0.014601846027702182,0.007234105415524182
1635776835306,2021-11-01T10:27:15.306,100.12,-0.00631990854683866,0.01632164270734411,0.009126538351813103
1635776835316,2021-11-01T10:27:15.316,100.13,-0.005681566008390171,0.014067477905055858,0.009000663978873632
1635776835326,2021-11-01T10:27:15.326,100.14,-0.004084820298047285,0.008975104625734077,0.007541888517739837
1635776835336,2021-11-01T10:27:15.336,100.15,-0.0033433361881319793,0.005026993074845856,0.007350770591644039
1635776835346,2021-11-01T10:27:15.346,100.16,-0.0040288937047600875,0.0039675563646934175,0.00872905232132758
1635776835356,2021-11-01T10:27:15.356,100.17,-0.005440138519841594,0.0046476347834790415,0.009928283265553171
1635776835366,2021-11-01T10:27:15.366,100.18,-0.006487592734048775,0.0063840114691855,0.010186770221838054
1635776835376,2021-11-01T10:27:15.376,100.19,-0.006324465064116809,0.009478906069450628,0.01032506585228252
1635776835386,2021-11-01T10:27:15.386,100.2,-0.005170026435198227,0.012707345807491655,0.01077809151779665
1635776835396,2021-11-01T10:27:15.396,100.21,-0.004309392848484073,0.013805007688606841,0.010978657547726171
1635776835406,2021-11-01T10:27:15.406,100.22,-0.004308450642614092,0.012913248016383865,0.010930892039540438
1635776835416,2021-11-01T10:27:15.416,100.23,-0.0042816234569650145,0.01246790290908484,0.011430951829814316
1635776835426,2021-11-01T10:27:15.426,100.24,-0.0039667002339439875,0.013140823368604261,0.0124417922729741
1635776835436,2021-11-01T10:27:15.436,100.25,-0.0046111241983141735,0.012914200375452479,0.013144535843942201
1635776835446,2021-11-01T10:27:15.446,100.26,-0.006392513472453236,0.011059612100004172,0.013368513370016278
1635776835456,2021-11-01T10:27:15.456,100.27,-0.007234152117332462,0.010161810492449904,0.013369119233473958
1635776835466,2021-11-01T10:27:15.466,100.28,-0.005951170231845675,0.012349747901257539,0.01296464340909898
1635776835476,2021-11-01T10:27:15.476,100.29,-0.0043793088379115944,0.015553540162409535,0.0120970964642962
1635776835486,2021-11-01T10:27:15.486,100.3,-0.00453532515667034,0.016194406011723398,0.011331044035313336
1635776835496,2021-11-01T10:27:15.496,100.31,-0.00584334504998355,0.014354737118849256,0.011041611207793213
1635776835506,2021-11-01T10:27:15.506,100.32,-0.00706150360792528,0.012933075312597402,0.010952950743851046
1635776835516,2021-11-01T10:27:15.516,100.33,-0.008710497232698828,0.012654386856428657,0.010785056651053919
1635776835526,2021-11-01T10:27:15.526,100.34,-0.011385715014798934,0.011987149877264913,0.010496902763002216
1635776835536,2021-11-01T10:27:15.536,100.35,-0.013492202236936725,0.011232020352588908,0.0100344015693091
1635776835546,2021-11-01T10:27:15.546,100.36,-0.01300261349308199,0.012445649377046432,0.009725551347239004
1635776835556,2021-11-01T10:27:15.556,100.37,-0.010412956092381657,0.01571991344791864,0.01023569214252621
1635776835566,2021-11-01T10:27:15.566,100.38,-0.00806436533008548,0.018589610551565636,0.01140774136223846
1635776835576,2021-11-01T10:27:15.576,100.39,-0.007209033799582817,0.018549644654433088,0.012359124704684525
1635776835586,2021-11-01T10:27:15.586,100.4,-0.007277467067388873,0.015138902756433962,0.012948532714166634
1635776835596,2021-11-01T10:27:15.596,100.41,-0.00762289520805964,0.01092004865200702,0.013604276180518323
1635776835606,2021-11-01T10:27:15.606,100.42,-0.008479026996561861,0.009808269935484266,0.01413135379148348
1635776835616,2021-11-01T10:27:15.616,100.43,-0.010005697066525373,0.01252702582314981,0.01423721056129977
1635776835626,2021-11-01T10:27:15.626,100.44,-0.011496191387802848,0.015192431098916274,0.014339142051370522
1635776835636,2021-11-01T10:27:15.636,100.45,-0.012188556094008415,0.014206359345323362,0.014688859485495556
1635776835646,2021-11-01T10:27:15.646,100.46,-0.012612757343513201,0.01062515010028747,0.014861017929651233
1635776835656,2021-11-01T10:27:15.656,100.47,-0.014269281675471457,0.007798962672471247,0.014671422148313447
1635776835666,2021-11-01T10:27:15.666,100.48,-0.017311504330959748,0.0063523080143075665,0.014415292552235233
1635776835676,2021-11-01T10:27:15.676,100.49,-0.019730730334997323,0.0040241846403724305,0.014388353054679866
1635776835686,2021-11-01T10:27:15.686,100.5,-0.02018582464001204,0.00021218945688357275,0.015104027466287934
1635776835696,2021-11-01T10:27:15.696,100.51,-0.020057743571587065,-0.0022686915547542484,0.01691498932027001
1635776835706,2021-11-01T10:27:15.706,100.52,-0.021026307763827766,-0.0014666002141741964,0.018766854663271774
1635776835716,2021-11-01T10:27:15.716,100.53,-0.022278328182144216,0.00035653219877597415,0.01898430941594738
1635776835726,2021-11-01T10:27:15.726,100.54,-0.02183038210231969,0.00016810167024897555,0.01780399041323134
1635776835736,2021-11-01T10:27:15.736,100.55,-0.019524333705671724,-0.0012951475804835319,0.017345767304568948
1635776835746,2021-11-01T10:27:15.746,100.56,-0.017203489961892582,-0.001013843281018635,0.01861381469984944
1635776835756,2021-11-01T10:27:15.756,100.57,-0.01605728193970903,0.002153470845178613,0.020347322446513258
1635776835766,2021-11-01T10:27:15.766,100.58,-0.015115310373460355,0.006890692961285456,0.021368209917385323
1635776835776,2021-11-01T10:27:15.776,100.59,-0.01302776839558828,0.01167766656402307,0.022138391092702152
1635776835786,2021-11-01T10:27:15.786,100.6,-0.009786754720921094,0.015963822940427558,0.023274364191235526
1635776835796,2021-11-01T10:27:15.796,100.61,-0.005664043920149605,0.019038244715223158,0.024412051278593284
1635776835806,2021-11-01T10:27:15.806,100.62,-0.0006759881369156901,0.018927675674062762,0.025395389235410327
1635776835816,2021-11-01T10:27:15.816,100.63,0.003950237882585283,0.014744714657412315,0.026761097282381012
1635776835826,2021-11-01T10:27:15.826,100.64,0.006795238242100469,0.010105270126805423,0.02819978548915703
1635776835836,2021-11-01T10:27:15.836,100.65,0.009142692397697463,0.010537132498819036,0.028489560963599076
1635776835846,2021-11-01T10:27:15.846,100.66,0.013192448103917516,0.016648214155136405,0.027627399957250273
1635776835856,2021-11-01T10:27:15.856,100.67,0.017667360486789244,0.02319767093025544,0.026981675828302347
1635776835866,2021-11-01T10:27:15.866,100.68,0.019283147802312252,0.0253454468879587,0.027041009894388658
1635776835876,2021-11-01T10:27:15.876,100.69,0.018078771976640602,0.0234413189329662,0.02685272712186975
1635776835886,2021-11-01T10:27:15.886,100.7,0.0172880308204702,0.021674106926335174,0.025759357895210097
1635776835896,2021-11-01T10:27:15.896,100.71,0.018008109379024365,0.022711703430165625,0.024319182771246957
1635776835906,2021-11-01T10:27:15.906,100.72,0.017419889502047738,0.02392688354669336,0.023125098101869905
1635776835916,2021-11-01T10:27:15.916,100.73,0.013055082285302378,0.020843377546627566,0.021633077870938218
1635776835926,2021-11-01T10:27:15.926,100.74,0.006247049510605698,0.013712995844256847,0.019079618812660383
1635776835936,2021-11-01T10:27:15.936,100.75,-4.994831796434058e-06,0.0065591449717427,0.0159173913431251
1635776835946,2021-11-01T10:27:15.946,100.76,-0.004455093952364894,0.0012832138541379635,0.013435284722064959
1635776835956,2021-11-01T10:27:15.956,100.77,-0.007557281568290167,-0.001988832585869354,0.012354146067277735
1635776835966,2021-11-01T10:27:15.966,100.78,-0.010328280866921903,-0.002255900655304851,0.01207962085426999
1635776835976,2021-11-01T10:27:15.976,100.79,-0.013981339664128067,-0.0010225680145444086,0.011408421665616585
1635776835986,2021-11-01T10:27:15.986,100.8,-0.01827631213494818,-0.002846907351046002,0.010038306515318209
1635776835996,2021-11-01T10:27:15.996,100.81,-0.020965719486497936,-0.008104152799693124,0.00856413753797219
1635776836006,2021-11-01T10:27:16.006,100.82,-0.021319293509468366,-0.012742269477856661,0.007220945908331512
1635776836016,2021-11-01T10:27:16.016,100.83,-0.02212148707544352,-0.016991419604881042,0.005939135400726193
1635776836026,2021-11-01T10:27:16.026,100.84,-0.02540385463798993,-0.023682219904552826,0.0051406054520358735
1635776836036,2021-11-01T10:27:16.036,100.85,-0.028096394941654678,-0.02760822861558897,0.005597681946013563
1635776836046,2021-11-01T10:27:16.046,100.86,-0.02513786244485394,-0.020036358316037638,0.007594896203338714
1635776836056,2021-11-01T10:27:16.056,100.87,-0.01678890413820054,-0.00513114901589286,0.009918764534831735
1635776836066,2021-11-01T10:27:16.066,100.88,-0.009739404938442282,0.001818582105542894,0.010283568773972565
1635776836076,2021-11-01T10:27:16.076,100.89,-0.009370314032157046,-0.005217801862505601,0.007950618277844728
1635776836086,2021-11-01T10:27:16.086,100.9,-0.013494978145909485,-0.016770888067424813,0.004947357787470406
1635776836096,2021-11-01T10:27:16.096,100.91,-0.015873321774552945,-0.02302180092929516,0.0038381999222990297
1635776836106,2021-11-01T10:27:16.106,100.92,-0.013619239181656853,-0.02259924757943892,0.0054589358038142025
1635776836116,2021-11-01T10:27:16.116,100.93,-0.008556531806337305,-0.016392965590282547,0.008412329648765034
1635776836126,2021-11-01T10:27:16.126,100.94,-0.002802622364010363,-0.006810707574247211,0.009583439967282215
1635776836136,2021-11-01T10:27:16.136,100.95,0.0033345814951447404,-0.0037451451113778315,0.007475583543722658
1635776836146,2021-11-01T10:27:16.146,100.96,0.008582797528049833,-0.016130813139068337,0.005811800400443145
1635776836156,2021-11-01T10:27:16.156,100.97,0.009892041088696079,-0.03509547707048821,0.008733671745167856
1635776836166,2021-11-01T10:27:16.166,100.98,0.0066118304367100925,-0.03980136294809088,0.012105214576309585
1635776836176,2021-11-01T10:27:16.176,100.99,0.002025247684396525,-0.02409647751288304,0.007781022167789774
1635776836186,2021-11-01T10:27:16.186,101.0,-0.0011891483885913103,-0.004981440229320685,-0.003168733746852802
1635776836196,2021-11-01T10:27:16.196,101.01,-0.0035099637325097747,0.0006099368152495862,-0.011786076162870553
1635776836206,2021-11-01T10:27:16.206,101.02,-0.005158276323960231,-0.0028805139897909826,-0.0156542437672848
1635776836216,2021-11-01T10:27:16.216,101.03,-0.0038379023982830184,0.0010185116212954133,-0.02039273937239021
1635776836226,2021-11-01T10:27:16.226,101.04,0.0016314504536400164,0.016949983530991822,-0.02750540703180139
1635776836236,2021-11-01T10:27:16.236,101.05,0.008086155519746244,0.03345029414209038,-0.03278170153167917
1635776836246,2021-11-01T10:27:16.246,101.06,0.012107698950604415,0.040761765572879166,-0.035623014807475095
1635776836256,2021-11-01T10:27:16.256,101.07,0.015165990300157263,0.04086309765938772,-0.03924422838823838
1635776836266,2021-11-01T10:27:16.266,101.08,0.019873873917670128,0.0365849998938217,-0.04338358818219372
1635776836276,2021-11-01T10:27:16.276,101.09,0.02421647200195008,0.023708078789461396,-0.04488123970502261
1635776836286,2021-11-01T10:27:16.286,101.1,0.02550621948285437,0.002059380049653457,-0.04328470210671173
1635776836296,2021-11-01T10:27:16.296,101.11,0.026054563058580595,-0.016222836596653897,-0.04081061392579512
1635776836306,2021-11-01T10:27:16.306,101.12,0.028755443386352712,-0.019878907143701795,-0.038715006027509546
1635776836316,2021-11-01T10:27:16.316,101.13,0.03143903965025813,-0.013367873365368385,-0.036322214070285755
1635776836326,2021-11-01T10:27:16.326,101.14,0.03096647436473244,-0.009860961334011884,-0.03257123147505808
1635776836336,2021-11-01T10:27:16.336,101.15,0.028741115637782783,-0.014024030764095276,-0.027483416295106578
1635776836346,2021-11-01T10:27:16.346,101.16,0.027717600109183033,-0.01973230499082393,-0.022282352468173963
1635776836356,2021-11-01T10:27:16.356,101.17,0.027286332618293104,-0.02286566644380248,-0.018266766098096656
1635776836366,2021-11-01T10:27:16.366,101.18,0.02509897038284358,-0.027534588451903902,-0.015736583926317424
1635776836376,2021-11-01T10:27:16.376,101.19,0.021934725879210488,-0.03628209954241784,-0.014040499459171015
1635776836386,2021-11-01T10:27:16.386,101.2,0.020719986445526844,-0.04221938452239892,-0.012587889797834016
1635776836396,2021-11-01T10:27:16.396,101.21,0.021186647949647107,-0.03895140770678637,-0.01178811733990511
1635776836406,2021-11-01T10:27:16.406,101.22,0.019691525345980326,-0.031958936857810205,-0.012490295351709447
1635776836416,2021-11-01T10:27:16.416,101.23,0.01536451445420681,-0.030492867771407535,-0.01444384654843735
1635776836426,2021-11-01T10:27:16.426,101.24,0.01216914330089512,-0.033844656327066014,-0.016601388454010626
1635776836436,2021-11-01T10:27:16.436,101.25,0.012529704369583564,-0.034561306855851896,-0.018767204182644152
1635776836446,2021-11-01T10:27:16.446,101.26,0.013402244151110205,-0.029608835553727036,-0.02107313062006722
1635776836456,2021-11-01T10:27:16.456,101.27,0.012043889240732748,-0.021630459135994033,-0.022734260235470802
1635776836466,2021-11-01T10:27:16.466,101.28,0.01082342904743588,-0.014607103131105657,-0.02319674208792522
1635776836476,2021-11-01T10:27:16.476,101.29,0.012474063356611928,-0.012112220933102744,-0.022750232612391882
1635776836486,2021-11-01T10:27:16.486,101.3,0.01541296911786451,-0.014921000141121977,-0.0211567373316024
1635776836496,2021-11-01T10:27:16.496,101.31,0.017103676438219237,-0.018888223269389822,-0.018485119824208737
1635776836506,2021-11-01T10:27:16.506,101.32,0.01781914948312909,-0.019307500979882975,-0.01702970723721281
1635776836516,2021-11-01T10:27:16.516,101.33,0.018634665705724,-0.017049566815615258,-0.018764361021524248
1635776836526,2021-11-01T10:27:16.526,101.34,0.01892456949218191,-0.0162016063051933,-0.02148828482507071
1635776836536,2021-11-01T10:27:16.536,101.35,0.017849075831101964,-0.016851631681643067,-0.02129209079344821
1635776836546,2021-11-01T10:27:16.546,101.36,0.016271051904855213,-0.015822653990510673,-0.018417422294764393
1635776836556,2021-11-01T10:27:16.556,101.37,0.01522469246168772,-0.01369463987125211,-0.016943442713633777
1635776836566,2021-11-01T10:27:16.566,101.38,0.013787047635252556,-0.014326917577504908,-0.018661049228264944
1635776836576,2021-11-01T10:27:16.576,101.39,0.010715860861335889,-0.017587042807511888,-0.020678054674860898
1635776836586,2021-11-01T10:27:16.586,101.4,0.007199895203557122,-0.019070933727760732,-0.01976638329176999
1635776836596,2021-11-01T10:27:16.596,101.41,0.005568813339160234,-0.017056865531274397,-0.016858834599851106
1635776836606,2021-11-01T10:27:16.606,101.42,0.006110454576387961,-0.01457711964252894,-0.015917392854572804
1635776836616,2021-11-01T10:27:16.616,101.43,0.006935826734843693,-0.014786362824465847,-0.01847335428474845
1635776836626,2021-11-01T10:27:16.626,101.44,0.006252946097371334,-0.017684476626130652,-0.021173350845953814
1635776836636,2021-11-01T10:27:16.636,101.45,0.004627328523486381,-0.020592122837744687,-0.020750733955895932
1635776836646,2021-11-01T10:27:16.646,101.46,0.005224414484324712,-0.019709887544457377,-0.01885955223797366
1635776836656,2021-11-01T10:27:16.656,101.47,0.00945190861851325,-0.013075197093890075,-0.018552328861218912
1635776836666,2021-11-01T10:27:16.666,101.48,0.013368999218946503,-0.004081910206715917,-0.019047160791676773
1635776836676,2021-11-01T10:27:16.676,101.49,0.01353682003406215,0.00037152076404464555,-0.017732764503381782
1635776836686,2021-11-01T10:27:16.686,101.5,0.013605756495748666,-0.0021184133776959903,-0.014654279669603604
1635776836696,2021-11-01T10:27:16.696,101.51,0.017880003322311783,-0.005643433690089319,-0.012188703014219208
1635776836706,2021-11-01T10:27:16.706,101.52,0.022665885169949173,-0.0037201924038869696,-0.011848036227376485
1635776836716,2021-11-01T10:27:16.716,101.53,0.021685919051548107,0.000978568355202493,-0.012664788601722475
1635776836726,2021-11-01T10:27:16.726,101.54,0.015513829577012929,0.00039230516377505755,-0.0123848197773761
1635776836736,2021-11-01T10:27:16.736,101.55,0.009506499158025613,-0.005528599960286442,-0.010273838693165088
1635776836746,2021-11-01T10:27:16.746,101.56,0.006387301967858678,-0.007732006623502279,-0.008127849689360995
1635776836756,2021-11-01T10:27:16.756,101.57,0.005009054397917364,-0.003270752528369713,-0.0077888035077715795
1635776836766,2021-11-01T10:27:16.766,101.58,0.0032293131099976604,-0.0014975737180231096,-0.008879168712416452
1635776836776,2021-11-01T10:27:16.776,101.59,-0.0008470571616848927,-0.00903175608205742,-0.009939269264473756
1635776836786,2021-11-01T10:27:16.786,101.6,-0.0077383533654576475,-0.018435035590903658,-0.010425312661201416
1635776836796,2021-11-01T10:27:16.796,101.61,-0.01479313239576047,-0.020106993405911114,-0.010800894498180981
1635776836806,2021-11-01T10:27:16.806,101.62,-0.018356287397200195,-0.016527043306055783,-0.011686877502203308
1635776836816,2021-11-01T10:27:16.816,101.63,-0.01824460515818488,-0.015627869133242926,-0.012940906632859486
1635776836826,2021-11-01T10:27:16.826,101.64,-0.016755425791121707,-0.01783982696470944,-0.013020380652612042
1635776836836,2021-11-01T10:27:16.836,101.65,-0.014409005767283451,-0.01768406078872764,-0.010489606975587106
1635776836846,2021-11-01T10:27:16.846,101.66,-0.010582850069670583,-0.012469995526493898,-0.0066857062935916575
1635776836856,2021-11-01T10:27:16.856,101.67,-0.0063803456297509675,-0.00500976291985762,-0.004752754632207501
1635776836866,2021-11-01T10:27:16.866,101.68,-0.0032426766873452475,-0.0005286972750563297,-0.005393803159382073
1635776836876,2021-11-01T10:27:16.876,101.69,-0.0006389703359786404,-0.0007916703751416571,-0.00609613414411951
1635776836886,2021-11-01T10:27:16.886,101.7,0.002379132125548797,-0.0012994515549109833,-0.00514829990058757
1635776836896,2021-11-01T10:27:16.896,101.71,0.005067613947539915,0.002739157628976192,-0.003663161599694987
1635776836906,2021-11-01T10:27:16.906,101.72,0.00612211648918267,0.00971431358105317,-0.0029511116313565193
1635776836916,2021-11-01T10:27:16.916,101.73,0.0056283421178064475,0.014275385033488418,-0.0026439378969125484
1635776836926,2021-11-01T10:27:16.926,101.74,0.004453071977829282,0.013671806177245602,-0.0023294129025778
1635776836936,2021-11-01T10:27:16.936,101.75,0.002515881334169727,0.009067183875023341,-0.002629068498572028
1635776836946,2021-11-01T10:27:16.946,101.76,-0.0007617932980313203,0.003414674111548519,-0.0035750263422681706
1635776836956,2021-11-01T10:27:16.956,101.77,-0.004826625634721825,-0.0007097208831876879,-0.003891462776538751
1635776836966,2021-11-01T10:27:16.966,101.78,-0.008580890726621219,-0.0028767784463245,-0.0030548550025538156
1635776836976,2021-11-01T10:27:16.976,101.79,-0.012044756760420279,-0.00463886843362492,-0.002477494560399445
1635776836986,2021-11-01T10:27:16.986,101.8,-0.01542176361520205,-0.007107660885042973,-0.0033007459464830177
1635776836996,2021-11-01T10:27:16.996,101.81,-0.01721508052421064,-0.009365419405743498,-0.004252571580236204
1635776837006,2021-11-01T10:27:17.006,101.82,-0.015734625894955886,-0.0097667744998212,-0.003533217296297978
1635776837016,2021-11-01T10:27:17.016,101.83,-0.011893939803556079,-0.008632030088228024,-0.0019997792775565855
1635776837026,2021-11-01T10:27:17.026,101.84,-0.007926645535252824,-0.008683828434579098,-0.0017751847701087172
1635776837036,2021-11-01T10:27:17.036,101.85,-0.00402184071600741,-0.010802566637885362,-0.0021337290074631143
1635776837046,2021-11-01T10:27:17.046,101.86,0.0011561047147160592,-0.010230206113618183,-0.0006801443705009875
1635776837056,2021-11-01T10:27:17.056,101.87,0.007457081938854361,-0.002536128161361299,0.0015593302229653613
1635776837066,2021-11-01T10:27:17.066,101.88,0.01321672868161487,0.006683436055801297,0.0013719870783317737
1635776837076,2021-11-01T10:27:17.076,101.89,0.0174555605905071,0.007552390489031032,-0.0005784247815661602
1635776837086,2021-11-01T10:27:17.086,101.9,0.02013128132586025,0.0017938672418908873,-0.0008607714259250727
1635776837096,2021-11-01T10:27:17.096,101.91,0.020883588549216577,0.00026950390404884613,0.0003160089580617012
1635776837106,2021-11-01T10:27:17.106,101.92,0.019236317513529957,0.005468266072963652,-0.00017281058546372751
1635776837116,2021-11-01T10:27:17.116,101.93,0.015732132698675693,0.010417104569840702,-0.002428255150209464
1635776837126,2021-11-01T10:27:17.126,101.94,0.011429008009515611,0.011745259658658223,-0.00357454457276719
1635776837136,2021-11-01T10:27:17.136,101.95,0.006427230656355472,0.010986720403332784,-0.0027136851198424315
1635776837146,2021-11-01T10:27:17.146,101.96,0.00028173725918915137,0.008146953480358012,-0.0019932275178671205
1635776837156,2021-11-01T10:27:17.156,101.97,-0.006236107414645417,0.003141284272923823,-0.003296174085684356
1635776837166,2021-11-01T10:27:17.166,101.98,-0.011349864910281844,-0.0021409303455092576,-0.00623185500349427
1635776837176,2021-11-01T10:27:17.176,101.99,-0.014514270205739602,-0.006820808531636512,-0.008895392633877383
1635776837186,2021-11-01T10:27:17.186,102.0,-0.016964422313071974,-0.009787140471475215,-0.009291283858350622
1635776837196,2021-11-01T10:27:17.196,102.01,-0.01931617586590597,-0.007196403149494264,-0.006985824745875154
1635776837206,2021-11-01T10:27:17.206,102.02,-0.019935882244592893,0.000803948253348453,-0.003941346449989842
1635776837216,2021-11-01T10:27:17.216,102.03,-0.016948934251521615,0.005414218766274396,-0.0023138322211721835
1635776837226,2021-11-01T10:27:17.226,102.04,-0.010938082770248204,0.0005748543823105199,-0.001631256795373103
1635776837236,2021-11-01T10:27:17.236,102.05,-0.00432363310351017,-0.006389399605181863,0.00016432321988288023
1635776837246,2021-11-01T10:27:17.246,102.06,0.0011599925316197876,-0.00498842025461714,0.003457965046299907
1635776837256,2021-11-01T10:27:17.256,102.07,0.005255092313056623,0.0031700895720923263,0.006500914760052415
1635776837266,2021-11-01T10:27:17.266,102.08,0.008308543928187589,0.008553109229605962,0.00792307061383287
1635776837276,2021-11-01T10:27:17.276,102.09,0.010581747079713896,0.007996251122903083,0.008070908644261259
1635776837286,2021-11-01T10:27:17.286,102.1,0.011952551534623497,0.0059346804399192064,0.007602547629735521
1635776837296,2021-11-01T10:27:17.296,102.11,0.012032298463782756,0.005221559939040717,0.006266726378066526
1635776837306,2021-11-01T10:27:17.306,102.12,0.01060376459893674,0.00482415986892001,0.003793410352786473
1635776837316,2021-11-01T10:27:17.316,102.13,0.00738478201326548,0.004556382193449354,0.0008756229888957811
1635776837326,2021-11-01T10:27:17.326,102.14,0.002027346609910709,0.005811996961215801,-0.0015122574162005776
1635776837336,2021-11-01T10:27:17.336,102.15,-0.004425855953232026,0.00829540730094048,-0.003135178528225865
1635776837346,2021-11-01T10:27:17.346,102.16,-0.009454422392077262,0.00962507446296014,-0.004426474734970591
1635776837356,2021-11-01T10:27:17.356,102.17,-0.011883441317077033,0.00788499561764137,-0.005786287635043229
1635776837366,2021-11-01T10:27:17.366,102.18,-0.013222231248023497,0.0031802576430864284,-0.00688069949785609
1635776837376,2021-11-01T10:27:17.376,102.19,-0.015069682937001222,-0.0027870157027876877,-0.006608557779296972
1635776837386,2021-11-01T10:27:17.386,102.2,-0.016634526763299864,-0.007739652713715277,-0.004494406556692325
1635776837396,2021-11-01T10:27:17.396,102.21,-0.01580742588852842,-0.009749346248980918,-0.0016307359535327856
1635776837406,2021-11-01T10:27:17.406,102.22,-0.011817716026877216,-0.008638868033459948,0.0009588427159838802
1635776837416,2021-11-01T10:27:17.416,102.23,-0.005747492816693648,-0.006600965376457522,0.0037567495591916884
1635776837426,2021-11-01T10:27:17.426,102.24,0.001173456954584914,-0.005556068376708674,0.007230336345581594
1635776837436,2021-11-01T10:27:17.436,102.25,0.00818141819414998,-0.004327306149551887,0.010418578125892274
1635776837446,2021-11-01T10:27:17.446,102.26,0.014114831807862722,-0.000909569500567362,0.012246338351870004
1635776837456,2021-11-01T10:27:17.456,102.27,0.018139002764466446,0.004047315263060579,0.012846127191053113
1635776837466,2021-11-01T10:27:17.466,102.28,0.020989907298208932,0.009095833171352579,0.012797494908628693
1635776837476,2021-11-01T10:27:17.476,102.29,0.023185508614042713,0.0145238021505775,0.01225136009544453
1635776837486,2021-11-01T10:27:17.486,102.3,0.023088068999683145,0.019603863032334672,0.011182403096632614
1635776837496,2021-11-01T10:27:17.496,102.31,0.01908647432796724,0.02101039208075282,0.009520273743710667
1635776837506,2021-11-01T10:27:17.506,102.32,0.012269562437996524,0.017717962398759498,0.007046713129621018
1635776837516,2021-11-01T10:27:17.516,102.33,0.005123350048788047,0.013720165294804836,0.003922834819472187
1635776837526,2021-11-01T10:27:17.526,102.34,-0.0011466947543421508,0.01217453978087449,0.0008848934414731881
1635776837536,2021-11-01T10:27:17.536,102.35,-0.007042268102865248,0.010650265887772745,-0.0015070810478742113
1635776837546,2021-11-01T10:27:17.546,102.36,-0.01341739201617119,0.006334871525743473,-0.0029557394282363515
1635776837556,2021-11-01T10:27:17.556,102.37,-0.020155462840775847,0.002074750010470385,-0.003096003995530208
1635776837566,2021-11-01T10:27:17.566,102.38,-0.026079304335472925,0.0015358920741971728,-0.002649905120989688
1635776837576,2021-11-01T10:27:17.576,102.39,-0.030335397695640826,0.001186950635861659,-0.003477521466220915
1635776837586,2021-11-01T10:27:17.586,102.4,-0.033448035251362314,-0.005627224731030004,-0.005068275990793727
1635776837596,2021-11-01T10:27:17.596,102.41,-0.0359194786999445,-0.017201863993093744,-0.003732297804302819
1635776837606,2021-11-01T10:27:17.606,102.42,-0.036267684372217064,-0.023715205736747538,0.0017194245614997857
1635776837616,2021-11-01T10:27:17.616,102.43,-0.032441798228911946,-0.020469483263637393,0.007398895818765466
1635776837626,2021-11-01T10:27:17.626,102.44,-0.024848440580061398,-0.013443527865098084,0.010198003981718424
1635776837636,2021-11-01T10:27:17.636,102.45,-0.01577127990033949,-0.008472157181792086,0.011411890363699155
1635776837646,2021-11-01T10:27:17.646,102.46,-0.006567934533765963,-0.0024879466103340164,0.012767879982971589
1635776837656,2021-11-01T10:27:17.656,102.47,0.002351405284673773,0.008843338583141788,0.014210505321218567
1635776837666,2021-11-01T10:27:17.666,102.48,0.009987617528760264,0.021303050092904896,0.01614473675785504
1635776837676,2021-11-01T10:27:17.676,102.49,0.015258251035251746,0.02723282627787011,0.018642902997953823
1635776837686,2021-11-01T10:27:17.686,102.5,0.018072420281845386,0.026125818649510815,0.01929634042058184
1635776837696,2021-11-01T10:27:17.696,102.51,0.018841035228167043,0.023702046780654996,0.016591743707584206
1635776837706,2021-11-01T10:27:17.706,102.52,0.017964473810111434,0.023554779737276793,0.013371910573293955
1635776837716,2021-11-01T10:27:17.716,102.53,0.01597495181313466,0.024590205419057227,0.012709457292497874
1635776837726,2021-11-01T10:27:17.726,102.54,0.012854038268541517,0.024736075044959616,0.013051127660572894
1635776837736,2021-11-01T10:27:17.736,102.55,0.007651958606319998,0.0238227969747798,0.011330416816356596
1635776837746,2021-11-01T10:27:17.746,102.56,0.0003993958309683322,0.02326004099205213,0.008085375471829491
1635776837756,2021-11-01T10:27:17.756,102.57,-0.006490926344279603,0.023866148925026743,0.0059003162814052525
1635776837766,2021-11-01T10:27:17.766,102.58,-0.010710478046622462,0.023128192789782183,0.005253164842996128
1635776837776,2021-11-01T10:27:17.776,102.59,-0.013147057272529475,0.01541581210173847,0.004923626788309534
1635776837786,2021-11-01T10:27:17.786,102.6,-0.016474407700890852,-0.0011511422915402906,0.00451966652663853
1635776837796,2021-11-01T10:27:17.796,102.61,-0.021166142738392534,-0.018359094054136268,0.004602198784971657
1635776837806,2021-11-01T10:27:17.806,102.62,-0.02479797594638561,-0.025052404394225757,0.00568628482568018
1635776837816,2021-11-01T10:27:17.816,102.63,-0.025072095993487503,-0.021324972721829295,0.007697669372283917
1635776837826,2021-11-01T10:27:17.826,102.64,-0.021878700925841293,-0.017466973575337896,0.009742140745294356
1635776837836,2021-11-01T10:27:17.836,102.65,-0.01646064600241226,-0.01796288571100793,0.011223702815109409
1635776837846,2021-11-01T10:27:17.846,102.66,-0.010038820300853693,-0.016420532558533797,0.013129998736757277
1635776837856,2021-11-01T10:27:17.856,102.67,-0.0035137527330653243,-0.008546456545669991,0.016366379879885512
1635776837866,2021-11-01T10:27:17.866,102.68,0.002404402203400207,1.7718423293437528e-05,0.019348857560593735
1635776837876,2021-11-01T10:27:17.876,102.69,0.00706260463655209,0.0028891074359005484,0.01947040951526213
1635776837886,2021-11-01T10:27:17.886,102.7,0.00980608333656459,0.0020548417083323884,0.016475388658874587
1635776837896,2021-11-01T10:27:17.896,102.71,0.010456545790126424,0.003357712253278946,0.012752763840342126
1635776837906,2021-11-01T10:27:17.906,102.72,0.009630948112795334,0.00788565214138203,0.010584827426899056
1635776837916,2021-11-01T10:27:17.916,102.73,0.007989414983411793,0.011614790131158506,0.009822897774937164
1635776837926,2021-11-01T10:27:17.926,102.74,0.005693879097578228,0.011561736584029878,0.008326820364978359
1635776837936,2021-11-01T10:27:17.936,102.75,0.0029244984037502374,0.009831425266145312,0.00462779438168618
1635776837946,2021-11-01T10:27:17.946,102.76,1.5313163934203974e-06,0.01080995107692973,-0.00036358807819059644
1635776837956,2021-11-01T10:27:17.956,102.77,-0.0031853631212515852,0.014519401359208161,-0.004392707940924443
1635776837966,2021-11-01T10:27:17.966,102.78,-0.007061104049886193,0.01504160403760978,-0.005789318634452157
1635776837976,2021-11-01T10:27:17.976,102.79,-0.011454767667598436,0.008242778571463839,-0.004588071504762643
1635776837986,2021-11-01T10:27:17.986,102.8,-0.015040119569652203,-0.0007435417085255099,-0.0026508153665882155
1635776837996,2021-11-01T10:27:17.996,102.81,-0.016086019809050944,-0.00262755295529443,-0.002051117104383163
1635776838006,2021-11-01T10:27:18.006,102.82,-0.01411414550595362,0.0038008809040695115,-0.0024265106846002877
1635776838016,2021-11-01T10:27:18.016,102.83,-0.010153949409446625,0.010072756083241392,-0.0009477225305600577
1635776838026,2021-11-01T10:27:18.026,102.84,-0.004859631124192458,0.009283851085987074,0.003892414638222722
1635776838036,2021-11-01T10:27:18.036,102.85,0.002235965520597069,0.004007921158270629,0.00974379106616614
1635776838046,2021-11-01T10:27:18.046,102.86,0.010756014158305623,0.0015369841112173562,0.01349882434830167
1635776838056,2021-11-01T10:27:18.056,102.87,0.0185368524513153,0.004659483863240293,0.015510117786367923
1635776838066,2021-11-01T10:27:18.066,102.88,0.023702206448614947,0.009981086023317043,0.018005177390948493
1635776838076,2021-11-01T10:27:18.076,102.89,0.026225147660676816,0.013608748106976348,0.020476760008019967
1635776838086,2021-11-01T10:27:18.086,102.9,0.02685641020490331,0.014254553036193343,0.02002632594053398
1635776838096,2021-11-01T10:27:18.096,102.91,0.02575341824425153,0.011640321922873067,0.01615221183236607
1635776838106,2021-11-01T10:27:18.106,102.92,0.022438145146562963,0.0066626594281885354,0.012097157416085202
1635776838116,2021-11-01T10:27:18.116,102.93,0.016501143736842236,0.002477106476620053,0.010395831989590576
1635776838126,2021-11-01T10:27:18.126,102.94,0.008686346207755921,0.0018859624736185085,0.00939052086443193
1635776838136,2021-11-01T10:27:18.136,102.95,0.001354351930178286,0.004726984329627202,0.006080875614032925
1635776838146,2021-11-01T10:27:18.146,102.96,-0.003509215395073081,0.008733055106407204,0.0008264301669873558
1635776838156,2021-11-01T10:27:18.156,102.97,-0.007222609231597411,0.010744692707198732,-0.0032324489618049124
1635776838166,2021-11-01T10:27:18.166,102.98,-0.013326327592953525,0.008266668504956474,-0.004517266775555745
1635776838176,2021-11-01T10:27:18.176,102.99,-0.022345892248782157,0.002547943106857009,-0.004399438397248115
1635776838186,2021-11-01T10:27:18.186,103.0,-0.029994819024318463,-0.002204528361936422,-0.004567448475939146
1635776838196,2021-11-01T10:27:18.196,103.01,-0.032469784203735835,-0.004407331767601108,-0.004968820419578087
1635776838206,2021-11-01T10:27:18.206,103.02,-0.030800539159978255,-0.006508990585819178,-0.004726503217375851
1635776838216,2021-11-01T10:27:18.216,103.03,-0.027644752458948575,-0.010141417862648189,-0.0037373879471509753
1635776838226,2021-11-01T10:27:18.226,103.04,-0.023076549485779627,-0.01359617134095142,-0.0024191198749162236
1635776838236,2021-11-01T10:27:18.236,103.05,-0.016382565911781673,-0.014327023310841836,-0.0005696597096083982
1635776838246,2021-11-01T10:27:18.246,103.06,-0.0088872781960311,-0.011070220660077075,0.002313699883374481
1635776838256,2021-11-01T10:27:18.256,103.07,-0.0024971206286112223,-0.0039678335694461,0.005761381724658236
1635776838266,2021-11-01T10:27:18.266,103.08,0.0021071225635974815,0.004858684530549466,0.008566823602656619
1635776838276,2021-11-01T10:27:18.276,103.09,0.004980082497169009,0.011264340155153589,0.010298868876082352
1635776838286,2021-11-01T10:27:18.286,103.1,0.007000943920191944,0.012302022040547499,0.011371662288694951
1635776838296,2021-11-01T10:27:18.296,103.11,0.009772549606945501,0.00981670794590254,0.011470623533569785
1635776838306,2021-11-01T10:27:18.306,103.12,0.012990769391453232,0.008238374299862966,0.009303674986821091
1635776838316,2021-11-01T10:27:18.316,103.13,0.013617338187011812,0.008991515250980459,0.004808872411496459
1635776838326,2021-11-01T10:27:18.326,103.14,0.01001015234401993,0.010974052030946074,0.00045795224146784406
1635776838336,2021-11-01T10:27:18.336,103.15,0.004417186657538749,0.015356062533871218,-0.0014494620808658569
1635776838346,2021-11-01T10:27:18.346,103.16,-0.0008311159871739957,0.0230403800777157,-0.0020635078287003328
1635776838356,2021-11-01T10:27:18.356,103.17,-0.0064348705630317745,0.028038197957181682,-0.004195660219530889
1635776838366,2021-11-01T10:27:18.366,103.18,-0.013063876301808289,0.0221257562985002,-0.007897178448312484
1635776838376,2021-11-01T10:27:18.376,103.19,-0.018505649672171904,0.006855603813706267,-0.010369020252554467
1635776838386,2021-11-01T10:27:18.386,103.2,-0.020354827473459743,-0.006774919229807032,-0.009580564013824587
1635776838396,2021-11-01T10:27:18.396,103.21,-0.018958941380245592,-0.011205276060204033,-0.005927003100952375
1635776838406,2021-11-01T10:27:18.406,103.22,-0.01589348979626679,-0.008873011004386816,-0.0014433157110155619
1635776838416,2021-11-01T10:27:18.416,103.23,-0.01144713270328181,-0.006133067838618276,0.0014267523866912015
1635776838426,2021-11-01T10:27:18.426,103.24,-0.004958313729795872,-0.005683655359962269,0.0021065271989656716
1635776838436,2021-11-01T10:27:18.436,103.25,0.003232362942845144,-0.0058046135534740775,0.00312471247702553
1635776838446,2021-11-01T10:27:18.446,103.26,0.011204993168437344,-0.004017955227878267,0.006772441788262435
1635776838456,2021-11-01T10:27:18.456,103.27,0.017220285704748917,0.00011207104386465132,0.011576459753938655
1635776838466,2021-11-01T10:27:18.466,103.28,0.02143442540680835,0.004832026826071657,0.014702787423691695
1635776838476,2021-11-01T10:27:18.476,103.29,0.024819126471416368,0.007909186928883628,0.015715141145170163
1635776838486,2021-11-01T10:27:18.486,103.3,0.026945711467738345,0.008969682486252918,0.015269125294497752
1635776838496,2021-11-01T10:27:18.496,103.31,0.02618146770646544,0.009719191025782302,0.012850233086584922
1635776838506,2021-11-01T10:27:18.506,103.32,0.021691536263600424,0.01068274880486526,0.00840657673421532
1635776838516,2021-11-01T10:27:18.516,103.33,0.014212022903829976,0.009972340032811984,0.0036081634622453147
1635776838526,2021-11-01T10:27:18.526,103.34,0.005172543061698496,0.007677392683098319,-0.00042272241977144254
1635776838536,2021-11-01T10:27:18.536,103.35,-0.004217233788485606,0.006846751593282193,-0.004240213991281587
1635776838546,2021-11-01T10:27:18.546,103.36,-0.013200151547316907,0.0064468804305427545,-0.008157732469111237
1635776838556,2021-11-01T10:27:18.556,103.37,-0.021430606299201523,0.0012461446209340644,-0.011716304232545114
1635776838566,2021-11-01T10:27:18.566,103.38,-0.028877779322274318,-0.006402438677341447,-0.014901561858934556
1635776838576,2021-11-01T10:27:18.576,103.39,-0.0353741188051086,-0.006772427505253393,-0.017519983177942712
1635776838586,2021-11-01T10:27:18.586,103.4,-0.039978245295356304,-0.000928786634930736,-0.01840533777415241
1635776838596,2021-11-01T10:27:18.596,103.41,-0.041181100552588244,-0.002976174158877262,-0.01725763214359227
1635776838606,2021-11-01T10:27:18.606,103.42,-0.03812894193340434,-0.017456307155021694,-0.015582535913531793
1635776838616,2021-11-01T10:27:18.616,103.43,-0.031190912340582865,-0.030851946685457876,-0.014122612141593601
1635776838626,2021-11-01T10:27:18.626,103.44,-0.021288724627801396,-0.03079765270970812,-0.011443227876432333
1635776838636,2021-11-01T10:27:18.636,103.45,-0.009757756739806688,-0.020058071270597336,-0.00662893391309542
1635776838646,2021-11-01T10:27:18.646,103.46,0.0015583038505502624,-0.008478666977637503,-0.001120630219760631
1635776838656,2021-11-01T10:27:18.656,103.47,0.011968669798365526,-0.00015147997966513834,0.003335891978062849
1635776838666,2021-11-01T10:27:18.666,103.48,0.02277015437412959,0.008249298145436441,0.0061547024520276095
1635776838676,2021-11-01T10:27:18.676,103.49,0.03410806801750888,0.018948489694993593,0.00712888714725002
1635776838686,2021-11-01T10:27:18.686,103.5,0.042683872675315294,0.02731583334363799,0.00686398726872831
1635776838696,2021-11-01T10:27:18.696,103.51,0.04554363591760559,0.0283923704394508,0.006969464119790412
1635776838706,2021-11-01T10:27:18.706,103.52,0.0443144036620171,0.025326752212052446,0.00741628981841716
1635776838716,2021-11-01T10:27:18.716,103.53,0.04221195059206137,0.02457433515097122,0.00609062804318819
1635776838726,2021-11-01T10:27:18.726,103.54,0.03860957066589845,0.025314261986913934,0.0027646606877482207
1635776838736,2021-11-01T10:27:18.736,103.55,0.03086296377173432,0.02122087938969898,3.1858995947919464e-06
1635776838746,2021-11-01T10:27:18.746,103.56,0.020188988481997884,0.011694272336112085,-0.0011519245841026397
1635776838756,2021-11-01T10:27:18.756,103.57,0.010588694268891748,0.003603911073888087,-0.002404292905306324
1635776838766,2021-11-01T10:27:18.766,103.58,0.0026008178038206247,0.0006755164016104562,-0.004271684949462996
1635776838776,2021-11-01T10:27:18.776,103.59,-0.00629065113579797,-0.0019313504622700715,-0.005010509156240895
1635776838786,2021-11-01T10:27:18.786,103.6,-0.015429566165982815,-0.009207495535431919,-0.004146370355635678
1635776838796,2021-11-01T10:27:18.796,103.61,-0.02111630189924243,-0.018320686180639832,-0.0034468055647117525
1635776838806,2021-11-01T10:27:18.806,103.62,-0.022879660901401342,-0.02421044898171765,-0.0038959176035980236
1635776838816,2021-11-01T10:27:18.816,103.63,-0.024073303330696995,-0.02836825757613798,-0.00441756441457007
1635776838826,2021-11-01T10:27:18.826,103.64,-0.026122246681825875,-0.034851417769268055,-0.0037091098809968904
1635776838836,2021-11-01T10:27:18.836,103.65,-0.026650281643701715,-0.04049238324163859,-0.0017920824054217489
1635776838846,2021-11-01T10:27:18.846,103.66,-0.023651286964761375,-0.03740317128888859,-1.864103141799566e-05
1635776838856,2021-11-01T10:27:18.856,103.67,-0.018476104083564333,-0.02483432889530496,0.00013121875662053698
1635776838866,2021-11-01T10:27:18.866,103.68,-0.013894247891499643,-0.011340785170778113,-0.0010864305797539495
1635776838876,2021-11-01T10:27:18.876,103.69,-0.010713599902067317,-0.004206847693490058,-0.0015895484720517509
1635776838886,2021-11-01T10:27:18.886,103.7,-0.007386566902282546,-0.002009650732912662,-0.0003871634223463176
1635776838896,2021-11-01T10:27:18.896,103.71,-0.0024133747850077275,0.0010493958035254732,0.0003494585603625156
1635776838906,2021-11-01T10:27:18.906,103.72,0.003993442680288327,0.007168353710761395,-0.0019946493268916594
1635776838916,2021-11-01T10:27:18.916,103.73,0.010339698143359477,0.013235437426410757,-0.006406028169617899
1635776838926,2021-11-01T10:27:18.926,103.74,0.014785557698781638,0.01575374876753641,-0.009352074986305869
1635776838936,2021-11-01T10:27:18.936,103.75,0.016156071860277052,0.015662501220523352,-0.009538792611492049
1635776838946,2021-11-01T10:27:18.946,103.76,0.015281345422045439,0.016724536854850525,-0.008835336203932755
1635776838956,2021-11-01T10:27:18.956,103.77,0.01446778956657201,0.01938994792067542,-0.008703055655794075
1635776838966,2021-11-01T10:27:18.966,103.78,0.014664717810088716,0.019612695071593574,-0.00836046800731355
1635776838976,2021-11-01T10:27:18.976,103.79,0.014877091952366481,0.014875885648574947,-0.006675951443574023
1635776838986,2021-11-01T10:27:18.986,103.8,0.014645236986839751,0.007283960199793393,-0.003988911994397471
1635776838996,2021-11-01T10:27:18.996,103.81,0.014274785005709651,-0.0003835716651989534,-0.0014365121455712226
1635776839006,2021-11-01T10:27:19.006,103.82,0.013282178014810834,-0.006691837053130445,0.0005836502882151697
1635776839016,2021-11-01T10:27:19.016,103.83,0.011858431736799038,-0.009327311907788651,0.0023214610196093007
1635776839026,2021-11-01T10:27:19.026,103.84,0.011810156377552273,-0.007251942080249889,0.003654741472239597
1635776839036,2021-11-01T10:27:19.036,103.85,0.012949957704650728,-0.005288126592391317,0.004462998543528612
1635776839046,2021-11-01T10:27:19.046,103.86,0.011964044746898488,-0.009321763317685429,0.005219925215350121
1635776839056,2021-11-01T10:27:19.056,103.87,0.007666357710992024,-0.016582750654882628,0.006015183007521081
1635776839066,2021-11-01T10:27:19.066,103.88,0.0033803046519530946,-0.018211657601500033,0.006108907806810008
1635776839076,2021-11-01T10:27:19.076,103.89,0.0017797735516165807,-0.012262644224695517,0.005064319051447913
1635776839086,2021-11-01T10:27:19.086,103.9,0.0011738819406969523,-0.006788405512726702,0.0032565321487856343
1635776839096,2021-11-01T10:27:19.096,103.91,-0.0012253098298426902,-0.007967036844135042,0.0012618179967192659
1635776839106,2021-11-01T10:27:19.106,103.92,-0.005231391651915786,-0.011717300182778868,-0.0007750213740365129
1635776839116,2021-11-01T10:27:19.116,103.93,-0.00855640385840143,-0.011002927167763049,-0.0033062201248740446
1635776839126,2021-11-01T10:27:19.126,103.94,-0.010298939830885694,-0.006089287629385572,-0.006403098998571144
1635776839136,2021-11-01T10:27:19.136,103.95,-0.011548135920906488,-0.0017800446903846912,-0.008603185685847541
1635776839146,2021-11-01T10:27:19.146,103.96,-0.012570010459039438,0.0012832959238386233,-0.008310351751299398
1635776839156,2021-11-01T10:27:19.156,103.97,-0.012136716125778818,0.005104099296608556,-0.006517604751051678
1635776839166,2021-11-01T10:27:19.166,103.98,-0.010426009363909687,0.006997176104772473,-0.0058550567985615025
1635776839176,2021-11-01T10:27:19.176,103.99,-0.009352197584735569,0.0022860168406868215,-0.006306693373740667
1635776839186,2021-11-01T10:27:19.186,104.0,-0.009241799258073311,-0.006590865142420658,-0.004607632745165154
1635776839196,2021-11-01T10:27:19.196,104.01,-0.008234838534803087,-0.011461784059614854,0.0008057871729497666
1635776839206,2021-11-01T10:27:19.206,104.02,-0.005197909349643965,-0.00891567204331057,0.007002957228667595
1635776839216,2021-11-01T10:27:19.216,104.03,-0.000998565598064475,-0.0031959824326193353,0.010420545992254272
1635776839226,2021-11-01T10:27:19.226,104.04,0.0027281622470727825,0.0008168828072772575,0.011119361323548599
1635776839236,2021-11-01T10:27:19.236,104.05,0.004949089463907711,0.0018591242435187845,0.011459378922108321
1635776839246,2021-11-01T10:27:19.246,104.06,0.005927781125974977,0.00021265773487661398,0.012592462941531232
1635776839256,2021-11-01T10:27:19.256,104.07,0.006658035581013464,-0.003326509321055297,0.014072340862986747
1635776839266,2021-11-01T10:27:19.266,104.08,0.007304188994148576,-0.006473728535538904,0.015180821247160121
1635776839276,2021-11-01T10:27:19.276,104.09,0.006795234183698056,-0.007407683382620817,0.014923215413070273
1635776839286,2021-11-01T10:27:19.286,104.1,0.0042285393285560685,-0.007093908305246338,0.012504725756064823
1635776839296,2021-11-01T10:27:19.296,104.11,0.0003240416869155772,-0.006621414639981269,0.008998049899200118
1635776839306,2021-11-01T10:27:19.306,104.12,-0.0028919912023448956,-0.004395346540364321,0.006116227054627327
1635776839316,2021-11-01T10:27:19.316,104.13,-0.004399564226944742,0.0005585592148437863,0.0030858799284513307
1635776839326,2021-11-01T10:27:19.326,104.14,-0.0056140094507610705,0.005418179678372055,-0.001466482656787417
1635776839336,2021-11-01T10:27:19.336,104.15,-0.007995481840882935,0.007340559352784866,-0.005179310905747192
1635776839346,2021-11-01T10:27:19.346,104.16,-0.010143139064661053,0.007454030144930008,-0.005036822763618399
1635776839356,2021-11-01T10:27:19.356,104.17,-0.009658614918723076,0.007832395959442217,-0.003568610483641911
1635776839366,2021-11-01T10:27:19.366,104.18,-0.007024185223557744,0.007239007542701352,-0.005244265996946057
1635776839376,2021-11-01T10:27:19.376,104.19,-0.004962129165599349,0.0034223417092987905,-0.008463613788905729
1635776839386,2021-11-01T10:27:19.386,104.2,-0.004423727001167657,-0.0015516153969532239,-0.008439909736579664
1635776839396,2021-11-01T10:27:19.396,104.21,-0.0037055197127987337,-0.0021795491322886764,-0.005758438064577856
1635776839406,2021-11-01T10:27:19.406,104.22,-0.0017196719401058622,0.0029836486375596867,-0.004646825996542573
1635776839416,2021-11-01T10:27:19.416,104.23,0.00020334375546261579,0.008226675219517783,-0.005264197953086247
1635776839426,2021-11-01T10:27:19.426,104.24,0.0007975727502022654,0.007963754048276296,-0.004678126965071355
1635776839436,2021-11-01T10:27:19.436,104.25,0.0009005043979632089,0.0038466112409262353,-0.0027404024620667133
1635776839446,2021-11-01T10:27:19.446,104.26,0.0014294544050494646,0.0010068858988314235,-0.0011861716289019732
1635776839456,2021-11-01T10:27:19.456,104.27,0.0015941656478695736,0.0006445733496156384,-0.00024069918611122006
1635776839466,2021-11-01T10:27:19.466,104.28,0.0008194509553609401,0.0005475473650841441,-4.800755030693059e-06
1635776839476,2021-11-01T10:27:19.476,104.29,0.00015896618193475868,-9.330719168434553e-05,-0.0010069086762462063
1635776839486,2021-11-01T10:27:19.486,104.3,0.0003656846060588658,-0.000598136820213983,-0.00184608796968517
1635776839496,2021-11-01T10:27:19.496,104.31,0.0006369484916349762,-0.0013499991456812155,-0.0009503558814980685
1635776839506,2021-11-01T10:27:19.506,104.32,0.00023465849322303138,-0.0031376543718897197,0.00016101057858441015
1635776839516,2021-11-01T10:27:19.516,104.33,-0.0003320344078580769,-0.005350604048229344,-0.0003799284960346668
1635776839526,2021-11-01T10:27:19.526,104.34,-0.0004156207355895609,-0.006686990530619798,-0.0015427714600131897
1635776839536,2021-11-01T10:27:19.536,104.35,-0.0002974631856847499,-0.00647308497206865,-0.0020445157932486597
1635776839546,2021-11-01T10:27:19.546,104.36,-0.0004480099322472968,-0.004773033742212345,-0.002514274197724201
1635776839556,2021-11-01T10:27:19.556,104.37,-0.0007079885787272641,-0.0026529798177408557,-0.003109302573605405
1635776839566,2021-11-01T10:27:19.566,104.38,-0.0008157833612151492,-0.002042997170246167,-0.0027056331215291564
1635776839576,2021-11-01T10:27:19.576,104.39,-0.000488283928992941,-0.003464566802483081,-0.0014818357398090122
1635776839586,2021-11-01T10:27:19.586,104.4,0.0009893894245940303,-0.004550187713436871,-0.001204980825411405
1635776839596,2021-11-01T10:27:19.596,104.41,0.003410994630770064,-0.003044847609892447,-0.002425219152173938
1635776839606,2021-11-01T10:27:19.606,104.42,0.004972742685116879,-0.00014070909340384134,-0.0037594594475104173
1635776839616,2021-11-01T10:27:19.616,104.43,0.004954324988088538,0.0017022801507391846,-0.004185309423429997
1635776839626,2021-11-01T10:27:19.626,104.44,0.004966358725622589,0.0022442778417588504,-0.0040782640393382695
1635776839636,2021-11-01T10:27:19.636,104.45,0.00602896007596812,0.0021790330216994013,-0.00389941750674065
1635776839646,2021-11-01T10:27:19.646,104.46,0.007032718178854874,0.0013120272863260773,-0.0035991694849051917
1635776839656,2021-11-01T10:27:19.656,104.47,0.006828531715496081,0.0002942386570359831,-0.0032534182504173168
1635776839666,2021-11-01T10:27:19.666,104.48,0.005528790599105748,0.0008726775277530558,-0.0029276733407062293
1635776839676,2021-11-01T10:27:19.676,104.49,0.003775952611959098,0.002879540353968439,-0.002298877204500904
1635776839686,2021-11-01T10:27:19.686,104.5,0.002289232495376431,0.003921069866778629,-0.0013758680327564218
1635776839696,2021-11-01T10:27:19.696,104.51,0.001674818148494182,0.0026607855886060456,-0.0010049740028748601
1635776839706,2021-11-01T10:27:19.706,104.52,0.0018811410287735953,1.8036962682898053e-05,-0.0018682067205323919
1635776839716,2021-11-01T10:27:19.716,104.53,0.002118460324218938,-0.002762083300900206,-0.003297985600853282
1635776839726,2021-11-01T10:27:19.726,104.54,0.0014489939209617548,-0.005081589234304157,-0.003796462629150379
1635776839736,2021-11-01T10:27:19.736,104.55,-0.0002865549607017028,-0.006203378231563639,-0.00278444272913193
1635776839746,2021-11-01T10:27:19.746,104.56,-0.0019700693090070743,-0.005448771470029137,-0.0011496771514683598
1635776839756,2021-11-01T10:27:19.756,104.57,-0.0024742865868018988,-0.0035253105942150767,3.20744722844615e-05
1635776839766,2021-11-01T10:27:19.766,104.58,-0.002236223764678394,-0.0021444728060012706,0.0003718719209955468
1635776839776,2021-11-01T10:27:19.776,104.59,-0.002161103602122085,-0.0016198042451786828,-0.0004003649651094771
1635776839786,2021-11-01T10:27:19.786,104.6,-0.001970383406134388,-0.00020182054219941226,-0.0025112100574651705
1635776839796,2021-11-01T10:27:19.796,104.61,-0.0014753706912974903,0.003031327996714563,-0.004982030266355078
1635776839806,2021-11-01T10:27:19.806,104.62,-0.0017527935619895407,0.005795110268759035,-0.00588548522243057
1635776839816,2021-11-01T10:27:19.816,104.63,-0.0031237379010986806,0.004798660233458629,-0.0046773333856955
1635776839826,2021-11-01T10:27:19.826,104.64,-0.0038186912533888905,-0.00021372980305509634,-0.0026865612113104176
1635776839836,2021-11-01T10:27:19.836,104.65,-0.0023360013523348374,-0.006141798687233406,-0.0010199349666767472
1635776839846,2021-11-01T10:27:19.846,104.66,0.00028750949594695167,-0.009683969108647925,-0.00014832813750524014
1635776839856,2021-11-01T10:27:19.856,104.67,0.0021041509950639006,-0.00928649294609843,-0.0008125020266394604
1635776839866,2021-11-01T10:27:19.866,104.68,0.0031496387686084973,-0.005277913668215012,-0.0025395515471895473
1635776839876,2021-11-01T10:27:19.876,104.69,0.004646063746276894,-0.0004603503437111292,-0.0028335505141646317
1635776839886,2021-11-01T10:27:19.886,104.7,0.006202028544044788,0.0011980722854761446,-0.0006920343297115943
1635776839896,2021-11-01T10:27:19.896,104.71,0.0067128197092098316,-0.0006233893599620796,0.0012959674372870226
1635776839906,2021-11-01T10:27:19.906,104.72,0.006899661878599571,-0.0015089053615971518,0.0009699486342059285
1635776839916,2021-11-01T10:27:19.916,104.73,0.007682512003801182,0.0010642363864891977,-4.558191543171486e-05
1635776839926,2021-11-01T10:27:19.926,104.74,0.007802341105990089,0.003617949998943286,0.0002990051690280362
1635776839936,2021-11-01T10:27:19.936,104.75,0.006060089329451948,0.002372727578141571,0.0006028258005823286
1635776839946,2021-11-01T10:27:19.946,104.76,0.0036468930895670105,-0.0009582746297033271,-0.0013317433653037632
1635776839956,2021-11-01T10:27:19.956,104.77,0.0019499554800901035,-0.0023569191715080286,-0.004000163609796008
1635776839966,2021-11-01T10:27:19.966,104.78,0.00044721040726186873,-0.0015018424121188423,-0.003852812051092448
1635776839976,2021-11-01T10:27:19.976,104.79,-0.001422313179963074,-0.0016516808440971667,-0.000853567709896445
1635776839986,2021-11-01T10:27:19.986,104.8,-0.0023881307588486853,-0.0042561085247946,0.0012112014161636995
1635776839996,2021-11-01T10:27:19.996,104.81,-0.0011929649678138541,-0.006040530799379029,0.0006112171220198387
1635776840006,2021-11-01T10:27:20.006,104.82,0.0010420281887793652,-0.0034009164101819235,-0.0001264011006879303
1635776840016,2021-11-01T10:27:20.016,104.83,0.002238993303137278,0.0018492147892839531,0.0006900802618694261
1635776840026,2021-11-01T10:27:20.026,104.84,0.0022836491842237925,0.004561766121391482,0.0011538898800889303
1635776840036,2021-11-01T10:27:20.036,104.85,0.002667060469519731,0.003016300383009279,-1.3106524380769526e-06
1635776840046,2021-11-01T10:27:20.046,104.86,0.004019051567328975,-0.00015418920025595103,-0.0008169356643716132
1635776840056,2021-11-01T10:27:20.056,104.87,0.005397416482303119,-0.0027621047328918557,0.000153505079175318
1635776840066,2021-11-01T10:27:20.066,104.88,0.005289148209357802,-0.004628693906036095,0.0010693406076862724
1635776840076,2021-11-01T10:27:20.076,104.89,0.0031246625752600387,-0.0050731198875771134,-6.69942053052658e-05
1635776840086,2021-11-01T10:27:20.086,104.9,0.0005019640878836769,-0.0033682688226131232,-0.001956477406781096
1635776840096,2021-11-01T10:27:20.096,104.91,-0.0003476484998943605,-0.0012246184062173488,-0.0021570849636342844
1635776840106,2021-11-01T10:27:20.106,104.92,0.00022185246452277604,-0.0005906708925627047,-0.0011292948161676997
1635776840116,2021-11-01T10:27:20.116,104.93,-3.847874559996995e-06,-0.0002648557849564058,-0.0011567915598131656
1635776840126,2021-11-01T10:27:20.126,104.94,-0.0012390236085990797,0.001273955689725287,-0.0021986888937487676
1635776840136,2021-11-01T10:27:20.136,104.95,-0.0017827754730133987,0.0018633086777403913,-0.002269306295821849
1635776840146,2021-11-01T10:27:20.146,104.96,-0.001588061445470652,-0.0012320591167665478,-0.0013130653979367994
1635776840156,2021-11-01T10:27:20.156,104.97,-0.002184390344726737,-0.005861665925078161,-0.0009513023006176781
1635776840166,2021-11-01T10:27:20.166,104.98,-0.0030761302902363335,-0.006587074144118519,-0.0010089652708012641
1635776840176,2021-11-01T10:27:20.176,104.99,-0.0017300754479085013,-0.0016842554306045316,-8.618648430425607e-05
1635776840186,2021-11-01T10:27:20.186,105.0,0.002037166490956507,0.003894985066315778,0.0013397325140058626
1635776840196,2021-11-01T10:27:20.196,105.01,0.004950954009923631,0.0036905018085512265,0.0017496433000286414
1635776840206,2021-11-01T10:27:20.206,105.02,0.005079526897668687,-0.0027723552554519268,0.0011563033541283248
1635776840216,2021-11-01T10:27:20.216,105.03,0.004414135092194186,-0.009343291344100061,0.000515889887718561
1635776840226,2021-11-01T10:27:20.226,105.04,0.004782206104635062,-0.010647480880164399,0.0004243361036094583
1635776840236,2021-11-01T10:27:20.236,105.05,0.004753720925839136,-0.00760699538794509,0.0013731909386321278
1635776840246,2021-11-01T10:27:20.246,105.06,0.0027536249997935354,-0.00428005506739091,0.0029717995605818854
1635776840256,2021-11-01T10:27:20.256,105.07,9.201897487127954e-05,-0.0027099438319558556,0.003159804796659017
1635776840266,2021-11-01T10:27:20.266,105.08,-0.001143304289821439,-0.0027629629877133615,0.0007794625591082574
1635776840276,2021-11-01T10:27:20.276,105.09,-0.0010139014571386247,-0.0034309322871195454,-0.0021422897288611085
1635776840286,2021-11-01T10:27:20.286,105.1,-0.0009600859207114973,-0.002903119664317743,-0.0030424678777441366
1635776840296,2021-11-01T10:27:20.296,105.11,-0.0014157659953824516,-0.0007116274265305886,-0.0021706434432043494
1635776840306,2021-11-01T10:27:20.306,105.12,-0.0014233080802993764,0.00033885585776890755,-0.0014066408270533228
1635776840316,2021-11-01T10:27:20.316,105.13,-0.0002768628615466585,-0.0017920086958636448,-0.0014503564991932185
1635776840326,2021-11-01T10:27:20.326,105.14,0.0011488608426622109,-0.004010121499270757,-0.0017688204551228348
1635776840336,2021-11-01T10:27:20.336,105.15,0.0013773809761595899,-0.0026251731661166996,-0.001989499557481954
1635776840346,2021-11-01T10:27:20.346,105.16,0.0006073962970221639,0.00022148769411779506,-0.0020543222437232013
1635776840356,2021-11-01T10:27:20.356,105.17,0.00048215472294815446,0.00041505544353606286,-0.0019410375505683134
1635776840366,2021-11-01T10:27:20.366,105.18,0.0012944849453637977,-0.0009536671139719329,-0.0020120677276401697
1635776840376,2021-11-01T10:27:20.376,105.19,0.0015575121707811458,-0.0003307090581004004,-0.002621680951868622
1635776840386,2021-11-01T10:27:20.386,105.2,0.0006975202436961408,0.0018052466929536365,-0.003230970737889279
1635776840396,2021-11-01T10:27:20.396,105.21,-4.452397571573673e-05,0.002690591530996148,-0.003209575484921095
1635776840406,2021-11-01T10:27:20.406,105.22,0.00020873749280177304,0.0022354322369920673,-0.0029368188134438694
1635776840416,2021-11-01T10:27:20.416,105.23,0.0007571708665477338,0.002066626993343326,-0.0027601162792873987
1635776840426,2021-11-01T10:27:20.426,105.24,0.0007971359815404136,0.0023074064425501824,-0.0021925893976970355
1635776840436,2021-11-01T10:27:20.436,105.25,0.0005540916330547117,0.0019615228887118817,-0.0012351144147723188
1635776840446,2021-11-01T10:27:20.446,105.26,0.000386266685391907,0.0006829341748178497,-0.0006950300433961268
1635776840456,2021-11-01T10:27:20.456,105.27,0.00023011419505572817,-0.0011868428626369497,-0.0005249819384506918
1635776840466,2021-11-01T10:27:20.466,105.28,0.00031785473834137806,-0.0030894835407938416,0.0003807843357878758
1635776840476,2021-11-01T10:27:20.476,105.29,0.0010095836388657427,-0.0041389328761981675,0.0023545900518378926
1635776840486,2021-11-01T10:27:20.486,105.3,0.0018517814885220937,-0.0036062758198638517,0.00419540082319376
1635776840496,2021-11-01T10:27:20.496,105.31,0.002097456672794592,-0.0019395216797348006,0.004655043175737592
1635776840506,2021-11-01T10:27:20.506,105.32,0.0019630415697496294,-0.0005654270917897976,0.004077972657252898
1635776840516,2021-11-01T10:27:20.516,105.33,0.0022115752983837013,-0.0005301501514102776,0.003825231554915165
1635776840526,2021-11-01T10:27:20.526,105.34,0.0026689895729269954,-0.0016959427616454325,0.004170427225788743
1635776840536,2021-11-01T10:27:20.536,105.35,0.002240558659498043,-0.00306110779507469,0.004023931450849849
1635776840546,2021-11-01T10:27:20.546,105.36,0.0006163237894572167,-0.003577887878194482,0.003135842220162291
1635776840556,2021-11-01T10:27:20.556,105.37,-0.0009083957690506048,-0.0029048345335227553,0.002859130699118216
1635776840566,2021-11-01T10:27:20.566,105.38,-0.0010764999995469802,-0.0018015446592936487,0.0035946433814025946
1635776840576,2021-11-01T10:27:20.576,105.39,-0.0006441744051822889,-0.0017072233686977133,0.0033719994290958583
1635776840586,2021-11-01T10:27:20.586,105.4,-0.0014555748056850448,-0.0031266391801586537,0.0009550438959885917
1635776840596,2021-11-01T10:27:20.596,105.41,-0.0036205281960297966,-0.004165070160938004,-0.0015451052357248244
1635776840606,2021-11-01T10:27:20.606,105.42,-0.005146717487209795,-0.001992426964458305,-0.0018518065100658822
1635776840616,2021-11-01T10:27:20.616,105.43,-0.004700178484667944,0.0030209308220118785,-0.0014433404249053396
1635776840626,2021-11-01T10:27:20.626,105.44,-0.003363691515685576,0.006187013000174653,-0.0030086725924249698
1635776840636,2021-11-01T10:27:20.636,105.45,-0.0029224613141692213,0.004201414930589394,-0.005616547017960891
1635776840646,2021-11-01T10:27:20.646,105.46,-0.0031415478160788934,0.0006144986546283741,-0.006129348389655053
1635776840656,2021-11-01T10:27:20.656,105.47,-0.0020813504045835377,0.0012615390759671383,-0.0042835249094572755
1635776840666,2021-11-01T10:27:20.666,105.48,0.0005337259969755724,0.005153769923839334,-0.002714491655172977
1635776840676,2021-11-01T10:27:20.676,105.49,0.002118038157604073,0.006186962397776918,-0.0027088370721733116
1635776840686,2021-11-01T10:27:20.686,105.5,0.0008346613065990797,0.003954669397903108,-0.0030935508339116095
1635776840696,2021-11-01T10:27:20.696,105.51,-0.001538662287481121,0.0047995540989542425,-0.0028895868947852697
1635776840706,2021-11-01T10:27:20.706,105.52,-0.002355232237571697,0.010093444077453417,-0.0026263410128556843
1635776840716,2021-11-01T10:27:20.716,105.53,-0.0019204176029975774,0.011954316597246575,-0.0029664985393704512
1635776840726,2021-11-01T10:27:20.726,105.54,-0.0022086992941267244,0.005057218577622538,-0.00354355736071571
1635776840736,2021-11-01T10:27:20.736,105.55,-0.003153296878245368,-0.0043046700736589765,-0.003574471738743365
1635776840746,2021-11-01T10:27:20.746,105.56,-0.003079480037396106,-0.006691469136153938,-0.00297230014021653
1635776840756,2021-11-01T10:27:20.756,105.57,-0.002172415738141693,-0.0015611203596228472,-0.0024008607250294812
1635776840766,2021-11-01T10:27:20.766,105.58,-0.00238158590850683,0.00501156964697195,-0.002299387948859158
1635776840776,2021-11-01T10:27:20.776,105.59,-0.003924366872612066,0.009180203205817411,-0.002317809175668291
1635776840786,2021-11-01T10:27:20.786,105.6,-0.004807635936200361,0.009974466285231876,-0.001975892114440181
1635776840796,2021-11-01T10:27:20.796,105.61,-0.004047667045931002,0.0068222633164727285,-0.0013707404489406954
1635776840806,2021-11-01T10:27:20.806,105.62,-0.002906145628901754,0.0016370221150400356,-0.0010030415353235516
1635776840816,2021-11-01T10:27:20.816,105.63,-0.0025931819955892247,-0.001785685967098779,-0.0013548286654586075
1635776840826,2021-11-01T10:27:20.826,105.64,-0.002889428283545179,-0.002945280556883729,-0.002311192545270974
1635776840836,2021-11-01T10:27:20.836,105.65,-0.003500935537021784,-0.00391411778104958,-0.0027158434902210754
1635776840846,2021-11-01T10:27:20.846,105.66,-0.004609438300018125,-0.0039049176896668782,-0.0017450666623127675
1635776840856,2021-11-01T10:27:20.856,105.67,-0.005564760143670279,-0.000716749217323793,-0.000663468215572579
1635776840866,2021-11-01T10:27:20.866,105.68,-0.005298636770509618,0.003960141014489792,-0.0010393425076430031
1635776840876,2021-11-01T10:27:20.876,105.69,-0.004193094595516127,0.006360594770338882,-0.0018095876444034252
1635776840886,2021-11-01T10:27:20.886,105.7,-0.003318192916940837,0.005772129604728303,-0.0009383881814963083
1635776840896,2021-11-01T10:27:20.896,105.71,-0.0025100249663966576,0.0037842903180308894,0.0009361537345105702
1635776840906,2021-11-01T10:27:20.906,105.72,-0.0012162341511225846,0.0011193199758717342,0.0014132966211861402
1635776840916,2021-11-01T10:27:20.916,105.73,0.0002167279934050731,-0.00172278173961587,0.00019587368862956117
1635776840926,2021-11-01T10:27:20.926,105.74,0.0014973401782068171,-0.003051531660406891,-0.00041347235290851433
1635776840936,2021-11-01T10:27:20.936,105.75,0.002899313455558459,-0.0014116641668885071,0.0010712788666631195
1635776840946,2021-11-01T10:27:20.946,105.76,0.004313657687534169,0.002445926407282817,0.003293955440099626
1635776840956,2021-11-01T10:27:20.956,105.77,0.005120687671399291,0.005531623113817785,0.004251889895293532
1635776840966,2021-11-01T10:27:20.966,105.78,0.004882672852428077,0.005026216731177367,0.003918332134756286
1635776840976,2021-11-01T10:27:20.976,105.79,0.003827743009168806,0.001680747205764321,0.003305808324763298
1635776840986,2021-11-01T10:27:20.986,105.8,0.0029518853493772923,-0.0005602011120824407,0.002522600992689275
1635776840996,2021-11-01T10:27:20.996,105.81,0.002927955944608709,0.0002998969041794828,0.0015938074256263944
1635776841006,2021-11-01T10:27:21.006,105.82,0.0028526817500633987,0.001991776944318782,0.001530714280869159
1635776841016,2021-11-01T10:27:21.016,105.83,0.001494468955902416,0.0022938413361912793,0.0023429637406835306
1635776841026,2021-11-01T10:27:21.026,105.84,-0.0007087086199746897,0.0023132311691598465,0.0017404649011992066
1635776841036,2021-11-01T10:27:21.036,105.85,-0.002640109014720793,0.00345831228512873,-0.0016510924094630779
1635776841046,2021-11-01T10:27:21.046,105.86,-0.004283806821158502,0.004448373624177529,-0.0055038352561477145
1635776841056,2021-11-01T10:27:21.056,105.87,-0.005765118033218073,0.0037071542172830603,-0.006726719726179822
1635776841066,2021-11-01T10:27:21.066,105.88,-0.006392469495382468,0.0021893914476078143,-0.00561756418198231
1635776841076,2021-11-01T10:27:21.076,105.89,-0.006017184630193958,0.001652879269066761,-0.004818387973956553
1635776841086,2021-11-01T10:27:21.086,105.9,-0.005478086754977109,0.0017839433131618672,-0.005329540458101979
1635776841096,2021-11-01T10:27:21.096,105.91,-0.005203182294040934,0.0009898573193774583,-0.005575921369942117
1635776841106,2021-11-01T10:27:21.106,105.92,-0.004999423157778163,-0.000525464078359108,-0.004090218876302925
1635776841116,2021-11-01T10:27:21.116,105.93,-0.004897880656654417,-0.0004844426158885025,-0.0017082037333589508
1635776841126,2021-11-01T10:27:21.126,105.94,-0.004966237370086997,0.0019084583185364726,-0.00047850424276054803
1635776841136,2021-11-01T10:27:21.136,105.95,-0.004911667427508132,0.004229789724882747,-0.000870447898319649
1635776841146,2021-11-01T10:27:21.146,105.96,-0.004556935270843622,0.004258518488068486,-0.0014260535802678173
1635776841156,2021-11-01T10:27:21.156,105.97,-0.00409065808522994,0.0027591483576128164,-0.0014603655374130272
1635776841166,2021-11-01T10:27:21.166,105.98,-0.0038041596486482324,0.001336974593310413,-0.001976630885949398
1635776841176,2021-11-01T10:27:21.176,105.99,-0.004115949748694923,0.000547720559716724,-0.0029735763749690397
1635776841186,2021-11-01T10:27:21.186,106.0,-0.005073368269874745,0.0009363579096037373,-0.0025240483300893175
1635776841196,2021-11-01T10:27:21.196,106.01,-0.0054229695513453285,0.002506221399952613,-0.00013302453298701675
1635776841206,2021-11-01T10:27:21.206,106.02,-0.0038414612142886875,0.0035206818472203498,0.0016922851839263659
1635776841216,2021-11-01T10:27:21.216,106.03,-0.0011411545970988377,0.0030029261143688134,0.0012933379711130171
1635776841226,2021-11-01T10:27:21.226,106.04,0.000919415103839855,0.002703169869989597,0.0006048325036282595
1635776841236,2021-11-01T10:27:21.236,106.05,0.0022506921891891182,0.003913835135355013,0.0016944507023735412
1635776841246,2021-11-01T10:27:21.246,106.06,0.003578070633051472,0.004828266310833067,0.0034389077946512495
1635776841256,2021-11-01T10:27:21.256,106.07,0.004592972060957911,0.0034863082615518085,0.004179860842882851
1635776841266,2021-11-01T10:27:21.266,106.08,0.005077021938869862,0.0010397014498668006,0.004715745410252557
1635776841276,2021-11-01T10:27:21.276,106.09,0.00593062789758727,-0.00024948726356881153,0.0061872548976969425
1635776841286,2021-11-01T10:27:21.286,106.1,0.007406436877719641,-0.00043368043841322763,0.007704422787405333
1635776841296,2021-11-01T10:27:21.296,106.11,0.008213440094784197,-0.0008510698310841603,0.008175936665716418
1635776841306,2021-11-01T10:27:21.306,106.12,0.007511294963240798,-0.0013196942865816544,0.008148292274316852
1635776841316,2021-11-01T10:27:21.316,106.13,0.006149516636385856,-0.0011231260558600294,0.008196266460183406
1635776841326,2021-11-01T10:27:21.326,106.14,0.005361560525240857,-0.0011289622910691916,0.007583369708462384
1635776841336,2021-11-01T10:27:21.336,106.15,0.005328840570028349,-0.0021016643529192082,0.005827291691500496
1635776841346,2021-11-01T10:27:21.346,106.16,0.004982907786052224,-0.002669895753477086,0.0039163070000059405
1635776841356,2021-11-01T10:27:21.356,106.17,0.0030260135267269955,-0.0013715764164722536,0.0030374210203928534
1635776841366,2021-11-01T10:27:21.366,106.18,-0.0001901371383556794,0.001084981159140311,0.0031619362129729485
1635776841376,2021-11-01T10:27:21.376,106.19,-0.0025229038719946396,0.0030518393512278903,0.003313622227406588
1635776841386,2021-11-01T10:27:21.386,106.2,-0.0027249363191861483,0.003478743737150066,0.0026926337001111703
1635776841396,2021-11-01T10:27:21.396,106.21,-0.0018767891009857322,0.0018506195732879284,0.0014735870300350868
1635776841406,2021-11-01T10:27:21.406,106.22,-0.0013404330896425632,-0.0013735759015636251,0.000626409323291369
1635776841416,2021-11-01T10:27:21.416,106.23,-0.0011895338195976976,-0.004590117942060438,0.000844750231746134
1635776841426,2021-11-01T10:27:21.426,106.24,-0.0013826414325712546,-0.006670810854130344,0.0017757039263884993
1635776841436,2021-11-01T10:27:21.436,106.25,-0.002414392307026388,-0.007784770630296843,0.002421993970713034
1635776841446,2021-11-01T10:27:21.446,106.26,-0.00388484772541485,-0.008033279431823914,0.002195067110238571
1635776841456,2021-11-01T10:27:21.456,106.27,-0.00417462120923958,-0.006372027357586495,0.0015507680592482804
1635776841466,2021-11-01T10:27:21.466,106.28,-0.0024955587341378305,-0.001739600700957478,0.0013144867969374341
1635776841476,2021-11-01T10:27:21.476,106.29,7.735120753837361e-05,0.004071980911857219,0.0014357149373930818
1635776841486,2021-11-01T10:27:21.486,106.3,0.002181560064213846,0.005884200799009252,0.0014142917699223564
1635776841496,2021-11-01T10:27:21.496,106.31,0.003483278457152781,0.0009031872034531148,0.0014860023383850163
1635776841506,2021-11-01T10:27:21.506,106.32,0.004223455042977063,-0.005964102404692358,0.0017110293117562443
1635776841516,2021-11-01T10:27:21.516,106.33,0.004649309395356764,-0.0076197049072473585,0.0012571817782942624
1635776841526,2021-11-01T10:27:21.526,106.34,0.004924536506372659,-0.0040808257037945736,0.000428801787500848
1635776841536,2021-11-01T10:27:21.536,106.35,0.0049726489279951595,-0.0003874354546264784,0.0009812392425600518
1635776841546,2021-11-01T10:27:21.546,106.36,0.004707101748042248,0.0018919779260193476,0.002859801195536937
1635776841556,2021-11-01T10:27:21.556,106.37,0.004385382459569573,0.00403933033140993,0.003617136517169336
1635776841566,2021-11-01T10:27:21.566,106.38,0.004088205914241764,0.004460092175393128,0.002296299125368891
1635776841576,2021-11-01T10:27:21.576,106.39,0.0033718081393625137,0.0011091889530343748,0.001114730298008947
1635776841586,2021-11-01T10:27:21.586,106.4,0.0022100344079543093,-0.002997886815583828,0.002114202425537128
1635776841596,2021-11-01T10:27:21.596,106.41,0.0013987086430545157,-0.0033122331579924238,0.004203861451377639
1635776841606,2021-11-01T10:27:21.606,106.42,0.0012798168721960285,-0.0007159929673222019,0.004927888868853588
1635776841616,2021-11-01T10:27:21.616,106.43,0.0010007382108406277,0.0007228258587180167,0.003880305727172227
1635776841626,2021-11-01T10:27:21.626,106.44,-0.00035664045945499236,0.0008347673344330132,0.002749654226838996
1635776841636,2021-11-01T10:27:21.636,106.45,-0.002458567095261063,0.002080784656469761,0.0026226251877359942
1635776841646,2021-11-01T10:27:21.646,106.46,-0.0038851382310195154,0.003116083715151859,0.0029151451893138875
1635776841656,2021-11-01T10:27:21.656,106.47,-0.00363711206108703,0.0004700407852982828,0.0029453563056816576
1635776841666,2021-11-01T10:27:21.666,106.48,-0.002253176017434888,-0.0046569909320079836,0.003090984745403787
1635776841676,2021-11-01T10:27:21.676,106.49,-0.0009970351415748615,-0.00749926404841106,0.00383443081235226
1635776841686,2021-11-01T10:27:21.686,106.5,-0.0003133525950689852,-0.006404485232702168,0.0046616004325043215
1635776841696,2021-11-01T10:27:21.696,106.51,0.0002424024061514479,-0.003708920239350425,0.004774431610868348
1635776841706,2021-11-01T10:27:21.706,106.52,0.0009898893327312545,-0.0013781361531044055,0.00429268530993221
1635776841716,2021-11-01T10:27:21.716,106.53,0.0016292334110469073,0.0006171785975278406,0.0037998472869588207
1635776841726,2021-11-01T10:27:21.726,106.54,0.0014998944986989496,0.0023869475913196746,0.003437367514539036
1635776841736,2021-11-01T10:27:21.736,106.55,0.00026587201631386655,0.0031784178656165496,0.0034070580659669586
1635776841746,2021-11-01T10:27:21.746,106.56,-0.0014644535916937028,0.0025385275891510904,0.003882376417514338
1635776841756,2021-11-01T10:27:21.756,106.57,-0.0024748232879832927,0.0011419099873175782,0.003732325257517815
1635776841766,2021-11-01T10:27:21.766,106.58,-0.0020677138975946628,-0.00013710489417858765,0.001859784431395224
1635776841776,2021-11-01T10:27:21.776,106.59,-0.000826205306683259,-0.0014803361971875038,-0.0002333136139217984
1635776841786,2021-11-01T10:27:21.786,106.6,-0.00019194125795580358,-0.0032673302285608076,-0.0005496041217478919
1635776841796,2021-11-01T10:27:21.796,106.61,-0.0007687528224712459,-0.004084047543263216,-0.0002072317464650974
1635776841806,2021-11-01T10:27:21.806,106.62,-0.0013911740712634385,-0.0019308311305355607,-0.001331890427169024
1635776841816,2021-11-01T10:27:21.816,106.63,-0.0010554178607838885,0.002189231197778559,-0.0032843288572146083
1635776841826,2021-11-01T10:27:21.826,106.64,-0.0006183181001726862,0.004825457481085447,-0.004314391359106598
1635776841836,2021-11-01T10:27:21.836,106.65,-0.0008075807796784864,0.004497498693260269,-0.0044737565255620355
1635776841846,2021-11-01T10:27:21.846,106.66,-0.0005457867896772088,0.0026010746105202265,-0.004296965331010877
1635776841856,2021-11-01T10:27:21.856,106.67,0.0007682662201743275,0.00039046710087784815,-0.003278163558472911
1635776841866,2021-11-01T10:27:21.866,106.68,0.0017540010368429068,-0.001777944052006978,-0.0014387166603451827
1635776841876,2021-11-01T10:27:21.876,106.69,0.0015151503459609993,-0.0027275550163468666,-0.00010562203811083758
1635776841886,2021-11-01T10:27:21.886,106.7,0.0011146116837464925,-0.001018302304392513,-0.00014114073529603656
1635776841896,2021-11-01T10:27:21.896,106.71,0.001435877171083213,0.002557679425412471,-0.0009910962715957298
1635776841906,2021-11-01T10:27:21.906,106.72,0.00204751229411293,0.005102197818258936,-0.00179931895085831
1635776841916,2021-11-01T10:27:21.916,106.73,0.0028446840381736,0.004792852937240376,-0.002304892291411084
1635776841926,2021-11-01T10:27:21.926,106.74,0.004083669675494701,0.002599873301825295,-0.0024892496374301983
1635776841936,2021-11-01T10:27:21.936,106.75,0.004349824494762969,0.0003003339603965062,-0.0023000694142742656
1635776841946,2021-11-01T10:27:21.946,106.76,0.001787445196581397,-0.0015772167956687234,-0.002024166136202915
1635776841956,2021-11-01T10:27:21.956,106.77,-0.001996417985808117,-0.0027200790092480717,-0.0020803934443171753
1635776841966,2021-11-01T10:27:21.966,106.78,-0.002964012367517711,-0.0021346398206851165,-0.0023478607201255558
1635776841976,2021-11-01T10:27:21.976,106.79,-0.0005355808087043638,-0.00015277965048245335,-0.0026207812056380114
1635776841986,2021-11-01T10:27:21.986,106.8,0.001386905970980103,0.0011373937896953686,-0.0030828867928965257
1635776841996,2021-11-01T10:27:21.996,106.81,0.00029182022171923903,0.0012034730085849347,-0.0034021543589685165
1635776842006,2021-11-01T10:27:22.006,106.82,-0.0020047262901800524,0.001689632571820048,-0.002883983812276585
1635776842016,2021-11-01T10:27:22.016,106.83,-0.0033427129139104537,0.0027018777957719627,-0.0020543119161076434
1635776842026,2021-11-01T10:27:22.026,106.84,-0.004136484597022768,0.002520792892599519,-0.0020986354615794025
1635776842036,2021-11-01T10:27:22.036,106.85,-0.0048927205388659255,0.0014263465691204858,-0.002875330281599747
1635776842046,2021-11-01T10:27:22.046,106.86,-0.004419951099292332,0.0014430066273693422,-0.003288708364108593
1635776842056,2021-11-01T10:27:22.056,106.87,-0.002486576589300785,0.0025502106339278254,-0.002990932233021966
1635776842066,2021-11-01T10:27:22.066,106.88,-0.0013985510866922287,0.0029728296897368915,-0.002441393498000144
1635776842076,2021-11-01T10:27:22.076,106.89,-0.002641863780956277,0.002252706980776872,-0.0018988657302209944
1635776842086,2021-11-01T10:27:22.086,106.9,-0.004266919633526645,0.0013798204405804622,-0.0011990801628631897
1635776842096,2021-11-01T10:27:22.096,106.91,-0.0038507935317248715,0.001176451172155823,-0.0003843921970483616
1635776842106,2021-11-01T10:27:22.106,106.92,-0.0020119568648081995,0.0017162082085880673,0.00010945913336982508
1635776842116,2021-11-01T10:27:22.116,106.93,-0.0010509723677689172,0.002341629972020904,0.0002016364090804406
1635776842126,2021-11-01T10:27:22.126,106.94,-0.0017468401167829598,0.0023720046082366525,0.00036142447852325515
1635776842136,2021-11-01T10:27:22.136,106.95,-0.0029122547710534346,0.002005189676818614,0.0007150939534342601
1635776842146,2021-11-01T10:27:22.146,106.96,-0.0032247151678556642,0.0017038913872449379,0.0009843837203856191
1635776842156,2021-11-01T10:27:22.156,106.97,-0.002745084925422148,0.0013843569496424396,0.0012371709033869827
1635776842166,2021-11-01T10:27:22.166,106.98,-0.0026055794084353283,0.0011892767546211915,0.0014513556378612249
1635776842176,2021-11-01T10:27:22.176,106.99,-0.0032203522375903538,0.001700011139632075,0.0011933371210556996
1635776842186,2021-11-01T10:27:22.186,107.0,-0.0035317742556828006,0.002517788872184855,0.0008560454191818487
1635776842196,2021-11-01T10:27:22.196,107.01,-0.0026268715460332696,0.002344340531236864,0.0013742516646474948
1635776842206,2021-11-01T10:27:22.206,107.02,-0.00111501224623664,0.0010815496207827657,0.0021150124169986365
1635776842216,2021-11-01T10:27:22.216,107.03,-5.163234748798874e-05,3.26389135582568e-05,0.0017300382808051096
1635776842226,2021-11-01T10:27:22.226,107.04,0.0004712672363760048,-9.949464583566664e-05,0.0008337692362879071
1635776842236,2021-11-01T10:27:22.236,107.05,0.0007550870996426203,0.00037912411115988945,0.0008173402798316706
1635776842246,2021-11-01T10:27:22.246,107.06,0.0005504221438947651,0.0011781338114521258,0.0013025916503396813
1635776842256,2021-11-01T10:27:22.256,107.07,-0.00035034161913687686,0.0019105177615390814,0.0014780661957265514
1635776842266,2021-11-01T10:27:22.266,107.08,-0.0015189209759154626,0.0021493446876311873,0.001750976105314068
1635776842276,2021-11-01T10:27:22.276,107.09,-0.0026007358619460135,0.0024605600758274564,0.0022800504438683054
1635776842286,2021-11-01T10:27:22.286,107.1,-0.0034437712416410943,0.0035402508278193816,0.0025631973128519736
1635776842296,2021-11-01T10:27:22.296,107.11,-0.0033268778659558515,0.004398302635057037,0.0028545508242780655
1635776842306,2021-11-01T10:27:22.306,107.12,-0.001910767480836976,0.0038564165336185466,0.003181897784877751
1635776842316,2021-11-01T10:27:22.316,107.13,-0.0006962440866778318,0.0026638305581583215,0.0021481432806606197
1635776842326,2021-11-01T10:27:22.326,107.14,-0.0010667699997849423,0.0013310045388831627,-0.00040206636169998525
1635776842336,2021-11-01T10:27:22.336,107.15,-0.0017007246562956127,-0.0012724409559467039,-0.001772396290870963
1635776842346,2021-11-01T10:27:22.346,107.16,-0.0007958638800067694,-0.004022208684834639,-0.0004066410461563557
1635776842356,2021-11-01T10:27:22.356,107.17,0.0006521362281055637,-0.003057328524834941,0.00121999791385196
1635776842366,2021-11-01T10:27:22.366,107.18,0.0008708906817732926,0.0012057325545112548,0.0006325973706882281
1635776842376,2021-11-01T10:27:22.376,107.19,0.0005274266855652774,0.0027975871929904663,-0.0007421099254249739
1635776842386,2021-11-01T10:27:22.386,107.2,0.0009892582120356076,-0.0004362992316706255,-0.0007185351022234395
1635776842396,2021-11-01T10:27:22.396,107.21,0.0017725457776711204,-0.0032198226823352935,-8.137194547463712e-05
1635776842406,2021-11-01T10:27:22.406,107.22,0.0020746362830702404,-0.001564320679472963,-0.0002008835329661196
1635776842416,2021-11-01T10:27:22.416,107.23,0.0023086015393981047,0.002179420188381887,-0.0003676337203137217
1635776842426,2021-11-01T10:27:22.426,107.24,0.002547442509460665,0.004682854862707934,3.616148221219289e-05
1635776842436,2021-11-01T10:27:22.436,107.25,0.0019129798800358701,0.005222411934590781,0.00010153140206440805
1635776842446,2021-11-01T10:27:22.446,107.26,0.0005290468188702386,0.003534234650151656,-0.0002726356617360987
1635776842456,2021-11-01T10:27:22.456,107.27,-4.9738833243106746e-05,-0.00032831502231470133,0.00024899005276991836
1635776842466,2021-11-01T10:27:22.466,107.28,0.0007061411365044246,-0.004007273276587536,0.0019344201578470718
1635776842476,2021-11-01T10:27:22.476,107.29,0.001157905227539852,-0.004301012164532481,0.003442834433760086
1635776842486,2021-11-01T10:27:22.486,107.3,6.948094797020707e-05,-0.0010520935638082796,0.003920020959114104
1635776842496,2021-11-01T10:27:22.496,107.31,-0.0013204209176524314,0.002469209953588273,0.0036775866801721383
1635776842506,2021-11-01T10:27:22.506,107.32,-0.0015082510162867568,0.004013569543518907,0.0030859764369665674
1635776842516,2021-11-01T10:27:22.516,107.33,-0.0011142070211615388,0.004763977307630573,0.0022973276958756835
1635776842526,2021-11-01T10:27:22.526,107.34,-0.001162824805161155,0.00542173214002002,0.001830784377992542
1635776842536,2021-11-01T10:27:22.536,107.35,-0.00116695045480806,0.0035830900176334404,0.0023216252719035625
1635776842546,2021-11-01T10:27:22.546,107.36,-0.0006074178969196421,-0.0017016211094250367,0.0034525811390844893
1635776842556,2021-11-01T10:27:22.556,107.37,-0.0002557204064901467,-0.006571092520537416,0.003902025781963703
1635776842566,2021-11-01T10:27:22.566,107.38,-0.0007942119418955088,-0.007201730608028553,0.0031951564106573204
1635776842576,2021-11-01T10:27:22.576,107.39,-0.0015949416779015096,-0.004801664601805751,0.002796511926547969
1635776842586,2021-11-01T10:27:22.586,107.4,-0.001710085307768739,-0.002841562123216388,0.003802919220973749
1635776842596,2021-11-01T10:27:22.596,107.41,-0.0012377706961053028,-0.0021636139025241,0.004781156345656075
1635776842606,2021-11-01T10:27:22.606,107.42,-0.0009643433493198792,-0.0013511890508512527,0.0041206378638452765
1635776842616,2021-11-01T10:27:22.616,107.43,-0.0009840567023379925,3.318128750123616e-05,0.00280408807442103
1635776842626,2021-11-01T10:27:22.626,107.44,-0.0005401328962535256,0.0006596103122946212,0.0022617430624324334
1635776842636,2021-11-01T10:27:22.636,107.45,0.0005643992733075008,-0.0008013643092269733,0.001617375650444291
1635776842646,2021-11-01T10:27:22.646,107.46,0.0013272667500215047,-0.003921958438963315,-0.0001710131630054386
1635776842656,2021-11-01T10:27:22.656,107.47,0.0009506875498634175,-0.006310549312756341,-0.001694105420610002
1635776842666,2021-11-01T10:27:22.666,107.48,9.374254207713067e-05,-0.005547974743010301,-0.0013929059894567824
1635776842676,2021-11-01T10:27:22.676,107.49,4.359609186154511e-05,-0.0019441949952415196,-0.00047548835758525024
1635776842686,2021-11-01T10:27:22.686,107.5,0.0011016857720437493,0.001139621480030103,-0.0010898240036913403
1635776842696,2021-11-01T10:27:22.696,107.51,0.0021512238040895773,0.0007563200401919224,-0.0030104865923150847
1635776842706,2021-11-01T10:27:22.706,107.52,0.0019231741212297501,-0.001970717832375029,-0.0039782069708923385
1635776842716,2021-11-01T10:27:22.716,107.53,0.0007270155669252297,-0.0034598193347888766,-0.002824460659583296
1635776842726,2021-11-01T10:27:22.726,107.54,4.3131962310542915e-05,-0.0030480882170151433,-0.0010606494107846158
1635776842736,2021-11-01T10:27:22.736,107.55,0.000138428266222797,-0.0034341492739830577,-0.0007685641583700272
1635776842746,2021-11-01T10:27:22.746,107.56,-0.00020466952085414813,-0.005122110299775599,-0.0016935892734432018
1635776842756,2021-11-01T10:27:22.756,107.57,-0.0011401517990462585,-0.004937133831521704,-0.0019461522887563836
1635776842766,2021-11-01T10:27:22.766,107.58,-0.0009712749544465776,-0.0017602903622337836,-0.0009689261401217447
1635776842776,2021-11-01T10:27:22.776,107.59,0.0013816847526186293,0.0005771975457959705,0.00011132361635886803
1635776842786,2021-11-01T10:27:22.786,107.6,0.004458327281982153,-0.0011514397784766527,0.00042633826888108164
1635776842796,2021-11-01T10:27:22.796,107.61,0.005522842899285516,-0.00443057121799576,-0.00012288105377436108
1635776842806,2021-11-01T10:27:22.806,107.62,0.0038060050692241693,-0.004783376213166747,-0.0013558006384478787
1635776842816,2021-11-01T10:27:22.816,107.63,0.0018745804019210527,-0.002158544560658576,-0.0024530775150449382
1635776842826,2021-11-01T10:27:22.826,107.64,0.0022035894672096734,0.00014114598747105286,-0.0025512916624459703
1635776842836,2021-11-01T10:27:22.836,107.65,0.0033518885648185096,0.0006844782722255091,-0.0025022306507752117
1635776842846,2021-11-01T10:27:22.846,107.66,0.0025591232940233113,0.00030267704731855614,-0.0038650625896215103
1635776842856,2021-11-01T10:27:22.856,107.67,0.000526502190819206,-0.0006280614288381735,-0.0057449697872012494
1635776842866,2021-11-01T10:27:22.866,107.68,-0.00020885736488661637,-0.0018115016644144131,-0.00561128796619461
1635776842876,2021-11-01T10:27:22.876,107.69,0.0004654924796184625,-0.0020479494127066066,-0.0037363385692188566
1635776842886,2021-11-01T10:27:22.886,107.7,0.0012035990506209778,-0.0013164563177302533,-0.0031931952154910484
1635776842896,2021-11-01T10:27:22.896,107.71,0.00205744940070764,-0.001519097504917842,-0.0044633295967649
1635776842906,2021-11-01T10:27:22.906,107.72,0.0034302639989213417,-0.0034500818651422797,-0.004353830732176261
1635776842916,2021-11-01T10:27:22.916,107.73,0.004302212005036649,-0.005431823146262754,-0.0020240313106638396
1635776842926,2021-11-01T10:27:22.926,107.74,0.003820718908986519,-0.005818304544082796,-0.0010596455125671273
1635776842936,2021-11-01T10:27:22.936,107.75,0.003052041907291708,-0.0049039330002830055,-0.0030660804139315888
1635776842946,2021-11-01T10:27:22.946,107.76,0.0032922197572249415,-0.004064948449567926,-0.004631629065140079
1635776842956,2021-11-01T10:27:22.956,107.77,0.004005944334637929,-0.003930174080859569,-0.0033979897391102094
1635776842966,2021-11-01T10:27:22.966,107.78,0.004139937639378853,-0.0034687434876158815,-0.0017213065603423677
1635776842976,2021-11-01T10:27:22.976,107.79,0.004047903905345898,-0.001535024387021852,-0.0018126487103148608
1635776842986,2021-11-01T10:27:22.986,107.8,0.004467576079623693,0.0005497076720385844,-0.0023122789954954657
1635776842996,2021-11-01T10:27:22.996,107.81,0.00513122189995314,0.0002916431094005863,-0.0017805430098294587
1635776843006,2021-11-01T10:27:23.006,107.82,0.0056750485695755155,-0.0015849738900508999,-0.0013019611293472112
1635776843016,2021-11-01T10:27:23.016,107.83,0.006258405919412841,-0.001545789899670958,-0.0018389371918523724
1635776843026,2021-11-01T10:27:23.026,107.84,0.006621696002454703,0.001132128393442417,-0.002146052161275983
1635776843036,2021-11-01T10:27:23.036,107.85,0.006175728530666836,0.003105189131525017,-0.0010000426944691472
1635776843046,2021-11-01T10:27:23.046,107.86,0.005051246616742053,0.002399542386358859,0.00042742163977361526
1635776843056,2021-11-01T10:27:23.056,107.87,0.003733630958436373,0.0014125956007674974,0.00015412158192620293
1635776843066,2021-11-01T10:27:23.066,107.88,0.00218213014197038,0.0028498049826305356,-0.0016855487514056211
1635776843076,2021-11-01T10:27:23.076,107.89,0.00035506833739507016,0.005167669877634669,-0.0032100801851703917
1635776843086,2021-11-01T10:27:23.086,107.9,-0.0011262783734217502,0.004317110772346352,-0.0034526944282919757
1635776843096,2021-11-01T10:27:23.096,107.91,-0.0017339456982224557,-0.0007155680433818264,-0.0031291081172094702
1635776843106,2021-11-01T10:27:23.106,107.92,-0.001912569847103392,-0.006392609712524844,-0.0031552053207347603
1635776843116,2021-11-01T10:27:23.116,107.93,-0.002529615089784973,-0.00906869287992941,-0.0034175137246593174
1635776843126,2021-11-01T10:27:23.126,107.94,-0.0036146069138966765,-0.008643743558456702,-0.00303694719943994
1635776843136,2021-11-01T10:27:23.136,107.95,-0.0041548208910590296,-0.006906813577764245,-0.0017904199348244667
1635776843146,2021-11-01T10:27:23.146,107.96,-0.0035543117508012407,-0.005133537424833435,-0.000884455914489401
1635776843156,2021-11-01T10:27:23.156,107.97,-0.0026885200838161344,-0.004475319910899913,-0.0013497687234010998
1635776843166,2021-11-01T10:27:23.166,107.98,-0.0023489294667426164,-0.005227017549679524,-0.002261540483036244
1635776843176,2021-11-01T10:27:23.176,107.99,-0.001653222739892866,-0.00497028935413296,-0.0023371006557682088
1635776843186,2021-11-01T10:27:23.186,108.0,0.00011496990958680022,-0.0014938760827091558,-0.0022129882861214967
1635776843196,2021-11-01T10:27:23.196,108.01,0.00154243186692792,0.0030358432233524215,-0.002513687065914022
1635776843206,2021-11-01T10:27:23.206,108.02,0.0013173524918095151,0.0054619698396936,-0.0017495493187395473
1635776843216,2021-11-01T10:27:23.216,108.03,0.0007468374926479972,0.006688357122769765,0.0004151508040620368
1635776843226,2021-11-01T10:27:23.226,108.04,0.001480916175038578,0.007852372205118604,0.0011398653646866642
1635776843236,2021-11-01T10:27:23.236,108.05,0.002515969216844225,0.005731254006129357,-0.0006456970617272843
1635776843246,2021-11-01T10:27:23.246,108.06,0.002210661143730825,-0.0011580161308009733,-0.001783016021772756
1635776843256,2021-11-01T10:27:23.256,108.07,0.0013562870926387659,-0.006606828569749012,-0.0006016233086943979
1635776843266,2021-11-01T10:27:23.266,108.08,0.0014221170604863656,-0.004523683636397085,0.00022491763281528145
1635776843276,2021-11-01T10:27:23.276,108.09,0.0018190910036263988,0.0017028902520686861,-0.0009316892992482094
1635776843286,2021-11-01T10:27:23.286,108.1,0.0014117113632468401,0.005133616825553845,-0.0017621463763578776
1635776843296,2021-11-01T10:27:23.296,108.11,0.0005968188984799814,0.005878872523316954,-0.00047424042509537623
1635776843306,2021-11-01T10:27:23.306,108.12,0.00012638814281397038,0.007721377849740057,0.0013233754671307936
1635776843316,2021-11-01T10:27:23.316,108.13,-2.9989894382100492e-05,0.00865008817346775,0.0017269122429510709
1635776843326,2021-11-01T10:27:23.326,108.14,5.857142061484209e-05,0.003920019317701385,0.0013293463347420309
1635776843336,2021-11-01T10:27:23.336,108.15,0.0001666209849265465,-0.004214912634143711,0.0014039506796456954
1635776843346,2021-11-01T10:27:23.346,108.16,-0.0005846629569956534,-0.008476511429632688,0.0014666108643019192
1635776843356,2021-11-01T10:27:23.356,108.17,-0.002276946087809913,-0.0069024689949757564,0.0005775320143954605
1635776843366,2021-11-01T10:27:23.366,108.18,-0.0033855219112277025,-0.004109432641995803,-0.00048315430227641805
1635776843376,2021-11-01T10:27:23.376,108.19,-0.0028880161205223063,-0.003116420910809617,-0.0005161239342751154
1635776843386,2021-11-01T10:27:23.386,108.2,-0.0017759448989043305,-0.0020533435216725324,2.8557125105735577e-05
1635776843396,2021-11-01T10:27:23.396,108.21,-0.0016166118255276757,0.0006530209491664165,0.00010789964635103254
1635776843406,2021-11-01T10:27:23.406,108.22,-0.002701360225968066,0.0027618249187748483,-0.00032292932151728535
1635776843416,2021-11-01T10:27:23.416,108.23,-0.0037002688001503163,0.0018565093816264996,-0.0009716338750515086
1635776843426,2021-11-01T10:27:23.426,108.24,-0.0028630226716203303,-0.0007366936153737785,-0.0019375342741724914
1635776843436,2021-11-01T10:27:23.436,108.25,-0.0002614566265446964,-0.002408524337636456,-0.003036641678797214
1635776843446,2021-11-01T10:27:23.446,108.26,0.0017269152711104675,-0.003179128522602365,-0.003527654359419037
1635776843456,2021-11-01T10:27:23.456,108.27,0.0013806222316293981,-0.003978923555378203,-0.0030182851341068475
1635776843466,2021-11-01T10:27:23.466,108.28,-0.00010333630300643834,-0.003705519349116745,-0.002106860085388147
1635776843476,2021-11-01T10:27:23.476,108.29,-0.0006663207278767155,-0.0018640648482550091,-0.0017976179708738959
1635776843486,2021-11-01T10:27:23.486,108.3,-0.00011629111931885859,-0.001304011625199262,-0.0024024306067583624
1635776843496,2021-11-01T10:27:23.496,108.31,0.0005887625393702427,-0.0038937631463888357,-0.003206378914142451
1635776843506,2021-11-01T10:27:23.506,108.32,0.0011013494219551695,-0.006277206724102444,-0.0032510332716560123
1635776843516,2021-11-01T10:27:23.516,108.33,0.0014129409479314322,-0.004835262842538486,-0.002425122691486011
1635776843526,2021-11-01T10:27:23.526,108.34,0.0011715210654582562,-0.0019233212163985206,-0.001721498009936422
1635776843536,2021-11-01T10:27:23.536,108.35,0.000254255116706371,-0.0015118430596313347,-0.0020733609765538666
1635776843546,2021-11-01T10:27:23.546,108.36,-0.0007326637092393344,-0.001894613523043258,-0.002939900977711583
1635776843556,2021-11-01T10:27:23.556,108.37,-0.0009882822475675867,0.0005871003151579859,-0.002993609711697257
1635776843566,2021-11-01T10:27:23.566,108.38,-0.00030768161517809333,0.003915799754579483,-0.002401459534941146
1635776843576,2021-11-01T10:27:23.576,108.39,0.0006771665291604457,0.0036143671184604423,-0.002839743550671346
1635776843586,2021-11-01T10:27:23.586,108.4,0.000998450682091379,0.0003334691329749828,-0.004648261782572072
1635776843596,2021-11-01T10:27:23.596,108.41,0.00023205462351211188,-0.0021241252677421576,-0.005797687974040257
1635776843606,2021-11-01T10:27:23.606,108.42,-0.0009895148719499193,-0.0026698569180267236,-0.004735081250114039
1635776843616,2021-11-01T10:27:23.616,108.43,-0.0013573416964162842,-0.0018561344684043916,-0.0026777697538787055
1635776843626,2021-11-01T10:27:23.626,108.44,-0.00017923220516469495,0.0005754079899623913,-0.0016873617531233441
1635776843636,2021-11-01T10:27:23.636,108.45,0.0014770516907585498,0.003599893511427226,-0.001622490931795135
1635776843646,2021-11-01T10:27:23.646,108.46,0.0018479179334785294,0.005083708898176025,-0.0007822980775335517
1635776843656,2021-11-01T10:27:23.656,108.47,0.0012133000747665261,0.005392544134408301,0.0009434018765357951
1635776843666,2021-11-01T10:27:23.666,108.48,0.0017573451346796528,0.006052572885626298,0.0016008970565869847
1635776843676,2021-11-01T10:27:23.676,108.49,0.0036592164755623723,0.005731474533685751,0.0002655346181050567
1635776843686,2021-11-01T10:27:23.686,108.5,0.004199817900838013,0.002727443186962935,-0.001246500433707715
1635776843696,2021-11-01T10:27:23.696,108.51,0.0023551506625838986,-0.000502944366963374,-0.0009985079033202043
1635776843706,2021-11-01T10:27:23.706,108.52,0.000557509114496925,-0.0006575434452467306,0.0003540144243181555
1635776843716,2021-11-01T10:27:23.716,108.53,0.00016655540833151406,0.0005284263499121438,0.0010829095854316786
1635776843726,2021-11-01T10:27:23.726,108.54,-0.0004782309786159866,-0.0008769965207997102,0.0009125325231875332
1635776843736,2021-11-01T10:27:23.736,108.55,-0.0020644713264010416,-0.0038078278960432923,0.0004426494583821263
1635776843746,2021-11-01T10:27:23.746,108.56,-0.002908132598950559,-0.003693961871708895,-0.00012301495272596912
1635776843756,2021-11-01T10:27:23.756,108.57,-0.0024398487851556294,-0.0003684970529535588,-0.0004095978409729953
1635776843766,2021-11-01T10:27:23.766,108.58,-0.0019617320882961897,0.0016855745452442092,0.0002117951953374691
1635776843776,2021-11-01T10:27:23.776,108.59,-0.0018295579079373524,0.0008066007028161982,0.0012133363687111287
1635776843786,2021-11-01T10:27:23.786,108.6,-0.0014046889304817362,-9.537600044396346e-05,0.0010990842568544827
1635776843796,2021-11-01T10:27:23.796,108.61,-0.0011877699644475175,0.0007113677451723965,-0.00015721780643316636
1635776843806,2021-11-01T10:27:23.806,108.62,-0.0019056615609264716,0.0015249670503475448,-0.0006202053469854793
1635776843816,2021-11-01T10:27:23.816,108.63,-0.002391120091631424,0.0009344855726705641,0.0007975794744792032
1635776843826,2021-11-01T10:27:23.826,108.64,-0.0012220116405048565,-0.00015629194550055952,0.002809309978175442
1635776843836,2021-11-01T10:27:23.836,108.65,0.0003558696502322468,-0.0006015474452085012,0.003708689533296513
1635776843846,2021-11-01T10:27:23.846,108.66,-0.00017717013456066837,-0.0005740471195377515,0.003309052368481592
1635776843856,2021-11-01T10:27:23.856,108.67,-0.002772564998886581,-0.0007168956610749738,0.002527898508760435
1635776843866,2021-11-01T10:27:23.866,108.68,-0.004715242989748106,-0.0012145472777959842,0.0019756954619401653
1635776843876,2021-11-01T10:27:23.876,108.69,-0.004342075948613305,-0.0019919980995303124,0.0014808593409733227
1635776843886,2021-11-01T10:27:23.886,108.7,-0.0028898260289803093,-0.0028941703485191542,0.0011128950924218345
1635776843896,2021-11-01T10:27:23.896,108.71,-0.0021111366176488735,-0.0031749871603776268,0.001640199164637959
1635776843906,2021-11-01T10:27:23.906,108.72,-0.0018028309994859585,-0.0018303455971324723,0.002897570069111305
1635776843916,2021-11-01T10:27:23.916,108.73,-0.0009243366165733371,0.00036125320673169667,0.0033972621212995215
1635776843926,2021-11-01T10:27:23.926,108.74,0.00040601635330360267,0.0007677660816666088,0.002993325523314173
1635776843936,2021-11-01T10:27:23.936,108.75,0.0016206722446780672,-0.0009943692695339123,0.0034419083111130342
1635776843946,2021-11-01T10:27:23.946,108.76,0.0027243732253047917,-0.0016720928897496603,0.0048372664923493755
1635776843956,2021-11-01T10:27:23.956,108.77,0.0031790901803678195,5.0333693224712504e-06,0.0048060916706453745
1635776843966,2021-11-01T10:27:23.966,108.78,0.0021825794915599087,0.0009251528000168583,0.002981985291534057
1635776843976,2021-11-01T10:27:23.976,108.79,0.00114478123194713,0.00041806273189658844,0.0022758412926425567
1635776843986,2021-11-01T10:27:23.986,108.8,0.0023062558854867964,0.002595398815483387,0.0036008245410290894
1635776843996,2021-11-01T10:27:23.996,108.81,0.0042013344429327245,0.0073111389110260975,0.003899214521525249
1635776844006,2021-11-01T10:27:24.006,108.82,0.0032365614427300746,0.00731653545459943,0.0017571877929766348
1635776844016,2021-11-01T10:27:24.016,108.83,-0.00011312323335464455,-7.360534431085741e-05,0.00022493364043616934
1635776844026,2021-11-01T10:27:24.026,108.84,-0.0021124728817697447,-0.006829225926531992,0.0016329655335654456
1635776844036,2021-11-01T10:27:24.036,108.85,-0.0019036111861779259,-0.00504743232220618,0.00398478272841461
1635776844046,2021-11-01T10:27:24.046,108.86,-0.0014653512827536854,0.0028292209466532795,0.004791506886235328
1635776844056,2021-11-01T10:27:24.056,108.87,-0.0014355603651580538,0.00874274730984239,0.004647255534427478
1635776844066,2021-11-01T10:27:24.066,108.88,-0.0014988710985090609,0.008834584312079466,0.004778627333594904
1635776844076,2021-11-01T10:27:24.076,108.89,-0.002179308311576547,0.005357857268457011,0.004457850996668734
1635776844086,2021-11-01T10:27:24.086,108.9,-0.0032839991632962235,0.0022388851481566067,0.0032211311090106524
1635776844096,2021-11-01T10:27:24.096,108.91,-0.0034853232501191227,0.0013539860367811187,0.0027096955368612332
1635776844106,2021-11-01T10:27:24.106,108.92,-0.0025882065120418083,0.0017276604523343946,0.0039060069038012015
1635776844116,2021-11-01T10:27:24.116,108.93,-0.001582163523992546,0.001325536821422472,0.005160892231984815
1635776844126,2021-11-01T10:27:24.126,108.94,-0.0007821177165585829,0.0001021388990198431,0.005075190028669611
1635776844136,2021-11-01T10:27:24.136,108.95,-0.00010479762128357312,0.00014863107185238546,0.00472325848133821
1635776844146,2021-11-01T10:27:24.146,108.96,-0.00010360109984335564,0.0019454773806716259,0.005268885396501034
1635776844156,2021-11-01T10:27:24.156,108.97,-0.000993710291780714,0.0030565728970410517,0.005845507444606612
1635776844166,2021-11-01T10:27:24.166,108.98,-0.0018905381254771154,0.002100432796188395,0.005263168612285484
1635776844176,2021-11-01T10:27:24.176,108.99,-0.0022194382618780503,0.0009930635905629,0.004116130286676557
1635776844186,2021-11-01T10:27:24.186,109.0,-0.0023884465790091703,0.0015328662827640122,0.003952008946946252
1635776844196,2021-11-01T10:27:24.196,109.01,-0.0022672191701054688,0.0025812313065324425,0.004857987531128483
1635776844206,2021-11-01T10:27:24.206,109.02,-0.0010419962982521787,0.0020797949333841033,0.005110743026347222
1635776844216,2021-11-01T10:27:24.216,109.03,0.0008539724639191699,-9.06294405753208e-05,0.0038601752311571216
1635776844226,2021-11-01T10:27:24.226,109.04,0.0019826894835217814,-0.001982404605299602,0.002681049217094473
1635776844236,2021-11-01T10:27:24.236,109.05,0.0019759662835984433,-0.0017673175058123306,0.0030004927004514317
1635776844246,2021-11-01T10:27:24.246,109.06,0.0011747935256381861,-0.0003671125103504812,0.003714261996994584
1635776844256,2021-11-01T10:27:24.256,109.07,-0.0005085273163859638,-0.000663268078113595,0.003334273907390906
1635776844266,2021-11-01T10:27:24.266,109.08,-0.002339298648481293,-0.0028454161807778535,0.002751076479776955
1635776844276,2021-11-01T10:27:24.276,109.09,-0.002588276802338515,-0.003730908877453651,0.0034475235084024157
1635776844286,2021-11-01T10:27:24.286,109.1,-0.0012463104005662731,-0.0024631095760956905,0.004415059870932562
1635776844296,2021-11-01T10:27:24.296,109.11,-0.00035093312891988545,-0.0020231504666825047,0.0036899484537326298
1635776844306,2021-11-01T10:27:24.306,109.12,-0.0006970817560160211,-0.0032611329914742906,0.0020172381788696966
1635776844316,2021-11-01T10:27:24.316,109.13,-0.0009572393632108426,-0.0031372649118217404,0.0018208050781213883
1635776844326,2021-11-01T10:27:24.326,109.14,-0.00042640378518535435,-0.0005815818749889992,0.003006826675432021
1635776844336,2021-11-01T10:27:24.336,109.15,2.1086519571392862e-05,0.0012385514479367574,0.003136329359147957
1635776844346,2021-11-01T10:27:24.346,109.16,-0.0002002808677585866,7.525280009286587e-05,0.001531683643267156
1635776844356,2021-11-01T10:27:24.356,109.17,-0.0007135941684138201,-0.0018814765054394884,-0.00018562576995127423
1635776844366,2021-11-01T10:27:24.366,109.18,-0.001225650203670617,-0.001142057825347881,-0.0013274640927678253
1635776844376,2021-11-01T10:27:24.376,109.19,-0.001719288655275679,0.00255610733643464,-0.0024723011766144406
1635776844386,2021-11-01T10:27:24.386,109.2,-0.001863505804447494,0.006247815649666607,-0.003072135570288553
1635776844396,2021-11-01T10:27:24.396,109.21,-0.0013686986779948879,0.007426759291987094,-0.0020666340171727037
1635776844406,2021-11-01T10:27:24.406,109.22,-0.0008378826511367557,0.006218970986938589,-0.0004021122323566803
1635776844416,2021-11-01T10:27:24.416,109.23,-0.0012603796712555124,0.003766590796733903,-0.00023790727965597965
1635776844426,2021-11-01T10:27:24.426,109.24,-0.002546211976603795,0.0001446858209464037,-0.0020277320173953304
1635776844436,2021-11-01T10:27:24.436,109.25,-0.003623980469408962,-0.004727825219378838,-0.003958121400348567
1635776844446,2021-11-01T10:27:24.446,109.26,-0.003863290908877436,-0.008738962985770368,-0.004115515754754837
1635776844456,2021-11-01T10:27:24.456,109.27,-0.003136813456707354,-0.008154219277251372,-0.0027345371700418044
1635776844466,2021-11-01T10:27:24.466,109.28,-0.0013405823555559084,-0.0019274272309433406,-0.001686460656623315
1635776844476,2021-11-01T10:27:24.476,109.29,0.0008736718607805693,0.005577239382669864,-0.0014436678655746161
1635776844486,2021-11-01T10:27:24.486,109.3,0.002550988585278158,0.008500605451259233,-0.00040972003445363637
1635776844496,2021-11-01T10:27:24.496,109.31,0.0040169298602219326,0.006252042483864165,0.0019475625441606739
1635776844506,2021-11-01T10:27:24.506,109.32,0.005491830869206376,0.003946210910938041,0.003790810329132157
1635776844516,2021-11-01T10:27:24.516,109.33,0.005344524041249572,0.0051276323487273005,0.003541275431343734
1635776844526,2021-11-01T10:27:24.526,109.34,0.0032115071832810524,0.00682331143146902,0.0018763390701123902
1635776844536,2021-11-01T10:27:24.536,109.35,0.002097339387353023,0.004592867031458512,0.000709269836306891
1635776844546,2021-11-01T10:27:24.546,109.36,0.0033916444245636673,0.0001645300243956311,0.0008598422422432499
1635776844556,2021-11-01T10:27:24.556,109.37,0.003684593998277321,-0.0008459330151363629,0.0008398212961040492
1635776844566,2021-11-01T10:27:24.566,109.38,0.00029756340752389824,0.0019291908553448049,-0.0013716803340535855
1635776844576,2021-11-01T10:27:24.576,109.39,-0.0042661407269684575,0.002918940754326479,-0.005360554422726397
1635776844586,2021-11-01T10:27:24.586,109.4,-0.00632083485810298,-1.9813873127993227e-05,-0.00855591470908396
1635776844596,2021-11-01T10:27:24.596,109.41,-0.005767472119167482,-0.0022179129265579253,-0.00936956035574883
1635776844606,2021-11-01T10:27:24.606,109.42,-0.004847278903824725,-0.0003253278867411202,-0.008455713511626682
1635776844616,2021-11-01T10:27:24.616,109.43,-0.004594241748111419,0.0025873677954862473,-0.00701472148975699
1635776844626,2021-11-01T10:27:24.626,109.44,-0.004139837440672486,0.002714034373090343,-0.0054257974475428435
1635776844636,2021-11-01T10:27:24.636,109.45,-0.002648307492626148,0.0010603554423718395,-0.003860542843427019
1635776844646,2021-11-01T10:27:24.646,109.46,-0.0005727871047587487,0.0008358688535791529,-0.0028698453808462068
1635776844656,2021-11-01T10:27:24.656,109.47,0.0012881149303082691,0.0026557151121650194,-0.0025087686665697093
1635776844666,2021-11-01T10:27:24.666,109.48,0.0028944135972069234,0.004424593299107001,-0.0020606927250052896
1635776844676,2021-11-01T10:27:24.676,109.49,0.004456844045531335,0.004827241745733115,-0.001450707000753392
1635776844686,2021-11-01T10:27:24.686,109.5,0.005737242556913195,0.005085932016073234,-0.0014103431135199448
1635776844696,2021-11-01T10:27:24.696,109.51,0.006370612808125299,0.0063791825379756004,-0.001677963579296796
1635776844706,2021-11-01T10:27:24.706,109.52,0.0061439840752155386,0.007093111642602137,-0.0011305254013492941
1635776844716,2021-11-01T10:27:24.716,109.53,0.005051320382080926,0.0050674639259516326,-0.00012475264888290032
1635776844726,2021-11-01T10:27:24.726,109.54,0.0038002256445214735,0.001890349850555401,-0.00041363056146908163
1635776844736,2021-11-01T10:27:24.736,109.55,0.003507730059506468,0.0017643463064546557,-0.0023664689742456946
1635776844746,2021-11-01T10:27:24.746,109.56,0.003977707253286984,0.005065287737395759,-0.0042469582132469855
1635776844756,2021-11-01T10:27:24.756,109.57,0.003365263143341729,0.006155142951546644,-0.004645035327704876
1635776844766,2021-11-01T10:27:24.766,109.58,0.0008312849388411522,0.0008087125581250694,-0.004182618248573945
1635776844776,2021-11-01T10:27:24.776,109.59,-0.00162501675339033,-0.006481412571699341,-0.004263690436356009
1635776844786,2021-11-01T10:27:24.786,109.6,-0.001879282637070617,-0.007571820061857866,-0.005056233094536192
1635776844796,2021-11-01T10:27:24.796,109.61,-0.0010373321692650232,-0.0016053315605688938,-0.005256270125312847
1635776844806,2021-11-01T10:27:24.806,109.62,-0.0015590871481524523,0.00505441095893256,-0.0034903157232138377
1635776844816,2021-11-01T10:27:24.816,109.63,-0.0033860253511174975,0.008086756698066386,-0.00010387217761129999
1635776844826,2021-11-01T10:27:24.826,109.64,-0.004653879762169123,0.007563956307459918,0.0023809701827013055
1635776844836,2021-11-01T10:27:24.836,109.65,-0.004726583637397184,0.003806613440873248,0.0017608548919437086
1635776844846,2021-11-01T10:27:24.846,109.66,-0.004251698266114264,-0.002044333897367863,-0.0006648743571505826
1635776844856,2021-11-01T10:27:24.856,109.67,-0.0036715702826234215,-0.006514465254790375,-0.001124997237784402
1635776844866,2021-11-01T10:27:24.866,109.68,-0.0030993733749400745,-0.007569689266832122,0.0017549880513670112
1635776844876,2021-11-01T10:27:24.876,109.69,-0.0027065197716997346,-0.006315665387306256,0.0049853738858899556
1635776844886,2021-11-01T10:27:24.886,109.7,-0.002734047272383038,-0.0037326763427867156,0.005370513198822717
1635776844896,2021-11-01T10:27:24.896,109.71,-0.003286170431253864,0.0002713587278186803,0.003675696093494118
1635776844906,2021-11-01T10:27:24.906,109.72,-0.003923847675225551,0.004738732769717869,0.002803795311933287
1635776844916,2021-11-01T10:27:24.916,109.73,-0.003980194391296281,0.007382241823243764,0.0037148210360043376
1635776844926,2021-11-01T10:27:24.926,109.74,-0.0035589160234829817,0.006541240853360467,0.005037647280132655
1635776844936,2021-11-01T10:27:24.936,109.75,-0.00329547992414748,0.0027950758319868927,0.005261683452993552
1635776844946,2021-11-01T10:27:24.946,109.76,-0.0031564119566087397,-0.0014056337117668162,0.0041803883632198545
1635776844956,2021-11-01T10:27:24.956,109.77,-0.0024407240247911076,-0.003651673855884702,0.002950576314293921
1635776844966,2021-11-01T10:27:24.966,109.78,-0.0008780262106311096,-0.0030199409270421176,0.0027488345163534547
1635776844976,2021-11-01T10:27:24.976,109.79,0.000818591152711836,-7.380555165765898e-05,0.003279532227839394
1635776844986,2021-11-01T10:27:24.986,109.8,0.0017001532129318005,0.0037514273534600554,0.003544168522415226
1635776844996,2021-11-01T10:27:24.996,109.81,0.0017906505164337152,0.006649864481661035,0.003679331314037409
1635776845006,2021-11-01T10:27:25.006,109.82,0.0019009459650266027,0.0072352618406706405,0.004435622666635086
1635776845016,2021-11-01T10:27:25.016,109.83,0.002283864786767173,0.005470407922073463,0.005301924120758762
1635776845026,2021-11-01T10:27:25.026,109.84,0.002559534816251351,0.002343115039515329,0.004917942964804821
1635776845036,2021-11-01T10:27:25.036,109.85,0.0027354985020810914,-0.0013278495621741227,0.00315408943596897
1635776845046,2021-11-01T10:27:25.046,109.86,0.0029891295895926066,-0.00489957579008076,0.0013372547260669763
1635776845056,2021-11-01T10:27:25.056,109.87,0.0029532831847665676,-0.007065224482259836,0.0003448148091451133
1635776845066,2021-11-01T10:27:25.066,109.88,0.0024978183555369906,-0.0062238781755658956,-0.00027464898179439367
1635776845076,2021-11-01T10:27:25.076,109.89,0.0022721865745878034,-0.002433807267634658,-0.0008422492025177646
1635776845086,2021-11-01T10:27:25.086,109.9,0.002330196142229962,0.001202202436690836,-0.0007636495940549513
1635776845096,2021-11-01T10:27:25.096,109.91,0.001723804988818232,0.0009478128828695762,-0.0003249808694515819
1635776845106,2021-11-01T10:27:25.106,109.92,0.00047012719930015015,-0.0028733938818470547,-0.0013616070541318933
1635776845116,2021-11-01T10:27:25.116,109.93,-7.4270394626537e-05,-0.0059761977591173245,-0.004321520327811629
1635776845126,2021-11-01T10:27:25.126,109.94,0.0003118898290599966,-0.0056954042912453155,-0.006605826731915426
1635776845136,2021-11-01T10:27:25.136,109.95,0.00019066892185736246,-0.003649701633575138,-0.0060284102534147255
1635776845146,2021-11-01T10:27:25.146,109.96,-0.0007076971654003483,-0.002339119402311281,-0.004073405305997206
1635776845156,2021-11-01T10:27:25.156,109.97,-0.0006843799907304861,-0.0017309918255590654,-0.003260422012127973
1635776845166,2021-11-01T10:27:25.166,109.98,0.0007920699113869851,-0.0003465495562836289,-0.003161002225537162
1635776845176,2021-11-01T10:27:25.176,109.99,0.0017748481841276555,0.0014569712090541594,-0.00192485424664675
1635776845186,2021-11-01T10:27:25.186,110.0,0.001054462954297526,0.0013261301808953202,-9.364420620813985e-05
1635776845196,2021-11-01T10:27:25.196,110.01,0.0001296684489612447,-0.0014859635276491736,0.00013333505592552942
1635776845206,2021-11-01T10:27:25.206,110.02,0.0004973918079324319,-0.004762153350435416,-0.001613040358693127
1635776845216,2021-11-01T10:27:25.216,110.03,0.001340065666220569,-0.006379869319933649,-0.003410594587017672
1635776845226,2021-11-01T10:27:25.226,110.04,0.0012978454550695178,-0.006085145070688846,-0.003520492101615602
1635776845236,2021-11-01T10:27:25.236,110.05,0.0006620218676903242,-0.004058590300309045,-0.002102281694852107
1635776845246,2021-11-01T10:27:25.246,110.06,0.0005581743011333728,-0.0006956266724923107,-0.000767054382336924
1635776845256,2021-11-01T10:27:25.256,110.07,0.0010420744693789604,0.0022501362664766192,-0.0008704057837031902
1635776845266,2021-11-01T10:27:25.266,110.08,0.0010826617467880996,0.0028449500772075066,-0.0021436947135079834
1635776845276,2021-11-01T10:27:25.276,110.09,0.00012162331910008016,0.0011465256312418904,-0.0030840115662461973
1635776845286,2021-11-01T10:27:25.286,110.1,-0.0011826677621163495,-0.0013498470139326252,-0.0027557573189801285
1635776845296,2021-11-01T10:27:25.296,110.11,-0.0019395315032662886,-0.0035738708923836915,-0.0018040612186784538
1635776845306,2021-11-01T10:27:25.306,110.12,-0.002065034365183214,-0.004714405284829137,-0.0013594058129320367
1635776845316,2021-11-01T10:27:25.316,110.13,-0.0017687037557580932,-0.0034988177882967733,-0.0014461539702188715
1635776845326,2021-11-01T10:27:25.326,110.14,-0.0007421599565107112,0.00023005729228743718,-0.0013141192515821781
1635776845336,2021-11-01T10:27:25.336,110.15,0.0011112663388295634,0.004054462841438695,-0.0008484939345164762
1635776845346,2021-11-01T10:27:25.346,110.16,0.0028787246944761966,0.0053585695817202844,-0.00038665565930187635
1635776845356,2021-11-01T10:27:25.356,110.17,0.0036401800546460423,0.004728317706799276,0.00012237241913979417
1635776845366,2021-11-01T10:27:25.366,110.18,0.003360865727689329,0.004697134914573211,0.00032951373726470824
1635776845376,2021-11-01T10:27:25.376,110.19,0.0020115122284786752,0.005396728410017819,-0.0009023413715758118
1635776845386,2021-11-01T10:27:25.386,110.2,-0.0007529360055328227,0.004286433007723164,-0.0035578538395722803
1635776845396,2021-11-01T10:27:25.396,110.21,-0.004207181330712508,0.0005862439941902919,-0.005557081976663041
1635776845406,2021-11-01T10:27:25.406,110.22,-0.006504056831882456,-0.0028200515209637587,-0.005198263753099876
1635776845416,2021-11-01T10:27:25.416,110.23,-0.006738211267681484,-0.002801344262402325,-0.0031647346481985927
1635776845426,2021-11-01T10:27:25.426,110.24,-0.005589603408915043,0.00042179693125415707,-0.0010685245720070766
1635776845436,2021-11-01T10:27:25.436,110.25,-0.003938816287556711,0.0035039577472410818,0.0004154614679460955
1635776845446,2021-11-01T10:27:25.446,110.26,-0.0023518614905441056,0.003360227045825468,0.0012198335099395086
1635776845456,2021-11-01T10:27:25.456,110.27,-0.0013255629537750318,0.0006920471192088684,0.0014736956689449224
1635776845466,2021-11-01T10:27:25.466,110.28,-0.0007895997558046914,-0.000889554486964241,0.0017409288271225615
1635776845476,2021-11-01T10:27:25.476,110.29,-0.00026672342743501703,-0.00023793916548588698,0.0022029704285779542
1635776845486,2021-11-01T10:27:25.486,110.3,8.706608791040343e-05,-0.00022687677480008438,0.0022230853130156946
1635776845496,2021-11-01T10:27:25.496,110.31,-6.204555810322967e-05,-0.0020236303513875005,0.0017639759251485499
1635776845506,2021-11-01T10:27:25.506,110.32,-0.00023975026254556767,-0.0023373984011265544,0.00168108365279745
1635776845516,2021-11-01T10:27:25.516,110.33,-0.00021449769251094192,0.0004546108811579548,0.00187768523647303
1635776845526,2021-11-01T10:27:25.526,110.34,-0.0007494076717617077,0.0023490913143718755,0.0012511915723878893
1635776845536,2021-11-01T10:27:25.536,110.35,-0.001826536218775655,-0.00019192585436998152,-8.907959710648019e-05
1635776845546,2021-11-01T10:27:25.546,110.36,-0.0019819391254081945,-0.004578324004956365,-0.000887229767481345
1635776845556,2021-11-01T10:27:25.556,110.37,-0.0005565424636354486,-0.0063065509613068225,-0.0010710292342148789
1635776845566,2021-11-01T10:27:25.566,110.38,0.001253448513939695,-0.004937976668910429,-0.0014404111553855722
1635776845576,2021-11-01T10:27:25.576,110.39,0.00208875825970402,-0.002686014196060488,-0.0014248817221438447
1635776845586,2021-11-01T10:27:25.586,110.4,0.001860550467154927,-0.0008395460086865341,-2.2528255689881606e-05
1635776845596,2021-11-01T10:27:25.596,110.41,0.001759843878783091,-0.0002321658599484261,0.0017722032714536976
1635776845606,2021-11-01T10:27:25.606,110.42,0.0032815607466233545,-0.0015000595573092413,0.002338150973658797
1635776845616,2021-11-01T10:27:25.616,110.43,0.006254902293462208,-0.002926002241760294,0.001953134723907182
1635776845626,2021-11-01T10:27:25.626,110.44,0.008070836930958551,-0.001847590385125609,0.0015176862000791927
1635776845636,2021-11-01T10:27:25.636,110.45,0.006541502353750549,0.0009756524081540588,0.0008176749917545374
1635776845646,2021-11-01T10:27:25.646,110.46,0.0032592849339668746,0.0026787186467538667,-0.00013440350368800527
1635776845656,2021-11-01T10:27:25.656,110.47,0.0019514271479013135,0.0033757831077800772,-0.0005166152369898274
1635776845666,2021-11-01T10:27:25.666,110.48,0.0033947626834704993,0.004520119766591368,-0.00032574032353982686
1635776845676,2021-11-01T10:27:25.676,110.49,0.004468633039233171,0.0038320215232484256,-0.0003716173537492793
1635776845686,2021-11-01T10:27:25.686,110.5,0.003013028188297454,-0.0012415241033780027,-0.0007131012057168617
1635776845696,2021-11-01T10:27:25.696,110.51,0.000930767700205454,-0.006812258224055885,-0.0004925500175004467
1635776845706,2021-11-01T10:27:25.706,110.52,0.0008463932243349733,-0.006567933753712013,0.0009618996715512558
1635776845716,2021-11-01T10:27:25.716,110.53,0.002252524965525575,-0.0007383916260456601,0.0030246842130121463
1635776845726,2021-11-01T10:27:25.726,110.54,0.003019363134201034,0.004816952448144335,0.00390055474253265
1635776845736,2021-11-01T10:27:25.736,110.55,0.0023077557613884496,0.006072451105060515,0.0029236569851984594
1635776845746,2021-11-01T10:27:25.746,110.56,0.00023801042546567336,0.003264840627971279,0.001974989792738466
1635776845756,2021-11-01T10:27:25.756,110.57,-0.0028349460073647864,-0.001391100063328107,0.0027835597529569617
1635776845766,2021-11-01T10:27:25.766,110.58,-0.00552052757166017,-0.005555451331952213,0.004095271476817504
1635776845776,2021-11-01T10:27:25.776,110.59,-0.006211871557256124,-0.007900065755511722,0.0037656630285649566
1635776845786,2021-11-01T10:27:25.786,110.6,-0.005256707317140421,-0.00826347278028454,0.00233438249421101
1635776845796,2021-11-01T10:27:25.796,110.61,-0.004488087597964941,-0.00642097696522962,0.0020851875133066225
1635776845806,2021-11-01T10:27:25.806,110.62,-0.004749078644066761,-0.002457934758492658,0.00332170040754371
1635776845816,2021-11-01T10:27:25.816,110.63,-0.005293058800131817,0.0013751069021145125,0.003964532389504543
1635776845826,2021-11-01T10:27:25.826,110.64,-0.0052295056175492675,0.002410124747945841,0.0029703936679851377
1635776845836,2021-11-01T10:27:25.836,110.65,-0.004496895780387253,0.0015302803447641987,0.002014901801124751
1635776845846,2021-11-01T10:27:25.846,110.66,-0.003669072158131767,0.0015535304082840422,0.002700405614886799
1635776845856,2021-11-01T10:27:25.856,110.67,-0.0035132842029862543,0.001669480141371168,0.0038659344568320853
1635776845866,2021-11-01T10:27:25.866,110.68,-0.004344621426589781,-0.001535042161349784,0.0036348010095315153
1635776845876,2021-11-01T10:27:25.876,110.69,-0.005058795369641114,-0.006900180907762307,0.0026599601611503113
1635776845886,2021-11-01T10:27:25.886,110.7,-0.0037555795962477163,-0.008324583743952306,0.0027326179297858127
1635776845896,2021-11-01T10:27:25.896,110.71,-0.0006165903182926,-0.0035350267977918705,0.0034999772969339623
1635776845906,2021-11-01T10:27:25.906,110.72,0.0013854412862220333,0.002317415146343253,0.003353811633731406
1635776845916,2021-11-01T10:27:25.916,110.73,0.0004572953674827127,0.004200026597284214,0.002297073032589564
1635776845926,2021-11-01T10:27:25.926,110.74,-0.0012838077877735717,0.002998654635814537,0.0014205090420279364
1635776845936,2021-11-01T10:27:25.936,110.75,-0.0010671648534179927,0.0018376824036014563,0.0007154234742778225
1635776845946,2021-11-01T10:27:25.946,110.76,0.0005252193971174467,0.001563530046131095,-0.0005603846369572776
1635776845956,2021-11-01T10:27:25.956,110.77,0.0009202295559598084,0.0011730432753107242,-0.0021447490078468244
1635776845966,2021-11-01T10:27:25.966,110.78,-0.0004549603097501669,-0.0004144670042624706,-0.002869263156995711
1635776845976,2021-11-01T10:27:25.976,110.79,-0.001610374598352991,-0.0026750459137729055,-0.0021957327985983625
1635776845986,2021-11-01T10:27:25.986,110.8,-0.0010757939275099207,-0.0027517916683873897,-0.0008181873564474583
1635776845996,2021-11-01T10:27:25.996,110.81,0.0002612569694556671,0.0009550236159914568,8.283415132149323e-05
1635776846006,2021-11-01T10:27:26.006,110.82,0.0010115416757822957,0.0050144684056347005,-0.00015740831279739765
1635776846016,2021-11-01T10:27:26.016,110.83,0.001504157003765261,0.004920966477356559,-0.0009893610684550398
1635776846026,2021-11-01T10:27:26.026,110.84,0.00284365564431701,0.0016700757757236809,-0.001191392270607905
1635776846036,2021-11-01T10:27:26.036,110.85,0.004796006141041964,-0.00023086187586186932,-0.0008448375907492457
1635776846046,2021-11-01T10:27:26.046,110.86,0.00608710535876027,9.493577575373424e-05,-0.0013591154846561528
1635776846056,2021-11-01T10:27:26.056,110.87,0.006093904289315168,-0.00048432760707021614,-0.0024086225130459027
1635776846066,2021-11-01T10:27:26.066,110.88,0.005101123034484196,-0.0029986387732957214,-0.0017370456664776543
1635776846076,2021-11-01T10:27:26.076,110.89,0.0036092603266988524,-0.0042154136133084556,0.0005253375812283369
1635776846086,2021-11-01T10:27:26.086,110.9,0.002295234515966592,-0.001614647180139078,0.001320200062961069
1635776846096,2021-11-01T10:27:26.096,110.91,0.0019823863246501037,0.0023168956008096787,-0.0002689767686169946
1635776846106,2021-11-01T10:27:26.106,110.92,0.0028570105727842112,0.0030725457227174387,-0.0018087391357764983
1635776846116,2021-11-01T10:27:26.116,110.93,0.004010129991526473,0.00018366397870381128,-0.002052575274256501
1635776846126,2021-11-01T10:27:26.126,110.94,0.004143205777285568,-0.002600625243107075,-0.0023214940891483895
1635776846136,2021-11-01T10:27:26.136,110.95,0.002682885535484833,-0.002965529466011388,-0.003039208751879314
1635776846146,2021-11-01T10:27:26.146,110.96,0.00020922432030017287,-0.002449927316546316,-0.002682223481360617
1635776846156,2021-11-01T10:27:26.156,110.97,-0.00214951143916355,-0.002666487420321503,-0.0008494218277515016
1635776846166,2021-11-01T10:27:26.166,110.98,-0.003630301185252639,-0.002798628799454629,0.00019374458560724464
1635776846176,2021-11-01T10:27:26.176,110.99,-0.004061905805027607,-0.00211846430149717,-0.0016096770289024025
1635776846186,2021-11-01T10:27:26.186,111.0,-0.0037399647961885887,-0.001737578095483765,-0.004916742503972659
1635776846196,2021-11-01T10:27:26.196,111.01,-0.003474991325400586,-0.0024955466595017527,-0.006593249247570002
1635776846206,2021-11-01T10:27:26.206,111.02,-0.003843544037576834,-0.003589177504439348,-0.005996663119317428
1635776846216,2021-11-01T10:27:26.216,111.03,-0.004156133202569303,-0.004122456922384717,-0.00520526767168566
1635776846226,2021-11-01T10:27:26.226,111.04,-0.0035190266095443813,-0.004099210698382448,-0.0053067084098857185
1635776846236,2021-11-01T10:27:26.236,111.05,-0.0024250312761637935,-0.003605563145139699,-0.0053094021036223776
1635776846246,2021-11-01T10:27:26.246,111.06,-0.0015247238848707244,-0.0024499962554750767,-0.004573374776583278
1635776846256,2021-11-01T10:27:26.256,111.07,-0.00026073546849330974,-0.0006616232978689184,-0.0035835421787303824
1635776846266,2021-11-01T10:27:26.266,111.08,0.0014610212241347354,0.0012871789946295648,-0.0024575934941176345
1635776846276,2021-11-01T10:27:26.276,111.09,0.0025354097232249753,0.0024916214252825087,-0.0009706690399812891
1635776846286,2021-11-01T10:27:26.286,111.1,0.002920303460734599,0.0020760828954654647,0.00018620893614578068
1635776846296,2021-11-01T10:27:26.296,111.11,0.003652683902142954,0.000428234731548012,-2.46451760520999e-05
1635776846306,2021-11-01T10:27:26.306,111.12,0.00414827281563607,-0.0007266449040775152,-0.0013476505594381218
1635776846316,2021-11-01T10:27:26.316,111.13,0.003117477839668247,-0.0005066025846206097,-0.0023813784334364542
1635776846326,2021-11-01T10:27:26.326,111.14,0.0018849320391055911,0.00010930791546169182,-0.0022548486241538534
1635776846336,2021-11-01T10:27:26.336,111.15,0.0028568096259386595,0.0006528522376382118,-0.0013808563051003644
1635776846346,2021-11-01T10:27:26.346,111.16,0.005428145490975986,0.00225809208126596,-0.0005708073811877442
1635776846356,2021-11-01T10:27:26.356,111.17,0.007066999630463,0.004349117695433988,-3.5719520824462105e-05
1635776846366,2021-11-01T10:27:26.366,111.18,0.007389804193537476,0.003774090336244347,0.0005103251092267903
1635776846376,2021-11-01T10:27:26.376,111.19,0.007930085092455534,0.00035282887444793097,0.0011695789480749058
1635776846386,2021-11-01T10:27:26.386,111.2,0.008769637647222902,-0.0013589494207315526,0.001592156596170078
1635776846396,2021-11-01T10:27:26.396,111.21,0.008122025925783663,0.000726457859553248,0.0013434992704140216
1635776846406,2021-11-01T10:27:26.406,111.22,0.0051608849705051234,0.0029033606862835454,0.0005549819319364446
1635776846416,2021-11-01T10:27:26.416,111.23,0.0015475069368906412,0.0024228488009200616,5.832680169260039e-05
1635776846426,2021-11-01T10:27:26.426,111.24,-0.0004609531825037962,0.0012618434508594517,0.00047318677129376855
1635776846436,2021-11-01T10:27:26.436,111.25,-0.0007372127138068961,0.0008720460442039679,0.0012788811301596894
1635776846446,2021-11-01T10:27:26.446,111.26,-0.0010430424639522855,-0.0006098645530011859,0.001440242203876519
1635776846456,2021-11-01T10:27:26.456,111.27,-0.002246415142631509,-0.003682864428834392,0.0008816649555275335
1635776846466,2021-11-01T10:27:26.466,111.28,-0.003462471416337203,-0.005354399183185705,0.00038403511759077535
1635776846476,2021-11-01T10:27:26.476,111.29,-0.004027814345168955,-0.0038899909420804526,0.00015879645600231339
1635776846486,2021-11-01T10:27:26.486,111.3,-0.00426884094230111,-0.0012963127122827573,-0.00017824434861741926
1635776846496,2021-11-01T10:27:26.496,111.31,-0.004228110105786897,0.0003913421700911444,-0.0005072871766498961
1635776846506,2021-11-01T10:27:26.506,111.32,-0.003634568272143709,0.00107758479164477,-0.0003673337777123498
1635776846516,2021-11-01T10:27:26.516,111.33,-0.0030587456923847735,0.0003573249472921963,0.0002243243802390662
1635776846526,2021-11-01T10:27:26.526,111.34,-0.0032569982032325485,-0.0025591069432310183,0.0009241986014085902
1635776846536,2021-11-01T10:27:26.536,111.35,-0.003482863525472931,-0.006424509786007284,0.0014861929140734928
1635776846546,2021-11-01T10:27:26.546,111.36,-0.0022782461023517463,-0.008256061808223806,0.0017352209776581948
1635776846556,2021-11-01T10:27:26.556,111.37,-7.910479509853723e-05,-0.006364770535011354,0.0017071147893404103
1635776846566,2021-11-01T10:27:26.566,111.38,0.0009692965414402788,-0.0023146259637830554,0.0018253405650307513
1635776846576,2021-11-01T10:27:26.576,111.39,0.0003384491868311255,0.000676924596609708,0.0021782874327077395
1635776846586,2021-11-01T10:27:26.586,111.4,-6.445028065174739e-05,0.001810826471350027,0.0018222447026351848
1635776846596,2021-11-01T10:27:26.596,111.41,0.0007451278623505566,0.0034302156311377128,0.00018267804267860617
1635776846606,2021-11-01T10:27:26.606,111.42,0.001463399542569641,0.006159220174131015,-0.001212611792325117
1635776846616,2021-11-01T10:27:26.616,111.43,0.001479090123707342,0.006573003843333085,-0.000720464290106786
1635776846626,2021-11-01T10:27:26.626,111.44,0.0019032383543357261,0.0024393670177313134,0.00025912575369911806
1635776846636,2021-11-01T10:27:26.636,111.45,0.002668200819240799,-0.002965587317201953,-0.0005750070856551642
1635776846646,2021-11-01T10:27:26.646,111.46,0.002173073424449297,-0.00439103057222219,-0.001967967694614183
1635776846656,2021-11-01T10:27:26.656,111.47,0.0005623007154571239,-0.0002189716475190375,-0.0010091201238286375
1635776846666,2021-11-01T10:27:26.666,111.48,-1.3237715394642162e-05,0.006105538100138735,0.0013300724403648868
1635776846676,2021-11-01T10:27:26.676,111.49,0.0012677220202135962,0.008504536806668777,0.001200104715042608
1635776846686,2021-11-01T10:27:26.686,111.5,0.0029380412925765834,0.0037596519060433906,-0.001867970267430471
1635776846696,2021-11-01T10:27:26.696,111.51,0.0033959999780765132,-0.004010868850373547,-0.0040423549283576336
1635776846706,2021-11-01T10:27:26.706,111.52,0.0023736733565103093,-0.007829249396906811,-0.002926478470040325
1635776846716,2021-11-01T10:27:26.716,111.53,0.0007534307881913256,-0.007128189945467992,-0.0005412372692620019
1635776846726,2021-11-01T10:27:26.726,111.54,-0.0003873811661297675,-0.0067879614368300065,0.0002824613090295134
1635776846736,2021-11-01T10:27:26.736,111.55,-0.00077506152648336,-0.007404580055124407,-0.0007198838203587239
1635776846746,2021-11-01T10:27:26.746,111.56,-0.0008921205171910874,-0.004714512210806109,-0.0024401195148191753
1635776846756,2021-11-01T10:27:26.756,111.57,-0.0011416868487106615,0.001027532553108616,-0.0039495660599325
1635776846766,2021-11-01T10:27:26.766,111.58,-0.0014592547966104132,0.0039030286966216746,-0.004247296196128688
1635776846776,2021-11-01T10:27:26.776,111.59,-0.00132146943634898,0.0017631493653665167,-0.0030672249140222714
1635776846786,2021-11-01T10:27:26.786,111.6,-0.00015711886732570153,-0.0009501082230906409,-0.0016364551584696204
1635776846796,2021-11-01T10:27:26.796,111.61,0.001552301463932397,-0.0011179397247480173,-0.0009852709486479112
1635776846806,2021-11-01T10:27:26.806,111.62,0.002229821083311164,-0.0008173102716508889,-0.0010163247327524129
1635776846816,2021-11-01T10:27:26.816,111.63,0.0012357888280091977,-0.0017281321643957278,-0.001745387458072653
1635776846826,2021-11-01T10:27:26.826,111.64,-8.369239744714172e-05,-0.0016791521324092977,-0.0031343387649938174
1635776846836,2021-11-01T10:27:26.836,111.65,-0.00036511044425071155,0.0009735917558865207,-0.0040000049044015785
1635776846846,2021-11-01T10:27:26.846,111.66,2.9550086705169384e-05,0.003866037321898533,-0.0033653599493904023
1635776846856,2021-11-01T10:27:26.856,111.67,0.0001554456435202803,0.003884289744793509,-0.0021726622601969357
1635776846866,2021-11-01T10:27:26.866,111.68,4.296105396677552e-06,0.0014482665714682867,-0.0019449155580937732
1635776846876,2021-11-01T10:27:26.876,111.69,-2.3012936367126024e-05,-0.0004106876264258129,-0.002648398826302325
1635776846886,2021-11-01T10:27:26.886,111.7,2.975741273840248e-05,-0.00018314794931262757,-0.003194758856365133
1635776846896,2021-11-01T10:27:26.896,111.71,3.755048216635639e-05,0.0008757485631034859,-0.003182408943594755
1635776846906,2021-11-01T10:27:26.906,111.72,9.412801683422629e-05,0.0016312643038593623,-0.002869038519967928
1635776846916,2021-11-01T10:27:26.916,111.73,0.00023056548471202975,0.0025791141003814145,-0.0021586979097052037
1635776846926,2021-11-01T10:27:26.926,111.74,0.0004780087473052185,0.0034394877696047824,-0.0008529393108054435
1635776846936,2021-11-01T10:27:26.936,111.75,0.0009397247695842122,0.002429122611424346,0.0007494385020528475
1635776846946,2021-11-01T10:27:26.946,111.76,0.0014132614888837992,-0.0003685619767694574,0.0021800641027664483
1635776846956,2021-11-01T10:27:26.956,111.77,0.0014319226503313165,-0.0021088359108830113,0.002811471125014659
1635776846966,2021-11-01T10:27:26.966,111.78,0.0009019457141671888,-0.0012765785102992406,0.0019944590945100205
1635776846976,2021-11-01T10:27:26.976,111.79,0.00041643724231683725,0.00018020437725118298,0.0006266183333040693
1635776846986,2021-11-01T10:27:26.986,111.8,0.000805900136015622,-3.0873340087160636e-05,0.0008735087670152495
1635776846996,2021-11-01T10:27:26.996,111.81,0.00220888936752293,-0.0015601828739929076,0.00279645901783604
1635776847006,2021-11-01T10:27:27.006,111.82,0.003571563037488226,-0.0023343622743106055,0.0041205723794088996
1635776847016,2021-11-01T10:27:27.016,111.83,0.003460498949564375,-0.0011508544715452193,0.004165977460016029
1635776847026,2021-11-01T10:27:27.026,111.84,0.0015752173226313343,0.000897368538698982,0.004187366910925689
1635776847036,2021-11-01T10:27:27.036,111.85,-0.0007882499502383539,0.001365062777639568,0.003923867633444731
1635776847046,2021-11-01T10:27:27.046,111.86,-0.002108509591512624,-0.0006072664514955772,0.002001170467558185
1635776847056,2021-11-01T10:27:27.056,111.87,-0.002308202057422528,-0.003072446554201455,-0.000799280379277847
1635776847066,2021-11-01T10:27:27.066,111.88,-0.0022763398933939704,-0.004217398646758707,-0.0022929759441099886
1635776847076,2021-11-01T10:27:27.076,111.89,-0.001904612139519773,-0.004416167802341562,-0.0021233783527697782
1635776847086,2021-11-01T10:27:27.086,111.9,-0.00033157686291224414,-0.0037395449922736895,-0.0016108084999501007
1635776847096,2021-11-01T10:27:27.096,111.91,0.0016387648803529056,-0.0012511414141094213,-0.0014543191072875759
1635776847106,2021-11-01T10:27:27.106,111.92,0.0018177304674786687,0.0012754244473425877,-0.0013738070948675735
1635776847116,2021-11-01T10:27:27.116,111.93,0.0001728293143988745,0.00022976357217932154,-0.0008722333096263153
1635776847126,2021-11-01T10:27:27.126,111.94,-0.00044345520301316253,-0.0031772235261882816,0.0003388126879833853
1635776847136,2021-11-01T10:27:27.136,111.95,0.0015479693440912496,-0.003374844335176581,0.001512193055848344
1635776847146,2021-11-01T10:27:27.146,111.96,0.003753340586848822,0.0005549730490311053,0.0012504451166069689
1635776847156,2021-11-01T10:27:27.156,111.97,0.0031354819512752685,0.0035161493370372728,-0.00010160851461548298
1635776847166,2021-11-01T10:27:27.166,111.98,0.00046692894229554934,0.0037726616081919353,-0.0006255475191980174
1635776847176,2021-11-01T10:27:27.176,111.99,-0.001034750711820018,0.005221672010924494,-0.0003940424656408278
1635776847186,2021-11-01T10:27:27.186,112.0,-0.0006186784397435419,0.008076103407610495,-0.001655317405012283
1635776847196,2021-11-01T10:27:27.196,112.01,-0.00045712632236059295,0.006572870559019918,-0.004588610874202136
1635776847206,2021-11-01T10:27:27.206,112.02,-0.0014799521878666325,-0.0006442746364074847,-0.006191783941273671
1635776847216,2021-11-01T10:27:27.216,112.03,-0.002132059299287752,-0.006389871752286258,-0.004266375012808956
1635776847226,2021-11-01T10:27:27.226,112.04,-0.0016767889328024787,-0.004902113121722558,-0.00031416406930706705
1635776847236,2021-11-01T10:27:27.236,112.05,-0.00165314885409882,0.0010185009793051878,0.002345302347238839
1635776847246,2021-11-01T10:27:27.246,112.06,-0.0028952918638872143,0.005753785693989853,0.002644712931612351
1635776847256,2021-11-01T10:27:27.256,112.07,-0.003562338369884559,0.007705617217279345,0.002731124235934577
1635776847266,2021-11-01T10:27:27.266,112.08,-0.0020795923468957937,0.007619526117720023,0.0043028944354558535
1635776847276,2021-11-01T10:27:27.276,112.09,-0.00013218299083609785,0.00484905203358519,0.006233714468129264
1635776847286,2021-11-01T10:27:27.286,112.1,-0.00011809212340240609,-0.0011812341877754317,0.007229743127823981
1635776847296,2021-11-01T10:27:27.296,112.11,-0.0011787505766541074,-0.007772382831846866,0.007783205956346828
1635776847306,2021-11-01T10:27:27.306,112.12,-0.0007803615661311023,-0.010451310910200412,0.00812376269380216
1635776847316,2021-11-01T10:27:27.316,112.13,0.000989974587766247,-0.007987588156324287,0.007513369927879507
1635776847326,2021-11-01T10:27:27.326,112.14,0.0017867588979266083,-0.0036033468527678137,0.0061043885048989305
1635776847336,2021-11-01T10:27:27.336,112.15,0.0007911219495390179,-0.0004772874469676164,0.004496502168560016
1635776847346,2021-11-01T10:27:27.346,112.16,-0.0006205127248136925,0.0013617746055094885,0.002377271941177867
1635776847356,2021-11-01T10:27:27.356,112.17,-0.0012781481855114567,0.002863996363842066,0.00046322846647500683
1635776847366,2021-11-01T10:27:27.366,112.18,-0.0010855971750257517,0.0037153610802699378,0.001201406655269809
1635776847376,2021-11-01T10:27:27.376,112.19,-0.0004022229047013457,0.0031702805898869927,0.00422470210229874
1635776847386,2021-11-01T10:27:27.386,112.2,-0.00013128148117201523,0.0007856917970336083,0.004891719163073481
1635776847396,2021-11-01T10:27:27.396,112.21,-0.0010954777941437467,-0.0032989939005679536,0.0012717425582584158
1635776847406,2021-11-01T10:27:27.406,112.22,-0.002431634051539996,-0.006667128572513554,-0.0018720642542509333
1635776847416,2021-11-01T10:27:27.416,112.23,-0.00239015073030989,-0.0054560242373607876,-0.0004443176056176746
1635776847426,2021-11-01T10:27:27.426,112.24,-0.000982254398637514,4.599546196598246e-06,0.0023801419388283255
1635776847436,2021-11-01T10:27:27.436,112.25,0.00028428284435218606,0.0037277027471394235,0.0016436038118990853
1635776847446,2021-11-01T10:27:27.446,112.26,0.0009958511004109212,0.0020005590771731965,-0.0016672351163420597
1635776847456,2021-11-01T10:27:27.456,112.27,0.0017927194046092523,-0.0015851147458280238,-0.002985653720257807
1635776847466,2021-11-01T10:27:27.466,112.28,0.002275628417289608,-0.002715019508850388,-0.0009269664263176434
1635776847476,2021-11-01T10:27:27.476,112.29,0.0013945454214892156,-0.0021584358477158647,0.0019408765716394851
1635776847486,2021-11-01T10:27:27.486,112.3,-0.00026786450776678113,-0.0015087547584314701,0.0029107891111458234
1635776847496,2021-11-01T10:27:27.496,112.31,-0.0006619442273144102,0.00012877789831435338,0.0014359176606375114
1635776847506,2021-11-01T10:27:27.506,112.32,0.0009377058390532084,0.0021548407816612512,-0.0010654905217707294
1635776847516,2021-11-01T10:27:27.516,112.33,0.0027227892886693495,0.0017855405581992329,-0.002435018413665727
1635776847526,2021-11-01T10:27:27.526,112.34,0.0026880187722866113,-0.0007478152456067138,-0.0016449765687789914
1635776847536,2021-11-01T10:27:27.536,112.35,0.0012499357415088252,-0.00218028448081154,-1.4947320832636463e-05
1635776847546,2021-11-01T10:27:27.546,112.36,0.00036285877170173233,-0.0017347725943137019,0.0003166349239529626
1635776847556,2021-11-01T10:27:27.556,112.37,0.000603624938854794,-0.0012404139059470705,-0.0009108275515518312
1635776847566,2021-11-01T10:27:27.566,112.38,0.0007272033292525296,-0.0007724616773135932,-0.00226284214708487
1635776847576,2021-11-01T10:27:27.576,112.39,6.535620683768655e-06,0.000393670861568428,-0.002960317035135707
1635776847586,2021-11-01T10:27:27.586,112.4,-0.0005775158674259679,0.0005916682193065023,-0.0031717850476838264
1635776847596,2021-11-01T10:27:27.596,112.41,9.888484706623992e-05,-0.0010614983018535924,-0.0026796978713497102
1635776847606,2021-11-01T10:27:27.606,112.42,0.0015077984435717556,-0.0016307525676801339,-0.0013307658076934731
1635776847616,2021-11-01T10:27:27.616,112.43,0.0020076069108768994,0.0003389064693702874,-0.00013608525571137258
1635776847626,2021-11-01T10:27:27.626,112.44,0.0011264946607775239,0.0011378641132584993,-0.00011747478543493193
1635776847636,2021-11-01T10:27:27.636,112.45,0.00044175444415625614,-0.0016207764122977994,-0.0007462503363475247
1635776847646,2021-11-01T10:27:27.646,112.46,0.0014005850160166817,-0.00429064421134196,-0.0008570168642765215
1635776847656,2021-11-01T10:27:27.656,112.47,0.003011437642402831,-0.0033881017194135822,-0.0003463105831692111
1635776847666,2021-11-01T10:27:27.666,112.48,0.003081026680648546,-0.0008539547906977569,5.882935072391619e-05
1635776847676,2021-11-01T10:27:27.676,112.49,0.0013034552704551717,0.00049606742556088,4.697108095352102e-05
1635776847686,2021-11-01T10:27:27.686,112.5,-0.00047463951448056515,0.0011930323955620552,-0.00014453780793888659
1635776847696,2021-11-01T10:27:27.696,112.51,-0.0008025235990006799,0.0021011481411503247,-0.000329867223959953
1635776847706,2021-11-01T10:27:27.706,112.52,9.401365703620045e-05,0.0023184592322310804,-0.00037100455627885217
1635776847716,2021-11-01T10:27:27.716,112.53,0.001193087242391862,0.0015935020548942485,-9.639962762128534e-05
1635776847726,2021-11-01T10:27:27.726,112.54,0.001516834344508669,0.0007027557846455042,0.00020718379775040995
1635776847736,2021-11-01T10:27:27.736,112.55,0.000683155979226093,-0.0004503435782311533,-0.00015493261586868161
1635776847746,2021-11-01T10:27:27.746,112.56,-0.0006352269355028511,-0.0018991975164986455,-0.0012327487234125643
1635776847756,2021-11-01T10:27:27.756,112.57,-0.0015223755021808595,-0.0022194573799231717,-0.0019754177997924217
1635776847766,2021-11-01T10:27:27.766,112.58,-0.0018887252017461523,-0.0006055597610006736,-0.0015110190035007628
1635776847776,2021-11-01T10:27:27.776,112.59,-0.0019716870143207488,0.001497146167853621,-0.0006248645594789856
1635776847786,2021-11-01T10:27:27.786,112.6,-0.0017636657882281759,0.0025316673202936827,-0.0008392423164320019
1635776847796,2021-11-01T10:27:27.796,112.61,-0.001512287565956848,0.002718750602602883,-0.0019451190772849286
1635776847806,2021-11-01T10:27:27.806,112.62,-0.0015581079823287014,0.002923626065259744,-0.0021660305864747435
1635776847816,2021-11-01T10:27:27.816,112.63,-0.0016130563622190415,0.0033547036964992126,-0.0011119917134792068
1635776847826,2021-11-01T10:27:27.826,112.64,-0.001353784674438456,0.003752743252173899,-0.00032756195331169253
1635776847836,2021-11-01T10:27:27.836,112.65,-0.001280886562545469,0.0038754482731049034,-0.00042669421756189193
1635776847846,2021-11-01T10:27:27.846,112.66,-0.0019114319662581862,0.0037057028448387154,-0.00026203772202120087
1635776847856,2021-11-01T10:27:27.856,112.67,-0.0027227810675234084,0.003203541399989458,0.0004905413673980138
1635776847866,2021-11-01T10:27:27.866,112.68,-0.0028433345030890855,0.0023255543355170235,0.0006056879491512006
1635776847876,2021-11-01T10:27:27.876,112.69,-0.002183748561857365,0.0020952581036424124,-0.00014426015859897074
1635776847886,2021-11-01T10:27:27.886,112.7,-0.001167026538276343,0.003819666261575815,-0.0002927305586040658
1635776847896,2021-11-01T10:27:27.896,112.71,-0.0001509399371260228,0.005713711393674893,0.0006461132558141026
1635776847906,2021-11-01T10:27:27.906,112.72,0.0003513627339883482,0.003958063324703441,0.0013017907135085068
1635776847916,2021-11-01T10:27:27.916,112.73,-2.9776891867155575e-05,-0.0007503396223175916,0.001045374257209269
1635776847926,2021-11-01T10:27:27.926,112.74,-0.0007035454713466007,-0.0027287681893777465,0.0007527648532104293
1635776847936,2021-11-01T10:27:27.936,112.75,-0.0007996140979833956,0.0003445556373943468,0.0005756909399772331
1635776847946,2021-11-01T10:27:27.946,112.76,-0.0004676986105982046,0.004153160408539025,8.378273447861965e-05
1635776847956,2021-11-01T10:27:27.956,112.77,-0.00027247853296071667,0.004859734220420022,0.00017768649674886118
1635776847966,2021-11-01T10:27:27.966,112.78,-8.748071981195487e-05,0.004168423222270446,0.0015014298109011504
1635776847976,2021-11-01T10:27:27.976,112.79,0.00018372248425754011,0.004770034726268689,0.0023399036324845144
1635776847986,2021-11-01T10:27:27.986,112.8,-4.939819742242544e-05,0.004804107888829415,0.0011312998514564476
1635776847996,2021-11-01T10:27:27.996,112.81,-0.000958549740069737,0.0008328457298857413,-0.0007662252442014496
1635776848006,2021-11-01T10:27:28.006,112.82,-0.0017605341215049214,-0.005162931743774755,-0.0010297285249771734
1635776848016,2021-11-01T10:27:28.016,112.83,-0.0019565092613395177,-0.0066588118612383555,0.0005000012953886036
1635776848026,2021-11-01T10:27:28.026,112.84,-0.002030201139378585,-0.0012854844020099992,0.002004483629810901
1635776848036,2021-11-01T10:27:28.036,112.85,-0.0025646764480884853,0.005913602014344762,0.002077015122153278
1635776848046,2021-11-01T10:27:28.046,112.86,-0.003430787961488546,0.009328706941417825,0.0011153623772785087
1635776848056,2021-11-01T10:27:28.056,112.87,-0.004009894905124521,0.00853457998730234,0.0005488759274200216
1635776848066,2021-11-01T10:27:28.066,112.88,-0.0038959483912106604,0.0056492843659731225,0.0010528298995750053
1635776848076,2021-11-01T10:27:28.076,112.89,-0.003391708336793296,0.0013750005574448007,0.0017582533536764258
1635776848086,2021-11-01T10:27:28.086,112.9,-0.0031453188578313756,-0.0037342139187965294,0.0015079868810911983
1635776848096,2021-11-01T10:27:28.096,112.91,-0.0031569134799126278,-0.0073802553884580735,0.0008068112476261201
1635776848106,2021-11-01T10:27:28.106,112.92,-0.0028338412283660745,-0.007638277461898232,0.0014666495032357658
1635776848116,2021-11-01T10:27:28.116,112.93,-0.002217593482700012,-0.005057918686063308,0.0035661111428958846
1635776848126,2021-11-01T10:27:28.126,112.94,-0.0020303583586183576,-0.0015155167475741605,0.004566667725908536
1635776848136,2021-11-01T10:27:28.136,112.95,-0.002241910004763044,0.0012751434340949582,0.003334019932187407
1635776848146,2021-11-01T10:27:28.146,112.96,-0.0018740631846945882,0.002479971047081074,0.002337108126454484
1635776848156,2021-11-01T10:27:28.156,112.97,-0.0005617304009569412,0.00300991284920853,0.003068310191703225
1635776848166,2021-11-01T10:27:28.166,112.98,0.0009135189910166992,0.004112726497037332,0.0030171367262323127
1635776848176,2021-11-01T10:27:28.176,112.99,0.0018758660899284552,0.0043379353912924015,0.0005916326387478835
1635776848186,2021-11-01T10:27:28.186,113.0,0.002365467083469197,0.0012465828865389585,-0.0009739472898215582
1635776848196,2021-11-01T10:27:28.196,113.01,0.0024448744137228378,-0.0032793713280194446,0.0016099468775662166
1635776848206,2021-11-01T10:27:28.206,113.02,0.0020331675605568837,-0.004062045318047897,0.005926109323348978
1635776848216,2021-11-01T10:27:28.216,113.03,0.0014341375916554003,-5.6441439197183244e-05,0.0066511725084756855
1635776848226,2021-11-01T10:27:28.226,113.04,0.0010090104558409271,0.0038797990977287545,0.0028932672999873116
1635776848236,2021-11-01T10:27:28.236,113.05,0.00043145042205662473,0.0039511535873217605,-0.0009800222861476022
1635776848246,2021-11-01T10:27:28.246,113.06,-0.0005905777479355563,0.0017620408944997693,-0.0018411897929882055
1635776848256,2021-11-01T10:27:28.256,113.07,-0.0012600236524252964,0.00019201949173599457,-0.0013629109392404295
1635776848266,2021-11-01T10:27:28.266,113.08,-0.0009594093140722537,-0.0006903583111186995,-0.0022376427409481893
1635776848276,2021-11-01T10:27:28.276,113.09,-0.0007306427267646718,-0.0014689198481437852,-0.0040972444049150085
1635776848286,2021-11-01T10:27:28.286,113.1,-0.0014533272778178303,-0.0010372829588413141,-0.004589484972289978
1635776848296,2021-11-01T10:27:28.296,113.11,-0.0019132237200384112,0.0011113395340353214,-0.002904661915393581
1635776848306,2021-11-01T10:27:28.306,113.12,-0.0008883861259034801,0.0031325568250250915,-0.0011122488444824398
1635776848316,2021-11-01T10:27:28.316,113.13,0.0005657338969528278,0.0033711670203040384,-0.0016871376726752766
1635776848326,2021-11-01T10:27:28.326,113.14,0.0008103169444610373,0.002498500160818348,-0.004079661595687313
1635776848336,2021-11-01T10:27:28.336,113.15,-0.00022157410683272763,0.0018517183091780025,-0.005308022996625545
1635776848346,2021-11-01T10:27:28.346,113.16,-0.0016669882771411359,0.0016926710042217599,-0.004070497328295234
1635776848356,2021-11-01T10:27:28.356,113.17,-0.002726044969257444,0.0018377093399877566,-0.002155558557675065
1635776848366,2021-11-01T10:27:28.366,113.18,-0.0026780627560399964,0.001997456727643046,-0.0013959183726910645
1635776848376,2021-11-01T10:27:28.376,113.19,-0.0013948473534376238,0.0015505403078772961,-0.0014536611099579318
1635776848386,2021-11-01T10:27:28.386,113.2,0.00020380992161446484,0.0008161064261275497,-0.0014555829855394389
1635776848396,2021-11-01T10:27:28.396,113.21,0.0009673912624010745,0.0012615865143965233,-0.001686409424729294
1635776848406,2021-11-01T10:27:28.406,113.22,0.0006794313406753804,0.002703014990123319,-0.002304820359070597
1635776848416,2021-11-01T10:27:28.416,113.23,0.00025200762071252164,0.0028522916978054383,-0.0023979796151298157
1635776848426,2021-11-01T10:27:28.426,113.24,0.000590421312747899,0.0013597609913830909,-0.0016337786852239906
1635776848436,2021-11-01T10:27:28.436,113.25,0.001304352304980496,0.0006529583275070529,-0.0008148972461873565
1635776848446,2021-11-01T10:27:28.446,113.26,0.0012323500726199132,0.0012519392883770055,-0.0002506690277730519
1635776848456,2021-11-01T10:27:28.456,113.27,4.52062261812935e-05,0.0008848282789141657,0.0002688901825447441
1635776848466,2021-11-01T10:27:28.466,113.28,-0.0016257705718775873,-0.0007033461910203827,0.00022643844911904222
1635776848476,2021-11-01T10:27:28.476,113.29,-0.0031270193458219258,-0.0012293904646425587,-0.0008456315500554384
1635776848486,2021-11-01T10:27:28.486,113.3,-0.003964634016880728,-0.00048489709934385864,-0.0019496962247948755
1635776848496,2021-11-01T10:27:28.496,113.31,-0.0038758577630682543,-0.0005521295456410443,-0.0016304180505758107
1635776848506,2021-11-01T10:27:28.506,113.32,-0.003265351960496247,-0.0016316451553986784,-0.00027906740550752613
1635776848516,2021-11-01T10:27:28.516,113.33,-0.0026304089477472616,-0.0015599068597124915,9.544242624188348e-06
1635776848526,2021-11-01T10:27:28.526,113.34,-0.0017281057938307617,0.0008080397839132812,-0.0013487646164970454
1635776848536,2021-11-01T10:27:28.536,113.35,-0.0004967018454852328,0.003992763602832906,-0.0021909010636038725
1635776848546,2021-11-01T10:27:28.546,113.36,0.00012861936106948059,0.005392818917128414,-0.0011880106370425443
1635776848556,2021-11-01T10:27:28.556,113.37,-0.0002801185369333335,0.004003557033310981,-5.278472495212638e-05
1635776848566,2021-11-01T10:27:28.566,113.38,-0.0007047101619433831,0.0019245245123204486,-0.0001435577689718814
1635776848576,2021-11-01T10:27:28.576,113.39,-0.00032116677567392224,0.0018479626172504782,-0.0002231669955065753
1635776848586,2021-11-01T10:27:28.586,113.4,0.00042750381995370197,0.003228258993764489,0.0004692040317951933
1635776848596,2021-11-01T10:27:28.596,113.41,0.0006976002943826611,0.003767254348778274,0.0007085034332729522
1635776848606,2021-11-01T10:27:28.606,113.42,6.227232679171202e-05,0.003468003082889474,0.0001504246643939703
1635776848616,2021-11-01T10:27:28.616,113.43,-0.0011113580712403387,0.0033303065342366045,-0.0002138342509475029
1635776848626,2021-11-01T10:27:28.626,113.44,-0.0019343968378951071,0.002274275457482952,-0.0007974695550272597
1635776848636,2021-11-01T10:27:28.636,113.45,-0.0022697627582333375,-0.0007028639088057293,-0.0025294117719309
1635776848646,2021-11-01T10:27:28.646,113.46,-0.002739834912065301,-0.0039018084050716434,-0.003684397107559392
1635776848656,2021-11-01T10:27:28.656,113.47,-0.003080654411707573,-0.00507616091495054,-0.0020731180653215057
1635776848666,2021-11-01T10:27:28.666,113.48,-0.002192243614006879,-0.0037554730728387893,0.0002993556396118436
1635776848676,2021-11-01T10:27:28.676,113.49,4.284954807499031e-06,-0.0008423840368480453,-0.00037214099320523325
1635776848686,2021-11-01T10:27:28.686,113.5,0.002315050910755653,0.0017717651404788497,-0.003301530783743762
1635776848696,2021-11-01T10:27:28.696,113.51,0.0038498330056934175,0.00218952197960533,-0.004178083858618431
1635776848706,2021-11-01T10:27:28.706,113.52,0.004577717720161595,0.0009350322327600901,-0.002052504505269809
1635776848716,2021-11-01T10:27:28.716,113.53,0.0043760013876294745,0.00042393830306834473,-0.00013660297459856498
1635776848726,2021-11-01T10:27:28.726,113.54,0.0030060528121387577,0.0015007495990251407,-0.00012062900719059842
1635776848736,2021-11-01T10:27:28.736,113.55,0.0012474155157106508,0.0033752231639000117,-0.00047094042420964293
1635776848746,2021-11-01T10:27:28.746,113.56,0.00027554707147484477,0.005696563207589725,-0.00031761256105555666
1635776848756,2021-11-01T10:27:28.756,113.57,-0.00029903977934375237,0.007026480315137636,-0.0006724676560386984
1635776848766,2021-11-01T10:27:28.766,113.58,-0.0016243449677057578,0.004285424157106428,-0.0014435692485825335
1635776848776,2021-11-01T10:27:28.776,113.59,-0.0030356765325664746,-0.0021794641170218947,-0.0010361977975145652
1635776848786,2021-11-01T10:27:28.786,113.6,-0.0029573066712175215,-0.006756914086270535,0.00045707859192810037
1635776848796,2021-11-01T10:27:28.796,113.61,-0.0019398431525780905,-0.005276893212264225,0.0009801712171937232
1635776848806,2021-11-01T10:27:28.806,113.62,-0.0019166754113322288,0.0001898884992046488,2.045686296323052e-05
1635776848816,2021-11-01T10:27:28.816,113.63,-0.002871948373064248,0.005143553312844945,-0.0006859146303036152
1635776848826,2021-11-01T10:27:28.826,113.64,-0.0030019884833979125,0.007351825893840659,-0.00025122706731500505
1635776848836,2021-11-01T10:27:28.836,113.65,-0.0019289069744414518,0.0066259135714592425,0.0004968436432612451
1635776848846,2021-11-01T10:27:28.846,113.66,-0.001289507598320221,0.0033817786206992917,0.0010844661514359116
1635776848856,2021-11-01T10:27:28.856,113.67,-0.0020210327906776534,-0.0012124177081894248,0.001630459161379327
1635776848866,2021-11-01T10:27:28.866,113.68,-0.0029897787996784444,-0.005177154924508659,0.0017065945113374278
1635776848876,2021-11-01T10:27:28.876,113.69,-0.0027973363359552385,-0.006680331712664125,0.0013657566590214107
1635776848886,2021-11-01T10:27:28.886,113.7,-0.0016794511016732794,-0.005192871528672285,0.0019216918171532909
1635776848896,2021-11-01T10:27:28.896,113.71,-0.0007801892620090277,-0.002000230703067307,0.0035136871765776823
1635776848906,2021-11-01T10:27:28.906,113.72,-0.0003299414357915834,0.0006009462066035322,0.0042109598882511005
1635776848916,2021-11-01T10:27:28.916,113.73,0.0001825514419287246,0.0013352298222457934,0.003410879652794313
1635776848926,2021-11-01T10:27:28.926,113.74,0.0006046778314054049,0.0011293883911194379,0.00267591506934867
1635776848936,2021-11-01T10:27:28.936,113.75,0.0004887466972909972,0.001209011742935334,0.0020285846614041996
1635776848946,2021-11-01T10:27:28.946,113.76,0.00020354446367137213,0.0005946744457963835,1.6451736437967746e-05
1635776848956,2021-11-01T10:27:28.956,113.77,0.0001328677790465811,-0.0020907676180158506,-0.0022612630917816703
1635776848966,2021-11-01T10:27:28.966,113.78,-0.00017867917726929587,-0.0050215608344859695,-0.0022624227729044523
1635776848976,2021-11-01T10:27:28.976,113.79,-0.0008090905420659238,-0.004932821723818197,-0.0006086077269708582
1635776848986,2021-11-01T10:27:28.986,113.8,-0.0008176985472337503,-0.002040070149468538,-0.00012889815632289352
1635776848996,2021-11-01T10:27:28.996,113.81,0.0001387710368120152,9.76369494788083e-05,-0.001393852258692589
1635776849006,2021-11-01T10:27:29.006,113.82,0.0009270263953058577,-0.0007920640988809393,-0.0025345427621828527
1635776849016,2021-11-01T10:27:29.016,113.83,0.0005974624226427522,-0.0032642761243768846,-0.002366894845543587
1635776849026,2021-11-01T10:27:29.026,113.84,-8.11065376408399e-05,-0.004249388398309539,-0.0014141515522658682
1635776849036,2021-11-01T10:27:29.036,113.85,0.0002521877780053216,-0.003111403263572855,-0.0005877999482681573
1635776849046,2021-11-01T10:27:29.046,113.86,0.0015187423273625568,-0.0025264222275426284,-0.0003913361848943823
1635776849056,2021-11-01T10:27:29.056,113.87,0.0025539826751563776,-0.0040577176607952984,-0.0010926544953470266
1635776849066,2021-11-01T10:27:29.066,113.88,0.003034347038367462,-0.00530672821040923,-0.0024692408520724024
1635776849076,2021-11-01T10:27:29.076,113.89,0.0035538536942549227,-0.003920944966035647,-0.0033010097419018114
1635776849086,2021-11-01T10:27:29.086,113.9,0.004281968882827817,-0.001410919264040678,-0.002293258908673468
1635776849096,2021-11-01T10:27:29.096,113.91,0.004952707134600039,-0.00047185253533430963,-1.9739247082757637e-05
1635776849106,2021-11-01T10:27:29.106,113.92,0.005403419992163091,-0.0013475404520209597,0.0013115215074750372
1635776849116,2021-11-01T10:27:29.116,113.93,0.005248635825661559,-0.002613490848707646,0.0007705684515451387
1635776849126,2021-11-01T10:27:29.126,113.94,0.00431919399449493,-0.0031895831424478788,-0.00017539738486289127
1635776849136,2021-11-01T10:27:29.136,113.95,0.003560319316167202,-0.0026055923225943014,-0.0002210982641591508
1635776849146,2021-11-01T10:27:29.146,113.96,0.0036733692972079285,-0.0011434204826328701,0.00013807849969795584
1635776849156,2021-11-01T10:27:29.156,113.97,0.003529584921024254,-7.176819448459411e-05,0.00029461593350342514
1635776849166,2021-11-01T10:27:29.166,113.98,0.0022178243415598388,-0.00027004779977062325,0.0004438379671429611
1635776849176,2021-11-01T10:27:29.176,113.99,0.0012377124290606735,-0.0008220134863691778,0.00033774368196406724
1635776849186,2021-11-01T10:27:29.186,114.0,0.0019062455212481844,-0.00037157349282837483,-0.00019074808155586094
1635776849196,2021-11-01T10:27:29.196,114.01,0.0026671236375093383,0.0006436383780046642,0.00020923388571394107
1635776849206,2021-11-01T10:27:29.206,114.02,0.0019564018522488943,0.0006240776845966329,0.0024454113163071686
1635776849216,2021-11-01T10:27:29.216,114.03,0.0010376231563873676,-0.000761279942504965,0.004757134640097175
1635776849226,2021-11-01T10:27:29.226,114.04,0.001322956360501522,-0.002247098224193096,0.0049486785195829944
1635776849236,2021-11-01T10:27:29.236,114.05,0.0020142825041622034,-0.002817420167290743,0.003307276363979635
1635776849246,2021-11-01T10:27:29.246,114.06,0.002083070302141938,-0.0025255934914523957,0.0017541553357243718
1635776849256,2021-11-01T10:27:29.256,114.07,0.0015062044317621219,-0.0018100692689235502,0.0014143508758263177
1635776849266,2021-11-01T10:27:29.266,114.08,0.0002049762124276712,-0.0013203355500756527,0.0019436465280109154
1635776849276,2021-11-01T10:27:29.276,114.09,-0.0016272098301791955,-0.001691247938856486,0.002680530186449038
1635776849286,2021-11-01T10:27:29.286,114.1,-0.002765369285698521,-0.0023334587795255475,0.003348255851758605
1635776849296,2021-11-01T10:27:29.296,114.11,-0.002422254491088971,-0.0018959683264426048,0.0034333077886166963
1635776849306,2021-11-01T10:27:29.306,114.12,-0.0015004198860225026,-0.0006886818745125452,0.0026796083938687917
1635776849316,2021-11-01T10:27:29.316,114.13,-0.0011350946599078997,-0.00033973440184558985,0.0024817436690202986
1635776849326,2021-11-01T10:27:29.326,114.14,-0.0010706351548402475,-0.0006877804327799172,0.004097470367916042
1635776849336,2021-11-01T10:27:29.336,114.15,-0.0005195389852548539,-1.2669375019183117e-06,0.0058203227366620406
1635776849346,2021-11-01T10:27:29.346,114.16,0.00031873905775791294,0.001542633283314641,0.005450193089984951
1635776849356,2021-11-01T10:27:29.356,114.17,0.0006244263918384107,0.0017361515662001942,0.004185607836320979
1635776849366,2021-11-01T10:27:29.366,114.18,0.00013430905651590469,-0.00016662213476092936,0.004032089424270873
1635776849376,2021-11-01T10:27:29.376,114.19,-0.0008234323384211387,-0.0023206337488388628,0.003847178950341365
1635776849386,2021-11-01T10:27:29.386,114.2,-0.001671916625068701,-0.0026465798647930024,0.002021253809031387
1635776849396,2021-11-01T10:27:29.396,114.21,-0.0016304579936427636,-0.0011179931609191737,3.135923566227708e-05
1635776849406,2021-11-01T10:27:29.406,114.22,-0.0005971852304122382,5.738278311941906e-05,-9.57849205300351e-05
1635776849416,2021-11-01T10:27:29.416,114.23,0.0002626385007405283,-0.0009297651595537716,0.0009010151401149417
1635776849426,2021-11-01T10:27:29.426,114.24,0.0002848111288709678,-0.0022515822254600896,0.0009912874649758573
1635776849436,2021-11-01T10:27:29.436,114.25,0.0005798133804826254,-0.0005541070769978832,-0.00024260357917730297
1635776849446,2021-11-01T10:27:29.446,114.26,0.0017252378119547176,0.0030498764612754254,-0.0012552753549448174
1635776849456,2021-11-01T10:27:29.456,114.27,0.002009015126033011,0.004214948441634701,-0.0003526437762336407
1635776849466,2021-11-01T10:27:29.466,114.28,0.0003237506285043204,0.003386490716720836,0.0021877545042112167
1635776849476,2021-11-01T10:27:29.476,114.29,-0.0012792825187095348,0.005093053924791454,0.003874275687866908
1635776849486,2021-11-01T10:27:29.486,114.3,-0.0007284506595458391,0.008286444154439576,0.0026263589650356352
1635776849496,2021-11-01T10:27:29.496,114.31,0.0004574988045105648,0.006744890549516745,-0.000444533324332375
1635776849506,2021-11-01T10:27:29.506,114.32,-0.00021771715971325467,0.0004710756459499251,-0.0018966406834362915
1635776849516,2021-11-01T10:27:29.516,114.33,-0.0019906404151225124,-0.0030062378942275667,4.6189053995478364e-05
1635776849526,2021-11-01T10:27:29.526,114.34,-0.0025500784188641017,-0.00024653295479191886,0.00337832999322044
1635776849536,2021-11-01T10:27:29.536,114.35,-0.0021839838209496126,0.00401479692006488,0.005135885383863222
1635776849546,2021-11-01T10:27:29.546,114.36,-0.0027641755461231305,0.00565957863236683,0.00508518859435623
1635776849556,2021-11-01T10:27:29.556,114.37,-0.004196316330452532,0.005946551836802471,0.004754217994369804
1635776849566,2021-11-01T10:27:29.566,114.38,-0.00502861382892281,0.005821559293161753,0.00428956108691202
1635776849576,2021-11-01T10:27:29.576,114.39,-0.005103886941967721,0.002934004546861632,0.0030357355342690755
1635776849586,2021-11-01T10:27:29.586,114.4,-0.005262115441458441,-0.0027645665334777012,0.00195960332560501
1635776849596,2021-11-01T10:27:29.596,114.41,-0.005708803654791839,-0.006506745397281174,0.0026680456540252796
1635776849606,2021-11-01T10:27:29.606,114.42,-0.0059503166947974685,-0.005276213461927849,0.004875020065594142
1635776849616,2021-11-01T10:27:29.616,114.43,-0.0055888041688432755,-0.0020276688773710632,0.006651068820712521
1635776849626,2021-11-01T10:27:29.626,114.44,-0.004925960169725766,-0.00019132055420040912,0.006453230970490444
1635776849636,2021-11-01T10:27:29.636,114.45,-0.004711867194983357,0.0013041291480602865,0.004649163894587822
1635776849646,2021-11-01T10:27:29.646,114.46,-0.004986090011037775,0.00427352966821616,0.003745044571755728
1635776849656,2021-11-01T10:27:29.656,114.47,-0.0049991371296819,0.006913043682311219,0.005670364310525494
1635776849666,2021-11-01T10:27:29.666,114.48,-0.004506669519844635,0.006613555169379013,0.008300834163495053
1635776849676,2021-11-01T10:27:29.676,114.49,-0.0039232777060337395,0.003856366714431575,0.007791716504194836
1635776849686,2021-11-01T10:27:29.686,114.5,-0.003367451702846421,0.000687392151670128,0.004678789887308294
1635776849696,2021-11-01T10:27:29.696,114.51,-0.002590965780652805,-0.0016422262529939527,0.0031845230176027793
1635776849706,2021-11-01T10:27:29.706,114.52,-0.0014707226123583123,-0.0016648489608940675,0.004376532707107714
1635776849716,2021-11-01T10:27:29.716,114.53,-0.00017181800294982795,0.0018332312629827318,0.005263129066641514
1635776849726,2021-11-01T10:27:29.726,114.54,0.0008509281114292569,0.006285306027982804,0.004419700322394079
1635776849736,2021-11-01T10:27:29.736,114.55,0.001202937606862773,0.006455791094052559,0.0032631914526688732
1635776849746,2021-11-01T10:27:29.746,114.56,0.0010751989857923383,0.0013021387706838752,0.0025713515320461987
1635776849756,2021-11-01T10:27:29.756,114.57,0.0010363022600951522,-0.0040511835567194135,0.002202966503781963
1635776849766,2021-11-01T10:27:29.766,114.58,0.0012471198301301787,-0.004882127926806952,0.0026742094395982552
1635776849776,2021-11-01T10:27:29.776,114.59,0.0012814106140244142,-0.0019188376050350672,0.0037971797303381913
1635776849786,2021-11-01T10:27:29.786,114.6,0.0008767302693885429,0.0015009154768076724,0.00399754962321551
1635776849796,2021-11-01T10:27:29.796,114.61,0.0003790917800608231,0.003936160500220862,0.002738226522148935
1635776849806,2021-11-01T10:27:29.806,114.62,-1.7746370043315118e-05,0.005560327517884882,0.0011154220354829434
1635776849816,2021-11-01T10:27:29.816,114.63,-0.0006920086291836433,0.005942301599223512,-0.00014263131188060305
1635776849826,2021-11-01T10:27:29.826,114.64,-0.0013940764722726656,0.0046965042675766195,-0.0007579249074440024
1635776849836,2021-11-01T10:27:29.836,114.65,-0.0008892841473125612,0.0030269250874544328,-0.00012243239048979188
1635776849846,2021-11-01T10:27:29.846,114.66,0.000956616444086146,0.002326541457907202,0.0013094596512193562
1635776849856,2021-11-01T10:27:29.856,114.67,0.0022856260823317584,0.002138382227578519,0.0017629324712057114
1635776849866,2021-11-01T10:27:29.866,114.68,0.0017017221494825372,0.001432717365009169,0.0008803535627643637
1635776849876,2021-11-01T10:27:29.876,114.69,4.552674529399492e-05,0.0007391200360801299,0.00044116879909494525
1635776849886,2021-11-01T10:27:29.886,114.7,-0.0011758352022392293,0.0010058905567624256,0.0013855229450021234
1635776849896,2021-11-01T10:27:29.896,114.71,-0.001633357589381261,0.0016139268317632077,0.002373141976815993
1635776849906,2021-11-01T10:27:29.906,114.72,-0.0018146640927397082,0.0014757413476478637,0.002058975933230225
1635776849916,2021-11-01T10:27:29.916,114.73,-0.001987343903298298,0.000948930897181687,0.0009963411092687796
1635776849926,2021-11-01T10:27:29.926,114.74,-0.00204351778630493,0.0010432937468371848,0.00050460068646376
1635776849936,2021-11-01T10:27:29.936,114.75,-0.0017017996550999668,0.0017139450887638367,0.0008604609258611093
1635776849946,2021-11-01T10:27:29.946,114.76,-0.0006539311930642375,0.002289786699702446,0.00130892196821043
1635776849956,2021-11-01T10:27:29.956,114.77,0.0008983815466813511,0.002802959429915309,0.001118434481833042
1635776849966,2021-11-01T10:27:29.966,114.78,0.0019173102117804766,0.0033615914678188866,0.0002950135346160093
1635776849976,2021-11-01T10:27:29.976,114.79,0.0015156611267953652,0.002816024483947847,-0.00019974408576086666
1635776849986,2021-11-01T10:27:29.986,114.8,0.0001400813069411067,0.00043068859800966005,0.00071889592181242
1635776849996,2021-11-01T10:27:29.996,114.81,-0.0008613152679144441,-0.0014526060808107359,0.0025339201715214445
1635776850006,2021-11-01T10:27:30.006,114.82,-0.0005873256648555698,-2.381450526348517e-05,0.0032727320045691163
1635776850016,2021-11-01T10:27:30.016,114.83,0.0006832042064917374,0.0027695651208571037,0.002307043056399646
1635776850026,2021-11-01T10:27:30.026,114.84,0.0017005994551836238,0.002381884169931709,0.001525225597462698
1635776850036,2021-11-01T10:27:30.036,114.85,0.001446016431019804,-0.0009230593145678223,0.002517671758257614
1635776850046,2021-11-01T10:27:30.046,114.86,0.0003561368341768349,-0.0025801133916072217,0.004113743609471848
1635776850056,2021-11-01T10:27:30.056,114.87,-0.00038396558412733326,-0.0015694067926530948,0.004278074130305031
1635776850066,2021-11-01T10:27:30.066,114.88,-0.0007062721817428492,-0.0014630625829255954,0.0032511424065138107
1635776850076,2021-11-01T10:27:30.076,114.89,-0.0015160706928949393,-0.0035927289861059264,0.0028056227552695585
1635776850086,2021-11-01T10:27:30.086,114.9,-0.0026978006198356496,-0.005028956740173694,0.0032517442809795846
1635776850096,2021-11-01T10:27:30.096,114.91,-0.003054035305267618,-0.003812856487240517,0.0035284983870260012
1635776850106,2021-11-01T10:27:30.106,114.92,-0.0025611647682253014,-0.0016963716189159863,0.003506353416316935
1635776850116,2021-11-01T10:27:30.116,114.93,-0.0025422368745214277,-0.000630542703450478,0.0037072198878113157
1635776850126,2021-11-01T10:27:30.126,114.94,-0.003090834202266131,0.0003346224318643674,0.0034802166632367983
1635776850136,2021-11-01T10:27:30.136,114.95,-0.002820607464961447,0.002475067649833472,0.001884042664636675
1635776850146,2021-11-01T10:27:30.146,114.96,-0.0015698066778789923,0.0038774296383651085,-0.00021514277618292743
1635776850156,2021-11-01T10:27:30.156,114.97,-0.0006677141135358598,0.0023737549904956955,-0.001057853411607542
1635776850166,2021-11-01T10:27:30.166,114.98,-0.0003714262784063106,0.0006666712223153663,-0.0005169264265511694
1635776850176,2021-11-01T10:27:30.176,114.99,0.00034014329477404475,0.0028160434344167186,-1.8038383116613228e-05
1635776850186,2021-11-01T10:27:30.186,115.0,0.0014375761156022102,0.006238941491803243,-0.0003972866605799081
1635776850196,2021-11-01T10:27:30.196,115.01,0.0018831108359224134,0.004743591720165899,-0.00106377119060257
1635776850206,2021-11-01T10:27:30.206,115.02,0.0020593932494826013,-0.000404557129455431,-0.0011082051516644131
1635776850216,2021-11-01T10:27:30.216,115.03,0.0033787891700017203,-0.0015964449257957504,-0.0006011436021470386
1635776850226,2021-11-01T10:27:30.226,115.04,0.005220966203280657,0.00228352053045109,-0.0004008533042859263
1635776850236,2021-11-01T10:27:30.236,115.05,0.005419297369067571,0.00460085034577608,-0.0007336090724727533
1635776850246,2021-11-01T10:27:30.246,115.06,0.0041361156360831585,0.0036603255955397433,-0.0009326589217576526
1635776850256,2021-11-01T10:27:30.256,115.07,0.0037049751262250613,0.004906634717972838,-0.0008411169801528448
1635776850266,2021-11-01T10:27:30.266,115.08,0.004316488126221419,0.008368281324135073,-0.001171370295331785
1635776850276,2021-11-01T10:27:30.276,115.09,0.00378383526549434,0.006149815853612821,-0.0020903489876609067
1635776850286,2021-11-01T10:27:30.286,115.1,0.0018904722443414369,-0.0038800027995065283,-0.0026996090577888422
1635776850296,2021-11-01T10:27:30.296,115.11,0.0007689464074165733,-0.012616531845424606,-0.002398737425972997
1635776850306,2021-11-01T10:27:30.306,115.12,0.0007118089377828314,-0.012026067421123594,-0.0017856624556800904
1635776850316,2021-11-01T10:27:30.316,115.13,-9.0678825259926e-05,-0.004670206912416217,-0.0016511038509378249
1635776850326,2021-11-01T10:27:30.326,115.14,-0.0016742484745858094,0.0020951063036057007,-0.0018617253486146255
1635776850336,2021-11-01T10:27:30.336,115.15,-0.002250107569399913,0.004801323008683646,-0.0017867272802616664
1635776850346,2021-11-01T10:27:30.346,115.16,-0.0014267319370344922,0.0042057049242250205,-0.0012461087725331933
1635776850356,2021-11-01T10:27:30.356,115.17,-0.00013615697841095874,0.001708818781071908,-0.000693971620472202
1635776850366,2021-11-01T10:27:30.366,115.18,0.0011821750451287284,-0.0017851244460039722,-0.0006577124399936502
1635776850376,2021-11-01T10:27:30.376,115.19,0.0019467907334153837,-0.005069444717523146,-0.0010360324330037167
1635776850386,2021-11-01T10:27:30.386,115.2,0.0012601452509029658,-0.006533590853290498,-0.0012946169116503953
1635776850396,2021-11-01T10:27:30.396,115.21,-0.00013368757723308225,-0.005319182607124032,-0.0013515488665023661
1635776850406,2021-11-01T10:27:30.406,115.22,-0.00027268905004878646,-0.0021596406759770534,-0.0014203370803107748
1635776850416,2021-11-01T10:27:30.416,115.23,0.001017121103827697,0.00119967947136826,-0.0012985514380699946
1635776850426,2021-11-01T10:27:30.426,115.24,0.0020368881215201517,0.002985066801642209,-0.0008198263864558426
1635776850436,2021-11-01T10:27:30.436,115.25,0.0020399194698860115,0.002296557701042979,-0.00026554501663228914
1635776850446,2021-11-01T10:27:30.446,115.26,0.0018201306693810667,0.00014222102826940905,0.00022144473940381427
1635776850456,2021-11-01T10:27:30.456,115.27,0.0018502552357556484,-0.0013410045918535412,0.0004580459281792274
1635776850466,2021-11-01T10:27:30.466,115.28,0.0017780306018859854,-0.001789599042357033,-0.0002543249575198912
1635776850476,2021-11-01T10:27:30.476,115.29,0.0015163541284478736,-0.0030243250079545134,-0.0018386927973958337
1635776850486,2021-11-01T10:27:30.486,115.3,0.0014568487575255119,-0.005386698305071128,-0.0026766141645190563
1635776850496,2021-11-01T10:27:30.496,115.31,0.0016768591446322755,-0.006032148442787705,-0.001926760096839845
1635776850506,2021-11-01T10:27:30.506,115.32,0.0018349128180553476,-0.0027922314274067017,-0.001167702891199214
1635776850516,2021-11-01T10:27:30.516,115.33,0.0018690325722553528,0.002208818754587302,-0.0019331200665165874
1635776850526,2021-11-01T10:27:30.526,115.34,0.0019925771036839192,0.00497875781306451,-0.0031070746136870903
1635776850536,2021-11-01T10:27:30.536,115.35,0.0019891870155431153,0.004225374284594076,-0.00260799098366315
1635776850546,2021-11-01T10:27:30.546,115.36,0.001670942156706893,0.0016441478111854772,-0.0007959660869927743
1635776850556,2021-11-01T10:27:30.556,115.37,0.0018519587790161442,-0.0007089953352183065,-0.00022789190360074406
1635776850566,2021-11-01T10:27:30.566,115.38,0.003024661977865576,-0.0017204232114835245,-0.0018510095963233364
1635776850576,2021-11-01T10:27:30.576,115.39,0.003693102377637576,-0.001362370604730689,-0.003676863703846913
1635776850586,2021-11-01T10:27:30.586,115.4,0.002587315695893699,-0.00038075453458164834,-0.004139383403259982
1635776850596,2021-11-01T10:27:30.596,115.41,0.0012218546186671324,0.0008433093879315686,-0.0041790510213606516
1635776850606,2021-11-01T10:27:30.606,115.42,0.0012304046586547347,0.0022651079141246576,-0.00486785075430011
1635776850616,2021-11-01T10:27:30.616,115.43,0.0013390578974794268,0.002843657730366226,-0.005548348066923881
1635776850626,2021-11-01T10:27:30.626,115.44,9.811444507680381e-05,0.001673051692380155,-0.0054426112976556276
1635776850636,2021-11-01T10:27:30.636,115.45,-0.0012732772882836374,0.0002507028229734539,-0.005240353014204958
1635776850646,2021-11-01T10:27:30.646,115.46,-0.001479011073093276,0.0003491571815760526,-0.006082885606757293
1635776850656,2021-11-01T10:27:30.656,115.47,-0.0013973209181535485,0.0005583614381017286,-0.007828933264147866
1635776850666,2021-11-01T10:27:30.666,115.48,-0.0018175526215336835,-0.0013363459524840273,-0.009022718039314677
1635776850676,2021-11-01T10:27:30.676,115.49,-0.0018388331122443848,-0.0041384632333297654,-0.008302938383313967
1635776850686,2021-11-01T10:27:30.686,115.5,-0.0006331893026135444,-0.005000275536182791,-0.0057447146226472755
1635776850696,2021-11-01T10:27:30.696,115.51,0.001184856931530487,-0.0036013479761826954,-0.0031943148358672133
1635776850706,2021-11-01T10:27:30.706,115.52,0.0023407579972939325,-0.001871410087261236,-0.00276897924386074
1635776850716,2021-11-01T10:27:30.716,115.53,0.0023471601062739025,-0.0010482924038908794,-0.004325222177811278
1635776850726,2021-11-01T10:27:30.726,115.54,0.002234578786869459,-0.0006962157092777772,-0.005437200926582889
1635776850736,2021-11-01T10:27:30.736,115.55,0.0033149413746646874,-0.000172921196309306,-0.004636238988590292
1635776850746,2021-11-01T10:27:30.746,115.56,0.005053925709970179,-0.00011504794595083745,-0.0029862322723867227
1635776850756,2021-11-01T10:27:30.756,115.57,0.005633733578765103,-0.0015208936504913387,-0.0018145579179440709
1635776850766,2021-11-01T10:27:30.766,115.58,0.004734302184411005,-0.003878884577765991,-0.0012778537003888773
1635776850776,2021-11-01T10:27:30.776,115.59,0.003675122782241749,-0.005850447809873727,-0.001682763198635447
1635776850786,2021-11-01T10:27:30.786,115.6,0.0027362280024932277,-0.0069614465373802285,-0.0034715271402689244
1635776850796,2021-11-01T10:27:30.796,115.61,0.000966720932373263,-0.0070509268502913815,-0.005402549010501021
1635776850806,2021-11-01T10:27:30.806,115.62,-0.001143831001686622,-0.005809174577727182,-0.005259537543794474
1635776850816,2021-11-01T10:27:30.816,115.63,-0.0017527125833659571,-0.0041273192607401785,-0.0031385385280440535
1635776850826,2021-11-01T10:27:30.826,115.64,-0.0006784609944347187,-0.0035487368387889643,-0.0021833223324648652
1635776850836,2021-11-01T10:27:30.836,115.65,0.00041326765697466617,-0.003864680929751491,-0.004697128194558858
1635776850846,2021-11-01T10:27:30.846,115.66,0.0006464763921860744,-0.0038223719503821764,-0.008749502972709896
1635776850856,2021-11-01T10:27:30.856,115.67,0.00047061675732236994,-0.0037272621400114793,-0.010578653640535177
1635776850866,2021-11-01T10:27:30.866,115.68,0.0002188014948887388,-0.004761326703550171,-0.009281255227114614
1635776850876,2021-11-01T10:27:30.876,115.69,-0.0002473061264477778,-0.006687796917916725,-0.00700702587099724
1635776850886,2021-11-01T10:27:30.886,115.7,-0.0010100985021904432,-0.00819543906275921,-0.005865399683349561
1635776850896,2021-11-01T10:27:30.896,115.71,-0.0018666020996106997,-0.008480197423142016,-0.006396879969958556
1635776850906,2021-11-01T10:27:30.906,115.72,-0.0024857753358268394,-0.007547107641720478,-0.0076727718588899315
1635776850916,2021-11-01T10:27:30.916,115.73,-0.0027908015934067177,-0.0061339247591880005,-0.008099425422046051
1635776850926,2021-11-01T10:27:30.926,115.74,-0.0027390469543587146,-0.005537784614790541,-0.007237161882773006
1635776850936,2021-11-01T10:27:30.936,115.75,-0.0017700566246969262,-0.006203818085978307,-0.006436287981533045
1635776850946,2021-11-01T10:27:30.946,115.76,0.00021887499558796247,-0.006986597609923696,-0.00684923146911378
1635776850956,2021-11-01T10:27:30.956,115.77,0.0016084226497604973,-0.0075242400791910155,-0.007932656473975709
1635776850966,2021-11-01T10:27:30.966,115.78,0.0008471816328970625,-0.009753755058018867,-0.008583650142297599
1635776850976,2021-11-01T10:27:30.976,115.79,-0.0008139117738677434,-0.013789940466715698,-0.008569327584178553
1635776850986,2021-11-01T10:27:30.986,115.8,-0.0006541990831911017,-0.014745945154459877,-0.008334456476317451
1635776850996,2021-11-01T10:27:30.996,115.81,0.0018788388880078342,-0.009532162017755835,-0.008211799017480401
1635776851006,2021-11-01T10:27:31.006,115.82,0.004782230319098626,-0.004158938575895476,-0.008116839791204814
1635776851016,2021-11-01T10:27:31.016,115.83,0.006296088653612204,-0.005781378212247933,-0.007890621719997368
1635776851026,2021-11-01T10:27:31.026,115.84,0.00688970681296175,-0.01009286919952062,-0.007988283934793004
1635776851036,2021-11-01T10:27:31.036,115.85,0.008252238361455494,-0.007164951431967858,-0.009124665975180284
1635776851046,2021-11-01T10:27:31.046,115.86,0.010320054358911167,0.002252334952606569,-0.010614623235854137
1635776851056,2021-11-01T10:27:31.056,115.87,0.010763035315701485,0.007630706072658772,-0.010478414596850028
1635776851066,2021-11-01T10:27:31.066,115.88,0.008870452210585444,0.0049168842524296465,-0.008455216065918831
1635776851076,2021-11-01T10:27:31.076,115.89,0.007364837715163407,0.0006694132090083718,-0.007050226240477577
1635776851086,2021-11-01T10:27:31.086,115.9,0.007959053252981794,-0.0011864156856071348,-0.007860416692690443
1635776851096,2021-11-01T10:27:31.096,115.91,0.008489810519040842,-0.006146275886565597,-0.008958693222108412
1635776851106,2021-11-01T10:27:31.106,115.92,0.007056038054935638,-0.01818894906639066,-0.008109561634298785
1635776851116,2021-11-01T10:27:31.116,115.93,0.005202438669184301,-0.03016475602762547,-0.006618774413754242
1635776851126,2021-11-01T10:27:31.126,115.94,0.004718507448198387,-0.03169103216464368,-0.007273466496425451
1635776851136,2021-11-01T10:27:31.136,115.95,0.0048777330052950235,-0.02236727200837034,-0.009736422173764097
1635776851146,2021-11-01T10:27:31.146,115.96,0.004395675883729355,-0.011742966397460135,-0.01099114656028704
1635776851156,2021-11-01T10:27:31.156,115.97,0.0033308420527612894,-0.008184259186540603,-0.010023506699812761
1635776851166,2021-11-01T10:27:31.166,115.98,0.0023958973729114597,-0.011606137643328676,-0.009185836300034545
1635776851176,2021-11-01T10:27:31.176,115.99,0.0022159946866575535,-0.01648215065740878,-0.010338035502238808
1635776851186,2021-11-01T10:27:31.186,116.0,0.0035384114156175503,-0.018459021548395252,-0.011958170326388313
1635776851196,2021-11-01T10:27:31.196,116.01,0.007057055641315098,-0.017006092733512966,-0.011587683878860295
1635776851206,2021-11-01T10:27:31.206,116.02,0.012132389276360116,-0.014457925325351055,-0.009845145818137353
1635776851216,2021-11-01T10:27:31.216,116.03,0.016158704089831825,-0.013668043752516497,-0.009603139021210794
1635776851226,2021-11-01T10:27:31.226,116.04,0.01705955947377683,-0.014824084486867242,-0.011221311623932067
1635776851236,2021-11-01T10:27:31.236,116.05,0.01665459785387604,-0.015543055729463406,-0.011796333461497648
1635776851246,2021-11-01T10:27:31.246,116.06,0.01921159988675112,-0.015123854550848796,-0.010213089471336569
1635776851256,2021-11-01T10:27:31.256,116.07,0.025621835678177454,-0.01492370573065267,-0.009156821480604418
1635776851266,2021-11-01T10:27:31.266,116.08,0.03139439107654446,-0.014419871792395135,-0.0103704879991829
1635776851276,2021-11-01T10:27:31.276,116.09,0.03246102190495154,-0.012546895867124068,-0.011919807878398745
1635776851286,2021-11-01T10:27:31.286,116.1,0.030598975196792437,-0.011425759393900978,-0.01186444374499801
1635776851296,2021-11-01T10:27:31.296,116.11,0.029982379811689747,-0.01274934981301689,-0.010811189893583331
1635776851306,2021-11-01T10:27:31.306,116.12,0.030787429935624687,-0.014160716354124041,-0.009939185790202709
1635776851316,2021-11-01T10:27:31.316,116.13,0.030137004013063885,-0.014217429488107825,-0.009867674993789573
1635776851326,2021-11-01T10:27:31.326,116.14,0.02716485079930388,-0.01527898423920657,-0.011209921604566369
1635776851336,2021-11-01T10:27:31.336,116.15,0.02325764840466152,-0.01820276053129194,-0.013619446318433318
1635776851346,2021-11-01T10:27:31.346,116.16,0.019061630920449026,-0.020540702191936232,-0.015464927255398688
1635776851356,2021-11-01T10:27:31.356,116.17,0.014337820458923801,-0.0214169299278916,-0.016038163889731
1635776851366,2021-11-01T10:27:31.366,116.18,0.00941550074033555,-0.02258218018485363,-0.016505543552845503
1635776851376,2021-11-01T10:27:31.376,116.19,0.004800868195767916,-0.024735887852279276,-0.01799809253080476
1635776851386,2021-11-01T10:27:31.386,116.2,0.0006135167878530413,-0.02700882199370083,-0.02019248459553266
1635776851396,2021-11-01T10:27:31.396,116.21,-0.0025443057816746315,-0.029060615307915413,-0.022069769399372295
1635776851406,2021-11-01T10:27:31.406,116.22,-0.003802153661727338,-0.030860830708617754,-0.023093341451823533
1635776851416,2021-11-01T10:27:31.416,116.23,-0.003654687952629943,-0.031643226061527245,-0.023291744862299
1635776851426,2021-11-01T10:27:31.426,116.24,-0.0032147426257324967,-0.030530424411112096,-0.022788984627247127
1635776851436,2021-11-01T10:27:31.436,116.25,-0.0017261770621959049,-0.027091513010644334,-0.021645614298809367
1635776851446,2021-11-01T10:27:31.446,116.26,0.002358814505904439,-0.02110837976060545,-0.019832488955980034
1635776851456,2021-11-01T10:27:31.456,116.27,0.008123108320536917,-0.013111503824748344,-0.017549535116377246
1635776851466,2021-11-01T10:27:31.466,116.28,0.013132203617751397,-0.005343122202493816,-0.015774740349552667
1635776851476,2021-11-01T10:27:31.476,116.29,0.016881839965037844,-0.000906220955633804,-0.015385200544933055
1635776851486,2021-11-01T10:27:31.486,116.3,0.020478491026014282,-0.0008804902471853347,-0.015596020546902276
1635776851496,2021-11-01T10:27:31.496,116.31,0.0240608846649445,-0.0030781919727621548,-0.014623840177151444
1635776851506,2021-11-01T10:27:31.506,116.32,0.02683523351450596,-0.004793670783245054,-0.011672951862443166
1635776851516,2021-11-01T10:27:31.516,116.33,0.028636963984580557,-0.005649940934615872,-0.00761662088225511
1635776851526,2021-11-01T10:27:31.526,116.34,0.029855537825343947,-0.006760527140446285,-0.004317288024374588
1635776851536,2021-11-01T10:27:31.536,116.35,0.03042294389981614,-0.008406756283035126,-0.002894690508450105
1635776851546,2021-11-01T10:27:31.546,116.36,0.029951178844412278,-0.009330536954872959,-0.0023937491287389125
1635776851556,2021-11-01T10:27:31.556,116.37,0.028483268655505628,-0.008195829802200126,-0.0013849920052674868
1635776851566,2021-11-01T10:27:31.566,116.38,0.02623935320671325,-0.005959699653946231,-0.0002993373216696263
1635776851576,2021-11-01T10:27:31.576,116.39,0.023243727479857645,-0.005580429320820195,-0.0006072735246209768
1635776851586,2021-11-01T10:27:31.586,116.4,0.01988059658362912,-0.00835243980081334,-0.0027410535210981956
1635776851596,2021-11-01T10:27:31.596,116.41,0.01652591365280158,-0.012465427688603906,-0.005859283234442297
1635776851606,2021-11-01T10:27:31.606,116.42,0.012486045111865244,-0.01579328495920009,-0.008569652602042545
1635776851616,2021-11-01T10:27:31.616,116.43,0.007396329175575726,-0.017571826795190263,-0.009897858903314103
1635776851626,2021-11-01T10:27:31.626,116.44,0.003007752044620342,-0.017682386644354786,-0.010455744018974556
1635776851636,2021-11-01T10:27:31.636,116.45,0.0009904829045064944,-0.016747164194120413,-0.011672775781742653
1635776851646,2021-11-01T10:27:31.646,116.46,0.00039314894864366873,-0.015215363509771714,-0.013340817398995945
1635776851656,2021-11-01T10:27:31.656,116.47,-7.374006071099066e-05,-0.011388543042964579,-0.013720359672937874
1635776851666,2021-11-01T10:27:31.666,116.48,0.0006967934212347765,-0.004732422016670326,-0.012358709636268828
1635776851676,2021-11-01T10:27:31.676,116.49,0.0037333831136271787,-0.0004572078080186345,-0.010517354833935136
1635776851686,2021-11-01T10:27:31.686,116.5,0.006803084480117016,-0.003527768472159395,-0.008698250397023467
1635776851696,2021-11-01T10:27:31.696,116.51,0.006968843908393401,-0.009292496655195291,-0.006290965290485343
1635776851706,2021-11-01T10:27:31.706,116.52,0.004652722804869959,-0.00867657135759268,-0.003641761327551495
1635776851716,2021-11-01T10:27:31.716,116.53,0.002024152265216367,-0.002145705628194497,-0.00181201764633013
1635776851726,2021-11-01T10:27:31.726,116.54,-0.000471590694151866,0.0007339741694310897,-0.000349874537757714
1635776851736,2021-11-01T10:27:31.736,116.55,-0.002996054242937986,-0.002924147765001838,0.002318318750149336
1635776851746,2021-11-01T10:27:31.746,116.56,-0.004644652291439042,-0.0045255988636019,0.006383786338224817
1635776851756,2021-11-01T10:27:31.756,116.57,-0.005544024156965158,0.00031816665167310734,0.010253034274860837
1635776851766,2021-11-01T10:27:31.766,116.58,-0.007775273804449534,0.0029586377230761563,0.012641510335650608
1635776851776,2021-11-01T10:27:31.776,116.59,-0.012289520040251528,-0.003534203237044366,0.01412213979492414
1635776851786,2021-11-01T10:27:31.786,116.6,-0.01702491595903497,-0.011840806133996443,0.01597319197832454
1635776851796,2021-11-01T10:27:31.796,116.61,-0.01962952901001866,-0.012330523483393238,0.01769864014367345
1635776851806,2021-11-01T10:27:31.806,116.62,-0.02092938885637132,-0.008636886253462765,0.017621448372419874
1635776851816,2021-11-01T10:27:31.816,116.63,-0.023490588742395135,-0.010312458323408368,0.01657159673564508
1635776851826,2021-11-01T10:27:31.826,116.64,-0.026644843460736558,-0.015426246002873296,0.017305130656901146
1635776851836,2021-11-01T10:27:31.836,116.65,-0.026416279994161893,-0.0125032477861683,0.018857552205547294
1635776851846,2021-11-01T10:27:31.846,116.66,-0.021842679227939664,0.001433371653649265,0.016946430073602095
1635776851856,2021-11-01T10:27:31.856,116.67,-0.01702204898709346,0.016031103018202344,0.011796067163187082
1635776851866,2021-11-01T10:27:31.866,116.68,-0.014606437688809596,0.022684278481854447,0.009071064228858578
1635776851876,2021-11-01T10:27:31.876,116.69,-0.012160824898307575,0.025349944716791098,0.011263170323352705
1635776851886,2021-11-01T10:27:31.886,116.7,-0.007665747182406163,0.032669572790118735,0.014042131390651623
1635776851896,2021-11-01T10:27:31.896,116.71,-0.0036960095895802007,0.04526935104206051,0.012614163347364066
1635776851906,2021-11-01T10:27:31.906,116.72,-0.003259879218165631,0.055297561276113544,0.007856605916912285
1635776851916,2021-11-01T10:27:31.916,116.73,-0.005441988292442096,0.05661781156959299,0.004757059581679181
1635776851926,2021-11-01T10:27:31.926,116.74,-0.007574079701298424,0.05165177237827958,0.0060412829818576146
1635776851936,2021-11-01T10:27:31.936,116.75,-0.009128407905903527,0.04643488917160203,0.009127760782826656
1635776851946,2021-11-01T10:27:31.946,116.76,-0.011625975841168219,0.041919374118820935,0.010363482219481383
1635776851956,2021-11-01T10:27:31.956,116.77,-0.0157552815568685,0.035163881181775505,0.01013235585068872
1635776851966,2021-11-01T10:27:31.966,116.78,-0.019989450955738855,0.0271899676737,0.011179434927628035
1635776851976,2021-11-01T10:27:31.976,116.79,-0.022543270214664082,0.02256049503507824,0.013601244355471394
1635776851986,2021-11-01T10:27:31.986,116.8,-0.023896816957219708,0.021555299534514315,0.015047189885318016
1635776851996,2021-11-01T10:27:31.996,116.81,-0.026028158756739618,0.019445527051384453,0.015234331814604533
1635776852006,2021-11-01T10:27:32.006,116.82,-0.029451009599864172,0.013796040706190591,0.01638245393584677
1635776852016,2021-11-01T10:27:32.016,116.83,-0.03248859527501191,0.007429377190752853,0.018987330432250423
1635776852026,2021-11-01T10:27:32.026,116.84,-0.033377136641355026,0.00387746860873681,0.02072606190776596
1635776852036,2021-11-01T10:27:32.036,116.85,-0.03189306907509425,0.003302533611788317,0.019933872560319397
1635776852046,2021-11-01T10:27:32.046,116.86,-0.02904075297288415,0.0039050906413231903,0.01783619122001949
1635776852056,2021-11-01T10:27:32.056,116.87,-0.02584716168907883,0.006402288499568361,0.01716565634172854
1635776852066,2021-11-01T10:27:32.066,116.88,-0.022284146674457914,0.01483992268123973,0.018906984259553845
1635776852076,2021-11-01T10:27:32.076,116.89,-0.017710884911382563,0.029971688220585047,0.020478779753020367
1635776852086,2021-11-01T10:27:32.086,116.9,-0.012975532176072883,0.04401117681300615,0.018847073796379715
1635776852096,2021-11-01T10:27:32.096,116.91,-0.010562529828645615,0.04828074958841901,0.015120689898650272
1635776852106,2021-11-01T10:27:32.106,116.92,-0.011328376944783718,0.044938382590642756,0.012827803707636441
1635776852116,2021-11-01T10:27:32.116,116.93,-0.013027238681848448,0.043447383526472844,0.0122660084714072
1635776852126,2021-11-01T10:27:32.126,116.94,-0.013582464569004724,0.04644045023149436,0.010722611171927871
1635776852136,2021-11-01T10:27:32.136,116.95,-0.013874863643321777,0.048049098314209074,0.007789454699954048
1635776852146,2021-11-01T10:27:32.146,116.96,-0.015867587526424965,0.04596290597213125,0.0059115284249186325
1635776852156,2021-11-01T10:27:32.156,116.97,-0.01967480441775314,0.04527767828565539,0.005715296819530047
1635776852166,2021-11-01T10:27:32.166,116.98,-0.023855420767768788,0.04824883059493027,0.005369667484393459
1635776852176,2021-11-01T10:27:32.176,116.99,-0.02744661006542521,0.048681912928329706,0.004958038238611295
1635776852186,2021-11-01T10:27:32.186,117.0,-0.030659507624471727,0.04077025740893779,0.007023601362481495
1635776852196,2021-11-01T10:27:32.196,117.01,-0.03403591417697055,0.028095104625149303,0.012003935237398004
1635776852206,2021-11-01T10:27:32.206,117.02,-0.03714008173416931,0.018911728390373098,0.017113332081295944
1635776852216,2021-11-01T10:27:32.216,117.03,-0.03811285242787585,0.015231161456026068,0.020622912459198076
1635776852226,2021-11-01T10:27:32.226,117.04,-0.03525393105968145,0.01201940648898531,0.02382843696513673
1635776852236,2021-11-01T10:27:32.236,117.05,-0.029029267667501777,0.007117424063071697,0.028040038584661725
1635776852246,2021-11-01T10:27:32.246,117.06,-0.021569242002305526,0.005926983657901317,0.03259106800225076
1635776852256,2021-11-01T10:27:32.256,117.07,-0.014251005261061208,0.013036139604549636,0.03647695949845063
1635776852266,2021-11-01T10:27:32.266,117.08,-0.006924539392850959,0.024221496556755484,0.039610264657550597
1635776852276,2021-11-01T10:27:32.276,117.09,8.228014997045609e-05,0.03174727992963437,0.04187334491368734
1635776852286,2021-11-01T10:27:32.286,117.1,0.004661673416853535,0.03392830343015246,0.042377202457267046
1635776852296,2021-11-01T10:27:32.296,117.11,0.0050924827334426215,0.03463129399065036,0.040272856645537966
1635776852306,2021-11-01T10:27:32.306,117.12,0.002352067523618286,0.036450181990670086,0.035936240051685914
1635776852316,2021-11-01T10:27:32.316,117.13,-0.0013791041568967561,0.03880076105885339,0.030683204608107223
1635776852326,2021-11-01T10:27:32.326,117.14,-0.005481898491063727,0.040855553772254596,0.025324481102958263
1635776852336,2021-11-01T10:27:32.336,117.15,-0.01095985692096535,0.04330114697841702,0.020234902777530584
1635776852346,2021-11-01T10:27:32.346,117.16,-0.018685068881381328,0.04762628382875017,0.016369518530120725
1635776852356,2021-11-01T10:27:32.356,117.17,-0.028159720332271838,0.05395412363117567,0.014003671844047707
1635776852366,2021-11-01T10:27:32.366,117.18,-0.037551703215754545,0.05906397591717455,0.011498747859786471
1635776852376,2021-11-01T10:27:32.376,117.19,-0.04537247783371949,0.0584227564443434,0.007902765066253719
1635776852386,2021-11-01T10:27:32.386,117.2,-0.05217641424243061,0.05155846510167126,0.005157773065980562
1635776852396,2021-11-01T10:27:32.396,117.21,-0.059059294549961866,0.04312118336652446,0.005324495490175706
1635776852406,2021-11-01T10:27:32.406,117.22,-0.06443521574138268,0.0374028697749458,0.00766677051523058
1635776852416,2021-11-01T10:27:32.416,117.23,-0.06474346235016525,0.03436690400678722,0.010528699557838788
1635776852426,2021-11-01T10:27:32.426,117.24,-0.05899839565381171,0.032053718802626294,0.013995440408746401
1635776852436,2021-11-01T10:27:32.436,117.25,-0.050360166488850056,0.030270720140781072,0.01905139590497072
1635776852446,2021-11-01T10:27:32.446,117.26,-0.04223745513339386,0.030869799809110934,0.02559428809847962
1635776852456,2021-11-01T10:27:32.456,117.27,-0.03469050249951455,0.03612210437840399,0.032214876120232314
1635776852466,2021-11-01T10:27:32.466,117.28,-0.026109533031460724,0.046625702726012096,0.037475630616014444
1635776852476,2021-11-01T10:27:32.476,117.29,-0.01718905106245744,0.0591294154442846,0.04122062295891115
1635776852486,2021-11-01T10:27:32.486,117.3,-0.01106641155765987,0.06781476000538739,0.044200803906333325
1635776852496,2021-11-01T10:27:32.496,117.31,-0.009642511225683175,0.06964759524306904,0.0465104266697822
1635776852506,2021-11-01T10:27:32.506,117.32,-0.011785603075575692,0.06677095135076216,0.0475171672610611
1635776852516,2021-11-01T10:27:32.516,117.33,-0.015295618340772761,0.06280747966119654,0.046959747997057245
1635776852526,2021-11-01T10:27:32.526,117.34,-0.018898830149047065,0.0594318533145463,0.044818106726401616
1635776852536,2021-11-01T10:27:32.536,117.35,-0.022615137045698515,0.05684507277465001,0.04107371137038844
1635776852546,2021-11-01T10:27:32.546,117.36,-0.027582062007273415,0.054947020684412366,0.036949923967062974
1635776852556,2021-11-01T10:27:32.556,117.37,-0.034814636173349074,0.05371455359846912,0.034759816568304916
1635776852566,2021-11-01T10:27:32.566,117.38,-0.04366159583976588,0.05302073989381513,0.035095487416191826
1635776852576,2021-11-01T10:27:32.576,117.39,-0.05249709104824744,0.05102667263645302,0.036197320468107246
1635776852586,2021-11-01T10:27:32.586,117.4,-0.06021284625651295,0.04424392540833263,0.03703279447355625
1635776852596,2021-11-01T10:27:32.596,117.41,-0.0659102028570423,0.03251437250831196,0.038223676699740035
1635776852606,2021-11-01T10:27:32.606,117.42,-0.06861919972802627,0.021510841497755527,0.03948687792897187
1635776852616,2021-11-01T10:27:32.616,117.43,-0.06835775838218247,0.015814379013537008,0.039825705759014195
1635776852626,2021-11-01T10:27:32.626,117.44,-0.06594867083346438,0.01341286145859287,0.04062807642630591
1635776852636,2021-11-01T10:27:32.636,117.45,-0.0612917199636297,0.01210129244456984,0.04422078319184214
1635776852646,2021-11-01T10:27:32.646,117.46,-0.05391569008038828,0.014907030535875264,0.048863749403954104
1635776852656,2021-11-01T10:27:32.656,117.47,-0.04614714232893323,0.022646081848394457,0.05001210316044216
1635776852666,2021-11-01T10:27:32.666,117.48,-0.042838557561593604,0.028533254227056937,0.04717951932226415
1635776852676,2021-11-01T10:27:32.676,117.49,-0.0452449777879502,0.027441887038171485,0.04451906029758708
1635776852686,2021-11-01T10:27:32.686,117.5,-0.04790053130559606,0.023591846789572143,0.0438611037530609
1635776852696,2021-11-01T10:27:32.696,117.51,-0.046079643296448536,0.0225510234307962,0.04239381080754656
1635776852706,2021-11-01T10:27:32.706,117.52,-0.04401105326093714,0.022355679680980456,0.03822991624106856
1635776852716,2021-11-01T10:27:32.716,117.53,-0.04910119043352991,0.019310985638315764,0.032802409985325465
1635776852726,2021-11-01T10:27:32.726,117.54,-0.0591449211144696,0.0169520061928151,0.026671646819856513
1635776852736,2021-11-01T10:27:32.736,117.55,-0.06407156486691337,0.021195270916663185,0.01878787929882391
1635776852746,2021-11-01T10:27:32.746,117.56,-0.06179190792744027,0.029132648791838595,0.01079155859303987
1635776852756,2021-11-01T10:27:32.756,117.57,-0.06138293810716098,0.03044834922477331,0.006330762937125868
1635776852766,2021-11-01T10:27:32.766,117.58,-0.06625014847088713,0.0203635408017213,0.005747046748273725
1635776852776,2021-11-01T10:27:32.776,117.59,-0.06751810978294719,0.005433972028996602,0.006050594337263777
1635776852786,2021-11-01T10:27:32.786,117.6,-0.0605800917611375,-0.00449857478386547,0.005529529016247781
1635776852796,2021-11-01T10:27:32.796,117.61,-0.05311876832743331,-0.00537421995540866,0.004979019564749836
1635776852806,2021-11-01T10:27:32.806,117.62,-0.04992844789020523,0.00113151904232547,0.005415658778169435
1635776852816,2021-11-01T10:27:32.816,117.63,-0.044576667459704074,0.011348904408029225,0.006751198387454917
1635776852826,2021-11-01T10:27:32.826,117.64,-0.03151674631904326,0.019966859885018624,0.008134241205690871
1635776852836,2021-11-01T10:27:32.836,117.65,-0.013993025635774311,0.02078519498575116,0.008926483645907727
1635776852846,2021-11-01T10:27:32.846,117.66,0.003218447093889956,0.012493208659359399,0.009382338353694963
1635776852856,2021-11-01T10:27:32.856,117.67,0.01943852894872172,0.0023296394696208414,0.009762569862818767
1635776852866,2021-11-01T10:27:32.866,117.68,0.0347749663864004,-0.0016735686359368872,0.009274507463995925
1635776852876,2021-11-01T10:27:32.876,117.69,0.04693339749247406,-0.0020105748938363897,0.007459591708392414
1635776852886,2021-11-01T10:27:32.886,117.7,0.052719415912632434,-0.007956531180907037,0.005512076482711469
1635776852896,2021-11-01T10:27:32.896,117.71,0.05183604216790122,-0.019126902968477244,0.003964710945501057
1635776852906,2021-11-01T10:27:32.906,117.72,0.048878709717233966,-0.023057946271188734,0.0010790601027109502
1635776852916,2021-11-01T10:27:32.916,117.73,0.0495400393804345,-0.01392494375520889,-0.0036398801739936744
1635776852926,2021-11-01T10:27:32.926,117.74,0.05452685866649727,-0.0025506268463768474,-0.007187382122517202
1635776852936,2021-11-01T10:27:32.936,117.75,0.05966684644344879,-0.0008614016476092443,-0.007430874546785086
1635776852946,2021-11-01T10:27:32.946,117.76,0.06133518695461532,-0.007124998004160121,-0.006472677424078429
1635776852956,2021-11-01T10:27:32.956,117.77,0.05899410493645617,-0.013919314532153206,-0.006846811791230558
1635776852966,2021-11-01T10:27:32.966,117.78,0.0536935211049337,-0.019880446837807812,-0.008051175337677447
1635776852976,2021-11-01T10:27:32.976,117.79,0.04696778148339633,-0.025469274223917794,-0.00909957078322567
1635776852986,2021-11-01T10:27:32.986,117.8,0.040279990129452596,-0.027574932786770933,-0.010296110739901608
1635776852996,2021-11-01T10:27:32.996,117.81,0.033955299338746484,-0.027238667698910788,-0.011103464073983828
1635776853006,2021-11-01T10:27:33.006,117.82,0.02783037234938531,-0.032732009152063174,-0.010806955041376687
1635776853016,2021-11-01T10:27:33.016,117.83,0.023136571681254423,-0.04604394629298093,-0.011179108227220777
1635776853026,2021-11-01T10:27:33.026,117.84,0.02176669994550467,-0.05676643894587438,-0.013912876035532078
1635776853036,2021-11-01T10:27:33.036,117.85,0.023567450917254075,-0.05735060901125261,-0.01708352543165093
1635776853046,2021-11-01T10:27:33.046,117.86,0.02596630094825203,-0.05319481560340002,-0.01831581192722176
1635776853056,2021-11-01T10:27:33.056,117.87,0.026430835467069667,-0.051834664154880916,-0.018970073441542463
1635776853066,2021-11-01T10:27:33.066,117.88,0.024614639728864025,-0.053698677008877774,-0.021766248776971003
1635776853076,2021-11-01T10:27:33.076,117.89,0.022362013537003407,-0.05698991270805463,-0.026765667888121767
1635776853086,2021-11-01T10:27:33.086,117.9,0.0221224216184591,-0.061489420348546965,-0.03240188185685222
1635776853096,2021-11-01T10:27:33.096,117.91,0.02509380376339292,-0.06590972392414722,-0.03786658646606682
1635776853106,2021-11-01T10:27:33.106,117.92,0.03058590731129229,-0.06814953835119483,-0.04195098574320755
1635776853116,2021-11-01T10:27:33.116,117.93,0.037523975609909915,-0.0676064063826008,-0.04284209344009289
1635776853126,2021-11-01T10:27:33.126,117.94,0.04605207579689544,-0.0645559886333418,-0.04176675958267335
1635776853136,2021-11-01T10:27:33.136,117.95,0.05630676967036432,-0.06027897205816783,-0.04250435284882205
1635776853146,2021-11-01T10:27:33.146,117.96,0.06684015683461761,-0.057858430482110576,-0.04497130680251749
1635776853156,2021-11-01T10:27:33.156,117.97,0.07618149601686511,-0.0584626179453612,-0.044837254909073386
1635776853166,2021-11-01T10:27:33.166,117.98,0.08367128886405491,-0.05853306478279764,-0.04098686389399897
1635776853176,2021-11-01T10:27:33.176,117.99,0.08733233185606237,-0.05537544850390078,-0.03719791752995058
1635776853186,2021-11-01T10:27:33.186,118.0,0.08514583626902616,-0.05270282575099257,-0.03591763500621727
1635776853196,2021-11-01T10:27:33.196,118.01,0.07968200658571441,-0.05542963543861845,-0.035995461598487453
1635776853206,2021-11-01T10:27:33.206,118.02,0.07653427700843804,-0.06108908983605818,-0.03610649400849178
1635776853216,2021-11-01T10:27:33.216,118.03,0.07769041157648152,-0.06219499944987418,-0.036003009718192654
1635776853226,2021-11-01T10:27:33.226,118.04,0.08076809232978065,-0.05746453154943546,-0.03530038742038497
1635776853236,2021-11-01T10:27:33.236,118.05,0.08353254997315634,-0.054279712544242936,-0.0340364533452244
1635776853246,2021-11-01T10:27:33.246,118.06,0.08533809433346466,-0.05683421957149784,-0.03332718399387909
1635776853256,2021-11-01T10:27:33.256,118.07,0.08613019800403166,-0.0595606105202691,-0.033401728026503145
1635776853266,2021-11-01T10:27:33.266,118.08,0.0866567277827183,-0.05819687783850389,-0.03259606815932806
1635776853276,2021-11-01T10:27:33.276,118.09,0.08765407260926061,-0.058093739072498214,-0.03044254941645434
1635776853286,2021-11-01T10:27:33.286,118.1,0.08799482453645882,-0.06342108699033935,-0.029518953918292068
1635776853296,2021-11-01T10:27:33.296,118.11,0.0859655811500313,-0.06837385915252836,-0.031576947937009894
1635776853306,2021-11-01T10:27:33.306,118.12,0.08224723539820156,-0.06789974297234323,-0.034566054914928715
1635776853316,2021-11-01T10:27:33.316,118.13,0.07903157832530466,-0.06650054507732955,-0.036230198065521524
1635776853326,2021-11-01T10:27:33.326,118.14,0.07637950411012309,-0.0688946411221612,-0.037522981890348056
1635776853336,2021-11-01T10:27:33.336,118.15,0.07229629737996038,-0.07213639709479719,-0.03987138971413666
1635776853346,2021-11-01T10:27:33.346,118.16,0.06673530473182543,-0.07178106174212318,-0.04210203124124777
1635776853356,2021-11-01T10:27:33.356,118.17,0.06236310235220124,-0.06787347502534095,-0.042613581100870435
1635776853366,2021-11-01T10:27:33.366,118.18,0.06028654416285273,-0.06337740051218807,-0.04235181929043215
1635776853376,2021-11-01T10:27:33.376,118.19,0.05831527730587385,-0.061487984702191384,-0.04319088219675011
1635776853386,2021-11-01T10:27:33.386,118.2,0.05483735662195412,-0.0632916798043757,-0.044642943475006726
1635776853396,2021-11-01T10:27:33.396,118.21,0.051182430266129994,-0.06616262437017714,-0.044632411563516966
1635776853406,2021-11-01T10:27:33.406,118.22,0.04925015674805128,-0.06695210005846586,-0.043021818905392674
1635776853416,2021-11-01T10:27:33.416,118.23,0.0499649435002847,-0.06621446299203518,-0.04165474133979851
1635776853426,2021-11-01T10:27:33.426,118.24,0.05352623725826744,-0.0660215605679862,-0.04072585659813762
1635776853436,2021-11-01T10:27:33.436,118.25,0.05763725059260351,-0.06615243986314748,-0.0380379064985012
1635776853446,2021-11-01T10:27:33.446,118.26,0.05826338582045684,-0.06662053365182562,-0.03298170692033142
1635776853456,2021-11-01T10:27:33.456,118.27,0.05646448065619885,-0.06963551365507402,-0.028778066095183193
1635776853466,2021-11-01T10:27:33.466,118.28,0.05916732170714198,-0.07336819389364586,-0.028698830174699295
1635776853476,2021-11-01T10:27:33.476,118.29,0.06825604483709384,-0.06951659366193635,-0.03182987580451028
1635776853486,2021-11-01T10:27:33.486,118.3,0.07571553733192998,-0.05549249606554517,-0.03539360779604048
1635776853496,2021-11-01T10:27:33.496,118.31,0.07398395237496853,-0.04370419188238551,-0.03921302490440403
1635776853506,2021-11-01T10:27:33.506,118.32,0.06487534563190661,-0.04721398195396314,-0.04389825662903967
1635776853516,2021-11-01T10:27:33.516,118.33,0.05584964170893316,-0.05907534313769694,-0.04741256619999381
1635776853526,2021-11-01T10:27:33.526,118.34,0.05175185850484717,-0.05991928561109708,-0.04810519665175136
1635776853536,2021-11-01T10:27:33.536,118.35,0.05071357953226424,-0.045910021363074316,-0.047772971910316056
1635776853546,2021-11-01T10:27:33.546,118.36,0.04708233937587271,-0.03281325199818412,-0.04793204993813799
1635776853556,2021-11-01T10:27:33.556,118.37,0.039321943489324294,-0.030152945507876838,-0.04721604865541307
1635776853566,2021-11-01T10:27:33.566,118.38,0.03226674683981022,-0.02965764339891594,-0.044922204497559515
1635776853576,2021-11-01T10:27:33.576,118.39,0.029398064608458424,-0.023750528769250052,-0.04273962112094713
1635776853586,2021-11-01T10:27:33.586,118.4,0.02854647255008444,-0.017697176248733577,-0.04132788289014895
1635776853596,2021-11-01T10:27:33.596,118.41,0.027618733204685476,-0.017813391070708895,-0.03876644342866863
1635776853606,2021-11-01T10:27:33.606,118.42,0.02737186670143827,-0.02208829896020162,-0.03398041516390464
1635776853616,2021-11-01T10:27:33.616,118.43,0.02660004447620272,-0.027214671918427684,-0.02947115408113051
1635776853626,2021-11-01T10:27:33.626,118.44,0.02175039748935001,-0.03373503143190313,-0.02832701617629172
1635776853636,2021-11-01T10:27:33.636,118.45,0.012665341455906793,-0.04026511206880235,-0.029520696799385023
1635776853646,2021-11-01T10:27:33.646,118.46,0.003236305392509755,-0.04120337758776338,-0.02955544642832829
1635776853656,2021-11-01T10:27:33.656,118.47,-0.003594275923214512,-0.03504167698459203,-0.02818750906134368
1635776853666,2021-11-01T10:27:33.666,118.48,-0.007620215532329524,-0.02967730586956691,-0.027578409128588076
1635776853676,2021-11-01T10:27:33.676,118.49,-0.009350075613950576,-0.03301522837690901,-0.026347161937652762
1635776853686,2021-11-01T10:27:33.686,118.5,-0.00874176239260961,-0.03985025536591755,-0.021344166992254724
1635776853696,2021-11-01T10:27:33.696,118.51,-0.0054159573696702466,-0.03697160545147508,-0.015062543027400597
1635776853706,2021-11-01T10:27:33.706,118.52,-0.00039991263818010055,-0.023605069071712767,-0.013204234599872694
1635776853716,2021-11-01T10:27:33.716,118.53,0.002545606178755105,-0.01440793754915978,-0.015482287140625842
1635776853726,2021-11-01T10:27:33.726,118.54,0.0005636083447910957,-0.01588870503794089,-0.017187082466637492
1635776853736,2021-11-01T10:27:33.736,118.55,-0.0038084845539238577,-0.015556917868128678,-0.017744855738906964
1635776853746,2021-11-01T10:27:33.746,118.56,-0.006061326700270039,-0.004206989087881078,-0.019414341812435315
1635776853756,2021-11-01T10:27:33.756,118.57,-0.006110910136886546,0.007952543311054468,-0.020919457261192285
1635776853766,2021-11-01T10:27:33.766,118.58,-0.007018218966149134,0.00888772696286058,-0.019681840937858047
1635776853776,2021-11-01T10:27:33.776,118.59,-0.009842673050130504,0.0033104491843304255,-0.01663453584579322
1635776853786,2021-11-01T10:27:33.786,118.6,-0.013517919546337444,0.0027553723712226454,-0.014024910269014118
1635776853796,2021-11-01T10:27:33.796,118.61,-0.01755796334935429,0.008323601616176542,-0.012403076044991211
1635776853806,2021-11-01T10:27:33.806,118.62,-0.02246682702326683,0.01218525750448034,-0.01178992683055493
1635776853816,2021-11-01T10:27:33.816,118.63,-0.028593133362397376,0.010038073056460216,-0.01177008425135858
1635776853826,2021-11-01T10:27:33.826,118.64,-0.03528140907468631,0.005949790773845688,-0.010874567900595614
1635776853836,2021-11-01T10:27:33.836,118.65,-0.041220951418911106,0.006094854042149364,-0.009373252263312827
1635776853846,2021-11-01T10:27:33.846,118.66,-0.04579130750450423,0.010744286797627156,-0.009583098663222885
1635776853856,2021-11-01T10:27:33.856,118.67,-0.04884812800272621,0.01464259520685997,-0.010683740208435322
1635776853866,2021-11-01T10:27:33.866,118.68,-0.04911221411169482,0.014674364279275758,-0.008792097668067295
1635776853876,2021-11-01T10:27:33.876,118.69,-0.04511050170928843,0.013158224821175332,-0.004063108776441833
1635776853886,2021-11-01T10:27:33.886,118.7,-0.037953027067792605,0.012800875604207701,-0.0006414521946552535
1635776853896,2021-11-01T10:27:33.896,118.71,-0.030852757157429668,0.013496928923528117,0.0010315561579395387
1635776853906,2021-11-01T10:27:33.906,118.72,-0.025812532759032177,0.01589549328733566,0.0041025067548065555
1635776853916,2021-11-01T10:27:33.916,118.73,-0.022848153451623127,0.022136866538315977,0.008078877235111215
1635776853926,2021-11-01T10:27:33.926,118.74,-0.022127570841152796,0.030052077859448287,0.009079960708057899
1635776853936,2021-11-01T10:27:33.936,118.75,-0.024202972391099288,0.032938308798960626,0.006312149454432584
1635776853946,2021-11-01T10:27:33.946,118.76,-0.027883260873850162,0.028931705367605788,0.002847770250503456
1635776853956,2021-11-01T10:27:33.956,118.77,-0.030623520048666864,0.0245374220860081,0.0014023097758301016
1635776853966,2021-11-01T10:27:33.966,118.78,-0.03184068586073321,0.025404599184205075,0.0026465424886837514
1635776853976,2021-11-01T10:27:33.976,118.79,-0.03349642408362641,0.02977839835507798,0.0058377912588330515
1635776853986,2021-11-01T10:27:33.986,118.8,-0.03660041636243496,0.03355002927304611,0.009151334433249276
1635776853996,2021-11-01T10:27:33.996,118.81,-0.03940575126303305,0.03504817711705376,0.011018401535116773
1635776854006,2021-11-01T10:27:34.006,118.82,-0.040151308016829285,0.0327515690927504,0.011939503109898882
1635776854016,2021-11-01T10:27:34.016,118.83,-0.039652244122438764,0.02486984043402423,0.013594708038017638
1635776854026,2021-11-01T10:27:34.026,118.84,-0.03957194923522973,0.013817635521051648,0.016353493673880407
1635776854036,2021-11-01T10:27:34.036,118.85,-0.039500974009656645,0.0063633818163947795,0.01907475526426393
1635776854046,2021-11-01T10:27:34.046,118.86,-0.03796777348111339,0.006299076018085027,0.02080638331411189
1635776854056,2021-11-01T10:27:34.056,118.87,-0.03534073519403319,0.00950198108417799,0.021570443948117544
1635776854066,2021-11-01T10:27:34.066,118.88,-0.03270055622524083,0.009991640291575073,0.02198085632292132
1635776854076,2021-11-01T10:27:34.076,118.89,-0.028829387646435226,0.00923250321573451,0.022331918879032235
1635776854086,2021-11-01T10:27:34.086,118.9,-0.02217514342845244,0.01316509731481964,0.021743788549266244
1635776854096,2021-11-01T10:27:34.096,118.91,-0.014712986310848514,0.021167166358687848,0.019210575441004872
1635776854106,2021-11-01T10:27:34.106,118.92,-0.009805513274686251,0.02746176236312029,0.015691485820842184
1635776854116,2021-11-01T10:27:34.116,118.93,-0.007505317436510792,0.0326452542100982,0.013282269874234845
1635776854126,2021-11-01T10:27:34.126,118.94,-0.005530866560168511,0.04181255666015405,0.012485124663532951
1635776854136,2021-11-01T10:27:34.136,118.95,-0.003392681201506192,0.05195796838884301,0.012277609698586822
1635776854146,2021-11-01T10:27:34.146,118.96,-0.002482722106181846,0.054472499751145514,0.011984255942563202
1635776854156,2021-11-01T10:27:34.156,118.97,-0.0032513159792259107,0.04974529630492291,0.011410405300846086
1635776854166,2021-11-01T10:27:34.166,118.98,-0.00484330563219735,0.04651467879267685,0.010346464608081453
1635776854176,2021-11-01T10:27:34.176,118.99,-0.006978434707859998,0.047224236166685696,0.00914767403057188
1635776854186,2021-11-01T10:27:34.186,119.0,-0.010197237259804513,0.04596625238513062,0.008953935196740793
1635776854196,2021-11-01T10:27:34.196,119.01,-0.014489907046845881,0.04065997554305725,0.010486443954384007
1635776854206,2021-11-01T10:27:34.206,119.02,-0.01940214880349129,0.036012456607162686,0.012919764489093218
1635776854216,2021-11-01T10:27:34.216,119.03,-0.025219803080987806,0.03335979951047783,0.014675898682417199
1635776854226,2021-11-01T10:27:34.226,119.04,-0.032391144140471256,0.027397347861754157,0.015127517014065114
1635776854236,2021-11-01T10:27:34.236,119.05,-0.04000883134872592,0.0155738092193548,0.014732364770166827
1635776854246,2021-11-01T10:27:34.246,119.06,-0.04605491653097746,0.0031203198953533816,0.014138162860631655
1635776854256,2021-11-01T10:27:34.256,119.07,-0.048993736777012686,-0.0042201756002651514,0.013948889329979121
1635776854266,2021-11-01T10:27:34.266,119.08,-0.048641126677988006,-0.006466725609091695,0.014423485901342223
1635776854276,2021-11-01T10:27:34.276,119.09,-0.045528453057262636,-0.005644972162516856,0.015080962353227504
1635776854286,2021-11-01T10:27:34.286,119.1,-0.03998396127696535,-0.0010613298637451342,0.015231012751224607
1635776854296,2021-11-01T10:27:34.296,119.11,-0.0327580383987819,0.008112541406359728,0.014333940026761922
1635776854306,2021-11-01T10:27:34.306,119.12,-0.025618152291614647,0.01913881217349888,0.012093485714575263
1635776854316,2021-11-01T10:27:34.316,119.13,-0.01927609810929858,0.02838402391352037,0.009431342976339418
1635776854326,2021-11-01T10:27:34.326,119.14,-0.011952508004981318,0.035774851101870814,0.008076099817149206
1635776854336,2021-11-01T10:27:34.336,119.15,-0.002359659470129031,0.043555494384724294,0.007872946008228084
1635776854346,2021-11-01T10:27:34.346,119.16,0.007397446716845923,0.052041850073257456,0.006739216552303917
1635776854356,2021-11-01T10:27:34.356,119.17,0.014118380278372741,0.059086495006009584,0.004593689818699892
1635776854366,2021-11-01T10:27:34.366,119.18,0.017492788879647454,0.06295865214974182,0.004245492712289395
1635776854376,2021-11-01T10:27:34.376,119.19,0.019660923820001227,0.06411642521546643,0.006547975323172182
1635776854386,2021-11-01T10:27:34.386,119.2,0.021096102584324115,0.06371547950045753,0.008538080112578953
1635776854396,2021-11-01T10:27:34.396,119.21,0.019545307648975274,0.061059978353279046,0.00893067172891695
1635776854406,2021-11-01T10:27:34.406,119.22,0.01412940965048981,0.05468941514381176,0.010648674083643747
1635776854416,2021-11-01T10:27:34.416,119.23,0.007428187900056001,0.0459189953814887,0.014880551707960576
1635776854426,2021-11-01T10:27:34.426,119.24,0.0017085757564835415,0.03740747195754999,0.01813573684224822
1635776854436,2021-11-01T10:27:34.436,119.25,-0.003789840290882711,0.02837333491826384,0.018294272458803114
1635776854446,2021-11-01T10:27:34.446,119.26,-0.010455768782621739,0.016494153435489822,0.01815401256882112
1635776854456,2021-11-01T10:27:34.456,119.27,-0.018148912981893788,0.004128054162544751,0.020021809653433534
1635776854466,2021-11-01T10:27:34.466,119.28,-0.02603930694075251,-0.0030563008955209465,0.02152879907211886
1635776854476,2021-11-01T10:27:34.476,119.29,-0.03331783037313845,-0.0034960321527478687,0.019998328214437578
1635776854486,2021-11-01T10:27:34.486,119.3,-0.039119518506662634,-0.0013135833197395882,0.017231872653348808
1635776854496,2021-11-01T10:27:34.496,119.31,-0.043219159395017276,-0.0007570082280363075,0.016376410431786115
1635776854506,2021-11-01T10:27:34.506,119.32,-0.04632678779052268,-0.0023206912376661573,0.01697182224125681
1635776854516,2021-11-01T10:27:34.516,119.33,-0.048564824538518465,-0.004192659484534586,0.016806476475163413
1635776854526,2021-11-01T10:27:34.526,119.34,-0.04846019814628934,-0.004845275844859915,0.016200726590359517
1635776854536,2021-11-01T10:27:34.536,119.35,-0.04515551145714089,-0.0037550024457985035,0.01694112275861861
1635776854546,2021-11-01T10:27:34.546,119.36,-0.04075305252873486,-0.0013154057147422213,0.018703533472556908
1635776854556,2021-11-01T10:27:34.556,119.37,-0.037815128414911275,0.0018724248977776783,0.019349853378101304
1635776854566,2021-11-01T10:27:34.566,119.38,-0.03558611042968041,0.006372234997124047,0.018122658877709676
1635776854576,2021-11-01T10:27:34.576,119.39,-0.032145918762615015,0.012892801970658915,0.016618814521897403
1635776854586,2021-11-01T10:27:34.586,119.4,-0.02853709393026465,0.019432382717780007,0.01623527453708299
1635776854596,2021-11-01T10:27:34.596,119.41,-0.026554054760454436,0.022763203638394257,0.016125041482949146
1635776854606,2021-11-01T10:27:34.606,119.42,-0.025017501404557562,0.02297669026662088,0.014957926160509885
1635776854616,2021-11-01T10:27:34.616,119.43,-0.022710754510463664,0.022655461871681676,0.013259224133100316
1635776854626,2021-11-01T10:27:34.626,119.44,-0.021740189467887073,0.022482536893062025,0.012028850204355974
1635776854636,2021-11-01T10:27:34.636,119.45,-0.023771776191568353,0.021856092851112868,0.01078360042440845
1635776854646,2021-11-01T10:27:34.646,119.46,-0.026450662111735423,0.02174874291184363,0.009291092219098422
1635776854656,2021-11-01T10:27:34.656,119.47,-0.02698160666409693,0.02290871764496661,0.008938620466202241
1635776854666,2021-11-01T10:27:34.666,119.48,-0.025839903374519343,0.023744861087428796,0.01009633903873088
1635776854676,2021-11-01T10:27:34.676,119.49,-0.024454673352507887,0.022860006867579972,0.010892046622765321
1635776854686,2021-11-01T10:27:34.686,119.5,-0.022565674651993398,0.021018745069795383,0.010569766857505589
1635776854696,2021-11-01T10:27:34.696,119.51,-0.01990121607622197,0.019244893686406965,0.011453805152674346
1635776854706,2021-11-01T10:27:34.706,119.52,-0.017314190273600715,0.01760535089339914,0.015816336446110708
1635776854716,2021-11-01T10:27:34.716,119.53,-0.014481236335956223,0.01639671484257448,0.022278572792391045
1635776854726,2021-11-01T10:27:34.726,119.54,-0.009791755757865308,0.016314571440649427,0.02701467092959004
1635776854736,2021-11-01T10:27:34.736,119.55,-0.004104740372117258,0.017269423756341613,0.028472201588244248
1635776854746,2021-11-01T10:27:34.746,119.56,-0.0006324240051053735,0.01879450518326188,0.029028167170150432
1635776854756,2021-11-01T10:27:34.756,119.57,0.00035716213672698494,0.02087379245219275,0.0309657512935732
1635776854766,2021-11-01T10:27:34.766,119.58,0.0021792894531777536,0.022257460680862685,0.03318125492642712
1635776854776,2021-11-01T10:27:34.776,119.59,0.006136505173461364,0.02033963372367534,0.033705506420662786
1635776854786,2021-11-01T10:27:34.786,119.6,0.010007928866222994,0.015754810197667897,0.03291141092797287
1635776854796,2021-11-01T10:27:34.796,119.61,0.012307224253143463,0.013307298642267432,0.031967691381761955
1635776854806,2021-11-01T10:27:34.806,119.62,0.013476560347951937,0.015101378059826278,0.030469571371864377
1635776854816,2021-11-01T10:27:34.816,119.63,0.013313653889128148,0.017574294391005794,0.027665867139437108
1635776854826,2021-11-01T10:27:34.826,119.64,0.011278953797187224,0.01786138827494467,0.023821177110884835
1635776854836,2021-11-01T10:27:34.836,119.65,0.008371731188083483,0.01740670910741827,0.019019205389737955
1635776854846,2021-11-01T10:27:34.846,119.66,0.005612232448994799,0.017612815585713672,0.013355332459648631
1635776854856,2021-11-01T10:27:34.856,119.67,0.002491004381558139,0.018031893510527513,0.008820958956983574
1635776854866,2021-11-01T10:27:34.866,119.68,-0.0009545125851416018,0.019371475772635163,0.007191587482461013
1635776854876,2021-11-01T10:27:34.876,119.69,-0.003262549589036299,0.0220468230590371,0.0062202345367617165
1635776854886,2021-11-01T10:27:34.886,119.7,-0.004237460925654379,0.022680988044948894,0.0025191996591626313
1635776854896,2021-11-01T10:27:34.896,119.71,-0.005428221878351975,0.018129719253727306,-0.002479683659979505
1635776854906,2021-11-01T10:27:34.906,119.72,-0.006964780172145782,0.011019721549024655,-0.004134480875536865
1635776854916,2021-11-01T10:27:34.916,119.73,-0.007037747700286009,0.006422786148492947,-0.0015839674777984696
1635776854926,2021-11-01T10:27:34.926,119.74,-0.005275712136506794,0.005970043346626682,0.001033790105807408
1635776854936,2021-11-01T10:27:34.936,119.75,-0.003836520851955478,0.008575274556255457,0.0008067023849000468
1635776854946,2021-11-01T10:27:34.946,119.76,-0.0045419034169489475,0.013050084528759697,-0.00024839364784335477
1635776854956,2021-11-01T10:27:34.956,119.77,-0.007222597418742829,0.01691237479988014,0.00028310314012545935
1635776854966,2021-11-01T10:27:34.966,119.78,-0.010928814105405003,0.016092473380239045,0.0010139851734412052
1635776854976,2021-11-01T10:27:34.976,119.79,-0.014466976032200884,0.00926349162824356,0.0006414896149798523
1635776854986,2021-11-01T10:27:34.986,119.8,-0.016182028270466116,0.0007703013470345074,0.0015585674995515079
1635776854996,2021-11-01T10:27:34.996,119.81,-0.015734336674467657,-0.003640465387000064,0.005403461403615788
1635776855006,2021-11-01T10:27:35.006,119.82,-0.015315638362527521,-0.0030999274397793598,0.009450262239750266
1635776855016,2021-11-01T10:27:35.016,119.83,-0.016569449296727806,-0.001042498649690253,0.010830270641253482
1635776855026,2021-11-01T10:27:35.026,119.84,-0.017755006823574976,0.00020522673235518775,0.010192657235221798
1635776855036,2021-11-01T10:27:35.036,119.85,-0.01671920005807507,0.0006812539388040717,0.00925197258089476
1635776855046,2021-11-01T10:27:35.046,119.86,-0.014574466835044549,0.00012527769281184606,0.008534720802664729
1635776855056,2021-11-01T10:27:35.056,119.87,-0.013266324565262014,-0.0016934237682622766,0.00827935603409192
1635776855066,2021-11-01T10:27:35.066,119.88,-0.01178735442622178,-0.003295190022684745,0.008239142087427103
1635776855076,2021-11-01T10:27:35.076,119.89,-0.008202901405437531,-0.0039603696210488044,0.006908859835673782
1635776855086,2021-11-01T10:27:35.086,119.9,-0.003400390191290334,-0.005619678568738954,0.0038955377005545546
1635776855096,2021-11-01T10:27:35.096,119.91,0.0004918928175815582,-0.008400121316775998,0.0015192542493268403
1635776855106,2021-11-01T10:27:35.106,119.92,0.0037095934581101208,-0.0077004935497172345,0.0011677857489803313
1635776855116,2021-11-01T10:27:35.116,119.93,0.007739981884720631,-0.0004160245872370991,0.000857206468091229
1635776855126,2021-11-01T10:27:35.126,119.94,0.012009287130072207,0.009101343174313353,-0.000876021204275835
1635776855136,2021-11-01T10:27:35.136,119.95,0.0146291898912339,0.0138904707824566,-0.00247583991043384
1635776855146,2021-11-01T10:27:35.146,119.96,0.015510706072835138,0.012803282692005528,-0.002853762516376296
1635776855156,2021-11-01T10:27:35.156,119.97,0.01607553762754926,0.010255452862226365,-0.003157864775177188
1635776855166,2021-11-01T10:27:35.166,119.98,0.016268997751332386,0.009127124947970282,-0.003879329921154513
1635776855176,2021-11-01T10:27:35.176,119.99,0.014451094247796406,0.007753455140857523,-0.004062744120628749
1635776855186,2021-11-01T10:27:35.186,120.0,0.010712612577488076,0.004609578345090437,-0.003554454824034624
1635776855196,2021-11-01T10:27:35.196,120.01,0.007840730879443559,0.0025215635129166494,-0.0028232032821051503
1635776855206,2021-11-01T10:27:35.206,120.02,0.007687855279287407,0.004573949719869796,-0.0012994333156627646
1635776855216,2021-11-01T10:27:35.216,120.03,0.008594245555580329,0.007498272605363706,0.0013556889708430753
1635776855226,2021-11-01T10:27:35.226,120.04,0.007959022122673845,0.0046719986464535115,0.00360641981168608
1635776855236,2021-11-01T10:27:35.236,120.05,0.005651908864692429,-0.004012972265362104,0.004176531805515465
1635776855246,2021-11-01T10:27:35.246,120.06,0.0033433134926927465,-0.011227762781674866,0.004389457494142964
1635776855256,2021-11-01T10:27:35.256,120.07,0.001963425576707527,-0.01211873119382314,0.005933043197839991
1635776855266,2021-11-01T10:27:35.266,120.08,0.0013460040429991984,-0.009160077898537436,0.007654409888435038
1635776855276,2021-11-01T10:27:35.276,120.09,0.0012524981712467983,-0.006496752532258709,0.00711344927258222
1635776855286,2021-11-01T10:27:35.286,120.1,0.0013833397746454712,-0.00552724940170291,0.004383928979846644
1635776855296,2021-11-01T10:27:35.296,120.11,0.001114265931084923,-0.0061538872679189165,0.00203722159474157
1635776855306,2021-11-01T10:27:35.306,120.12,0.00030175404459847476,-0.007112249843704328,0.001690934316650663
1635776855316,2021-11-01T10:27:35.316,120.13,-0.00028897428364917804,-0.006286385960836761,0.0021725697232182766
1635776855326,2021-11-01T10:27:35.326,120.14,-0.00018272000090242864,-0.0042383561284687595,0.0014842850351694634
1635776855336,2021-11-01T10:27:35.336,120.15,0.0001445057209939928,-0.0038494276999735478,-0.000403284703737549
1635776855346,2021-11-01T10:27:35.346,120.16,0.000490525352456931,-0.004761055459370743,-0.0021941673820302567
1635776855356,2021-11-01T10:27:35.356,120.17,0.001338819320347915,-0.004006661689956732,-0.004048264254531268
1635776855366,2021-11-01T10:27:35.366,120.18,0.002407493831091309,-0.002288788816661234,-0.0067692919466438815
1635776855376,2021-11-01T10:27:35.376,120.19,0.0026809040851095652,-0.00282970882174343,-0.008564742228630129
1635776855386,2021-11-01T10:27:35.386,120.2,0.0025455161497756006,-0.005085761535826945,-0.006825540994881063
1635776855396,2021-11-01T10:27:35.396,120.21,0.003662003802567416,-0.005937018792122375,-0.0030531528768561102
1635776855406,2021-11-01T10:27:35.406,120.22,0.00613090471319315,-0.005408121749626642,-0.0013300064861636516
1635776855416,2021-11-01T10:27:35.416,120.23,0.008490388466355763,-0.00598398578305182,-0.0020833109034695224
1635776855426,2021-11-01T10:27:35.426,120.24,0.010471407197730785,-0.007721417864921431,-0.0019315022480291728
1635776855436,2021-11-01T10:27:35.436,120.25,0.012216135368470545,-0.008184042502759064,0.0006600262534406496
1635776855446,2021-11-01T10:27:35.446,120.26,0.012184716690158578,-0.006579774967558264,0.0035275898966738973
1635776855456,2021-11-01T10:27:35.456,120.27,0.010244851765996255,-0.00482234435077006,0.004355698852556858
1635776855466,2021-11-01T10:27:35.466,120.28,0.009648102442466482,-0.004471040392951328,0.003217247466324513
1635776855476,2021-11-01T10:27:35.476,120.29,0.011421049900159866,-0.005033848512966515,0.0014869688083426658
1635776855486,2021-11-01T10:27:35.486,120.3,0.011746611810360037,-0.005685285879620625,-1.9529285890805125e-05
1635776855496,2021-11-01T10:27:35.496,120.31,0.008626396939920561,-0.00647837275168115,-0.0012522765705095804
1635776855506,2021-11-01T10:27:35.506,120.32,0.005218453357057413,-0.007002073956096845,-0.0019493901652981108
1635776855516,2021-11-01T10:27:35.516,120.33,0.0041833771528293675,-0.00606907505069796,-0.0014424336119892819
1635776855526,2021-11-01T10:27:35.526,120.34,0.004291890693150818,-0.004108508742227035,-3.431056605144049e-05
1635776855536,2021-11-01T10:27:35.536,120.35,0.0038269596422917307,-0.0035209219015594753,0.00038344124024175205
1635776855546,2021-11-01T10:27:35.546,120.36,0.003276040520402662,-0.005121872791154704,-0.0014500393144845454
1635776855556,2021-11-01T10:27:35.556,120.37,0.0039071042754691265,-0.006820187938118574,-0.004136679022713272
1635776855566,2021-11-01T10:27:35.566,120.38,0.0055169578802232964,-0.0070801902768694355,-0.00531805204923792
1635776855576,2021-11-01T10:27:35.576,120.39,0.006300991640458489,-0.006613108975729152,-0.004499451236576322
1635776855586,2021-11-01T10:27:35.586,120.4,0.005092903974782244,-0.005729101570256221,-0.0032378740013733927
1635776855596,2021-11-01T10:27:35.596,120.41,0.003084739156257383,-0.003872942348362262,-0.003456474546917947
1635776855606,2021-11-01T10:27:35.606,120.42,0.0022415696327899443,-0.00259798107789214,-0.0055430437612238
1635776855616,2021-11-01T10:27:35.616,120.43,0.002727348450933937,-0.004322018137511525,-0.007534276537446894
1635776855626,2021-11-01T10:27:35.626,120.44,0.003367815251942602,-0.007528922828826333,-0.00735834343484009
1635776855636,2021-11-01T10:27:35.636,120.45,0.0038950361176613435,-0.008568207979827639,-0.005618010491696403
1635776855646,2021-11-01T10:27:35.646,120.46,0.004997655668067755,-0.008013755648261525,-0.003942851540598571
1635776855656,2021-11-01T10:27:35.656,120.47,0.006633305492545254,-0.009173781708721799,-0.002034446243541081
1635776855666,2021-11-01T10:27:35.666,120.48,0.007867293814842791,-0.011310365067056207,0.0006210055667545584
1635776855676,2021-11-01T10:27:35.676,120.49,0.008363472481085094,-0.010690022201462918,0.00231055448676139
1635776855686,2021-11-01T10:27:35.686,120.5,0.009007227202349238,-0.007206815736147582,0.0015930531009367634
1635776855696,2021-11-01T10:27:35.696,120.51,0.010519641506857486,-0.004624779456589435,-4.573474232785605e-05
1635776855706,2021-11-01T10:27:35.706,120.52,0.0119355266039263,-0.005517892532901286,-0.0006650556623938169
1635776855716,2021-11-01T10:27:35.716,120.53,0.011554163587367428,-0.009363375486003639,-0.0007145021353420759
1635776855726,2021-11-01T10:27:35.726,120.54,0.009411585512459172,-0.013599265395850354,-0.00141339771346531
1635776855736,2021-11-01T10:27:35.736,120.55,0.0076116329338249055,-0.014616323380661784,-0.0025142326768397847
1635776855746,2021-11-01T10:27:35.746,120.56,0.007857546817308632,-0.010681161207449122,-0.003392184438341189
1635776855756,2021-11-01T10:27:35.756,120.57,0.009442999611503529,-0.00529363664073724,-0.004396370863817718
1635776855766,2021-11-01T10:27:35.766,120.58,0.010299919933271114,-0.0038666543282764292,-0.005571055106017706
1635776855776,2021-11-01T10:27:35.776,120.59,0.009840787325289126,-0.005930857822998382,-0.00586577388442895
1635776855786,2021-11-01T10:27:35.786,120.6,0.009706107290953753,-0.005929259410856581,-0.005080464379794902
1635776855796,2021-11-01T10:27:35.796,120.61,0.011087683913012777,-0.0031014811371549104,-0.004672604830464488
1635776855806,2021-11-01T10:27:35.806,120.62,0.012594705403009755,-0.0032429347796562344,-0.0054233650325430675
1635776855816,2021-11-01T10:27:35.816,120.63,0.012161550355082646,-0.008118651806041585,-0.006530159923574276
1635776855826,2021-11-01T10:27:35.826,120.64,0.010103453978965176,-0.011124602263013997,-0.007512295699646265
1635776855836,2021-11-01T10:27:35.836,120.65,0.008493563596313303,-0.007214809677424428,-0.008384781071033123
1635776855846,2021-11-01T10:27:35.846,120.66,0.00800116820593396,-0.0008123855167110789,-0.008484941598222799
1635776855856,2021-11-01T10:27:35.856,120.67,0.007393776978242884,8.122826337692853e-05,-0.007816887212209115
1635776855866,2021-11-01T10:27:35.866,120.68,0.0061721829601902,-0.005760782160312176,-0.007913740231408206
1635776855876,2021-11-01T10:27:35.876,120.69,0.005376531047685887,-0.011862285835230902,-0.009127114489866858
1635776855886,2021-11-01T10:27:35.886,120.7,0.005203722917909437,-0.012878524951202014,-0.009597484102670806
1635776855896,2021-11-01T10:27:35.896,120.71,0.0043266573730513045,-0.010568952973877952,-0.00857677126415931
1635776855906,2021-11-01T10:27:35.906,120.72,0.0026263371912676374,-0.008973150302654222,-0.007851210667113532
1635776855916,2021-11-01T10:27:35.916,120.73,0.0018931264762499077,-0.008167613021246242,-0.00862644892606521
1635776855926,2021-11-01T10:27:35.926,120.74,0.002489398676593412,-0.006909664870523325,-0.009792527035044057
1635776855936,2021-11-01T10:27:35.936,120.75,0.0022955234503783087,-0.006732324110743826,-0.010110066125150429
1635776855946,2021-11-01T10:27:35.946,120.76,0.0004858392093152535,-0.008592726932326794,-0.00965769446400351
1635776855956,2021-11-01T10:27:35.956,120.77,-0.0007917926674127409,-0.009929489496427985,-0.008839947754806744
1635776855966,2021-11-01T10:27:35.966,120.78,-0.00014497866842855348,-0.00917305584132925,-0.007999967241179289
1635776855976,2021-11-01T10:27:35.976,120.79,0.0008621607521748667,-0.008835955115462014,-0.007559915300643509
1635776855986,2021-11-01T10:27:35.986,120.8,0.001016403648234314,-0.010627968452119843,-0.007203163974414036
1635776855996,2021-11-01T10:27:35.996,120.81,0.001827031385386422,-0.011500520646336075,-0.0062913354570646556
1635776856006,2021-11-01T10:27:36.006,120.82,0.0045577572230698395,-0.008397884706807943,-0.005581216174231265
1635776856016,2021-11-01T10:27:36.016,120.83,0.007421512440946028,-0.003995202589865001,-0.006311136104113289
1635776856026,2021-11-01T10:27:36.026,120.84,0.007803342426375805,-0.003164909753970934,-0.00777120230527242
1635776856036,2021-11-01T10:27:36.036,120.85,0.005743794089950714,-0.00562017072162984,-0.008252305460699407
1635776856046,2021-11-01T10:27:36.046,120.86,0.003584264989280309,-0.007035650612118059,-0.007681617477180534
1635776856056,2021-11-01T10:27:36.056,120.87,0.0030932371950399057,-0.006036641968998058,-0.0071863052146745945
1635776856066,2021-11-01T10:27:36.066,120.88,0.004092361721215248,-0.005018846856985296,-0.007127466842088072
1635776856076,2021-11-01T10:27:36.076,120.89,0.005259173662188879,-0.005203362320303599,-0.00705002664492659
1635776856086,2021-11-01T10:27:36.086,120.9,0.005649269295000566,-0.005417680524782134,-0.00656423107586985
1635776856096,2021-11-01T10:27:36.096,120.91,0.005654276730263632,-0.005062999787835359,-0.005630069370409248
1635776856106,2021-11-01T10:27:36.106,120.92,0.006262314280724424,-0.0050134446392616355,-0.004635671775919976
1635776856116,2021-11-01T10:27:36.116,120.93,0.007526815905806001,-0.005843386490023301,-0.0042079036891258075
1635776856126,2021-11-01T10:27:36.126,120.94,0.008545585522893447,-0.006904600097924289,-0.0047267750365405
1635776856136,2021-11-01T10:27:36.136,120.95,0.008673480280099446,-0.0072207914762143985,-0.006058591901381263
1635776856146,2021-11-01T10:27:36.146,120.96,0.008129759765026546,-0.006694024952532372,-0.007448790997025597
1635776856156,2021-11-01T10:27:36.156,120.97,0.007599278932892771,-0.006005799080096575,-0.007838431396826412
1635776856166,2021-11-01T10:27:36.166,120.98,0.007377896124607224,-0.005476973045225606,-0.006779525152088629
1635776856176,2021-11-01T10:27:36.176,120.99,0.00706615799182698,-0.0048883963311957285,-0.0047715974978501125
1635776856186,2021-11-01T10:27:36.186,121.0,0.006309450426245781,-0.004393472652868686,-0.0026521545343752154
1635776856196,2021-11-01T10:27:36.196,121.01,0.005367357769560442,-0.004691112082465321,-0.001179735714574318
1635776856206,2021-11-01T10:27:36.206,121.02,0.004726042562803748,-0.006421976880276694,-0.0010138999132025274
1635776856216,2021-11-01T10:27:36.216,121.03,0.004552156873337746,-0.009757090759983988,-0.002235620378614867
1635776856226,2021-11-01T10:27:36.226,121.04,0.004556869797703949,-0.01363911245048231,-0.0035528443991117457
1635776856236,2021-11-01T10:27:36.236,121.05,0.004406834056588156,-0.015315919715146994,-0.0031755821474002723
1635776856246,2021-11-01T10:27:36.246,121.06,0.004295198730512011,-0.012936023681939884,-0.001612784603304967
1635776856256,2021-11-01T10:27:36.256,121.07,0.004525008242852928,-0.009242277370651981,-0.001580178576006298
1635776856266,2021-11-01T10:27:36.266,121.08,0.004652136014666658,-0.009003676788977155,-0.003468429767922994
1635776856276,2021-11-01T10:27:36.276,121.09,0.004103574319641393,-0.011586628164311084,-0.004513431085686079
1635776856286,2021-11-01T10:27:36.286,121.1,0.0033992500427479635,-0.011533607519196508,-0.004170624736817728
1635776856296,2021-11-01T10:27:36.296,121.11,0.0035410033936201773,-0.007979118440706461,-0.004775594590591349
1635776856306,2021-11-01T10:27:36.306,121.12,0.00444400620218207,-0.00580827144633126,-0.005773490738014276
1635776856316,2021-11-01T10:27:36.316,121.13,0.005018929483292981,-0.0060638364783558866,-0.00450779141290796
1635776856326,2021-11-01T10:27:36.326,121.14,0.0044919725163766605,-0.0048140044395229235,-0.002688424113416317
1635776856336,2021-11-01T10:27:36.336,121.15,0.0029801457380890283,-0.0024486815945425604,-0.003889058121458165
1635776856346,2021-11-01T10:27:36.346,121.16,0.0014774005103377337,-0.003647340906011977,-0.005930811449658931
1635776856356,2021-11-01T10:27:36.356,121.17,0.0014852843866911601,-0.007871018602791706,-0.0040778507442529
1635776856366,2021-11-01T10:27:36.366,121.18,0.003197743640549113,-0.009500286685549359,0.0002730921531885768
1635776856376,2021-11-01T10:27:36.376,121.19,0.004383302465380362,-0.0070053125587706145,0.001625920622899002
1635776856386,2021-11-01T10:27:36.386,121.2,0.003289275595906482,-0.004377132297000167,-0.0011120601533980293
1635776856396,2021-11-01T10:27:36.396,121.21,0.0016047932165329307,-0.004222924761706204,-0.004154808618870769
1635776856406,2021-11-01T10:27:36.406,121.22,0.0017750077613859988,-0.005064685188970145,-0.004936935550604984
1635776856416,2021-11-01T10:27:36.416,121.23,0.0030502218848298427,-0.005195176767907166,-0.004273010973550972
1635776856426,2021-11-01T10:27:36.426,121.24,0.0032326138218874596,-0.005294859500127351,-0.00357816968279028
1635776856436,2021-11-01T10:27:36.436,121.25,0.002557237577197685,-0.0065423910366749615,-0.0029149490745171962
1635776856446,2021-11-01T10:27:36.446,121.26,0.0027864807612918564,-0.008219843027354616,-0.0017470720701131708
1635776856456,2021-11-01T10:27:36.456,121.27,0.00375622460431697,-0.008364331840254782,-0.00031907187931751895
1635776856466,2021-11-01T10:27:36.466,121.28,0.003758246190410436,-0.006342806478671187,0.00017213415856095392
1635776856476,2021-11-01T10:27:36.476,121.29,0.0027391166898812513,-0.0038094111521076827,-0.0010293544363622342
1635776856486,2021-11-01T10:27:36.486,121.3,0.002258373316101691,-0.002673597146912161,-0.0028932052965736153
1635776856496,2021-11-01T10:27:36.496,121.31,0.0024710345770538487,-0.0027298451424130035,-0.0035735808974035233
1635776856506,2021-11-01T10:27:36.506,121.32,0.002139084298212032,-0.0022523917247099616,-0.002738489558919969
1635776856516,2021-11-01T10:27:36.516,121.33,0.001524687775011749,-0.0009914633310218056,-0.0017511477866244826
1635776856526,2021-11-01T10:27:36.526,121.34,0.0021948817957265438,-0.001053824678343005,-0.0015554205539552572
1635776856536,2021-11-01T10:27:36.536,121.35,0.004120144316868225,-0.0034698832994477786,-0.0017823400474856984
1635776856546,2021-11-01T10:27:36.546,121.36,0.005627975283618509,-0.005725557127243912,-0.0018976811366842304
1635776856556,2021-11-01T10:27:36.556,121.37,0.005908489882599271,-0.005057383837973171,-0.001737098029507193
1635776856566,2021-11-01T10:27:36.566,121.38,0.005706129504979505,-0.0023013841363016506,-0.0010165790035946778
1635776856576,2021-11-01T10:27:36.576,121.39,0.005770606025942849,-0.00040840980820453345,0.00015656560226187953
1635776856586,2021-11-01T10:27:36.586,121.4,0.005695532921003366,-0.0011951582886743093,0.0005283978982990789
1635776856596,2021-11-01T10:27:36.596,121.41,0.004747290881177405,-0.004381612205792709,-0.0008705304724490477
1635776856606,2021-11-01T10:27:36.606,121.42,0.0034586363621045228,-0.007869360769119937,-0.0028272397912020323
1635776856616,2021-11-01T10:27:36.616,121.43,0.0030991842821643445,-0.009288762748618182,-0.003158095912213999
1635776856626,2021-11-01T10:27:36.626,121.44,0.0035287029760339597,-0.008334888382762622,-0.0015393970585011285
1635776856636,2021-11-01T10:27:36.636,121.45,0.003370972785484887,-0.006601333177716303,8.68930571248772e-05
1635776856646,2021-11-01T10:27:36.646,121.46,0.002395546998429204,-0.005314076258262726,-0.00042711390326298813
1635776856656,2021-11-01T10:27:36.656,121.47,0.0015567412499328218,-0.004619630353322837,-0.0033108383241184014
1635776856666,2021-11-01T10:27:36.666,121.48,0.0006140103223126529,-0.0044770611607498085,-0.006293874745565003
1635776856676,2021-11-01T10:27:36.676,121.49,-0.001632237249446942,-0.004864819084858232,-0.006689120410834868
1635776856686,2021-11-01T10:27:36.686,121.5,-0.004420322192859423,-0.005249417896012398,-0.004494164916785167
1635776856696,2021-11-01T10:27:36.696,121.51,-0.005197884374375108,-0.004729698018407433,-0.002198870280177281
1635776856706,2021-11-01T10:27:36.706,121.52,-0.003359735225181794,-0.0030884930978531348,-0.0014836704441016993
1635776856716,2021-11-01T10:27:36.716,121.53,-0.0012439249798049056,-0.0013730232543468631,-0.0018655901408486642
1635776856726,2021-11-01T10:27:36.726,121.54,-0.0006463745986991676,-0.0009303248034205118,-0.002386344958558522
1635776856736,2021-11-01T10:27:36.736,121.55,-0.0006314996388764439,-0.001978370782761545,-0.002790001779561064
1635776856746,2021-11-01T10:27:36.746,121.56,0.00013790147462440386,-0.00348235757952899,-0.0031176591424269253
1635776856756,2021-11-01T10:27:36.756,121.57,0.0008635249430352321,-0.004289599135593499,-0.0033162641793192896
1635776856766,2021-11-01T10:27:36.766,121.58,0.00011221920785393596,-0.004198078779423757,-0.0032667820108618854
1635776856776,2021-11-01T10:27:36.776,121.59,-0.0013404408808825893,-0.003805700726504938,-0.0029049826310719347
1635776856786,2021-11-01T10:27:36.786,121.6,-0.0012888414746377139,-0.003207076600656787,-0.0023399711887066325
1635776856796,2021-11-01T10:27:36.796,121.61,0.0005747051106309682,-0.0017001215700702572,-0.0017344585244628728
1635776856806,2021-11-01T10:27:36.806,121.62,0.002168678965277386,0.000594051235118501,-0.0011749055269066212
1635776856816,2021-11-01T10:27:36.816,121.63,0.0020052399585191857,0.0023115852821318046,-0.0008443315517622969
1635776856826,2021-11-01T10:27:36.826,121.64,0.000765702107252851,0.0027737181686090196,-0.0009777294452768348
1635776856836,2021-11-01T10:27:36.836,121.65,-0.0003457050716700833,0.0026097191117388655,-0.0014136425979936326
1635776856846,2021-11-01T10:27:36.846,121.66,-0.001022828386802886,0.002248621073819659,-0.0015854222273150938
1635776856856,2021-11-01T10:27:36.856,121.67,-0.0012255739179220654,0.001479094599680179,-0.001212118730187168
1635776856866,2021-11-01T10:27:36.866,121.68,-0.0006407736846833666,0.0002861505585270263,-0.0006816540340904317
1635776856876,2021-11-01T10:27:36.876,121.69,0.0006651615287611851,-0.000977083725412503,-0.0003765638361463672
1635776856886,2021-11-01T10:27:36.886,121.7,0.001997936402964517,-0.0017978472152346222,6.460284853034312e-05
1635776856896,2021-11-01T10:27:36.896,121.71,0.0026802517813248263,-0.0015273503820511399,0.0008474268195374304
1635776856906,2021-11-01T10:27:36.906,121.72,0.002477330445658039,0.00019121190007517552,0.0008734893651583485
1635776856916,2021-11-01T10:27:36.916,121.73,0.0016757170758768666,0.002759871735378473,-0.00036514398031780215
1635776856926,2021-11-01T10:27:36.926,121.74,0.0008752196987110807,0.004784631602063582,-0.0006202510147858441
1635776856936,2021-11-01T10:27:36.936,121.75,0.0002831246499891227,0.005416304888542173,0.001868656474784492
1635776856946,2021-11-01T10:27:36.946,121.76,-0.0003335393540650026,0.0053674167500491685,0.004306917210207512
1635776856956,2021-11-01T10:27:36.956,121.77,-0.0008060233809740773,0.005753041690280007,0.003081530100157081
1635776856966,2021-11-01T10:27:36.966,121.78,-0.0008295689477267492,0.006198384903604797,-3.926078267573808e-05
1635776856976,2021-11-01T10:27:36.976,121.79,-0.0009851136621867277,0.005518178212372665,-0.000609979783169704
1635776856986,2021-11-01T10:27:36.986,121.8,-0.0020577632172126582,0.004004539542173186,0.0011320873941441652
1635776856996,2021-11-01T10:27:36.996,121.81,-0.0036843001441666454,0.0031645087621711646,0.001337050886600268
1635776857006,2021-11-01T10:27:37.006,121.82,-0.004791556117689229,0.003497320228747826,-0.00012676797051864452
1635776857016,2021-11-01T10:27:37.016,121.83,-0.004816365617049728,0.004401390001750604,0.00025693183030492427
1635776857026,2021-11-01T10:27:37.026,121.84,-0.00415046652409254,0.005231342087310145,0.0025681428154618116
1635776857036,2021-11-01T10:27:37.036,121.85,-0.003890404022472721,0.004910932898152028,0.0029815979746386587
1635776857046,2021-11-01T10:27:37.046,121.86,-0.004511325303873831,0.002759590908952332,0.0008499812497560716
1635776857056,2021-11-01T10:27:37.056,121.87,-0.004820962637504766,0.0005110263163671616,-9.624454885227807e-06
1635776857066,2021-11-01T10:27:37.066,121.88,-0.0038574424928540657,0.0006267921423786167,0.0018517024548713092
1635776857076,2021-11-01T10:27:37.076,121.89,-0.002878274655951119,0.003237322779315646,0.003217077094573871
1635776857086,2021-11-01T10:27:37.086,121.9,-0.003160477589178118,0.007130439017539325,0.0022200141472914427
1635776857096,2021-11-01T10:27:37.096,121.91,-0.0038128047505590593,0.01103071961286126,0.0013279926519873973
1635776857106,2021-11-01T10:27:37.106,121.92,-0.004214442833766394,0.012271945816156947,0.0024222999483486385
1635776857116,2021-11-01T10:27:37.116,121.93,-0.005582006124834192,0.008468003522062971,0.00354178586017071
1635776857126,2021-11-01T10:27:37.126,121.94,-0.007864759733052586,0.0018828330794887712,0.0027412858442095417
1635776857136,2021-11-01T10:27:37.136,121.95,-0.00886725621059716,-0.0017785303869633498,0.0014645850652445522
1635776857146,2021-11-01T10:27:37.146,121.96,-0.00817288837391124,0.0002086285006407355,0.0017982847583003696
1635776857156,2021-11-01T10:27:37.156,121.97,-0.0077891322142834285,0.005212982654741677,0.003223846069457757
1635776857166,2021-11-01T10:27:37.166,121.98,-0.008038764945445715,0.00933332967765306,0.004167874676807018
1635776857176,2021-11-01T10:27:37.176,121.99,-0.00722043111776814,0.01098137288014879,0.004528725753158832
1635776857186,2021-11-01T10:27:37.186,122.0,-0.005500890378468063,0.009937017394629445,0.004882196793260579
1635776857196,2021-11-01T10:27:37.196,122.01,-0.004751342125564273,0.006011059946751692,0.0049067711974605625
1635776857206,2021-11-01T10:27:37.206,122.02,-0.004924521962414847,0.00039485275052723217,0.004137614032959783
1635776857216,2021-11-01T10:27:37.216,122.03,-0.00470854458342036,-0.003960486467508377,0.0032672123646584365
1635776857226,2021-11-01T10:27:37.226,122.04,-0.004633200988275119,-0.0049966581536124675,0.003473159967124266
1635776857236,2021-11-01T10:27:37.236,122.05,-0.005578537112044301,-0.002996492290120607,0.004736194089091948
1635776857246,2021-11-01T10:27:37.246,122.06,-0.00602762399433563,0.001077462944055693,0.005572836129686395
1635776857256,2021-11-01T10:27:37.256,122.07,-0.004479697037273131,0.006452862163757981,0.004652113450620204
1635776857266,2021-11-01T10:27:37.266,122.08,-0.002480837113262987,0.011363017205220271,0.0025191161456173837
1635776857276,2021-11-01T10:27:37.276,122.09,-0.0023116411174736147,0.013290333519349953,0.0012210396214659366
1635776857286,2021-11-01T10:27:37.286,122.1,-0.003580819995136015,0.011257470871012342,0.0018307797084304823
1635776857296,2021-11-01T10:27:37.296,122.11,-0.004156630032133929,0.006790162300533213,0.0030415434879504776
1635776857306,2021-11-01T10:27:37.306,122.12,-0.003214587947877466,0.002315969941099145,0.003015488384748711
1635776857316,2021-11-01T10:27:37.316,122.13,-0.0019439775898345319,-0.0007446706414330158,0.0018253905030007058
1635776857326,2021-11-01T10:27:37.326,122.14,-0.0015481235996296356,-0.002018998436704736,0.001048861791794599
1635776857336,2021-11-01T10:27:37.336,122.15,-0.0015940982679705487,-0.0008146366443565255,0.0016329643075009366
1635776857346,2021-11-01T10:27:37.346,122.16,-0.0010135758875489565,0.003634888942039863,0.002967172970312403
1635776857356,2021-11-01T10:27:37.356,122.17,-8.78248924780824e-05,0.009310548337655784,0.003482246629883778
1635776857366,2021-11-01T10:27:37.366,122.18,2.49918873040869e-05,0.011164356886406905,0.002226579313630194
1635776857376,2021-11-01T10:27:37.376,122.19,-0.0004373036844960824,0.0069658345156958885,0.000613487488257868
1635776857386,2021-11-01T10:27:37.386,122.2,3.868511540083934e-05,0.0010414931000534864,0.0011892621332688278
1635776857396,2021-11-01T10:27:37.396,122.21,0.0015490643467499974,-0.0016290856689757586,0.0036372828523652282
1635776857406,2021-11-01T10:27:37.406,122.22,0.0020793386971237446,-0.0016623009161472815,0.0047907978005281415
1635776857416,2021-11-01T10:27:37.416,122.23,0.00023259719956345758,-0.0015113071742578036,0.0035746158751040055
1635776857426,2021-11-01T10:27:37.426,122.24,-0.002663836496528035,-0.0001945810577471949,0.002172825624511836
1635776857436,2021-11-01T10:27:37.436,122.25,-0.0041026394086516906,0.003379058110531074,0.0018505114355451152
1635776857446,2021-11-01T10:27:37.446,122.26,-0.0034521710393329926,0.006281663029634484,0.0017812196156316727
1635776857456,2021-11-01T10:27:37.456,122.27,-0.002563529578280369,0.005484317027595551,0.0017579691230599226
1635776857466,2021-11-01T10:27:37.466,122.28,-0.0031438697438561335,0.0026967183885883723,0.0021579873577276397
1635776857476,2021-11-01T10:27:37.476,122.29,-0.0043586933358869704,0.001555793190906873,0.002142780880831391
1635776857486,2021-11-01T10:27:37.486,122.3,-0.004274118760875381,0.002281219788858784,0.0010139978876209624
1635776857496,2021-11-01T10:27:37.496,122.31,-0.0029884086749170646,0.002464518275601309,-0.00010904874860653233
1635776857506,2021-11-01T10:27:37.506,122.32,-0.002163733232843557,0.0017780156008032652,-0.00012180552741289855
1635776857516,2021-11-01T10:27:37.516,122.33,-0.002141247948742363,0.002294020878165333,0.00035990918966637917
1635776857526,2021-11-01T10:27:37.526,122.34,-0.0020842740866959582,0.00436751177245218,0.0005573370471315389
1635776857536,2021-11-01T10:27:37.536,122.35,-0.0020779914002615058,0.005763644733960346,0.00104632519238724
1635776857546,2021-11-01T10:27:37.546,122.36,-0.0026400947318516816,0.005120707428028198,0.0024900322739662482
1635776857556,2021-11-01T10:27:37.556,122.37,-0.0030888820522384022,0.0032544421781870473,0.0038698125868294178
1635776857566,2021-11-01T10:27:37.566,122.38,-0.0023906013692385365,0.0014007824124439685,0.003401228089412793
1635776857576,2021-11-01T10:27:37.576,122.39,-0.0010207856733144174,0.0005430811194442373,0.0014207339852593506
1635776857586,2021-11-01T10:27:37.586,122.4,-0.000451762909167869,0.001284635692249602,0.0006722539006175418
1635776857596,2021-11-01T10:27:37.596,122.41,-0.0008626397375534874,0.0029941876320492963,0.0025324317928256046
1635776857606,2021-11-01T10:27:37.606,122.42,-0.0007331731276714553,0.004538320648307902,0.004792485758646133
1635776857616,2021-11-01T10:27:37.616,122.43,0.0007353794241877341,0.0056529097695007195,0.004800862117093331
1635776857626,2021-11-01T10:27:37.626,122.44,0.0021107329401403303,0.006099661947516848,0.0031300236701442587
1635776857636,2021-11-01T10:27:37.636,122.45,0.0016977113217071533,0.00511384088985516,0.002256421171670237
1635776857646,2021-11-01T10:27:37.646,122.46,-0.00012635995623959037,0.0030798304720363956,0.0027205382647632033
1635776857656,2021-11-01T10:27:37.656,122.47,-0.0018190759935204194,0.0015921809526114614,0.002908165352319022
1635776857666,2021-11-01T10:27:37.666,122.48,-0.002781146151631326,0.0012023189074986712,0.0022154811106119454
1635776857676,2021-11-01T10:27:37.676,122.49,-0.0032243289334297626,0.0013224395997556589,0.0018558148841874619
1635776857686,2021-11-01T10:27:37.686,122.5,-0.0032588706530310243,0.001912654383927955,0.002582293413154441
1635776857696,2021-11-01T10:27:37.696,122.51,-0.003258745987096668,0.0029910243577775456,0.003727467455407315
1635776857706,2021-11-01T10:27:37.706,122.52,-0.003721285269924386,0.003551420963209382,0.004265450803814595
1635776857716,2021-11-01T10:27:37.716,122.53,-0.00434531336877643,0.0028530984897478006,0.003673367218111229
1635776857726,2021-11-01T10:27:37.726,122.54,-0.004646847669399081,0.0015368368687824546,0.002323859562051362
1635776857736,2021-11-01T10:27:37.736,122.55,-0.004994771888434257,0.0004445228951530335,0.0012200910779602697
1635776857746,2021-11-01T10:27:37.746,122.56,-0.005640905078246703,-0.00036992781405165685,0.0007565683205200385
1635776857756,2021-11-01T10:27:37.756,122.57,-0.005656742999084676,-0.0010437553566691464,0.0004215122790436106
1635776857766,2021-11-01T10:27:37.766,122.58,-0.0043356637822553525,-0.0012284106805620964,5.5637285760683436e-05
1635776857776,2021-11-01T10:27:37.776,122.59,-0.0029138733060954016,-0.0002891382538778313,7.552952603310981e-05
1635776857786,2021-11-01T10:27:37.786,122.6,-0.0031046451339110572,0.0018061713208169133,0.0004178372557366067
1635776857796,2021-11-01T10:27:37.796,122.61,-0.004262948055681823,0.004060366537070714,0.000677211212598882
1635776857806,2021-11-01T10:27:37.806,122.62,-0.004314701034304832,0.0055268095754041156,0.000858903546219078
1635776857816,2021-11-01T10:27:37.816,122.63,-0.0034165932470521096,0.006194962174541033,0.0009785477710639186
1635776857826,2021-11-01T10:27:37.826,122.64,-0.0037483221296141385,0.006011001499416574,0.000889441030993744
1635776857836,2021-11-01T10:27:37.836,122.65,-0.0053904921734769864,0.00443594852215539,0.0008759071047086968
1635776857846,2021-11-01T10:27:37.846,122.66,-0.0057331793151407144,0.0019951303070200937,0.0011113627976456573
1635776857856,2021-11-01T10:27:37.856,122.67,-0.0038768449570876634,0.00030437020014703397,0.0009738469505967409
1635776857866,2021-11-01T10:27:37.866,122.68,-0.002182491355111754,-0.00010290320163350808,0.00029344259385016694
1635776857876,2021-11-01T10:27:37.876,122.69,-0.0019535643215348925,0.0005522419905628363,5.027513480510108e-05
1635776857886,2021-11-01T10:27:37.886,122.7,-0.0013201747723108883,0.0030158106463334788,0.00046554218119385224
1635776857896,2021-11-01T10:27:37.896,122.71,0.0006591449740354136,0.006473241304432589,0.00015658949099714458
1635776857906,2021-11-01T10:27:37.906,122.72,0.0019985627381456103,0.0065422669024891135,-0.0013846161902399514
1635776857916,2021-11-01T10:27:37.916,122.73,0.0019708036199351875,0.0013024985973463074,-0.0024216621887704127
1635776857926,2021-11-01T10:27:37.926,122.74,0.0027841705145400346,-0.0037230665902114176,-0.001628903759882414
1635776857936,2021-11-01T10:27:37.936,122.75,0.004995674971824796,-0.0026689765797463065,-0.00016135725781243912
1635776857946,2021-11-01T10:27:37.946,122.76,0.0057843136732761685,0.002659150098177092,0.0004019319770022514
1635776857956,2021-11-01T10:27:37.956,122.77,0.0039044837637345706,0.007485821802757819,8.702767484521574e-05
1635776857966,2021-11-01T10:27:37.966,122.78,0.001995623885916991,0.010717187040857373,-0.0006838958499009521
1635776857976,2021-11-01T10:27:37.976,122.79,0.0018651812211424538,0.011571952827749879,-0.0020260717521824907
1635776857986,2021-11-01T10:27:37.986,122.8,0.0017316132644840257,0.007310735378474112,-0.003336915821284235
1635776857996,2021-11-01T10:27:37.996,122.81,0.00030871636331744655,-0.0007170005897942191,-0.0031100012135852565
1635776858006,2021-11-01T10:27:38.006,122.82,-0.0005020581720630109,-0.006203478369169299,-0.0008819451274356964
1635776858016,2021-11-01T10:27:38.016,122.83,0.0006107439479997932,-0.005893794423108326,0.0016591749731617428
1635776858026,2021-11-01T10:27:38.026,122.84,0.00153037927998556,-0.00221429022939017,0.002116235263544822
1635776858036,2021-11-01T10:27:38.036,122.85,0.00020667209961201355,0.0018879692798071388,6.31850043119578e-06
1635776858046,2021-11-01T10:27:38.046,122.86,-0.0019501840510649283,0.00510383030357789,-0.002282105020784974
1635776858056,2021-11-01T10:27:38.056,122.87,-0.0026315862299356885,0.006105188816864934,-0.002126313664275802
1635776858066,2021-11-01T10:27:38.066,122.88,-0.002110768340880555,0.00401492262215608,-0.00018177259380047902
1635776858076,2021-11-01T10:27:38.076,122.89,-0.0019515794836243172,-0.00017125483737006426,0.0006796027849949402
1635776858086,2021-11-01T10:27:38.086,122.9,-0.002350393463736761,-0.00412236497960867,-0.00022565497519024176
1635776858096,2021-11-01T10:27:38.096,122.91,-0.0025289049884382603,-0.005487194652828033,-0.0008643212985613062
1635776858106,2021-11-01T10:27:38.106,122.92,-0.002231668722117327,-0.003550962419122306,-0.0001964401424187235
1635776858116,2021-11-01T10:27:38.116,122.93,-0.00187321046733072,-0.0007126332939532674,0.0004288437190353775
1635776858126,2021-11-01T10:27:38.126,122.94,-0.0021201745295930325,-0.0002850598643332232,-0.0002996068242572566
1635776858136,2021-11-01T10:27:38.136,122.95,-0.0033687232465824408,-0.0017330752823104818,-0.001640189259661684
1635776858146,2021-11-01T10:27:38.146,122.96,-0.00506296433181583,-0.0012208602493255518,-0.0018850714913399565
1635776858156,2021-11-01T10:27:38.156,122.97,-0.005822909528659534,0.001865694569537281,-0.0009169972199368
1635776858166,2021-11-01T10:27:38.166,122.98,-0.004505190365842588,0.0031793686974517944,-0.00021060117203952947
1635776858176,2021-11-01T10:27:38.176,122.99,-0.0011903395189762716,0.00038411214953327724,-0.00021803571981577523
1635776858186,2021-11-01T10:27:38.186,123.0,0.002604829684962813,-0.0027592924333938056,-2.5518638301720072e-05
1635776858196,2021-11-01T10:27:38.196,123.01,0.00504250518040154,-0.002413950838527073,0.00040392623423921167
1635776858206,2021-11-01T10:27:38.206,123.02,0.005658718169631569,-0.00016559107991645912,0.0002010448553146179
1635776858216,2021-11-01T10:27:38.216,123.03,0.005305386717235409,0.0008468453451403563,-0.0005432265157782617
1635776858226,2021-11-01T10:27:38.226,123.04,0.004579773382042912,0.0006561230997836154,-0.0008722059261045936
1635776858236,2021-11-01T10:27:38.236,123.05,0.003649367454064164,0.00036609577249464983,-0.00037704297319585947
1635776858246,2021-11-01T10:27:38.246,123.06,0.0030954726838701803,-0.0003935982075675719,0.0003920724970810372
1635776858256,2021-11-01T10:27:38.256,123.07,0.0031328408355302886,-0.0019011759174507449,0.0005390028844300598
1635776858266,2021-11-01T10:27:38.266,123.08,0.002683984341106618,-0.003439686468475335,-7.294737859825052e-05
1635776858276,2021-11-01T10:27:38.276,123.09,0.0009951776647781374,-0.0044345986742455054,-0.0005542481056261157
1635776858286,2021-11-01T10:27:38.286,123.1,-0.0007150937945297904,-0.004366188629474811,-0.00048157540859675667
1635776858296,2021-11-01T10:27:38.296,123.11,-0.0009172668482634981,-0.002614386947988435,-0.0005704881581331553
1635776858306,2021-11-01T10:27:38.306,123.12,-0.00017906967828229151,-7.997492413575611e-05,-0.0011563275124324586
1635776858316,2021-11-01T10:27:38.316,123.13,-0.0002485110001583606,0.0008448217829437879,-0.001787149109307439
1635776858326,2021-11-01T10:27:38.326,123.14,-0.0014353088414847523,-0.0007023969968321126,-0.0023279979807766006
1635776858336,2021-11-01T10:27:38.336,123.15,-0.002475545581086695,-0.002952181124945364,-0.0023544916603585875
1635776858346,2021-11-01T10:27:38.346,123.16,-0.002496702904269082,-0.0039712260765693615,-0.000887447907368987
1635776858356,2021-11-01T10:27:38.356,123.17,-0.0016023525984110352,-0.003284199703266627,0.0012008528808346711
1635776858366,2021-11-01T10:27:38.366,123.18,0.00013472422943264253,-0.0014528661235913452,0.0015131068030026812
1635776858376,2021-11-01T10:27:38.376,123.19,0.002554561866067377,0.0002147966201868271,0.0003279293160666087
1635776858386,2021-11-01T10:27:38.386,123.2,0.004358169878885654,0.0006654202734399282,0.00028409728792275413
1635776858396,2021-11-01T10:27:38.396,123.21,0.004132527063038212,0.0005973128456057394,0.0013057768832456821
1635776858406,2021-11-01T10:27:38.406,123.22,0.0027228573433316586,0.001058682968736742,0.0007668578600141499
1635776858416,2021-11-01T10:27:38.416,123.23,0.0025270665943878893,0.0009771390299786336,-0.0012124969586390722
1635776858426,2021-11-01T10:27:38.426,123.24,0.003973198337158951,-0.0009647878364232101,-0.0016698237447451047
1635776858436,2021-11-01T10:27:38.436,123.25,0.0049136252614723035,-0.0029731516886253593,-8.983264141262487e-05
1635776858446,2021-11-01T10:27:38.446,123.26,0.004141618952534092,-0.002476880709290283,0.0009181925252644045
1635776858456,2021-11-01T10:27:38.456,123.27,0.0031615545869000568,-0.0008832378851105419,0.00035990684495514904
1635776858466,2021-11-01T10:27:38.466,123.28,0.0034311746675601837,-0.0017554461269406441,-0.0001844619098716153
1635776858476,2021-11-01T10:27:38.476,123.29,0.003933226020492559,-0.004937275690746968,-0.00023183086634969216
1635776858486,2021-11-01T10:27:38.486,123.3,0.0029911589268698958,-0.006792183727460887,-0.0007011443368292534
1635776858496,2021-11-01T10:27:38.496,123.31,0.0010171630249590333,-0.005843895781502758,-0.0010624136055365167
1635776858506,2021-11-01T10:27:38.506,123.32,-0.0002272779106168715,-0.004162172903544472,-0.00010321266626965605
1635776858516,2021-11-01T10:27:38.516,123.33,-5.09040141235037e-05,-0.003409003283462257,0.0013477887462818544
1635776858526,2021-11-01T10:27:38.526,123.34,0.000972893265996752,-0.0029895623313847862,0.0015321200020921113
1635776858536,2021-11-01T10:27:38.536,123.35,0.0021140226799421665,-0.0021742336158458646,0.0005217991887272384
1635776858546,2021-11-01T10:27:38.546,123.36,0.0026089865188676908,-0.0014944962084811459,-0.00016515073499321194
1635776858556,2021-11-01T10:27:38.556,123.37,0.001987859154042918,-0.0015320547527800672,0.00013933265956575467
1635776858566,2021-11-01T10:27:38.566,123.38,0.0011207588524285571,-0.0017261694553304938,0.0004950226788824678
1635776858576,2021-11-01T10:27:38.576,123.39,0.0015043121310795975,-0.0013026012922467275,-0.000171873536642189
1635776858586,2021-11-01T10:27:38.586,123.4,0.0030133215120582584,-0.0008436087669138519,-0.0012714051755208498
1635776858596,2021-11-01T10:27:38.596,123.41,0.0038881415301742794,-0.0015755994397674104,-0.0011891186004961301
1635776858606,2021-11-01T10:27:38.606,123.42,0.003177168312626184,-0.003160315615600519,0.00012652145455721808
1635776858616,2021-11-01T10:27:38.616,123.43,0.0017744559333618631,-0.003896764220642013,0.0008590102077491068
1635776858626,2021-11-01T10:27:38.626,123.44,0.0009887611507836058,-0.0031671174406664145,7.759211369067059e-05
1635776858636,2021-11-01T10:27:38.636,123.45,0.0010259844729184268,-0.0018474732541665692,-0.0009687504305664502
1635776858646,2021-11-01T10:27:38.646,123.46,0.0009884779667245856,-0.0006724002707070118,-0.0009042601690035133
1635776858656,2021-11-01T10:27:38.656,123.47,0.00030055805159312016,-0.00011536339174523602,-0.0001755507112951409
1635776858666,2021-11-01T10:27:38.666,123.48,-0.00024662078922580333,-0.0007452276924718338,-0.00018340649004927297
1635776858676,2021-11-01T10:27:38.676,123.49,0.0002790672794032489,-0.001879414534948409,-0.0011032641439586116
1635776858686,2021-11-01T10:27:38.686,123.5,0.001366966637165149,-0.0018072506640729818,-0.0015060766989954094
1635776858696,2021-11-01T10:27:38.696,123.51,0.0020560464203869472,-0.0006685760033631398,-0.0003711962624358676
1635776858706,2021-11-01T10:27:38.706,123.52,0.002589155931994401,-0.0005915411545953743,0.0012529970494175903
1635776858716,2021-11-01T10:27:38.716,123.53,0.003539521262182414,-0.0023079821879760255,0.0013255988866916406
1635776858726,2021-11-01T10:27:38.726,123.54,0.004098518599833037,-0.004314000433138729,-0.0004853548520992764
1635776858736,2021-11-01T10:27:38.736,123.55,0.002964089156578623,-0.005468125849637271,-0.0021205807640328977
1635776858746,2021-11-01T10:27:38.746,123.56,0.00078541265329562,-0.005738979364596391,-0.002010531532992092
1635776858756,2021-11-01T10:27:38.756,123.57,-0.0001289812164247253,-0.004626288821495551,-0.001354066633707579
1635776858766,2021-11-01T10:27:38.766,123.58,0.0008583991335930655,-0.001904079100273129,-0.0019349514287802533
1635776858776,2021-11-01T10:27:38.776,123.59,0.0016635299436427533,0.00014831227329114888,-0.003209808468798866
1635776858786,2021-11-01T10:27:38.786,123.6,0.0008926861831425874,-0.0009740462571390185,-0.0032576680330351007
1635776858796,2021-11-01T10:27:38.796,123.61,0.00018588730742335384,-0.0031981776680045796,-0.0014914894642372731
1635776858806,2021-11-01T10:27:38.806,123.62,0.0015746378521102867,-0.002086883962701489,0.0005502667553492087
1635776858816,2021-11-01T10:27:38.816,123.63,0.004183317054591218,0.0017208832973206164,0.0009032997625521719
1635776858826,2021-11-01T10:27:38.826,123.64,0.005191649739673469,0.0034699585831357554,-0.0004470174847719544
1635776858836,2021-11-01T10:27:38.836,123.65,0.0033598451799317884,0.002763607516938044,-0.0016083389899894064
1635776858846,2021-11-01T10:27:38.846,123.66,0.0003371646949643317,0.0030545316754173966,-0.0014817839017883297
1635776858856,2021-11-01T10:27:38.856,123.67,-0.0017052438669525596,0.0034136849305545936,-0.0010320191260920052
1635776858866,2021-11-01T10:27:38.866,123.68,-0.0025157515946508382,0.00029018195911256804,-0.0013474157303678858
1635776858876,2021-11-01T10:27:38.876,123.69,-0.002723689354343743,-0.004213845373056761,-0.0019676610512456417
1635776858886,2021-11-01T10:27:38.886,123.7,-0.0018866520587896402,-0.005155531474190938,-0.0018915321613766924
1635776858896,2021-11-01T10:27:38.896,123.71,0.00022615346395128943,-0.003114092464018688,-0.0010020129756017552
1635776858906,2021-11-01T10:27:38.906,123.72,0.001754446979048914,-0.0018485549854863168,9.906597557038328e-05
1635776858916,2021-11-01T10:27:38.916,123.73,0.0007369696752397307,-0.0008803735507024803,0.0005321678655967323
1635776858926,2021-11-01T10:27:38.926,123.74,-0.0019015097561683157,0.002514375510344423,-0.0005610766900572468
1635776858936,2021-11-01T10:27:38.936,123.75,-0.0034509904772282046,0.006050565223056182,-0.0026683796331389968
1635776858946,2021-11-01T10:27:38.946,123.76,-0.002724180275007319,0.004240493783304504,-0.0035726626164661584
1635776858956,2021-11-01T10:27:38.956,123.77,-0.0006456825175034152,-0.0023149182437957353,-0.0022867084304667505
1635776858966,2021-11-01T10:27:38.966,123.78,0.0014521459893441788,-0.006325184172446087,-0.000952355346686939
1635776858976,2021-11-01T10:27:38.976,123.79,0.0024427973392789036,-0.00447765379417042,-0.0015613691876438564
1635776858986,2021-11-01T10:27:38.986,123.8,0.0014887778550612542,-0.001778086124410401,-0.0027011259472927932
1635776858996,2021-11-01T10:27:38.996,123.81,-0.0005639952766747419,-0.0020405561037049043,-0.0021714544378220436
1635776859006,2021-11-01T10:27:39.006,123.82,-0.0011694376698055144,-0.0015066091919977117,-0.0008165124221697633
1635776859016,2021-11-01T10:27:39.016,123.83,0.0005214630124704798,0.0031912153622713447,-0.0009713977948585361
1635776859026,2021-11-01T10:27:39.026,123.84,0.001961857414591015,0.008072904546544503,-0.002628524791884248
1635776859036,2021-11-01T10:27:39.036,123.85,0.001132290557769723,0.008479167725298881,-0.0036344563964031545
1635776859046,2021-11-01T10:27:39.046,123.86,-9.89029721258967e-05,0.0056287906921127,-0.003021733598128326
1635776859056,2021-11-01T10:27:39.056,123.87,0.0008232703830949818,0.0017405627659865027,-0.002242319326520275
1635776859066,2021-11-01T10:27:39.066,123.88,0.0029123302202205582,-0.0034421370031883576,-0.002691830297343766
1635776859076,2021-11-01T10:27:39.076,123.89,0.003372356292594818,-0.007370470192537552,-0.003272882909705786
1635776859086,2021-11-01T10:27:39.086,123.9,0.0018074012131802722,-0.004992742506636227,-0.0019981435117073557
1635776859096,2021-11-01T10:27:39.096,123.91,0.0003497459683852952,0.002100380805463248,0.0005823504419240821
1635776859106,2021-11-01T10:27:39.106,123.92,0.0003733740161268233,0.005778305086226974,0.0019204224202852458
1635776859116,2021-11-01T10:27:39.116,123.93,0.0008688291981006324,0.0031935081524795753,0.001102224416328705
1635776859126,2021-11-01T10:27:39.126,123.94,0.00033437877629474396,-0.00015002629492837896,-0.000526420490019756
1635776859136,2021-11-01T10:27:39.136,123.95,-0.0009937187490456833,-0.0007620592792929601,-0.0016495009925561288
1635776859146,2021-11-01T10:27:39.146,123.96,-0.0016723882385904583,-0.0018040297355969028,-0.0018270123185169386
1635776859156,2021-11-01T10:27:39.156,123.97,-0.0010624791417626345,-0.005187007247639445,-0.0011338299675796486
1635776859166,2021-11-01T10:27:39.166,123.98,-2.397668593073142e-05,-0.007065341780917527,-0.00023568259310700776
1635776859176,2021-11-01T10:27:39.176,123.99,0.00014172822632026972,-0.0044252817711771236,-1.8658854047531436e-05
1635776859186,2021-11-01T10:27:39.186,124.0,-0.0008260648262521075,-0.00012602407828189808,-0.0007771575078542109
1635776859196,2021-11-01T10:27:39.196,124.01,-0.001834279489707534,0.0013422992448094318,-0.0018934814790958485
1635776859206,2021-11-01T10:27:39.206,124.02,-0.0017882459987413556,-0.0011428031877753068,-0.0021890230137594107
1635776859216,2021-11-01T10:27:39.216,124.03,-0.0008287379985314127,-0.005301359106057644,-0.001152202725299887
1635776859226,2021-11-01T10:27:39.226,124.04,0.0002795186138684869,-0.007077434176946899,2.4656511109700803e-05
1635776859236,2021-11-01T10:27:39.236,124.05,0.001263134517092258,-0.003975842628931068,-0.00033572691119108196
1635776859246,2021-11-01T10:27:39.246,124.06,0.0020676588294745134,0.0007226355912749949,-0.0019415881618829814
1635776859256,2021-11-01T10:27:39.256,124.07,0.002397923167286709,0.0012637907372286493,-0.002548660978679957
1635776859266,2021-11-01T10:27:39.266,124.08,0.002419846410039398,-0.0016178989672724284,-0.0010700155288863712
1635776859276,2021-11-01T10:27:39.276,124.09,0.002884527886742777,-0.0018175862081625516,0.0006230418172644503
1635776859286,2021-11-01T10:27:39.286,124.1,0.0037760144164639786,0.001309317590516027,0.00037972085515529413
1635776859296,2021-11-01T10:27:39.296,124.11,0.004021556692222808,0.0019756311452491454,-0.001049388405894647
1635776859306,2021-11-01T10:27:39.306,124.12,0.0032434552474141717,-0.0014756793765354746,-0.0015040027312584533
1635776859316,2021-11-01T10:27:39.316,124.13,0.00244043623289431,-0.004221162415616677,-0.0006710384254584821
1635776859326,2021-11-01T10:27:39.326,124.14,0.002214136246602474,-0.0037706980875962135,0.00029141335143149255
1635776859336,2021-11-01T10:27:39.336,124.15,0.0019576804481296834,-0.002760789266080718,0.0007283391101176896
1635776859346,2021-11-01T10:27:39.346,124.16,0.0015456077962498077,-0.0027064339739140126,0.00048197248367571704
1635776859356,2021-11-01T10:27:39.356,124.17,0.0018461075251402419,-0.0019920005840333753,-0.00016807673066133728
1635776859366,2021-11-01T10:27:39.366,124.18,0.002849720333145139,-0.0002546630098405611,-7.481190729338716e-05
1635776859376,2021-11-01T10:27:39.376,124.19,0.00333747089792272,0.0005525295780429759,0.0012669935993791656
1635776859386,2021-11-01T10:27:39.386,124.2,0.0028890467773251944,-0.0002471339137761903,0.002551631943178908
1635776859396,2021-11-01T10:27:39.396,124.21,0.0023569716717656204,-0.001064997917112954,0.0025876403730691723
1635776859406,2021-11-01T10:27:39.406,124.22,0.002084121510189949,-0.0009223061484269713,0.0017208915920251372
1635776859416,2021-11-01T10:27:39.416,124.23,0.001326397596731192,-0.0006903250150548633,0.0007726760659580306
1635776859426,2021-11-01T10:27:39.426,124.24,-0.0002038053816886334,-0.0010497727306371257,0.0005002196050395682
1635776859436,2021-11-01T10:27:39.436,124.25,-0.0015845227311874787,-0.0012425374904827724,0.0013840690785361107
1635776859446,2021-11-01T10:27:39.446,124.26,-0.001985160401646941,-0.0006375840887124449,0.002423870540489002
1635776859456,2021-11-01T10:27:39.456,124.27,-0.0017847446002170158,-3.9371224930725155e-06,0.002029935824414423
1635776859466,2021-11-01T10:27:39.466,124.28,-0.0017869734240161935,-9.002437290985826e-05,0.0008278586569907673
1635776859476,2021-11-01T10:27:39.476,124.29,-0.0019336127587613878,-0.00012544791606303822,0.0008861655954301637
1635776859486,2021-11-01T10:27:39.486,124.3,-0.0016518253309708419,0.000753375029573903,0.002165013277003249
1635776859496,2021-11-01T10:27:39.496,124.31,-0.001110431247755921,0.0014498599422925638,0.00274741808801593
1635776859506,2021-11-01T10:27:39.506,124.32,-0.0010582100606284822,0.00018404990089909684,0.0022102999896740274
1635776859516,2021-11-01T10:27:39.516,124.33,-0.0016529802244225746,-0.0024942981133584926,0.0019632356778417474
1635776859526,2021-11-01T10:27:39.526,124.34,-0.002353721325452015,-0.003873589792043715,0.002625394559304749
1635776859536,2021-11-01T10:27:39.536,124.35,-0.0026747767107223415,-0.0023895842389733838,0.003088580487870649
1635776859546,2021-11-01T10:27:39.546,124.36,-0.0025850215826476596,0.0006967941268983925,0.002121817399677476
1635776859556,2021-11-01T10:27:39.556,124.37,-0.0024659362923989863,0.003036386908225317,0.000191377734996474
1635776859566,2021-11-01T10:27:39.566,124.38,-0.0026665569313079063,0.0035972789788325473,-0.0006910581751924128
1635776859576,2021-11-01T10:27:39.576,124.39,-0.002912753740843491,0.003361008688182539,0.00044156230143906045
1635776859586,2021-11-01T10:27:39.586,124.4,-0.002509123534063369,0.003839787451286578,0.0020169555350763673
1635776859596,2021-11-01T10:27:39.596,124.41,-0.0013673106732824663,0.004641675033540038,0.00243858673567238
1635776859606,2021-11-01T10:27:39.606,124.42,-0.000437649064448882,0.0037516336066314823,0.00226101880530764
1635776859616,2021-11-01T10:27:39.616,124.43,-0.0006864313199108698,0.0011470189654621459,0.002046183096411819
1635776859626,2021-11-01T10:27:39.626,124.44,-0.0019396788446087352,-0.0004528552140535849,0.0007301624370053395
1635776859636,2021-11-01T10:27:39.636,124.45,-0.003119268158973965,0.00038644176075661223,-0.0017073792431782627
1635776859646,2021-11-01T10:27:39.646,124.46,-0.003194490582776299,0.002265248917873963,-0.002783860980333886
1635776859656,2021-11-01T10:27:39.656,124.47,-0.001959408116896869,0.003595854681292238,-0.0010291147310000383
1635776859666,2021-11-01T10:27:39.666,124.48,-0.000537408105411779,0.0036241089842010106,0.0015633373725474126
1635776859676,2021-11-01T10:27:39.676,124.49,-0.0001945385210338214,0.002420204950955511,0.002614781508953403
1635776859686,2021-11-01T10:27:39.686,124.5,-4.5595268953106476e-05,0.0019492944059529042,0.002398286421898406
1635776859696,2021-11-01T10:27:39.696,124.51,0.0017229836082314125,0.0037427797709773053,0.002113542244025539
1635776859706,2021-11-01T10:27:39.706,124.52,0.003929829886228736,0.005536510984890507,0.001712800062624649
1635776859716,2021-11-01T10:27:39.716,124.53,0.003575243752732338,0.0050575860817951394,0.0009702998194247654
1635776859726,2021-11-01T10:27:39.726,124.54,0.0011984603941435292,0.004655821616829562,0.0004441918441414657
1635776859736,2021-11-01T10:27:39.736,124.55,8.622744130405355e-05,0.006394975802856156,0.00011121025922727924
1635776859746,2021-11-01T10:27:39.746,124.56,0.00017450265350707375,0.006698946152616004,-0.0009669014674895212
1635776859756,2021-11-01T10:27:39.756,124.57,-0.0015992432596022648,0.0019345266861996446,-0.0025481844443823675
1635776859766,2021-11-01T10:27:39.766,124.58,-0.004994070487597271,-0.004825184791943506,-0.0028681693140910174
1635776859776,2021-11-01T10:27:39.776,124.59,-0.006152336928887949,-0.007705315823588235,-0.0014516048386802112
1635776859786,2021-11-01T10:27:39.786,124.6,-0.0037534848513878856,-0.005457826503511549,-0.00010625029830453782
1635776859796,2021-11-01T10:27:39.796,124.61,-0.0009625350211995178,-0.0012687463996593463,-0.0001991838599402006
1635776859806,2021-11-01T10:27:39.806,124.62,-0.0008657926707622357,0.0025793138014392437,-0.0009131053844921777
1635776859816,2021-11-01T10:27:39.816,124.63,-0.0029123918860912783,0.006218410625611924,-0.0009891447645932142
1635776859826,2021-11-01T10:27:39.826,124.64,-0.004305932359856046,0.008726497339800538,-0.0007356021646802956
1635776859836,2021-11-01T10:27:39.836,124.65,-0.0033694799123700036,0.007063113937202384,-0.0012545344601162702
1635776859846,2021-11-01T10:27:39.846,124.66,-0.0010762495131097609,0.0008083704246581625,-0.0022719399075228595
1635776859856,2021-11-01T10:27:39.856,124.67,0.0003231185928815484,-0.004816592621129033,-0.0022483913003410903
1635776859866,2021-11-01T10:27:39.866,124.68,-7.219026920690882e-05,-0.004348269414384518,-0.0008517773988850607
1635776859876,2021-11-01T10:27:39.876,124.69,-0.000887660472455937,0.0008403005902882969,0.0005764179927539579
1635776859886,2021-11-01T10:27:39.886,124.7,-0.00048712346585429606,0.004761417963911701,0.0013718325267795732
1635776859896,2021-11-01T10:27:39.896,124.71,0.000683997303486798,0.005379409488425363,0.0019345889977084305
1635776859906,2021-11-01T10:27:39.906,124.72,0.0008248548428616547,0.0060816548494006025,0.0017550444680884507
1635776859916,2021-11-01T10:27:39.916,124.73,-0.00046656298720247695,0.008326519821348768,3.14572570101434e-05
1635776859926,2021-11-01T10:27:39.926,124.74,-0.00160107465616197,0.008846287547691803,-0.0020341988498958777
1635776859936,2021-11-01T10:27:39.936,124.75,-0.0013772522250358114,0.006026028901800455,-0.0024799209634138787
1635776859946,2021-11-01T10:27:39.946,124.76,-0.0006435444668032606,0.002935536572482006,-0.001516234310661801
1635776859956,2021-11-01T10:27:39.956,124.77,-0.0008004886788676915,0.0015773297568658102,-0.0008195673629516065
1635776859966,2021-11-01T10:27:39.966,124.78,-0.0015454200968958772,0.0003766780293563824,-0.0006993363566815982
1635776859976,2021-11-01T10:27:39.976,124.79,-0.0015602234049906334,-0.0004922701729061002,-7.435624701528394e-06
1635776859986,2021-11-01T10:27:39.986,124.8,-0.0011230663753293087,0.0017843561463910453,0.0015105874280595224
1635776859996,2021-11-01T10:27:39.996,124.81,-0.0018402661257820498,0.006411921706904843,0.002423071782723704
1635776860006,2021-11-01T10:27:40.006,124.82,-0.0034410000350536363,0.008644905514738968,0.001456846594476108
1635776860016,2021-11-01T10:27:40.016,124.83,-0.0037015671626746635,0.006585313095445381,-0.0006913604314133902
1635776860026,2021-11-01T10:27:40.026,124.84,-0.0023581415062451693,0.0026576401444462217,-0.0018106569350990107
1635776860036,2021-11-01T10:27:40.036,124.85,-0.001737560482782984,-0.000750253180674301,-0.0006640780189194828
1635776860046,2021-11-01T10:27:40.046,124.86,-0.002697218721817434,-0.0025532106541370247,0.001149681584408746
1635776860056,2021-11-01T10:27:40.056,124.87,-0.0035846848522189667,-0.002177836944354925,0.0011626460482218452
1635776860066,2021-11-01T10:27:40.066,124.88,-0.0036643084202557666,-0.0006642569516080967,-0.00023029915169454841
1635776860076,2021-11-01T10:27:40.076,124.89,-0.0039815705498495915,0.00021896562405274018,-0.0005905319754434495
1635776860086,2021-11-01T10:27:40.086,124.9,-0.004773723013603946,0.000992275184136731,0.0003015162420683871
1635776860096,2021-11-01T10:27:40.096,124.91,-0.005008456188842948,0.003073939736225435,0.0005905269134399251
1635776860106,2021-11-01T10:27:40.106,124.92,-0.004293741767880232,0.004889643337463146,3.867945654547315e-05
1635776860116,2021-11-01T10:27:40.116,124.93,-0.003290525693179322,0.0035826730482780332,-0.00024277523338020517
1635776860126,2021-11-01T10:27:40.126,124.94,-0.002607510241730813,-0.00016062204799639464,-0.0004232610863695406
1635776860136,2021-11-01T10:27:40.136,124.95,-0.002377560094195808,-0.0026863733106549954,-0.0010594483734821948
1635776860146,2021-11-01T10:27:40.146,124.96,-0.002590313804770961,-0.0020442693349395228,-0.0013033492511170415
1635776860156,2021-11-01T10:27:40.156,124.97,-0.003117255440392847,0.0004826314729912693,-0.0003459849136895496
1635776860166,2021-11-01T10:27:40.166,124.98,-0.003377613032987967,0.002799885134356534,0.000867533696344179
1635776860176,2021-11-01T10:27:40.176,124.99,-0.0026938581821871416,0.004130337302318332,0.000892469075566356
1635776860186,2021-11-01T10:27:40.186,125.0,-0.0014000059174540547,0.004951495864572498,-0.00018608348677136817
1635776860196,2021-11-01T10:27:40.196,125.01,-0.0005805487025316001,0.0058845082886827,-0.0010690353292680049
1635776860206,2021-11-01T10:27:40.206,125.02,-0.00021726590100732302,0.006873524014680499,-0.0010560949081071986
1635776860216,2021-11-01T10:27:40.216,125.03,0.0006643119945563614,0.007197359791693055,-0.000485435154536217
1635776860226,2021-11-01T10:27:40.226,125.04,0.001664326362674629,0.006186789393898575,0.00019264108716815024
1635776860236,2021-11-01T10:27:40.236,125.05,0.0013140291703557239,0.00409640764587162,0.0006538446046340769
1635776860246,2021-11-01T10:27:40.246,125.06,-0.00019310437854789722,0.0022967345681186085,0.0005480853608454624
1635776860256,2021-11-01T10:27:40.256,125.07,-0.0012555127030671627,0.0020254090225204024,0.00019720904374412584
1635776860266,2021-11-01T10:27:40.266,125.08,-0.0014753476497752465,0.0028384737257275885,0.0007310570690302523
1635776860276,2021-11-01T10:27:40.276,125.09,-0.0015834207710974956,0.003330865439889621,0.0025073206848959077
1635776860286,2021-11-01T10:27:40.286,125.1,-0.0015837292734987378,0.0032896707863299787,0.004304295820159862
1635776860296,2021-11-01T10:27:40.296,125.11,-0.0009712004668709011,0.003512988500633981,0.004995058000510489
1635776860306,2021-11-01T10:27:40.306,125.12,4.4338622944448624e-07,0.00383261075091378,0.004950596854021584
1635776860316,2021-11-01T10:27:40.316,125.13,0.00047216191326712736,0.0033462813831708826,0.004998364425598401
1635776860326,2021-11-01T10:27:40.326,125.14,-4.089917215498805e-06,0.0022266283752192546,0.004983804272088079
1635776860336,2021-11-01T10:27:40.336,125.15,-0.0008679698699414657,0.0014726569741356768,0.004285103286018711
1635776860346,2021-11-01T10:27:40.346,125.16,-0.0010984598663620624,0.0014295017673501393,0.0033377661497610246
1635776860356,2021-11-01T10:27:40.356,125.17,-0.0006624286299637281,0.0018399091872110872,0.0033264307606228043
1635776860366,2021-11-01T10:27:40.366,125.18,-0.0006759122819453361,0.00237757588820657,0.004209226121202713
1635776860376,2021-11-01T10:27:40.376,125.19,-0.0017414028253628052,0.0022790267453305433,0.004800785328141122
1635776860386,2021-11-01T10:27:40.386,125.2,-0.0032811042202624363,0.0008547061656558521,0.004744063962838864
1635776860396,2021-11-01T10:27:40.396,125.21,-0.004573921038514708,-0.0010814463962598826,0.004387297557935118
1635776860406,2021-11-01T10:27:40.406,125.22,-0.005315040883035899,-0.0017182291244118631,0.003618420814728336
1635776860416,2021-11-01T10:27:40.416,125.23,-0.005507696650512255,-0.00019975453120711303,0.0026137659034952726
1635776860426,2021-11-01T10:27:40.426,125.24,-0.005403366067289485,0.002819448204843792,0.002240441948639645
1635776860436,2021-11-01T10:27:40.436,125.25,-0.00505058293381927,0.005532228918550493,0.0026895811701528323
1635776860446,2021-11-01T10:27:40.446,125.26,-0.00430613071972696,0.005614075739070152,0.003065095570087316
1635776860456,2021-11-01T10:27:40.456,125.27,-0.0036719991583366645,0.002725212834145353,0.002606082226343122
1635776860466,2021-11-01T10:27:40.466,125.28,-0.00366643291254424,0.00024392898808570703,0.001699515966174341
1635776860476,2021-11-01T10:27:40.476,125.29,-0.0034660284631241687,0.0014047159178025466,0.0014851617026440367
1635776860486,2021-11-01T10:27:40.486,125.3,-0.002347651046635937,0.004346017475126339,0.002186167068250335
1635776860496,2021-11-01T10:27:40.496,125.31,-0.001364283723732899,0.005029813285797842,0.0026235565207763855
1635776860506,2021-11-01T10:27:40.506,125.32,-0.0012443269772482461,0.003839484015446551,0.002183584109001476
1635776860516,2021-11-01T10:27:40.516,125.33,-0.0010374473985564668,0.003745255759718214,0.001707440954843252
1635776860526,2021-11-01T10:27:40.526,125.34,-0.0005994477229231019,0.003553069893989084,0.0018197422863032815
1635776860536,2021-11-01T10:27:40.536,125.35,-0.0008834000402276106,0.0005313157521933424,0.002342180190782547
1635776860546,2021-11-01T10:27:40.546,125.36,-0.0011675906921310613,-0.001978399100709372,0.00311190706099015
1635776860556,2021-11-01T10:27:40.556,125.37,-0.0001285122082312486,0.0009226495337391926,0.003608987840879024
1635776860566,2021-11-01T10:27:40.566,125.38,0.0011048012885857329,0.005379869655257259,0.003131101555125835
1635776860576,2021-11-01T10:27:40.576,125.39,0.0011334846447213786,0.0038128846415376684,0.002342882485225563
1635776860586,2021-11-01T10:27:40.586,125.4,0.0012420357268100673,-0.0017124866537831713,0.002432446847914051
1635776860596,2021-11-01T10:27:40.596,125.41,0.0021894330970578645,-0.002341960694354591,0.0028361984850248084
1635776860606,2021-11-01T10:27:40.606,125.42,0.0016905074261927152,0.0035316296977178975,0.0023837517018568634
1635776860616,2021-11-01T10:27:40.616,125.43,-0.001190186065502167,0.009681700156768235,0.0015671744062996495
1635776860626,2021-11-01T10:27:40.626,125.44,-0.003491015182937302,0.012586927019472293,0.0013162552997956663
1635776860636,2021-11-01T10:27:40.636,125.45,-0.0033028408883282578,0.012643406401889854,0.0012142929462640424
1635776860646,2021-11-01T10:27:40.646,125.46,-0.0029259828296097174,0.008457975201235214,0.0005885676497125892
1635776860656,2021-11-01T10:27:40.656,125.47,-0.004687332679503301,-0.0005388485571964083,-0.00022267226632702964
1635776860666,2021-11-01T10:27:40.666,125.48,-0.007291583414617256,-0.008912421018161419,-0.0003864921075868757
1635776860676,2021-11-01T10:27:40.676,125.49,-0.008291693291149696,-0.01045392072102692,0.0005802654053825401
1635776860686,2021-11-01T10:27:40.686,125.5,-0.0075741190535229454,-0.005822031317962377,0.0020814311377386017
1635776860696,2021-11-01T10:27:40.696,125.51,-0.006793800313369271,0.00013596635450414008,0.002586119362909918
1635776860706,2021-11-01T10:27:40.706,125.52,-0.006853898490782745,0.0049681818515297654,0.0018873358590307898
1635776860716,2021-11-01T10:27:40.716,125.53,-0.006965012966393767,0.00833058093930291,0.001973963436521109
1635776860726,2021-11-01T10:27:40.726,125.54,-0.005754781465938076,0.008707351967102126,0.0037235799564604775
1635776860736,2021-11-01T10:27:40.736,125.55,-0.0031708172996970955,0.004763918751072103,0.005242176165092918
1635776860746,2021-11-01T10:27:40.746,125.56,-0.0008924142691280306,-0.0014157758897478138,0.005306338536021412
1635776860756,2021-11-01T10:27:40.756,125.57,-0.00025314741054416594,-0.005365711142972037,0.005107552203071946
1635776860766,2021-11-01T10:27:40.766,125.58,-0.0006231858036493275,-0.004517341811947692,0.005362342870362767
1635776860776,2021-11-01T10:27:40.776,125.59,-0.0007778290251358295,-0.0005181019357940151,0.005131342162779168
1635776860786,2021-11-01T10:27:40.786,125.6,-0.0008248560074792721,0.002732003587939476,0.004125003062512634
1635776860796,2021-11-01T10:27:40.796,125.61,-0.0014619940913808904,0.0034525452978413757,0.0032844803865869814
1635776860806,2021-11-01T10:27:40.806,125.62,-0.0021119172749002537,0.003711682678782484,0.0029377277459099347
1635776860816,2021-11-01T10:27:40.816,125.63,-0.0016798035891751424,0.0054686575118339026,0.0025200701750112543
1635776860826,2021-11-01T10:27:40.826,125.64,-0.0007425011149963186,0.00681304749598567,0.001777252886489019
1635776860836,2021-11-01T10:27:40.836,125.65,-0.0005724669954834157,0.005179254992368366,0.0007496419562449935
1635776860846,2021-11-01T10:27:40.846,125.66,-0.0005431613204578557,0.00192057972973529,-0.0005101015760143354
1635776860856,2021-11-01T10:27:40.856,125.67,0.0006479308143640682,0.0002274076129730478,-0.001018443203842979
1635776860866,2021-11-01T10:27:40.866,125.68,0.0022792484344952377,0.0009296355450054311,0.0006543076234585471
1635776860876,2021-11-01T10:27:40.876,125.69,0.0029945781807463557,0.0027112133455799593,0.003512837834862596
1635776860886,2021-11-01T10:27:40.886,125.7,0.003213696753031921,0.004029045168137028,0.004130269941286506
1635776860896,2021-11-01T10:27:40.896,125.71,0.003767906342139866,0.0037844217089770147,0.0014619461535124983
1635776860906,2021-11-01T10:27:40.906,125.72,0.003945801482997911,0.0021107543318678954,-0.0013385728236025931
1635776860916,2021-11-01T10:27:40.916,125.73,0.002707188458260234,0.0006317642051262302,-0.0019286847511927703
1635776860926,2021-11-01T10:27:40.926,125.74,0.0006634600819388979,0.0005398605897211491,-0.0018110421330527076
1635776860936,2021-11-01T10:27:40.936,125.75,-0.0005804641738853233,0.0009412284864398033,-0.0025675929561339308
1635776860946,2021-11-01T10:27:40.946,125.76,-0.0008782499678215514,0.0004881839982818887,-0.0033507803331551383
1635776860956,2021-11-01T10:27:40.956,125.77,-0.0017752460266071061,-0.00037116253131265145,-0.003602809716442632
1635776860966,2021-11-01T10:27:40.966,125.78,-0.0036677037939139893,-0.0005607931252702523,-0.004242724498518831
1635776860976,2021-11-01T10:27:40.976,125.79,-0.004837123317981909,-0.0004242127959813659,-0.005200900947728642
1635776860986,2021-11-01T10:27:40.986,125.8,-0.004340539189837039,-0.0007708255351834912,-0.005152658981375364
1635776860996,2021-11-01T10:27:40.996,125.81,-0.0035202235319795995,-0.001444939240359926,-0.004141380833651559
1635776861006,2021-11-01T10:27:41.006,125.82,-0.0037515495100912287,-0.0020595034148506723,-0.0036542306288031862
1635776861016,2021-11-01T10:27:41.016,125.83,-0.004582293881745497,-0.002579482606737098,-0.0038866629930694022
1635776861026,2021-11-01T10:27:41.026,125.84,-0.004562181513365061,-0.002962411382798854,-0.0035402039675963204
1635776861036,2021-11-01T10:27:41.036,125.85,-0.0029684224796696903,-0.003415198400636077,-0.002612777252200582
1635776861046,2021-11-01T10:27:41.046,125.86,-0.0006407942999140666,-0.004130533344658606,-0.0025322908232897397
1635776861056,2021-11-01T10:27:41.056,125.87,0.0008906043913147929,-0.004280663181841064,-0.0030300811894199116
1635776861066,2021-11-01T10:27:41.066,125.88,0.0011862364897251836,-0.0029681177652298623,-0.0022020649235185716
1635776861076,2021-11-01T10:27:41.076,125.89,0.0011720001098339042,-0.001020228012588324,-0.00020010220677378913
1635776861086,2021-11-01T10:27:41.086,125.9,0.0017053806374819338,-0.00015104614440558444,0.0007448948918398289
1635776861096,2021-11-01T10:27:41.096,125.91,0.0027760853625820657,-0.0008766109703727922,0.00021588339391162564
1635776861106,2021-11-01T10:27:41.106,125.92,0.0037038475839156447,-0.0021704394715395393,7.55351255171496e-05
1635776861116,2021-11-01T10:27:41.116,125.93,0.0035821382315382863,-0.002637286738454924,0.0011066632055566528
1635776861126,2021-11-01T10:27:41.126,125.94,0.0025793750848733614,-0.0019682408987192787,0.0019319515468394942
1635776861136,2021-11-01T10:27:41.136,125.95,0.002401863132051969,-0.0012665892859424995,0.001309168579667464
1635776861146,2021-11-01T10:27:41.146,125.96,0.0038805087152513846,-0.0014362572234480199,-2.2275003989281113e-05
1635776861156,2021-11-01T10:27:41.156,125.97,0.005556032216726092,-0.0019724132237158723,-0.000247588161483274
1635776861166,2021-11-01T10:27:41.166,125.98,0.00606165947537447,-0.002212853404535445,0.0009181472529586211
1635776861176,2021-11-01T10:27:41.176,125.99,0.005706781121797715,-0.0026098803771770723,0.001615487061326569
1635776861186,2021-11-01T10:27:41.186,126.0,0.005059940305983676,-0.0036026750629918713,0.0008104022169029372
1635776861196,2021-11-01T10:27:41.196,126.01,0.004235441405433208,-0.004364311104512058,3.190613066511496e-05
1635776861206,2021-11-01T10:27:41.206,126.02,0.003552089018248987,-0.003947053937185484,0.00046266726387341075
1635776861216,2021-11-01T10:27:41.216,126.03,0.0033030949487244353,-0.002871623320723679,0.0008798239922788397
1635776861226,2021-11-01T10:27:41.226,126.04,0.0032001715095981162,-0.0025655897295929165,0.00033394367281061794
1635776861236,2021-11-01T10:27:41.236,126.05,0.0028258521655712956,-0.003669800656964553,-0.00021574021964500538
1635776861246,2021-11-01T10:27:41.246,126.06,0.0023808016598566867,-0.0054145514359429225,-0.0003035786258242959
1635776861256,2021-11-01T10:27:41.256,126.07,0.002516645760878557,-0.006602989223768292,-0.000640262638624819
1635776861266,2021-11-01T10:27:41.266,126.08,0.0032970769676899563,-0.0069498369672913425,-0.0008838729877561186
1635776861276,2021-11-01T10:27:41.276,126.09,0.003872172214351096,-0.006849875430979332,-6.976223422063455e-05
1635776861286,2021-11-01T10:27:41.286,126.1,0.0036623727888326916,-0.006141316855327135,0.0010349019619868732
1635776861296,2021-11-01T10:27:41.296,126.11,0.0032446213452343186,-0.004580830452131703,0.001033285412362753
1635776861306,2021-11-01T10:27:41.306,126.12,0.0035547479805623536,-0.0032872232493878022,0.0003836189456386782
1635776861316,2021-11-01T10:27:41.316,126.13,0.0046018410891955405,-0.003805246683295721,0.0001127157748335671
1635776861326,2021-11-01T10:27:41.326,126.14,0.005264573089400318,-0.005885935313299905,-0.0004468467108774521
1635776861336,2021-11-01T10:27:41.336,126.15,0.004545500275339256,-0.007947337157703141,-0.0020661557563830387
1635776861346,2021-11-01T10:27:41.346,126.16,0.0029943737912381725,-0.009454184512688438,-0.0034940004268476463
1635776861356,2021-11-01T10:27:41.356,126.17,0.002095630066241529,-0.010981787637388364,-0.003369358197562422
1635776861366,2021-11-01T10:27:41.366,126.18,0.0023220927878209144,-0.011775104906617161,-0.0025690189988082776
1635776861376,2021-11-01T10:27:41.376,126.19,0.0030957303477518756,-0.009446986553353675,-0.0025785786591255317
1635776861386,2021-11-01T10:27:41.386,126.2,0.004152726200715937,-0.003954088719317618,-0.003202184170875935
1635776861396,2021-11-01T10:27:41.396,126.21,0.005183173476727431,-0.00010923528194916612,-0.003550166520662115
1635776861406,2021-11-01T10:27:41.406,126.22,0.005200934074490441,-0.0022097926961912083,-0.003596630554104764
1635776861416,2021-11-01T10:27:41.416,126.23,0.004275136568977563,-0.007064723981048944,-0.0035971412447365894
1635776861426,2021-11-01T10:27:41.426,126.24,0.004192230593639434,-0.008052475183960045,-0.003686528336841571
1635776861436,2021-11-01T10:27:41.436,126.25,0.005406723990355912,-0.00538341810111895,-0.0042490695869413665
1635776861446,2021-11-01T10:27:41.446,126.26,0.005837851939054112,-0.00460812752588138,-0.004928178663718663
1635776861456,2021-11-01T10:27:41.456,126.27,0.004671877042056996,-0.005830831904432167,-0.004498522796564674
1635776861466,2021-11-01T10:27:41.466,126.28,0.003990422401812743,-0.004355189073529353,-0.0034261750409185195
1635776861476,2021-11-01T10:27:41.476,126.29,0.004632833199270451,-0.00156680488573154,-0.003853644810381641
1635776861486,2021-11-01T10:27:41.486,126.3,0.00442863013754732,-0.004022910215360353,-0.005441341557087942
1635776861496,2021-11-01T10:27:41.496,126.31,0.0025382417527537193,-0.01142484433315006,-0.004955667426441104
1635776861506,2021-11-01T10:27:41.506,126.32,0.0014922030822304409,-0.016113148649212743,-0.0016283097892236136
1635776861516,2021-11-01T10:27:41.516,126.33,0.0028702015345977677,-0.01482266838804521,0.001051967728669144
1635776861526,2021-11-01T10:27:41.526,126.34,0.004541778415335573,-0.011452540511587912,0.0004959250750003125
1635776861536,2021-11-01T10:27:41.536,126.35,0.004353359155673506,-0.008425539518897874,-0.0016965470570409283
1635776861546,2021-11-01T10:27:41.546,126.36,0.00350767497424814,-0.004315122814399955,-0.0028496099259019358
1635776861556,2021-11-01T10:27:41.556,126.37,0.0038908399663191914,-0.00031457911618029764,-0.0024434806745605034
1635776861566,2021-11-01T10:27:41.566,126.38,0.004769422343738961,-0.0008283029258371021,-0.0015056503317493527
1635776861576,2021-11-01T10:27:41.576,126.39,0.004686153981993937,-0.006066104087338178,-0.0011290343267004992
1635776861586,2021-11-01T10:27:41.586,126.4,0.004103578768588649,-0.010539592547075623,-0.0016205824483379707
1635776861596,2021-11-01T10:27:41.596,126.41,0.004012897558257033,-0.010764339380620703,-0.0020699990390974045
1635776861606,2021-11-01T10:27:41.606,126.42,0.004252320393406846,-0.00914463374776909,-0.0017908885075064477
1635776861616,2021-11-01T10:27:41.616,126.43,0.004414551591982178,-0.008715805190769164,-0.0019195510798097769
1635776861626,2021-11-01T10:27:41.626,126.44,0.004480127689640685,-0.00894136660345884,-0.0035929247481666033
1635776861636,2021-11-01T10:27:41.636,126.45,0.0043817446194185945,-0.008166903429007225,-0.005631672502745223
1635776861646,2021-11-01T10:27:41.646,126.46,0.004266915844671202,-0.006377037435739952,-0.00612532524913241
1635776861656,2021-11-01T10:27:41.656,126.47,0.004729487853607482,-0.004769151551460456,-0.004947820975977934
1635776861666,2021-11-01T10:27:41.666,126.48,0.006064046960992534,-0.004988818393284731,-0.0034168826196083156
1635776861676,2021-11-01T10:27:41.676,126.49,0.007762156495324605,-0.007806077320100188,-0.002707814137052822
1635776861686,2021-11-01T10:27:41.686,126.5,0.008951083498771491,-0.010831212869625375,-0.00300739628481872
1635776861696,2021-11-01T10:27:41.696,126.51,0.009084427833933281,-0.00996704076159207,-0.0036146168732644366
1635776861706,2021-11-01T10:27:41.706,126.52,0.00836153391432292,-0.004894987627191501,-0.003913195102560551
1635776861716,2021-11-01T10:27:41.716,126.53,0.007606512727101035,-0.0005535064750238276,-0.0039672257183987255
1635776861726,2021-11-01T10:27:41.726,126.54,0.007427796973275783,-0.0015743928850633392,-0.003970070296192277
1635776861736,2021-11-01T10:27:41.736,126.55,0.007635331420701032,-0.007217651297731617,-0.003913374210561871
1635776861746,2021-11-01T10:27:41.746,126.56,0.007875454671956952,-0.012851837653239101,-0.0039729478538247445
1635776861756,2021-11-01T10:27:41.756,126.57,0.00808417676797357,-0.014948437475926966,-0.0043469577748508235
1635776861766,2021-11-01T10:27:41.766,126.58,0.007859376003949647,-0.013764129507068134,-0.004644285877045605
1635776861776,2021-11-01T10:27:41.776,126.59,0.006762456886945193,-0.011709642068703566,-0.004305223463391387
1635776861786,2021-11-01T10:27:41.786,126.6,0.005568161222876851,-0.009919455477686748,-0.0036742485321416985
1635776861796,2021-11-01T10:27:41.796,126.61,0.0055283625120739355,-0.007662688477466922,-0.003719093937238151
1635776861806,2021-11-01T10:27:41.806,126.62,0.00638733515458836,-0.005247068372358074,-0.004554274306701042
1635776861816,2021-11-01T10:27:41.816,126.63,0.006770492512754298,-0.004916714973215516,-0.005220226014826605
1635776861826,2021-11-01T10:27:41.826,126.64,0.006213681910798235,-0.0075780856871788755,-0.005170204496460198
1635776861836,2021-11-01T10:27:41.836,126.65,0.0054132122569167,-0.011077620767315971,-0.005001969901664584
1635776861846,2021-11-01T10:27:41.846,126.66,0.004969843936682655,-0.01296344243475911,-0.005251655052158492
1635776861856,2021-11-01T10:27:41.856,126.67,0.004988451515365652,-0.012992737531608602,-0.005312167056330843
1635776861866,2021-11-01T10:27:41.866,126.68,0.005518309473620765,-0.01210716197342437,-0.004390542070751887
1635776861876,2021-11-01T10:27:41.876,126.69,0.006612144435654848,-0.010742124443430128,-0.0030397174377953043
1635776861886,2021-11-01T10:27:41.886,126.7,0.008083314448973145,-0.009466092920398628,-0.0026251902764127507
1635776861896,2021-11-01T10:27:41.896,126.71,0.009486447590243854,-0.00963201702874809,-0.003380946871598002
1635776861906,2021-11-01T10:27:41.906,126.72,0.010235410282346,-0.01114491553256704,-0.00411298934398933
1635776861916,2021-11-01T10:27:41.916,126.73,0.00997118875983816,-0.011587834897979613,-0.003962332862571823
1635776861926,2021-11-01T10:27:41.926,126.74,0.009184237829888503,-0.01040492123788122,-0.0034403569036972016
1635776861936,2021-11-01T10:27:41.936,126.75,0.009015974075423917,-0.010607692520087862,-0.0033418052197302667
1635776861946,2021-11-01T10:27:41.946,126.76,0.00993392454910669,-0.013041914881351827,-0.0034842890805766545
1635776861956,2021-11-01T10:27:41.956,126.77,0.011021283095772072,-0.0137457745476295,-0.003136688903284772
1635776861966,2021-11-01T10:27:41.966,126.78,0.010948043308148844,-0.010530551189167472,-0.002173070715574347
1635776861976,2021-11-01T10:27:41.976,126.79,0.009477579471506715,-0.0068344901538738585,-0.0012475920875976456
1635776861986,2021-11-01T10:27:41.986,126.8,0.007970783457011502,-0.0058890072922233305,-0.0010262530484973537
1635776861996,2021-11-01T10:27:41.996,126.81,0.008123166424537122,-0.006336654335312102,-0.0014744203278686417
1635776862006,2021-11-01T10:27:42.006,126.82,0.009843208614990464,-0.006274642952065224,-0.0018522079741004776
1635776862016,2021-11-01T10:27:42.016,126.83,0.011243777235146519,-0.006945674625091039,-0.0015121385362344576
1635776862026,2021-11-01T10:27:42.026,126.84,0.011391880224640844,-0.009859201846671196,-0.0007567581472089082
1635776862036,2021-11-01T10:27:42.036,126.85,0.01147802547259715,-0.013424023497662068,-0.0005516595990990403
1635776862046,2021-11-01T10:27:42.046,126.86,0.012251665890620099,-0.014771881747146384,-0.0011926754019191352
1635776862056,2021-11-01T10:27:42.056,126.87,0.012234462785796204,-0.013529800180952083,-0.0017793650666513502
1635776862066,2021-11-01T10:27:42.066,126.88,0.00994713106803707,-0.01188621135322415,-0.0013981462258007347
1635776862076,2021-11-01T10:27:42.076,126.89,0.006586119201060072,-0.01122261367115965,-0.00033099894388907784
1635776862086,2021-11-01T10:27:42.086,126.9,0.0048193350737531,-0.0106713823584451,0.0002843218766411789
1635776862096,2021-11-01T10:27:42.096,126.91,0.005177197383658052,-0.009462210148033086,-0.000295576567821029
1635776862106,2021-11-01T10:27:42.106,126.92,0.005450933001523243,-0.008492500274287208,-0.0015755793165125771
1635776862116,2021-11-01T10:27:42.116,126.93,0.0042348101075486005,-0.008652985147992294,-0.0022459300174514775
1635776862126,2021-11-01T10:27:42.126,126.94,0.00278589222766134,-0.009634789789686312,-0.0018085776038668914
1635776862136,2021-11-01T10:27:42.136,126.95,0.002307613706306677,-0.011102532546649729,-0.0014012963403560634
1635776862146,2021-11-01T10:27:42.146,126.96,0.0019886837118020953,-0.012984208008460327,-0.0021810978933064513
1635776862156,2021-11-01T10:27:42.156,126.97,0.000980536930404011,-0.013999066437973103,-0.003373354753868347
1635776862166,2021-11-01T10:27:42.166,126.98,0.0001771889679706753,-0.01201764011096177,-0.003167862072085713
1635776862176,2021-11-01T10:27:42.176,126.99,0.0009227568031545468,-0.00720030852924288,-0.0015368580066501647
1635776862186,2021-11-01T10:27:42.186,127.0,0.0029808189767832026,-0.003456590769219503,-0.0006128871093031223
1635776862196,2021-11-01T10:27:42.196,127.01,0.004819950143892566,-0.0044413236766873265,-0.0013463642104735727
1635776862206,2021-11-01T10:27:42.206,127.02,0.005932693677595552,-0.00806885035311235,-0.0018391875789840822
1635776862216,2021-11-01T10:27:42.216,127.03,0.007161969799017363,-0.008466744093765768,-0.000971950720111049
1635776862226,2021-11-01T10:27:42.226,127.04,0.008039776384424054,-0.004557449049581353,-0.0006391945450930408
1635776862236,2021-11-01T10:27:42.236,127.05,0.006872321531508553,-0.0017138340299132399,-0.0017043127973658838
1635776862246,2021-11-01T10:27:42.246,127.06,0.004506380220316646,-0.002759850940641613,-0.0020833345190084487
1635776862256,2021-11-01T10:27:42.256,127.07,0.003894527691890716,-0.003822801080011982,-0.0013729381003661448
1635776862266,2021-11-01T10:27:42.266,127.08,0.005027505589640637,-0.002243485688076176,-0.001817859500091616
1635776862276,2021-11-01T10:27:42.276,127.09,0.0047234477739897945,-0.0016235381176035277,-0.003163625796120992
1635776862286,2021-11-01T10:27:42.286,127.1,0.002074069144679718,-0.004994993872122829,-0.002783679481234855
1635776862296,2021-11-01T10:27:42.296,127.11,6.98885898561606e-05,-0.009027121801143788,-0.0009772928486011846
1635776862306,2021-11-01T10:27:42.306,127.12,0.0010446270030305884,-0.00946785074560994,-0.00011035210740221321
1635776862316,2021-11-01T10:27:42.316,127.13,0.003511492765093433,-0.007520237116164331,-4.310823246637804e-05
1635776862326,2021-11-01T10:27:42.326,127.14,0.0046142133372561005,-0.006127745422479301,0.0003816905568991349
1635776862336,2021-11-01T10:27:42.336,127.15,0.0037818813860607875,-0.004277408413955586,0.00017438201428033548
1635776862346,2021-11-01T10:27:42.346,127.16,0.0025665580706579925,-0.00045399853143639234,-0.0012521251779141415
1635776862356,2021-11-01T10:27:42.356,127.17,0.001972131651203443,0.002039789089850541,-0.0018417867188545143
1635776862366,2021-11-01T10:27:42.366,127.18,0.0015398828754441124,-0.0007007126137566452,-0.000542649451381809
1635776862376,2021-11-01T10:27:42.376,127.19,0.0007600009749215273,-0.006247888348515133,0.00024144923825486354
1635776862386,2021-11-01T10:27:42.386,127.2,-2.975766773904081e-05,-0.008667181840273144,-0.0013822236857113247
1635776862396,2021-11-01T10:27:42.396,127.21,-0.00035859477007871575,-0.006398457114784699,-0.0034558222792054573
1635776862406,2021-11-01T10:27:42.406,127.22,-0.00017861132801923256,-0.0027609153638219154,-0.0033355526443035605
1635776862416,2021-11-01T10:27:42.416,127.23,0.00047289471854930606,-0.00040449784557359766,-0.0016494001534875283
1635776862426,2021-11-01T10:27:42.426,127.24,0.0014002428367853995,0.0010092298183402343,-0.00079723997021888
1635776862436,2021-11-01T10:27:42.436,127.25,0.001959167793941931,0.0028027085545682417,-0.0014906813812807084
1635776862446,2021-11-01T10:27:42.446,127.26,0.0017738943916211331,0.005084931674690418,-0.0026516327277543166
1635776862456,2021-11-01T10:27:42.456,127.27,0.0013188262351338988,0.006215841065792664,-0.0033093456835982084
1635776862466,2021-11-01T10:27:42.466,127.28,0.001131145055887431,0.004459955336615654,-0.003290087973532811
1635776862476,2021-11-01T10:27:42.476,127.29,0.0010965346581690415,0.0003097523351785382,-0.002833913717683782
1635776862486,2021-11-01T10:27:42.486,127.3,0.0009063099418890001,-0.0034244531169081464,-0.002216557617868363
1635776862496,2021-11-01T10:27:42.496,127.31,0.0006268912778835459,-0.0036032184444221484,-0.0016133983332514623
1635776862506,2021-11-01T10:27:42.506,127.32,0.0005133344553298792,0.0006810780336427304,-0.0012494034786840645
1635776862516,2021-11-01T10:27:42.516,127.33,0.0005662905052239123,0.006152592088379012,-0.001377147900758633
1635776862526,2021-11-01T10:27:42.526,127.34,0.0005842818410328119,0.0076629977305806,-0.00183636070197939
1635776862536,2021-11-01T10:27:42.536,127.35,0.0006236636506480614,0.004528083742259423,-0.002025364333176885
1635776862546,2021-11-01T10:27:42.546,127.36,0.0010755856572014753,0.0014163955435872644,-0.0016348991422889792
1635776862556,2021-11-01T10:27:42.556,127.37,0.002068880999477789,0.0009001565052978904,-0.0011788056392637437
1635776862566,2021-11-01T10:27:42.566,127.38,0.0029198414623274327,0.0004210871008629816,-0.0014582923337782766
1635776862576,2021-11-01T10:27:42.576,127.39,0.0024896838595233678,-0.0010623818507618662,-0.0024536217744613297
1635776862586,2021-11-01T10:27:42.586,127.4,0.00042626031670779885,-0.0004695860933992944,-0.0031396320287792596
1635776862596,2021-11-01T10:27:42.596,127.41,-0.001983099025820089,0.002742849159258476,-0.0026924571983729596
1635776862606,2021-11-01T10:27:42.606,127.42,-0.002770943686667529,0.004826063249523419,-0.001549543966568675
1635776862616,2021-11-01T10:27:42.616,127.43,-0.0014327935730356158,0.004638278921615145,-0.0008729129221574018
1635776862626,2021-11-01T10:27:42.626,127.44,0.00034448962177378894,0.004965092814912276,-0.0010488686340617277
1635776862636,2021-11-01T10:27:42.636,127.45,0.0005783077839246383,0.006332256983265342,-0.0012483561436631772
1635776862646,2021-11-01T10:27:42.646,127.46,-0.000677898796878355,0.006463295421110384,-0.000935052261271731
1635776862656,2021-11-01T10:27:42.656,127.47,-0.001632310982192063,0.00538872838745051,-0.0010672316272890112
1635776862666,2021-11-01T10:27:42.666,127.48,-0.0014381218272926626,0.005245437307442582,-0.002395521345422637
1635776862676,2021-11-01T10:27:42.676,127.49,-0.001397745314118402,0.006302270603130268,-0.003407660188516507
1635776862686,2021-11-01T10:27:42.686,127.5,-0.0026983464866946563,0.007331479873595029,-0.0023730804307756257
1635776862696,2021-11-01T10:27:42.696,127.51,-0.004291686079050538,0.008088850716968235,-0.0006057836377818277
1635776862706,2021-11-01T10:27:42.706,127.52,-0.0045232259467236306,0.008824391558424918,-0.0006469595969181689
1635776862716,2021-11-01T10:27:42.716,127.53,-0.003763004568614927,0.009175198160596162,-0.0020587145069057376
1635776862726,2021-11-01T10:27:42.726,127.54,-0.003500399719334887,0.009025798389951678,-0.0023447925557046044
1635776862736,2021-11-01T10:27:42.736,127.55,-0.003574985026439213,0.009072599194976362,-0.0011697583885069646
1635776862746,2021-11-01T10:27:42.746,127.56,-0.0027075587881435857,0.009786435702213093,-0.00024942274991014213
1635776862756,2021-11-01T10:27:42.756,127.57,-0.0015350156529096988,0.010638269777845459,0.00015252033750761993
1635776862766,2021-11-01T10:27:42.766,127.58,-0.0022576692128283174,0.010752956921809831,0.001264833027829224
1635776862776,2021-11-01T10:27:42.776,127.59,-0.0049585261055432785,0.01009805962047519,0.003044611658439268
1635776862786,2021-11-01T10:27:42.786,127.6,-0.007023774765482808,0.009699594034796984,0.004340399247563071
1635776862796,2021-11-01T10:27:42.796,127.61,-0.006667232805140831,0.010358975719417803,0.004983040280020368
1635776862806,2021-11-01T10:27:42.806,127.62,-0.0048805098344695975,0.011536709187701801,0.005247407702736528
1635776862816,2021-11-01T10:27:42.816,127.63,-0.00369202907308274,0.01217696533726324,0.004422031134967471
1635776862826,2021-11-01T10:27:42.826,127.64,-0.003972193447343182,0.012093982352301458,0.0022237863022318794
1635776862836,2021-11-01T10:27:42.836,127.65,-0.004994916335486995,0.011685224116338242,0.0003805223798911212
1635776862846,2021-11-01T10:27:42.846,127.66,-0.005460565025950477,0.011059210410275565,0.0005913780282159939
1635776862856,2021-11-01T10:27:42.856,127.67,-0.005137785437117693,0.010583367337672381,0.002059428322513168
1635776862866,2021-11-01T10:27:42.866,127.68,-0.0053344100630230195,0.011297663442215205,0.0029831063156336144
1635776862876,2021-11-01T10:27:42.876,127.69,-0.006842160462936045,0.01334859469038997,0.003317729581360934
1635776862886,2021-11-01T10:27:42.886,127.7,-0.008150368540894954,0.015256343985095889,0.004220542192005917
1635776862896,2021-11-01T10:27:42.896,127.71,-0.007584693415963656,0.01612065847883725,0.005559491911320526
1635776862906,2021-11-01T10:27:42.906,127.72,-0.006411785960059669,0.016720208184482135,0.005749006396983112
1635776862916,2021-11-01T10:27:42.916,127.73,-0.0072934188143565035,0.01731610184546061,0.0042006317610848425
1635776862926,2021-11-01T10:27:42.926,127.74,-0.010187023436638838,0.016959038226583165,0.002548240090290256
1635776862936,2021-11-01T10:27:42.936,127.75,-0.012326373967885267,0.015880019803333405,0.002560355530619496
1635776862946,2021-11-01T10:27:42.946,127.76,-0.01222492821863786,0.015540911372507866,0.00387741206234239
1635776862956,2021-11-01T10:27:42.956,127.77,-0.011598803194378914,0.015749796179255017,0.0049146354171023384
1635776862966,2021-11-01T10:27:42.966,127.78,-0.012591305680797865,0.01519554402880862,0.0051075228144637635
1635776862976,2021-11-01T10:27:42.976,127.79,-0.014427389463443989,0.015163560071404479,0.005141665975499436
1635776862986,2021-11-01T10:27:42.986,127.8,-0.014573228015221176,0.01832918053672984,0.005329687026969655
1635776862996,2021-11-01T10:27:42.996,127.81,-0.012889847338473686,0.022898279145509914,0.004978690547998293
1635776863006,2021-11-01T10:27:43.006,127.82,-0.011953865195774807,0.023249626878864726,0.004284051061198946
1635776863016,2021-11-01T10:27:43.016,127.83,-0.012619767760016137,0.0187748128996272,0.005260124617881124
1635776863026,2021-11-01T10:27:43.026,127.84,-0.012578925902123082,0.016336004588931287,0.008217994987446119
1635776863036,2021-11-01T10:27:43.036,127.85,-0.010613772682795095,0.020249391656266873,0.009645979362954114
1635776863046,2021-11-01T10:27:43.046,127.86,-0.008801035690298921,0.025753073500514673,0.007467925306750795
1635776863056,2021-11-01T10:27:43.056,127.87,-0.009079225420454431,0.02702343233821126,0.00522075941594598
1635776863066,2021-11-01T10:27:43.066,127.88,-0.010786719051216986,0.02575161636345861,0.006476953663267719
1635776863076,2021-11-01T10:27:43.076,127.89,-0.012582282929122716,0.026185613446198776,0.008810386699155652
1635776863086,2021-11-01T10:27:43.086,127.9,-0.014179268611604184,0.026776967886463006,0.008115819103525155
1635776863096,2021-11-01T10:27:43.096,127.91,-0.015667550962692865,0.023480243275565856,0.0055514988127092196
1635776863106,2021-11-01T10:27:43.106,127.92,-0.01704065380698502,0.018232527528832698,0.005311149380136475
1635776863116,2021-11-01T10:27:43.116,127.93,-0.018601057944908562,0.017181423779310163,0.00776885840016654
1635776863126,2021-11-01T10:27:43.126,127.94,-0.020537382803325992,0.021879322510452097,0.009412783986929102
1635776863136,2021-11-01T10:27:43.136,127.95,-0.022197978331080906,0.02824282135100576,0.008584233815133822
1635776863146,2021-11-01T10:27:43.146,127.96,-0.022935471140926852,0.032863202669773384,0.00742693202066097
1635776863156,2021-11-01T10:27:43.156,127.97,-0.02313984236882638,0.03525628492468076,0.00819180310650877
1635776863166,2021-11-01T10:27:43.166,127.98,-0.023194707047660024,0.03549714512570802,0.01036289865827957
1635776863176,2021-11-01T10:27:43.176,127.99,-0.022729140152893536,0.03338168970628366,0.011888433856248368
1635776863186,2021-11-01T10:27:43.186,128.0,-0.022035413724785503,0.029001871449906035,0.01179038679010736
1635776863196,2021-11-01T10:27:43.196,128.01,-0.022136537814817836,0.023640367873078622,0.01102150122449104
1635776863206,2021-11-01T10:27:43.206,128.02,-0.022925592821125496,0.020846292553271563,0.0110684561214946
1635776863216,2021-11-01T10:27:43.216,128.03,-0.023446989452322164,0.02361898440186208,0.012010204097228382
1635776863226,2021-11-01T10:27:43.226,128.04,-0.023633197866769366,0.029440201719136427,0.012482057997058604
1635776863236,2021-11-01T10:27:43.236,128.05,-0.024117397064131053,0.03272670275301155,0.011778214482298887
1635776863246,2021-11-01T10:27:43.246,128.06,-0.025198878552198087,0.03238822564395208,0.010940756048483359
1635776863256,2021-11-01T10:27:43.256,128.07,-0.026757695286945084,0.03207742102746749,0.01107818495088202
1635776863266,2021-11-01T10:27:43.266,128.08,-0.028333278730519378,0.034117698657862454,0.01188896076802082
1635776863276,2021-11-01T10:27:43.276,128.09,-0.029185993254359117,0.036783700538036423,0.012575420185873923
1635776863286,2021-11-01T10:27:43.286,128.1,-0.02924985574463982,0.03578585767154199,0.012856990655751493
1635776863296,2021-11-01T10:27:43.296,128.11,-0.029848145799974076,0.02856581865859601,0.012654063140430213
1635776863306,2021-11-01T10:27:43.306,128.12,-0.03174603319990168,0.02012396787792091,0.012114237562091661
1635776863316,2021-11-01T10:27:43.316,128.13,-0.03288186680237733,0.020163615790014106,0.011968027946642328
1635776863326,2021-11-01T10:27:43.326,128.14,-0.031036554192297845,0.029463835388414756,0.012620980491335212
1635776863336,2021-11-01T10:27:43.336,128.15,-0.028126588996630807,0.03605895543702983,0.013414549898807606
1635776863346,2021-11-01T10:27:43.346,128.16,-0.028022734504594495,0.0308774351996196,0.013816092658608151
1635776863356,2021-11-01T10:27:43.356,128.17,-0.03105639873701215,0.018570262610542475,0.014152613458637706
1635776863366,2021-11-01T10:27:43.366,128.18,-0.034313631688463894,0.0073688483662055675,0.014594602938971604
1635776863376,2021-11-01T10:27:43.376,128.19,-0.03625301479705803,-0.0005074025215554539,0.015206178599275949
1635776863386,2021-11-01T10:27:43.386,128.2,-0.037870629992433735,-0.0028602910487458924,0.01649254726799288
1635776863396,2021-11-01T10:27:43.396,128.21,-0.039516848903645735,0.003917303586976294,0.017473569047523597
1635776863406,2021-11-01T10:27:43.406,128.22,-0.039604874556659495,0.014285122042171167,0.01557423613647152
1635776863416,2021-11-01T10:27:43.416,128.23,-0.03801685448579077,0.017107299862239935,0.01174924369427716
1635776863426,2021-11-01T10:27:43.426,128.24,-0.03716627658297802,0.014212939696964702,0.010989760315694926
1635776863436,2021-11-01T10:27:43.436,128.25,-0.037144280407799546,0.01809706675063851,0.013548276592997602
1635776863446,2021-11-01T10:27:43.446,128.26,-0.03496152726649946,0.029065462389712103,0.0131027281611199
1635776863456,2021-11-01T10:27:43.456,128.27,-0.030535581772881557,0.03403251365642117,0.00813084486161262
1635776863466,2021-11-01T10:27:43.466,128.28,-0.02704670700321435,0.029811476665706285,0.004859903599541283
1635776863476,2021-11-01T10:27:43.476,128.29,-0.025361436216915344,0.028327984749642522,0.004984005092849457
1635776863486,2021-11-01T10:27:43.486,128.3,-0.024183781024495466,0.03471460559738405,0.0030023294833987435
1635776863496,2021-11-01T10:27:43.496,128.31,-0.023575687725752643,0.037804624566522935,-0.0014893838346339092
1635776863506,2021-11-01T10:27:43.506,128.32,-0.02348279332988146,0.030550098764106894,-0.002354908130309227
1635776863516,2021-11-01T10:27:43.516,128.33,-0.02171863630541852,0.024209617464581196,0.001005038796151849
1635776863526,2021-11-01T10:27:43.526,128.34,-0.016954785579710405,0.029751584464021246,0.002787713393211381
1635776863536,2021-11-01T10:27:43.536,128.35,-0.011383609912778966,0.038756022225939504,0.0015947535005850894
1635776863546,2021-11-01T10:27:43.546,128.36,-0.008102124482226135,0.03742102223594638,0.0011585776295072964
1635776863556,2021-11-01T10:27:43.556,128.37,-0.007663350610972598,0.02812956411742474,0.0018045047918136242
1635776863566,2021-11-01T10:27:43.566,128.38,-0.008647208623671495,0.02273907486788376,0.0003990191159766125
1635776863576,2021-11-01T10:27:43.576,128.39,-0.009750235933598875,0.02383313382426524,-0.002661471829348916
1635776863586,2021-11-01T10:27:43.586,128.4,-0.010181962126587963,0.025452334694368126,-0.0035716487629425826
1635776863596,2021-11-01T10:27:43.596,128.41,-0.009515872419472259,0.024930937454163034,-0.001152868835268118
1635776863606,2021-11-01T10:27:43.606,128.42,-0.007890576072522911,0.023579698208315583,0.00218254208405418
1635776863616,2021-11-01T10:27:43.616,128.43,-0.005801725843484602,0.02136753472309922,0.004468913542605781
1635776863626,2021-11-01T10:27:43.626,128.44,-0.003854204155581111,0.01802784481487898,0.0058804280734171665
1635776863636,2021-11-01T10:27:43.636,128.45,-0.002957474319599286,0.014791686166823928,0.007021463713110612
1635776863646,2021-11-01T10:27:43.646,128.46,-0.004013187967773097,0.011359080829659564,0.007457587109542171
1635776863656,2021-11-01T10:27:43.656,128.47,-0.0065942983710999496,0.00597544072494682,0.006459984332896429
1635776863666,2021-11-01T10:27:43.666,128.48,-0.008509934163508167,0.00044266210078770297,0.004735021019717924
1635776863676,2021-11-01T10:27:43.676,128.49,-0.008090937026937297,-0.00026665672320323427,0.003738316885948919
1635776863686,2021-11-01T10:27:43.686,128.5,-0.006478500232947252,0.004529085945264611,0.0031323057113921615
1635776863696,2021-11-01T10:27:43.696,128.51,-0.005829431899959792,0.008961918556618433,0.0017147787369117438
1635776863706,2021-11-01T10:27:43.706,128.52,-0.006187925158697514,0.007962409473576128,0.0004769916250592716
1635776863716,2021-11-01T10:27:43.716,128.53,-0.006540029238500507,0.0026314820352277787,0.0009848293930094702
1635776863726,2021-11-01T10:27:43.726,128.54,-0.007195319573819104,-0.0034697881727197774,0.002263936663323015
1635776863736,2021-11-01T10:27:43.736,128.55,-0.00821911525092258,-0.008905148516253706,0.0030905457671706526
1635776863746,2021-11-01T10:27:43.746,128.56,-0.008075055931906749,-0.012928938608958978,0.004099103979408065
1635776863756,2021-11-01T10:27:43.756,128.57,-0.006677132795971711,-0.013507905826402034,0.004644252900214598
1635776863766,2021-11-01T10:27:43.766,128.58,-0.006482428418954615,-0.010050937595333532,0.002743594651670303
1635776863776,2021-11-01T10:27:43.776,128.59,-0.008048579852616783,-0.00600220232811015,-1.685833796912894e-05
1635776863786,2021-11-01T10:27:43.786,128.6,-0.008398148544991236,-0.005767225374074644,0.00024420393994549
1635776863796,2021-11-01T10:27:43.796,128.61,-0.006110933005627222,-0.00957036040661069,0.0029878877919648104
1635776863806,2021-11-01T10:27:43.806,128.62,-0.003755999850185124,-0.01389165357948529,0.0040099267650117775
1635776863816,2021-11-01T10:27:43.816,128.63,-0.002895434170343208,-0.017241963743727516,0.002166983079483469
1635776863826,2021-11-01T10:27:43.826,128.64,-0.0012422866457982482,-0.021107170158449106,-0.0001458074857236435
1635776863836,2021-11-01T10:27:43.836,128.65,0.0025673162215375067,-0.023592041741223504,-0.0014607580821059424
1635776863846,2021-11-01T10:27:43.846,128.66,0.005933957712808266,-0.02074206540754231,-0.0017426622197355538
1635776863856,2021-11-01T10:27:43.856,128.67,0.006818756768536402,-0.017154346242993793,-0.0010554770752962137
1635776863866,2021-11-01T10:27:43.866,128.68,0.006886903792607488,-0.02121359607311339,-0.0007117379299397456
1635776863876,2021-11-01T10:27:43.876,128.69,0.0075855713000975294,-0.02735523784475119,-0.002111788985274653
1635776863886,2021-11-01T10:27:43.886,128.7,0.007794465014065907,-0.02255505606778055,-0.0033340656810048946
1635776863896,2021-11-01T10:27:43.896,128.71,0.007599347138999167,-0.010395797108525175,-0.0021492708651287273
1635776863906,2021-11-01T10:27:43.906,128.72,0.009313045397176657,-0.005882350004044694,-0.0018701229921753856
1635776863916,2021-11-01T10:27:43.916,128.73,0.012968037618608838,-0.009410551804494688,-0.007075209981485316
1635776863926,2021-11-01T10:27:43.926,128.74,0.015710829765980525,-0.009237079924387988,-0.014807640612296225
1635776863936,2021-11-01T10:27:43.936,128.75,0.016657630236328425,-0.004713053575517917,-0.018149657303367036
1635776863946,2021-11-01T10:27:43.946,128.76,0.018022162122799626,-0.0051181844490408865,-0.01700070273674568
1635776863956,2021-11-01T10:27:43.956,128.77,0.020939295233614253,-0.01067564453432359,-0.017082327275854067
1635776863966,2021-11-01T10:27:43.966,128.78,0.023541033016013582,-0.012988663744406742,-0.019863492899526637
1635776863976,2021-11-01T10:27:43.976,128.79,0.023931719281211947,-0.009578975410834705,-0.0214181856596781
1635776863986,2021-11-01T10:27:43.986,128.8,0.023049948494254027,-0.005299363037241779,-0.02014025356037861
1635776863996,2021-11-01T10:27:43.996,128.81,0.02325706738495001,-0.004206788380159011,-0.018573725763599634
1635776864006,2021-11-01T10:27:44.006,128.82,0.02491147713317256,-0.007623131896015907,-0.01814155872435059
1635776864016,2021-11-01T10:27:44.016,128.83,0.026208743075548144,-0.015346516321483036,-0.017651804918723618
1635776864026,2021-11-01T10:27:44.026,128.84,0.026511963549544777,-0.024513412117445527,-0.01666749177950823
1635776864036,2021-11-01T10:27:44.036,128.85,0.027504161542575872,-0.030971264861725432,-0.016193495728061058
1635776864046,2021-11-01T10:27:44.046,128.86,0.030027325633361867,-0.0333997998436743,-0.016366937042731542
1635776864056,2021-11-01T10:27:44.056,128.87,0.03255450917322632,-0.03359876779960076,-0.016186344879996938
1635776864066,2021-11-01T10:27:44.066,128.88,0.03462849009066288,-0.033130751102868755,-0.015169344920212702
1635776864076,2021-11-01T10:27:44.076,128.89,0.0383640017798309,-0.03189017261302722,-0.01385181209448725
1635776864086,2021-11-01T10:27:44.086,128.9,0.04410775973329689,-0.02941370319314672,-0.012959618545521533
1635776864096,2021-11-01T10:27:44.096,128.91,0.048721975044809185,-0.02616091729739318,-0.012652163363172451
1635776864106,2021-11-01T10:27:44.106,128.92,0.05057390420279964,-0.023567810587833703,-0.012474358439133389
1635776864116,2021-11-01T10:27:44.116,128.93,0.051570137205788145,-0.022928311644260853,-0.011993609603266538
1635776864126,2021-11-01T10:27:44.126,128.94,0.052625820779185914,-0.023547380234337556,-0.011516205746430547
1635776864136,2021-11-01T10:27:44.136,128.95,0.05232407917105502,-0.022692790556771973,-0.01199932342763293
1635776864146,2021-11-01T10:27:44.146,128.96,0.050589870381800205,-0.01972792567449741,-0.013886490371216906
1635776864156,2021-11-01T10:27:44.156,128.97,0.048385424292710616,-0.018828657657533835,-0.01616479093994423
1635776864166,2021-11-01T10:27:44.166,128.98,0.04462921975103984,-0.02273931978974912,-0.01749729708944642
1635776864176,2021-11-01T10:27:44.176,128.99,0.038320678167552795,-0.02661224821254502,-0.018201990460348892
1635776864186,2021-11-01T10:27:44.186,129.0,0.03151106691764013,-0.025704676857258336,-0.01955036897534351
1635776864196,2021-11-01T10:27:44.196,129.01,0.02613333703414454,-0.025158515226131883,-0.021180134452781545
1635776864206,2021-11-01T10:27:44.206,129.02,0.021151232285143748,-0.03219788983537392,-0.021354673505429737
1635776864216,2021-11-01T10:27:44.216,129.03,0.015963591559348678,-0.04300302057043728,-0.019869499557220338
1635776864226,2021-11-01T10:27:44.226,129.04,0.012860840101839055,-0.0485963954160088,-0.018340795187856775
1635776864236,2021-11-01T10:27:44.236,129.05,0.013429023565434031,-0.04956573840421341,-0.017469878213638428
1635776864246,2021-11-01T10:27:44.246,129.06,0.015726143946538613,-0.05265418268197796,-0.016306937034217553
1635776864256,2021-11-01T10:27:44.256,129.07,0.017307888567652554,-0.0566725005225775,-0.01436086353260977
1635776864266,2021-11-01T10:27:44.266,129.08,0.018689878287054543,-0.055213968051451984,-0.012452627116847623
1635776864276,2021-11-01T10:27:44.276,129.09,0.021694566501486698,-0.04975584997801,-0.011334263441898838
1635776864286,2021-11-01T10:27:44.286,129.1,0.026233908779614797,-0.04632063594260951,-0.010994260112120294
1635776864296,2021-11-01T10:27:44.296,129.11,0.031077904979498763,-0.043161385691842906,-0.011326076903160634
1635776864306,2021-11-01T10:27:44.306,129.12,0.03618857628657672,-0.03529555743059248,-0.012168030866409031
1635776864316,2021-11-01T10:27:44.316,129.13,0.0417934091676473,-0.026446001019818675,-0.012915732069307666
1635776864326,2021-11-01T10:27:44.326,129.14,0.04662783725158366,-0.02370083215703872,-0.013370092780918892
1635776864336,2021-11-01T10:27:44.336,129.15,0.04934196053176218,-0.025437655897160003,-0.014351193916914896
1635776864346,2021-11-01T10:27:44.346,129.16,0.05045566139643238,-0.025249620459317675,-0.016257896667896104
1635776864356,2021-11-01T10:27:44.356,129.17,0.05146331128735844,-0.022406483218893502,-0.018171525153564135
1635776864366,2021-11-01T10:27:44.366,129.18,0.05298276300129924,-0.02012547945356565,-0.019403929108611266
1635776864376,2021-11-01T10:27:44.376,129.19,0.05452824684950641,-0.01843267168608908,-0.02030699738564191
1635776864386,2021-11-01T10:27:44.386,129.2,0.05535699409445488,-0.014744551317433418,-0.020969946411066556
1635776864396,2021-11-01T10:27:44.396,129.21,0.0550370965605379,-0.008656384328823194,-0.02099446007784361
1635776864406,2021-11-01T10:27:44.406,129.22,0.05332685847577147,-0.0031071711965608055,-0.020589090179140908
1635776864416,2021-11-01T10:27:44.416,129.23,0.0498334905689086,-0.0016774406967507293,-0.020182413456899514
1635776864426,2021-11-01T10:27:44.426,129.24,0.04450071756522132,-0.005247878143908566,-0.019564260746860372
1635776864436,2021-11-01T10:27:44.436,129.25,0.03866937180061988,-0.01139805111110607,-0.01868746644530104
1635776864446,2021-11-01T10:27:44.446,129.26,0.03451530619659439,-0.01736190933795486,-0.01803328271594029
1635776864456,2021-11-01T10:27:44.456,129.27,0.032571221412791826,-0.02258286845175562,-0.01722797061679375
1635776864466,2021-11-01T10:27:44.466,129.28,0.030864103342312606,-0.027655355924009497,-0.015084661670271324
1635776864476,2021-11-01T10:27:44.476,129.29,0.027551216121229075,-0.03174509367946718,-0.011772806519122023
1635776864486,2021-11-01T10:27:44.486,129.3,0.02338558298669527,-0.03223426671936165,-0.009018240135488579
1635776864496,2021-11-01T10:27:44.496,129.31,0.020524966828414277,-0.027635635293424422,-0.007635098623539895
1635776864506,2021-11-01T10:27:44.506,129.32,0.019628611581151686,-0.0207069706200885,-0.006620856702730025
1635776864516,2021-11-01T10:27:44.516,129.33,0.019014523207951908,-0.01699506142668738,-0.0053349504960960095
1635776864526,2021-11-01T10:27:44.526,129.34,0.017080888866705713,-0.01915092348299757,-0.005295625406312484
1635776864536,2021-11-01T10:27:44.536,129.35,0.014943940515712219,-0.023886767788846377,-0.008083168589473765
1635776864546,2021-11-01T10:27:44.546,129.36,0.014195420496961115,-0.02613336605512016,-0.011731857409444893
1635776864556,2021-11-01T10:27:44.556,129.37,0.01274528463662656,-0.02564906056484927,-0.012372736107989408
1635776864566,2021-11-01T10:27:44.566,129.38,0.007939085821816107,-0.026699495033186,-0.010118593275178937
1635776864576,2021-11-01T10:27:44.576,129.39,0.0025989882159712877,-0.029871270642970252,-0.009306587311227497
1635776864586,2021-11-01T10:27:44.586,129.4,0.0013179598053656401,-0.029083596321774194,-0.01187570771046526
1635776864596,2021-11-01T10:27:44.596,129.41,0.0028046970557918053,-0.02183611447294241,-0.014609763446208388
1635776864606,2021-11-01T10:27:44.606,129.42,0.002298929479186075,-0.016580090923060446,-0.0143486397777547
1635776864616,2021-11-01T10:27:44.616,129.43,-0.0011910144353491072,-0.021314128678323066,-0.012299862197394974
1635776864626,2021-11-01T10:27:44.626,129.44,-0.0046544171840441125,-0.030185501562271257,-0.0110297986228246
1635776864636,2021-11-01T10:27:44.636,129.45,-0.00536584345423591,-0.031570990234534746,-0.010294392632700896
1635776864646,2021-11-01T10:27:44.646,129.46,-0.0033573536834446255,-0.025250306726431207,-0.009043632462759743
1635776864656,2021-11-01T10:27:44.656,129.47,-0.0011922279697383483,-0.020689947902462178,-0.008805244175795795
1635776864666,2021-11-01T10:27:44.666,129.48,-0.0005310072855239127,-0.020688986555978374,-0.01088275471458662
1635776864676,2021-11-01T10:27:44.676,129.49,0.0011729919256933143,-0.018344843908520665,-0.012493978042133997
1635776864686,2021-11-01T10:27:44.686,129.5,0.007116357551506865,-0.010622891378914385,-0.010447502022708135
1635776864696,2021-11-01T10:27:44.696,129.51,0.0150978944346942,-0.0035859578596452793,-0.006834460333867529
1635776864706,2021-11-01T10:27:44.706,129.52,0.0202346669117178,-0.0012828847937237514,-0.006106152281913583
1635776864716,2021-11-01T10:27:44.716,129.53,0.022435210283072854,0.0008104834182629029,-0.007936257718184967
1635776864726,2021-11-01T10:27:44.726,129.54,0.0251841236578676,0.007298538484948644,-0.008143166310277599
1635776864736,2021-11-01T10:27:44.736,129.55,0.02837840030277149,0.015604630180005866,-0.005862621191596739
1635776864746,2021-11-01T10:27:44.746,129.56,0.028406859687857017,0.021061866158249135,-0.004649416794583271
1635776864756,2021-11-01T10:27:44.756,129.57,0.02413885860101976,0.02299019950802888,-0.006280233063225526
1635776864766,2021-11-01T10:27:44.766,129.58,0.017786826598607704,0.022596440639088694,-0.007993205625452249
1635776864776,2021-11-01T10:27:44.776,129.59,0.010976999362715775,0.02018250498658855,-0.007089722990835984
1635776864786,2021-11-01T10:27:44.786,129.6,0.0038535435133632977,0.016774951547326156,-0.004704774154618405
1635776864796,2021-11-01T10:27:44.796,129.61,-0.003002213778355526,0.014154691374708766,-0.0030619952289344865
1635776864806,2021-11-01T10:27:44.806,129.62,-0.008873448295582394,0.011679439643355369,-0.001864155986027703
1635776864816,2021-11-01T10:27:44.816,129.63,-0.01461784156131215,0.006477362148882983,0.00012595115322154056
1635776864826,2021-11-01T10:27:44.826,129.64,-0.021740161223733585,-0.0019404157307399037,0.0022531291940159543
1635776864836,2021-11-01T10:27:44.836,129.65,-0.029827498082591455,-0.010089532040740253,0.0032410881292220506
1635776864846,2021-11-01T10:27:44.846,129.66,-0.03667859707243108,-0.015261377769056039,0.00364249993403504
1635776864856,2021-11-01T10:27:44.856,129.67,-0.04072618498045745,-0.019146196494369366,0.005147606916723825
1635776864866,2021-11-01T10:27:44.866,129.68,-0.04149261950200088,-0.02389520481096611,0.00845338748867085
1635776864876,2021-11-01T10:27:44.876,129.69,-0.038337269782933024,-0.027445005691148397,0.01265065141248137
1635776864886,2021-11-01T10:27:44.886,129.7,-0.03131125659408211,-0.026821656686160718,0.016080729169177112
1635776864896,2021-11-01T10:27:44.896,129.71,-0.02277121419879277,-0.023161526314125772,0.01787838586286914
1635776864906,2021-11-01T10:27:44.906,129.72,-0.01535728048145128,-0.018489760733719895,0.01887375728824792
1635776864916,2021-11-01T10:27:44.916,129.73,-0.008730710355131172,-0.01057086005779016,0.0198817480657224
1635776864926,2021-11-01T10:27:44.926,129.74,-0.0009708321983597234,0.002661520225763417,0.019692869749055264
1635776864936,2021-11-01T10:27:44.936,129.75,0.0073904444249123695,0.015587323154393734,0.01731884471546203
1635776864946,2021-11-01T10:27:44.946,129.76,0.013331095172074772,0.01950322338528847,0.014757146718721994
1635776864956,2021-11-01T10:27:44.956,129.77,0.014870851700097998,0.015054248198383852,0.013767538315684197
1635776864966,2021-11-01T10:27:44.966,129.78,0.012647559879338199,0.012533281352206974,0.012495369022557141
1635776864976,2021-11-01T10:27:44.976,129.79,0.008207278943610353,0.017839891051077122,0.009390193860296738
1635776864986,2021-11-01T10:27:44.986,129.8,0.002086376652668088,0.025187807683272712,0.006590183712235326
1635776864996,2021-11-01T10:27:44.996,129.81,-0.005838368553871872,0.026877733421620958,0.005676879723796132
1635776865006,2021-11-01T10:27:45.006,129.82,-0.014545606759049739,0.0240647661573153,0.0048828593902569516
1635776865016,2021-11-01T10:27:45.016,129.83,-0.02183708819027904,0.022933626671601554,0.003666664045544223
1635776865026,2021-11-01T10:27:45.026,129.84,-0.026701320055117446,0.02319810138159074,0.004772535186939397
1635776865036,2021-11-01T10:27:45.036,129.85,-0.030380555632860122,0.016319200976185177,0.008801780913206726
1635776865046,2021-11-01T10:27:45.046,129.86,-0.03435467821136955,-0.001307796841247019,0.012116745378843673
1635776865056,2021-11-01T10:27:45.056,129.87,-0.0383214492225061,-0.016825192493912088,0.013045883491792545
1635776865066,2021-11-01T10:27:45.066,129.88,-0.04079037376947607,-0.012806406001025245,0.014692013628329365
1635776865076,2021-11-01T10:27:45.076,129.89,-0.04070180995183563,0.007505407418133768,0.018841852381895167
1635776865086,2021-11-01T10:27:45.086,129.9,-0.037548624714071326,0.02037170100731523,0.022676794671266293
1635776865096,2021-11-01T10:27:45.096,129.91,-0.031080393890979233,0.01248525955921699,0.023877525342875086
1635776865106,2021-11-01T10:27:45.106,129.92,-0.022414041295029132,-0.002600164598668846,0.02377360628669895
1635776865116,2021-11-01T10:27:45.116,129.93,-0.013964644659406947,-0.005721505223158824,0.023933462475588113
1635776865126,2021-11-01T10:27:45.126,129.94,-0.006719509956227584,0.004491867373142739,0.024186291040936073
1635776865136,2021-11-01T10:27:45.136,129.95,0.00043371053164603245,0.016946908803425382,0.024607593775851283
1635776865146,2021-11-01T10:27:45.146,129.96,0.0076260676118096605,0.024273308768032357,0.025724530661504937
1635776865156,2021-11-01T10:27:45.156,129.97,0.012687750865943564,0.02602425913337067,0.026783328982816955
1635776865166,2021-11-01T10:27:45.166,129.98,0.01381946102459766,0.024375402140502198,0.026566531583199368
1635776865176,2021-11-01T10:27:45.176,129.99,0.011775245316110194,0.0226095236872382,0.025294047414457954
1635776865186,2021-11-01T10:27:45.186,130.0,0.008515335870593254,0.02331680432577528,0.02360241411264297
1635776865196,2021-11-01T10:27:45.196,130.01,0.0045743770069952144,0.025315940858518557,0.020911850236199243
1635776865206,2021-11-01T10:27:45.206,130.02,-0.0011734223019447768,0.025303060606248096,0.017027719432919648
1635776865216,2021-11-01T10:27:45.216,130.03,-0.009347205064939842,0.023181513104943707,0.013816543547872685
1635776865226,2021-11-01T10:27:45.226,130.04,-0.018899896600155924,0.021617737546849244,0.012728323067706685
1635776865236,2021-11-01T10:27:45.236,130.05,-0.028372271463903163,0.019056398339868212,0.012177691079679155
1635776865246,2021-11-01T10:27:45.246,130.06,-0.03737242170135146,0.009426116569812341,0.010079851007579523
1635776865256,2021-11-01T10:27:45.256,130.07,-0.04615091499921055,-0.007645847708198633,0.007678837305462644
1635776865266,2021-11-01T10:27:45.266,130.08,-0.05392266540070734,-0.023374653124068424,0.008158570897890067
1635776865276,2021-11-01T10:27:45.276,130.09,-0.05852437883181198,-0.030543764774295656,0.011975365839915516
1635776865286,2021-11-01T10:27:45.286,130.1,-0.058072496160302,-0.030469750260323513,0.016006301424157335
1635776865296,2021-11-01T10:27:45.296,130.11,-0.052346854522051046,-0.026958774972518668,0.017912465814572953
1635776865306,2021-11-01T10:27:45.306,130.12,-0.04257178769789638,-0.020734631032518748,0.01918208189678763
1635776865316,2021-11-01T10:27:45.316,130.13,-0.030293924406359758,-0.011370969810328023,0.022111768745497345
1635776865326,2021-11-01T10:27:45.326,130.14,-0.016463512857332496,0.000673108520976534,0.02556748313371293
1635776865336,2021-11-01T10:27:45.336,130.15,-0.002016140382187377,0.014220405427707503,0.026443699864977556
1635776865346,2021-11-01T10:27:45.346,130.16,0.010825659221656354,0.026389498709656678,0.02457276859139069
1635776865356,2021-11-01T10:27:45.356,130.17,0.01968640084507148,0.03317295648861678,0.023176236507120435
1635776865366,2021-11-01T10:27:45.366,130.18,0.02470412839793152,0.03398971545377628,0.023781059081379202
1635776865376,2021-11-01T10:27:45.376,130.19,0.027460940386246586,0.032839558379208295,0.02360137994651882
1635776865386,2021-11-01T10:27:45.386,130.2,0.02699224487460211,0.031789825526624224,0.019880168368416648
1635776865396,2021-11-01T10:27:45.396,130.21,0.020518332635280245,0.02792147945427494,0.014268486510926829
1635776865406,2021-11-01T10:27:45.406,130.22,0.00905794738245918,0.021181801031155516,0.010401960071268998
1635776865416,2021-11-01T10:27:45.416,130.23,-0.0018626954099053772,0.01872380077380416,0.008960490568530488
1635776865426,2021-11-01T10:27:45.426,130.24,-0.00889756231418858,0.023980461005313616,0.007549200976644568
1635776865436,2021-11-01T10:27:45.436,130.25,-0.014632158611937878,0.027533091622315566,0.004836627348562356
1635776865446,2021-11-01T10:27:45.446,130.26,-0.0227047554526133,0.01816352540912155,0.0025532405674813436
1635776865456,2021-11-01T10:27:45.456,130.27,-0.032314292402764296,-0.001362934911992835,0.0024409613191739227
1635776865466,2021-11-01T10:27:45.466,130.28,-0.039879470246313824,-0.018318142153804083,0.003645545506053728
1635776865476,2021-11-01T10:27:45.476,130.29,-0.043806611459603836,-0.02616811375988703,0.005405544086559246
1635776865486,2021-11-01T10:27:45.486,130.3,-0.04490842260485316,-0.028580672789577374,0.008926044716276206
1635776865496,2021-11-01T10:27:45.496,130.31,-0.043521753144311504,-0.029988865355412293,0.013692674676959709
1635776865506,2021-11-01T10:27:45.506,130.32,-0.03906373650205526,-0.029968946686824687,0.016700305613154717
1635776865516,2021-11-01T10:27:45.516,130.33,-0.03201168037429616,-0.026764935165776087,0.017709176333077694
1635776865526,2021-11-01T10:27:45.526,130.34,-0.023941922340575218,-0.020644821489078685,0.01969393645862262
1635776865536,2021-11-01T10:27:45.536,130.35,-0.015341786835028114,-0.01266053325456305,0.023451617072041034
1635776865546,2021-11-01T10:27:45.546,130.36,-0.0052073124424322605,-0.0034804867524573686,0.02716193024341542
1635776865556,2021-11-01T10:27:45.556,130.37,0.006348973686608117,0.005540895427466759,0.029954457744664785
1635776865566,2021-11-01T10:27:45.566,130.38,0.016545026377353073,0.01220052081631779,0.03150973932593535
1635776865576,2021-11-01T10:27:45.576,130.39,0.022338642841188174,0.015341565653462664,0.03063460699206035
1635776865586,2021-11-01T10:27:45.586,130.4,0.023397297649229154,0.016038517230329626,0.027408824370524495
1635776865596,2021-11-01T10:27:45.596,130.41,0.021394947005005834,0.016208682493285786,0.024093221125514857
1635776865606,2021-11-01T10:27:45.606,130.42,0.017343932606026465,0.016485106400488045,0.021810186007407497
1635776865616,2021-11-01T10:27:45.616,130.43,0.01095887497641403,0.01615508159478178,0.01885325446269938
1635776865626,2021-11-01T10:27:45.626,130.44,0.002057470358587565,0.014652596441175728,0.013977781493472261
1635776865636,2021-11-01T10:27:45.636,130.45,-0.008259137771740324,0.011985693213637459,0.008986536483813715
1635776865646,2021-11-01T10:27:45.646,130.46,-0.017664290846053435,0.008325110081591154,0.006249364507505163
1635776865656,2021-11-01T10:27:45.656,130.47,-0.02434863006413739,0.004325389365026984,0.005632306111630984
1635776865666,2021-11-01T10:27:45.666,130.48,-0.029216921136494288,0.000544777004425159,0.005399541345271928
1635776865676,2021-11-01T10:27:45.676,130.49,-0.03470106102046544,-0.0043506670563136784,0.004629816107456095
1635776865686,2021-11-01T10:27:45.686,130.5,-0.04024795138736245,-0.012210662447571984,0.004266390391366991
1635776865696,2021-11-01T10:27:45.696,130.51,-0.04147256479620992,-0.02149792181985995,0.006712478708271123
1635776865706,2021-11-01T10:27:45.706,130.52,-0.035998451962544226,-0.028194923188900073,0.012955433602966998
1635776865716,2021-11-01T10:27:45.716,130.53,-0.027642972178075535,-0.03078805555699304,0.01964362656289678
1635776865726,2021-11-01T10:27:45.726,130.54,-0.021662921615425827,-0.030572275928780826,0.022338844348560268
1635776865736,2021-11-01T10:27:45.736,130.55,-0.017846445450671045,-0.027326295656662617,0.021593742370322508
1635776865746,2021-11-01T10:27:45.746,130.56,-0.01194265424932207,-0.018767405115606817,0.021391412585335754
1635776865756,2021-11-01T10:27:45.756,130.57,-0.002523095163292813,-0.005238202414916817,0.022506273249906686
1635776865766,2021-11-01T10:27:45.766,130.58,0.007263565547873345,0.00786770185878325,0.022501344219781078
1635776865776,2021-11-01T10:27:45.776,130.59,0.014086102832463174,0.014750417611957469,0.02095349790813429
1635776865786,2021-11-01T10:27:45.786,130.6,0.017353090511620217,0.015398398088272782,0.01956872366471309
1635776865796,2021-11-01T10:27:45.796,130.61,0.017726966288596564,0.014496283830991505,0.018367249223000422
1635776865806,2021-11-01T10:27:45.806,130.62,0.015400680883095014,0.014814536985070025,0.01608657607280974
1635776865816,2021-11-01T10:27:45.816,130.63,0.010797761438849853,0.015062086715419034,0.013048151945090264
1635776865826,2021-11-01T10:27:45.826,130.64,0.005321826256403851,0.013727521159409294,0.010440604096099714
1635776865836,2021-11-01T10:27:45.836,130.65,8.404111859190819e-05,0.011290137911839986,0.008426498469286838
1635776865846,2021-11-01T10:27:45.846,130.66,-0.0055200647534254296,0.008368427342254604,0.006774660405682078
1635776865856,2021-11-01T10:27:45.856,130.67,-0.01297219498502658,0.0040611098506692905,0.005295199410865602
1635776865866,2021-11-01T10:27:45.866,130.68,-0.02241669764706462,-0.0031982229606285274,0.003407951322889895
1635776865876,2021-11-01T10:27:45.876,130.69,-0.031673652636317176,-0.013245607028942208,0.0015366992929733705
1635776865886,2021-11-01T10:27:45.886,130.7,-0.037387525672785596,-0.022953505780265185,0.0015967828811782481
1635776865896,2021-11-01T10:27:45.896,130.71,-0.03741782246200838,-0.028939518203678863,0.004149254789415439
1635776865906,2021-11-01T10:27:45.906,130.72,-0.03259832662197616,-0.03141959308130239,0.007468668192285882
1635776865916,2021-11-01T10:27:45.916,130.73,-0.025585427171463268,-0.03280939055443907,0.010343773907104628
1635776865926,2021-11-01T10:27:45.926,130.74,-0.01777896830636902,-0.03273672930228591,0.012998144038918961
1635776865936,2021-11-01T10:27:45.936,130.75,-0.008695245821285301,-0.028008975883960258,0.015406474738251042
1635776865946,2021-11-01T10:27:45.946,130.76,0.0019111646025606593,-0.017923776144865924,0.017050521225181917
1635776865956,2021-11-01T10:27:45.956,130.77,0.013325634838819855,-0.006138525085176072,0.017803216290001693
1635776865966,2021-11-01T10:27:45.966,130.78,0.02465147616515472,0.003558207525078097,0.017933187264209668
1635776865976,2021-11-01T10:27:45.976,130.79,0.03427314370162394,0.010355913451586027,0.017634574652709206
1635776865986,2021-11-01T10:27:45.986,130.8,0.039643475875178684,0.014474991028450217,0.016639863083142723
1635776865996,2021-11-01T10:27:45.996,130.81,0.03963027591612256,0.01515927668122994,0.014339497413451403
1635776866006,2021-11-01T10:27:46.006,130.82,0.0358462186026763,0.012409097779856805,0.01071963112749491
1635776866016,2021-11-01T10:27:46.016,130.83,0.03010288505039704,0.00885638843097817,0.006853957583417852
1635776866026,2021-11-01T10:27:46.026,130.84,0.022404667147789655,0.007950700119483414,0.0038661855818337334
1635776866036,2021-11-01T10:27:46.036,130.85,0.01272713623880737,0.010289600420010916,0.0015666040109435213
1635776866046,2021-11-01T10:27:46.046,130.86,0.002273549175522619,0.012388434243720674,-0.0013033979599854702
1635776866056,2021-11-01T10:27:46.056,130.87,-0.008269397195767254,0.01027092973201469,-0.0052023906092616735
1635776866066,2021-11-01T10:27:46.066,130.88,-0.019511675148573243,0.004816807774187402,-0.00887853750167637
1635776866076,2021-11-01T10:27:46.076,130.89,-0.03156641592480977,0.0011011277360799844,-0.011150331916677256
1635776866086,2021-11-01T10:27:46.086,130.9,-0.04282151006054384,0.001836577162423778,-0.012400319807380253
1635776866096,2021-11-01T10:27:46.096,130.91,-0.050809064469332664,0.00540309340594226,-0.012855932710655493
1635776866106,2021-11-01T10:27:46.106,130.92,-0.05366903019310605,0.008891754502283265,-0.011299909743196578
1635776866116,2021-11-01T10:27:46.116,130.93,-0.05078960993046061,0.007653803162509925,-0.007522310972519974
1635776866126,2021-11-01T10:27:46.126,130.94,-0.04272711006488078,-0.0028914102588989735,-0.0036028596808183127
1635776866136,2021-11-01T10:27:46.136,130.95,-0.030886573785133334,-0.018294905492842104,-0.0006045771341178265
1635776866146,2021-11-01T10:27:46.146,130.96,-0.016927064543800774,-0.02550456347030315,0.002975224638930848
1635776866156,2021-11-01T10:27:46.156,130.97,-0.002324124593166982,-0.01788818629182168,0.0074117176771555686
1635776866166,2021-11-01T10:27:46.166,130.98,0.011620980086640543,-0.0025189935089173915,0.010029860618822502
1635776866176,2021-11-01T10:27:46.176,130.99,0.02397528397997609,0.009761199110703538,0.009406351997032384
1635776866186,2021-11-01T10:27:46.186,131.0,0.034022305524559815,0.01502395403291315,0.007790666633494654
1635776866196,2021-11-01T10:27:46.196,131.01,0.040399600979283086,0.016165762205931744,0.007349919545217959
1635776866206,2021-11-01T10:27:46.206,131.02,0.04176455939423532,0.016431300984427414,0.006878817115583509
1635776866216,2021-11-01T10:27:46.216,131.03,0.038790671777370535,0.015496692204749795,0.004210683903963997
1635776866226,2021-11-01T10:27:46.226,131.04,0.033816567943408045,0.012500450452660197,5.2811506391056955e-05
1635776866236,2021-11-01T10:27:46.236,131.05,0.02845148901989313,0.009695799599395514,-0.003024225371633391
1635776866246,2021-11-01T10:27:46.246,131.06,0.022556713768181733,0.00914627299806725,-0.004739233256160091
1635776866256,2021-11-01T10:27:46.256,131.07,0.015007952994308812,0.009172551730209928,-0.007131262032298049
1635776866266,2021-11-01T10:27:46.266,131.08,0.005292389213214543,0.007876078795959255,-0.010559085583970113
1635776866276,2021-11-01T10:27:46.276,131.09,-0.005254534102505434,0.004722649118558041,-0.013342794681494893
1635776866286,2021-11-01T10:27:46.286,131.1,-0.01470489362920267,-0.0032006161281604405,-0.015191547280553983
1635776866296,2021-11-01T10:27:46.296,131.11,-0.0224854945655317,-0.016652593134483366,-0.017190488437831324
1635776866306,2021-11-01T10:27:46.306,131.12,-0.028137751301483375,-0.026094188814341918,-0.018920837347049184
1635776866316,2021-11-01T10:27:46.316,131.13,-0.02982361771866082,-0.022618372423763383,-0.01903979698593782
1635776866326,2021-11-01T10:27:46.326,131.14,-0.02684278925495406,-0.014826246979303178,-0.017837466875223064
1635776866336,2021-11-01T10:27:46.336,131.15,-0.02155456308680937,-0.01736087428800692,-0.016419508877674713
1635776866346,2021-11-01T10:27:46.346,131.16,-0.016139703522358363,-0.027173840391311044,-0.014731001442654199
1635776866356,2021-11-01T10:27:46.356,131.17,-0.009588192037741413,-0.02847447515672063,-0.0125727644916521
1635776866366,2021-11-01T10:27:46.366,131.18,-0.0001304132739094611,-0.01572906571101209,-0.010659353250672313
1635776866376,2021-11-01T10:27:46.376,131.19,0.011063314143046328,0.0017932483020082616,-0.009150958654235212
1635776866386,2021-11-01T10:27:46.386,131.2,0.020528060128533775,0.013544060185401274,-0.007646131844038796
1635776866396,2021-11-01T10:27:46.396,131.21,0.02605166266766369,0.016803262506369505,-0.0074512721103390505
1635776866406,2021-11-01T10:27:46.406,131.22,0.028138148526352873,0.014803493544513824,-0.010499934369358135
1635776866416,2021-11-01T10:27:46.416,131.23,0.028227123689481708,0.011542917354766369,-0.015434369296860494
1635776866426,2021-11-01T10:27:46.426,131.24,0.026880488492036343,0.009394277665391082,-0.018726510924772496
1635776866436,2021-11-01T10:27:46.436,131.25,0.023897549983745645,0.009551696106569857,-0.020121154285166268
1635776866446,2021-11-01T10:27:46.446,131.26,0.019009702332017354,0.012604727566947816,-0.022542493028163076
1635776866456,2021-11-01T10:27:46.456,131.27,0.012172852573197031,0.017667439240667097,-0.026399766874085046
1635776866466,2021-11-01T10:27:46.466,131.28,0.003925206315476803,0.02116299729271618,-0.02900173634091589
1635776866476,2021-11-01T10:27:46.476,131.29,-0.004548832013101185,0.018068165031138568,-0.02992350104499019
1635776866486,2021-11-01T10:27:46.486,131.3,-0.012255732827676568,0.007083041343007538,-0.03163660768204713
1635776866496,2021-11-01T10:27:46.496,131.31,-0.019094388956514035,-0.004573556219568861,-0.03435229564427302
1635776866506,2021-11-01T10:27:46.506,131.32,-0.025100820078950196,-0.0060204423908170115,-0.035361195650316035
1635776866516,2021-11-01T10:27:46.516,131.33,-0.029080892908548026,0.0033393215608451114,-0.03374385910432503
1635776866526,2021-11-01T10:27:46.526,131.34,-0.02887612197919105,0.009872077776452914,-0.03123980185408949
1635776866536,2021-11-01T10:27:46.536,131.35,-0.023620808687031633,0.002566922717209152,-0.028748923204372195
1635776866546,2021-11-01T10:27:46.546,131.36,-0.01509003312650869,-0.011559191623739593,-0.025661872594842976
1635776866556,2021-11-01T10:27:46.556,131.37,-0.00562991774294945,-0.017107514489729546,-0.022105560794224627
1635776866566,2021-11-01T10:27:46.566,131.38,0.004380995676801926,-0.010087742129345136,-0.01921815458030203
1635776866576,2021-11-01T10:27:46.576,131.39,0.014996572568289174,0.0006468198897168972,-0.017437359130264424
1635776866586,2021-11-01T10:27:46.586,131.4,0.024168194961585815,0.007523202030176629,-0.01600197017444998
1635776866596,2021-11-01T10:27:46.596,131.41,0.02968068540546843,0.011210074283762746,-0.014443916329884229
1635776866606,2021-11-01T10:27:46.606,131.42,0.031935204769399886,0.015067992551333497,-0.013675855119480218
1635776866616,2021-11-01T10:27:46.616,131.43,0.0325100429019267,0.0194304975394176,-0.014658482604666609
1635776866626,2021-11-01T10:27:46.626,131.44,0.03194837040382633,0.022542818300044454,-0.016808971193446414
1635776866636,2021-11-01T10:27:46.636,131.45,0.029956544081092412,0.02373045617519685,-0.019055913362983
1635776866646,2021-11-01T10:27:46.646,131.46,0.025982524458374387,0.023918011503832423,-0.021452881694987637
1635776866656,2021-11-01T10:27:46.656,131.47,0.01973727931004974,0.024250571278392953,-0.02436285770279071
1635776866666,2021-11-01T10:27:46.666,131.48,0.01197022009337622,0.02512646613047718,-0.027233658741470268
1635776866676,2021-11-01T10:27:46.676,131.49,0.003850457782509981,0.02516546385656282,-0.029411153462320275
1635776866686,2021-11-01T10:27:46.686,131.5,-0.004074591862856665,0.02073975551234858,-0.030954246532597922
1635776866696,2021-11-01T10:27:46.696,131.51,-0.011165963363251914,0.010365948134847609,-0.031749089560951224
1635776866706,2021-11-01T10:27:46.706,131.52,-0.016298082691110743,0.0005786105660438561,-0.031321501932859624
1635776866716,2021-11-01T10:27:46.716,131.53,-0.01931513929665781,0.0006134889657727111,-0.03049502778773984
1635776866726,2021-11-01T10:27:46.726,131.54,-0.020985740892524384,0.009843171758638455,-0.031268704394306235
1635776866736,2021-11-01T10:27:46.736,131.55,-0.020848210137472935,0.018976755329851547,-0.03344223621539226
1635776866746,2021-11-01T10:27:46.746,131.56,-0.017250753713947613,0.022312647269037793,-0.03357401869707206
1635776866756,2021-11-01T10:27:46.756,131.57,-0.009589228456376605,0.019378848342659405,-0.029401150620350612
1635776866766,2021-11-01T10:27:46.766,131.58,0.0011231742090582397,0.010867643389612817,-0.02300820963661113
1635776866776,2021-11-01T10:27:46.776,131.59,0.013149318454093848,0.002709077526792043,-0.017764911704291432
1635776866786,2021-11-01T10:27:46.786,131.6,0.02462639789675794,0.004631216954741705,-0.014648791705988696
1635776866796,2021-11-01T10:27:46.796,131.61,0.03431931742692088,0.017009219484252783,-0.012926940092552582
1635776866806,2021-11-01T10:27:46.806,131.62,0.04182632419696937,0.028735510922715417,-0.01210422002120852
1635776866816,2021-11-01T10:27:46.816,131.63,0.0464497505312655,0.03167491248840049,-0.012312957298157259
1635776866826,2021-11-01T10:27:46.826,131.64,0.0470505092392187,0.028657294810357007,-0.013991475076194892
1635776866836,2021-11-01T10:27:46.836,131.65,0.043653404247731224,0.026101455334697203,-0.017076730427937965
1635776866846,2021-11-01T10:27:46.846,131.66,0.037445108263899955,0.025686463486976743,-0.020426307047414168
1635776866856,2021-11-01T10:27:46.856,131.67,0.028885379212319658,0.025176721066326485,-0.023120006550935605
1635776866866,2021-11-01T10:27:46.866,131.68,0.018093071313145692,0.023713315864456345,-0.02577386040511013
1635776866876,2021-11-01T10:27:46.876,131.69,0.006726146435274761,0.022448271907332513,-0.029017955315946968
1635776866886,2021-11-01T10:27:46.886,131.7,-0.0033165730523791485,0.01972799627846253,-0.03171741852313717
1635776866896,2021-11-01T10:27:46.896,131.71,-0.01214031419251002,0.01165634793940042,-0.03269839899727699
1635776866906,2021-11-01T10:27:46.906,131.72,-0.020322079377767366,0.001773052829143916,-0.03308531112754594
1635776866916,2021-11-01T10:27:46.916,131.73,-0.02687333517042302,0.0016646896197243547,-0.034388388278610946
1635776866926,2021-11-01T10:27:46.926,131.74,-0.030572674188100696,0.013298540958325226,-0.035377559647490495
1635776866936,2021-11-01T10:27:46.936,131.75,-0.03111836936356869,0.02091610592415802,-0.03413156214870159
1635776866946,2021-11-01T10:27:46.946,131.76,-0.028108117047942343,0.012268341889911783,-0.0319607276785276
1635776866956,2021-11-01T10:27:46.956,131.77,-0.02140183483808162,-0.0025718660491018943,-0.03109780007917888
1635776866966,2021-11-01T10:27:46.966,131.78,-0.012507949890547383,-0.005845135362755557,-0.030024700932790513
1635776866976,2021-11-01T10:27:46.976,131.79,-0.003046065310494217,0.004928726385140869,-0.026014339616833727
1635776866986,2021-11-01T10:27:46.986,131.8,0.0074333880215051015,0.019249587918457614,-0.02058026477483167
1635776866996,2021-11-01T10:27:46.996,131.81,0.01953386579284464,0.028674049025778713,-0.01748610689141158
1635776867006,2021-11-01T10:27:47.006,131.82,0.031268611628254867,0.03150667727544419,-0.017069809311380302
1635776867016,2021-11-01T10:27:47.016,131.83,0.039886195613724626,0.03071794347071826,-0.016660543488502707
1635776867026,2021-11-01T10:27:47.026,131.84,0.04487671923857439,0.03122575183993024,-0.01495240618992577
1635776867036,2021-11-01T10:27:47.036,131.85,0.04674418894141351,0.03432619305721002,-0.012808312018810348
1635776867046,2021-11-01T10:27:47.046,131.86,0.04475622090136204,0.03619129930371573,-0.011183291710487122
1635776867056,2021-11-01T10:27:47.056,131.87,0.038620549434862934,0.034980630485743,-0.010625230326993335
1635776867066,2021-11-01T10:27:47.066,131.88,0.030713359988969742,0.034043523748673296,-0.011735589118607786
1635776867076,2021-11-01T10:27:47.076,131.89,0.02387111243277195,0.03490271938922,-0.014193188487536451
1635776867086,2021-11-01T10:27:47.086,131.9,0.018088241769060397,0.033174437183193184,-0.015935360992747432
1635776867096,2021-11-01T10:27:47.096,131.91,0.011538520067790464,0.02473679463225511,-0.015014447532780136
1635776867106,2021-11-01T10:27:47.106,131.92,0.0035581876181802006,0.011591531047522387,-0.012048932134996037
1635776867116,2021-11-01T10:27:47.116,131.93,-0.005094420535538904,-0.0007606851548677949,-0.009252178199379851
1635776867126,2021-11-01T10:27:47.126,131.94,-0.01324862551973339,-0.009514615953456738,-0.007296432491687302
1635776867136,2021-11-01T10:27:47.136,131.95,-0.01893384375505709,-0.01651144774915215,-0.004886815250400339
1635776867146,2021-11-01T10:27:47.146,131.96,-0.019689694806535096,-0.02408179859078971,-0.0009567660982408666
1635776867156,2021-11-01T10:27:47.156,131.97,-0.014981521028946485,-0.030388733541471098,0.004420893082204828
1635776867166,2021-11-01T10:27:47.166,131.98,-0.007060176097596314,-0.031266748641412476,0.01029965122331331
1635776867176,2021-11-01T10:27:47.176,131.99,0.0017523586523870214,-0.026224781783497124,0.014709487963023096
1635776867186,2021-11-01T10:27:47.186,132.0,0.011134497246041587,-0.01936381456589876,0.016041928780559333
1635776867196,2021-11-01T10:27:47.196,132.01,0.021237350581474954,-0.013528967125414905,0.015619869371752727
1635776867206,2021-11-01T10:27:47.206,132.02,0.03106004968070028,-0.006089207485261226,0.01665400686030303
1635776867216,2021-11-01T10:27:47.216,132.03,0.03946543622197908,0.007087488950755442,0.019858916261163935
1635776867226,2021-11-01T10:27:47.226,132.04,0.046048586796679364,0.023532688637490518,0.022475157528279957
1635776867236,2021-11-01T10:27:47.236,132.05,0.05004914923306511,0.033555923604630555,0.022237454853287847
1635776867246,2021-11-01T10:27:47.246,132.06,0.050117179822345134,0.03119680263455597,0.019758278233506867
1635776867256,2021-11-01T10:27:47.256,132.07,0.046230562990384506,0.022651977735365,0.016488208802984374
1635776867266,2021-11-01T10:27:47.266,132.08,0.04037429698649471,0.017967047757129418,0.013263033031932853
1635776867276,2021-11-01T10:27:47.276,132.09,0.03407756405074661,0.01754839746627797,0.01132099766047685
1635776867286,2021-11-01T10:27:47.286,132.1,0.026591122937390008,0.014762444295704181,0.011558034237438113
1635776867296,2021-11-01T10:27:47.296,132.11,0.017068859703927904,0.008595786423880666,0.012593951375067778
1635776867306,2021-11-01T10:27:47.306,132.12,0.007238832361468711,0.003885378270557695,0.012567163122060908
1635776867316,2021-11-01T10:27:47.316,132.13,-0.00037514994052695327,0.000672163992634739,0.012215052244569185
1635776867326,2021-11-01T10:27:47.326,132.14,-0.005946090139276314,-0.007016521435766289,0.013553639232598457
1635776867336,2021-11-01T10:27:47.336,132.15,-0.01121195987388909,-0.021037516281122944,0.017050449418103613
1635776867346,2021-11-01T10:27:47.346,132.16,-0.0153033308923759,-0.034622159671608324,0.022269413670181606
1635776867356,2021-11-01T10:27:47.356,132.17,-0.015066024847079383,-0.04025082802213944,0.029034521600539313
1635776867366,2021-11-01T10:27:47.366,132.18,-0.009874650697638303,-0.03873599790595856,0.0362881528962034
1635776867376,2021-11-01T10:27:47.376,132.19,-0.0027132151453198817,-0.03735762808217912,0.042591725387046524
1635776867386,2021-11-01T10:27:47.386,132.2,0.004158848988996931,-0.03935187135231899,0.04862390870714686
1635776867396,2021-11-01T10:27:47.396,132.21,0.010636066851703882,-0.03988066790058015,0.05528611161036297
1635776867406,2021-11-01T10:27:47.406,132.22,0.014529577177889615,-0.035086639967387895,0.05893241785258575
1635776867416,2021-11-01T10:27:47.416,132.23,0.01058945936215462,-0.029110152403020215,0.05411541990573586
1635776867426,2021-11-01T10:27:47.426,132.24,-0.003120958576841827,-0.027026343787015177,0.042094880084053724
1635776867436,2021-11-01T10:27:47.436,132.25,-0.02132740188705095,-0.027330663865454567,0.03038847548990041
1635776867446,2021-11-01T10:27:47.446,132.26,-0.036948833386090424,-0.02659238015488994,0.023125460982978217
1635776867456,2021-11-01T10:27:47.456,132.27,-0.04773803926103762,-0.0248812953344245,0.018463157918791613
1635776867466,2021-11-01T10:27:47.466,132.28,-0.055854354908043025,-0.023851621203972682,0.015141693901471999
1635776867476,2021-11-01T10:27:47.476,132.29,-0.06382067204888295,-0.02585898219437227,0.013781340681192713
1635776867486,2021-11-01T10:27:47.486,132.3,-0.07243749242861947,-0.03357471618320624,0.012120945891950445
1635776867496,2021-11-01T10:27:47.496,132.31,-0.0808035964959212,-0.04472744990673195,0.00687156810932488
1635776867506,2021-11-01T10:27:47.506,132.32,-0.08768887837822736,-0.05179628294798351,-0.00020261870169130435
1635776867516,2021-11-01T10:27:47.516,132.33,-0.09292642020022251,-0.05112280601890571,-0.004712189183543233
1635776867526,2021-11-01T10:27:47.526,132.34,-0.09604884595028196,-0.04699891469192463,-0.0059843887615820286
1635776867536,2021-11-01T10:27:47.536,132.35,-0.09442664770625908,-0.04441720293325885,-0.005579345589786597
1635776867546,2021-11-01T10:27:47.546,132.36,-0.0861855995784019,-0.042805002596529404,-0.0041103893495518865
1635776867556,2021-11-01T10:27:47.556,132.37,-0.07435269077833151,-0.03929096964571627,-0.004038756462252478
1635776867566,2021-11-01T10:27:47.566,132.38,-0.06377033142510907,-0.033981564594154565,-0.008773867679389709
1635776867576,2021-11-01T10:27:47.576,132.39,-0.05382864108401739,-0.02809100357483743,-0.014660189042302823
1635776867586,2021-11-01T10:27:47.586,132.4,-0.038957966841734935,-0.020165072984333347,-0.011754226947565425
1635776867596,2021-11-01T10:27:47.596,132.41,-0.017644280648243204,-0.009158426657271119,0.002318742107782798
