epoch (ms),time (-13:00),elapsed (s),x-axis (deg/s),y-axis (deg/s),z-axis (deg/s)
1636731571859,2021-11-12T10:39:31.859,0.0,-0.08893638431798295,-2.863999922287233,-0.8832398775430292
1636731571869,2021-11-12T10:39:31.869,0.01,-0.38377282563072074,-3.164452059314816,-0.4217507961993429
1636731571879,2021-11-12T10:39:31.879,0.02,-0.3680739133415289,-3.0051380554989713,-0.029436072512404376
1636731571889,2021-11-12T10:39:31.889,0.03,-0.09979528224289369,-2.493546814799352,0.40308520225400146
1636731571899,2021-11-12T10:39:31.899,0.04,0.1799279299247038,-1.9704576234437075,1.0046667085465628
1636731571909,2021-11-12T10:39:31.909,0.05,0.35109012402631173,-1.484103834009109,1.7052864260831293
1636731571919,2021-11-12T10:39:31.919,0.06,0.4042483608841561,-0.902696877287644,2.3212621892827414
1636731571929,2021-11-12T10:39:31.929,0.07,0.3629179254799202,-0.23355725803243987,2.7687148305451807
1636731571939,2021-11-12T10:39:31.939,0.08,0.2606030256159039,0.4153908759010758,3.0496079436777084
1636731571949,2021-11-12T10:39:31.949,0.09,0.06188276732499701,0.9933422400655472,3.1035361545888023
1636731571959,2021-11-12T10:39:31.959,0.1,-0.2605980218247539,1.4913305365987441,2.8668309783414294
1636731571969,2021-11-12T10:39:31.969,0.11,-0.5357438595595305,1.8866273758408771,2.444403603212659
1636731571979,2021-11-12T10:39:31.979,0.12,-0.5870966041407617,2.1459676697690444,2.02654833119691
1636731571989,2021-11-12T10:39:31.989,0.13,-0.5805166123194734,2.234135358231544,1.6715458049457772
1636731571999,2021-11-12T10:39:31.999,0.14,-0.8108691005821311,2.157615136542635,1.3454274174840513
1636731572009,2021-11-12T10:39:32.009,0.15,-1.237699834490586,2.0216678360045828,1.100555020508179
1636731572019,2021-11-12T10:39:32.019,0.16,-1.534131014258194,1.9781350428231714,1.0434725264721196
1636731572029,2021-11-12T10:39:32.029,0.17,-1.46812493853872,2.11293470449414,1.198061637357434
1636731572039,2021-11-12T10:39:32.039,0.18,-1.0838807974271725,2.4258791362455336,1.5240857874826523
1636731572049,2021-11-12T10:39:32.049,0.19,-0.6319662647452515,2.8837215548392097,1.9930166925515649
1636731572059,2021-11-12T10:39:32.059,0.2,-0.3481891172999416,3.4484542120856223,2.555984567900493
1636731572069,2021-11-12T10:39:32.069,0.21,-0.2698556520166151,4.078116023737431,3.10339835919797
1636731572079,2021-11-12T10:39:32.079,0.22,-0.3513186072436019,4.72650272571478,3.5266540459712514
1636731572089,2021-11-12T10:39:32.089,0.23,-0.6544716778248172,5.345342942488637,3.8029693161551092
1636731572099,2021-11-12T10:39:32.099,0.24,-1.2053882133778773,5.905835070729516,3.99945347301051
1636731572109,2021-11-12T10:39:32.109,0.25,-1.794437284031532,6.427884193342411,4.180020982892044
1636731572119,2021-11-12T10:39:32.119,0.26,-2.17174344237312,6.959192062093207,4.2932024698602484
1636731572129,2021-11-12T10:39:32.129,0.27,-2.3289534954884483,7.508637982062497,4.198944842923297
1636731572139,2021-11-12T10:39:32.139,0.28,-2.4064408175117533,8.021494344028989,3.8492269404060115
1636731572149,2021-11-12T10:39:32.149,0.29,-2.464606236664009,8.432439745303004,3.372216203392979
1636731572159,2021-11-12T10:39:32.159,0.3,-2.492542422048614,8.726981815201615,2.923095014618788
1636731572169,2021-11-12T10:39:32.169,0.31,-2.5016905983976643,8.935117676234551,2.5277506279234356
1636731572179,2021-11-12T10:39:32.179,0.32,-2.499923757595397,9.069350587985873,2.119764525869509
1636731572189,2021-11-12T10:39:32.189,0.33,-2.4935108261807466,9.088876321937482,1.6563098556257323
1636731572199,2021-11-12T10:39:32.199,0.34,-2.5445991124525476,8.941393889508209,1.1590563724832919
1636731572209,2021-11-12T10:39:32.209,0.35,-2.677555936767698,8.63890593008356,0.6910599096313905
1636731572219,2021-11-12T10:39:32.219,0.36,-2.779328127798194,8.26879804725431,0.30741551733376415
1636731572229,2021-11-12T10:39:32.229,0.37,-2.7816957167277363,7.908375116160486,0.015056827490586636
1636731572239,2021-11-12T10:39:32.239,0.38,-2.815440405908064,7.550499501162355,-0.18190650901584637
1636731572249,2021-11-12T10:39:32.249,0.39,-2.959174579368705,7.159667786766105,-0.21715231156690495
1636731572259,2021-11-12T10:39:32.259,0.4,-3.0023676887337807,6.7848695779039305,-0.05364189249259611
1636731572269,2021-11-12T10:39:32.269,0.41,-2.6958455291540666,6.537799747095967,0.1850992788358409
1636731572279,2021-11-12T10:39:32.279,0.42,-2.0967102682804764,6.45460411999905,0.3280565070975449
1636731572289,2021-11-12T10:39:32.289,0.43,-1.4843849026408624,6.46524787592978,0.36875679056742106
1636731572299,2021-11-12T10:39:32.299,0.44,-1.0549288025995853,6.500070387980715,0.4117907136623424
1636731572309,2021-11-12T10:39:32.309,0.45,-0.8243776221776478,6.543927426624385,0.46777128532833867
1636731572319,2021-11-12T10:39:32.319,0.46,-0.7365987328401069,6.607272522247315,0.4560267389357091
1636731572329,2021-11-12T10:39:32.329,0.47,-0.7393530636947353,6.7188670828501555,0.3569105478532106
1636731572339,2021-11-12T10:39:32.339,0.48,-0.7659676122401563,6.909924953077134,0.22576828208543956
1636731572349,2021-11-12T10:39:32.349,0.49,-0.7355661810129484,7.1512469254383895,0.08355318686336449
1636731572359,2021-11-12T10:39:32.359,0.5,-0.6161034307080229,7.351196029443446,-0.10192992808802334
1636731572369,2021-11-12T10:39:32.369,0.51,-0.4500135187287381,7.445372412354102,-0.320340578225902
1636731572379,2021-11-12T10:39:32.379,0.52,-0.2909131812017116,7.434852663066348,-0.47473195711810734
1636731572389,2021-11-12T10:39:32.389,0.53,-0.1447168684579171,7.325351416361376,-0.4699359950948975
1636731572399,2021-11-12T10:39:32.399,0.54,0.00711898622304959,7.106120586986499,-0.31387870001667273
1636731572409,2021-11-12T10:39:32.409,0.55,0.16024690387922594,6.806705930846309,-0.08823263652261612
1636731572419,2021-11-12T10:39:32.419,0.56,0.29710960017073673,6.482562736447125,0.1621713872410309
1636731572429,2021-11-12T10:39:32.429,0.57,0.41366581535062846,6.127528221215018,0.44929700516737986
1636731572439,2021-11-12T10:39:32.439,0.58,0.5016347185133162,5.700459014398721,0.7552812024441918
1636731572449,2021-11-12T10:39:32.449,0.59,0.5459794604262376,5.223344571078786,1.0115300398232763
1636731572459,2021-11-12T10:39:32.459,0.6,0.5659196062930043,4.7419409728709665,1.1966860060308786
1636731572469,2021-11-12T10:39:32.469,0.61,0.5999724143098908,4.254681884129377,1.3769140797316792
1636731572479,2021-11-12T10:39:32.479,0.62,0.6441659225521033,3.794669349830343,1.6101346415281634
1636731572489,2021-11-12T10:39:32.489,0.63,0.6680602338565038,3.4692440053227847,1.8847901883923686
1636731572499,2021-11-12T10:39:32.499,0.64,0.6628861872100064,3.314411102537407,2.17591122707102
1636731572509,2021-11-12T10:39:32.509,0.65,0.6127945275144093,3.236459349702364,2.4704908442342632
1636731572519,2021-11-12T10:39:32.519,0.66,0.4809644556058284,3.1602920649968946,2.7093709575782583
1636731572529,2021-11-12T10:39:32.529,0.67,0.28399753109215753,3.107064442557914,2.793978771733847
1636731572539,2021-11-12T10:39:32.539,0.68,0.11169235745466996,3.0952129284780483,2.6954102166709712
1636731572549,2021-11-12T10:39:32.549,0.69,0.019436110202339877,3.071915823647502,2.498335108355759
1636731572559,2021-11-12T10:39:32.559,0.7,-0.046181088632239985,2.9571701344073977,2.3045452780583817
1636731572569,2021-11-12T10:39:32.569,0.71,-0.15840025317917336,2.7063880223821677,2.1393033975548494
1636731572579,2021-11-12T10:39:32.579,0.72,-0.28590210797042875,2.349490014827129,1.9727736684203139
1636731572589,2021-11-12T10:39:32.589,0.73,-0.35553825386975757,1.974999604656352,1.7868980640331684
1636731572599,2021-11-12T10:39:32.599,0.74,-0.41009709986489995,1.6368998204784453,1.5892453874109957
1636731572609,2021-11-12T10:39:32.609,0.75,-0.5243021847958711,1.3031984837851023,1.382977719504029
1636731572619,2021-11-12T10:39:32.619,0.76,-0.5917431277667519,0.9342380256269205,1.1689974399215197
1636731572629,2021-11-12T10:39:32.629,0.77,-0.4861782856030027,0.5590847857872117,0.9953774246803189
1636731572639,2021-11-12T10:39:32.639,0.78,-0.40542728128963884,0.23120720753290966,0.9492029512817005
1636731572649,2021-11-12T10:39:32.649,0.79,-0.6285074166624091,-0.04873808473077222,1.0414911502512973
1636731572659,2021-11-12T10:39:32.659,0.8,-0.9529217556277938,-0.3271603652924049,1.1506218807213382
1636731572669,2021-11-12T10:39:32.669,0.81,-0.9324694467042376,-0.6272180098235481,1.1620424348965743
1636731572679,2021-11-12T10:39:32.679,0.82,-0.6308699345458477,-0.8997096114801741,1.1278040193384122
1636731572689,2021-11-12T10:39:32.689,0.83,-0.46255238695681006,-1.0469356546145987,1.1894564349425936
1636731572699,2021-11-12T10:39:32.699,0.84,-0.4035902785930374,-1.0187612220335382,1.3581449523563873
1636731572709,2021-11-12T10:39:32.709,0.85,-0.11725272362310288,-0.9070646907404771,1.4895551310596895
1636731572719,2021-11-12T10:39:32.719,0.86,0.3243174521457545,-0.8951680335185,1.4952402152787285
1636731572729,2021-11-12T10:39:32.729,0.87,0.5481262783796936,-1.061112851422307,1.4488874504738294
1636731572739,2021-11-12T10:39:32.739,0.88,0.47900144132692957,-1.2930173600434731,1.436417399705456
1636731572749,2021-11-12T10:39:32.749,0.89,0.3154678853533761,-1.4486289792912306,1.438634042046529
1636731572759,2021-11-12T10:39:32.759,0.9,0.1671669002878654,-1.5135609550713398,1.4302772538786725
1636731572769,2021-11-12T10:39:32.769,0.91,0.039486235485215515,-1.556572683060351,1.4523283382908065
1636731572779,2021-11-12T10:39:32.779,0.92,-0.05834990778975815,-1.6158443777268394,1.4993245023415374
1636731572789,2021-11-12T10:39:32.789,0.93,-0.16279681257797735,-1.679769382508057,1.464895531301992
1636731572799,2021-11-12T10:39:32.799,0.94,-0.326505595388799,-1.735774268820169,1.2881765542104877
1636731572809,2021-11-12T10:39:32.809,0.95,-0.48602447681022615,-1.8082632070517781,1.0544251157101008
1636731572819,2021-11-12T10:39:32.819,0.96,-0.5200478094793892,-1.949446236612709,0.8788816267983601
1636731572829,2021-11-12T10:39:32.829,0.97,-0.429683852759531,-2.180533778232828,0.7572193288165817
1636731572839,2021-11-12T10:39:32.839,0.98,-0.3242765144783082,-2.448711056638942,0.5897003396670006
1636731572849,2021-11-12T10:39:32.849,0.99,-0.2745027100715687,-2.6881210482807694,0.3335493325884101
1636731572859,2021-11-12T10:39:32.859,1.0,-0.28006394513397154,-2.9253645735781837,0.08398089069290181
1636731572869,2021-11-12T10:39:32.869,1.01,-0.29906461251509914,-3.2421274753983393,-0.02457554327484085
1636731572879,2021-11-12T10:39:32.879,1.02,-0.2691367211288227,-3.6139570641130554,0.028829911203326355
1636731572889,2021-11-12T10:39:32.889,1.03,-0.23033357025371626,-3.913004342046206,0.150495534678928
1636731572899,2021-11-12T10:39:32.899,1.04,-0.3514688626297617,-4.111665260009197,0.27986739713211145
1636731572909,2021-11-12T10:39:32.909,1.05,-0.6161192918297732,-4.319179173881588,0.4746971079102068
1636731572919,2021-11-12T10:39:32.919,1.06,-0.6842124011664068,-4.556845788024647,0.8068466219068915
1636731572929,2021-11-12T10:39:32.929,1.07,-0.38170735401036193,-4.679269003740622,1.2157417696280108
1636731572939,2021-11-12T10:39:32.939,1.08,-0.04471307409260304,-4.6041542847698205,1.5377970487696961
1636731572949,2021-11-12T10:39:32.949,1.09,-0.010844478808967994,-4.46517977268347,1.6707665644925018
1636731572959,2021-11-12T10:39:32.959,1.1,-0.09714462745440175,-4.437252685536982,1.6463251283921891
1636731572969,2021-11-12T10:39:32.969,1.11,0.024009758652979447,-4.5145499894343395,1.5472500485806173
1636731572979,2021-11-12T10:39:32.979,1.12,0.2542973348878853,-4.562308286760908,1.4115811744657412
1636731572989,2021-11-12T10:39:32.989,1.13,0.2818070891017407,-4.530781033050671,1.2301085582365756
1636731572999,2021-11-12T10:39:32.999,1.14,0.09959132630556201,-4.5136308993451255,0.9985155032405691
1636731573009,2021-11-12T10:39:33.009,1.15,-0.05873147646070462,-4.602645931349921,0.7372190852936489
1636731573019,2021-11-12T10:39:33.019,1.16,-0.09875475483749104,-4.778485024308376,0.46346631273513395
1636731573029,2021-11-12T10:39:33.029,1.17,-0.09079999546397101,-4.974110696444644,0.17922238086023062
1636731573039,2021-11-12T10:39:33.039,1.18,-0.07931032110591733,-5.180577492781125,-0.09209732569665896
1636731573049,2021-11-12T10:39:33.049,1.19,-0.06463179322103058,-5.448940783431765,-0.2841709318150763
1636731573059,2021-11-12T10:39:33.059,1.2,-0.054899800729845245,-5.80872252583848,-0.34116250779681795
1636731573069,2021-11-12T10:39:33.069,1.21,-0.03576788949482422,-6.207661447962187,-0.2861983305896143
1636731573079,2021-11-12T10:39:33.079,1.22,0.02419537868416422,-6.5557181345061695,-0.20145413053873124
1636731573089,2021-11-12T10:39:33.089,1.23,0.11045375921588814,-6.830620561619881,-0.13197225311228433
1636731573099,2021-11-12T10:39:33.099,1.24,0.17796096984178433,-7.0837979098095145,-0.04084020828504645
1636731573109,2021-11-12T10:39:33.109,1.25,0.2280459481757527,-7.335214014052045,0.11636371664095671
1636731573119,2021-11-12T10:39:33.119,1.26,0.29559130158202573,-7.541035196485311,0.29893358009798515
1636731573129,2021-11-12T10:39:33.129,1.27,0.3496212178441597,-7.671692687998643,0.40409354858190366
1636731573139,2021-11-12T10:39:33.139,1.28,0.2917680657076035,-7.752708619820697,0.3781645269401046
1636731573149,2021-11-12T10:39:33.149,1.29,0.099546286110608,-7.827581948688734,0.266496778958971
1636731573159,2021-11-12T10:39:33.159,1.3,-0.11812120131762766,-7.9222609543874345,0.14497257788616463
1636731573169,2021-11-12T10:39:33.169,1.31,-0.26996032487130006,-8.0450860891982,0.04164407550091938
1636731573179,2021-11-12T10:39:33.179,1.32,-0.3797016020751096,-8.199107916229767,-0.05349363674170227
1636731573189,2021-11-12T10:39:33.189,1.33,-0.471494215146569,-8.38259172244495,-0.13931773863061858
1636731573199,2021-11-12T10:39:33.199,1.34,-0.48553705105849454,-8.583245239886601,-0.1969374001253984
1636731573209,2021-11-12T10:39:33.209,1.35,-0.3807286658782751,-8.783722117649912,-0.2171895443638988
1636731573219,2021-11-12T10:39:33.219,1.36,-0.2243023275362525,-8.970934551292526,-0.20942153373362865
1636731573229,2021-11-12T10:39:33.229,1.37,-0.11881054983018907,-9.137847880475102,-0.18133768286517632
1636731573239,2021-11-12T10:39:33.239,1.38,-0.073736810522226,-9.26991214815129,-0.1360517694827322
1636731573249,2021-11-12T10:39:33.249,1.39,0.0022202758172847623,-9.322498758305642,-0.10199290272498879
1636731573259,2021-11-12T10:39:33.259,1.4,0.13625285496323974,-9.250739075681714,-0.1318478011759776
1636731573269,2021-11-12T10:39:33.269,1.41,0.19443106546671113,-9.086574798736688,-0.24674366722291086
1636731573279,2021-11-12T10:39:33.279,1.42,0.10247036024838135,-8.920087136046211,-0.4024133822065339
1636731573289,2021-11-12T10:39:33.289,1.43,0.049697953651693196,-8.784268576683004,-0.5259657801337088
1636731573299,2021-11-12T10:39:33.299,1.44,0.20991810727886984,-8.649208147488114,-0.5740473930699755
1636731573309,2021-11-12T10:39:33.309,1.45,0.3731866598695806,-8.531935189022033,-0.549762414519203
1636731573319,2021-11-12T10:39:33.319,1.46,0.1820170563055088,-8.503777922833414,-0.4821435273492801
1636731573329,2021-11-12T10:39:33.329,1.47,-0.2973161694635408,-8.587367171440592,-0.40594707097666416
1636731573339,2021-11-12T10:39:33.339,1.48,-0.52820716598484,-8.719073402832851,-0.3450795887262799
1636731573349,2021-11-12T10:39:33.349,1.49,-0.1574811743592075,-8.802678789091258,-0.30618481782331836
1636731573359,2021-11-12T10:39:33.359,1.5,0.44022167607346424,-8.786524351590817,-0.31054798554789714
1636731573369,2021-11-12T10:39:33.369,1.51,0.5998967192168867,-8.721034905393896,-0.4099687785841436
1636731573379,2021-11-12T10:39:33.379,1.52,0.31737090403527424,-8.721281220254388,-0.6162374458535301
1636731573389,2021-11-12T10:39:33.389,1.53,0.20178956890459468,-8.850290021916189,-0.8444173478036556
1636731573399,2021-11-12T10:39:33.399,1.54,0.42881743003386363,-9.07640798997921,-0.9862988247267412
1636731573409,2021-11-12T10:39:33.409,1.55,0.499028263811486,-9.334554735873896,-1.0076487052864231
1636731573419,2021-11-12T10:39:33.419,1.56,0.15772262678975973,-9.57212296473337,-0.9384275831779839
1636731573429,2021-11-12T10:39:33.429,1.57,-0.21790491090146008,-9.753824981018127,-0.8279946216734393
1636731573439,2021-11-12T10:39:33.439,1.58,-0.29933959162574314,-9.876121131970441,-0.7480174723771466
1636731573449,2021-11-12T10:39:33.449,1.59,-0.25328682213242787,-9.974604688834361,-0.7764874224999805
1636731573459,2021-11-12T10:39:33.459,1.6,-0.3591692857056269,-10.09474047284554,-0.9263475064764981
1636731573469,2021-11-12T10:39:33.469,1.61,-0.5906013205908056,-10.249439874562524,-1.1169628927996955
1636731573479,2021-11-12T10:39:33.479,1.62,-0.715399111986712,-10.405820222088103,-1.247801445783785
1636731573489,2021-11-12T10:39:33.489,1.63,-0.5970456873899549,-10.52820788260029,-1.284218162051979
1636731573499,2021-11-12T10:39:33.499,1.64,-0.2993582828302959,-10.634276012980797,-1.2517362371691263
1636731573509,2021-11-12T10:39:33.509,1.65,0.01870063720847967,-10.769083637099886,-1.1710264465686027
1636731573519,2021-11-12T10:39:33.519,1.66,0.2489160445548671,-10.919953328451992,-1.04490051993999
1636731573529,2021-11-12T10:39:33.529,1.67,0.3869015351532039,-11.009674956523638,-0.9047915483683242
1636731573539,2021-11-12T10:39:33.539,1.68,0.4881028516868764,-10.969787525245035,-0.8035806005143546
1636731573549,2021-11-12T10:39:33.549,1.69,0.60329028298694,-10.762977426703145,-0.7466536521013746
1636731573559,2021-11-12T10:39:33.559,1.7,0.7151699626439927,-10.352633209328156,-0.70016929953427
1636731573569,2021-11-12T10:39:33.569,1.71,0.7295871153834335,-9.718835368058565,-0.6671287319313115
1636731573579,2021-11-12T10:39:33.579,1.72,0.6178358919034393,-8.891881673948287,-0.6569206661557782
1636731573589,2021-11-12T10:39:33.589,1.73,0.5370383039452349,-7.916451697596618,-0.5894458821583117
1636731573599,2021-11-12T10:39:33.599,1.74,0.6606866825505926,-6.8027950192391184,-0.3559800571705316
1636731573609,2021-11-12T10:39:33.609,1.75,0.9394379174214086,-5.55848476928058,0.02178610427680166
1636731573619,2021-11-12T10:39:33.619,1.76,1.1801163462708897,-4.241559670220596,0.39987468410820054
1636731573629,2021-11-12T10:39:33.629,1.77,1.2747663470927684,-2.917296213239643,0.6493782193269888
1636731573639,2021-11-12T10:39:33.639,1.78,1.2258127356573665,-1.511293095081295,0.678805613851604
1636731573649,2021-11-12T10:39:33.649,1.79,1.0696780542068427,0.3059937120390651,0.3934338899410188
1636731573659,2021-11-12T10:39:33.659,1.8,0.8915905810552907,3.0033530596972806,-0.19561960252508354
1636731573669,2021-11-12T10:39:33.669,1.81,0.7975012156905472,6.8431163381023135,-0.83453444167891
1636731573679,2021-11-12T10:39:33.679,1.82,0.7826080941940929,11.646874419876987,-1.1472383599157907
1636731573689,2021-11-12T10:39:33.689,1.83,0.751206848402391,16.940470800761418,-0.9076608633820319
1636731573699,2021-11-12T10:39:33.699,1.84,0.7309467610678935,22.29728629901369,-0.11746647678343008
1636731573709,2021-11-12T10:39:33.709,1.85,0.8985049592835062,27.528845032168505,1.0934482038468392
1636731573719,2021-11-12T10:39:33.719,1.86,1.3244064117716188,32.59738227134143,2.4962038483670943
1636731573729,2021-11-12T10:39:33.729,1.87,1.8858383923776985,37.38605616602605,3.786101057954892
1636731573739,2021-11-12T10:39:33.739,1.88,2.470262550339322,41.606442234611514,4.732528603597485
1636731573749,2021-11-12T10:39:33.749,1.89,3.0601923529352693,45.00358096284591,5.256441508172895
1636731573759,2021-11-12T10:39:33.759,1.9,3.627958454445011,47.61019368862994,5.343459264009221
1636731573769,2021-11-12T10:39:33.769,1.91,4.1457002939165175,49.67356859493419,5.05176447206145
1636731573779,2021-11-12T10:39:33.779,1.92,4.65837488267774,51.34671698396578,4.621528279641037
1636731573789,2021-11-12T10:39:33.789,1.93,5.190092031574873,52.562699346215766,4.36372558022728
1636731573799,2021-11-12T10:39:33.799,1.94,5.645834635067978,53.178724224114106,4.391667935142648
1636731573809,2021-11-12T10:39:33.809,1.95,5.920077738557618,53.12295438849485,4.592224695479882
1636731573819,2021-11-12T10:39:33.819,1.96,6.0209631932117755,52.40876032728707,4.821462647144117
1636731573829,2021-11-12T10:39:33.829,1.97,6.013457825480124,51.09746723061862,4.994251054627977
1636731573839,2021-11-12T10:39:33.839,1.98,5.942031942503082,49.26974548230587,5.050537032444027
1636731573849,2021-11-12T10:39:33.849,1.99,5.873518063992548,47.00324702311281,4.97170197472655
1636731573859,2021-11-12T10:39:33.859,2.0,5.90021034732886,44.3680031821836,4.805229181761616
1636731573869,2021-11-12T10:39:33.869,2.01,6.007579278154198,41.437918829572766,4.615864577358454
1636731573879,2021-11-12T10:39:33.879,2.02,6.037881936396787,38.27910246906573,4.453704607037606
1636731573889,2021-11-12T10:39:33.889,2.03,5.892491785838575,34.91676313701424,4.384084155817397
1636731573899,2021-11-12T10:39:33.899,2.04,5.659678838814301,31.344932742592654,4.464031920277439
1636731573909,2021-11-12T10:39:33.909,2.05,5.412644725863685,27.585697489258486,4.641573845009592
1636731573919,2021-11-12T10:39:33.919,2.06,5.053997240334669,23.71633653282488,4.765361339835973
1636731573929,2021-11-12T10:39:33.929,2.07,4.56231324052839,19.834087113714197,4.772164719758229
1636731573939,2021-11-12T10:39:33.939,2.08,4.170053193276718,16.02255839914111,4.768778723249971
1636731573949,2021-11-12T10:39:33.949,2.09,4.022896439343454,12.362501504535025,4.822943646187344
1636731573959,2021-11-12T10:39:33.959,2.1,3.890961177323348,8.952960803384606,4.79167772654039
1636731573969,2021-11-12T10:39:33.969,2.11,3.4872023504836323,5.895777974462913,4.507060875994903
1636731573979,2021-11-12T10:39:33.979,2.12,2.8666668456275057,3.2502822392152337,4.036996588720599
1636731573989,2021-11-12T10:39:33.989,2.13,2.3335879696332826,1.0126210740817783,3.608168738554564
1636731573999,2021-11-12T10:39:33.999,2.14,2.1202594631366765,-0.8478836803074644,3.3344588862300473
1636731574009,2021-11-12T10:39:34.009,2.15,2.214087968203387,-2.347604093081604,3.1605099627748183
1636731574019,2021-11-12T10:39:34.019,2.16,2.4026828583827524,-3.520043603170782,3.0394961690371627
1636731574029,2021-11-12T10:39:34.029,2.17,2.507797918622331,-4.4770578003051975,3.023498820724204
1636731574039,2021-11-12T10:39:34.039,2.18,2.525269826272954,-5.385010368221505,3.1455722245927324
1636731574049,2021-11-12T10:39:34.049,2.19,2.444435381486317,-6.370575236496313,3.323688522343553
1636731574059,2021-11-12T10:39:34.059,2.2,2.1498385908361546,-7.460908447729834,3.4565540710902276
1636731574069,2021-11-12T10:39:34.069,2.21,1.6860672905156247,-8.58875144533206,3.5381051170028357
1636731574079,2021-11-12T10:39:34.079,2.22,1.3253721211363196,-9.65080914666105,3.5910636981754718
1636731574089,2021-11-12T10:39:34.089,2.23,1.18011568859121,-10.585656250014036,3.569832744125759
1636731574099,2021-11-12T10:39:34.099,2.24,1.0685783630416017,-11.38531573506084,3.4481701034044523
1636731574109,2021-11-12T10:39:34.109,2.25,0.8771942662154839,-12.0384701975599,3.3255974967078252
1636731574119,2021-11-12T10:39:34.119,2.26,0.6939240888100333,-12.510329589011299,3.3131903763433685
1636731574129,2021-11-12T10:39:34.129,2.27,0.5288637539602683,-12.77407723030265,3.36364692477434
1636731574139,2021-11-12T10:39:34.139,2.28,0.2883614715711734,-12.817819231147032,3.3156087463862294
1636731574149,2021-11-12T10:39:34.149,2.29,0.09104317190271514,-12.628321860741938,3.0800440742926467
1636731574159,2021-11-12T10:39:34.159,2.3,0.18725666861762488,-12.222609001273636,2.704549898848846
1636731574169,2021-11-12T10:39:34.169,2.31,0.38169651907307595,-11.720770187358081,2.2334468214290215
1636731574179,2021-11-12T10:39:34.179,2.32,0.07452921764127568,-11.32739638310408,1.5945812610829102
1636731574189,2021-11-12T10:39:34.189,2.33,-0.6886615604661154,-11.167138256809057,0.7280044731899318
1636731574199,2021-11-12T10:39:34.199,2.34,-0.9256218779309395,-11.18573023232182,-0.2549071571368116
1636731574209,2021-11-12T10:39:34.209,2.35,-0.23245514173433648,-11.29320268028537,-1.156402895140613
1636731574219,2021-11-12T10:39:34.219,2.36,0.27097471257929856,-11.52302500193124,-1.8021603414071983
1636731574229,2021-11-12T10:39:34.229,2.37,-0.45487214776615875,-11.929221603659322,-1.972733730980814
1636731574239,2021-11-12T10:39:34.239,2.38,-1.6830873188433046,-12.405381777233877,-1.608762940330785
1636731574249,2021-11-12T10:39:34.249,2.39,-1.9563428394553943,-12.75611832760632,-1.4409736258133456
1636731574259,2021-11-12T10:39:34.259,2.4,-1.0548552775439481,-12.921664882269699,-2.7068072564187413
1636731574269,2021-11-12T10:39:34.269,2.41,0.047321067407708944,-13.019915500302606,-5.229593241064118
1636731574279,2021-11-12T10:39:34.279,2.42,0.6006355142863656,-13.172977040551885,-6.860922415795719
1636731574289,2021-11-12T10:39:34.289,2.43,0.7244163814698787,-13.365495726791417,-6.673814422083524
1636731574299,2021-11-12T10:39:34.299,2.44,0.9372268923999799,-13.474458504725362,-6.957502695565379
1636731574309,2021-11-12T10:39:34.309,2.45,1.4755972816880054,-13.397818086527769,-9.387246602994104
1636731574319,2021-11-12T10:39:34.319,2.46,2.1555354427928846,-13.146153701659156,-11.702857558505052
1636731574329,2021-11-12T10:39:34.329,2.47,2.799489832788323,-12.812241676204685,-11.135922848743531
1636731574339,2021-11-12T10:39:34.339,2.48,3.4485444387408677,-12.467394877353595,-8.330037347989213
1636731574349,2021-11-12T10:39:34.349,2.49,4.00049274528762,-12.119549024733022,-5.483327980421466
1636731574359,2021-11-12T10:39:34.359,2.5,4.041326824677626,-11.748514416220875,-3.277284272466823
1636731574369,2021-11-12T10:39:34.369,2.51,3.30588874517613,-11.331789946477645,-1.2994983395135926
1636731574379,2021-11-12T10:39:34.379,2.52,2.0238745433073735,-10.850950402251993,0.4458269652694311
1636731574389,2021-11-12T10:39:34.389,2.53,0.6372237927186761,-10.289710005772527,1.5853893446051666
1636731574399,2021-11-12T10:39:34.399,2.54,-0.5726974600603854,-9.61929127534572,2.020168078444327
1636731574409,2021-11-12T10:39:34.409,2.55,-1.5231370481051603,-8.843676359844741,1.9283156735445117
1636731574419,2021-11-12T10:39:34.419,2.56,-2.3087462760003286,-8.091279658203893,1.4100468812565943
1636731574429,2021-11-12T10:39:34.429,2.57,-3.1715331270493348,-7.564082752832686,0.3996260425204952
1636731574439,2021-11-12T10:39:34.439,2.58,-4.185659367058516,-7.3243840065560555,-1.1066382017124117
1636731574449,2021-11-12T10:39:34.449,2.59,-4.982985274055668,-7.1888329709066685,-2.8985303118472507
1636731574459,2021-11-12T10:39:34.459,2.6,-5.1221053498846,-6.905142119671505,-4.72117148773793
1636731574469,2021-11-12T10:39:34.469,2.61,-4.751130968589069,-6.42757638640167,-6.5317641326297196
1636731574479,2021-11-12T10:39:34.479,2.62,-4.551467444146359,-5.938849864117436,-8.463173324428105
1636731574489,2021-11-12T10:39:34.489,2.63,-4.941038545100659,-5.583479949534604,-10.494501146464541
1636731574499,2021-11-12T10:39:34.499,2.64,-5.750420202081755,-5.3366963283087685,-12.264491861350303
1636731574509,2021-11-12T10:39:34.509,2.65,-6.804562995204305,-5.1941582187375,-13.333478425499434
1636731574519,2021-11-12T10:39:34.519,2.66,-8.198856507189674,-5.234554957120436,-13.538007640760522
1636731574529,2021-11-12T10:39:34.529,2.67,-9.759224711178927,-5.370990922159048,-12.92965238644007
1636731574539,2021-11-12T10:39:34.539,2.68,-10.995670903315526,-5.339720169826235,-11.53162057399108
1636731574549,2021-11-12T10:39:34.549,2.69,-11.847963633254434,-5.105755247549248,-9.427431132089755
1636731574559,2021-11-12T10:39:34.559,2.7,-12.600352971552223,-5.018407503691857,-6.994676565830231
1636731574569,2021-11-12T10:39:34.569,2.71,-12.949233134573191,-5.409857977496797,-4.852662659739076
1636731574579,2021-11-12T10:39:34.579,2.72,-12.278506121345949,-6.227378295816962,-3.604020857274736
1636731574589,2021-11-12T10:39:34.589,2.73,-10.977119745720632,-7.1427330290814925,-3.5602889151905543
1636731574599,2021-11-12T10:39:34.599,2.74,-10.27242464498924,-7.854501967157676,-4.521209577051293
1636731574609,2021-11-12T10:39:34.609,2.75,-10.558924229534998,-8.205419560453954,-5.839453572738025
1636731574619,2021-11-12T10:39:34.619,2.76,-10.959723489893939,-8.131524565824243,-6.754929950613428
1636731574629,2021-11-12T10:39:34.629,2.77,-10.693628788067024,-7.639896503110494,-6.678809005138758
1636731574639,2021-11-12T10:39:34.639,2.78,-9.939192629964888,-6.874680315262669,-5.601517054505516
1636731574649,2021-11-12T10:39:34.649,2.79,-9.256695593543366,-6.148867340841237,-4.510086907396666
1636731574659,2021-11-12T10:39:34.659,2.8,-8.98761642618096,-5.80888450260699,-4.565606051294354
1636731574669,2021-11-12T10:39:34.669,2.81,-9.248616153827754,-5.962267934988845,-5.456974481968112
1636731574679,2021-11-12T10:39:34.679,2.82,-9.752317800869525,-6.279926672628904,-5.819733515935453
1636731574689,2021-11-12T10:39:34.689,2.83,-9.68247239475977,-6.128152336732665,-5.512449433087578
1636731574699,2021-11-12T10:39:34.699,2.84,-8.488017707303785,-5.046652096442376,-5.720469975644929
1636731574709,2021-11-12T10:39:34.709,2.85,-6.716448867533122,-3.1780194290998836,-6.719798849612621
1636731574719,2021-11-12T10:39:34.719,2.86,-5.447385890966583,-1.2353306666338097,-7.448853408389073
1636731574729,2021-11-12T10:39:34.729,2.87,-5.18703939781943,-0.10064274186396946,-7.34255453334093
1636731574739,2021-11-12T10:39:34.739,2.88,-5.877905849890354,-0.35200976153823516,-7.0205022468453695
1636731574749,2021-11-12T10:39:34.749,2.89,-7.353152512580436,-1.781647698006252,-7.132744770007479
1636731574759,2021-11-12T10:39:34.759,2.9,-8.925999522041058,-3.2450251578732106,-7.5983133807812155
1636731574769,2021-11-12T10:39:34.769,2.91,-9.228797744918944,-3.446218483722097,-8.063028153689604
1636731574779,2021-11-12T10:39:34.779,2.92,-7.636715003360759,-2.1794735583277745,-8.45975807908545
1636731574789,2021-11-12T10:39:34.789,2.93,-5.467198197507138,-0.5563265973973753,-8.901135872853544
1636731574799,2021-11-12T10:39:34.799,2.94,-4.67098041370846,0.10154103522209883,-9.239160459364024
1636731574809,2021-11-12T10:39:34.809,2.95,-5.545946939749777,-0.617848487737019,-8.925657781953516
1636731574819,2021-11-12T10:39:34.819,2.96,-6.652007660325281,-2.136950001785791,-7.446052070288646
1636731574829,2021-11-12T10:39:34.829,2.97,-6.744435324812185,-3.5658952671517246,-4.985597495911026
1636731574839,2021-11-12T10:39:34.839,2.98,-5.855844845535657,-4.304779153582914,-2.5152914990567896
1636731574849,2021-11-12T10:39:34.849,2.99,-4.594583768823443,-4.196732416837862,-0.9653121243560754
1636731574859,2021-11-12T10:39:34.859,3.0,-3.36185931919455,-3.452773577076539,-0.3838273671226109
1636731574869,2021-11-12T10:39:34.869,3.01,-2.3814162602372635,-2.5504192384906306,-0.12791725543065938
1636731574879,2021-11-12T10:39:34.879,3.02,-1.6979949498385576,-2.0058883372691096,0.2712178014406989
1636731574889,2021-11-12T10:39:34.889,3.03,-1.046681110288298,-2.0771697248240457,0.7091350670508154
1636731574899,2021-11-12T10:39:34.899,3.04,-0.30539481166637533,-2.68197789580805,0.8239809665473093
1636731574909,2021-11-12T10:39:34.909,3.05,0.1421244317870266,-3.5429005171727432,0.4389274305698927
1636731574919,2021-11-12T10:39:34.919,3.06,0.03260921228809631,-4.327701811773045,-0.2649513359228748
1636731574929,2021-11-12T10:39:34.929,3.07,-0.2707989834146814,-4.759799111800099,-0.9196056088087573
1636731574939,2021-11-12T10:39:34.939,3.08,-0.4400321638334822,-4.84179626762126,-1.359121774518719
1636731574949,2021-11-12T10:39:34.949,3.09,-0.7718981360104178,-4.987810413227711,-1.79948169870011
1636731574959,2021-11-12T10:39:34.959,3.1,-1.594832957496561,-5.5713349925914315,-2.5693852726356057
1636731574969,2021-11-12T10:39:34.969,3.11,-2.616579560568206,-6.22353316140917,-3.774211952355097
1636731574979,2021-11-12T10:39:34.979,3.12,-3.3075266695297323,-6.109783945428029,-5.2775574486057835
1636731574989,2021-11-12T10:39:34.989,3.13,-3.474291492937786,-5.116102381554546,-6.832643093292258
1636731574999,2021-11-12T10:39:34.999,3.14,-3.1413434710058956,-4.158196417259531,-8.131962490297942
1636731575009,2021-11-12T10:39:35.009,3.15,-2.336657932956041,-4.075538872059187,-8.898823535941144
1636731575019,2021-11-12T10:39:35.019,3.16,-1.2349763553387074,-4.683845056843613,-9.098032078396164
1636731575029,2021-11-12T10:39:35.029,3.17,-0.11141216464648274,-5.085106004238737,-9.036878353189037
1636731575039,2021-11-12T10:39:35.039,3.18,0.9752405019450983,-4.697076764542198,-9.175880231934167
1636731575049,2021-11-12T10:39:35.049,3.19,2.1977188397799665,-3.827251364985177,-9.790298945084876
1636731575059,2021-11-12T10:39:35.059,3.2,3.6244581512421665,-3.1871179053863656,-10.826830204859272
1636731575069,2021-11-12T10:39:35.069,3.21,4.93344546209596,-3.066098597770857,-12.11852871593722
1636731575079,2021-11-12T10:39:35.079,3.22,5.563073610795786,-3.2207962288562184,-13.634141390208313
1636731575089,2021-11-12T10:39:35.089,3.23,5.3850126400983545,-3.300923597426029,-15.38545943404051
1636731575099,2021-11-12T10:39:35.099,3.24,5.081526181315969,-3.0483960794672162,-17.206116310510996
1636731575109,2021-11-12T10:39:35.109,3.25,5.433987480608653,-2.2826726438336644,-18.81008808854051
1636731575119,2021-11-12T10:39:35.119,3.26,6.380873005057712,-1.0202808140093502,-20.019932000813856
1636731575129,2021-11-12T10:39:35.129,3.27,7.1892025364539975,0.45958831293832847,-20.826229769306067
1636731575139,2021-11-12T10:39:35.139,3.28,7.382989573104419,1.8664144502914173,-21.26953073227351
1636731575149,2021-11-12T10:39:35.149,3.29,7.076543828302556,3.1238438769176082,-21.349632584588903
1636731575159,2021-11-12T10:39:35.159,3.3,6.502594254739974,4.211912131604553,-21.06429986635277
1636731575169,2021-11-12T10:39:35.169,3.31,5.708691945370851,4.998791896903614,-20.475009846381695
1636731575179,2021-11-12T10:39:35.179,3.32,4.813099522988307,5.434441998188456,-19.64833963651764
1636731575189,2021-11-12T10:39:35.189,3.33,4.126995927787753,5.704465150893834,-18.60701744085448
1636731575199,2021-11-12T10:39:35.199,3.34,3.8158565044361428,6.020509404367763,-17.51564431751907
1636731575209,2021-11-12T10:39:35.209,3.35,3.709605403380211,6.451613026306079,-16.819244584089784
1636731575219,2021-11-12T10:39:35.219,3.36,3.576820356060473,7.043964114311999,-16.912898963955683
1636731575229,2021-11-12T10:39:35.229,3.37,3.4210461595477613,7.896264816310882,-17.667081599022737
1636731575239,2021-11-12T10:39:35.239,3.38,3.4639285214053013,9.043966259126156,-18.440852227425093
1636731575249,2021-11-12T10:39:35.249,3.39,3.888631029059667,10.377663445852278,-18.499711876831284
1636731575259,2021-11-12T10:39:35.259,3.4,4.57622099001871,11.668954801989514,-17.35080648895649
1636731575269,2021-11-12T10:39:35.269,3.41,5.123077935298855,12.628874887655867,-14.915915304895037
1636731575279,2021-11-12T10:39:35.279,3.42,5.1191067604604505,13.01921131414279,-11.656348364936278
1636731575289,2021-11-12T10:39:35.289,3.43,4.396681409325542,12.7657027033651,-8.47738770884402
1636731575299,2021-11-12T10:39:35.299,3.44,3.2477152916434084,11.926158954388887,-6.22289082041231
1636731575309,2021-11-12T10:39:35.309,3.45,2.3736538920481016,10.586206946295615,-5.047454892794867
1636731575319,2021-11-12T10:39:35.319,3.46,2.087145458930661,8.878936463502455,-4.289802994479962
1636731575329,2021-11-12T10:39:35.329,3.47,1.8243346621782448,7.040652280559913,-3.036271394373502
1636731575339,2021-11-12T10:39:35.339,3.48,1.233799920485147,5.294636150973164,-0.7734234232576288
1636731575349,2021-11-12T10:39:35.349,3.49,1.0060163592386553,3.676413418853877,2.485934958474644
1636731575359,2021-11-12T10:39:35.359,3.5,1.63747724602448,2.0715179424480183,6.476267623039942
1636731575369,2021-11-12T10:39:35.369,3.51,2.451938058488278,0.4418031538380123,10.91739634626785
1636731575379,2021-11-12T10:39:35.379,3.52,2.7835533454377606,-1.053521432128932,15.607037063182693
1636731575389,2021-11-12T10:39:35.389,3.53,3.0139204305257534,-2.191067022265867,20.377231808822618
1636731575399,2021-11-12T10:39:35.399,3.54,3.7233306524291736,-2.8773142947987003,24.90003433054202
1636731575409,2021-11-12T10:39:35.409,3.55,4.74170413157133,-3.1696545066479276,28.649172852447123
1636731575419,2021-11-12T10:39:35.419,3.56,5.557636954061789,-3.1822602143561998,31.320078835523844
1636731575429,2021-11-12T10:39:35.429,3.57,6.0378713042373295,-3.0510344855604865,33.26414219321938
1636731575439,2021-11-12T10:39:35.439,3.58,6.360933681225525,-2.932105646003818,35.23538444841253
1636731575449,2021-11-12T10:39:35.449,3.59,6.576569481359219,-2.91923262683783,37.60023571700495
1636731575459,2021-11-12T10:39:35.459,3.6,6.533398217086721,-2.941673341921123,39.84343867339845
1636731575469,2021-11-12T10:39:35.469,3.61,6.202618513811449,-2.834062594895229,40.8344375704404
1636731575479,2021-11-12T10:39:35.479,3.62,5.853914194437966,-2.581536531357255,39.576454346243
1636731575489,2021-11-12T10:39:35.489,3.63,5.732694894837,-2.36365814423102,35.85789746649225
1636731575499,2021-11-12T10:39:35.499,3.64,5.73294290897366,-2.193422808013388,30.404075277645397
1636731575509,2021-11-12T10:39:35.509,3.65,5.592987530910295,-1.7880919403194118,24.475505383783595
1636731575519,2021-11-12T10:39:35.519,3.66,5.114882931071751,-1.1205173226339538,19.242628235105748
1636731575529,2021-11-12T10:39:35.529,3.67,4.051708818075235,-0.7025266985612848,15.484855250826755
1636731575539,2021-11-12T10:39:35.539,3.68,2.362684982835369,-0.916102600062837,13.748617873102742
1636731575549,2021-11-12T10:39:35.549,3.69,0.7531064323476975,-1.4984374731465626,14.37702638782288
1636731575559,2021-11-12T10:39:35.559,3.7,0.23656691353308293,-2.002444921381368,17.04549450487292
1636731575569,2021-11-12T10:39:35.569,3.71,0.970306503592615,-2.320456521793188,20.494351695417507
1636731575579,2021-11-12T10:39:35.579,3.72,2.15950734083694,-2.5523028951753597,23.196226691166856
1636731575589,2021-11-12T10:39:35.589,3.73,3.095908733505459,-2.7353138900954184,24.39462715585646
1636731575599,2021-11-12T10:39:35.599,3.74,3.591794803527205,-2.8559303517958186,24.32889341452875
1636731575609,2021-11-12T10:39:35.609,3.75,3.5169556047138815,-2.931492977748726,23.548108400014392
1636731575619,2021-11-12T10:39:35.619,3.76,2.7999586358250124,-3.014444458983058,22.382510483299903
1636731575629,2021-11-12T10:39:35.629,3.77,1.9070121686778012,-3.169162908985075,21.144133241771904
1636731575639,2021-11-12T10:39:35.639,3.78,1.4632237609607972,-3.4221971056249565,20.318622175512793
1636731575649,2021-11-12T10:39:35.649,3.79,1.4450780976749937,-3.717508857879732,20.093781418339454
1636731575659,2021-11-12T10:39:35.659,3.8,1.4982429113050437,-3.9435259707145045,19.924219289348745
1636731575669,2021-11-12T10:39:35.669,3.81,1.6807299954917299,-3.9919280437567704,19.00219812504191
1636731575679,2021-11-12T10:39:35.679,3.82,2.1691435038806746,-3.789425021306971,17.0688754456797
1636731575689,2021-11-12T10:39:35.689,3.83,2.772588341530709,-3.314164519639128,14.484415194336377
1636731575699,2021-11-12T10:39:35.699,3.84,3.267793503846339,-2.5844361931039663,11.705765391356108
1636731575709,2021-11-12T10:39:35.709,3.85,3.701163272227536,-1.6211411863555174,9.014607360639943
1636731575719,2021-11-12T10:39:35.719,3.86,4.113118537587291,-0.46585334257802835,6.590307484784101
1636731575729,2021-11-12T10:39:35.729,3.87,4.348589719906682,0.7595828837683042,4.56171004746154
1636731575739,2021-11-12T10:39:35.739,3.88,4.225567727032732,1.8914240368559085,3.041154029028946
1636731575749,2021-11-12T10:39:35.749,3.89,3.7336225788603388,2.847321625575893,2.1893631530195763
1636731575759,2021-11-12T10:39:35.759,3.9,3.0778821758619133,3.658202216422241,2.108837294974421
1636731575769,2021-11-12T10:39:35.769,3.91,2.5331646432497013,4.379442061966997,2.646242712952838
1636731575779,2021-11-12T10:39:35.779,3.92,2.2368253681520773,5.026629803702387,3.4823502207223775
1636731575789,2021-11-12T10:39:35.789,3.93,2.1153948058907908,5.596810062479599,4.42065681412484
1636731575799,2021-11-12T10:39:35.799,3.94,1.8940795602269729,6.095677196612769,5.398796356102691
1636731575809,2021-11-12T10:39:35.809,3.95,1.2416254169519703,6.518397451799002,6.284603979361085
1636731575819,2021-11-12T10:39:35.819,3.96,0.16503812352799468,6.833280142273012,6.928968796126176
1636731575829,2021-11-12T10:39:35.829,3.97,-0.8284521360885579,7.023022381375688,7.385200569329747
1636731575839,2021-11-12T10:39:35.839,3.98,-1.1668438737011133,7.145616996862697,7.833745956622494
1636731575849,2021-11-12T10:39:35.849,3.99,-0.6862727301082784,7.314954252339896,8.309118124077393
1636731575859,2021-11-12T10:39:35.859,4.0,0.29084451078529205,7.577729445872876,8.666715273136578
1636731575869,2021-11-12T10:39:35.869,4.01,1.107930218231034,7.829199625105038,8.797700003386126
1636731575879,2021-11-12T10:39:35.879,4.02,1.2293148157483675,7.911229773093163,8.809157382716307
1636731575889,2021-11-12T10:39:35.889,4.03,0.8315906501613163,7.7813095333975895,8.988069131578236
1636731575899,2021-11-12T10:39:35.899,4.04,0.6307308462222639,7.523635154835643,9.48568375983211
1636731575909,2021-11-12T10:39:35.909,4.05,0.9352320733540225,7.225578066561011,10.018788720484556
1636731575919,2021-11-12T10:39:35.919,4.06,1.2549492557328512,6.931336612842832,10.097647262065271
1636731575929,2021-11-12T10:39:35.929,4.07,0.9498676063838911,6.694855328727781,9.569134079853304
1636731575939,2021-11-12T10:39:35.939,4.08,0.0076259090775588345,6.553639316683206,8.702350034625567
1636731575949,2021-11-12T10:39:35.949,4.09,-0.7916225254585553,6.4149891463808135,7.821617321217759
1636731575959,2021-11-12T10:39:35.959,4.1,-0.5671880698569982,6.0972361330975,7.189666491601687
1636731575969,2021-11-12T10:39:35.969,4.11,0.5016549475274578,5.560178924367722,7.185682406043007
1636731575979,2021-11-12T10:39:35.979,4.12,1.106437894608954,4.973158731810748,8.1419360454862
1636731575989,2021-11-12T10:39:35.989,4.13,0.47547904483896053,4.503683543402769,9.817266494287653
1636731575999,2021-11-12T10:39:35.999,4.14,-0.47817831372665315,4.204397786837236,11.337650430725889
1636731576009,2021-11-12T10:39:36.009,4.15,-0.4405992285882389,4.123546780319936,11.903990515464432
1636731576019,2021-11-12T10:39:36.019,4.16,0.5152670890496347,4.294657694661751,11.379092308657253
1636731576029,2021-11-12T10:39:36.029,4.17,1.3298833539535377,4.594880688079572,10.088569709582842
1636731576039,2021-11-12T10:39:36.039,4.18,1.5866079846706604,4.811203711106926,8.404250105968936
1636731576049,2021-11-12T10:39:36.049,4.19,1.72776579209333,4.815474600584894,6.689094362278457
1636731576059,2021-11-12T10:39:36.059,4.2,1.9403737460925599,4.540993350049079,5.281891876255058
1636731576069,2021-11-12T10:39:36.069,4.21,1.8597882997318735,3.921385173529342,4.349064277369373
1636731576079,2021-11-12T10:39:36.079,4.22,1.4623048470984101,3.0059439608873175,3.9694212479731745
1636731576089,2021-11-12T10:39:36.089,4.23,1.3731275811315167,2.0186236643231137,4.262618136518975
1636731576099,2021-11-12T10:39:36.099,4.24,1.936511360322124,1.18826710520643,5.069518977340427
1636731576109,2021-11-12T10:39:36.109,4.25,2.614517930483319,0.5952729076547578,5.685460405835304
1636731576119,2021-11-12T10:39:36.119,4.26,2.7122766752729857,0.2083486513673139,5.366313998334405
1636731576129,2021-11-12T10:39:36.129,4.27,2.2347249061309182,-0.03352820591729915,4.004641301999291
1636731576139,2021-11-12T10:39:36.139,4.28,1.6523659109048592,-0.19192410243167335,2.0091800273875444
1636731576149,2021-11-12T10:39:36.149,4.29,1.1803022902490239,-0.3051724296207693,-0.26908656135490217
1636731576159,2021-11-12T10:39:36.159,4.3,0.6836866597733378,-0.38505859229648176,-2.6533260299412773
1636731576169,2021-11-12T10:39:36.169,4.31,0.12032419705223148,-0.4525044877708586,-4.857997841713592
1636731576179,2021-11-12T10:39:36.179,4.32,-0.3034529712401965,-0.5512397059980906,-6.475395434288643
1636731576189,2021-11-12T10:39:36.189,4.33,-0.45747463791398657,-0.7215948444503608,-7.313157172489957
1636731576199,2021-11-12T10:39:36.199,4.34,-0.5047502790800386,-0.9682211452133886,-7.6045158654391205
1636731576209,2021-11-12T10:39:36.209,4.35,-0.6825323923596758,-1.2471794266449574,-7.8402140577036
1636731576219,2021-11-12T10:39:36.219,4.36,-1.0454035746478654,-1.509810740866158,-8.403458393329652
1636731576229,2021-11-12T10:39:36.229,4.37,-1.5061865581225462,-1.7728257343186151,-9.31564299374441
1636731576239,2021-11-12T10:39:36.239,4.38,-1.9576957596843556,-2.09507293549112,-10.272085273311829
1636731576249,2021-11-12T10:39:36.249,4.39,-2.2886364748971992,-2.4774141030756973,-10.900751954944482
1636731576259,2021-11-12T10:39:36.259,4.4,-2.4418426991036988,-2.852945059330458,-11.021820917679607
1636731576269,2021-11-12T10:39:36.269,4.41,-2.5079344851620897,-3.177947251889258,-10.7305759164309
1636731576279,2021-11-12T10:39:36.279,4.42,-2.624594196227674,-3.4698261801584342,-10.248694761341326
1636731576289,2021-11-12T10:39:36.289,4.43,-2.7841722118055934,-3.762602212685122,-9.707204906073976
1636731576299,2021-11-12T10:39:36.299,4.44,-2.904673553934001,-4.067793543168076,-9.167026599575161
1636731576309,2021-11-12T10:39:36.309,4.45,-3.0436952534283295,-4.361964811203766,-8.81503291764
1636731576319,2021-11-12T10:39:36.319,4.46,-3.299052224659654,-4.59036280546496,-8.896200111126225
1636731576329,2021-11-12T10:39:36.329,4.47,-3.5528260195580437,-4.704678727982542,-9.406756072424221
1636731576339,2021-11-12T10:39:36.339,4.48,-3.6158032451321187,-4.699944750499924,-10.085817792041755
1636731576349,2021-11-12T10:39:36.349,4.49,-3.5468773304042456,-4.583592651771346,-10.728879596241962
1636731576359,2021-11-12T10:39:36.359,4.5,-3.4945594592016134,-4.327189759077293,-11.280442260822879
1636731576369,2021-11-12T10:39:36.369,4.51,-3.3429639991471722,-3.9140863417659,-11.637811936299414
1636731576379,2021-11-12T10:39:36.379,4.52,-2.8883016822067185,-3.4173675942506403,-11.62260880637992
1636731576389,2021-11-12T10:39:36.389,4.53,-2.281361075087588,-2.9392299200753547,-11.188002166024843
1636731576399,2021-11-12T10:39:36.399,4.54,-1.9445323102291718,-2.495570155143402,-10.511929601675455
1636731576409,2021-11-12T10:39:36.409,4.55,-2.039047305306663,-2.061227891419964,-9.887769642063567
1636731576419,2021-11-12T10:39:36.419,4.56,-2.2450477711108388,-1.6678454317480997,-9.553844700942502
1636731576429,2021-11-12T10:39:36.429,4.57,-2.1026620099260036,-1.3400571189211603,-9.521771978439414
1636731576439,2021-11-12T10:39:36.439,4.58,-1.4361191901481547,-1.0302734430534666,-9.556165634813494
1636731576449,2021-11-12T10:39:36.449,4.59,-0.44931668073166414,-0.727233754776295,-9.416843629469817
1636731576459,2021-11-12T10:39:36.459,4.6,0.4697981816726054,-0.5109041221661151,-9.062813911586453
1636731576469,2021-11-12T10:39:36.469,4.61,1.0271973018917615,-0.42158691245796015,-8.563349292239533
1636731576479,2021-11-12T10:39:36.479,4.62,1.1853888206128138,-0.4097252582345963,-7.962419135438779
1636731576489,2021-11-12T10:39:36.489,4.63,1.1028835802778982,-0.45310124246195993,-7.306115096239417
1636731576499,2021-11-12T10:39:36.499,4.64,0.9739110143800165,-0.5736458337764436,-6.692365406456778
1636731576509,2021-11-12T10:39:36.509,4.65,0.9389759558119624,-0.7240536220897882,-6.247629561311738
1636731576519,2021-11-12T10:39:36.519,4.66,1.0274282145928852,-0.8053678314106268,-6.026363241974714
1636731576529,2021-11-12T10:39:36.529,4.67,1.1046491366713866,-0.811273705137858,-5.915460979942429
1636731576539,2021-11-12T10:39:36.539,4.68,0.9660974263268243,-0.845099703051067,-5.881163613742528
1636731576549,2021-11-12T10:39:36.549,4.69,0.5565789832502046,-0.981412394858443,-6.317038920632057
1636731576559,2021-11-12T10:39:36.559,4.7,0.03793185915242943,-1.1820493300485104,-7.433595409841784
1636731576569,2021-11-12T10:39:36.569,4.71,-0.393645079981218,-1.3615142039111814,-8.251960026266609
1636731576579,2021-11-12T10:39:36.579,4.72,-0.6886422593177071,-1.489782356517278,-7.583436727140887
1636731576589,2021-11-12T10:39:36.589,4.73,-0.9166106786338658,-1.618763991009728,-6.192796156654109
1636731576599,2021-11-12T10:39:36.599,4.74,-1.1375582210191708,-1.8253307236901013,-6.025295160199217
1636731576609,2021-11-12T10:39:36.609,4.75,-1.3398017674334297,-2.116233386103886,-7.101725196143128
1636731576619,2021-11-12T10:39:36.619,4.76,-1.4590874805736795,-2.393052082242844,-7.4876708262906515
1636731576629,2021-11-12T10:39:36.629,4.77,-1.45471383900743,-2.5514128493726975,-6.358919565593133
1636731576639,2021-11-12T10:39:36.639,4.78,-1.3852037916471152,-2.5904406514922247,-4.814103162407612
1636731576649,2021-11-12T10:39:36.649,4.79,-1.3901442195178535,-2.569081395216905,-3.8310433541294273
1636731576659,2021-11-12T10:39:36.659,4.8,-1.5977987057014174,-2.4973651513143764,-3.352595689900081
1636731576669,2021-11-12T10:39:36.669,4.81,-1.9997594444826547,-2.326561720068317,-3.1801326810459782
1636731576679,2021-11-12T10:39:36.679,4.82,-2.3514743359044137,-2.008472679890387,-3.3727689058478774
1636731576689,2021-11-12T10:39:36.689,4.83,-2.351933863041067,-1.5415500862837788,-3.8266047194791972
1636731576699,2021-11-12T10:39:36.699,4.84,-2.0480776709655206,-0.9946596762077555,-4.2216404275731145
1636731576709,2021-11-12T10:39:36.709,4.85,-1.831800135369452,-0.4796345638590143,-4.36953991856636
1636731576719,2021-11-12T10:39:36.719,4.86,-1.932839560412686,-0.0706388677292761,-4.2965072170898955
1636731576729,2021-11-12T10:39:36.729,4.87,-2.205947675623822,0.23782259550700538,-4.058970192498048
1636731576739,2021-11-12T10:39:36.739,4.88,-2.458659900918199,0.48995080679472747,-3.6598972503540503
1636731576749,2021-11-12T10:39:36.749,4.89,-2.646274911904274,0.7181618639090046,-3.1128913078984732
1636731576759,2021-11-12T10:39:36.759,4.9,-2.7161318238888548,0.9379008125083073,-2.481140852267443
1636731576769,2021-11-12T10:39:36.769,4.91,-2.5859745461336523,1.1521815092499494,-1.8383027513813863
1636731576779,2021-11-12T10:39:36.779,4.92,-2.3329677292129043,1.342989455584267,-1.237245702794549
1636731576789,2021-11-12T10:39:36.789,4.93,-2.16917356711424,1.48433845729692,-0.7308449411946061
1636731576799,2021-11-12T10:39:36.799,4.94,-2.1822455521913966,1.5700848955358904,-0.38534686159815085
1636731576809,2021-11-12T10:39:36.809,4.95,-2.2584756777605035,1.607299643432403,-0.24050462167675382
1636731576819,2021-11-12T10:39:36.819,4.96,-2.265721357307213,1.5904363919255309,-0.2538801623363858
1636731576829,2021-11-12T10:39:36.829,4.97,-2.1705259155911865,1.5058263750246974,-0.29510436332764
1636731576839,2021-11-12T10:39:36.839,4.98,-1.9973780947984752,1.356373142218277,-0.21712845835129135
1636731576849,2021-11-12T10:39:36.849,4.99,-1.8133191148018046,1.169039801689806,0.049687849760165784
1636731576859,2021-11-12T10:39:36.859,5.0,-1.7178508817443332,0.9834102066161385,0.4702110799640865
1636731576869,2021-11-12T10:39:36.869,5.01,-1.7282052654266646,0.8354450955274202,0.949804377577997
1636731576879,2021-11-12T10:39:36.879,5.02,-1.739601157752959,0.7381074566846347,1.392977124493493
1636731576889,2021-11-12T10:39:36.889,5.03,-1.6817893618040405,0.6668593920842801,1.7564023176123484
1636731576899,2021-11-12T10:39:36.899,5.04,-1.6100870961147868,0.5702469637016623,2.0651414312528336
1636731576909,2021-11-12T10:39:36.909,5.05,-1.603653343711375,0.4014206835700578,2.3399575361742992
1636731576919,2021-11-12T10:39:36.919,5.06,-1.680339138653006,0.13557636629202502,2.5345271460977767
1636731576929,2021-11-12T10:39:36.929,5.07,-1.7961885802761015,-0.23805820449966492,2.6124738063844153
1636731576939,2021-11-12T10:39:36.939,5.08,-1.8781095204984999,-0.7265777302612261,2.6233728559084533
1636731576949,2021-11-12T10:39:36.949,5.09,-1.9145444213625964,-1.336128654577676,2.616636206488255
1636731576959,2021-11-12T10:39:36.959,5.1,-1.9604477402521865,-2.0558451411051153,2.568104576469686
1636731576969,2021-11-12T10:39:36.969,5.11,-1.9591761307757336,-2.8125670734362473,2.466638313231427
1636731576979,2021-11-12T10:39:36.979,5.12,-1.731330894671661,-3.45674955962255,2.3670455070741876
1636731576989,2021-11-12T10:39:36.989,5.13,-1.316568463293473,-3.830958053023683,2.3028513343105743
1636731576999,2021-11-12T10:39:36.999,5.14,-1.114465135504874,-3.851399865983282,2.2430098591025516
1636731577009,2021-11-12T10:39:37.009,5.15,-1.419724401639948,-3.5323682240834584,2.1771979444464318
1636731577019,2021-11-12T10:39:37.019,5.16,-1.9534550738287226,-2.9566326896387904,2.23583001695353
1636731577029,2021-11-12T10:39:37.029,5.17,-2.097535932290377,-2.1970138894968607,2.6960472091148002
1636731577039,2021-11-12T10:39:37.039,5.18,-1.5372302936416262,-1.2673435551746302,3.6473988550517515
1636731577049,2021-11-12T10:39:37.049,5.19,-0.5323794688497293,-0.2062069229797671,4.564440754808542
1636731577059,2021-11-12T10:39:37.059,5.2,0.4128294661706108,0.8440599616898363,4.654761623930536
1636731577069,2021-11-12T10:39:37.069,5.21,1.0279213620474108,1.7533170734999928,3.8704932995468875
1636731577079,2021-11-12T10:39:37.079,5.22,1.357802812127264,2.5337111482847514,3.1002406341794364
1636731577089,2021-11-12T10:39:37.089,5.23,1.501106333505381,3.2516689475241747,3.142427715612216
1636731577099,2021-11-12T10:39:37.099,5.24,1.5231655597861709,3.9119393953280364,3.8728130936506044
1636731577109,2021-11-12T10:39:37.109,5.25,1.5971212929785688,4.510366103169254,4.531841009884655
1636731577119,2021-11-12T10:39:37.119,5.26,1.9288411701734534,5.077740257342594,4.583200736735531
1636731577129,2021-11-12T10:39:37.129,5.27,2.476435681118537,5.6138726367529435,4.15887304194587
1636731577139,2021-11-12T10:39:37.139,5.28,2.9412569675212774,6.068719768753892,3.7058396536090634
1636731577149,2021-11-12T10:39:37.149,5.29,3.084831975169002,6.388032505632471,3.4454921005388437
1636731577159,2021-11-12T10:39:37.159,5.3,2.941544225220627,6.527851003101068,3.350256991250504
1636731577169,2021-11-12T10:39:37.169,5.31,2.7205707186674717,6.473679417600312,3.3877155762002467
1636731577179,2021-11-12T10:39:37.179,5.32,2.5961505529545743,6.269872655432901,3.534756908272774
1636731577189,2021-11-12T10:39:37.189,5.33,2.6004764240050395,5.986055513368308,3.696959266568741
1636731577199,2021-11-12T10:39:37.199,5.34,2.658563338225506,5.672759999741036,3.774607985695803
1636731577209,2021-11-12T10:39:37.209,5.35,2.699058977305337,5.37922846956978,3.757652433116088
1636731577219,2021-11-12T10:39:37.219,5.36,2.7270282095080116,5.161010683820463,3.716268456687851
1636731577229,2021-11-12T10:39:37.229,5.37,2.7851912587367558,5.038096126126023,3.7241069322426137
1636731577239,2021-11-12T10:39:37.239,5.38,2.8539445092617552,4.986259955971582,3.7968835539126022
1636731577249,2021-11-12T10:39:37.249,5.39,2.8150672685611964,4.973728091898385,3.9091317866836706
1636731577259,2021-11-12T10:39:37.259,5.4,2.5616308813734485,4.971464678157259,4.054165138636373
1636731577269,2021-11-12T10:39:37.269,5.41,2.182955804567184,4.949880704935534,4.251419461953093
1636731577279,2021-11-12T10:39:37.279,5.42,1.9828650358592061,4.900213282936392,4.497457721439957
1636731577289,2021-11-12T10:39:37.289,5.43,2.1884334970196915,4.82712049371985,4.679262634799495
1636731577299,2021-11-12T10:39:37.299,5.44,2.6263869753674416,4.703655331365083,4.484167558936681
1636731577309,2021-11-12T10:39:37.309,5.45,2.798596593209129,4.473751874395005,3.518370292865614
1636731577319,2021-11-12T10:39:37.319,5.46,2.326192402034991,4.0860107225623015,1.6765010529925934
1636731577329,2021-11-12T10:39:37.329,5.47,1.3012565149123072,3.4794402523437,-0.7060862255217678
1636731577339,2021-11-12T10:39:37.339,5.48,0.2147114021869476,2.5948813577924756,-3.2019750655028285
1636731577349,2021-11-12T10:39:37.349,5.49,-0.49364052919727214,1.4773558734337038,-5.673845373926898
1636731577359,2021-11-12T10:39:37.359,5.5,-0.8488646522622669,0.2960436544367961,-8.218788423662874
1636731577369,2021-11-12T10:39:37.369,5.51,-1.2201161930039963,-0.8205687743102227,-10.859427233341929
1636731577379,2021-11-12T10:39:37.379,5.52,-1.80296450614162,-1.8862444568180812,-13.391649016684596
1636731577389,2021-11-12T10:39:37.389,5.53,-2.446347825628383,-2.921289072553944,-15.531280091810329
1636731577399,2021-11-12T10:39:37.399,5.54,-3.0041393285281197,-3.830550013747022,-17.174583761652933
1636731577409,2021-11-12T10:39:37.409,5.55,-3.535670438532792,-4.5146130214151,-18.41477780914274
1636731577419,2021-11-12T10:39:37.419,5.56,-4.053134046623694,-5.012174273395071,-19.302841926488142
1636731577429,2021-11-12T10:39:37.429,5.57,-4.40692109634685,-5.448030486114735,-19.82625485679737
1636731577439,2021-11-12T10:39:37.439,5.58,-4.594878585618984,-5.902127412485116,-20.159711424967032
1636731577449,2021-11-12T10:39:37.449,5.59,-4.842798939519329,-6.379015234040542,-20.57124033380208
1636731577459,2021-11-12T10:39:37.459,5.6,-5.192796548069484,-6.845414035898288,-20.985934435560424
1636731577469,2021-11-12T10:39:37.469,5.61,-5.391437213631294,-7.2433568120835385,-21.050388062183934
1636731577479,2021-11-12T10:39:37.479,5.62,-5.35677883307617,-7.493543760128839,-20.713451691661177
1636731577489,2021-11-12T10:39:37.489,5.63,-5.3655431978013794,-7.535541188335712,-20.325083867348503
1636731577499,2021-11-12T10:39:37.499,5.64,-5.631492096006781,-7.37754798649777,-20.116717615052437
1636731577509,2021-11-12T10:39:37.509,5.65,-6.033016694817196,-7.094074767897046,-19.96825855317007
1636731577519,2021-11-12T10:39:37.519,5.66,-6.3604579939635215,-6.7723002743231,-19.66433435788101
1636731577529,2021-11-12T10:39:37.529,5.67,-6.545964359252729,-6.463172358986217,-19.043350729863413
1636731577539,2021-11-12T10:39:37.539,5.68,-6.550176160605313,-6.16978998448908,-17.982496711746926
1636731577549,2021-11-12T10:39:37.549,5.69,-6.301518382485963,-5.876823370358898,-16.554019329749156
1636731577559,2021-11-12T10:39:37.559,5.7,-5.914527604242791,-5.608554245880917,-15.138098309877819
1636731577569,2021-11-12T10:39:37.569,5.71,-5.724457219619094,-5.43282805916003,-14.147439973750254
1636731577579,2021-11-12T10:39:37.579,5.72,-5.87284867806804,-5.350941260447383,-13.641562077549334
1636731577589,2021-11-12T10:39:37.589,5.73,-6.017002452578807,-5.234562494494552,-13.295375214558973
1636731577599,2021-11-12T10:39:37.599,5.74,-5.705104508691621,-4.979018662736056,-12.723079435710783
1636731577609,2021-11-12T10:39:37.609,5.75,-4.9706233869395415,-4.663481836181294,-11.802566958734252
1636731577619,2021-11-12T10:39:37.619,5.76,-4.27294226830476,-4.434840656126292,-10.696381335178533
1636731577629,2021-11-12T10:39:37.629,5.77,-3.837034343094717,-4.300901364189945,-9.611840352332809
1636731577639,2021-11-12T10:39:37.639,5.78,-3.3765905960611633,-4.155080105757533,-8.619566390937674
1636731577649,2021-11-12T10:39:37.649,5.79,-2.570521578515288,-3.9199446587288023,-7.666483062486781
1636731577659,2021-11-12T10:39:37.659,5.8,-1.5040226634931082,-3.5739349350445693,-6.646434004213383
1636731577669,2021-11-12T10:39:37.669,5.81,-0.47615952697545283,-3.130467797071123,-5.480817375902255
1636731577679,2021-11-12T10:39:37.679,5.82,0.3997280552872296,-2.6536165738401927,-4.212882014863102
1636731577689,2021-11-12T10:39:37.689,5.83,1.1953509359609744,-2.2299395230476353,-2.980353719225406
1636731577699,2021-11-12T10:39:37.699,5.84,1.8745546093573564,-1.9162624642044586,-1.873018860614823
1636731577709,2021-11-12T10:39:37.709,5.85,2.2604352844667246,-1.7362753574008647,-0.8932457278361352
1636731577719,2021-11-12T10:39:37.719,5.86,2.3577080079664565,-1.6646861933839143,-0.02305672012830845
1636731577729,2021-11-12T10:39:37.729,5.87,2.469620675878775,-1.5965479666233686,0.7850708271306676
1636731577739,2021-11-12T10:39:37.739,5.88,2.832637010531731,-1.4159185866888282,1.6224892345258974
1636731577749,2021-11-12T10:39:37.749,5.89,3.3162119926342064,-1.1171434813328847,2.4849672321779215
1636731577759,2021-11-12T10:39:37.759,5.9,3.6389510990780827,-0.8015126470649672,3.182911353931262
1636731577769,2021-11-12T10:39:37.769,5.91,3.7248423908340493,-0.5499271040297776,3.5457176674188617
1636731577779,2021-11-12T10:39:37.779,5.92,3.70409778341993,-0.34871625547393303,3.6582554275764294
1636731577789,2021-11-12T10:39:37.789,5.93,3.6691657134834887,-0.14794324191305094,3.7598894528469655
1636731577799,2021-11-12T10:39:37.799,5.94,3.575037212905268,0.06660593774166407,3.99754294390085
1636731577809,2021-11-12T10:39:37.809,5.95,3.3830187524165956,0.29786390506596827,4.409820659011672
1636731577819,2021-11-12T10:39:37.819,5.96,3.1831313682283042,0.5769496415449076,5.017909695186848
1636731577829,2021-11-12T10:39:37.829,5.97,3.0763102559866202,0.9121250655851008,5.734628122106167
1636731577839,2021-11-12T10:39:37.839,5.98,3.0160889959518036,1.237479774252429,6.271541175825259
1636731577849,2021-11-12T10:39:37.849,5.99,2.87732488551245,1.4734595846168732,6.354998031674645
1636731577859,2021-11-12T10:39:37.859,6.0,2.5956901936044905,1.601964601439323,6.02308018265316
1636731577869,2021-11-12T10:39:37.869,6.01,2.179738754475526,1.643533456125525,5.548695191074619
1636731577879,2021-11-12T10:39:37.879,6.02,1.7307732310427322,1.6245577464268863,5.11910289621
1636731577889,2021-11-12T10:39:37.889,6.03,1.46584550889355,1.608399653022805,4.765230389587391
1636731577899,2021-11-12T10:39:37.899,6.04,1.524527851713244,1.680882215924906,4.523896557029995
1636731577909,2021-11-12T10:39:37.909,6.05,1.7482311725724657,1.8538434405634572,4.457350927323574
1636731577919,2021-11-12T10:39:37.919,6.06,1.8314646700422488,2.0429669720642227,4.544480218631811
1636731577929,2021-11-12T10:39:37.929,6.07,1.6738064672352215,2.167846559540865,4.695009533309319
1636731577939,2021-11-12T10:39:37.939,6.08,1.4353780663960791,2.2303052743028005,4.844817971717246
1636731577949,2021-11-12T10:39:37.949,6.09,1.2883096152493168,2.300325404079995,4.961671760772139
1636731577959,2021-11-12T10:39:37.959,6.1,1.2538208118454732,2.452520786796743,5.001114485609568
1636731577969,2021-11-12T10:39:37.969,6.11,1.2693365020933693,2.694454505186161,4.923452170401407
1636731577979,2021-11-12T10:39:37.979,6.12,1.3019683358406557,2.9568189292937124,4.735225041486187
1636731577989,2021-11-12T10:39:37.989,6.13,1.3457130085906042,3.172588382739156,4.476633025072518
1636731577999,2021-11-12T10:39:37.999,6.14,1.3557579705053604,3.3261456205392586,4.197965496856916
1636731578009,2021-11-12T10:39:38.009,6.15,1.2838405192774598,3.405166863156296,3.985001967004305
1636731578019,2021-11-12T10:39:38.019,6.16,1.188232019011969,3.3754326922220974,3.953712649036303
1636731578029,2021-11-12T10:39:38.029,6.17,1.1881041713010698,3.2350349282777913,4.151438133595425
1636731578039,2021-11-12T10:39:38.039,6.18,1.2795037721861204,3.0288043909694604,4.506090477612644
1636731578049,2021-11-12T10:39:38.049,6.19,1.3387940486205474,2.797973400068154,4.929674471591998
1636731578059,2021-11-12T10:39:38.059,6.2,1.3394244290158748,2.5737141780621093,5.410111673879747
1636731578069,2021-11-12T10:39:38.069,6.21,1.3886811026660224,2.388673569769154,5.944922199854993
1636731578079,2021-11-12T10:39:38.079,6.22,1.5000364195285498,2.2261228068790886,6.453528964717667
1636731578089,2021-11-12T10:39:38.089,6.23,1.535124793560687,2.0124324849536905,6.8217464576106055
1636731578099,2021-11-12T10:39:38.099,6.24,1.4422979619095857,1.7114026013306494,7.00674762058521
1636731578109,2021-11-12T10:39:38.109,6.25,1.3255366474659678,1.350775727182958,7.070376923713631
1636731578119,2021-11-12T10:39:38.119,6.26,1.215916794951963,0.948009202203381,7.120505872405764
1636731578129,2021-11-12T10:39:38.129,6.27,1.042812598618657,0.5105230830535061,7.220940524377799
1636731578139,2021-11-12T10:39:38.139,6.28,0.8834205998819562,0.08474403498591374,7.355442109615982
1636731578149,2021-11-12T10:39:38.149,6.29,0.9426824988579803,-0.29009353907743585,7.483533029479446
1636731578159,2021-11-12T10:39:38.159,6.3,1.2145770588292912,-0.6366211127165626,7.599656340707729
1636731578169,2021-11-12T10:39:38.169,6.31,1.4260668140340673,-0.9944680316877009,7.703325937209172
1636731578179,2021-11-12T10:39:38.179,6.32,1.4106278678619444,-1.3649244155205034,7.754295751378761
1636731578189,2021-11-12T10:39:38.189,6.33,1.34354865961159,-1.7047802389218842,7.70971042489847
1636731578199,2021-11-12T10:39:38.199,6.34,1.4635211659410647,-1.9501124517132702,7.570770187139294
1636731578209,2021-11-12T10:39:38.209,6.35,1.6764639722701076,-2.0927307619054245,7.355023132010183
1636731578219,2021-11-12T10:39:38.219,6.36,1.6491851754335036,-2.2339180577957745,7.0614176490608855
1636731578229,2021-11-12T10:39:38.229,6.37,1.260491924567562,-2.478818231509543,6.6925599320879865
1636731578239,2021-11-12T10:39:38.239,6.38,0.7591186373343926,-2.783371303862214,6.291306619874753
1636731578249,2021-11-12T10:39:38.249,6.39,0.5182325291408627,-2.9791234734553154,5.942225547634932
1636731578259,2021-11-12T10:39:38.259,6.4,0.7424567867518632,-2.9390120127132615,5.7200451841883275
1636731578269,2021-11-12T10:39:38.269,6.41,1.285702977773794,-2.684215437024648,5.623392934083619
1636731578279,2021-11-12T10:39:38.279,6.42,1.7318944370025124,-2.339698936225263,5.59609247926061
1636731578289,2021-11-12T10:39:38.289,6.43,1.8073814015881484,-1.9924015595908506,5.6087356007030245
1636731578299,2021-11-12T10:39:38.299,6.44,1.6324109489876695,-1.6115976936755985,5.641749054287915
1636731578309,2021-11-12T10:39:38.309,6.45,1.4484700583596544,-1.1295750448697608,5.611543300097866
1636731578319,2021-11-12T10:39:38.319,6.46,1.3029130983346056,-0.5529210429330238,5.4291486307351775
1636731578329,2021-11-12T10:39:38.329,6.47,1.1424835271917768,0.050178204239366336,5.124889491170605
1636731578339,2021-11-12T10:39:38.339,6.48,0.9925704661135057,0.6263174347158673,4.817116057145608
1636731578349,2021-11-12T10:39:38.349,6.49,0.8741304846962117,1.1567928927457676,4.570662420876699
1636731578359,2021-11-12T10:39:38.359,6.5,0.7041976424177852,1.633190511006159,4.367663067554119
1636731578369,2021-11-12T10:39:38.369,6.51,0.430533516594889,2.0407047534817018,4.197284580607876
1636731578379,2021-11-12T10:39:38.379,6.52,0.15984621015801959,2.342483401152102,4.094774897432689
1636731578389,2021-11-12T10:39:38.389,6.53,0.040113812232438414,2.4793022510638205,4.093872449842935
1636731578399,2021-11-12T10:39:38.399,6.54,0.08993763763134005,2.422897887621123,4.1936529154514375
1636731578409,2021-11-12T10:39:38.409,6.55,0.20465158118520016,2.2172773749988792,4.376850004849608
1636731578419,2021-11-12T10:39:38.419,6.56,0.2735630386998015,1.9289168354776929,4.629105228015664
1636731578429,2021-11-12T10:39:38.429,6.57,0.2891260853684342,1.5975126660026115,4.928399732463287
1636731578439,2021-11-12T10:39:38.439,6.58,0.36432657710358785,1.2663849733391475,5.228592272804012
1636731578449,2021-11-12T10:39:38.449,6.59,0.5609713427767484,0.9795544255301166,5.470684682423049
1636731578459,2021-11-12T10:39:38.459,6.6,0.7194310845351213,0.718883003639683,5.622016481453912
1636731578469,2021-11-12T10:39:38.469,6.61,0.6515350458488934,0.4384907171995228,5.704711534772466
1636731578479,2021-11-12T10:39:38.479,6.62,0.487213607671206,0.1661809323657322,5.767730683556808
1636731578489,2021-11-12T10:39:38.489,6.63,0.570245704146113,-0.025951215377863213,5.81586980203303
1636731578499,2021-11-12T10:39:38.499,6.64,0.9922392805015481,-0.12577559049123294,5.780850412844062
1636731578509,2021-11-12T10:39:38.509,6.65,1.4723062626559338,-0.1782359470375218,5.5877427831127475
1636731578519,2021-11-12T10:39:38.519,6.66,1.7224416317326416,-0.23427803870532093,5.259757299817918
1636731578529,2021-11-12T10:39:38.529,6.67,1.7304652178955848,-0.3396346754220937,4.932261738165872
1636731578539,2021-11-12T10:39:38.539,6.68,1.6525399115798174,-0.49341492697633976,4.714111227497062
1636731578549,2021-11-12T10:39:38.549,6.69,1.5932312016712773,-0.6199527251370027,4.563155627488456
1636731578559,2021-11-12T10:39:38.559,6.7,1.5613665767236586,-0.6555774407181214,4.385514224366217
1636731578569,2021-11-12T10:39:38.569,6.71,1.543796274498653,-0.6179587541819856,4.202315562364123
1636731578579,2021-11-12T10:39:38.579,6.72,1.53746067208548,-0.5405425841625751,4.084659125774678
1636731578589,2021-11-12T10:39:38.589,6.73,1.5268763866589963,-0.42190227627659005,3.988977046477376
1636731578599,2021-11-12T10:39:38.599,6.74,1.4707022382491879,-0.27866658648285947,3.8098478013559847
1636731578609,2021-11-12T10:39:38.609,6.75,1.3327670608537692,-0.16249972324791262,3.5413563652506213
1636731578619,2021-11-12T10:39:38.619,6.76,1.1364239569573864,-0.08643764150596728,3.252971464940288
1636731578629,2021-11-12T10:39:38.629,6.77,0.954883976401186,0.008141148641078011,2.961419114658591
1636731578639,2021-11-12T10:39:38.639,6.78,0.8179332424223371,0.1753670395732097,2.6434589108462254
1636731578649,2021-11-12T10:39:38.649,6.79,0.678771568215762,0.3863428955779821,2.320346724695113
1636731578659,2021-11-12T10:39:38.659,6.8,0.5107207398718738,0.5682630964338574,2.027445513029621
1636731578669,2021-11-12T10:39:38.669,6.81,0.36462089835475886,0.7026823910128086,1.7506765196520906
1636731578679,2021-11-12T10:39:38.679,6.82,0.27281468602826686,0.8244246759109135,1.4706992141456094
1636731578689,2021-11-12T10:39:38.689,6.83,0.1659745556440131,0.9382677418867132,1.2225701298129896
1636731578699,2021-11-12T10:39:38.699,6.84,-0.03396693626472168,1.0101597236655309,1.0643344253675755
1636731578709,2021-11-12T10:39:38.709,6.85,-0.28004347456394996,1.0272171359952382,1.0326655342109008
1636731578719,2021-11-12T10:39:38.719,6.86,-0.4512425160277722,1.0023649219695125,1.1413268693624212
1636731578729,2021-11-12T10:39:38.729,6.87,-0.5210165737246744,0.9284675487178227,1.3640468207965188
1636731578739,2021-11-12T10:39:38.739,6.88,-0.5725172924152105,0.7666911503406046,1.6330327796943984
1636731578749,2021-11-12T10:39:38.749,6.89,-0.6414963612500452,0.49752839965760753,1.9257972926481886
1636731578759,2021-11-12T10:39:38.759,6.9,-0.6601566313268659,0.1858855804358625,2.3037025785760292
1636731578769,2021-11-12T10:39:38.769,6.91,-0.5961262980679598,-0.046920444303694686,2.768509601146275
1636731578779,2021-11-12T10:39:38.779,6.92,-0.5385217703455674,-0.1455882300405406,3.1536308332528225
1636731578789,2021-11-12T10:39:38.789,6.93,-0.5655643649015709,-0.15915676674630513,3.2702861093625923
1636731578799,2021-11-12T10:39:38.799,6.94,-0.5982000965802626,-0.1329528124531883,3.0924549149229588
1636731578809,2021-11-12T10:39:38.809,6.95,-0.4999026231789856,-0.04410589437651813,2.7195704119274935
1636731578819,2021-11-12T10:39:38.819,6.96,-0.3178529067948441,0.11949654715398177,2.254401613437272
1636731578829,2021-11-12T10:39:38.829,6.97,-0.30661012172785534,0.2919401653496588,1.7885111231957957
1636731578839,2021-11-12T10:39:38.839,6.98,-0.6345843585919231,0.38268179333545477,1.417272382675012
1636731578849,2021-11-12T10:39:38.849,6.99,-1.1148034274126797,0.3637346589446554,1.2020585607524126
1636731578859,2021-11-12T10:39:38.859,7.0,-1.3096838416162386,0.3003332237576858,1.1475908906936343
1636731578869,2021-11-12T10:39:38.869,7.01,-0.9434976158567904,0.30232159651715285,1.2105197683277154
1636731578879,2021-11-12T10:39:38.879,7.02,-0.21004510573129948,0.40936320526529124,1.3013112091168826
1636731578889,2021-11-12T10:39:38.889,7.03,0.39217992812351204,0.5351468500578469,1.331243460033274
1636731578899,2021-11-12T10:39:38.899,7.04,0.5617141022385338,0.5762857266524002,1.3008379048438135
1636731578909,2021-11-12T10:39:38.909,7.05,0.42556346285499197,0.5329418428756818,1.2900308031244327
1636731578919,2021-11-12T10:39:38.919,7.06,0.24959663585692826,0.4654625801649487,1.3602856695200534
1636731578929,2021-11-12T10:39:38.929,7.07,0.12264300114989764,0.40541241037725045,1.530062526048263
1636731578939,2021-11-12T10:39:38.939,7.08,0.0054302530935772635,0.36328171264035886,1.7898392022730303
1636731578949,2021-11-12T10:39:38.949,7.09,-0.11880955000694704,0.34823152626324705,2.0589647427823503
1636731578959,2021-11-12T10:39:38.959,7.1,-0.25720521740961233,0.3448048959039563,2.2137450918403694
1636731578969,2021-11-12T10:39:38.969,7.11,-0.4347164069595149,0.31766376435147076,2.2273951699925565
1636731578979,2021-11-12T10:39:38.979,7.12,-0.6367683347993118,0.23983124496472025,2.190571627031275
1636731578989,2021-11-12T10:39:38.989,7.13,-0.8117036873218937,0.09441329820466794,2.1686658381696557
1636731578999,2021-11-12T10:39:38.999,7.14,-0.9495893666300076,-0.12946262495268954,2.1436805871066036
1636731579009,2021-11-12T10:39:39.009,7.15,-1.0702318250640444,-0.42632195048382177,2.1125166324726568
1636731579019,2021-11-12T10:39:39.019,7.16,-1.1343695714789905,-0.7732106790536386,2.1467128944948004
1636731579029,2021-11-12T10:39:39.029,7.17,-1.0755565292513367,-1.1427083332185952,2.3079018072518105
1636731579039,2021-11-12T10:39:39.039,7.18,-0.9201625556441849,-1.4993325597852944,2.5492140136437325
1636731579049,2021-11-12T10:39:39.049,7.19,-0.7664424657557236,-1.7839148460258352,2.7578133915333773
1636731579059,2021-11-12T10:39:39.059,7.2,-0.6708224492642464,-1.946557223418914,2.878673165062099
1636731579069,2021-11-12T10:39:39.069,7.21,-0.6647510417935485,-2.0060454184914445,2.933904179401297
1636731579079,2021-11-12T10:39:39.079,7.22,-0.8034461606720376,-2.0153822097659826,2.931093752722936
1636731579089,2021-11-12T10:39:39.089,7.23,-1.044486853283515,-1.967382298306927,2.8296262547664996
1636731579099,2021-11-12T10:39:39.099,7.24,-1.1681400572100131,-1.8140726042209672,2.606796349251611
1636731579109,2021-11-12T10:39:39.109,7.25,-1.0174076047164202,-1.5630824462348007,2.292918016710058
1636731579119,2021-11-12T10:39:39.119,7.26,-0.7570642302796375,-1.2694080595974189,1.9272988603693393
1636731579129,2021-11-12T10:39:39.129,7.27,-0.6740228216631842,-0.9689028015476335,1.5320207944502542
1636731579139,2021-11-12T10:39:39.139,7.28,-0.7831935650075472,-0.6964593067057391,1.136469093415569
1636731579149,2021-11-12T10:39:39.149,7.29,-0.8965466601022836,-0.5129017456420764,0.7695375986411872
1636731579159,2021-11-12T10:39:39.159,7.3,-0.984999396132904,-0.4426276682798571,0.41760484206984205
1636731579169,2021-11-12T10:39:39.169,7.31,-1.1291846606352458,-0.431790587243078,0.052767416429066044
1636731579179,2021-11-12T10:39:39.179,7.32,-1.219581677688514,-0.4137707903104381,-0.28591818461042195
1636731579189,2021-11-12T10:39:39.189,7.33,-1.0813336406670984,-0.38148907528271847,-0.5123021367584102
1636731579199,2021-11-12T10:39:39.199,7.34,-0.8118976583250962,-0.37593019341039946,-0.6175285917246497
1636731579209,2021-11-12T10:39:39.209,7.35,-0.6757341208404267,-0.42960409065823557,-0.6951335400047147
1636731579219,2021-11-12T10:39:39.219,7.36,-0.736759259317352,-0.5342789446279037,-0.8094889900138943
1636731579229,2021-11-12T10:39:39.229,7.37,-0.8322276281299084,-0.6546004694714438,-0.9346419027959142
1636731579239,2021-11-12T10:39:39.239,7.38,-0.8445164588211755,-0.7556013413241845,-1.0590128047750782
1636731579249,2021-11-12T10:39:39.249,7.39,-0.8139982972910562,-0.8101067018077316,-1.2225240674285942
1636731579259,2021-11-12T10:39:39.259,7.4,-0.8140706936552633,-0.8045305200064619,-1.403342913057764
1636731579269,2021-11-12T10:39:39.269,7.41,-0.8568287086287429,-0.7534417451101643,-1.5054568758513085
1636731579279,2021-11-12T10:39:39.279,7.42,-0.9330072069475928,-0.6855579962337035,-1.4921418779554687
1636731579289,2021-11-12T10:39:39.289,7.43,-1.0416671993276732,-0.6127063448395056,-1.4017811639613686
1636731579299,2021-11-12T10:39:39.299,7.44,-1.1503188642724487,-0.5407577905442134,-1.2442428904050553
1636731579309,2021-11-12T10:39:39.309,7.45,-1.2093122001667629,-0.4946213411041131,-1.0287363838943144
1636731579319,2021-11-12T10:39:39.319,7.46,-1.2358162034990823,-0.48421291506381614,-0.8659710041052946
1636731579329,2021-11-12T10:39:39.329,7.47,-1.3001338564939773,-0.46410862601689273,-0.8861137858399271
1636731579339,2021-11-12T10:39:39.339,7.48,-1.3987597049146043,-0.38888259345614296,-1.0625603528773429
1636731579349,2021-11-12T10:39:39.349,7.49,-1.4333244777763403,-0.2952613898578772,-1.250676729001005
1636731579359,2021-11-12T10:39:39.359,7.5,-1.365053531456508,-0.2631832022655198,-1.403552248673485
1636731579369,2021-11-12T10:39:39.369,7.51,-1.299143765996877,-0.3014484541887273,-1.6218992390939602
1636731579379,2021-11-12T10:39:39.379,7.52,-1.334856735930039,-0.33635282954522283,-1.9711813020954572
1636731579389,2021-11-12T10:39:39.389,7.53,-1.4066313131098058,-0.32287257926748225,-2.3803247200101367
1636731579399,2021-11-12T10:39:39.399,7.54,-1.382294145204678,-0.30937098571986604,-2.7681778832891677
1636731579409,2021-11-12T10:39:39.409,7.55,-1.2702566225969014,-0.35438849131968386,-3.152385358338657
1636731579419,2021-11-12T10:39:39.419,7.56,-1.189210277705165,-0.4235557299121891,-3.565691303995597
1636731579429,2021-11-12T10:39:39.429,7.57,-1.1312270462649658,-0.43512664577094484,-3.9462337971614474
1636731579439,2021-11-12T10:39:39.439,7.58,-0.9439904541525997,-0.37717731394087495,-4.186543987775709
1636731579449,2021-11-12T10:39:39.449,7.59,-0.6446691535610383,-0.30303043467865903,-4.269800749382908
1636731579459,2021-11-12T10:39:39.459,7.6,-0.5362798020474235,-0.23886217353637912,-4.296622504401927
1636731579469,2021-11-12T10:39:39.469,7.61,-0.818582036140903,-0.1666891092511566,-4.351148492086775
1636731579479,2021-11-12T10:39:39.479,7.62,-1.2440531537465425,-0.06568797133079167,-4.394471318068007
1636731579489,2021-11-12T10:39:39.489,7.63,-1.3376770517543897,0.0863709489088222,-4.345420331441915
1636731579499,2021-11-12T10:39:39.499,7.64,-0.8805829694122056,0.3160352376916583,-4.211742329701688
1636731579509,2021-11-12T10:39:39.509,7.65,-0.12074782359434404,0.6103111671393041,-4.080053329923707
1636731579519,2021-11-12T10:39:39.519,7.66,0.4590081583509618,0.8912153545717529,-4.02082974082448
1636731579529,2021-11-12T10:39:39.529,7.67,0.5963452396539304,1.068229927553456,-4.035891872799552
1636731579539,2021-11-12T10:39:39.539,7.68,0.43214789943789766,1.1161147964901725,-4.061598228423203
1636731579549,2021-11-12T10:39:39.549,7.69,0.22360708137241847,1.0889289040009789,-4.014667090609625
1636731579559,2021-11-12T10:39:39.559,7.7,0.05394966318758146,1.0569698797033709,-3.859361749113287
1636731579569,2021-11-12T10:39:39.569,7.71,-0.10557627237667648,1.0433082883169118,-3.6412070647108097
1636731579579,2021-11-12T10:39:39.579,7.72,-0.24517091150339093,1.0272603249373264,-3.454768989322564
1636731579589,2021-11-12T10:39:39.589,7.73,-0.3316918147092287,0.9820559974051247,-3.3590892791833333
1636731579599,2021-11-12T10:39:39.599,7.74,-0.3809002078720446,0.8820325508391443,-3.325461518633673
1636731579609,2021-11-12T10:39:39.609,7.75,-0.452201779920188,0.6949778700598859,-3.2996114430329486
1636731579619,2021-11-12T10:39:39.619,7.76,-0.5775562500423678,0.4055033446943561,-3.2800210095063562
1636731579629,2021-11-12T10:39:39.629,7.77,-0.7132675085565998,0.04917567146415423,-3.277563841298419
1636731579639,2021-11-12T10:39:39.639,7.78,-0.7743595822522669,-0.29913817187043035,-3.2560976000989115
1636731579649,2021-11-12T10:39:39.649,7.79,-0.7077271910326962,-0.5902428734231203,-3.1836602314620066
1636731579659,2021-11-12T10:39:39.659,7.8,-0.5290734106892026,-0.837263151376248,-3.0876902411658342
1636731579669,2021-11-12T10:39:39.669,7.81,-0.28693280504179286,-1.047438800387585,-3.006066820127038
1636731579679,2021-11-12T10:39:39.679,7.82,-0.004385140961838022,-1.148252262587047,-2.9406259112213413
1636731579689,2021-11-12T10:39:39.689,7.83,0.27299599920153855,-1.0721648509399786,-2.9018266564100017
1636731579699,2021-11-12T10:39:39.699,7.84,0.40070021009039336,-0.9011913386256292,-2.9364715902731886
1636731579709,2021-11-12T10:39:39.709,7.85,0.2884663691341133,-0.8105496756527193,-3.0571069827595707
1636731579719,2021-11-12T10:39:39.719,7.86,0.12727740350646108,-0.8483332186355333,-3.1959725718425958
1636731579729,2021-11-12T10:39:39.729,7.87,0.23035043614145517,-0.8665497045347113,-3.2833208812728163
1636731579739,2021-11-12T10:39:39.739,7.88,0.6292155038486864,-0.7063571240514974,-3.324240985508175
1636731579749,2021-11-12T10:39:39.749,7.89,1.050548326054182,-0.38358290389341987,-3.359992967217378
1636731579759,2021-11-12T10:39:39.759,7.9,1.2854504198720944,-0.03734719939001216,-3.4142797366999638
1636731579769,2021-11-12T10:39:39.769,7.91,1.3465589884060614,0.25563075898470766,-3.4961539619907587
1636731579779,2021-11-12T10:39:39.779,7.92,1.2887829481050053,0.524893124362735,-3.580930916997535
1636731579789,2021-11-12T10:39:39.789,7.93,1.143522035659794,0.7889049861521207,-3.5945412365406115
1636731579799,2021-11-12T10:39:39.799,7.94,1.02375109906255,1.0138688083697043,-3.4994287396156496
1636731579809,2021-11-12T10:39:39.809,7.95,1.0483852397151767,1.1927214094747707,-3.374504152685462
1636731579819,2021-11-12T10:39:39.819,7.96,1.1674757957070494,1.3467857694705085,-3.346672097996505
1636731579829,2021-11-12T10:39:39.829,7.97,1.2392392277467053,1.44614392441569,-3.4722056247635202
1636731579839,2021-11-12T10:39:39.839,7.98,1.2262803221130825,1.4419062693666373,-3.7063114958420758
1636731579849,2021-11-12T10:39:39.849,7.99,1.1784785465198273,1.3707649386047942,-3.954098786867034
1636731579859,2021-11-12T10:39:39.859,8.0,1.1069233530699647,1.323162242984067,-4.157809970545814
1636731579869,2021-11-12T10:39:39.869,8.01,0.9971311060757042,1.3241165744266412,-4.344926162327205
1636731579879,2021-11-12T10:39:39.879,8.02,0.8756605642495842,1.3330900776523653,-4.561473427644294
1636731579889,2021-11-12T10:39:39.889,8.03,0.7758200386025644,1.3341888486994988,-4.784833616730109
1636731579899,2021-11-12T10:39:39.899,8.04,0.7015170151437776,1.351385395191278,-4.960637114932816
1636731579909,2021-11-12T10:39:39.909,8.05,0.6684259342803878,1.3977324006838072,-5.086197251937104
1636731579919,2021-11-12T10:39:39.919,8.06,0.6917033155313439,1.4599114520893397,-5.1835364461752444
1636731579929,2021-11-12T10:39:39.929,8.07,0.7048285473467586,1.5160552261248639,-5.228549158012449
1636731579939,2021-11-12T10:39:39.939,8.08,0.5969380038916686,1.5483478539699917,-5.195469982668276
1636731579949,2021-11-12T10:39:39.949,8.09,0.367521026586281,1.5521089364474774,-5.148594059872941
1636731579959,2021-11-12T10:39:39.959,8.1,0.154601011256058,1.533476064220775,-5.1935374313426745
1636731579969,2021-11-12T10:39:39.969,8.11,0.06948766281956677,1.491813956827718,-5.3441849577957505
1636731579979,2021-11-12T10:39:39.979,8.12,0.07194527324525316,1.4164917650734226,-5.530009433952378
1636731579989,2021-11-12T10:39:39.989,8.13,0.0562009972980395,1.3053113590148848,-5.716104579594506
1636731579999,2021-11-12T10:39:39.999,8.14,0.004986585225590756,1.171107744164557,-5.909392511139531
1636731580009,2021-11-12T10:39:40.009,8.15,-0.012179427111805067,1.0274428953715669,-6.076011857488693
1636731580019,2021-11-12T10:39:40.019,8.16,0.03865576621651092,0.8901722531950418,-6.165412903042171
1636731580029,2021-11-12T10:39:40.029,8.17,0.11963951766255554,0.7984975624265667,-6.186419401985901
1636731580039,2021-11-12T10:39:40.039,8.18,0.19617002008231413,0.7981291129226218,-6.1923465235252255
1636731580049,2021-11-12T10:39:40.049,8.19,0.2573712996422224,0.8853369539299374,-6.24873083193018
1636731580059,2021-11-12T10:39:40.059,8.2,0.27285630166203406,1.0041647223118557,-6.415740064796356
1636731580069,2021-11-12T10:39:40.069,8.21,0.25779815961539615,1.1249415884953424,-6.655507050465777
1636731580079,2021-11-12T10:39:40.079,8.22,0.3554519451534072,1.2914761800270633,-6.800528886488544
1636731580089,2021-11-12T10:39:40.089,8.23,0.6418397263739472,1.543964073131832,-6.7356003633070785
1636731580099,2021-11-12T10:39:40.099,8.24,0.869001871085217,1.8114810175156197,-6.528555528286429
1636731580109,2021-11-12T10:39:40.109,8.25,0.6892665350956755,1.9502504232466726,-6.278257014406659
1636731580119,2021-11-12T10:39:40.119,8.26,0.159768001026544,1.9111092991555978,-5.968798703353746
1636731580129,2021-11-12T10:39:40.129,8.27,-0.2280235666285096,1.817608829747222,-5.582885898934187
1636731580139,2021-11-12T10:39:40.139,8.28,-0.07427889061075385,1.8367990020374978,-5.225165223290088
1636731580149,2021-11-12T10:39:40.149,8.29,0.5127402308364417,1.986266993328477,-5.034857709640049
1636731580159,2021-11-12T10:39:40.159,8.3,1.067688536593903,2.1165480528085445,-5.058173075081931
1636731580169,2021-11-12T10:39:40.169,8.31,1.2579290271426165,2.1031134813710746,-5.2328371291189955
1636731580179,2021-11-12T10:39:40.179,8.32,1.1209288977605083,1.9834029202764303,-5.430984057526243
1636731580189,2021-11-12T10:39:40.189,8.33,0.841001842840029,1.8548904900853045,-5.537939111782743
1636731580199,2021-11-12T10:39:40.199,8.34,0.49952028131455295,1.7439838712241256,-5.5452966279055325
1636731580209,2021-11-12T10:39:40.209,8.35,0.14178568313459122,1.652838763291642,-5.541480191541506
1636731580219,2021-11-12T10:39:40.219,8.36,-0.09836540492438528,1.6276354889747648,-5.595669556954395
1636731580229,2021-11-12T10:39:40.229,8.37,-0.12010985224896029,1.698942969500628,-5.694428099566815
1636731580239,2021-11-12T10:39:40.239,8.38,-0.03855613966541373,1.8202236016420101,-5.794890426599439
1636731580249,2021-11-12T10:39:40.249,8.39,-0.09288560349486866,1.916290320262518,-5.886540333064806
1636731580259,2021-11-12T10:39:40.259,8.4,-0.35740296676764954,1.9631016263812973,-5.982497473985571
1636731580269,2021-11-12T10:39:40.269,8.41,-0.6627983878653909,1.9801149637161293,-6.083346530868797
1636731580279,2021-11-12T10:39:40.279,8.42,-0.8276398090814885,1.9540409673481876,-6.159946832101582
1636731580289,2021-11-12T10:39:40.289,8.43,-0.8316609759057312,1.839449191488704,-6.150630886642482
1636731580299,2021-11-12T10:39:40.299,8.44,-0.7243349909831049,1.652584449341544,-5.984288904294878
1636731580309,2021-11-12T10:39:40.309,8.45,-0.5104629816325363,1.4855087838810994,-5.639858954594616
1636731580319,2021-11-12T10:39:40.319,8.46,-0.2048170578068464,1.403181321163922,-5.192573526422371
1636731580329,2021-11-12T10:39:40.329,8.47,0.06948239871706863,1.3842309837043016,-4.783344102657846
1636731580339,2021-11-12T10:39:40.339,8.48,0.12595469120645705,1.368163266948085,-4.516486038820511
1636731580349,2021-11-12T10:39:40.349,8.49,-0.06714371217596793,1.3349730121536554,-4.3802522615899395
1636731580359,2021-11-12T10:39:40.359,8.5,-0.23892298484190402,1.3431536298679703,-4.282102336886677
1636731580369,2021-11-12T10:39:40.369,8.51,-0.05640835362290122,1.4638690802218566,-4.155416743558382
1636731580379,2021-11-12T10:39:40.379,8.52,0.440785950951072,1.6641695019795195,-4.0162343226144905
1636731580389,2021-11-12T10:39:40.389,8.53,0.8321414757122315,1.826004194679305,-3.954136526835297
1636731580399,2021-11-12T10:39:40.399,8.54,0.8158528469687167,1.8991692498571429,-4.09572198161402
1636731580409,2021-11-12T10:39:40.409,8.55,0.541690660752346,1.946475563938899,-4.468521278934926
1636731580419,2021-11-12T10:39:40.419,8.56,0.3568122464722634,2.027156589195588,-4.8183301238852785
1636731580429,2021-11-12T10:39:40.429,8.57,0.38242419824897744,2.127327499059287,-4.770165356924031
1636731580439,2021-11-12T10:39:40.439,8.58,0.479344341256508,2.2201876408929695,-4.354801040033008
1636731580449,2021-11-12T10:39:40.449,8.59,0.5289231631567366,2.3233680310624893,-4.085992091574895
1636731580459,2021-11-12T10:39:40.459,8.6,0.5729448774858934,2.4604713183134073,-4.252119569949465
1636731580469,2021-11-12T10:39:40.469,8.61,0.6731045293866282,2.595983521979832,-4.489009966682328
1636731580479,2021-11-12T10:39:40.479,8.62,0.7761219813394469,2.67061922527935,-4.368039683011676
1636731580489,2021-11-12T10:39:40.489,8.63,0.8049690752214391,2.707944132501739,-4.0163580817786775
1636731580499,2021-11-12T10:39:40.499,8.64,0.8020578657396094,2.795336319653342,-3.8119498468759185
1636731580509,2021-11-12T10:39:40.509,8.65,0.8605201638821297,2.935544462853301,-3.814822336386051
1636731580519,2021-11-12T10:39:40.519,8.66,0.9661663538869453,3.037288397654431,-3.819843250406419
1636731580529,2021-11-12T10:39:40.529,8.67,1.0434765376526367,3.0811740947008444,-3.71671839225682
1636731580539,2021-11-12T10:39:40.539,8.68,1.098984754122368,3.1543856202849456,-3.550102302824559
1636731580549,2021-11-12T10:39:40.549,8.69,1.1711213511265899,3.286647036232053,-3.369542603443792
1636731580559,2021-11-12T10:39:40.559,8.7,1.2099532348722435,3.390548689115219,-3.1728960666519797
1636731580569,2021-11-12T10:39:40.569,8.71,1.1561630743832634,3.401313316693442,-2.9429759107432396
1636731580579,2021-11-12T10:39:40.579,8.72,1.0543919554322967,3.350446353544352,-2.6916414729286293
1636731580589,2021-11-12T10:39:40.589,8.73,0.9508241468760907,3.265774968889872,-2.4895064072349316
1636731580599,2021-11-12T10:39:40.599,8.74,0.7865584747541874,3.104424368132192,-2.4198685636701236
1636731580609,2021-11-12T10:39:40.609,8.75,0.5286131077232823,2.818249672025324,-2.4741515720872385
1636731580619,2021-11-12T10:39:40.619,8.76,0.30593021315316743,2.4191505841857106,-2.5543315892066376
1636731580629,2021-11-12T10:39:40.629,8.77,0.28504833794256196,1.961333811499229,-2.597431601646919
1636731580639,2021-11-12T10:39:40.639,8.78,0.4491414054225626,1.486626986108193,-2.633055136379368
1636731580649,2021-11-12T10:39:40.649,8.79,0.5950045257678875,1.003540754534724,-2.7286591502630193
1636731580659,2021-11-12T10:39:40.659,8.8,0.573395144164764,0.5324660568754049,-2.9426126285224523
1636731580669,2021-11-12T10:39:40.669,8.81,0.4476450519184933,0.14143511833821892,-3.309882983310773
1636731580679,2021-11-12T10:39:40.679,8.82,0.3448768292721883,-0.11316332836062856,-3.8216578230360883
1636731580689,2021-11-12T10:39:40.689,8.83,0.27752947815966855,-0.2450171240458453,-4.4212425004940155
1636731580699,2021-11-12T10:39:40.699,8.84,0.216321204212439,-0.28033036560790825,-5.018679071647983
1636731580709,2021-11-12T10:39:40.709,8.85,0.17341597310441903,-0.20196688879541574,-5.482932859899471
1636731580719,2021-11-12T10:39:40.719,8.86,0.14522359589824493,-0.021041893790134075,-5.634364298492009
1636731580729,2021-11-12T10:39:40.729,8.87,0.15931986285731597,0.17454196461449228,-5.2996857080875115
1636731580739,2021-11-12T10:39:40.739,8.88,0.287747992850926,0.3227149330541747,-4.417955436946054
1636731580749,2021-11-12T10:39:40.749,8.89,0.3982663420317299,0.41366032629463706,-3.109911810573252
1636731580759,2021-11-12T10:39:40.759,8.9,0.23322763598122614,0.31495480367468187,-1.5911565746718848
1636731580769,2021-11-12T10:39:40.769,8.91,0.0005446792045717408,-0.17371882137638048,0.07629053791302673
1636731580779,2021-11-12T10:39:40.779,8.92,0.3051053556319986,-0.8679184824477412,2.0770476505217417
1636731580789,2021-11-12T10:39:40.789,8.93,1.152962983778909,-1.202658626515102,4.5202505288037065
1636731580799,2021-11-12T10:39:40.799,8.94,1.6939295161904226,-1.0887941184798429,7.146636860280658
1636731580809,2021-11-12T10:39:40.809,8.95,1.3622900866927643,-1.1971034701950172,9.599538434994162
1636731580819,2021-11-12T10:39:40.819,8.96,0.7002235752701506,-1.8463039787642228,11.797741986302185
1636731580829,2021-11-12T10:39:40.829,8.97,0.6156829838935363,-2.355995950994984,13.74698410809739
1636731580839,2021-11-12T10:39:40.839,8.98,1.235096547929695,-2.09079201186468,15.2520671748681
1636731580849,2021-11-12T10:39:40.849,8.99,1.9444033872388693,-1.3367235960944992,16.17246879466485
1636731580859,2021-11-12T10:39:40.859,9.0,2.2924583968309062,-0.6964638627989993,16.734920769232655
1636731580869,2021-11-12T10:39:40.869,9.01,2.3352101668749086,-0.35130350560612433,17.352038634695266
1636731580879,2021-11-12T10:39:40.879,9.02,2.1954173671117885,-0.17054924242455144,18.390307850399886
1636731580889,2021-11-12T10:39:40.889,9.03,1.8713064771174133,-0.059224682366222824,20.162444414213024
1636731580899,2021-11-12T10:39:40.899,9.04,1.6026191306673485,-0.14917229057702258,22.630647114942803
1636731580909,2021-11-12T10:39:40.909,9.05,1.8213627995995703,-0.755295901803112,24.88837223541193
1636731580919,2021-11-12T10:39:40.919,9.06,2.4108003316420135,-1.823939992519017,25.398409869696
1636731580929,2021-11-12T10:39:40.929,9.07,2.6458724113339214,-2.5968089369827796,23.198212011295894
1636731580939,2021-11-12T10:39:40.939,9.08,2.3137128800761544,-2.552828722695812,18.852405219917447
1636731580949,2021-11-12T10:39:40.949,9.09,2.1436777315502034,-2.2918312547317234,14.080647665721035
1636731580959,2021-11-12T10:39:40.959,9.1,2.6301066146853924,-2.488123282706988,10.509382524214871
1636731580969,2021-11-12T10:39:40.969,9.11,3.313261957806546,-2.6629862293754427,8.749821823395589
1636731580979,2021-11-12T10:39:40.979,9.12,3.7026802170665336,-2.0837040961185,8.31357516853005
1636731580989,2021-11-12T10:39:40.989,9.13,3.96176726958012,-0.9996848105078437,8.162147376701899
1636731580999,2021-11-12T10:39:40.999,9.14,4.2677398882266955,-0.07784622125273125,7.502165209940703
1636731581009,2021-11-12T10:39:41.009,9.15,4.36248184826089,0.5508498633018019,6.203248670670549
1636731581019,2021-11-12T10:39:41.019,9.16,4.080257976165578,1.131951031797401,4.596543738766811
1636731581029,2021-11-12T10:39:41.029,9.17,3.7347413096525104,1.8441416173849854,3.272586673476792
1636731581039,2021-11-12T10:39:41.039,9.18,3.7325201696948938,2.7791190663693235,2.764658158916987
1636731581049,2021-11-12T10:39:41.049,9.19,3.9903002201018793,3.9048088815203865,2.3591743795913036
1636731581059,2021-11-12T10:39:41.059,9.2,3.8185106211313933,4.9314275106402725,-0.03249804031873901
1636731581069,2021-11-12T10:39:41.069,9.21,2.520178915052259,5.516624434203907,-4.653387298777851
1636731581079,2021-11-12T10:39:41.079,9.22,0.2885289705724425,5.660767882367891,-7.95316834247393
1636731581089,2021-11-12T10:39:41.089,9.23,-1.6922764407073336,5.675889040444501,-7.320942607158845
1636731581099,2021-11-12T10:39:41.099,9.24,-2.451220779594891,5.737188468298009,-5.334178635510492
1636731581109,2021-11-12T10:39:41.109,9.25,-2.421652571939699,5.691006816433335,-4.858025401730702
1636731581119,2021-11-12T10:39:41.119,9.26,-2.8767369798904787,5.357507998450503,-3.785512526521123
1636731581129,2021-11-12T10:39:41.129,9.27,-4.2210075739705735,4.79571170484148,0.4525809968397706
1636731581139,2021-11-12T10:39:41.139,9.28,-5.539611345512499,4.162352586209185,5.5889152186193485
1636731581149,2021-11-12T10:39:41.149,9.29,-5.978207714219129,3.4754402238932633,7.774524453571418
1636731581159,2021-11-12T10:39:41.159,9.3,-5.9042122344656285,2.650914781279518,6.22564611824172
1636731581169,2021-11-12T10:39:41.169,9.31,-6.256615490521989,1.7105679069473756,2.4863984491499016
1636731581179,2021-11-12T10:39:41.179,9.32,-7.088279211814546,0.8269067157308745,-1.4900691465946143
1636731581189,2021-11-12T10:39:41.189,9.33,-7.493408122662895,0.10928973405334708,-3.3158796881825525
1636731581199,2021-11-12T10:39:41.199,9.34,-7.075887253913367,-0.5474001961616803,-0.9542321259737626
1636731581209,2021-11-12T10:39:41.209,9.35,-6.513523404144831,-1.2662370427398075,5.149842035768402
1636731581219,2021-11-12T10:39:41.219,9.36,-6.241303463788499,-2.0002887435644903,11.927056906090385
1636731581229,2021-11-12T10:39:41.229,9.37,-5.8102758570336075,-2.8005069011593,16.273398568351606
1636731581239,2021-11-12T10:39:41.239,9.38,-5.20767063367547,-4.020136471256256,17.18014359440851
1636731581249,2021-11-12T10:39:41.249,9.39,-5.377286042913018,-5.773852715368383,15.514908070420686
1636731581259,2021-11-12T10:39:41.259,9.4,-6.612802355990314,-7.395893799345421,12.853005866282453
1636731581269,2021-11-12T10:39:41.269,9.41,-7.785024031189678,-8.004111762484007,10.796720300302201
1636731581279,2021-11-12T10:39:41.279,9.42,-7.865115796266499,-7.510213811355528,10.579092087533216
1636731581289,2021-11-12T10:39:41.289,9.43,-7.083839965592727,-6.650855783676278,12.581900137906363
1636731581299,2021-11-12T10:39:41.299,9.44,-6.181857593203452,-6.186095449593903,15.99142431798997
1636731581309,2021-11-12T10:39:41.309,9.45,-5.541426481705058,-6.422483201897871,18.986568270519914
1636731581319,2021-11-12T10:39:41.319,9.46,-5.390035952125242,-7.286856502439358,19.785796460923198
1636731581329,2021-11-12T10:39:41.329,9.47,-5.918083156970932,-8.423693912097633,18.113884580488232
1636731581339,2021-11-12T10:39:41.339,9.48,-6.670094641225571,-9.276750605852252,15.563368992876804
1636731581349,2021-11-12T10:39:41.349,9.49,-6.629041873747344,-9.415629208590808,14.071704999838921
1636731581359,2021-11-12T10:39:41.359,9.5,-5.586035252409187,-8.860440357624425,14.052944777499743
1636731581369,2021-11-12T10:39:41.369,9.51,-4.667865719290511,-8.004904393386376,14.307358981166029
1636731581379,2021-11-12T10:39:41.379,9.52,-4.83748861768007,-7.30517175079275,13.680994259499741
1636731581389,2021-11-12T10:39:41.389,9.53,-5.73563647843088,-7.096513599138996,12.407056700689342
1636731581399,2021-11-12T10:39:41.399,9.54,-6.574352174904432,-7.476022672314853,11.692325474200008
1636731581409,2021-11-12T10:39:41.409,9.55,-7.002906642386643,-8.14581962079983,12.355223324165866
1636731581419,2021-11-12T10:39:41.419,9.56,-6.4833468417940185,-8.504371173385408,14.048778149563645
1636731581429,2021-11-12T10:39:41.429,9.57,-4.416923815849004,-8.122949399714331,15.46624599860856
1636731581439,2021-11-12T10:39:41.439,9.58,-1.7996868634663032,-7.144033651113876,15.325444847403439
1636731581449,2021-11-12T10:39:41.449,9.59,-0.9310579839805316,-6.119067085006362,13.68851943815557
1636731581459,2021-11-12T10:39:41.459,9.6,-2.351425352598553,-5.458487505013893,12.038146734879332
1636731581469,2021-11-12T10:39:41.469,9.61,-3.8607860364923314,-5.142427963765289,11.279654974149162
1636731581479,2021-11-12T10:39:41.479,9.62,-3.6451603565459045,-5.013608201528979,10.437569939151151
1636731581489,2021-11-12T10:39:41.489,9.63,-2.656981471912432,-5.152195552675092,8.662229988381998
1636731581499,2021-11-12T10:39:41.499,9.64,-2.788265149384567,-5.682613567042105,7.226802597318876
1636731581509,2021-11-12T10:39:41.509,9.65,-3.96069880407227,-6.284252720550921,7.39069306905628
1636731581519,2021-11-12T10:39:41.519,9.66,-4.202671179660678,-6.2561631015416985,7.940257211222567
1636731581529,2021-11-12T10:39:41.529,9.67,-2.2649378300076544,-5.216517929484591,7.450208769221135
1636731581539,2021-11-12T10:39:41.539,9.68,0.7002893517637803,-3.5961240098749547,6.978007058963401
1636731581549,2021-11-12T10:39:41.549,9.69,2.5047595105452345,-2.3073877919413928,8.05450090219837
1636731581559,2021-11-12T10:39:41.559,9.7,2.5449351256597286,-1.8865020779189785,10.162679781959598
1636731581569,2021-11-12T10:39:41.569,9.71,2.1832718405421767,-2.0056896390470276,12.007066128188509
1636731581579,2021-11-12T10:39:41.579,9.72,2.6149219730128275,-1.9265400380336357,13.327078937532754
1636731581589,2021-11-12T10:39:41.589,9.73,3.4784053559164922,-1.3233754888804827,14.314659250424874
1636731581599,2021-11-12T10:39:41.599,9.74,3.82078675024473,-0.4307651553603805,14.563943340356236
1636731581609,2021-11-12T10:39:41.609,9.75,3.328783101973566,0.4302847603753218,13.36735358660647
1636731581619,2021-11-12T10:39:41.619,9.76,2.1625754392869014,1.0670468261876098,10.641877678448497
1636731581629,2021-11-12T10:39:41.629,9.77,0.6235941824166665,1.306791900450873,7.266614752693403
1636731581639,2021-11-12T10:39:41.639,9.78,-0.4465835265971376,1.0968646572041307,4.466403845739897
1636731581649,2021-11-12T10:39:41.649,9.79,0.039706109504841214,0.6123304165192495,2.8472672619369224
1636731581659,2021-11-12T10:39:41.659,9.8,2.0375843824983164,-0.025509473943187366,2.088558681832728
1636731581669,2021-11-12T10:39:41.669,9.81,4.1376661791566605,-0.9649075075134607,1.5341513099620494
1636731581679,2021-11-12T10:39:41.679,9.82,5.276452820481622,-2.342416340368333,0.8798103202661482
1636731581689,2021-11-12T10:39:41.689,9.83,5.867429936651289,-3.9910076408200488,0.2505082579738078
1636731581699,2021-11-12T10:39:41.699,9.84,6.755172048512236,-5.564082874166402,-0.13424480036093517
1636731581709,2021-11-12T10:39:41.709,9.85,7.892971553126726,-6.73568608493361,-0.15836120487187258
1636731581719,2021-11-12T10:39:41.719,9.86,8.690630831008413,-7.299966208687461,0.2647352353086121
1636731581729,2021-11-12T10:39:41.729,9.87,9.028548625115942,-7.443430854502416,1.2607005683091914
1636731581739,2021-11-12T10:39:41.739,9.88,9.245849966131685,-7.790365646143703,2.8450779694026576
1636731581749,2021-11-12T10:39:41.749,9.89,9.515161946121992,-8.610716565369152,4.730920710964266
1636731581759,2021-11-12T10:39:41.759,9.9,9.7037071589493,-9.323438948675737,6.39830612179126
1636731581769,2021-11-12T10:39:41.769,9.91,9.538826016780943,-9.599451040230779,7.426565908412826
1636731581779,2021-11-12T10:39:41.779,9.92,8.737482047025521,-10.184553390844062,7.851051356955029
1636731581789,2021-11-12T10:39:41.789,9.93,7.324785261983585,-11.446147375276258,8.27648176527354
1636731581799,2021-11-12T10:39:41.799,9.94,5.816872989767786,-12.21835912126623,9.522029349356906
1636731581809,2021-11-12T10:39:41.809,9.95,4.864885319664985,-11.433213677532484,11.94090842352789
1636731581819,2021-11-12T10:39:41.819,9.96,4.824684790440632,-9.739116590733415,15.01873801683892
1636731581829,2021-11-12T10:39:41.829,9.97,5.5150074090042285,-8.494099947204877,17.67558487796273
1636731581839,2021-11-12T10:39:41.839,9.98,6.088411462995564,-8.262071815576217,19.030929431229566
1636731581849,2021-11-12T10:39:41.849,9.99,5.666091164153906,-8.840164092196764,19.038234886883515
1636731581859,2021-11-12T10:39:41.859,10.0,4.60176316393079,-9.761649134757597,18.53037703194627
1636731581869,2021-11-12T10:39:41.869,10.01,4.31497740877899,-10.439382786960934,18.537855617083792
1636731581879,2021-11-12T10:39:41.879,10.02,5.260845738476876,-10.481070423096902,19.298407422862844
1636731581889,2021-11-12T10:39:41.889,10.03,6.124678958106334,-10.026450606891343,19.96445869422707
1636731581899,2021-11-12T10:39:41.899,10.04,5.797243579185695,-9.467716398425035,19.49096684343332
1636731581909,2021-11-12T10:39:41.909,10.05,4.996730932767449,-8.947376356966322,17.65047941707844
1636731581919,2021-11-12T10:39:41.919,10.06,5.0022953208126255,-8.393420545832981,14.956653980694025
1636731581929,2021-11-12T10:39:41.929,10.07,5.752306258858796,-7.871104712024531,11.954450989834521
1636731581939,2021-11-12T10:39:41.939,10.08,6.127521132561557,-7.571445709439638,8.974564470977738
1636731581949,2021-11-12T10:39:41.949,10.09,5.470035662126584,-7.481409734482055,6.271016684299917
1636731581959,2021-11-12T10:39:41.959,10.1,4.077861623074518,-7.331358443371256,3.995028680527846
1636731581969,2021-11-12T10:39:41.969,10.11,2.5348846702782684,-6.953094998328412,2.1457675415086435
1636731581979,2021-11-12T10:39:41.979,10.12,1.0992772759519724,-6.515124679180513,0.6909269314995539
1636731581989,2021-11-12T10:39:41.989,10.13,-0.21838470132165802,-6.263872038223031,-0.3632791220855678
1636731581999,2021-11-12T10:39:41.999,10.14,-1.3274972051877265,-6.14711868951449,-1.0528873365717943
1636731582009,2021-11-12T10:39:42.009,10.15,-2.1906047775783386,-5.839145951308627,-1.5626590581814683
1636731582019,2021-11-12T10:39:42.019,10.16,-3.0841497063637617,-5.002748220505074,-2.1844318723384917
1636731582029,2021-11-12T10:39:42.029,10.17,-4.180451033662815,-3.3960616163369917,-3.0169306818184287
1636731582039,2021-11-12T10:39:42.039,10.18,-5.118605130481891,-0.9833020093495572,-3.7735688588954757
1636731582049,2021-11-12T10:39:42.049,10.19,-5.578919420610727,1.8315473431899452,-4.176637086231181
1636731582059,2021-11-12T10:39:42.059,10.2,-5.814163534310511,4.338354516676969,-4.445245744224979
1636731582069,2021-11-12T10:39:42.069,10.21,-5.93756065687233,6.137807892852061,-5.039984779864848
1636731582079,2021-11-12T10:39:42.079,10.22,-5.267863596091666,7.431565297728708,-6.071337897045716
1636731582089,2021-11-12T10:39:42.089,10.23,-3.1631472379579977,8.532100859061451,-7.326801201450903
1636731582099,2021-11-12T10:39:42.099,10.24,-0.12663257708526987,9.35439594804176,-8.699032819907154
1636731582109,2021-11-12T10:39:42.109,10.25,2.6095198048454833,9.687480421649784,-10.17723936182503
1636731582119,2021-11-12T10:39:42.119,10.26,4.506040279067388,9.788059460470945,-11.48180324668852
1636731582129,2021-11-12T10:39:42.129,10.27,6.147431035633509,10.28313410712354,-12.087989493480038
1636731582139,2021-11-12T10:39:42.139,10.28,8.089274225526983,11.437788283448267,-11.749865531988712
1636731582149,2021-11-12T10:39:42.149,10.29,9.855791403277156,12.84974474532304,-10.807474958139895
1636731582159,2021-11-12T10:39:42.159,10.3,10.524226758377186,13.929953429726556,-9.839564481335415
1636731582169,2021-11-12T10:39:42.169,10.31,9.802532050797243,14.383584371008338,-9.164802107138787
1636731582179,2021-11-12T10:39:42.179,10.32,8.132635184937246,14.222219367651075,-8.79831922577839
1636731582189,2021-11-12T10:39:42.189,10.33,6.283230355810579,13.676216164357758,-8.731760292444704
1636731582199,2021-11-12T10:39:42.199,10.34,5.057473350748024,13.174493167388274,-9.123334265756991
1636731582209,2021-11-12T10:39:42.209,10.35,4.742866801796699,13.157639938041196,-10.250577149296038
1636731582219,2021-11-12T10:39:42.219,10.36,4.727953029932268,13.779266765326753,-12.23468954227383
1636731582229,2021-11-12T10:39:42.229,10.37,4.1564791980915,14.752059509319945,-14.79742338974026
1636731582239,2021-11-12T10:39:42.239,10.38,2.815923341353825,15.456105501047592,-17.4696228961339
1636731582249,2021-11-12T10:39:42.249,10.39,1.099093474185731,15.34743240272224,-20.01740687883665
1636731582259,2021-11-12T10:39:42.259,10.4,-0.44933728339339074,14.37974826845894,-22.39941082245085
1636731582269,2021-11-12T10:39:42.269,10.41,-1.405243547721296,12.902055472989998,-24.43570621748808
1636731582279,2021-11-12T10:39:42.279,10.42,-1.8284481713708194,11.1800423279739,-25.876154881717305
1636731582289,2021-11-12T10:39:42.289,10.43,-2.247609630661711,9.291525822342335,-26.650809879793716
1636731582299,2021-11-12T10:39:42.299,10.44,-2.8278884685178705,7.407706423848294,-26.80806634843553
1636731582309,2021-11-12T10:39:42.309,10.45,-2.961641587068384,5.797152497373881,-26.421088195780484
1636731582319,2021-11-12T10:39:42.319,10.46,-2.107236342275047,4.553704218310811,-25.68896293127489
1636731582329,2021-11-12T10:39:42.329,10.47,-0.6165326850733991,3.583188280301213,-24.96276479203238
1636731582339,2021-11-12T10:39:42.339,10.48,0.5927414295340427,2.8220660145487706,-24.640997668435162
1636731582349,2021-11-12T10:39:42.349,10.49,0.8953502363283286,2.2965007637913217,-24.98881255841362
1636731582359,2021-11-12T10:39:42.359,10.5,0.25210920228229483,2.0414096871461895,-25.81818922725359
1636731582369,2021-11-12T10:39:42.369,10.51,-0.9901228809156422,2.0960404472109446,-26.41407929669652
1636731582379,2021-11-12T10:39:42.379,10.52,-2.1478572993397522,2.469587111002034,-26.25782813312575
1636731582389,2021-11-12T10:39:42.389,10.53,-2.595773280871398,2.935329674147422,-25.894251594800195
1636731582399,2021-11-12T10:39:42.399,10.54,-2.84645009817917,2.9842104291477356,-26.320049571198737
1636731582409,2021-11-12T10:39:42.409,10.55,-4.3695765967482885,2.2789572115276835,-27.28198838251236
1636731582419,2021-11-12T10:39:42.419,10.56,-7.360291879380544,1.1162325792669794,-27.47525957405062
1636731582429,2021-11-12T10:39:42.429,10.57,-9.92310679126995,0.13420083765330762,-26.85827600892261
1636731582439,2021-11-12T10:39:42.439,10.58,-10.574101292559101,-0.39229255879392255,-26.844182940556337
1636731582449,2021-11-12T10:39:42.449,10.59,-10.019107793496604,-0.6417090498013607,-27.604507106140453
1636731582459,2021-11-12T10:39:42.459,10.6,-9.339424508146033,-0.7520377359478452,-27.479729828383277
1636731582469,2021-11-12T10:39:42.469,10.61,-8.218513458410541,-0.6999130455103195,-25.728701775370677
1636731582479,2021-11-12T10:39:42.479,10.62,-6.324939221476769,-0.6667455122605261,-23.792361115755423
1636731582489,2021-11-12T10:39:42.489,10.63,-4.810480252018355,-1.0627647057830192,-23.29621063763966
1636731582499,2021-11-12T10:39:42.499,10.64,-4.86404209117163,-2.02307691502716,-24.26192345261127
1636731582509,2021-11-12T10:39:42.509,10.65,-5.89512521397866,-3.1431289061789607,-25.609979832523894
1636731582519,2021-11-12T10:39:42.519,10.66,-6.546871608347336,-3.8959369403709516,-26.472878843282423
1636731582529,2021-11-12T10:39:42.529,10.67,-6.709445079876019,-4.237314369238936,-26.618146422855858
1636731582539,2021-11-12T10:39:42.539,10.68,-7.2838041735606325,-4.5890393862382926,-25.983329171994736
1636731582549,2021-11-12T10:39:42.549,10.69,-8.404989342813776,-4.989200212314676,-24.307915840155893
1636731582559,2021-11-12T10:39:42.559,10.7,-8.967712074472276,-4.563221517375643,-21.468019352676546
1636731582569,2021-11-12T10:39:42.569,10.71,-7.949481834724096,-2.81073998424608,-18.014701662522718
1636731582579,2021-11-12T10:39:42.579,10.72,-5.585288704441057,-1.2386523254280672,-15.01978072299966
1636731582589,2021-11-12T10:39:42.589,10.73,-3.0468307624251088,-1.7621006384949367,-13.27536820303749
1636731582599,2021-11-12T10:39:42.599,10.74,-1.3679732501018127,-3.4308529427300503,-12.774995241289773
1636731582609,2021-11-12T10:39:42.609,10.75,-0.9135746879470606,-3.601531507219752,-12.935007843432022
1636731582619,2021-11-12T10:39:42.619,10.76,-1.488077476720903,-2.4011896363486356,-13.105967922767716
1636731582629,2021-11-12T10:39:42.629,10.77,-2.5871182714757746,-2.5385831529253995,-12.860425632292579
1636731582639,2021-11-12T10:39:42.639,10.78,-3.7586468286116754,-4.8040124591174465,-12.021111103128312
1636731582649,2021-11-12T10:39:42.649,10.79,-4.902513839711897,-7.186773024103031,-10.644251444956922
1636731582659,2021-11-12T10:39:42.659,10.8,-5.986262021898314,-8.11800013354041,-9.073302191756882
1636731582669,2021-11-12T10:39:42.669,10.81,-6.542582095906006,-7.8381733436025005,-7.938400319537015
1636731582679,2021-11-12T10:39:42.679,10.82,-6.006347120461376,-7.009489155025108,-7.951108359933578
1636731582689,2021-11-12T10:39:42.689,10.83,-4.625280314603211,-5.902872749847026,-9.59902041470966
1636731582699,2021-11-12T10:39:42.699,10.84,-3.4636992251016974,-4.734256590249987,-12.912957353497422
1636731582709,2021-11-12T10:39:42.709,10.85,-3.31482869652182,-3.7695552822712717,-17.333140178415157
1636731582719,2021-11-12T10:39:42.719,10.86,-3.9892915896695116,-3.1037829764733598,-21.79546573132877
1636731582729,2021-11-12T10:39:42.729,10.87,-4.72874303495664,-2.6413607943969417,-25.196731445424067
1636731582739,2021-11-12T10:39:42.739,10.88,-4.90278634898203,-2.206548436038461,-26.947186603361935
1636731582749,2021-11-12T10:39:42.749,10.89,-4.243651245864569,-1.5967630491666864,-27.107683932503793
1636731582759,2021-11-12T10:39:42.759,10.9,-2.9313270802956994,-0.6616030687258937,-26.142736859465906
1636731582769,2021-11-12T10:39:42.769,10.91,-1.6722444387164388,0.5834075748729728,-24.663583706104
1636731582779,2021-11-12T10:39:42.779,10.92,-1.1589461247801573,1.9717649944027378,-23.199583239850842
1636731582789,2021-11-12T10:39:42.789,10.93,-1.2209559915407866,3.3262265450268838,-21.940340914219217
1636731582799,2021-11-12T10:39:42.799,10.94,-1.1315282019428552,4.510206637261126,-20.72691655916944
1636731582809,2021-11-12T10:39:42.809,10.95,-0.817984631243055,5.37485325046719,-19.363828415155446
1636731582819,2021-11-12T10:39:42.819,10.96,-0.8196201324030928,5.818376335699073,-17.791396848094877
1636731582829,2021-11-12T10:39:42.829,10.97,-1.0441745209960152,5.915177972615655,-15.972347481150475
1636731582839,2021-11-12T10:39:42.839,10.98,-0.7681163505150012,5.855498734905956,-13.948518236238383
1636731582849,2021-11-12T10:39:42.849,10.99,0.12919944406879613,5.776907795668018,-12.10709242735761
1636731582859,2021-11-12T10:39:42.859,11.0,1.0639958226533985,5.762188025710884,-11.114032811155164
1636731582869,2021-11-12T10:39:42.869,11.01,1.7003424081689786,5.920118331336051,-11.459598740049032
1636731582879,2021-11-12T10:39:42.879,11.02,2.0841164113477224,6.3248540972973775,-13.093370358278785
1636731582889,2021-11-12T10:39:42.889,11.03,2.17206484485496,6.910493331969299,-15.35756232520983
1636731582899,2021-11-12T10:39:42.899,11.04,1.8252499479691757,7.506540654201776,-17.268324216200433
1636731582909,2021-11-12T10:39:42.909,11.05,0.8953791073649551,7.9609384012409325,-18.154628151357876
1636731582919,2021-11-12T10:39:42.919,11.06,-0.7761480518623823,8.245014816003037,-18.078305771623228
1636731582929,2021-11-12T10:39:42.929,11.07,-2.9372006287187435,8.492087264182683,-17.441023037585698
1636731582939,2021-11-12T10:39:42.939,11.08,-4.747785223513655,8.842896393288651,-16.3756077477608
1636731582949,2021-11-12T10:39:42.949,11.09,-5.618244541304163,9.156904100399599,-14.874322234231311
1636731582959,2021-11-12T10:39:42.959,11.1,-5.858661157406711,9.034891918945222,-13.24717161569382
1636731582969,2021-11-12T10:39:42.969,11.11,-6.001329584176557,8.27095560117855,-11.938367613572815
1636731582979,2021-11-12T10:39:42.979,11.12,-5.997400753438855,7.097845989830423,-11.028438022318884
1636731582989,2021-11-12T10:39:42.989,11.13,-5.5606852270136535,5.854841864129037,-10.297971759170382
1636731582999,2021-11-12T10:39:42.999,11.14,-4.817565786935487,4.642713924228661,-9.567271109383068
1636731583009,2021-11-12T10:39:43.009,11.15,-4.217441365333604,3.4267181417500883,-8.659915564419812
1636731583019,2021-11-12T10:39:43.019,11.16,-4.102386897794389,2.2420543382326326,-7.29438008708092
1636731583029,2021-11-12T10:39:43.029,11.17,-4.4965824408490835,1.1988070396372605,-5.288837285970105
1636731583039,2021-11-12T10:39:43.039,11.18,-5.063007055740179,0.4669837653918696,-2.705818094354508
1636731583049,2021-11-12T10:39:43.049,11.19,-5.28938683502777,0.2552025031145715,0.30804029345719125
1636731583059,2021-11-12T10:39:43.059,11.2,-4.928379784796083,0.6226869185527578,3.662141609649656
1636731583069,2021-11-12T10:39:43.069,11.21,-4.156259981985938,1.369970838293504,7.277554736461992
1636731583079,2021-11-12T10:39:43.079,11.22,-3.2007808999717113,2.2675482293543916,11.022600909203877
1636731583089,2021-11-12T10:39:43.089,11.23,-2.09369829813089,3.2826874689469396,14.698752984760743
1636731583099,2021-11-12T10:39:43.099,11.24,-0.8950671304795432,4.457036862130172,18.09400515699868
1636731583109,2021-11-12T10:39:43.109,11.25,0.21276385902099665,5.700321486299889,21.125239434049238
1636731583119,2021-11-12T10:39:43.119,11.26,1.1617685745728077,6.828986313196574,23.868306074937713
1636731583129,2021-11-12T10:39:43.129,11.27,2.0327985589686044,7.7312730647660395,26.343080359672513
1636731583139,2021-11-12T10:39:43.139,11.28,2.9369639494375375,8.423632318884348,28.372238669612404
1636731583149,2021-11-12T10:39:43.149,11.29,4.0675401027854505,8.949788811613825,29.736709035107125
1636731583159,2021-11-12T10:39:43.159,11.3,5.501826552466332,9.239079899605539,30.32036835610709
1636731583169,2021-11-12T10:39:43.169,11.31,6.8202833548639425,9.149921728759367,30.08778980807363
1636731583179,2021-11-12T10:39:43.179,11.32,7.549349646935403,8.716372430189406,29.170770388019704
1636731583189,2021-11-12T10:39:43.189,11.33,7.978616678741579,8.220159929322595,27.965406477283594
1636731583199,2021-11-12T10:39:43.199,11.34,8.680497629485478,7.9120385266135855,26.82870374055134
1636731583209,2021-11-12T10:39:43.209,11.35,9.38639759173259,7.793473655798824,25.698468184804625
1636731583219,2021-11-12T10:39:43.219,11.36,9.361727565184811,7.758845411452693,24.308999859044555
1636731583229,2021-11-12T10:39:43.229,11.37,8.624307935023154,7.804711234125479,22.69197326901387
1636731583239,2021-11-12T10:39:43.239,11.38,7.7723105903404575,7.996039136777172,21.138849737639816
1636731583249,2021-11-12T10:39:43.249,11.39,6.934581019376743,8.328675236590168,19.745985919895105
1636731583259,2021-11-12T10:39:43.259,11.4,5.786705667675209,8.72951966600087,18.33442145250887
1636731583269,2021-11-12T10:39:43.269,11.41,4.298316846000374,9.142847337150041,16.844683761256142
1636731583279,2021-11-12T10:39:43.279,11.42,2.7816964234452115,9.528501904180033,15.543832641196161
1636731583289,2021-11-12T10:39:43.289,11.43,1.4632240193990373,9.814647881958907,14.755284464007485
1636731583299,2021-11-12T10:39:43.299,11.44,0.4608648784064079,9.945792772426259,14.566686211994835
1636731583309,2021-11-12T10:39:43.309,11.45,-0.10364553657999157,9.939421381442553,14.861579915054879
1636731583319,2021-11-12T10:39:43.319,11.46,-0.31954903193039164,9.803140931185318,15.465840144925114
1636731583329,2021-11-12T10:39:43.329,11.47,-0.4864665712740255,9.461323704807,16.194729796318647
1636731583339,2021-11-12T10:39:43.339,11.48,-0.6375909410983677,8.880388980342019,16.845929653895904
1636731583349,2021-11-12T10:39:43.349,11.49,-0.5707100105384117,8.185027509329295,17.181581038251416
1636731583359,2021-11-12T10:39:43.359,11.5,-0.5672524482157508,7.511836813212667,16.951313555128692
1636731583369,2021-11-12T10:39:43.369,11.51,-1.1736213955213035,6.831038494763039,16.045215677458135
1636731583379,2021-11-12T10:39:43.379,11.52,-1.9669863155220346,6.05287013683081,14.664362035966441
1636731583389,2021-11-12T10:39:43.389,11.53,-1.8857439747668958,5.2361595716331,13.27492346297176
1636731583399,2021-11-12T10:39:43.399,11.54,-1.1325046524269962,4.554342580424372,12.350692949412927
1636731583409,2021-11-12T10:39:43.409,11.55,-0.9977746333933936,4.079244396518591,12.135811756522196
1636731583419,2021-11-12T10:39:43.419,11.56,-1.5544404608676348,3.6970818710776676,12.579323722286658
1636731583429,2021-11-12T10:39:43.429,11.57,-1.529024554039712,3.259574255452377,13.425420159174376
1636731583439,2021-11-12T10:39:43.439,11.58,-0.5218742653775127,2.7715360488360696,14.390308471251302
1636731583449,2021-11-12T10:39:43.449,11.59,0.5390108459944465,2.3837739699505693,15.321473512615128
1636731583459,2021-11-12T10:39:43.459,11.6,1.0010757624581763,2.1979490798276204,16.18829893303389
1636731583469,2021-11-12T10:39:43.469,11.61,1.0098374534818348,2.131251419643279,16.894663340107613
1636731583479,2021-11-12T10:39:43.479,11.62,0.72495499118995,2.020683868583663,17.195191140781613
1636731583489,2021-11-12T10:39:43.489,11.63,0.19840977830065398,1.8195018410216688,16.925679964330744
1636731583499,2021-11-12T10:39:43.499,11.64,-0.20045241547183168,1.6223157638901682,16.2492056683563
1636731583509,2021-11-12T10:39:43.509,11.65,-0.07596995918654914,1.52282991888852,15.538858606320222
1636731583519,2021-11-12T10:39:43.519,11.66,0.4312294414428226,1.5148717491104529,15.10097670295982
1636731583529,2021-11-12T10:39:43.529,11.67,0.8547295576843815,1.521139660565275,15.106654948203076
1636731583539,2021-11-12T10:39:43.539,11.68,0.9747684648319146,1.475899901077856,15.613222499400209
1636731583549,2021-11-12T10:39:43.549,11.69,0.930437163352369,1.3933440343800045,16.4873727095564
1636731583559,2021-11-12T10:39:43.559,11.7,0.9713969738594932,1.3623726782524583,17.4027966170815
1636731583569,2021-11-12T10:39:43.569,11.71,1.213938967945939,1.438113885200172,18.02483335801723
1636731583579,2021-11-12T10:39:43.579,11.72,1.5793023727332716,1.5512749336515028,18.211202920369477
1636731583589,2021-11-12T10:39:43.589,11.73,1.9971326126588793,1.5684282468085786,18.06768932010319
1636731583599,2021-11-12T10:39:43.599,11.74,2.525554245024775,1.3997587054605725,17.827686102192857
1636731583609,2021-11-12T10:39:43.609,11.75,3.078123305539127,0.9990152515538473,17.652387166304102
1636731583619,2021-11-12T10:39:43.619,11.76,3.294466797007785,0.3403202552735499,17.54550406410145
1636731583629,2021-11-12T10:39:43.629,11.77,3.0016913029215937,-0.525860779466861,17.437757986612745
1636731583639,2021-11-12T10:39:43.639,11.78,2.5482390011359257,-1.4688262233106053,17.27245880331663
1636731583649,2021-11-12T10:39:43.649,11.79,2.360397612171464,-2.3954253748832883,16.97409137811623
1636731583659,2021-11-12T10:39:43.659,11.8,2.462207135198179,-3.304493416433555,16.42138403131145
1636731583669,2021-11-12T10:39:43.669,11.81,2.742454564827747,-4.20312306419314,15.553425485197549
1636731583679,2021-11-12T10:39:43.679,11.82,3.2903856544224106,-5.0679037666942115,14.44908462221969
1636731583689,2021-11-12T10:39:43.689,11.83,4.072762896383951,-5.910824059830084,13.195726724996813
1636731583699,2021-11-12T10:39:43.699,11.84,4.682356726714811,-6.784939205097322,11.765736876560585
1636731583709,2021-11-12T10:39:43.709,11.85,4.813504713647607,-7.692520886987969,10.16436962297397
1636731583719,2021-11-12T10:39:43.719,11.86,4.694289765773234,-8.549832652998992,8.619714182579198
1636731583729,2021-11-12T10:39:43.729,11.87,4.78996221097313,-9.259879233256662,7.475905810405117
1636731583739,2021-11-12T10:39:43.739,11.88,5.282729550869041,-9.786826004915438,6.909139795152051
1636731583749,2021-11-12T10:39:43.749,11.89,5.952176902469766,-10.162000609691562,6.816604819733868
1636731583759,2021-11-12T10:39:43.759,11.9,6.461213845116361,-10.429433064481222,6.989451097282172
1636731583769,2021-11-12T10:39:43.769,11.91,6.713041309618482,-10.566763205825547,7.355853687839799
1636731583779,2021-11-12T10:39:43.779,11.92,6.86037607352468,-10.472874125531822,7.970875405456087
1636731583789,2021-11-12T10:39:43.789,11.93,6.959569615665808,-10.077238859559042,8.738590659375955
1636731583799,2021-11-12T10:39:43.799,11.94,6.862751705101948,-9.436855021635427,9.312797271687398
1636731583809,2021-11-12T10:39:43.809,11.95,6.531625875784966,-8.66772081867861,9.42427120578662
1636731583819,2021-11-12T10:39:43.819,11.96,6.1369328957523095,-7.817281292027554,9.158310328407577
1636731583829,2021-11-12T10:39:43.829,11.97,5.760864429697822,-6.884420649735565,8.763726906943154
1636731583839,2021-11-12T10:39:43.839,11.98,5.323802080449665,-5.9347659107987205,8.388165555325246
1636731583849,2021-11-12T10:39:43.849,11.99,4.824256925010404,-5.096964860058779,8.147951545890436
1636731583859,2021-11-12T10:39:43.859,12.0,4.358988665600775,-4.4531430306944095,8.21233132707373
1636731583869,2021-11-12T10:39:43.869,12.01,3.9633502482277168,-4.011481682484947,8.624488931829687
1636731583879,2021-11-12T10:39:43.879,12.02,3.660598167284742,-3.7582369177295423,9.196118352698015
1636731583889,2021-11-12T10:39:43.889,12.03,3.5510977706802143,-3.6718372502600065,9.705537903207938
1636731583899,2021-11-12T10:39:43.899,12.04,3.660137712620091,-3.730410442730777,10.089381556192063
1636731583909,2021-11-12T10:39:43.909,12.05,3.820337634439107,-3.939817177429993,10.38900337437358
1636731583919,2021-11-12T10:39:43.919,12.06,3.921547100371926,-4.311461509547815,10.647001753608539
1636731583929,2021-11-12T10:39:43.929,12.07,4.176970536189909,-4.8325560878241385,10.95008277478539
1636731583939,2021-11-12T10:39:43.939,12.08,4.756177880087007,-5.495557820203707,11.508221187599148
1636731583949,2021-11-12T10:39:43.949,12.09,5.20497571778416,-6.297074039453728,12.546458425692649
1636731583959,2021-11-12T10:39:43.959,12.1,4.978568818509438,-7.1841608029112995,13.954768763803267
1636731583969,2021-11-12T10:39:43.969,12.11,4.5953025362370195,-8.054343701089081,15.043842460410154
1636731583979,2021-11-12T10:39:43.979,12.12,5.099409852685435,-8.78604859938359,14.931695000841332
1636731583989,2021-11-12T10:39:43.989,12.13,6.316338999011417,-9.242126830843954,13.365300454355857
1636731583999,2021-11-12T10:39:43.999,12.14,7.042331858373251,-9.333403647191634,10.970870610450998
1636731584009,2021-11-12T10:39:44.009,12.15,6.830266045074657,-9.125877670873257,8.58159398875548
1636731584019,2021-11-12T10:39:44.019,12.16,6.196133268409604,-8.806923615635407,6.58826042647749
1636731584029,2021-11-12T10:39:44.029,12.17,5.455369540852856,-8.512454673553822,5.036008637066113
1636731584039,2021-11-12T10:39:44.039,12.18,4.540394392168324,-8.23749506269939,3.9648741311233193
1636731584049,2021-11-12T10:39:44.049,12.19,3.5510040207813143,-7.91694472123511,3.3981106490623465
1636731584059,2021-11-12T10:39:44.059,12.2,2.720345852361711,-7.531069561221832,3.200703135810577
1636731584069,2021-11-12T10:39:44.069,12.21,2.1173902356971306,-7.104612508934197,3.148713859022685
1636731584079,2021-11-12T10:39:44.079,12.22,1.6954255774851141,-6.656262870408462,3.0717980725433573
1636731584089,2021-11-12T10:39:44.089,12.23,1.4112427135670642,-6.2177717814290006,2.8378428016066257
1636731584099,2021-11-12T10:39:44.099,12.24,1.1669760422715285,-5.873257623818073,2.2401547262195423
1636731584109,2021-11-12T10:39:44.109,12.25,0.7845843460666964,-5.6901262740604,1.0325993379629166
1636731584119,2021-11-12T10:39:44.119,12.26,0.14731314840019896,-5.630863715656209,-0.8281663324610996
1636731584129,2021-11-12T10:39:44.129,12.27,-0.6727745283327696,-5.619313285670702,-3.0413166690843307
1636731584139,2021-11-12T10:39:44.139,12.28,-1.481461428891446,-5.657470448496612,-5.154976062516991
1636731584149,2021-11-12T10:39:44.149,12.29,-2.132028496740527,-5.7919584169624905,-6.847748089998964
1636731584159,2021-11-12T10:39:44.159,12.3,-2.600594867610398,-6.010270187848658,-7.99146105562882
1636731584169,2021-11-12T10:39:44.169,12.31,-2.928149813778263,-6.255661087257691,-8.56977811822161
1636731584179,2021-11-12T10:39:44.179,12.32,-3.126891010082545,-6.516738676044089,-8.638723733290153
1636731584189,2021-11-12T10:39:44.189,12.33,-3.157001514101033,-6.816494494352202,-8.325752641347172
1636731584199,2021-11-12T10:39:44.199,12.34,-2.9952692545909754,-7.106297609305453,-7.792732536659905
1636731584209,2021-11-12T10:39:44.209,12.35,-2.6848577379828065,-7.2564326369683165,-7.176362136133004
1636731584219,2021-11-12T10:39:44.219,12.36,-2.2995982387589295,-7.190414960244194,-6.578810467246944
1636731584229,2021-11-12T10:39:44.229,12.37,-1.9269741044370239,-6.950736825161888,-6.108067652468052
1636731584239,2021-11-12T10:39:44.239,12.38,-1.6917633604189508,-6.59773325309936,-5.868770758115971
1636731584249,2021-11-12T10:39:44.249,12.39,-1.6812408926928986,-6.14274817285284,-5.872573834727769
1636731584259,2021-11-12T10:39:44.259,12.4,-1.8020478074286985,-5.61691416125555,-5.985231439180852
1636731584269,2021-11-12T10:39:44.269,12.41,-1.804271767155155,-5.0946774406593365,-6.0119062801703524
1636731584279,2021-11-12T10:39:44.279,12.42,-1.5458213250485247,-4.606531450411007,-5.86663703752131
1636731584289,2021-11-12T10:39:44.289,12.43,-1.2231920372657834,-4.123258786039137,-5.6645800114947855
1636731584299,2021-11-12T10:39:44.299,12.44,-1.2283443648596404,-3.6597484439779278,-5.612299148650447
1636731584309,2021-11-12T10:39:44.309,12.45,-1.7239831348256494,-3.2995737738005273,-5.779751326483352
1636731584319,2021-11-12T10:39:44.319,12.46,-2.4307877721086655,-3.0610608581369236,-6.030752364999641
1636731584329,2021-11-12T10:39:44.329,12.47,-2.8575074908061766,-2.816303948064888,-6.2139880411386015
1636731584339,2021-11-12T10:39:44.339,12.48,-2.7037105042362417,-2.4232238726031774,-6.339480035180209
1636731584349,2021-11-12T10:39:44.349,12.49,-2.0800244771340557,-1.8923798335849678,-6.501732315272627
1636731584359,2021-11-12T10:39:44.359,12.5,-1.385586377076862,-1.3424308755278889,-6.71947381924168
1636731584369,2021-11-12T10:39:44.369,12.51,-0.9625549700368985,-0.8314005203405506,-6.94995759094797
1636731584379,2021-11-12T10:39:44.379,12.52,-0.8927454420905285,-0.3414350505854283,-7.1972096205411
1636731584389,2021-11-12T10:39:44.389,12.53,-1.1085026216646725,0.09694204398168701,-7.49261094891428
1636731584399,2021-11-12T10:39:44.399,12.54,-1.5442334262816686,0.41806871595175665,-7.792428429948753
1636731584409,2021-11-12T10:39:44.409,12.55,-2.107253668769712,0.6595389506782028,-7.985965006542559
1636731584419,2021-11-12T10:39:44.419,12.56,-2.6546105518408134,0.9225799241475334,-7.992017040531155
1636731584429,2021-11-12T10:39:44.429,12.57,-3.114655785061549,1.1870362314973602,-7.781895598581828
1636731584439,2021-11-12T10:39:44.439,12.58,-3.5235247840317383,1.321797321086608,-7.329756179564557
1636731584449,2021-11-12T10:39:44.449,12.59,-3.87384982402477,1.2765068112849591,-6.61488386043621
1636731584459,2021-11-12T10:39:44.459,12.6,-4.08122429742079,1.1297692741276018,-5.703336189872925
1636731584469,2021-11-12T10:39:44.469,12.61,-4.152032016824571,0.9650991623940781,-4.794677799410792
1636731584479,2021-11-12T10:39:44.479,12.62,-4.18084136254393,0.8084112773891665,-4.126561012388793
1636731584489,2021-11-12T10:39:44.489,12.63,-4.147369556239999,0.6638454981799076,-3.828448791187583
1636731584499,2021-11-12T10:39:44.499,12.64,-3.9502080411300224,0.5267133546446676,-3.914163994538731
1636731584509,2021-11-12T10:39:44.509,12.65,-3.6497297886754003,0.381635440508877,-4.355717269375381
1636731584519,2021-11-12T10:39:44.519,12.66,-3.4342095328987163,0.2334870602249339,-5.032953043479127
1636731584529,2021-11-12T10:39:44.529,12.67,-3.3474860023899176,0.1040401434753882,-5.664906569450935
1636731584539,2021-11-12T10:39:44.539,12.68,-3.263317979260572,-0.016715073282367522,-5.976866763759042
1636731584549,2021-11-12T10:39:44.549,12.69,-3.1100009956395125,-0.15020413367777896,-5.934948010100092
1636731584559,2021-11-12T10:39:44.559,12.7,-2.945776119233991,-0.2594654734076851,-5.692149974726867
1636731584569,2021-11-12T10:39:44.569,12.71,-2.8528369873639656,-0.28950254271422593,-5.371948733045549
1636731584579,2021-11-12T10:39:44.579,12.72,-2.889367386418614,-0.2732073207889907,-5.042084784108933
1636731584589,2021-11-12T10:39:44.589,12.73,-3.0762253903174894,-0.2932260918831955,-4.801158787263661
1636731584599,2021-11-12T10:39:44.599,12.74,-3.3276859164585884,-0.33725621054675503,-4.730973248855182
1636731584609,2021-11-12T10:39:44.609,12.75,-3.4698623937699624,-0.29554356664649156,-4.8136041599219945
1636731584619,2021-11-12T10:39:44.619,12.76,-3.404482247116915,-0.11972999350851618,-4.989933762174332
1636731584629,2021-11-12T10:39:44.629,12.77,-3.2158765241399387,0.10267328991330944,-5.260318468872354
1636731584639,2021-11-12T10:39:44.639,12.78,-3.087326085722766,0.2603418730868726,-5.668127830360637
1636731584649,2021-11-12T10:39:44.649,12.79,-3.1226720672115182,0.33831061441407406,-6.193255075759258
1636731584659,2021-11-12T10:39:44.659,12.8,-3.24400918480766,0.39745138505637156,-6.7023759494808415
1636731584669,2021-11-12T10:39:44.669,12.81,-3.264827799731415,0.48457958060213274,-7.038796237609806
1636731584679,2021-11-12T10:39:44.679,12.82,-3.0739115949115687,0.5941675530254003,-7.151716386687086
1636731584689,2021-11-12T10:39:44.689,12.83,-2.728995988385141,0.6990435351682837,-7.1089882031327
1636731584699,2021-11-12T10:39:44.699,12.84,-2.358132642891608,0.7987470863975126,-7.004461965161358
1636731584709,2021-11-12T10:39:44.709,12.85,-2.008726587361517,0.9271475642471367,-6.879007715924492
1636731584719,2021-11-12T10:39:44.719,12.86,-1.6332335468398669,1.1111180065647408,-6.72448525578926
1636731584729,2021-11-12T10:39:44.729,12.87,-1.2154430886309975,1.3441380363896125,-6.578436540813781
1636731584739,2021-11-12T10:39:44.739,12.88,-0.8741092100663583,1.6095897323611652,-6.5924587665386305
1636731584749,2021-11-12T10:39:44.749,12.89,-0.7913458611842537,1.8944064786527566,-6.906290462903481
1636731584759,2021-11-12T10:39:44.759,12.9,-1.0080532129662387,2.1674505254574323,-7.4619808370326455
1636731584769,2021-11-12T10:39:44.769,12.91,-1.3363247502142641,2.3871253054612094,-8.073657234644783
1636731584779,2021-11-12T10:39:44.779,12.92,-1.5464806503325743,2.5323682467993125,-8.642159719812712
1636731584789,2021-11-12T10:39:44.789,12.93,-1.6050171697154834,2.588586183684249,-9.140616019203113
1636731584799,2021-11-12T10:39:44.799,12.94,-1.6199792694611193,2.5379686763588363,-9.477901933410381
1636731584809,2021-11-12T10:39:44.809,12.95,-1.6030233170266692,2.409663222749219,-9.584216541437625
1636731584819,2021-11-12T10:39:44.819,12.96,-1.478580763742506,2.2836373895556705,-9.544654436612266
1636731584829,2021-11-12T10:39:44.829,12.97,-1.299851146238464,2.1984999871082698,-9.461777928644873
1636731584839,2021-11-12T10:39:44.839,12.98,-1.217274267660294,2.1182522309498144,-9.282927127932192
1636731584849,2021-11-12T10:39:44.849,12.99,-1.2413469633872507,2.0257257642442057,-8.909567154365046
1636731584859,2021-11-12T10:39:44.859,13.0,-1.2404775430256443,1.9689347298634186,-8.3670222669507
1636731584869,2021-11-12T10:39:44.869,13.01,-1.1439010661057978,1.9749871070395684,-7.747518325900277
1636731584879,2021-11-12T10:39:44.879,13.02,-1.024246540915664,2.005191929236456,-7.098937388926435
1636731584889,2021-11-12T10:39:44.889,13.03,-1.0238687266212576,2.033211716221501,-6.476226459526991
1636731584899,2021-11-12T10:39:44.899,13.04,-1.1952707457941054,2.082520203821961,-5.994624307705666
1636731584909,2021-11-12T10:39:44.909,13.05,-1.3663817632469595,2.1677544069710906,-5.721449331957809
1636731584919,2021-11-12T10:39:44.919,13.06,-1.2931232458969582,2.269783282038063,-5.585060355021342
1636731584929,2021-11-12T10:39:44.929,13.07,-1.0024632152133353,2.3492237920950174,-5.472147213497882
1636731584939,2021-11-12T10:39:44.939,13.08,-0.8062419857722615,2.3346226284365956,-5.363087474610792
1636731584949,2021-11-12T10:39:44.949,13.09,-0.9120097515792727,2.161182055497465,-5.296671469870859
1636731584959,2021-11-12T10:39:44.959,13.1,-1.1468672823597867,1.8669412127495082,-5.223252264785346
1636731584969,2021-11-12T10:39:44.969,13.11,-1.1106089489165916,1.5843172080089212,-4.991133898729055
1636731584979,2021-11-12T10:39:44.979,13.12,-0.5711035700721634,1.4044273986541846,-4.530272320020991
1636731584989,2021-11-12T10:39:44.989,13.13,0.28963814933609255,1.298827258793895,-3.9672273251422734
1636731584999,2021-11-12T10:39:44.999,13.14,1.0216630673285851,1.1891380209809472,-3.478589037357831
1636731585009,2021-11-12T10:39:45.009,13.15,1.2829823606386546,1.0381696536992273,-3.1060547125017868
1636731585019,2021-11-12T10:39:45.019,13.16,1.0635115171894793,0.840528545406559,-2.7908654623915012
1636731585029,2021-11-12T10:39:45.029,13.17,0.6167441612259816,0.5896464870343551,-2.5054236679289166
1636731585039,2021-11-12T10:39:45.039,13.18,0.23597527947651253,0.3191249337832386,-2.255934560050559
1636731585049,2021-11-12T10:39:45.049,13.19,0.05449251565598353,0.10211320779620325,-1.98969922327933
1636731585059,2021-11-12T10:39:45.059,13.2,0.017822654833115452,-0.07276545371386411,-1.6014368883111056
1636731585069,2021-11-12T10:39:45.069,13.21,0.020885896919000058,-0.3262140744284473,-1.1092589701205204
1636731585079,2021-11-12T10:39:45.079,13.22,-0.004050777374751656,-0.6919328962835735,-0.7825790517625069
1636731585089,2021-11-12T10:39:45.089,13.23,-0.11685774813002071,-1.0081236159465141,-0.9444647940608647
1636731585099,2021-11-12T10:39:45.099,13.24,-0.3391812498005239,-1.1032734504206818,-1.6166965368122146
1636731585109,2021-11-12T10:39:45.109,13.25,-0.5932166448911091,-0.9861433434225586,-2.4904092869603147
1636731585119,2021-11-12T10:39:45.119,13.26,-0.7896910389883365,-0.7776212097737503,-3.24608690535801
1636731585129,2021-11-12T10:39:45.129,13.27,-0.9223326948310047,-0.5487293654949538,-3.7578863695273954
1636731585139,2021-11-12T10:39:45.139,13.28,-1.007604035396832,-0.2884888199078262,-4.019396321622844
1636731585149,2021-11-12T10:39:45.149,13.29,-1.0570272511709755,0.02388152641024669,-4.05329075026007
1636731585159,2021-11-12T10:39:45.159,13.3,-1.1289527639497035,0.36201647916730667,-3.9094454973462973
1636731585169,2021-11-12T10:39:45.169,13.31,-1.2584474970093347,0.6656757330128004,-3.6531089555128444
1636731585179,2021-11-12T10:39:45.179,13.32,-1.3748160279330561,0.9004740159158341,-3.3711454689684186
1636731585189,2021-11-12T10:39:45.189,13.33,-1.4345197238164955,1.0774276020990932,-3.2137765313959834
1636731585199,2021-11-12T10:39:45.199,13.34,-1.5527853773014475,1.1924513880530432,-3.3378763730044465
1636731585209,2021-11-12T10:39:45.209,13.35,-1.8551041807753332,1.191158242460298,-3.7621420830448766
1636731585219,2021-11-12T10:39:45.219,13.36,-2.2609593257566987,1.056749859499702,-4.33175823022042
1636731585229,2021-11-12T10:39:45.229,13.37,-2.530818191097671,0.8894846686133462,-4.836316245022913
1636731585239,2021-11-12T10:39:45.239,13.38,-2.5257944033814215,0.7889425126493299,-5.1395821179422825
1636731585249,2021-11-12T10:39:45.249,13.39,-2.3893144321521156,0.6843946691440245,-5.225920791692531
1636731585259,2021-11-12T10:39:45.259,13.4,-2.42108510104002,0.42488439515814047,-5.1542572747721085
1636731585269,2021-11-12T10:39:45.269,13.41,-2.7210854615377733,0.023683876522024375,-4.964332215502033
1636731585279,2021-11-12T10:39:45.279,13.42,-3.065150968130058,-0.34742992354490654,-4.6406468550568984
1636731585289,2021-11-12T10:39:45.289,13.43,-3.2277592419169587,-0.5992726108833419,-4.180686653933708
1636731585299,2021-11-12T10:39:45.299,13.44,-3.2376822430063337,-0.7949165528290513,-3.6505244880210643
1636731585309,2021-11-12T10:39:45.309,13.45,-3.1858970212723676,-0.9842805784560659,-3.1233665774540667
1636731585319,2021-11-12T10:39:45.319,13.46,-3.039680415402745,-1.133362371877522,-2.6093374405344574
1636731585329,2021-11-12T10:39:45.329,13.47,-2.793165679804453,-1.2260776551736157,-2.097959617941755
1636731585339,2021-11-12T10:39:45.339,13.48,-2.5332145974516416,-1.294064449066042,-1.6045315060015795
1636731585349,2021-11-12T10:39:45.349,13.49,-2.266586292135421,-1.328138616158558,-1.12496302581704
1636731585359,2021-11-12T10:39:45.359,13.5,-1.9445443126953008,-1.2716859210978044,-0.6209151718662191
1636731585369,2021-11-12T10:39:45.369,13.51,-1.6353794064877025,-1.113555487246178,-0.07681105975168086
1636731585379,2021-11-12T10:39:45.379,13.52,-1.4075597058027256,-0.8951130815646344,0.5006015417318423
1636731585389,2021-11-12T10:39:45.389,13.53,-1.1612801042080427,-0.6252498958639352,1.1170344516616697
1636731585399,2021-11-12T10:39:45.399,13.54,-0.8077474819439526,-0.2766950793697339,1.7480425061172862
1636731585409,2021-11-12T10:39:45.409,13.55,-0.43842086050361634,0.13636608891540872,2.318216440917075
1636731585419,2021-11-12T10:39:45.419,13.56,-0.1591417806909152,0.5600545955483287,2.7766091314345047
1636731585429,2021-11-12T10:39:45.429,13.57,0.05185262486984462,0.9756931378309415,3.0955828112032973
1636731585439,2021-11-12T10:39:45.439,13.58,0.24135808028032893,1.390719977192577,3.18392455529429
1636731585449,2021-11-12T10:39:45.449,13.59,0.38928510544298084,1.7535274825291942,2.9661744441754756
1636731585459,2021-11-12T10:39:45.459,13.6,0.4519251912466573,1.9653103754225136,2.566881524799598
1636731585469,2021-11-12T10:39:45.469,13.61,0.44234505471949626,2.0067225832096804,2.248924717082629
1636731585479,2021-11-12T10:39:45.479,13.62,0.4658779117514069,1.9831217269742072,2.1504436663064204
1636731585489,2021-11-12T10:39:45.489,13.63,0.6254545439138695,1.995524542464405,2.200466619994994
1636731585499,2021-11-12T10:39:45.499,13.64,0.8603489759665273,2.0210334002720916,2.2682692315676145
1636731585509,2021-11-12T10:39:45.509,13.65,0.9890292772334218,1.985229791860292,2.2922944586424965
1636731585519,2021-11-12T10:39:45.519,13.66,0.9660078985161996,1.9034525371177862,2.2906636996667866
1636731585529,2021-11-12T10:39:45.529,13.67,0.9462232211905124,1.8631699397214863,2.3096544059694275
1636731585539,2021-11-12T10:39:45.539,13.68,1.0175106322417693,1.8951393182618976,2.3329518537309633
1636731585549,2021-11-12T10:39:45.549,13.69,1.0726986698687244,1.9515336660390465,2.24798133874867
1636731585559,2021-11-12T10:39:45.559,13.7,1.053024835814035,2.006812875069497,1.989101306145591
1636731585569,2021-11-12T10:39:45.569,13.71,1.0525813140923495,2.0976530408605774,1.676983678941411
1636731585579,2021-11-12T10:39:45.579,13.72,1.0751415976041063,2.2411683707517596,1.4744112058082028
1636731585589,2021-11-12T10:39:45.589,13.73,1.0084157287361661,2.3847103263930323,1.354581230526822
1636731585599,2021-11-12T10:39:45.599,13.74,0.8912571844470455,2.4734231358030985,1.1856997544678727
1636731585609,2021-11-12T10:39:45.609,13.75,0.8597419319664132,2.5143975525419107,0.9885734499840192
1636731585619,2021-11-12T10:39:45.619,13.76,0.8758976909284824,2.555028850611825,0.9250017806460746
1636731585629,2021-11-12T10:39:45.629,13.77,0.8465469879661095,2.633624127850804,1.058454979075239
1636731585639,2021-11-12T10:39:45.639,13.78,0.8683442282812399,2.7364076817753844,1.2724910426565583
1636731585649,2021-11-12T10:39:45.649,13.79,1.0405435359987374,2.7939478206580644,1.4264451398914624
1636731585659,2021-11-12T10:39:45.659,13.8,1.1997927141990252,2.7666702009103017,1.499873807000246
1636731585669,2021-11-12T10:39:45.669,13.81,1.1176508145556037,2.717791237903528,1.5674125617943644
1636731585679,2021-11-12T10:39:45.679,13.82,0.8471357420929552,2.746988746627789,1.686574848577886
1636731585689,2021-11-12T10:39:45.689,13.83,0.6632986158895933,2.8832311827141885,1.8384045857655356
1636731585699,2021-11-12T10:39:45.699,13.84,0.7115460864806982,3.0790573502830076,1.9524435145259509
1636731585709,2021-11-12T10:39:45.709,13.85,0.8619854955422985,3.26796067194189,1.969445102081427
1636731585719,2021-11-12T10:39:45.719,13.86,0.9207994211818974,3.4047334981320256,1.8915076947194334
1636731585729,2021-11-12T10:39:45.729,13.87,0.8716158851904983,3.4780981674630285,1.7782038516430034
1636731585739,2021-11-12T10:39:45.739,13.88,0.8338316911365597,3.4916953339464283,1.693322551870469
1636731585749,2021-11-12T10:39:45.749,13.89,0.8729854917225719,3.4328630406518292,1.6621452143990492
1636731585759,2021-11-12T10:39:45.759,13.9,0.9589133774811496,3.277359273152709,1.6669580296965667
1636731585769,2021-11-12T10:39:45.769,13.91,1.0506493691770196,3.0212847116551385,1.6616277244782753
1636731585779,2021-11-12T10:39:45.779,13.92,1.1436254003844686,2.6912478058547085,1.6096056996002253
1636731585789,2021-11-12T10:39:45.789,13.93,1.2531315711211133,2.32043845557463,1.5296494862841261
1636731585799,2021-11-12T10:39:45.799,13.94,1.354397134135648,1.9239095655586995,1.475928264158837
1636731585809,2021-11-12T10:39:45.809,13.95,1.3673525515098937,1.5204760880912258,1.466660181186628
1636731585819,2021-11-12T10:39:45.819,13.96,1.2926829970416247,1.172556305616591,1.4817802318858737
1636731585829,2021-11-12T10:39:45.829,13.97,1.2796858836813534,0.9447247482826557,1.5136954520871606
1636731585839,2021-11-12T10:39:45.839,13.98,1.3718483780009136,0.8161026927571485,1.539069393591706
1636731585849,2021-11-12T10:39:45.849,13.99,1.3262047988892873,0.705957582990478,1.4802872555455844
1636731585859,2021-11-12T10:39:45.859,14.0,0.9724531713344218,0.5978305845201884,1.3052799921620633
1636731585869,2021-11-12T10:39:45.869,14.01,0.5981230294186888,0.5733016228577978,1.1160701024906619
1636731585879,2021-11-12T10:39:45.879,14.02,0.6223065714657039,0.7017454076025226,1.0239767938805255
1636731585889,2021-11-12T10:39:45.889,14.03,0.9916691708613867,0.9380701084064409,0.9939914121107418
1636731585899,2021-11-12T10:39:45.899,14.04,1.2545940894197736,1.1673445750838127,0.9192116672331687
1636731585909,2021-11-12T10:39:45.909,14.05,1.174277005054247,1.3342259786960031,0.784344944152855
1636731585919,2021-11-12T10:39:45.919,14.06,0.924151889796764,1.472513903234133,0.6463285564393015
1636731585929,2021-11-12T10:39:45.929,14.07,0.7124523295726723,1.6149485520335536,0.5137092063785298
1636731585939,2021-11-12T10:39:45.939,14.08,0.5740678425640371,1.7499945213151509,0.35431089466873966
1636731585949,2021-11-12T10:39:45.949,14.09,0.5357476208074359,1.8686081648132284,0.17031997495854262
1636731585959,2021-11-12T10:39:45.959,14.1,0.652528765483836,1.9791873229833192,-0.024198061337162055
1636731585969,2021-11-12T10:39:45.969,14.11,0.8540815945303494,2.0654980390657705,-0.23571093172608554
1636731585979,2021-11-12T10:39:45.979,14.12,0.9882072154618866,2.082576214766768,-0.4242450379053265
1636731585989,2021-11-12T10:39:45.989,14.13,1.0180952654433242,2.0132866320004306,-0.4874222567730319
1636731585999,2021-11-12T10:39:45.999,14.14,1.0570123584152205,1.9035958220809743,-0.3872437832067858
1636731586009,2021-11-12T10:39:46.009,14.15,1.2221474966174615,1.821764947556629,-0.2044571875885297
1636731586019,2021-11-12T10:39:46.019,14.16,1.4731583002799904,1.7887174141938935,-0.01046391977630251
1636731586029,2021-11-12T10:39:46.029,14.17,1.6150850807735455,1.7702912889295757,0.20249384046610464
1636731586039,2021-11-12T10:39:46.039,14.18,1.5265045942080429,1.7456492854183172,0.4123083284858772
1636731586049,2021-11-12T10:39:46.049,14.19,1.3031949174586126,1.7446300680864324,0.5078740467152709
1636731586059,2021-11-12T10:39:46.059,14.2,1.0698199398067152,1.7794938917716534,0.3912815751437505
1636731586069,2021-11-12T10:39:46.069,14.21,0.800898216619653,1.7869571923201768,0.06091116951552149
1636731586079,2021-11-12T10:39:46.079,14.22,0.4528913413973229,1.7020497642460146,-0.4105606054004102
1636731586089,2021-11-12T10:39:46.089,14.23,0.1090950322330978,1.5477944431143942,-0.9129328681542929
1636731586099,2021-11-12T10:39:46.099,14.24,-0.11860125701619764,1.3841642429475174,-1.3351299136037893
1636731586109,2021-11-12T10:39:46.109,14.25,-0.21501534048827214,1.2065410766976337,-1.624750775373923
1636731586119,2021-11-12T10:39:46.119,14.26,-0.21794719647510047,0.9691256841149578,-1.7997500561350082
1636731586129,2021-11-12T10:39:46.129,14.27,-0.12241991122548226,0.6881959640041861,-1.8859997801790374
1636731586139,2021-11-12T10:39:46.139,14.28,0.0961855078677966,0.4448828806775178,-1.8756416396058384
1636731586149,2021-11-12T10:39:46.149,14.29,0.37602733533756505,0.28826115560933413,-1.7538640205729763
1636731586159,2021-11-12T10:39:46.159,14.3,0.5914629343475969,0.20977204215966655,-1.5307022750085446
1636731586169,2021-11-12T10:39:46.169,14.31,0.733329949773643,0.21207698261008356,-1.2342930154219678
1636731586179,2021-11-12T10:39:46.179,14.32,0.9203459219760164,0.3179714890772672,-0.8940969809591579
1636731586189,2021-11-12T10:39:46.189,14.33,1.1309778960678547,0.5014424551179231,-0.5441059546958217
1636731586199,2021-11-12T10:39:46.199,14.34,1.1526162355827712,0.6938501044129722,-0.23104021089991675
1636731586209,2021-11-12T10:39:46.209,14.35,0.9676611115427765,0.8707697334191737,0.016063957384159236
1636731586219,2021-11-12T10:39:46.219,14.36,0.8588427906749398,1.0598120493301924,0.24224280780355462
1636731586229,2021-11-12T10:39:46.229,14.37,0.8881564961333246,1.2635496435572051,0.5399369850703954
1636731586239,2021-11-12T10:39:46.239,14.38,0.7368782043158584,1.4377998541610717,0.9169729826185162
1636731586249,2021-11-12T10:39:46.249,14.39,0.36120387650391517,1.5363033190160151,1.2459462159770338
1636731586259,2021-11-12T10:39:46.259,14.4,0.18862039882796833,1.5398719090971553,1.4082912099065523
1636731586269,2021-11-12T10:39:46.269,14.41,0.36577536841953817,1.4679101775215222,1.448484279481713
1636731586279,2021-11-12T10:39:46.279,14.42,0.5413429425407317,1.3758216370064442,1.5286930738364535
1636731586289,2021-11-12T10:39:46.289,14.43,0.580660854697296,1.2981266606014905,1.7445820817274997
1636731586299,2021-11-12T10:39:46.299,14.44,0.7202580781035867,1.1894910960544263,2.0298424198845892
1636731586309,2021-11-12T10:39:46.309,14.45,0.9677998364007822,0.9744978535634847,2.2598917251253483
1636731586319,2021-11-12T10:39:46.319,14.46,1.0243013142545558,0.6584814937799752,2.406624937494328
1636731586329,2021-11-12T10:39:46.329,14.47,0.7630828313809681,0.33439180349724024,2.533373414760822
1636731586339,2021-11-12T10:39:46.339,14.48,0.3717346370326874,0.0813988374606364,2.670540041289165
1636731586349,2021-11-12T10:39:46.349,14.49,0.11051490247393453,-0.08362079633613548,2.772994377093587
1636731586359,2021-11-12T10:39:46.359,14.5,0.08223516361515737,-0.15765352744272118,2.7847508188670425
1636731586369,2021-11-12T10:39:46.369,14.51,0.14065689336646842,-0.12883724466996627,2.68536358045252
1636731586379,2021-11-12T10:39:46.379,14.52,0.0361517967805948,-0.023262533801713302,2.4934285076240355
1636731586389,2021-11-12T10:39:46.389,14.53,-0.292451704914354,0.08361168046239581,2.279307761025719
1636731586399,2021-11-12T10:39:46.399,14.54,-0.6680658088628906,0.1364886172291689,2.148073574240537
1636731586409,2021-11-12T10:39:46.409,14.55,-0.9064040379909004,0.15108180226787443,2.1515448935137513
1636731586419,2021-11-12T10:39:46.419,14.56,-0.9489338448673932,0.16669192612870395,2.2371111902519525
1636731586429,2021-11-12T10:39:46.429,14.57,-0.821432824379495,0.16264297892230606,2.3195238394141464
1636731586439,2021-11-12T10:39:46.439,14.58,-0.6228762098452074,0.06850091673103564,2.3660370364664587
1636731586449,2021-11-12T10:39:46.449,14.59,-0.49521163724363076,-0.12158287701763637,2.389498033787075
1636731586459,2021-11-12T10:39:46.459,14.6,-0.48496202050916554,-0.31342635759798887,2.412807273311029
1636731586469,2021-11-12T10:39:46.469,14.61,-0.5022440478982662,-0.4497958486702797,2.466244416004616
1636731586479,2021-11-12T10:39:46.479,14.62,-0.4953928051510355,-0.5938615095131743,2.5802096728086434
1636731586489,2021-11-12T10:39:46.489,14.63,-0.5690758172553756,-0.795886493661949,2.763582944797119
1636731586499,2021-11-12T10:39:46.499,14.64,-0.7952999292471563,-0.9883395171602221,2.995987541560156
1636731586509,2021-11-12T10:39:46.509,14.65,-0.9926738714289829,-1.115119148043111,3.227593961780201
1636731586519,2021-11-12T10:39:46.519,14.66,-0.9327240591728987,-1.2422041619136575,3.3968177563255133
1636731586529,2021-11-12T10:39:46.529,14.67,-0.7112672651231691,-1.415062717707726,3.474954583153389
1636731586539,2021-11-12T10:39:46.539,14.68,-0.5944943256437307,-1.5272545312614527,3.4754621477373235
1636731586549,2021-11-12T10:39:46.549,14.69,-0.5779441652388334,-1.4794979747062393,3.41203187357456
1636731586559,2021-11-12T10:39:46.559,14.7,-0.4742368178503439,-1.36967670461265,3.2832185192932517
1636731586569,2021-11-12T10:39:46.569,14.71,-0.30774789096604593,-1.369849068530004,3.0991143854892846
1636731586579,2021-11-12T10:39:46.579,14.72,-0.25787530903978095,-1.4820876009675001,2.8931801507467014
1636731586589,2021-11-12T10:39:46.589,14.73,-0.35127528481078624,-1.5538372308396675,2.70526466614507
1636731586599,2021-11-12T10:39:46.599,14.74,-0.4604224914207028,-1.4934339687048825,2.560676002926503
1636731586609,2021-11-12T10:39:46.609,14.75,-0.4791450772410596,-1.356128443249463,2.461790756895077
1636731586619,2021-11-12T10:39:46.619,14.76,-0.38815955602923746,-1.2340099413499512,2.396994840720622
1636731586629,2021-11-12T10:39:46.629,14.77,-0.24821342782417277,-1.1484421474677382,2.3597877607071953
1636731586639,2021-11-12T10:39:46.639,14.78,-0.14919441343132195,-1.0603691659986234,2.354073956915074
1636731586649,2021-11-12T10:39:46.649,14.79,-0.1129044106778626,-0.9389278176495983,2.370863189247899
1636731586659,2021-11-12T10:39:46.659,14.8,-0.07660709170520452,-0.8018332410232654,2.3724372883003153
1636731586669,2021-11-12T10:39:46.669,14.81,0.01584268873098023,-0.6972153800453968,2.318859569283315
1636731586679,2021-11-12T10:39:46.679,14.82,0.15901509913000983,-0.6505085411015743,2.194998693051122
1636731586689,2021-11-12T10:39:46.689,14.83,0.31573407657676933,-0.6379445365974654,2.0067089312655906
1636731586699,2021-11-12T10:39:46.699,14.84,0.45204880771391265,-0.6236600884379575,1.7923911272877984
1636731586709,2021-11-12T10:39:46.709,14.85,0.5459008196029063,-0.6072544332869105,1.6360711638824244
1636731586719,2021-11-12T10:39:46.719,14.86,0.5967300474086881,-0.605909944582487,1.598062386377248
1636731586729,2021-11-12T10:39:46.729,14.87,0.6271814969217019,-0.6117249804222301,1.6291859428440465
1636731586739,2021-11-12T10:39:46.739,14.88,0.6482255094711153,-0.6125248140543472,1.626620796545596
1636731586749,2021-11-12T10:39:46.749,14.89,0.6330993893637384,-0.6208648129376223,1.5671846154427027
1636731586759,2021-11-12T10:39:46.759,14.9,0.5682975787139013,-0.6314837878943369,1.5184330383726414
1636731586769,2021-11-12T10:39:46.769,14.91,0.5167324307515642,-0.6063093386955094,1.5359936065543796
1636731586779,2021-11-12T10:39:46.779,14.92,0.5651494062907446,-0.550513929171212,1.5996766505511495
1636731586789,2021-11-12T10:39:46.789,14.93,0.7012578748950951,-0.5372651400377975,1.634214979773239
1636731586799,2021-11-12T10:39:46.799,14.94,0.8123199106606347,-0.6255942626612526,1.5757476825215608
1636731586809,2021-11-12T10:39:46.809,14.95,0.8286615217217297,-0.8135929846897505,1.4341484165220075
1636731586819,2021-11-12T10:39:46.819,14.96,0.7942774842187291,-1.075662621621622,1.2800875123718618
1636731586829,2021-11-12T10:39:46.829,14.97,0.7789175876244661,-1.3923361914067265,1.1554306682896147
1636731586839,2021-11-12T10:39:46.839,14.98,0.8178199404133517,-1.7464747448745315,1.0299300249995138
1636731586849,2021-11-12T10:39:46.849,14.99,0.9441868714278736,-2.1174686923324204,0.8785352222470844
1636731586859,2021-11-12T10:39:46.859,15.0,1.1679125612878394,-2.4784174803672783,0.7585388659604485
1636731586869,2021-11-12T10:39:46.869,15.01,1.4217754546146448,-2.7966896181651992,0.7435265910089873
1636731586879,2021-11-12T10:39:46.879,15.02,1.624709091962316,-3.0263013679279114,0.8102061530763021
1636731586889,2021-11-12T10:39:46.889,15.03,1.76917543278274,-3.105428224953698,0.8735400912776741
1636731586899,2021-11-12T10:39:46.899,15.04,1.852510034013743,-3.0154775846943447,0.8999363822265828
1636731586909,2021-11-12T10:39:46.909,15.05,1.7960887362435671,-2.830606102235814,0.895921352923456
1636731586919,2021-11-12T10:39:46.919,15.06,1.5770975159042493,-2.621949273357177,0.8520009252167372
1636731586929,2021-11-12T10:39:46.929,15.07,1.3508692989051823,-2.351949573821978,0.7996200110430575
1636731586939,2021-11-12T10:39:46.939,15.08,1.2438547545225782,-1.9760583666226652,0.8228420045424971
1636731586949,2021-11-12T10:39:46.949,15.09,1.1023781133433488,-1.586451254393047,0.9147173664452284
1636731586959,2021-11-12T10:39:46.959,15.1,0.6631295433744544,-1.3318905247696822,0.9538035041951508
1636731586969,2021-11-12T10:39:46.969,15.11,-0.04361514686100004,-1.244227882859482,0.9067127040624929
1636731586979,2021-11-12T10:39:46.979,15.12,-0.6051375517152439,-1.2241214389314323,0.9061857336824173
1636731586989,2021-11-12T10:39:46.989,15.13,-0.5979329746668134,-1.1611791781771559,1.059413056959793
1636731586999,2021-11-12T10:39:46.999,15.14,-0.04762351322839016,-1.0416290592984312,1.3051955389691037
1636731587009,2021-11-12T10:39:47.009,15.15,0.5520396966267725,-0.9552525006378729,1.508315638479224
1636731587019,2021-11-12T10:39:47.019,15.16,0.7369986881061789,-0.9795820288320475,1.6156495806593911
1636731587029,2021-11-12T10:39:47.029,15.17,0.48198556265556236,-1.073928853227823,1.688078469962372
1636731587039,2021-11-12T10:39:47.039,15.18,0.07142958498039925,-1.139003638531298,1.7970175977669651
1636731587049,2021-11-12T10:39:47.049,15.19,-0.22544187783152403,-1.1317804490407333,1.915880100121523
1636731587059,2021-11-12T10:39:47.059,15.2,-0.27834699569206717,-1.055299909461989,1.9588311661830695
1636731587069,2021-11-12T10:39:47.069,15.21,-0.1393394151437216,-0.9117674307445907,1.9043133723751837
1636731587079,2021-11-12T10:39:47.079,15.22,-0.04209159327761324,-0.7424063219785385,1.8030760355412419
1636731587089,2021-11-12T10:39:47.089,15.23,-0.16425300759816117,-0.6425257680541611,1.6961277328859545
1636731587099,2021-11-12T10:39:47.099,15.24,-0.3961827653297312,-0.6663331299712638,1.601187314358865
1636731587109,2021-11-12T10:39:47.109,15.25,-0.5150469907873607,-0.7609367284078581,1.5253467079626741
1636731587119,2021-11-12T10:39:47.119,15.26,-0.49305742189747187,-0.8372743125190282,1.4292409989603074
1636731587129,2021-11-12T10:39:47.129,15.27,-0.4453523375893485,-0.8706624081178255,1.2526407678271085
1636731587139,2021-11-12T10:39:47.139,15.28,-0.37685604533149286,-0.9037478739204603,1.0165432114437492
1636731587149,2021-11-12T10:39:47.149,15.29,-0.18087580889363664,-0.9814297067959907,0.8144947246603041
1636731587159,2021-11-12T10:39:47.159,15.3,0.1514621312403602,-1.1076251411368125,0.680976576454817
1636731587169,2021-11-12T10:39:47.169,15.31,0.48417669058133506,-1.2473588286138249,0.5698982203227008
1636731587179,2021-11-12T10:39:47.179,15.32,0.7097181374400094,-1.3548937152500211,0.5027069728750672
1636731587189,2021-11-12T10:39:47.189,15.33,0.855520864633599,-1.4133231377557829,0.6217466753583675
1636731587199,2021-11-12T10:39:47.199,15.34,0.9888157493121843,-1.445707301772964,0.9629682240654689
1636731587209,2021-11-12T10:39:47.209,15.35,1.096758358244175,-1.4633921486731294,1.2577310384860099
1636731587219,2021-11-12T10:39:47.219,15.36,1.1152173573853417,-1.4296242794935794,1.2138409986529985
1636731587229,2021-11-12T10:39:47.229,15.37,1.0455921623053157,-1.3142571575848625,0.9583681069647881
1636731587239,2021-11-12T10:39:47.239,15.38,0.9787950022196317,-1.1375491650698306,0.8543907900009179
1636731587249,2021-11-12T10:39:47.249,15.39,0.9894408114713029,-0.9389014431960951,0.9239631214147133
1636731587259,2021-11-12T10:39:47.259,15.4,1.0626287126939906,-0.7815154418686336,0.8796145880848446
1636731587269,2021-11-12T10:39:47.269,15.41,1.1422472275238125,-0.7612789178888346,0.6622321170411645
1636731587279,2021-11-12T10:39:47.279,15.42,1.1879606636691418,-0.8921363338672678,0.5056930888296012
1636731587289,2021-11-12T10:39:47.289,15.43,1.1808486235476456,-1.047039634621031,0.5257673542446317
1636731587299,2021-11-12T10:39:47.299,15.44,1.1467973757858068,-1.1265882044968263,0.610031216908832
1636731587309,2021-11-12T10:39:47.309,15.45,1.1645944887930901,-1.1725216241909158,0.6659695558477472
1636731587319,2021-11-12T10:39:47.319,15.46,1.279559982211519,-1.2321636098528634,0.7068360052975671
1636731587329,2021-11-12T10:39:47.329,15.47,1.4348954354968915,-1.2730248008794218,0.7254887589024146
1636731587339,2021-11-12T10:39:47.339,15.48,1.5537156696128922,-1.2890468570881541,0.6781030011049725
1636731587349,2021-11-12T10:39:47.349,15.49,1.6514381560473184,-1.3262238156546218,0.5809817032622414
1636731587359,2021-11-12T10:39:47.359,15.5,1.7922707945047174,-1.3764025650715546,0.5056708240785235
1636731587369,2021-11-12T10:39:47.369,15.51,1.9600818702872864,-1.3839418801036454,0.4994896692204369
1636731587379,2021-11-12T10:39:47.379,15.52,2.0644612109939278,-1.3546422447218711,0.5749364599541462
1636731587389,2021-11-12T10:39:47.389,15.53,2.0737333411244445,-1.3484272269024957,0.7235782926338812
1636731587399,2021-11-12T10:39:47.399,15.54,2.040082686824277,-1.376996759517621,0.8878233261344257
1636731587409,2021-11-12T10:39:47.409,15.55,1.9875359423358085,-1.395115583183661,0.9883390472353162
1636731587419,2021-11-12T10:39:47.419,15.56,1.8899861875135135,-1.391076579872907,1.0231035749701185
1636731587429,2021-11-12T10:39:47.429,15.57,1.7755178688635294,-1.4123539793765238,1.059236601745253
1636731587439,2021-11-12T10:39:47.439,15.58,1.7377672945700056,-1.4840650233367971,1.103039031050283
1636731587449,2021-11-12T10:39:47.449,15.59,1.796819513474245,-1.5767518449186633,1.082499226414099
1636731587459,2021-11-12T10:39:47.459,15.6,1.8303596277584315,-1.6863000302690454,0.9765654370208009
1636731587469,2021-11-12T10:39:47.469,15.61,1.7182923855323478,-1.862563961417644,0.8512039610998687
1636731587479,2021-11-12T10:39:47.479,15.62,1.5099705735892095,-2.120204197381543,0.7552882822985918
1636731587489,2021-11-12T10:39:47.489,15.63,1.3444833586070257,-2.3898682838658662,0.6793488532783911
1636731587499,2021-11-12T10:39:47.499,15.64,1.2305517243277322,-2.5890550708470936,0.6149467255107199
1636731587509,2021-11-12T10:39:47.509,15.65,1.0631461474846167,-2.7092324231834146,0.5681026601460233
1636731587519,2021-11-12T10:39:47.519,15.66,0.8703299193387282,-2.8123384939120015,0.5294287924581129
1636731587529,2021-11-12T10:39:47.529,15.67,0.8280351722800985,-2.934537900286945,0.49899425041418466
1636731587539,2021-11-12T10:39:47.539,15.68,0.9637232748314075,-3.0193188464443756,0.501316617553569
1636731587549,2021-11-12T10:39:47.549,15.69,1.0872259383105736,-2.9873926803634276,0.5255351435260951
1636731587559,2021-11-12T10:39:47.559,15.7,1.098921330172036,-2.8378473032347307,0.516082895252147
1636731587569,2021-11-12T10:39:47.569,15.71,1.1097782749748575,-2.628050798223293,0.46047906544306755
1636731587579,2021-11-12T10:39:47.579,15.72,1.191689309043563,-2.3996576695826324,0.40854649346341043
1636731587589,2021-11-12T10:39:47.589,15.73,1.268009486670718,-2.164047872928511,0.3639362447873922
1636731587599,2021-11-12T10:39:47.599,15.74,1.2925688561982107,-1.9116930234723972,0.22259420436808297
1636731587609,2021-11-12T10:39:47.609,15.75,1.3101651290787064,-1.626666035609126,-0.09910387745308068
1636731587619,2021-11-12T10:39:47.619,15.76,1.3183092798539526,-1.3340582453410539,-0.46745477746907976
1636731587629,2021-11-12T10:39:47.629,15.77,1.2596359708495715,-1.1077765004832874,-0.601787122060567
1636731587639,2021-11-12T10:39:47.639,15.78,1.1796521107797027,-0.996901336099796,-0.46701829731705224
1636731587649,2021-11-12T10:39:47.649,15.79,1.2171276829186357,-0.982497489353878,-0.3890268008424794
1636731587659,2021-11-12T10:39:47.659,15.8,1.370262050225548,-1.028126639913697,-0.5561730546439455
1636731587669,2021-11-12T10:39:47.669,15.81,1.444677828223112,-1.1371480366574525,-0.7045264898264454
1636731587679,2021-11-12T10:39:47.679,15.82,1.348476294582293,-1.3397441487961932,-0.5573983266225244
1636731587689,2021-11-12T10:39:47.689,15.83,1.2685667473618005,-1.6259392157282306,-0.2154922452738788
1636731587699,2021-11-12T10:39:47.699,15.84,1.3812687687157619,-1.8980434582377788,0.09866657634771374
1636731587709,2021-11-12T10:39:47.709,15.85,1.533665811115061,-2.022598615886791,0.31413168718813717
1636731587719,2021-11-12T10:39:47.719,15.86,1.4874583724879926,-1.9569298596355407,0.4014830220697413
1636731587729,2021-11-12T10:39:47.729,15.87,1.4037895683869663,-1.793144506748534,0.3193986289591503
1636731587739,2021-11-12T10:39:47.739,15.88,1.6639803266694302,-1.6453530284966242,0.15609182335466423
1636731587749,2021-11-12T10:39:47.749,15.89,2.1699467590103554,-1.534697711938444,0.08123329746463837
1636731587759,2021-11-12T10:39:47.759,15.9,2.341473987291721,-1.4260673175466447,0.14842080486366943
1636731587769,2021-11-12T10:39:47.769,15.91,1.9480102471299294,-1.3203912325302944,0.3732838826398141
1636731587779,2021-11-12T10:39:47.779,15.92,1.4610452827616496,-1.239261078873484,0.8976267525361649
1636731587789,2021-11-12T10:39:47.789,15.93,1.3936901635669274,-1.1652788678188122,1.7060401579441076
1636731587799,2021-11-12T10:39:47.799,15.94,1.6399760806309016,-1.0798861411254554,2.3318345043127655
1636731587809,2021-11-12T10:39:47.809,15.95,1.7065205881051364,-1.0257239979314092,2.3376873614211884
1636731587819,2021-11-12T10:39:47.819,15.96,1.41977164775977,-1.0626734864481455,1.9304243921060609
1636731587829,2021-11-12T10:39:47.829,15.97,1.0896137660944614,-1.197639414936115,1.6667066266599155
1636731587839,2021-11-12T10:39:47.839,15.98,0.9812504245576272,-1.3982601459655957,1.7558739617787618
1636731587849,2021-11-12T10:39:47.849,15.99,0.9835666970423727,-1.625716862880668,1.9066404005325257
1636731587859,2021-11-12T10:39:47.859,16.0,0.9335937022402547,-1.8371946819078442,1.7055404697133603
1636731587869,2021-11-12T10:39:47.869,16.01,0.9501914545961685,-2.0084278496583234,1.1031116146622253
1636731587879,2021-11-12T10:39:47.879,16.02,1.2081423495749506,-2.145643230417086,0.4870506557077572
1636731587889,2021-11-12T10:39:47.889,16.03,1.5725103393737576,-2.2373397224066602,0.18354895356035134
1636731587899,2021-11-12T10:39:47.899,16.04,1.7315598945226671,-2.2311784675411155,0.1427637096066944
1636731587909,2021-11-12T10:39:47.909,16.05,1.6216403913000799,-2.0860524306209642,0.2200118877548842
1636731587919,2021-11-12T10:39:47.919,16.06,1.4545244198024903,-1.8054958134221777,0.3652788449086548
1636731587929,2021-11-12T10:39:47.929,16.07,1.3410204861489792,-1.4101022318011263,0.41352481032085403
1636731587939,2021-11-12T10:39:47.939,16.08,1.1565913246501371,-0.9168680103590887,0.04562516709453703
1636731587949,2021-11-12T10:39:47.949,16.09,0.8500516319186641,-0.3502441534706656,-0.9258523826459544
1636731587959,2021-11-12T10:39:47.959,16.1,0.6572496326027385,0.25250392733372506,-2.455432566787783
1636731587969,2021-11-12T10:39:47.969,16.11,0.777019623455456,0.8422513107234071,-4.5192115804137565
1636731587979,2021-11-12T10:39:47.979,16.12,0.9684249654155668,1.346470042889439,-7.254916663863764
1636731587989,2021-11-12T10:39:47.989,16.13,0.8742056797169272,1.6739082041630966,-10.626669871629467
1636731587999,2021-11-12T10:39:47.999,16.14,0.6246142811421864,1.7420108107736434,-14.071723883443942
1636731588009,2021-11-12T10:39:48.009,16.15,0.5245560009269374,1.4859361889485996,-16.829110905616822
1636731588019,2021-11-12T10:39:48.019,16.16,0.3919741076783849,0.9022326662937521,-18.577336746735003
1636731588029,2021-11-12T10:39:48.029,16.17,0.02222321472897011,0.16315997413706154,-19.4066118366473
1636731588039,2021-11-12T10:39:48.039,16.18,-0.13771313918109457,-0.4156431725527156,-19.363457364104725
1636731588049,2021-11-12T10:39:48.049,16.19,0.2590242974582152,-0.6497735871360754,-18.513449067327592
1636731588059,2021-11-12T10:39:48.059,16.2,0.6514596673022126,-0.6208662644474267,-17.212497788060034
1636731588069,2021-11-12T10:39:48.069,16.21,0.42486682385790975,-0.4545240388033174,-15.784919010060552
1636731588079,2021-11-12T10:39:48.079,16.22,-0.18118291895902525,-0.13844243346551538,-14.137977803769079
1636731588089,2021-11-12T10:39:48.089,16.23,-0.7265634793722693,0.36012068405230824,-12.077759013980437
1636731588099,2021-11-12T10:39:48.099,16.24,-1.2791508659632327,0.9926574056073209,-9.7526041481371
1636731588109,2021-11-12T10:39:48.109,16.25,-1.924248331514427,1.7370208576230477,-7.509821339157235
1636731588119,2021-11-12T10:39:48.119,16.26,-2.347151207509878,2.650226609239371,-5.54284477677823
1636731588129,2021-11-12T10:39:48.129,16.27,-2.309875686167051,3.712363119610724,-3.8267518388378927
1636731588139,2021-11-12T10:39:48.139,16.28,-2.011489382653081,4.683589245636817,-2.24117793882358
1636731588149,2021-11-12T10:39:48.149,16.29,-1.832733943990344,5.226446218482932,-0.746204783494588
1636731588159,2021-11-12T10:39:48.159,16.3,-2.058186467062939,5.263708969397414,0.5016932302726481
1636731588169,2021-11-12T10:39:48.169,16.31,-2.748164571931681,5.102778797884465,1.3369684121138077
1636731588179,2021-11-12T10:39:48.179,16.32,-3.6961949930181857,4.867268754892008,1.842939016781513
1636731588189,2021-11-12T10:39:48.189,16.33,-4.685257736792619,3.9970667645618456,2.1732136294609066
1636731588199,2021-11-12T10:39:48.199,16.34,-5.6445455863847736,2.223120257419274,2.2259152316279716
1636731588209,2021-11-12T10:39:48.209,16.35,-6.275110628034604,0.8915360016428439,1.7678287841978955
1636731588219,2021-11-12T10:39:48.219,16.36,-6.043446388441837,1.5592987303854557,0.7052944182861216
1636731588229,2021-11-12T10:39:48.229,16.37,-5.045329320847639,3.172750477120316,-0.9766869483432778
1636731588239,2021-11-12T10:39:48.239,16.38,-4.221571602911784,3.1313024596305947,-3.25300009511712
1636731588249,2021-11-12T10:39:48.249,16.39,-4.168461135168057,1.3533652603399111,-5.831906026284323
1636731588259,2021-11-12T10:39:48.259,16.4,-4.413198825999668,0.38855689462882914,-8.17597713323896
1636731588269,2021-11-12T10:39:48.269,16.41,-4.322327682817622,1.461245744153843,-9.931312572139301
1636731588279,2021-11-12T10:39:48.279,16.42,-4.035233614724912,3.2654864298770385,-11.179833556049385
1636731588289,2021-11-12T10:39:48.289,16.43,-4.082622846687066,4.505683707805351,-12.20202100208926
1636731588299,2021-11-12T10:39:48.299,16.44,-4.6082290266907195,5.211171745301834,-13.078777955085979
1636731588309,2021-11-12T10:39:48.309,16.45,-5.34324782391049,5.661095215502116,-13.581570211619951
1636731588319,2021-11-12T10:39:48.319,16.46,-6.148984997306346,5.672140553575938,-13.498877325467273
1636731588329,2021-11-12T10:39:48.329,16.47,-7.25781414887515,5.073760209962847,-12.998599090748552
1636731588339,2021-11-12T10:39:48.339,16.48,-8.756573600277731,4.135235542158562,-12.47335476087185
1636731588349,2021-11-12T10:39:48.349,16.49,-10.074030813018695,3.3930890332596313,-12.085888719504563
1636731588359,2021-11-12T10:39:48.359,16.5,-10.57610532176212,3.262479716602335,-11.70767920583446
1636731588369,2021-11-12T10:39:48.369,16.51,-10.517176175673697,3.8341287438343024,-11.176450987989423
1636731588379,2021-11-12T10:39:48.379,16.52,-10.579705523747435,4.915790582186332,-10.263195565403374
1636731588389,2021-11-12T10:39:48.389,16.53,-10.655369278570705,6.085821599883074,-8.507397614419313
1636731588399,2021-11-12T10:39:48.399,16.54,-10.169230917317543,6.70681457689262,-5.590029849071428
1636731588409,2021-11-12T10:39:48.409,16.55,-9.472100633788541,6.254622172175665,-1.9725605747633272
1636731588419,2021-11-12T10:39:48.419,16.56,-9.61637909128951,4.92747203919369,1.25115965642328
1636731588429,2021-11-12T10:39:48.429,16.57,-10.68228210056766,3.714180657849796,3.366220810246457
1636731588439,2021-11-12T10:39:48.439,16.58,-11.497366336910176,3.574425428817909,4.692793899895934
1636731588449,2021-11-12T10:39:48.449,16.59,-11.142131891370187,4.64976875257775,6.147975014549278
1636731588459,2021-11-12T10:39:48.459,16.6,-9.825249693600552,6.333243855894528,8.378292187008292
1636731588469,2021-11-12T10:39:48.469,16.61,-8.297275930526741,7.796486737290968,11.320416540373351
1636731588479,2021-11-12T10:39:48.479,16.62,-7.253685370997239,8.3079287514638,14.244953640197544
1636731588489,2021-11-12T10:39:48.489,16.63,-7.298539178330107,7.436405927073809,16.119419038425306
1636731588499,2021-11-12T10:39:48.499,16.64,-8.656568658384979,5.3785250889920055,16.3170510029478
1636731588509,2021-11-12T10:39:48.509,16.65,-10.678371369852945,3.0594788395736483,15.295258949329034
1636731588519,2021-11-12T10:39:48.519,16.66,-12.098340189721622,1.6431381093223494,14.487139028477435
1636731588529,2021-11-12T10:39:48.529,16.67,-11.94681937858184,1.7833620132063748,15.27987331320241
1636731588539,2021-11-12T10:39:48.539,16.68,-10.097068187348896,3.2127998252536196,17.9067370296868
1636731588549,2021-11-12T10:39:48.549,16.69,-7.2927504680771245,4.867973620434888,21.1565042167481
1636731588559,2021-11-12T10:39:48.559,16.7,-5.059541173801334,5.462900594594121,23.07660580646564
1636731588569,2021-11-12T10:39:48.569,16.71,-5.068834136171864,4.302160529278403,22.179795950542918
1636731588579,2021-11-12T10:39:48.579,16.72,-7.621710381912341,1.8288752550438772,18.470469850917034
1636731588589,2021-11-12T10:39:48.589,16.73,-10.65978203745353,-0.6384560593375181,13.653984292642278
1636731588599,2021-11-12T10:39:48.599,16.74,-11.169714810251381,-1.9169919090300045,10.103974147971034
1636731588609,2021-11-12T10:39:48.609,16.75,-8.244689451195908,-1.8802827028966935,9.056976437903945
1636731588619,2021-11-12T10:39:48.619,16.76,-4.232544927768049,-1.370579841936741,9.70988605956704
1636731588629,2021-11-12T10:39:48.629,16.77,-2.023477181283744,-1.2042183921117195,10.336481436870105
1636731588639,2021-11-12T10:39:48.639,16.78,-1.8072376481088273,-1.4845597846482965,10.04045100405371
1636731588649,2021-11-12T10:39:48.649,16.79,-1.7379290118006117,-1.9388348010613434,9.00134890534118
1636731588659,2021-11-12T10:39:48.659,16.8,-1.0688271337452835,-2.474611612467209,7.527272068364864
1636731588669,2021-11-12T10:39:48.669,16.81,-0.7274225805909563,-3.0971811228404658,5.772010285910611
1636731588679,2021-11-12T10:39:48.679,16.82,-1.0919792053134583,-3.6207733652784535,4.220156915796675
1636731588689,2021-11-12T10:39:48.689,16.83,-1.2671425242226881,-3.7828095577804453,3.5896648115185243
1636731588699,2021-11-12T10:39:48.699,16.84,-0.7950630017452397,-3.478375267506744,4.098153794559327
1636731588709,2021-11-12T10:39:48.709,16.85,-0.3939752287705525,-2.8127022571926528,5.260553109050385
1636731588719,2021-11-12T10:39:48.719,16.86,-0.6024331722435678,-2.153724027289828,6.4007581420391
1636731588729,2021-11-12T10:39:48.729,16.87,-0.984548752551685,-2.032807288061703,7.030068035472437
1636731588739,2021-11-12T10:39:48.739,16.88,-1.0068132055651027,-2.597547810793574,6.88049726307825
1636731588749,2021-11-12T10:39:48.749,16.89,-0.6667988374516052,-3.2486167108096784,5.989834004886548
1636731588759,2021-11-12T10:39:48.759,16.9,-0.03868335365012243,-3.256123315752228,4.719225127122469
1636731588769,2021-11-12T10:39:48.769,16.91,0.9714245686009335,-2.7274720785812936,3.4468636712120873
1636731588779,2021-11-12T10:39:48.779,16.92,2.256371610556486,-2.5539639684273525,2.3086028703918227
1636731588789,2021-11-12T10:39:48.789,16.93,3.460457526287291,-3.19709965406669,1.295224125362724
1636731588799,2021-11-12T10:39:48.799,16.94,4.420053809669465,-3.883000020509507,0.38941454749900306
1636731588809,2021-11-12T10:39:48.809,16.95,5.314344982383357,-3.5540053334933983,-0.5144332156919417
1636731588819,2021-11-12T10:39:48.819,16.96,6.266464870906442,-2.379346853127048,-1.686764895329012
1636731588829,2021-11-12T10:39:48.829,16.97,7.026217826052147,-1.5413071311156135,-3.4158266062468154
1636731588839,2021-11-12T10:39:48.839,16.98,7.211662860252172,-1.681776441352259,-5.781641234561189
1636731588849,2021-11-12T10:39:48.849,16.99,6.760918415244588,-2.299476471352911,-8.594751417741415
1636731588859,2021-11-12T10:39:48.859,17.0,6.093557628003836,-2.5284910266453444,-11.455292421098319
1636731588869,2021-11-12T10:39:48.869,17.01,5.863335197451724,-1.9432016396439833,-13.802511965291863
1636731588879,2021-11-12T10:39:48.879,17.02,6.378795417000411,-0.7072515636912446,-15.103631024712456
1636731588889,2021-11-12T10:39:48.889,17.03,7.200150248169761,0.6728976128362921,-15.232144277521694
1636731588899,2021-11-12T10:39:48.899,17.04,7.5865931922830026,1.6898592343693388,-14.64223417544499
1636731588909,2021-11-12T10:39:48.909,17.05,7.376577368090723,2.1098235160377166,-14.098705518302118
1636731588919,2021-11-12T10:39:48.919,17.06,7.0953127714846875,2.0634422517871593,-14.270119235486149
1636731588929,2021-11-12T10:39:48.929,17.07,7.168857447218583,1.88715875905386,-15.477295201024953
1636731588939,2021-11-12T10:39:48.939,17.08,7.402802561000058,1.8189303253865923,-17.58140679419153
1636731588949,2021-11-12T10:39:48.949,17.09,7.376440775861084,1.886875401170293,-20.076549994409067
1636731588959,2021-11-12T10:39:48.959,17.1,7.0573791665374,2.1115685196242397,-22.398776794326658
1636731588969,2021-11-12T10:39:48.969,17.11,6.809277973605848,2.614825632474319,-24.059995521463023
1636731588979,2021-11-12T10:39:48.979,17.12,6.93649637825752,3.3792105042392646,-24.550756652317204
1636731588989,2021-11-12T10:39:48.989,17.13,7.404789730075011,4.104501953726963,-23.667694344879365
1636731588999,2021-11-12T10:39:48.999,17.14,8.007144152056913,4.542757727187014,-22.1714038317645
1636731589009,2021-11-12T10:39:49.009,17.15,8.56323525517302,4.827307431788481,-21.525619108464817
1636731589019,2021-11-12T10:39:49.019,17.16,8.69650788967493,5.212536820864474,-22.566609400966584
1636731589029,2021-11-12T10:39:49.029,17.17,7.861172310866705,5.63624270708468,-24.762019111531206
1636731589039,2021-11-12T10:39:49.039,17.18,6.285353801995768,5.837728448420872,-26.924813594944688
1636731589049,2021-11-12T10:39:49.049,17.19,5.325328510897524,5.796493498425144,-28.233059867390345
1636731589059,2021-11-12T10:39:49.059,17.2,5.895236340746078,5.7798655561939905,-28.455839919822797
1636731589069,2021-11-12T10:39:49.069,17.21,7.029204333781918,6.044580430792225,-27.638178467399356
1636731589079,2021-11-12T10:39:49.079,17.22,7.008344145622273,6.702874544249253,-25.818787959619808
1636731589089,2021-11-12T10:39:49.089,17.23,5.727937049618193,7.782550291808798,-22.986746415477423
1636731589099,2021-11-12T10:39:49.099,17.24,4.948332792113805,9.196178160402187,-19.339327612704324
1636731589109,2021-11-12T10:39:49.109,17.25,5.831532709384417,10.664514409275577,-15.512880062061068
1636731589119,2021-11-12T10:39:49.119,17.26,7.305587717536618,11.834571462298936,-12.202413061332795
1636731589129,2021-11-12T10:39:49.129,17.27,7.746629866269293,12.52742248890847,-9.44977987488352
1636731589139,2021-11-12T10:39:49.139,17.28,7.128666307508413,12.833360508327461,-6.643881989644037
1636731589149,2021-11-12T10:39:49.149,17.29,6.493573835635934,12.991723149290465,-3.3586053644309573
1636731589159,2021-11-12T10:39:49.159,17.3,6.3548427996826575,13.229759076817329,0.045412218019128314
1636731589169,2021-11-12T10:39:49.169,17.31,6.494508695277799,13.679454268197897,2.7466072107641866
1636731589179,2021-11-12T10:39:49.179,17.32,6.754202018397422,14.354962301785726,4.285513178625674
1636731589189,2021-11-12T10:39:49.189,17.33,7.419479036418538,15.14829014353823,5.037675983941128
1636731589199,2021-11-12T10:39:49.199,17.34,8.574222713819783,15.85157552246595,5.873532532898088
1636731589209,2021-11-12T10:39:49.209,17.35,9.32879081382343,16.24114838594954,7.390858971080391
1636731589219,2021-11-12T10:39:49.219,17.36,8.732676526141596,16.186725772244227,9.610754005061125
1636731589229,2021-11-12T10:39:49.229,17.37,7.4601283641953575,15.68472617465078,12.32383243418795
1636731589239,2021-11-12T10:39:49.239,17.38,7.0549478158357,14.80498297835824,15.34380616953993
1636731589249,2021-11-12T10:39:49.249,17.39,7.556071780610586,13.638112756648942,18.306239847471197
1636731589259,2021-11-12T10:39:49.259,17.4,7.652718501758242,12.262701829369561,20.557321478027205
1636731589269,2021-11-12T10:39:49.269,17.41,6.92320878006601,10.697582610580678,21.52669285613943
1636731589279,2021-11-12T10:39:49.279,17.42,6.174645716575383,8.89993625711502,21.190787817822308
1636731589289,2021-11-12T10:39:49.289,17.43,5.94114479543024,6.849911219285692,20.10132019712162
1636731589299,2021-11-12T10:39:49.299,17.44,5.990090915743579,4.584019556028712,18.991114930184764
1636731589309,2021-11-12T10:39:49.309,17.45,5.952782887692045,2.124847193466916,18.357465301137886
1636731589319,2021-11-12T10:39:49.319,17.46,5.683770742492987,-0.4926647010835369,18.312024471580727
1636731589329,2021-11-12T10:39:49.329,17.47,5.294127566525832,-3.0650108690632445,18.656138052087055
1636731589339,2021-11-12T10:39:49.339,17.48,5.064833824204828,-5.228302543062512,19.027961757272
1636731589349,2021-11-12T10:39:49.349,17.49,5.095787713998075,-6.715428449924248,19.113148593450713
1636731589359,2021-11-12T10:39:49.359,17.5,5.135055777094379,-7.545893494793955,18.872537908481064
1636731589369,2021-11-12T10:39:49.369,17.51,4.892278559984658,-7.951935310285126,18.520642937666153
1636731589379,2021-11-12T10:39:49.379,17.52,4.269549263007531,-8.205174469660903,18.21332729133426
1636731589389,2021-11-12T10:39:49.389,17.53,3.2825744289893883,-8.516138305151173,17.88038097488246
1636731589399,2021-11-12T10:39:49.399,17.54,2.082430850600426,-8.986571480697044,17.440659087479712
1636731589409,2021-11-12T10:39:49.409,17.55,0.9661081385480329,-9.595810765833912,17.023250955515593
1636731589419,2021-11-12T10:39:49.419,17.56,0.0654085948305187,-10.27040971305431,16.86033114436098
1636731589429,2021-11-12T10:39:49.429,17.57,-0.8078617575916597,-10.977552708098223,17.04626362584033
1636731589439,2021-11-12T10:39:49.439,17.58,-1.7939258476183868,-11.718778648398008,17.471433641331615
1636731589449,2021-11-12T10:39:49.449,17.59,-2.7417690350168713,-12.464869300508564,17.96637539170117
1636731589459,2021-11-12T10:39:49.459,17.6,-3.456287375447021,-13.151512047847465,18.494348847970816
1636731589469,2021-11-12T10:39:49.469,17.61,-3.723474796987257,-13.716424295738172,19.16416082998813
1636731589479,2021-11-12T10:39:49.479,17.62,-3.089437846188522,-14.11533693652645,19.976816764012
1636731589489,2021-11-12T10:39:49.489,17.63,-1.5247025122269684,-14.324357250155156,20.580006288021345
1636731589499,2021-11-12T10:39:49.499,17.64,-0.3219077110136255,-14.323651321768388,20.402834065323713
1636731589509,2021-11-12T10:39:49.509,17.65,-0.8237653538586612,-14.079785883875582,19.10856781977877
1636731589519,2021-11-12T10:39:49.519,17.66,-2.161426352749083,-13.594996933382095,16.861069963675877
1636731589529,2021-11-12T10:39:49.529,17.67,-2.348146456676376,-12.986342909517516,14.122242374132613
1636731589539,2021-11-12T10:39:49.539,17.68,-1.6354329269584418,-12.473213925693582,11.403957889103413
1636731589549,2021-11-12T10:39:49.549,17.69,-2.1289179203271518,-12.246827741930447,9.430326152749718
1636731589559,2021-11-12T10:39:49.559,17.7,-4.09819876343398,-12.312576465159532,9.165283339777744
1636731589569,2021-11-12T10:39:49.569,17.71,-5.484585785590567,-12.458481943469206,10.978583673285511
1636731589579,2021-11-12T10:39:49.579,17.72,-5.106865572130872,-12.431137807631025,13.826266181063527
1636731589589,2021-11-12T10:39:49.589,17.73,-3.964121184976812,-12.144109129262574,15.931581422808268
1636731589599,2021-11-12T10:39:49.599,17.74,-3.2940687736678314,-11.656258735691216,16.351628295610656
1636731589609,2021-11-12T10:39:49.609,17.75,-3.118122375605145,-10.989138403269175,15.412611201783832
1636731589619,2021-11-12T10:39:49.619,17.76,-2.9908665371901124,-10.128691936281944,13.782393026439996
1636731589629,2021-11-12T10:39:49.629,17.77,-3.0890135907058474,-9.229078331240522,11.841395461643767
1636731589639,2021-11-12T10:39:49.639,17.78,-3.840895941444818,-8.579919341511879,10.097880645939977
1636731589649,2021-11-12T10:39:49.649,17.79,-4.745412105876684,-8.256221217754984,9.507300779822721
1636731589659,2021-11-12T10:39:49.659,17.8,-4.537470643758099,-8.027648230510803,10.678406820658035
1636731589669,2021-11-12T10:39:49.669,17.81,-2.9138568911207585,-7.712239098274204,12.867309496585866
1636731589679,2021-11-12T10:39:49.679,17.82,-1.117272567615852,-7.362406056546362,14.379101289931512
1636731589689,2021-11-12T10:39:49.689,17.83,-0.2779758340759031,-7.037413016159352,14.098209128019253
1636731589699,2021-11-12T10:39:49.699,17.84,-0.23834018221902564,-6.6791199467181235,12.217431746432151
1636731589709,2021-11-12T10:39:49.709,17.85,-0.4693149699450558,-6.2858123871931575,9.519604263700057
1636731589719,2021-11-12T10:39:49.719,17.86,-0.9445814092772273,-5.974517502407264,6.543688541383263
1636731589729,2021-11-12T10:39:49.729,17.87,-1.650138785256354,-5.814824819415463,3.5949192177040326
1636731589739,2021-11-12T10:39:49.739,17.88,-2.261261373404669,-5.765682209472814,1.121634471609764
1636731589749,2021-11-12T10:39:49.749,17.89,-2.5530582908176207,-5.787744545762696,-0.20276898087858491
1636731589759,2021-11-12T10:39:49.759,17.9,-2.3600719266211114,-5.874120346174328,0.18290989909165956
1636731589769,2021-11-12T10:39:49.769,17.91,-1.3535315363805167,-5.964953271090947,2.1462539957620166
1636731589779,2021-11-12T10:39:49.779,17.92,0.31881379266722176,-5.938703356723362,4.593125679942793
1636731589789,2021-11-12T10:39:49.789,17.93,1.6243602339535723,-5.686648858903117,6.100393504214884
1636731589799,2021-11-12T10:39:49.799,17.94,1.7233122656995707,-5.158143143847999,5.981242094935743
1636731589809,2021-11-12T10:39:49.809,17.95,0.9705739525953763,-4.390775052060054,4.549012791845406
1636731589819,2021-11-12T10:39:49.819,17.96,0.19170445630129615,-3.5137876496638265,2.4089796525920097
1636731589829,2021-11-12T10:39:49.829,17.97,-0.41343361131068646,-2.650328401474722,-0.08618210753557709
1636731589839,2021-11-12T10:39:49.839,17.98,-1.0804199041778402,-1.8316206448813108,-2.668695769313043
1636731589849,2021-11-12T10:39:49.849,17.99,-1.8301887320764343,-1.0706002054914696,-4.94206851980399
1636731589859,2021-11-12T10:39:49.859,18.0,-2.513266808106758,-0.4423274355932198,-6.5495954098891085
1636731589869,2021-11-12T10:39:49.869,18.01,-3.0697318253557553,0.003842079040691615,-7.346622571443189
1636731589879,2021-11-12T10:39:49.879,18.02,-3.4697725357375724,0.32027958661794315,-7.356997975451277
1636731589889,2021-11-12T10:39:49.889,18.03,-3.678026266183994,0.5490911388441925,-6.743178889510308
1636731589899,2021-11-12T10:39:49.899,18.04,-3.732329642238871,0.6355622717391587,-5.840218619459439
1636731589909,2021-11-12T10:39:49.909,18.05,-3.6842689948304512,0.5429595879696467,-5.068508739529813
1636731589919,2021-11-12T10:39:49.919,18.06,-3.54605173031287,0.33574334758992525,-4.731686077890243
1636731589929,2021-11-12T10:39:49.929,18.07,-3.3787160672236514,0.0654815122701183,-4.882572035520561
1636731589939,2021-11-12T10:39:49.939,18.08,-3.2742618660821927,-0.31093650905276915,-5.35557916766411
1636731589949,2021-11-12T10:39:49.949,18.09,-3.199340295122451,-0.8285565228123823,-5.929681390328433
1636731589959,2021-11-12T10:39:49.959,18.1,-3.0245141540674605,-1.421199147520454,-6.499960458074782
1636731589969,2021-11-12T10:39:49.969,18.11,-2.760016556917674,-1.9887088819541199,-7.112297228077873
1636731589979,2021-11-12T10:39:49.979,18.12,-2.5656544994774575,-2.499305080325723,-7.817726511541618
1636731589989,2021-11-12T10:39:49.989,18.13,-2.4238659096828146,-2.9680367594298334,-8.521123334377728
1636731589999,2021-11-12T10:39:49.999,18.14,-2.0456622958045543,-3.3583812878398973,-9.076221654676253
1636731590009,2021-11-12T10:39:50.009,18.15,-1.2894029743403923,-3.578302811551706,-9.52890474848553
1636731590019,2021-11-12T10:39:50.019,18.16,-0.44673110954360173,-3.59462605469923,-10.09413283376773
1636731590029,2021-11-12T10:39:50.029,18.17,0.08053116065233956,-3.4803336651772367,-10.846947695260226
1636731590039,2021-11-12T10:39:50.039,18.18,0.17563760437369313,-3.3070249985066766,-11.608705950957383
1636731590049,2021-11-12T10:39:50.049,18.19,-0.05546635189104094,-3.075017339283544,-12.184215269793468
1636731590059,2021-11-12T10:39:50.059,18.2,-0.4699595920331727,-2.8002200052508206,-12.543889578596781
1636731590069,2021-11-12T10:39:50.069,18.21,-0.8479919512911099,-2.5488956156885236,-12.718793455135202
1636731590079,2021-11-12T10:39:50.079,18.22,-0.9190267431157318,-2.3240055976592937,-12.676474788062535
1636731590089,2021-11-12T10:39:50.089,18.23,-0.6173995466879555,-2.0639254787857744,-12.390765954741578
1636731590099,2021-11-12T10:39:50.099,18.24,-0.1698100655338217,-1.8028641024458691,-11.908645080033782
1636731590109,2021-11-12T10:39:50.109,18.25,0.18124302011091198,-1.6619155321586128,-11.252876140838643
1636731590119,2021-11-12T10:39:50.119,18.26,0.43280338566206744,-1.6382023380110653,-10.390527787020423
1636731590129,2021-11-12T10:39:50.129,18.27,0.7223384124480074,-1.5609355010718784,-9.41608807640046
1636731590139,2021-11-12T10:39:50.139,18.28,1.072518866149029,-1.3040095195806567,-8.626679029375381
1636731590149,2021-11-12T10:39:50.149,18.29,1.3529736044555607,-0.9384027914235784,-8.261558709622111
1636731590159,2021-11-12T10:39:50.159,18.3,1.455180038975847,-0.6179015486276964,-8.258847683632698
1636731590169,2021-11-12T10:39:50.169,18.31,1.3823726090813568,-0.36552772277390544,-8.389214576155442
1636731590179,2021-11-12T10:39:50.179,18.32,1.1639670604241632,-0.07418061958057587,-8.539127514917599
1636731590189,2021-11-12T10:39:50.189,18.33,0.7955508337890339,0.2780987958310882,-8.732159634770033
1636731590199,2021-11-12T10:39:50.199,18.34,0.3119987492645243,0.5705759345722586,-8.930069508704857
1636731590209,2021-11-12T10:39:50.209,18.35,-0.17086407333367562,0.7469432283815851,-8.987084568160128
1636731590219,2021-11-12T10:39:50.219,18.36,-0.57541333991373,0.8960570807288837,-8.838991905605823
1636731590229,2021-11-12T10:39:50.229,18.37,-0.955806412300739,1.069439854367381,-8.592119017631417
1636731590239,2021-11-12T10:39:50.239,18.38,-1.372618814152666,1.2114730091174968,-8.369393696098218
1636731590249,2021-11-12T10:39:50.249,18.39,-1.7536246459132747,1.3027236285391777,-8.197803587402461
1636731590259,2021-11-12T10:39:50.259,18.4,-2.000058944813553,1.3850460874277872,-8.05935901666994
1636731590269,2021-11-12T10:39:50.269,18.41,-2.1446599882173967,1.4536858377082904,-7.902331522610142
1636731590279,2021-11-12T10:39:50.279,18.42,-2.273651848819007,1.4818298199110282,-7.624478991489969
1636731590289,2021-11-12T10:39:50.289,18.43,-2.374830410096462,1.4936667018834249,-7.1884528141792225
1636731590299,2021-11-12T10:39:50.299,18.44,-2.394213213462131,1.5082132245981024,-6.699828207285577
1636731590309,2021-11-12T10:39:50.309,18.45,-2.3767372294552453,1.5162171666800295,-6.274657507352437
1636731590319,2021-11-12T10:39:50.319,18.46,-2.4013015778499054,1.5614504210764144,-5.921342378958334
1636731590329,2021-11-12T10:39:50.329,18.47,-2.3927438371342817,1.7054761321897023,-5.605001608446366
1636731590339,2021-11-12T10:39:50.339,18.48,-2.1918805718714736,1.9015845346143663,-5.343659794909297
1636731590349,2021-11-12T10:39:50.349,18.49,-1.8868758474124376,2.0498145033296575,-5.226579185541385
1636731590359,2021-11-12T10:39:50.359,18.5,-1.8339376837131431,2.147045980771591,-5.338847234194867
1636731590369,2021-11-12T10:39:50.369,18.51,-2.1495342771230614,2.2308530957069936,-5.607439867837124
1636731590379,2021-11-12T10:39:50.379,18.52,-2.397210277471259,2.2498743667780956,-5.7836089551412
1636731590389,2021-11-12T10:39:50.389,18.53,-2.053702024141278,2.1665334189241943,-5.684530490556807
1636731590399,2021-11-12T10:39:50.399,18.54,-1.156152450183733,2.097206187657042,-5.380670470299263
1636731590409,2021-11-12T10:39:50.409,18.55,-0.21745414478532138,2.165951352911102,-5.0595475669332055
1636731590419,2021-11-12T10:39:50.419,18.56,0.41044866969292815,2.2963899296152395,-4.788725146869499
1636731590429,2021-11-12T10:39:50.429,18.57,0.7731552111759039,2.311393444920658,-4.509479890857092
1636731590439,2021-11-12T10:39:50.439,18.58,0.9538590661214938,2.1907923281455504,-4.21797700850114
1636731590449,2021-11-12T10:39:50.449,18.59,0.8891434052060466,2.093442750342272,-4.017448938631297
1636731590459,2021-11-12T10:39:50.459,18.6,0.6395270419937418,2.132767791581709,-3.9512158497730248
1636731590469,2021-11-12T10:39:50.469,18.61,0.45826429824535986,2.2505400110142504,-3.9173752635167123
1636731590479,2021-11-12T10:39:50.479,18.62,0.4451607034456871,2.3408450739961593,-3.8208204120363423
1636731590489,2021-11-12T10:39:50.489,18.63,0.4301927290387306,2.3874909715645503,-3.6814374747305556
1636731590499,2021-11-12T10:39:50.499,18.64,0.2803201331345378,2.4209295889514193,-3.5402582878992592
1636731590509,2021-11-12T10:39:50.509,18.65,0.060281766824001715,2.426458317990469,-3.3924916412754516
1636731590519,2021-11-12T10:39:50.519,18.66,-0.131589569366402,2.3626005133928993,-3.238712953951326
1636731590529,2021-11-12T10:39:50.529,18.67,-0.261222499919933,2.2248355288231916,-3.0781930643974995
1636731590539,2021-11-12T10:39:50.539,18.68,-0.3108727897739965,2.038912767156657,-2.857362940084229
1636731590549,2021-11-12T10:39:50.549,18.69,-0.30703168851923324,1.8075564363201304,-2.539704385535929
1636731590559,2021-11-12T10:39:50.559,18.7,-0.3416871667587553,1.5112720082889401,-2.1971664758246776
1636731590569,2021-11-12T10:39:50.569,18.71,-0.43691634695763104,1.1724555158548509,-1.9211367471802139
1636731590579,2021-11-12T10:39:50.579,18.72,-0.47659910113320053,0.8697541925754753,-1.6832876177214011
1636731590589,2021-11-12T10:39:50.589,18.73,-0.3795911892472057,0.6580299878787501,-1.38579594754437
1636731590599,2021-11-12T10:39:50.599,18.74,-0.23743177983779729,0.520135013239877,-1.001291256620125
1636731590609,2021-11-12T10:39:50.609,18.75,-0.19123638345798483,0.4263185061663426,-0.5834559822868652
1636731590619,2021-11-12T10:39:50.619,18.76,-0.259554085839231,0.38787400132835237,-0.19660098740883764
1636731590629,2021-11-12T10:39:50.629,18.77,-0.3372493016256226,0.4295325816594452,0.10709498329070308
1636731590639,2021-11-12T10:39:50.639,18.78,-0.31673081804479164,0.5661558448797076,0.28969107181697135
1636731590649,2021-11-12T10:39:50.649,18.79,-0.21081703472133986,0.8141490451601403,0.3423260461017305
1636731590659,2021-11-12T10:39:50.659,18.8,-0.14079223762903603,1.1631822927282514,0.28193892812624416
1636731590669,2021-11-12T10:39:50.669,18.81,-0.15678184448916704,1.5447358811673975,0.1324890566496023
1636731590679,2021-11-12T10:39:50.679,18.82,-0.15393362679891853,1.8860021851516815,-0.093562816155451
1636731590689,2021-11-12T10:39:50.689,18.83,-0.054762015214101366,2.1712779695922846,-0.40053295927114674
1636731590699,2021-11-12T10:39:50.699,18.84,0.04713574580058507,2.4121764355879067,-0.7708153263839022
1636731590709,2021-11-12T10:39:50.709,18.85,0.036595788486558554,2.6005078284058776,-1.1168190044742168
1636731590719,2021-11-12T10:39:50.719,18.86,-0.053069800797085995,2.72782215088899,-1.313509746501151
1636731590729,2021-11-12T10:39:50.729,18.87,-0.1205528398398144,2.807607595011878,-1.3036744851484747
1636731590739,2021-11-12T10:39:50.739,18.88,-0.1369799159016742,2.8267764196344407,-1.1624033083113146
1636731590749,2021-11-12T10:39:50.749,18.89,-0.13859391068726026,2.72443573541089,-1.0384855793263812
1636731590759,2021-11-12T10:39:50.759,18.9,-0.17043665679432424,2.499953220294938,-1.0195698704788017
1636731590769,2021-11-12T10:39:50.769,18.91,-0.2647852101035845,2.273435020967183,-1.07202966294983
1636731590779,2021-11-12T10:39:50.779,18.92,-0.4043529331473076,2.137465680223082,-1.1162833752179622
1636731590789,2021-11-12T10:39:50.789,18.93,-0.5104473049819815,2.0443346927419066,-1.1134825496972431
1636731590799,2021-11-12T10:39:50.799,18.94,-0.5250320120409983,1.9270705987414747,-1.0663189056259355
1636731590809,2021-11-12T10:39:50.809,18.95,-0.48520667730143147,1.805863355493545,-0.97980028144046
1636731590819,2021-11-12T10:39:50.819,18.96,-0.4688472673644065,1.7129883336263279,-0.8322911015171106
1636731590829,2021-11-12T10:39:50.829,18.97,-0.4982298676307265,1.6409684395243942,-0.5809772599656582
1636731590839,2021-11-12T10:39:50.839,18.98,-0.5459399705648573,1.5945314401540749,-0.22311867868594604
1636731590849,2021-11-12T10:39:50.849,18.99,-0.5994708193662429,1.587182532400901,0.16141826929691436
1636731590859,2021-11-12T10:39:50.859,19.0,-0.6674952548796849,1.591024428817819,0.4704825015633678
1636731590869,2021-11-12T10:39:50.869,19.01,-0.7463576471828035,1.5708233680295627,0.6535024500621771
1636731590879,2021-11-12T10:39:50.879,19.02,-0.8168185597478843,1.5381274703176127,0.7005964070374703
1636731590889,2021-11-12T10:39:50.889,19.03,-0.8604512211283653,1.5113762848923373,0.6284365078403981
1636731590899,2021-11-12T10:39:50.899,19.04,-0.8581612153807248,1.4624512372369587,0.5057491398741402
1636731590909,2021-11-12T10:39:50.909,19.05,-0.7812727168016353,1.3557930175201771,0.41300041929550957
1636731590919,2021-11-12T10:39:50.919,19.06,-0.6183297179471465,1.2162839491906667,0.35740423509192376
1636731590929,2021-11-12T10:39:50.929,19.07,-0.4115560655547995,1.1133714615086985,0.30458418091555745
1636731590939,2021-11-12T10:39:50.939,19.08,-0.21342035954822397,1.0791959374167945,0.28590818417229746
1636731590949,2021-11-12T10:39:50.949,19.09,-0.026625435059056853,1.0872824914724721,0.3684152191965759
1636731590959,2021-11-12T10:39:50.959,19.1,0.14009070707827903,1.1336640854445934,0.5167607264510798
1636731590969,2021-11-12T10:39:50.969,19.11,0.2396738942311037,1.2794717921134144,0.6058759998651649
1636731590979,2021-11-12T10:39:50.979,19.12,0.3116767779242275,1.555280992813106,0.5913466848933032
1636731590989,2021-11-12T10:39:50.989,19.13,0.48485792188013643,1.8725844769014959,0.5598603578973128
1636731590999,2021-11-12T10:39:50.999,19.14,0.7145213838224042,2.1020182776628773,0.5975514935723832
1636731591009,2021-11-12T10:39:51.009,19.15,0.7155781419088258,2.213802741723901,0.7047021441708752
1636731591019,2021-11-12T10:39:51.019,19.16,0.3659189711409188,2.27560979391934,0.8582815381584215
1636731591029,2021-11-12T10:39:51.029,19.17,0.01611592272903263,2.3258764566452745,1.1001068651875343
1636731591039,2021-11-12T10:39:51.039,19.18,0.14366803044593862,2.3303958714265063,1.532543349280528
1636731591049,2021-11-12T10:39:51.049,19.19,0.7730665061445969,2.269326454383661,2.1992630359137166
1636731591059,2021-11-12T10:39:51.059,19.2,1.465382252647723,2.1697647620184504,2.951833175147349
1636731591069,2021-11-12T10:39:51.069,19.21,1.8340177302973841,2.0402193611147985,3.5031485640193387
1636731591079,2021-11-12T10:39:51.079,19.22,1.860776953714809,1.8741894534656907,3.684997895515477
1636731591089,2021-11-12T10:39:51.089,19.23,1.7310466161637836,1.7160356610114593,3.5931403493028684
1636731591099,2021-11-12T10:39:51.099,19.24,1.56545754535933,1.6267617039646871,3.4196192890205173
1636731591109,2021-11-12T10:39:51.109,19.25,1.3811555296781566,1.5983913034779218,3.248446869639147
1636731591119,2021-11-12T10:39:51.119,19.26,1.1951846348897208,1.5759458596365543,3.0950012270950924
1636731591129,2021-11-12T10:39:51.129,19.27,1.0336078248861202,1.5406583722001623,3.0201316932475444
1636731591139,2021-11-12T10:39:51.139,19.28,0.853424682593461,1.5101063056417092,3.093632472198487
1636731591149,2021-11-12T10:39:51.149,19.29,0.570412763454321,1.4709824515103027,3.3087971785484904
1636731591159,2021-11-12T10:39:51.159,19.3,0.18350839596614635,1.3709713271596735,3.5990027128415374
1636731591169,2021-11-12T10:39:51.169,19.31,-0.20895900925330557,1.18526621733399,3.90957151140793
1636731591179,2021-11-12T10:39:51.179,19.32,-0.5205642473746294,0.9500725024901002,4.226330654455837
1636731591189,2021-11-12T10:39:51.189,19.33,-0.7308900090254944,0.7213031608773574,4.547520541762871
1636731591199,2021-11-12T10:39:51.199,19.34,-0.83293844483537,0.5154394886358544,4.8521084393330245
1636731591209,2021-11-12T10:39:51.209,19.35,-0.8223080941938571,0.28856579475214394,5.116855771653776
1636731591219,2021-11-12T10:39:51.219,19.36,-0.7714401476340917,-0.00613603471093082,5.362079052852852
1636731591229,2021-11-12T10:39:51.229,19.37,-0.8148082599335754,-0.32729142089470803,5.638460870147693
1636731591239,2021-11-12T10:39:51.239,19.38,-0.9787705127295625,-0.5704011345347096,5.933056648741131
1636731591249,2021-11-12T10:39:51.249,19.39,-1.0992007218767963,-0.7094245203390886,6.125571499849881
1636731591259,2021-11-12T10:39:51.259,19.4,-1.0175741116582129,-0.8360975269468874,6.101067226687649
1636731591269,2021-11-12T10:39:51.269,19.41,-0.8179461867466105,-1.0184277074888233,5.8881489046975215
1636731591279,2021-11-12T10:39:51.279,19.42,-0.7371096503617973,-1.1937351461993029,5.623075584671904
1636731591289,2021-11-12T10:39:51.289,19.43,-0.842502869586941,-1.2631648778223408,5.394881894944303
1636731591299,2021-11-12T10:39:51.299,19.44,-0.9467178478982596,-1.237868421517415,5.196837633784161
1636731591309,2021-11-12T10:39:51.309,19.45,-0.8776758315665063,-1.2067710225129507,5.012919617701868
1636731591319,2021-11-12T10:39:51.319,19.46,-0.7006690593750089,-1.1946511421976114,4.857891005253383
1636731591329,2021-11-12T10:39:51.329,19.47,-0.6138115813549843,-1.1603452692360376,4.725576365794266
1636731591339,2021-11-12T10:39:51.339,19.48,-0.6888328997049475,-1.1093510168295062,4.588162528882945
1636731591349,2021-11-12T10:39:51.349,19.49,-0.7617467882662555,-1.078542912560057,4.461375920849433
1636731591359,2021-11-12T10:39:51.359,19.5,-0.6298268107535796,-1.0340976459333122,4.390026917419968
1636731591369,2021-11-12T10:39:51.369,19.51,-0.36199671283483736,-0.9216201346138391,4.365456352515735
1636731591379,2021-11-12T10:39:51.379,19.52,-0.2512841762697674,-0.781112666676389,4.340053635705958
1636731591389,2021-11-12T10:39:51.389,19.53,-0.3882740400977006,-0.6788379346844139,4.3151672885909065
1636731591399,2021-11-12T10:39:51.399,19.54,-0.5093533069435082,-0.585449634422524,4.317989989164764
1636731591409,2021-11-12T10:39:51.409,19.55,-0.39251583392680095,-0.4552560631342606,4.299067576271135
1636731591419,2021-11-12T10:39:51.419,19.56,-0.16713130882183042,-0.34921347714328743,4.1687070024935675
1636731591429,2021-11-12T10:39:51.429,19.57,-0.07758871748126761,-0.34638741195711426,3.948807227196407
1636731591439,2021-11-12T10:39:51.439,19.58,-0.15093402946296613,-0.4094356202314409,3.7659319442697234
1636731591449,2021-11-12T10:39:51.449,19.59,-0.25744425465660487,-0.45394829750940646,3.6634729007896913
1636731591459,2021-11-12T10:39:51.459,19.6,-0.3256300771031797,-0.4802649572085443,3.557757629201678
1636731591469,2021-11-12T10:39:51.469,19.61,-0.3566350761490008,-0.5434119886633393,3.4286515295522726
1636731591479,2021-11-12T10:39:51.479,19.62,-0.36374773954450407,-0.6554799510991867,3.3976428873085727
1636731591489,2021-11-12T10:39:51.489,19.63,-0.39571762083306394,-0.7898756412833906,3.541778449025122
1636731591499,2021-11-12T10:39:51.499,19.64,-0.5076105234383892,-0.9285610407623187,3.769297542353721
1636731591509,2021-11-12T10:39:51.509,19.65,-0.6597936514901354,-1.0418787585463873,3.938386594550569
1636731591519,2021-11-12T10:39:51.519,19.66,-0.7509381968302913,-1.0605955258555593,3.976383512284423
1636731591529,2021-11-12T10:39:51.529,19.67,-0.7690519401102365,-0.939553240057793,3.8651394691464134
1636731591539,2021-11-12T10:39:51.539,19.68,-0.7927050176501083,-0.7353437170005512,3.63391986990694
1636731591549,2021-11-12T10:39:51.549,19.69,-0.8234049939468435,-0.5438030310110514,3.365160041557682
1636731591559,2021-11-12T10:39:51.559,19.7,-0.7596372199394716,-0.3685060037293673,3.107591514082425
1636731591569,2021-11-12T10:39:51.569,19.71,-0.5831804330086185,-0.1414871408960497,2.8191957031332087
1636731591579,2021-11-12T10:39:51.579,19.72,-0.39824551179724854,0.13729453058999394,2.4802440538733928
1636731591589,2021-11-12T10:39:51.589,19.73,-0.22498570487611597,0.3798001856373311,2.18581224886591
1636731591599,2021-11-12T10:39:51.599,19.74,0.015037557092415568,0.5199774445167957,2.0128854183968174
1636731591609,2021-11-12T10:39:51.609,19.75,0.26076761152661443,0.567566304165124,1.8756816726602357
1636731591619,2021-11-12T10:39:51.619,19.76,0.3907638576038337,0.5733033953318702,1.6554596009362466
1636731591629,2021-11-12T10:39:51.629,19.77,0.5530669490300821,0.5934059192224047,1.3985063011970613
1636731591639,2021-11-12T10:39:51.639,19.78,0.9511148355046468,0.6607253834562965,1.2249126667028705
1636731591649,2021-11-12T10:39:51.649,19.79,1.3077127767937775,0.7633509447873588,1.1249101006185596
1636731591659,2021-11-12T10:39:51.659,19.8,1.1427750420504315,0.8711168935492584,1.0181518213463432
1636731591669,2021-11-12T10:39:51.669,19.81,0.6210485695723368,0.9789227748895211,0.9390499822258229
1636731591679,2021-11-12T10:39:51.679,19.82,0.4360719978449795,1.1124769532666212,1.0144141885674736
1636731591689,2021-11-12T10:39:51.689,19.83,0.7413737863618495,1.3012431677969778,1.3024540817764139
1636731591699,2021-11-12T10:39:51.699,19.84,0.9684398679139329,1.5320880566748776,1.734194289807467
1636731591709,2021-11-12T10:39:51.709,19.85,0.8904844259937128,1.731491701709026,2.1918879826355644
1636731591719,2021-11-12T10:39:51.719,19.86,0.972539767300105,1.8345042507137297,2.6140505641383993
1636731591729,2021-11-12T10:39:51.729,19.87,1.3877735435789407,1.8525251882667624,3.0039235007695604
1636731591739,2021-11-12T10:39:51.739,19.88,1.6151420284585476,1.8268640463186452,3.3368249750785672
1636731591749,2021-11-12T10:39:51.749,19.89,1.3242823826247356,1.7643591797781697,3.525804668540133
1636731591759,2021-11-12T10:39:51.759,19.9,0.8573764716526721,1.6683402071332347,3.514710248393811
1636731591769,2021-11-12T10:39:51.769,19.91,0.6111819659289492,1.5679116999671079,3.3473036539365664
1636731591779,2021-11-12T10:39:51.779,19.92,0.5681319243470633,1.4673223209040436,3.1054957481033556
1636731591789,2021-11-12T10:39:51.789,19.93,0.5583523913805171,1.321177277784705,2.824855100073924
1636731591799,2021-11-12T10:39:51.799,19.94,0.5170251297750302,1.0905752836751297,2.5155320292272556
1636731591809,2021-11-12T10:39:51.809,19.95,0.4124172117830432,0.7876967800776051,2.227075263228048
1636731591819,2021-11-12T10:39:51.819,19.96,0.23741342184959796,0.46262055391688583,2.021921172849995
1636731591829,2021-11-12T10:39:51.829,19.97,0.10169279917112488,0.1699198227369465,1.917002126787802
1636731591839,2021-11-12T10:39:51.839,19.98,0.13327787036255878,-0.06608832723328391,1.943728472676408
1636731591849,2021-11-12T10:39:51.849,19.99,0.3039962134945756,-0.26394113240680994,2.182926701974272
1636731591859,2021-11-12T10:39:51.859,20.0,0.4880776188664241,-0.44188139159363415,2.569490027147572
1636731591869,2021-11-12T10:39:51.869,20.01,0.6500261302604002,-0.5620165354609553,2.807150085144899
1636731591879,2021-11-12T10:39:51.879,20.02,0.829183216304936,-0.5544465644783851,2.7443998520954653
1636731591889,2021-11-12T10:39:51.889,20.03,0.9520283200405402,-0.4122150628620763,2.6348641774113166
1636731591899,2021-11-12T10:39:51.899,20.04,0.8426978620835452,-0.20594077122929547,2.711433431571445
1636731591909,2021-11-12T10:39:51.909,20.05,0.5079266048077038,0.028599210674021595,2.771992701317135
1636731591919,2021-11-12T10:39:51.919,20.06,0.2653238121612268,0.30069466999660627,2.5318778444115795
1636731591929,2021-11-12T10:39:51.929,20.07,0.4215978446427442,0.5081553576683687,2.137475137231096
1636731591939,2021-11-12T10:39:51.939,20.08,0.8866274876071819,0.49614798373405156,1.987104568574821
1636731591949,2021-11-12T10:39:51.949,20.09,1.2829903564867675,0.36362201900738733,2.153039743788927
1636731591959,2021-11-12T10:39:51.959,20.1,1.39553924625057,0.3944188877006495,2.294687128621911
1636731591969,2021-11-12T10:39:51.969,20.11,1.3092263822449992,0.5964151483555491,2.1962657564733776
1636731591979,2021-11-12T10:39:51.979,20.12,1.162221170728647,0.6802004374791,2.077555003393889
1636731591989,2021-11-12T10:39:51.989,20.13,1.0286127840956698,0.542159671816234,2.196950516006508
1636731591999,2021-11-12T10:39:51.999,20.14,1.0074953319925437,0.3966863689153997,2.4507915038488775
1636731592009,2021-11-12T10:39:52.009,20.15,1.1730779786328593,0.41148314448825085,2.5915586266789363
1636731592019,2021-11-12T10:39:52.019,20.16,1.4453485074321937,0.5207386499878793,2.6004637723408273
1636731592029,2021-11-12T10:39:52.029,20.17,1.6477016512825575,0.6120249841222114,2.627942881035844
1636731592039,2021-11-12T10:39:52.039,20.18,1.6650239526291921,0.6758197584968584,2.7221150825816425
1636731592049,2021-11-12T10:39:52.049,20.19,1.5278956821095862,0.7463992947990092,2.817386136177787
1636731592059,2021-11-12T10:39:52.059,20.2,1.3827627086173764,0.8356846235619361,2.9113964898882907
1636731592069,2021-11-12T10:39:52.069,20.21,1.342013809632156,0.9419174228275492,3.057030803440411
1636731592079,2021-11-12T10:39:52.079,20.22,1.3735631476516983,1.0417602864252817,3.2053919030281506
1636731592089,2021-11-12T10:39:52.089,20.23,1.3958479387384974,1.0924190275674994,3.2352966864889594
1636731592099,2021-11-12T10:39:52.099,20.24,1.397948591693506,1.0908208939801947,3.1396958905097163
1636731592109,2021-11-12T10:39:52.109,20.25,1.3994602470532094,1.0819678514656557,3.0462332908447944
1636731592119,2021-11-12T10:39:52.119,20.26,1.399958344671365,1.0867181801524313,3.0558108520983005
1636731592129,2021-11-12T10:39:52.129,20.27,1.3998921652429173,1.0845142409725785,3.155347943048041
1636731592139,2021-11-12T10:39:52.139,20.28,1.3716580282552657,1.0713696557118932,3.269854897223132
1636731592149,2021-11-12T10:39:52.149,20.29,1.2480604154377246,1.0736620087793907,3.3261363442270246
1636731592159,2021-11-12T10:39:52.159,20.3,1.0407263726172,1.1006902352558794,3.2744438257378397
1636731592169,2021-11-12T10:39:52.169,20.31,0.8817454374464171,1.1215215404725312,3.0854841576645478
1636731592179,2021-11-12T10:39:52.179,20.32,0.844786553765146,1.0902194938282133,2.741253192975269
1636731592189,2021-11-12T10:39:52.189,20.33,0.8350108093455515,0.9819108915140069,2.2642514605712245
1636731592199,2021-11-12T10:39:52.199,20.34,0.7617746537929294,0.8194598151221344,1.7543310295777077
1636731592209,2021-11-12T10:39:52.209,20.35,0.7034733655545009,0.673388182169209,1.3101199548863351
1636731592219,2021-11-12T10:39:52.219,20.36,0.7624905612656865,0.6099419924787429,0.8956000351389204
1636731592229,2021-11-12T10:39:52.229,20.37,0.8358104460160951,0.6271295795640804,0.39369029628019914
1636731592239,2021-11-12T10:39:52.239,20.38,0.7105183658836917,0.6722391076805684,-0.18970856951353582
1636731592249,2021-11-12T10:39:52.249,20.39,0.39841859920933576,0.7236104404690863,-0.7118090579143296
1636731592259,2021-11-12T10:39:52.259,20.4,0.18524629239716942,0.7984067681813897,-1.1316700548595522
1636731592269,2021-11-12T10:39:52.269,20.41,0.22148205079280375,0.8839829442118137,-1.6579847906756064
1636731592279,2021-11-12T10:39:52.279,20.42,0.21558966101298682,0.9435267108804974,-2.587685906404362
1636731592289,2021-11-12T10:39:52.289,20.43,-0.24352423308403814,0.972723427577889,-4.011004874970099
1636731592299,2021-11-12T10:39:52.299,20.44,-1.110466755268848,0.9582322307298572,-5.690027976592027
1636731592309,2021-11-12T10:39:52.309,20.45,-1.8261614024400659,0.834640072756546,-7.226803257577629
1636731592319,2021-11-12T10:39:52.319,20.46,-1.8651377748249152,0.5906209425253456,-8.363933335546761
1636731592329,2021-11-12T10:39:52.329,20.47,-1.2886621820341164,0.3236070824801751,-9.14726350842264
1636731592339,2021-11-12T10:39:52.339,20.48,-0.7100295215490332,0.06927424474945476,-9.798689894721242
1636731592349,2021-11-12T10:39:52.349,20.49,-0.6324093440827744,-0.2950152588663747,-10.430953563526753
1636731592359,2021-11-12T10:39:52.359,20.5,-0.9173442675122949,-0.8414182774099516,-10.946843926427032
1636731592369,2021-11-12T10:39:52.369,20.51,-1.0914043424726518,-1.4118786458037182,-11.243241285081037
1636731592379,2021-11-12T10:39:52.379,20.52,-1.0087307931832512,-1.7827686724302607,-11.408197619204678
1636731592389,2021-11-12T10:39:52.389,20.53,-0.9300295240085672,-1.9201510521458307,-11.649782270937415
1636731592399,2021-11-12T10:39:52.399,20.54,-1.062994964796127,-1.9576625604151032,-12.095361858891994
1636731592409,2021-11-12T10:39:52.409,20.55,-1.2983657490624696,-1.9885087388238372,-12.67551920614288
1636731592419,2021-11-12T10:39:52.419,20.56,-1.428247605885671,-2.0065407908548987,-13.16855766382692
1636731592429,2021-11-12T10:39:52.429,20.57,-1.4563404953947927,-2.02251380092785,-13.415587973020948
1636731592439,2021-11-12T10:39:52.439,20.58,-1.5545051892037958,-2.089407060833558,-13.483348000931487
1636731592449,2021-11-12T10:39:52.449,20.59,-1.770033336783913,-2.1929639267481713,-13.473724198615688
1636731592459,2021-11-12T10:39:52.459,20.6,-1.9317692512057774,-2.2474544119564572,-13.292078237160117
1636731592469,2021-11-12T10:39:52.469,20.61,-1.8765959496422169,-2.2233701061096527,-12.951490498822444
1636731592479,2021-11-12T10:39:52.479,20.62,-1.6843995811715249,-2.165111303767952,-12.91683208683379
1636731592489,2021-11-12T10:39:52.489,20.63,-1.5886400503805485,-2.0715138020268933,-13.529094327748222
1636731592499,2021-11-12T10:39:52.499,20.64,-1.6526347668943333,-1.8706811166222583,-14.308551407496042
1636731592509,2021-11-12T10:39:52.509,20.65,-1.7197692277841652,-1.5507149222738286,-14.65630265234744
1636731592519,2021-11-12T10:39:52.519,20.66,-1.7235653741104418,-1.2381404139945698,-14.869212913737915
1636731592529,2021-11-12T10:39:52.529,20.67,-1.7434623000680864,-1.0620798758913437,-15.451824781882518
1636731592539,2021-11-12T10:39:52.539,20.68,-1.7084139061455001,-0.9610845694044601,-16.003800856222085
1636731592549,2021-11-12T10:39:52.549,20.69,-1.4288246392050814,-0.7486980498705704,-15.852953045024144
1636731592559,2021-11-12T10:39:52.559,20.7,-0.9511206959406001,-0.38389814026369534,-15.131406766305641
1636731592569,2021-11-12T10:39:52.569,20.71,-0.5244325923940939,-0.015194435468535938,-14.35791279249119
1636731592579,2021-11-12T10:39:52.579,20.72,-0.2530678747024663,0.2667221648673471,-13.598297863306557
1636731592589,2021-11-12T10:39:52.589,20.73,-0.0558267883408949,0.5367327991955508,-12.668098407532373
1636731592599,2021-11-12T10:39:52.599,20.74,0.1395206515485889,0.8761346590089261,-11.679125991693839
1636731592609,2021-11-12T10:39:52.609,20.75,0.3633348399164904,1.280819825716264,-10.934662039175148
1636731592619,2021-11-12T10:39:52.619,20.76,0.6531457982172715,1.7393180143256268,-10.52404314979157
1636731592629,2021-11-12T10:39:52.629,20.77,1.0099928213655838,2.2603492903312636,-10.283088198330406
1636731592639,2021-11-12T10:39:52.639,20.78,1.3705285938717826,2.8206758118020683,-10.044847347474496
1636731592649,2021-11-12T10:39:52.649,20.79,1.669517950224439,3.38011180106582,-9.773957652456321
1636731592659,2021-11-12T10:39:52.659,20.8,1.9040083059394308,3.929200548504031,-9.50391593268311
1636731592669,2021-11-12T10:39:52.669,20.81,2.1295998693284437,4.458484977587671,-9.255639890218434
1636731592679,2021-11-12T10:39:52.679,20.82,2.391764608645074,4.924389487962589,-9.023443230138648
1636731592689,2021-11-12T10:39:52.689,20.83,2.665256958241312,5.30179194440271,-8.775779389480157
1636731592699,2021-11-12T10:39:52.699,20.84,2.894298255627369,5.615051024097314,-8.448780345479621
1636731592709,2021-11-12T10:39:52.709,20.85,3.0873573682495845,5.879719794778608,-7.977270778451479
1636731592719,2021-11-12T10:39:52.719,20.86,3.317782732545072,6.089243875561504,-7.364034515831056
1636731592729,2021-11-12T10:39:52.729,20.87,3.620630847632274,6.270356982966629,-6.720790963074203
1636731592739,2021-11-12T10:39:52.739,20.88,3.9344572426493967,6.457250263855007,-6.2284428132966525
1636731592749,2021-11-12T10:39:52.749,20.89,4.156204962887128,6.627761042547813,-6.025860033822463
1636731592759,2021-11-12T10:39:52.759,20.9,4.211331715613963,6.754613436764775,-6.101232164796328
1636731592769,2021-11-12T10:39:52.769,20.91,4.071169615903772,6.858893807673823,-6.294627265912371
1636731592779,2021-11-12T10:39:52.779,20.92,3.7716160329278687,6.927885128347585,-6.44328968111373
1636731592789,2021-11-12T10:39:52.789,20.93,3.4323884029058602,6.875253991491815,-6.527757304731253
1636731592799,2021-11-12T10:39:52.799,20.94,3.1925013779720506,6.6684064714307985,-6.6516620325200355
1636731592809,2021-11-12T10:39:52.809,20.95,3.0927439293533663,6.406290719386147,-6.903393081826334
1636731592819,2021-11-12T10:39:52.819,20.96,3.0411090691078284,6.209621240161259,-7.26222987746374
1636731592829,2021-11-12T10:39:52.829,20.97,2.913136867873621,6.096815121030164,-7.597127093798113
1636731592839,2021-11-12T10:39:52.839,20.98,2.6980111677866008,5.99169980165054,-7.749273715063412
1636731592849,2021-11-12T10:39:52.849,20.99,2.5115635404343553,5.820906120386349,-7.665838209886131
1636731592859,2021-11-12T10:39:52.859,21.0,2.3994339762742727,5.595553678148701,-7.451303615571828
1636731592869,2021-11-12T10:39:52.869,21.01,2.2098353063462235,5.381050638954899,-7.261460667213187
1636731592879,2021-11-12T10:39:52.879,21.02,1.8462748269485694,5.194724836420133,-7.147871166269772
1636731592889,2021-11-12T10:39:52.889,21.03,1.5347920261654542,4.995899909964519,-7.0052548696506864
1636731592899,2021-11-12T10:39:52.899,21.04,1.5123673428336386,4.761707819803169,-6.701273926488316
1636731592909,2021-11-12T10:39:52.909,21.05,1.5528026570851283,4.493530268954892,-6.277532261015374
1636731592919,2021-11-12T10:39:52.919,21.06,1.2401664899493239,4.181173673217919,-5.928735376553311
1636731592929,2021-11-12T10:39:52.929,21.07,0.6815918408049759,3.839393150456533,-5.72357387453206
1636731592939,2021-11-12T10:39:52.939,21.08,0.4943314866907804,3.5457617684889997,-5.486530238664724
1636731592949,2021-11-12T10:39:52.949,21.09,0.99486362799282,3.3771684920279976,-5.0658587609877435
1636731592959,2021-11-12T10:39:52.959,21.1,1.7650128571358472,3.326350618723766,-4.558882999072093
1636731592969,2021-11-12T10:39:52.969,21.11,2.2027521936152388,3.3228368628918865,-4.116843204770095
1636731592979,2021-11-12T10:39:52.979,21.12,2.2125708589313944,3.319480919225276,-3.701834987098108
1636731592989,2021-11-12T10:39:52.989,21.13,2.0809023563205526,3.320086508399693,-3.236749880342639
1636731592999,2021-11-12T10:39:52.999,21.14,1.9248655817946312,3.348683955226707,-2.8119223339213018
1636731593009,2021-11-12T10:39:53.009,21.15,1.660380420440314,3.4435473408166057,-2.518653665393028
1636731593019,2021-11-12T10:39:53.019,21.16,1.3667301665935123,3.6483241883960744,-2.2572556802145796
1636731593029,2021-11-12T10:39:53.029,21.17,1.2592968166106742,3.942898507053546,-1.9078336153122346
1636731593039,2021-11-12T10:39:53.039,21.18,1.3320170605976887,4.210427682751637,-1.509196805595078
1636731593049,2021-11-12T10:39:53.049,21.19,1.3424142718603171,4.334533022153069,-1.124077546198249
1636731593059,2021-11-12T10:39:53.059,21.2,1.1368426367756965,4.296911821604726,-0.7105259967815624
1636731593069,2021-11-12T10:39:53.069,21.21,0.7949563735322427,4.1259845436074905,-0.22686606398694362
1636731593079,2021-11-12T10:39:53.079,21.22,0.5029659909710584,3.8072675002367147,0.29197559203167434
1636731593089,2021-11-12T10:39:53.089,21.23,0.39905729921044497,3.323232228562076,0.813499673290883
1636731593099,2021-11-12T10:39:53.099,21.24,0.47879707167198116,2.7368636473444665,1.32753069025654
1636731593109,2021-11-12T10:39:53.109,21.25,0.6189246258260852,2.149597670697051,1.774695266015146
1636731593119,2021-11-12T10:39:53.119,21.26,0.7572637249001586,1.5934309009584422,2.093818774677307
1636731593129,2021-11-12T10:39:53.129,21.27,0.9495576424687258,1.0242004169482746,2.3344069943503616
1636731593139,2021-11-12T10:39:53.139,21.28,1.1146203764207423,0.3958949274007545,2.5698947831142798
1636731593149,2021-11-12T10:39:53.149,21.29,0.9548428505929737,-0.2995212254559619,2.733289858835302
1636731593159,2021-11-12T10:39:53.159,21.3,0.41501118445482144,-1.0079992235275204,2.7261724149644286
1636731593169,2021-11-12T10:39:53.169,21.31,-0.05040457237062518,-1.5916749074820864,2.6520296756689827
1636731593179,2021-11-12T10:39:53.179,21.32,-0.03768570881260412,-1.9138259689007218,2.7598557547938483
1636731593189,2021-11-12T10:39:53.189,21.33,0.26044324426920035,-1.979287434422843,3.208753690642814
1636731593199,2021-11-12T10:39:53.199,21.34,0.40657743053425077,-1.9250905696243306,4.026805488767294
1636731593209,2021-11-12T10:39:53.209,21.35,0.28678499576645033,-1.8813411275755982,5.191787579832256
1636731593219,2021-11-12T10:39:53.219,21.36,0.06365162759402704,-1.889684681394623,6.5675803688750385
1636731593229,2021-11-12T10:39:53.229,21.37,-0.1271699971625956,-1.9169193723724045,7.796480464956723
1636731593239,2021-11-12T10:39:53.239,21.38,-0.291742074157653,-1.9150501657897743,8.427533464069374
1636731593249,2021-11-12T10:39:53.249,21.39,-0.552874426053948,-1.8772512033919617,8.254016780198503
1636731593259,2021-11-12T10:39:53.259,21.4,-0.9492764091765914,-1.8089262644639255,7.482491077380274
1636731593269,2021-11-12T10:39:53.269,21.41,-1.2877022362929034,-1.6818635015167762,6.487288946494113
1636731593279,2021-11-12T10:39:53.279,21.42,-1.4574771729952398,-1.5145758397863447,5.479441478658131
1636731593289,2021-11-12T10:39:53.289,21.43,-1.706673411745459,-1.446067955973339,4.563238169298986
1636731593299,2021-11-12T10:39:53.299,21.44,-2.230395401695814,-1.6240877844197645,3.972954086161568
1636731593309,2021-11-12T10:39:53.309,21.45,-2.775814988043111,-2.087260475812953,3.92613264002477
1636731593319,2021-11-12T10:39:53.319,21.46,-3.0568130748024647,-2.823470588841766,4.243090844382303
1636731593329,2021-11-12T10:39:53.329,21.47,-3.2370826458630573,-3.8251272953984063,4.395641674751409
1636731593339,2021-11-12T10:39:53.339,21.48,-3.6543036190627816,-4.992265464703104,3.98054857940358
1636731593349,2021-11-12T10:39:53.349,21.49,-4.347228616694228,-6.063112215767729,2.993838532316466
1636731593359,2021-11-12T10:39:53.359,21.5,-5.067855143260811,-6.743120139720787,1.736419357410011
1636731593369,2021-11-12T10:39:53.369,21.51,-5.5281526854980605,-6.911521229270635,0.665270716484587
1636731593379,2021-11-12T10:39:53.379,21.52,-5.519749993396378,-6.676867496636978,0.2614679736967135
1636731593389,2021-11-12T10:39:53.389,21.53,-4.949652553201185,-6.2428021958114375,0.8179111563080403
1636731593399,2021-11-12T10:39:53.399,21.54,-3.972908644103972,-5.777884054784613,2.2657116820931074
1636731593409,2021-11-12T10:39:53.409,21.55,-3.2106184499947563,-5.451088980443904,4.230923679208501
1636731593419,2021-11-12T10:39:53.419,21.56,-3.4976789292443544,-5.49285667760536,6.360804764353798
1636731593429,2021-11-12T10:39:53.429,21.57,-4.94036097213545,-6.050480483445223,8.663650397428903
1636731593439,2021-11-12T10:39:53.439,21.58,-6.535413007579935,-6.988434983371399,11.39663495465783
1636731593449,2021-11-12T10:39:53.449,21.59,-7.222446411636291,-7.969192902604664,14.498654859913561
1636731593459,2021-11-12T10:39:53.459,21.6,-6.896056757588335,-8.691169183103964,17.277171207984306
1636731593469,2021-11-12T10:39:53.469,21.61,-5.992658754624142,-8.933740446465197,18.82049075133687
1636731593479,2021-11-12T10:39:53.479,21.62,-4.746316372439471,-8.534247983949937,18.66810825475387
1636731593489,2021-11-12T10:39:53.489,21.63,-3.408216458100342,-7.542853159326446,17.005725897971825
1636731593499,2021-11-12T10:39:53.499,21.64,-2.621791908047429,-6.291148307467101,14.386372401575697
1636731593509,2021-11-12T10:39:53.509,21.65,-2.857646125216185,-5.168080145027265,11.589248193532502
1636731593519,2021-11-12T10:39:53.519,21.66,-3.783496912956696,-4.456373454308165,9.68899011670971
1636731593529,2021-11-12T10:39:53.529,21.67,-4.847874853495275,-4.373935473824105,9.64393743904695
1636731593539,2021-11-12T10:39:53.539,21.68,-6.060707557192405,-4.956202016858976,11.418952333026715
1636731593549,2021-11-12T10:39:53.549,21.69,-7.394956923251206,-5.835705037201768,13.7959853663409
1636731593559,2021-11-12T10:39:53.559,21.7,-8.072408720841759,-6.436615305539488,15.282394402377275
1636731593569,2021-11-12T10:39:53.569,21.71,-7.534584464777308,-6.464832370205537,15.04280585421976
1636731593579,2021-11-12T10:39:53.579,21.72,-6.476683586849743,-6.038087341326525,13.094220780936467
1636731593589,2021-11-12T10:39:53.589,21.73,-5.868463714456568,-5.421948136837781,10.176521826228
1636731593599,2021-11-12T10:39:53.599,21.74,-5.651286431103386,-4.86583929677465,7.642941243988926
1636731593609,2021-11-12T10:39:53.609,21.75,-5.295596617462326,-4.581301759144006,7.064979015728427
1636731593619,2021-11-12T10:39:53.619,21.76,-4.8624967697871275,-4.605702286445628,9.39512167036457
1636731593629,2021-11-12T10:39:53.629,21.77,-4.760036301855329,-4.74650625481429,14.153468697771634
1636731593639,2021-11-12T10:39:53.639,21.78,-5.184757159088103,-4.867606306785234,19.43105425892505
1636731593649,2021-11-12T10:39:53.649,21.79,-6.19497996452263,-5.123263350449857,23.130983942287724
1636731593659,2021-11-12T10:39:53.659,21.8,-7.441601228807739,-5.711087123717575,24.549898814719153
1636731593669,2021-11-12T10:39:53.669,21.81,-7.774528466599399,-6.520814317360814,24.457583241930266
1636731593679,2021-11-12T10:39:53.679,21.82,-6.371538827907608,-7.199463662339628,23.490856988674416
1636731593689,2021-11-12T10:39:53.689,21.83,-4.22948600901859,-7.439781036364748,21.336025859527915
1636731593699,2021-11-12T10:39:53.699,21.84,-2.9971025524345802,-7.094346208603305,18.173192925161416
1636731593709,2021-11-12T10:39:53.709,21.85,-2.3744470027757663,-6.216520896911964,15.984137897277286
1636731593719,2021-11-12T10:39:53.719,21.86,-0.6454680260493137,-5.246319798521679,17.053341026942327
1636731593729,2021-11-12T10:39:53.729,21.87,1.9444689122355512,-5.015979558600873,21.29116044739526
1636731593739,2021-11-12T10:39:53.739,21.88,2.7628765502157697,-6.103775274929186,26.03793479213725
1636731593749,2021-11-12T10:39:53.749,21.89,0.7544221256687397,-8.028484795289652,28.580736096815414
1636731593759,2021-11-12T10:39:53.759,21.9,-1.6090215667095684,-9.47791105756645,28.126217723638185
1636731593769,2021-11-12T10:39:53.769,21.91,-2.010517958232785,-9.545063839907243,25.357546564548336
1636731593779,2021-11-12T10:39:53.779,21.92,-1.5460491362577218,-8.407383920249565,21.228998144328287
1636731593789,2021-11-12T10:39:53.789,21.93,-2.0861927497985726,-6.748774718232358,16.86580749996618
1636731593799,2021-11-12T10:39:53.799,21.94,-2.6693842036083497,-5.091529528529271,13.717755093991727
1636731593809,2021-11-12T10:39:53.809,21.95,-1.33074836771126,-3.860654436369511,12.609830129074073
1636731593819,2021-11-12T10:39:53.819,21.96,1.2087870852490805,-3.4517733133040287,12.818324049909336
1636731593829,2021-11-12T10:39:53.829,21.97,2.5418562940334324,-3.8068186975422416,12.840342421928462
1636731593839,2021-11-12T10:39:53.839,21.98,2.117638947461258,-4.2434875501956055,11.909663006306168
1636731593849,2021-11-12T10:39:53.849,21.99,1.3309656183331064,-4.038725600635158,10.30421521996764
1636731593859,2021-11-12T10:39:53.859,22.0,0.886530274895009,-3.1194306070384306,8.515009175594411
1636731593869,2021-11-12T10:39:53.869,22.01,0.11188243311197639,-2.101956644937074,6.588956589825395
1636731593879,2021-11-12T10:39:53.879,22.02,-1.4549495226633344,-1.6877536452926052,4.266089468823096
1636731593889,2021-11-12T10:39:53.889,22.03,-3.1239897567564716,-2.012676486832008,1.7295176181093581
1636731593899,2021-11-12T10:39:53.899,22.04,-3.7965754071809705,-2.5981844589368985,0.03365413760043673
1636731593909,2021-11-12T10:39:53.909,22.05,-3.252241832447766,-2.8966348914834374,0.21700594103011914
1636731593919,2021-11-12T10:39:53.919,22.06,-2.361997522016982,-2.7032844668396714,2.0031818715341974
1636731593929,2021-11-12T10:39:53.929,22.07,-1.7932238952262947,-2.1173277115438007,4.073768773843604
1636731593939,2021-11-12T10:39:53.939,22.08,-1.192913856879616,-1.527788572256953,5.523768595785844
1636731593949,2021-11-12T10:39:53.949,22.09,-0.3111229356303407,-1.6542307520087007,6.2426020810284175
1636731593959,2021-11-12T10:39:53.959,22.1,0.11962227150283981,-3.031478335669262,6.103270577318081
1636731593969,2021-11-12T10:39:53.969,22.11,-0.2992400870188792,-5.222002345408423,4.862836849743265
1636731593979,2021-11-12T10:39:53.979,22.12,-0.43171417665812684,-6.942597852123362,2.909845959521654
1636731593989,2021-11-12T10:39:53.989,22.13,0.9907097235969337,-7.227466652981207,1.1697848336389387
1636731593999,2021-11-12T10:39:53.999,22.14,3.3429981514253484,-6.313850118126037,0.08622552530543523
1636731594009,2021-11-12T10:39:54.009,22.15,4.6803252380479545,-5.335228642980771,-0.5966777062505331
1636731594019,2021-11-12T10:39:54.019,22.16,4.153839506608357,-5.306636286996819,-0.9701274835287164
1636731594029,2021-11-12T10:39:54.029,22.17,2.8584561262391706,-6.437256051032397,-0.6757364069588516
1636731594039,2021-11-12T10:39:54.039,22.18,2.247187235943858,-8.213632259290605,0.30379425611747723
1636731594049,2021-11-12T10:39:54.049,22.19,2.5856947095239127,-9.89084090950219,1.2775184394792936
1636731594059,2021-11-12T10:39:54.059,22.2,3.237869900277518,-10.917622773911711,1.6135540850212886
1636731594069,2021-11-12T10:39:54.069,22.21,3.7379201728863864,-11.153778184729475,1.4317953338669447
1636731594079,2021-11-12T10:39:54.079,22.22,4.001099784221627,-10.81863210997891,1.2684269414047558
1636731594089,2021-11-12T10:39:54.089,22.23,3.899659245679281,-10.330189821428199,1.385403382537467
1636731594099,2021-11-12T10:39:54.099,22.24,3.3922823575326353,-10.396537782195887,1.6738727432753708
1636731594109,2021-11-12T10:39:54.109,22.25,2.9711768546660906,-11.808486314666723,1.974334827452571
1636731594119,2021-11-12T10:39:54.119,22.26,3.2226123106704456,-14.23385168317534,2.1817968894168174
1636731594129,2021-11-12T10:39:54.129,22.27,3.9399507366753816,-15.851841768806437,2.2230257315409236
1636731594139,2021-11-12T10:39:54.139,22.28,4.454948158422312,-15.65644189121268,2.2373040361734087
1636731594149,2021-11-12T10:39:54.149,22.29,4.661383677225171,-15.079877185770286,2.6141787275815807
1636731594159,2021-11-12T10:39:54.159,22.3,4.639993892983243,-15.550375407905491,3.577000722667263
1636731594169,2021-11-12T10:39:54.169,22.31,3.905729550188015,-16.187074317245735,4.914919602593772
1636731594179,2021-11-12T10:39:54.179,22.32,2.569482667383428,-15.796357994275507,6.289544685379029
1636731594189,2021-11-12T10:39:54.189,22.33,1.9904184906756965,-14.97414370586489,7.445993793406622
1636731594199,2021-11-12T10:39:54.199,22.34,2.544723922058427,-14.5924852440614,7.973269398634896
1636731594209,2021-11-12T10:39:54.209,22.35,2.745703025588318,-14.211693183177612,7.350061649885063
1636731594219,2021-11-12T10:39:54.219,22.36,1.9869562858819765,-13.12865651779892,5.475573644124644
1636731594229,2021-11-12T10:39:54.229,22.37,1.6026542803511905,-11.566527391759704,2.8585255460799845
1636731594239,2021-11-12T10:39:54.239,22.38,2.400834155522871,-10.215303509720428,0.21166882664407516
1636731594249,2021-11-12T10:39:54.249,22.39,3.607499777797174,-9.50579978604465,-1.9328993716787608
1636731594259,2021-11-12T10:39:54.259,22.4,4.42958893424937,-9.61609804520854,-3.292095248358493
1636731594269,2021-11-12T10:39:54.269,22.41,4.878505688910048,-10.518257460739289,-3.763970689184054
1636731594279,2021-11-12T10:39:54.279,22.42,5.312017517518517,-11.700346641222561,-3.306139521553676
1636731594289,2021-11-12T10:39:54.289,22.43,6.101080221234923,-12.215744971337609,-1.8462740359525958
1636731594299,2021-11-12T10:39:54.299,22.44,7.278533279016515,-11.3516377433244,0.5512389603253616
1636731594309,2021-11-12T10:39:54.309,22.45,8.21015921343855,-9.239958723799075,3.3509602888692624
1636731594319,2021-11-12T10:39:54.319,22.46,8.05353598136784,-6.749608175733179,5.534145706294165
1636731594329,2021-11-12T10:39:54.329,22.47,6.497624439227172,-4.8146049293237105,6.164075390499385
1636731594339,2021-11-12T10:39:54.339,22.48,3.9016395646709445,-3.830476214305804,5.140349072192573
1636731594349,2021-11-12T10:39:54.349,22.49,1.1438156884182171,-3.5663737744139867,3.394836942594443
1636731594359,2021-11-12T10:39:54.359,22.5,-0.63552224796616,-3.559003024602038,2.1444020691649173
1636731594369,2021-11-12T10:39:54.369,22.51,-0.8029950891964049,-3.5355354437428046,1.8221691451229556
1636731594379,2021-11-12T10:39:54.379,22.52,0.13678733305301904,-3.4552059358295875,1.865870876638636
1636731594389,2021-11-12T10:39:54.389,22.53,1.1556705301666714,-3.3044390437466857,1.5858734387807385
1636731594399,2021-11-12T10:39:54.399,22.54,1.8859301718091137,-3.0669502759724363,0.9563992764861484
1636731594409,2021-11-12T10:39:54.409,22.55,2.7123645323149588,-2.871443127261137,0.40554868984904857
1636731594419,2021-11-12T10:39:54.419,22.56,3.7971571237749684,-2.933052180899521,0.12929323904033013
1636731594429,2021-11-12T10:39:54.429,22.57,4.651438840917994,-3.222830220512492,-0.07188476090006214
1636731594439,2021-11-12T10:39:54.439,22.58,4.837035394353135,-3.3175949869887176,-0.37882322422665626
1636731594449,2021-11-12T10:39:54.449,22.59,4.476351033315549,-2.729553976267037,-0.6925769724241623
1636731594459,2021-11-12T10:39:54.459,22.6,3.724804349825738,-1.3271453259991723,-0.8767716908365555
1636731594469,2021-11-12T10:39:54.469,22.61,2.4052009539020194,0.6566954023737417,-1.0228897986148187
1636731594479,2021-11-12T10:39:54.479,22.62,0.6580819775665931,2.8448594946780403,-1.2862273021992554
1636731594489,2021-11-12T10:39:54.489,22.63,-0.7444040310925358,4.77210525858527,-1.6450478328491498
1636731594499,2021-11-12T10:39:54.499,22.64,-1.27855637358773,6.005991088186714,-2.050238066863707
1636731594509,2021-11-12T10:39:54.509,22.65,-1.2139289737026782,6.579905075208617,-2.6730147468215857
1636731594519,2021-11-12T10:39:54.519,22.66,-0.9181282551359343,7.167130128390826,-3.7843498811410825
1636731594529,2021-11-12T10:39:54.529,22.67,-0.34857479983803674,8.484295667823494,-5.406488989644575
1636731594539,2021-11-12T10:39:54.539,22.68,0.5210118322298607,10.561499408138399,-7.129018775692888
1636731594549,2021-11-12T10:39:54.549,22.69,1.456127846422515,12.77322739207256,-8.320264398916237
1636731594559,2021-11-12T10:39:54.559,22.7,2.2251104740928414,14.421434009984793,-8.734820650373049
1636731594569,2021-11-12T10:39:54.569,22.71,2.6192589273292306,15.103291571927356,-8.919699106916086
1636731594579,2021-11-12T10:39:54.579,22.72,2.45666027194155,14.760666955272196,-9.659155811841991
1636731594589,2021-11-12T10:39:54.589,22.73,1.9409038230452968,13.698052631015297,-11.012042637711405
1636731594599,2021-11-12T10:39:54.599,22.74,1.5515612451663778,12.469642584600578,-12.375128652909476
1636731594609,2021-11-12T10:39:54.609,22.75,1.3565654555956355,11.534579393443941,-13.424818013143392
1636731594619,2021-11-12T10:39:54.619,22.76,0.9964342046947601,11.037099298538125,-14.346772247761042
1636731594629,2021-11-12T10:39:54.629,22.77,0.3682515921175633,10.915032685087487,-15.216195112428624
1636731594639,2021-11-12T10:39:54.639,22.78,-0.2849489110374767,11.033000038059807,-15.900705522541449
1636731594649,2021-11-12T10:39:54.649,22.79,-0.8548141947351193,11.19328334835133,-16.55912283988402
1636731594659,2021-11-12T10:39:54.659,22.8,-1.3593154348353766,11.250580542476902,-17.542637668078243
1636731594669,2021-11-12T10:39:54.669,22.81,-1.6051454100103575,11.294221926595077,-18.777930770245774
1636731594679,2021-11-12T10:39:54.679,22.82,-1.3787405029326845,11.562690029637189,-19.799539070165302
1636731594689,2021-11-12T10:39:54.689,22.83,-0.8824359008264577,12.146298924251278,-20.373361161477597
1636731594699,2021-11-12T10:39:54.699,22.84,-0.5507230119345083,12.926195466825481,-20.611388249827616
1636731594709,2021-11-12T10:39:54.709,22.85,-0.46194065459312983,13.795286162383618,-20.546951899461288
1636731594719,2021-11-12T10:39:54.719,22.86,-0.2828804178626971,14.708992258494835,-20.113481529027528
1636731594729,2021-11-12T10:39:54.729,22.87,0.189185303807573,15.506312078652282,-19.52906608768814
1636731594739,2021-11-12T10:39:54.739,22.88,0.6952325500018279,15.969280444937166,-19.21965864556818
1636731594749,2021-11-12T10:39:54.749,22.89,0.7908969678417848,16.126104297758783,-19.32273332120006
1636731594759,2021-11-12T10:39:54.759,22.9,0.379160054177207,16.24738668841642,-19.659199002948434
1636731594769,2021-11-12T10:39:54.769,22.91,-0.11269273755918291,16.49383355427078,-20.204745026479795
1636731594779,2021-11-12T10:39:54.779,22.92,-0.23312597620242037,16.76617751192338,-21.17049425299497
1636731594789,2021-11-12T10:39:54.789,22.93,-0.07248717845101481,16.904221651100478,-22.534863982815768
1636731594799,2021-11-12T10:39:54.799,22.94,-0.02684564166826527,16.85767403747515,-23.91733276592231
1636731594809,2021-11-12T10:39:54.809,22.95,-0.20032277072186222,16.65108669576677,-25.086681331434136
1636731594819,2021-11-12T10:39:54.819,22.96,-0.41427019718242325,16.291091994520766,-26.19901725177555
1636731594829,2021-11-12T10:39:54.829,22.97,-0.5389539342756644,15.746119464967588,-27.33142874422051
1636731594839,2021-11-12T10:39:54.839,22.98,-0.5235235066928348,15.004270911905325,-28.18641714853333
1636731594849,2021-11-12T10:39:54.849,22.99,-0.40446884887842277,14.11058699082177,-28.512773935357714
1636731594859,2021-11-12T10:39:54.859,23.0,-0.3919749512359293,13.102206665091613,-28.446620890252298
1636731594869,2021-11-12T10:39:54.869,23.01,-0.6293557030183916,11.939889817438505,-28.168980704205758
1636731594879,2021-11-12T10:39:54.879,23.02,-0.956958456880955,10.58034086499259,-27.595420901122182
1636731594889,2021-11-12T10:39:54.889,23.03,-1.1725467944951162,9.141404827303651,-26.731639315889158
1636731594899,2021-11-12T10:39:54.899,23.04,-1.266833639835442,7.93960415399067,-26.03198722662387
1636731594909,2021-11-12T10:39:54.909,23.05,-1.2524174186346284,7.266884626453541,-26.02342466863655
1636731594919,2021-11-12T10:39:54.919,23.06,-1.0846360471260077,7.122090848312318,-26.69274029912171
1636731594929,2021-11-12T10:39:54.929,23.07,-0.8214562752076229,7.258456214093755,-27.497965770483198
1636731594939,2021-11-12T10:39:54.939,23.08,-0.6565615152083568,7.4904902829441,-27.88903032946947
1636731594949,2021-11-12T10:39:54.949,23.09,-0.7747676859095762,7.830033784866844,-27.572322680752393
1636731594959,2021-11-12T10:39:54.959,23.1,-1.1219529504247665,8.331772846818621,-26.33368037180127
1636731594969,2021-11-12T10:39:54.969,23.11,-1.2405647210399566,8.959819549123278,-24.0553175787917
1636731594979,2021-11-12T10:39:54.979,23.12,-0.6239940736348689,9.632846775109288,-21.22462146305036
1636731594989,2021-11-12T10:39:54.989,23.13,0.5335673531195725,10.27851711525728,-19.078286411580525
1636731594999,2021-11-12T10:39:54.999,23.14,1.3460059254264682,10.816389286754841,-18.638210985538088
1636731595009,2021-11-12T10:39:55.009,23.15,1.313302626932458,11.191739760766616,-19.632648175391637
1636731595019,2021-11-12T10:39:55.019,23.16,0.9002627856905225,11.457457916839807,-20.82048911965549
1636731595029,2021-11-12T10:39:55.029,23.17,0.7071459705193416,11.730206729358313,-21.287619902480518
1636731595039,2021-11-12T10:39:55.039,23.18,0.6576473682328396,12.03011923077866,-20.972904362679778
1636731595049,2021-11-12T10:39:55.049,23.19,0.3940981172633179,12.237695725983468,-20.074990115077075
1636731595059,2021-11-12T10:39:55.059,23.2,-0.04581949114483959,12.230627677725327,-18.53651945108255
1636731595069,2021-11-12T10:39:55.069,23.21,-0.29988221908022084,12.001493491844757,-16.27124434472167
1636731595079,2021-11-12T10:39:55.079,23.22,-0.13435870894701735,11.64196690692686,-13.65298439271167
1636731595089,2021-11-12T10:39:55.089,23.23,0.3129993613445853,11.290209551753755,-11.616845464395995
1636731595099,2021-11-12T10:39:55.099,23.24,0.6021041997463418,11.135468369737803,-11.117332907553088
1636731595109,2021-11-12T10:39:55.109,23.25,0.389259578294834,11.422596841993247,-12.263254510327899
1636731595119,2021-11-12T10:39:55.119,23.26,-0.12716194483693843,12.31797510117027,-14.066107922251605
1636731595129,2021-11-12T10:39:55.129,23.27,-0.36672756997920875,13.69355803694139,-15.301467084298395
1636731595139,2021-11-12T10:39:55.139,23.28,-0.07048686946237706,15.172134219884889,-15.512177895083376
1636731595149,2021-11-12T10:39:55.149,23.29,0.4493926850321316,16.50130659986369,-14.96509474712498
1636731595159,2021-11-12T10:39:55.159,23.3,0.7693325337365601,17.724399099224506,-13.922855848383048
1636731595169,2021-11-12T10:39:55.169,23.31,0.6488522339777516,18.87864361767832,-12.312709698769613
1636731595179,2021-11-12T10:39:55.179,23.32,0.050652701654476065,19.786810928638154,-9.914649668094965
1636731595189,2021-11-12T10:39:55.189,23.33,-0.5451428954480687,20.320958311069667,-6.630993349162052
1636731595199,2021-11-12T10:39:55.199,23.34,-0.2467805784057132,20.610633819021515,-2.8319770570476592
1636731595209,2021-11-12T10:39:55.209,23.35,1.0585385322040857,20.8113455029331,0.3583275693631584
1636731595219,2021-11-12T10:39:55.219,23.36,2.1572437072866126,20.91053654144017,1.5679833594678463
1636731595229,2021-11-12T10:39:55.229,23.37,2.021815513767204,20.905396976350794,0.43478371330817017
1636731595239,2021-11-12T10:39:55.239,23.38,1.2452555039313862,20.923690500370558,-1.9177444800813053
1636731595249,2021-11-12T10:39:55.249,23.39,1.0400605732557728,21.014560764922834,-4.01182261462607
1636731595259,2021-11-12T10:39:55.259,23.4,1.4326645481912177,21.002272768383293,-5.243608363959253
1636731595269,2021-11-12T10:39:55.269,23.41,1.4183576133398725,20.6634301125287,-5.690190447022568
1636731595279,2021-11-12T10:39:55.279,23.42,0.4629414529328463,19.915834220729508,-5.322590108838826
1636731595289,2021-11-12T10:39:55.289,23.43,-1.004919014138122,18.781263035617368,-4.002459351147407
1636731595299,2021-11-12T10:39:55.299,23.44,-2.3366873720180834,17.318391807364833,-1.870932655843336
1636731595309,2021-11-12T10:39:55.309,23.45,-3.1923669535946964,15.644394550938589,0.8174491151896588
1636731595319,2021-11-12T10:39:55.319,23.46,-3.421926074007385,13.883932374047646,4.079450150100741
1636731595329,2021-11-12T10:39:55.329,23.47,-3.015622760016105,12.064915713847284,8.023218757344075
1636731595339,2021-11-12T10:39:55.339,23.48,-2.281461960088143,10.185077874512304,12.33021594003812
1636731595349,2021-11-12T10:39:55.349,23.49,-1.6830837687006166,8.381011029428873,16.232718151628415
1636731595359,2021-11-12T10:39:55.359,23.5,-1.3900815222423986,6.880784381942156,19.14386535824316
1636731595369,2021-11-12T10:39:55.369,23.51,-1.2772371561597267,5.7494615225176355,21.15311489476597
1636731595379,2021-11-12T10:39:55.379,23.52,-1.32371137605109,4.818551843701724,22.763325704707917
1636731595389,2021-11-12T10:39:55.389,23.53,-1.5792741270562822,3.9060618452291016,24.355065916127195
1636731595399,2021-11-12T10:39:55.399,23.54,-1.8179858131642121,2.939538452824924,26.13067676192795
1636731595409,2021-11-12T10:39:55.409,23.55,-1.7700739837578152,1.8311487707105072,28.29973281896336
1636731595419,2021-11-12T10:39:55.419,23.56,-1.5756831609766269,0.4639876879224529,30.963579653693365
1636731595429,2021-11-12T10:39:55.429,23.57,-1.3997163753602493,-1.1177669110981794,33.99520462069318
1636731595439,2021-11-12T10:39:55.439,23.58,-0.8020116027103832,-2.7062555570545896,37.26330012755666
1636731595449,2021-11-12T10:39:55.449,23.59,0.7902779503343884,-4.1848179856949725,40.74109711157087
1636731595459,2021-11-12T10:39:55.459,23.6,3.143376463051063,-5.630948725321495,44.20958298440298
1636731595469,2021-11-12T10:39:55.469,23.61,5.410218841189815,-7.1362823777198905,47.06751269868369
1636731595479,2021-11-12T10:39:55.479,23.62,7.081084569692506,-8.654392990669056,48.57675834957038
1636731595489,2021-11-12T10:39:55.489,23.63,8.138324007035157,-10.048474798353709,48.20281195666362
1636731595499,2021-11-12T10:39:55.499,23.64,8.470817550231487,-11.192635013234977,45.76793005722311
1636731595509,2021-11-12T10:39:55.509,23.65,7.8392952393464075,-11.996854747191602,41.51957165254246
1636731595519,2021-11-12T10:39:55.519,23.66,6.497893767356517,-12.402175115912197,36.173210437873834
1636731595529,2021-11-12T10:39:55.529,23.67,5.257413851251451,-12.422169165459497,30.744232914440182
1636731595539,2021-11-12T10:39:55.539,23.68,4.603642063292148,-12.18589569523123,26.097566344619942
1636731595549,2021-11-12T10:39:55.549,23.69,4.101602691479658,-11.876373009008557,22.56578513745469
1636731595559,2021-11-12T10:39:55.559,23.7,3.043565449526848,-11.593345200682894,20.03377254780334
1636731595569,2021-11-12T10:39:55.569,23.71,1.4888023329521483,-11.3088939089571,18.333607534382267
1636731595579,2021-11-12T10:39:55.579,23.72,0.2852882564116242,-10.974209166910446,17.427192086254095
1636731595589,2021-11-12T10:39:55.589,23.73,0.06335299919598006,-10.622121001318902,17.19888594998168
1636731595599,2021-11-12T10:39:55.599,23.74,0.42945551956031225,-10.331480664316873,17.1807264165719
1636731595609,2021-11-12T10:39:55.609,23.75,0.26014023107392936,-10.124214234543317,16.6111978608789
1636731595619,2021-11-12T10:39:55.619,23.76,-1.1977259830945959,-9.931277005406066,14.897508214606486
1636731595629,2021-11-12T10:39:55.629,23.77,-3.5813093866053056,-9.655835987117438,12.07917146929304
1636731595639,2021-11-12T10:39:55.639,23.78,-5.873273213163562,-9.263008917255231,8.792653447633777
1636731595649,2021-11-12T10:39:55.649,23.79,-7.482270948214968,-8.802003763294671,5.7730337102873195
1636731595659,2021-11-12T10:39:55.659,23.8,-8.53693158703234,-8.335172092305818,3.438288479391743
1636731595669,2021-11-12T10:39:55.669,23.81,-9.180082152855991,-7.865293611683274,1.890799224859899
1636731595679,2021-11-12T10:39:55.679,23.82,-9.138103434643291,-7.3552451672763555,1.1117648231979274
1636731595689,2021-11-12T10:39:55.689,23.83,-8.235668654854507,-6.802602966941173,1.031047107119313
1636731595699,2021-11-12T10:39:55.699,23.84,-6.894064591685989,-6.256526277734843,1.5139667921628321
1636731595709,2021-11-12T10:39:55.709,23.85,-5.751264991705173,-5.750886959215151,2.4169102671607128
1636731595719,2021-11-12T10:39:55.719,23.86,-5.028986342933198,-5.251460937562801,3.6261240398291816
1636731595729,2021-11-12T10:39:55.729,23.87,-4.538201677682489,-4.696537219172335,4.979132969441545
1636731595739,2021-11-12T10:39:55.739,23.88,-4.105154349718956,-4.0724107435297086,6.2099567421383135
1636731595749,2021-11-12T10:39:55.749,23.89,-3.7404273528079766,-3.422114133194836,7.054739256860632
1636731595759,2021-11-12T10:39:55.759,23.9,-3.46780618649799,-2.799800380034444,7.393377253552893
1636731595769,2021-11-12T10:39:55.769,23.91,-3.1985774228810726,-2.2503920273524916,7.245284792638718
1636731595779,2021-11-12T10:39:55.779,23.92,-2.852021204900894,-1.8186195850470688,6.668097268833749
1636731595789,2021-11-12T10:39:55.789,23.93,-2.478239100839888,-1.5419383365886092,5.720390966198174
1636731595799,2021-11-12T10:39:55.799,23.94,-2.135521931274048,-1.4311716591522678,4.485610266420476
1636731595809,2021-11-12T10:39:55.809,23.95,-1.7728153700981621,-1.4707980185150198,3.060364850956069
1636731595819,2021-11-12T10:39:55.819,23.96,-1.3842718151474056,-1.6460392472057477,1.541368204932584
1636731595829,2021-11-12T10:39:55.829,23.97,-1.0983344875435799,-1.9697377379496603,0.07871168180281798
1636731595839,2021-11-12T10:39:55.839,23.98,-0.9468842830179457,-2.455392343388556,-1.118159789882725
1636731595849,2021-11-12T10:39:55.849,23.99,-0.775814363974185,-3.045185966982346,-1.9263382552711708
1636731595859,2021-11-12T10:39:55.859,24.0,-0.5494956677562125,-3.6117479696811885,-2.4061341889276338
1636731595869,2021-11-12T10:39:55.869,24.01,-0.5024366372232653,-4.066523888928177,-2.658367395570896
1636731595879,2021-11-12T10:39:55.879,24.02,-0.8216491419398253,-4.4107984544727525,-2.684291547691439
1636731595889,2021-11-12T10:39:55.889,24.03,-1.3356341484342444,-4.660062195857689,-2.492582047809693
1636731595899,2021-11-12T10:39:55.899,24.04,-1.6513865977668245,-4.829403599594788,-2.2265058347448354
1636731595909,2021-11-12T10:39:55.909,24.05,-1.5709427819808912,-5.048212591960268,-2.0867373344056506
1636731595919,2021-11-12T10:39:55.919,24.06,-1.2544481708607944,-5.561204330566248,-2.2062816257363935
1636731595929,2021-11-12T10:39:55.929,24.07,-0.8577868734910978,-6.543678050325489,-2.6234421005453252
1636731595939,2021-11-12T10:39:55.939,24.08,-0.21162972977198083,-8.037991684999179,-3.3210172602526007
1636731595949,2021-11-12T10:39:55.949,24.09,0.8057654869543769,-10.091934319810917,-4.2771390143734465
1636731595959,2021-11-12T10:39:55.959,24.1,1.8386510192810284,-12.753766652607055,-5.41346199747484
1636731595969,2021-11-12T10:39:55.969,24.11,2.5035693366133502,-15.85960769653855,-6.470620877039988
1636731595979,2021-11-12T10:39:55.979,24.12,3.012908999354599,-18.99601878576469,-7.106135574206521
1636731595989,2021-11-12T10:39:55.989,24.13,3.8072452488084334,-21.730151824456627,-7.195515627506163
1636731595999,2021-11-12T10:39:55.999,24.14,4.784403749958438,-23.764250457610192,-6.893228637509301
1636731596009,2021-11-12T10:39:56.009,24.15,5.394344451837067,-24.891241229063922,-6.371326785100991
1636731596019,2021-11-12T10:39:56.019,24.16,5.366299806405758,-24.981711733366378,-5.619467513042023
1636731596029,2021-11-12T10:39:56.029,24.17,4.909139680720734,-24.08627953270595,-4.4949228728127535
1636731596039,2021-11-12T10:39:56.039,24.18,4.209378081671818,-22.469728258234383,-2.899674041667802
1636731596049,2021-11-12T10:39:56.049,24.19,3.1132686528528484,-20.477258163827432,-0.9284140473328938
1636731596059,2021-11-12T10:39:56.059,24.2,1.466100386749616,-18.365586866603017,1.131067896430547
1636731596069,2021-11-12T10:39:56.069,24.21,-0.4521088339324395,-16.26190801309972,2.951263657567396
1636731596079,2021-11-12T10:39:56.079,24.22,-2.0582967980617513,-14.249653092777566,4.325371140066624
1636731596089,2021-11-12T10:39:56.089,24.23,-3.0015623255010744,-12.446188287466972,5.219809596676216
1636731596099,2021-11-12T10:39:56.099,24.24,-3.386523924820727,-10.977142000157816,5.7583914211533
1636731596109,2021-11-12T10:39:56.109,24.25,-3.4286564731171656,-9.895401182191526,6.185070167870633
1636731596119,2021-11-12T10:39:56.119,24.26,-3.132116169525121,-9.168155947423475,6.73123937118921
1636731596129,2021-11-12T10:39:56.129,24.27,-2.500453026866265,-8.764128978588728,7.405155241297711
1636731596139,2021-11-12T10:39:56.139,24.28,-1.8440341502475857,-8.70246706779822,7.975029798940813
1636731596149,2021-11-12T10:39:56.149,24.29,-1.5649698990054293,-8.961603689867975,8.244527929716766
1636731596159,2021-11-12T10:39:56.159,24.3,-1.7087884031585394,-9.408739598213478,8.237507065547629
1636731596169,2021-11-12T10:39:56.169,24.31,-1.9519962630260115,-9.902037690942196,8.040051054264513
1636731596179,2021-11-12T10:39:56.179,24.32,-1.9681052773819196,-10.389181176454542,7.647200886036632
1636731596189,2021-11-12T10:39:56.189,24.33,-1.638815121845218,-10.836616930024068,7.086629026983365
1636731596199,2021-11-12T10:39:56.199,24.34,-1.0223721072973395,-11.161276876832137,6.5054947828693654
1636731596209,2021-11-12T10:39:56.209,24.35,-0.3125602413092079,-11.305741436986207,5.993851881434774
1636731596219,2021-11-12T10:39:56.219,24.36,0.25652465903735094,-11.298120532968031,5.463243245566769
1636731596229,2021-11-12T10:39:56.229,24.37,0.6086378641074774,-11.174122929200365,4.806139966778687
1636731596239,2021-11-12T10:39:56.239,24.38,0.8630968202979232,-10.888781597412766,4.065212221919461
1636731596249,2021-11-12T10:39:56.249,24.39,1.1382699623513095,-10.362561860515648,3.3510920986753385
1636731596259,2021-11-12T10:39:56.259,24.4,1.4114260242109982,-9.613623437892892,2.650972963342338
1636731596269,2021-11-12T10:39:56.269,24.41,1.5915768326011825,-8.790118551568206,1.8324356423699406
1636731596279,2021-11-12T10:39:56.279,24.42,1.6779542439079078,-8.032189245926961,0.8806930306680261
1636731596289,2021-11-12T10:39:56.289,24.43,1.7821249301497484,-7.367445179551015,0.025360481361998644
1636731596299,2021-11-12T10:39:56.299,24.44,1.9115479378407496,-6.802504086591707,-0.5025293046830018
1636731596309,2021-11-12T10:39:56.309,24.45,1.825515404721913,-6.40814866037511,-0.7632278713599566
1636731596319,2021-11-12T10:39:56.319,24.46,1.3306634510684967,-6.208318508132777,-0.9968635849716118
1636731596329,2021-11-12T10:39:56.329,24.47,0.6250099717864741,-6.089816784618124,-1.3241201027971756
1636731596339,2021-11-12T10:39:56.339,24.48,0.04191692441210286,-5.927516117484643,-1.7721347250010937
1636731596349,2021-11-12T10:39:56.349,24.49,-0.43587491554102886,-5.699914719124987,-2.4662867462674916
1636731596359,2021-11-12T10:39:56.359,24.5,-1.050541091612017,-5.4053034209422055,-3.5022245263636966
1636731596369,2021-11-12T10:39:56.369,24.51,-1.7872470162798164,-4.997359700876663,-4.692924482540136
1636731596379,2021-11-12T10:39:56.379,24.52,-2.397606910986424,-4.498240828812628,-5.676471027215988
1636731596389,2021-11-12T10:39:56.389,24.53,-2.787556282893921,-4.0520807474674925,-6.221021279990494
1636731596399,2021-11-12T10:39:56.399,24.54,-3.0377970737359408,-3.774931871434876,-6.327325262470444
1636731596409,2021-11-12T10:39:56.409,24.55,-3.150230869060956,-3.651492894068248,-6.150831995180169
1636731596419,2021-11-12T10:39:56.419,24.56,-3.0620674910679933,-3.6303355431924684,-5.797371887633885
1636731596429,2021-11-12T10:39:56.429,24.57,-2.8160972388476893,-3.6965556639792996,-5.117215851917109
1636731596439,2021-11-12T10:39:56.439,24.58,-2.5153445276252664,-3.807723268420595,-4.082189219800717
1636731596449,2021-11-12T10:39:56.449,24.59,-2.220117734188686,-3.903699315725356,-3.4380186493789107
1636731596459,2021-11-12T10:39:56.459,24.6,-2.0366828123588423,-4.0071982104516835,-4.012529544161005
1636731596469,2021-11-12T10:39:56.469,24.61,-2.1708085915136173,-4.141467004375164,-5.168359084440169
1636731596479,2021-11-12T10:39:56.479,24.62,-2.713665173404518,-4.183241380185355,-5.396826968863698
1636731596489,2021-11-12T10:39:56.489,24.63,-3.4010105850077226,-4.037595622505464,-4.653425583118819
1636731596499,2021-11-12T10:39:56.499,24.64,-3.7109722227972806,-3.8474724672298715,-4.370747617326746
1636731596509,2021-11-12T10:39:56.509,24.65,-3.2944818958472166,-3.7503192751920205,-5.130576433134738
1636731596519,2021-11-12T10:39:56.519,24.66,-2.3014928705516438,-3.631133845201032,-6.073818999424616
1636731596529,2021-11-12T10:39:56.529,24.67,-1.2214148960718492,-3.3778196205090034,-6.492851804188458
1636731596539,2021-11-12T10:39:56.539,24.68,-0.48100726466715293,-3.1104839240613447,-6.551387036825767
1636731596549,2021-11-12T10:39:56.549,24.69,-0.2599736435323191,-2.9464821474783474,-6.559523387007131
1636731596559,2021-11-12T10:39:56.559,24.7,-0.47598456034295883,-2.7790690246872787,-6.51584319443175
1636731596569,2021-11-12T10:39:56.569,24.71,-0.8142026142297744,-2.4396346128804343,-6.322755584485373
1636731596579,2021-11-12T10:39:56.579,24.72,-0.9732801059966274,-1.9357801277222921,-5.954593479759891
1636731596589,2021-11-12T10:39:56.589,24.73,-0.9383992932517142,-1.4185358911645394,-5.422173764914568
1636731596599,2021-11-12T10:39:56.599,24.74,-0.8630421702564866,-0.9712530081483809,-4.7765942252226985
1636731596609,2021-11-12T10:39:56.609,24.75,-0.7890083886444408,-0.5448902976345821,-4.127260939496848
1636731596619,2021-11-12T10:39:56.619,24.76,-0.6675048015319707,-0.10470563579430546,-3.5666966052458626
1636731596629,2021-11-12T10:39:56.629,24.77,-0.5225252370006904,0.29218544658104845,-3.106403186904782
1636731596639,2021-11-12T10:39:56.639,24.78,-0.4115026948781778,0.618358716744019,-2.732129430103318
1636731596649,2021-11-12T10:39:56.649,24.79,-0.30276903817677436,0.9586449585571029,-2.4862712456043767
1636731596659,2021-11-12T10:39:56.659,24.8,-0.11197408422843727,1.3981953884663965,-2.466887050703155
1636731596669,2021-11-12T10:39:56.669,24.81,0.18791177915248553,1.9040506411221974,-2.7552742707652946
1636731596679,2021-11-12T10:39:56.679,24.82,0.5547627789670224,2.3796309782324547,-3.3273835350585412
1636731596689,2021-11-12T10:39:56.689,24.83,0.9247008319464697,2.7902712937262075,-4.034968013541672
1636731596699,2021-11-12T10:39:56.699,24.84,1.2426576326589245,3.181736047701466,-4.700113112159515
1636731596709,2021-11-12T10:39:56.709,24.85,1.4850226638195296,3.5921838257787195,-5.205126340137582
1636731596719,2021-11-12T10:39:56.719,24.86,1.6357283496331816,3.9900531777620345,-5.4820148660867964
1636731596729,2021-11-12T10:39:56.729,24.87,1.6429233096403189,4.30810847693781,-5.4740730400904045
1636731596739,2021-11-12T10:39:56.739,24.88,1.515035643122888,4.517298986282467,-5.146319138624076
1636731596749,2021-11-12T10:39:56.749,24.89,1.4352774611124466,4.664405693100058,-4.561995917751238
1636731596759,2021-11-12T10:39:56.759,24.9,1.5655083799298604,4.856569561127174,-3.9511669805735856
1636731596769,2021-11-12T10:39:56.769,24.91,1.7669333357576646,5.196426506575451,-3.587508940086895
1636731596779,2021-11-12T10:39:56.779,24.92,1.777548319555604,5.702362444976748,-3.542639542236315
1636731596789,2021-11-12T10:39:56.789,24.93,1.603785055271734,6.307206067949538,-3.681557721749991
1636731596799,2021-11-12T10:39:56.799,24.94,1.4537286032710854,6.945169336164987,-3.8930038493055283
1636731596809,2021-11-12T10:39:56.809,24.95,1.3624190466979587,7.591343316959338,-4.152083587778625
1636731596819,2021-11-12T10:39:56.819,24.96,1.1603158952371522,8.205860111516305,-4.382077158173821
1636731596829,2021-11-12T10:39:56.829,24.97,0.7736799005825019,8.713087994715007,-4.443486180086164
1636731596839,2021-11-12T10:39:56.839,24.98,0.33999328951301006,9.070092509600679,-4.260872950852841
1636731596849,2021-11-12T10:39:56.849,24.99,0.013401931740013973,9.30593031731596,-3.841765091796427
1636731596859,2021-11-12T10:39:56.859,25.0,-0.19909822829406632,9.465813920920851,-3.204591918762912
1636731596869,2021-11-12T10:39:56.869,25.01,-0.36186099674690364,9.550646967871831,-2.3841673326965265
1636731596879,2021-11-12T10:39:56.879,25.02,-0.48594738978148994,9.535660034547938,-1.4822020620321166
1636731596889,2021-11-12T10:39:56.889,25.03,-0.5719749364777835,9.420392025996325,-0.6565219544470404
1636731596899,2021-11-12T10:39:56.899,25.04,-0.6913901130492286,9.223284086834683,-0.05637002677439787
1636731596909,2021-11-12T10:39:56.909,25.05,-0.8969627433633364,8.943805414473164,0.255385120200182
1636731596919,2021-11-12T10:39:56.919,25.06,-1.09527614420194,8.575244593771664,0.33662145908730234
1636731596929,2021-11-12T10:39:56.929,25.07,-1.1372799018258397,8.144705644536707,0.2935052908084731
1636731596939,2021-11-12T10:39:56.939,25.08,-1.018673112426241,7.6934093181242815,0.17349362354325892
1636731596949,2021-11-12T10:39:56.949,25.09,-0.8628384274455037,7.218481469251487,-0.032650738495229086
1636731596959,2021-11-12T10:39:56.959,25.1,-0.7123156655910432,6.666857160193167,-0.30350705122834387
1636731596969,2021-11-12T10:39:56.969,25.11,-0.486261795015533,5.993977882825121,-0.5602879276701231
1636731596979,2021-11-12T10:39:56.979,25.12,-0.16136658975407012,5.217633728100405,-0.7379841226359101
1636731596989,2021-11-12T10:39:56.989,25.13,0.16638206449680634,4.399739132677988,-0.853725032151968
1636731596999,2021-11-12T10:39:56.999,25.14,0.4427101482905219,3.5782363376884123,-0.9788134366439019
1636731597009,2021-11-12T10:39:57.009,25.15,0.7273907496878363,2.7589976231909263,-1.1477048516220023
1636731597019,2021-11-12T10:39:57.019,25.16,1.0581488940383754,1.988459530777579,-1.3297620772263565
1636731597029,2021-11-12T10:39:57.029,25.17,1.38171562619083,1.3722465956853165,-1.497457077970102
1636731597039,2021-11-12T10:39:57.039,25.18,1.6647662043333098,0.991685305388898,-1.6751096293164873
1636731597049,2021-11-12T10:39:57.049,25.19,1.9404673461890374,0.8492642203899343,-1.889294742781225
1636731597059,2021-11-12T10:39:57.059,25.2,2.204449886727719,0.8987077011505419,-2.0962243871203095
1636731597069,2021-11-12T10:39:57.069,25.21,2.394134578590678,1.0853921368439399,-2.1999255733924414
1636731597079,2021-11-12T10:39:57.079,25.22,2.505476796702393,1.3781419737409313,-2.1596846603696704
1636731597089,2021-11-12T10:39:57.089,25.23,2.59118925386329,1.7729993028774278,-2.0524091224946197
1636731597099,2021-11-12T10:39:57.099,25.24,2.6001298821311374,2.2172483041848174,-1.983529752636696
1636731597109,2021-11-12T10:39:57.109,25.25,2.361382701740773,2.5677228587637346,-1.9527953140383196
1636731597119,2021-11-12T10:39:57.119,25.26,1.817595124258327,2.7103210135488274,-1.868482536791113
1636731597129,2021-11-12T10:39:57.129,25.27,1.21895379114193,2.6814053817990837,-1.668928192098368
1636731597139,2021-11-12T10:39:57.139,25.28,0.9912639233757276,2.608323735066277,-1.356672618188378
1636731597149,2021-11-12T10:39:57.149,25.29,1.3314031054944055,2.568699467284296,-0.9556283098563174
1636731597159,2021-11-12T10:39:57.159,25.3,1.9623828205754805,2.5388612566510855,-0.5226553499535791
1636731597169,2021-11-12T10:39:57.169,25.31,2.393346685548975,2.451798540365473,-0.16548357422173054
1636731597179,2021-11-12T10:39:57.179,25.32,2.3704605637338036,2.2762593317927706,0.02772853589381764
1636731597189,2021-11-12T10:39:57.189,25.33,1.9952926860892237,2.0346448656451654,0.06770857572361777
1636731597199,2021-11-12T10:39:57.199,25.34,1.5450239019882113,1.785102603733445,0.051228250951856694
1636731597209,2021-11-12T10:39:57.209,25.35,1.2677459693515092,1.614058809251881,0.08559537722978955
1636731597219,2021-11-12T10:39:57.219,25.36,1.2234642781038716,1.5812153335357015,0.21960715470740694
1636731597229,2021-11-12T10:39:57.229,25.37,1.2692328222092566,1.6339678991023123,0.43173292135603125
1636731597239,2021-11-12T10:39:57.239,25.38,1.2348756628733955,1.6583164161202133,0.6840846583253749
1636731597249,2021-11-12T10:39:57.249,25.39,1.0631857360137573,1.642866616934199,0.949469973154851
1636731597259,2021-11-12T10:39:57.259,25.4,0.7882560747350181,1.6893634518366354,1.1606228005195574
1636731597269,2021-11-12T10:39:57.269,25.41,0.49023288508084034,1.8335581013171058,1.2098365450941397
1636731597279,2021-11-12T10:39:57.279,25.42,0.26975236149024895,1.9710470326682783,1.0572194840819225
1636731597289,2021-11-12T10:39:57.289,25.43,0.18486051635809614,2.0056360758926655,0.7786489704805912
1636731597299,2021-11-12T10:39:57.299,25.44,0.22439306561112715,1.970522831196102,0.4698438085855954
1636731597309,2021-11-12T10:39:57.309,25.45,0.3568033061064152,1.941946990062954,0.1661604042422536
1636731597319,2021-11-12T10:39:57.319,25.46,0.5379525380979548,1.905502928116337,-0.11324192464224292
1636731597329,2021-11-12T10:39:57.329,25.47,0.6772564975373119,1.7816667967541084,-0.303768236618673
1636731597339,2021-11-12T10:39:57.339,25.48,0.7023994827903274,1.5582478001987075,-0.3284647844972142
1636731597349,2021-11-12T10:39:57.349,25.49,0.663274534393887,1.3335454089889571,-0.173316152458163
1636731597359,2021-11-12T10:39:57.359,25.5,0.6705847123990913,1.206885038036909,0.09705212930631865
1636731597369,2021-11-12T10:39:57.369,25.51,0.7286674192243148,1.1632460003999188,0.3851573523866585
1636731597379,2021-11-12T10:39:57.379,25.52,0.722158067183851,1.1137375427706917,0.6170091624092713
1636731597389,2021-11-12T10:39:57.389,25.53,0.5806684958980217,1.0266017408638943,0.7799517364104918
1636731597399,2021-11-12T10:39:57.399,25.54,0.3853289231545455,0.947438134021771,0.9090456458436595
1636731597409,2021-11-12T10:39:57.409,25.55,0.28311822256827623,0.9012362738280307,1.0248104292030122
1636731597419,2021-11-12T10:39:57.419,25.56,0.33568271459898835,0.8563126715035259,1.1108153589242624
1636731597429,2021-11-12T10:39:57.429,25.57,0.48157799230636733,0.7924563143238808,1.1692867957999962
1636731597439,2021-11-12T10:39:57.439,25.58,0.6132222870892203,0.7391045287024597,1.2467521862816167
1636731597449,2021-11-12T10:39:57.449,25.59,0.6556859477953108,0.730280587884464,1.36168949479801
1636731597459,2021-11-12T10:39:57.459,25.6,0.5958435879750944,0.7628169291273348,1.4586000782596154
1636731597469,2021-11-12T10:39:57.469,25.61,0.46941473098018904,0.8160012488616715,1.4901757443731085
1636731597479,2021-11-12T10:39:57.479,25.62,0.32800004470803895,0.8895563713729544,1.488255306174425
1636731597489,2021-11-12T10:39:57.489,25.63,0.22507840534186827,1.0053095755086676,1.490938383650518
1636731597499,2021-11-12T10:39:57.499,25.64,0.20582905202275104,1.1807695042919986,1.465078168294274
1636731597509,2021-11-12T10:39:57.509,25.65,0.2615214754047299,1.4122593840544067,1.3651096397088391
1636731597519,2021-11-12T10:39:57.519,25.66,0.3207452408419065,1.6797463745024999,1.2131090661139305
1636731597529,2021-11-12T10:39:57.529,25.67,0.32027118411541533,1.955729873524216,1.0748109750650172
1636731597539,2021-11-12T10:39:57.539,25.68,0.22689889791722756,2.2049760954699185,0.9910924389450553
1636731597549,2021-11-12T10:39:57.549,25.69,0.0040927096070683365,2.391932558936461,0.954169454514187
1636731597559,2021-11-12T10:39:57.559,25.7,-0.3113920383120337,2.5024716682126322,0.9376181832348527
1636731597569,2021-11-12T10:39:57.569,25.71,-0.536513915007616,2.546703883649384,0.9353847446114498
1636731597579,2021-11-12T10:39:57.579,25.72,-0.5270624140122884,2.5394378885575786,0.9536319676768452
1636731597589,2021-11-12T10:39:57.589,25.73,-0.39704171211008044,2.4998915701836166,0.9774154622422543
1636731597599,2021-11-12T10:39:57.599,25.74,-0.3651932858950089,2.454358764823614,0.9968685165710363
1636731597609,2021-11-12T10:39:57.609,25.75,-0.44057424911358734,2.3948855746711355,1.0590712332795702
1636731597619,2021-11-12T10:39:57.619,25.76,-0.47261642667216197,2.2618346473673756,1.21802204516584
1636731597629,2021-11-12T10:39:57.629,25.77,-0.45406769671251845,2.0284960736903024,1.4380066054432061
1636731597639,2021-11-12T10:39:57.639,25.78,-0.5251045633807159,1.7654868549924925,1.6342225082028334
1636731597649,2021-11-12T10:39:57.649,25.79,-0.6897406644744879,1.5595826698568644,1.7941713501115337
1636731597659,2021-11-12T10:39:57.659,25.8,-0.7587891487899934,1.4249039177843592,1.9701368597140356
1636731597669,2021-11-12T10:39:57.669,25.81,-0.6079531803203593,1.3417153040148269,2.181873280716792
1636731597679,2021-11-12T10:39:57.679,25.82,-0.32982245445356584,1.3067870768174406,2.4086002890934908
1636731597689,2021-11-12T10:39:57.689,25.83,-0.08530749054007619,1.3135012997499487,2.6420861978979593
1636731597699,2021-11-12T10:39:57.699,25.84,0.08084049011614959,1.3534645584359952,2.885357863759789
1636731597709,2021-11-12T10:39:57.709,25.85,0.22540475245953695,1.4456608242053433,3.1323378372832833
1636731597719,2021-11-12T10:39:57.719,25.86,0.3905750534977956,1.616900163256548,3.371810783156027
1636731597729,2021-11-12T10:39:57.729,25.87,0.5447856308391118,1.8693791664109312,3.56359248630308
1636731597739,2021-11-12T10:39:57.739,25.88,0.6155554868803017,2.178426753290699,3.635941181418983
1636731597749,2021-11-12T10:39:57.749,25.89,0.6185123919555311,2.488336310747298,3.579207097919719
1636731597759,2021-11-12T10:39:57.759,25.9,0.7143777836704113,2.7370563533088514,3.4677938974880202
1636731597769,2021-11-12T10:39:57.769,25.91,0.9780646712040044,2.9222739675106286,3.328217947508491
1636731597779,2021-11-12T10:39:57.779,25.92,1.1773844465541403,3.083193332230551,3.14462571978592
1636731597789,2021-11-12T10:39:57.789,25.93,1.014786650452657,3.200104570703167,3.003297059714133
1636731597799,2021-11-12T10:39:57.799,25.94,0.5612255184650478,3.215907614955407,2.9638741496759176
1636731597809,2021-11-12T10:39:57.809,25.95,0.27108333835830933,3.169982843088461,2.875264977753846
1636731597819,2021-11-12T10:39:57.819,25.96,0.5300130908128766,3.187942068641215,2.6646832901984374
1636731597829,2021-11-12T10:39:57.829,25.97,1.2335356930310228,3.3092624009433393,2.594313851381873
1636731597839,2021-11-12T10:39:57.839,25.98,1.8905124085470253,3.420098738588624,2.877218169922936
1636731597849,2021-11-12T10:39:57.849,25.99,2.146975854757752,3.3925797161121976,3.328314043029578
1636731597859,2021-11-12T10:39:57.859,26.0,2.0334477739091463,3.2345418647284907,3.6472906293597163
1636731597869,2021-11-12T10:39:57.869,26.01,1.7197701982517715,3.070926153587849,3.7423130767172674
1636731597879,2021-11-12T10:39:57.879,26.02,1.3631788937355163,3.0112953589989075,3.6591524878747466
1636731597889,2021-11-12T10:39:57.889,26.03,1.1937142373900977,3.065895904997425,3.467357968910022
1636731597899,2021-11-12T10:39:57.899,26.04,1.3548509198906746,3.172779467774422,3.2566626851871345
1636731597909,2021-11-12T10:39:57.909,26.05,1.6419465771740147,3.267393195894246,3.0627505588802855
1636731597919,2021-11-12T10:39:57.919,26.06,1.7030992792826125,3.3075899684132484,2.8312618268703753
1636731597929,2021-11-12T10:39:57.929,26.07,1.4642210164138207,3.263874319168961,2.5600735137424584
1636731597939,2021-11-12T10:39:57.939,26.08,1.1510748601133782,3.144882442741518,2.362666291058123
1636731597949,2021-11-12T10:39:57.949,26.09,0.9744776348100896,3.0155528741390922,2.3045809483454582
1636731597959,2021-11-12T10:39:57.959,26.1,0.9495302985704943,2.915046022465721,2.313758277883106
1636731597969,2021-11-12T10:39:57.969,26.11,0.9788267857390247,2.7861625046490754,2.3169857362646575
1636731597979,2021-11-12T10:39:57.979,26.12,1.0112629065772785,2.5685870351086044,2.3326393899898212
1636731597989,2021-11-12T10:39:57.989,26.13,1.085995742214159,2.306251493925612,2.37610503410333
1636731597999,2021-11-12T10:39:57.999,26.14,1.2187700396656314,2.075688334453175,2.38793472383493
1636731598009,2021-11-12T10:39:58.009,26.15,1.3021881220594207,1.8795564673255343,2.329728050396446
1636731598019,2021-11-12T10:39:58.019,26.16,1.230960276253078,1.6899467400629238,2.285930005576295
1636731598029,2021-11-12T10:39:58.029,26.17,1.103139602333624,1.5173585156874605,2.3767145421316584
1636731598039,2021-11-12T10:39:58.039,26.18,1.0993841884793625,1.3671594021120281,2.5820733782276126
1636731598049,2021-11-12T10:39:58.049,26.19,1.1494159605733179,1.2038450714951938,2.750149613308695
1636731598059,2021-11-12T10:39:58.059,26.2,1.0092049474879774,1.0231441141712567,2.803776453536249
1636731598069,2021-11-12T10:39:58.069,26.21,0.7331654027835488,0.9052949330211857,2.843190508470725
1636731598079,2021-11-12T10:39:58.079,26.22,0.7063071473125763,0.9335221072630848,2.9942350437995264
1636731598089,2021-11-12T10:39:58.089,26.23,1.0817792537996538,1.0807260850991538,3.23791421881522
1636731598099,2021-11-12T10:39:58.099,26.24,1.5311428634894375,1.2371275024356172,3.455707469131746
1636731598109,2021-11-12T10:39:58.109,26.25,1.6688371255031793,1.3413218517989696,3.5803959194250137
1636731598119,2021-11-12T10:39:58.119,26.26,1.4455250124746861,1.4094976498449552,3.6248595003683075
1636731598129,2021-11-12T10:39:58.129,26.27,1.068539109464639,1.4441145637612716,3.595335491850472
1636731598139,2021-11-12T10:39:58.139,26.28,0.7581800228312253,1.409749580074584,3.465363308857965
1636731598149,2021-11-12T10:39:58.149,26.29,0.6271995175091445,1.3041945684710359,3.2544651109312177
1636731598159,2021-11-12T10:39:58.159,26.3,0.6769480385504292,1.1709747633144403,3.0648883059663685
1636731598169,2021-11-12T10:39:58.169,26.31,0.8610519312497511,1.029927933613156,2.9892573338089816
1636731598179,2021-11-12T10:39:58.179,26.32,1.1419388383195272,0.8532023079854207,3.0235155639284885
1636731598189,2021-11-12T10:39:58.189,26.33,1.4706081747209223,0.6291683781646188,3.124467747492616
1636731598199,2021-11-12T10:39:58.199,26.34,1.7673925127194556,0.40877264282401493,3.288181176743014
1636731598209,2021-11-12T10:39:58.209,26.35,1.9850055238416981,0.2565555463889446,3.480857253679728
1636731598219,2021-11-12T10:39:58.219,26.36,2.1405166625507377,0.18652850561183815,3.576431988425318
1636731598229,2021-11-12T10:39:58.229,26.37,2.235630532672005,0.18403131141768592,3.4967705750674516
1636731598239,2021-11-12T10:39:58.239,26.38,2.224240428866872,0.2639531974141255,3.335657340430507
1636731598249,2021-11-12T10:39:58.249,26.39,2.1134999055049297,0.4603604679288837,3.2109980722522247
1636731598259,2021-11-12T10:39:58.259,26.4,2.0072518608601766,0.7660122356307124,3.0898929124323353
1636731598269,2021-11-12T10:39:58.269,26.41,1.9818563909241584,1.1218548885441055,2.895405191323751
1636731598279,2021-11-12T10:39:58.279,26.42,1.9888762825201924,1.4651964275468756,2.6815095993188063
1636731598289,2021-11-12T10:39:58.289,26.43,1.950517365258928,1.7599025141330493,2.5645828745950663
1636731598299,2021-11-12T10:39:58.299,26.44,1.8939252471341304,1.993846721946892,2.573434122012158
1636731598309,2021-11-12T10:39:58.309,26.45,1.8961226791225934,2.1718778035364643,2.677888107610616
1636731598319,2021-11-12T10:39:58.319,26.46,1.9391488221841406,2.295347584702885,2.8705340768709835
1636731598329,2021-11-12T10:39:58.329,26.47,1.9462372059505908,2.3448317333064344,3.1308163976499195
1636731598339,2021-11-12T10:39:58.339,26.48,1.924522148863721,2.2984342097771133,3.402824348929307
1636731598349,2021-11-12T10:39:58.349,26.49,1.9227829626235136,2.149913551845577,3.6794161336632967
1636731598359,2021-11-12T10:39:58.359,26.5,1.8899216857371521,1.904924564709897,4.023891136519546
1636731598369,2021-11-12T10:39:58.369,26.51,1.741481965937885,1.5952493053038248,4.453850346560249
1636731598379,2021-11-12T10:39:58.379,26.52,1.5421271740853384,1.2884872189879388,4.878591419309133
1636731598389,2021-11-12T10:39:58.389,26.53,1.4600974500983692,1.0400991460703113,5.207715366539399
1636731598399,2021-11-12T10:39:58.399,26.54,1.5239624056111651,0.8506129644846501,5.454144593256591
1636731598409,2021-11-12T10:39:58.409,26.55,1.5844866544999294,0.704966057046912,5.665843712075232
1636731598419,2021-11-12T10:39:58.419,26.56,1.581503473053456,0.6303662620397023,5.8385478747115
1636731598429,2021-11-12T10:39:58.429,26.57,1.6309140825023198,0.674528777419883,5.963396551664349
1636731598439,2021-11-12T10:39:58.439,26.58,1.7011713177996595,0.8241093261985527,6.036544379034895
1636731598449,2021-11-12T10:39:58.449,26.59,1.4998966709335444,0.9816352488964408,5.956111294745473
1636731598459,2021-11-12T10:39:58.459,26.6,0.9266278214878388,1.058662483436618,5.57769623290991
1636731598469,2021-11-12T10:39:58.469,26.61,0.34689999970373053,1.0544888730065014,4.948619943675515
1636731598479,2021-11-12T10:39:58.479,26.62,0.19174337891292234,0.9941251716958653,4.3363716549124405
1636731598489,2021-11-12T10:39:58.489,26.63,0.5243666833156011,0.8481704427973296,3.954334631838848
1636731598499,2021-11-12T10:39:58.499,26.64,1.0569869175448003,0.5671459994091435,3.732489692719538
1636731598509,2021-11-12T10:39:58.509,26.65,1.3677166783500152,0.1367454773845666,3.3788652428991544
1636731598519,2021-11-12T10:39:58.519,26.66,1.2085999668828804,-0.42031423375636534,2.6435789085833488
1636731598529,2021-11-12T10:39:58.529,26.67,0.7680199385871906,-1.0534763663629239,1.518698993173602
1636731598539,2021-11-12T10:39:58.539,26.68,0.438940796936252,-1.708891063938157,0.1908130792079361
1636731598549,2021-11-12T10:39:58.549,26.69,0.3386568189319903,-2.3495101814612145,-1.1181529592034583
1636731598559,2021-11-12T10:39:58.559,26.7,0.3142828663055624,-2.9246634454841356,-2.220914622564459
1636731598569,2021-11-12T10:39:58.569,26.71,0.2497110551375444,-3.3724449576334834,-3.038388943985488
1636731598579,2021-11-12T10:39:58.579,26.72,0.08211161238843967,-3.6954652330623405,-3.7139345955846146
1636731598589,2021-11-12T10:39:58.589,26.73,-0.28508976740182335,-3.980008408822748,-4.502068517693223
1636731598599,2021-11-12T10:39:58.599,26.74,-0.8833803322855365,-4.3311845688472035,-5.449628175213785
1636731598609,2021-11-12T10:39:58.609,26.75,-1.6368734102961326,-4.832634664056978,-6.329788075349645
1636731598619,2021-11-12T10:39:58.619,26.76,-2.4611289080719176,-5.532443240524093,-6.93434649110583
1636731598629,2021-11-12T10:39:58.629,26.77,-3.2966360333845044,-6.424978990657451,-7.256232920927644
1636731598639,2021-11-12T10:39:58.639,26.78,-4.0950649481869394,-7.4690421855576075,-7.381418663501478
1636731598649,2021-11-12T10:39:58.649,26.79,-4.8401534173910505,-8.608196310631206,-7.493425366289452
1636731598659,2021-11-12T10:39:58.659,26.8,-5.515010838528158,-9.754731673010273,-7.975974449342656
1636731598669,2021-11-12T10:39:58.669,26.81,-6.062010863333953,-10.821145881111278,-8.946045906650623
1636731598679,2021-11-12T10:39:58.679,26.82,-6.481020344592141,-11.788633698592296,-9.634763163016013
1636731598689,2021-11-12T10:39:58.689,26.83,-6.878611019551331,-12.669178619533557,-9.185422339204646
1636731598699,2021-11-12T10:39:58.699,26.84,-7.253000016740244,-13.404343462727184,-8.173473276911174
1636731598709,2021-11-12T10:39:58.709,26.85,-7.4218302082002765,-13.900446217246813,-7.973336718565797
1636731598719,2021-11-12T10:39:58.719,26.86,-7.417045151884792,-14.17500506322503,-8.55190071776923
1636731598729,2021-11-12T10:39:58.729,26.87,-7.623341241527534,-14.370619258031711,-8.545935605752735
1636731598739,2021-11-12T10:39:58.739,26.88,-8.15211921490219,-14.588487334271473,-7.512596899153657
1636731598749,2021-11-12T10:39:58.749,26.89,-8.462879467007363,-14.794888420970981,-6.462225007327891
1636731598759,2021-11-12T10:39:58.759,26.9,-8.00177064562343,-14.925394670372603,-6.233661125194265
1636731598769,2021-11-12T10:39:58.769,26.91,-6.83280878742025,-14.959216910949314,-6.672397090513414
1636731598779,2021-11-12T10:39:58.779,26.92,-5.337472121895303,-14.838231601929197,-7.317645954140197
1636731598789,2021-11-12T10:39:58.789,26.93,-3.718452750366447,-14.466769358645264,-7.897729872647118
1636731598799,2021-11-12T10:39:58.799,26.94,-2.095083244477004,-13.864535747878392,-8.107413480938252
1636731598809,2021-11-12T10:39:58.809,26.95,-0.7399291692306738,-13.175478960745972,-7.551745803216992
1636731598819,2021-11-12T10:39:58.819,26.96,0.08110414317722041,-12.468654562143577,-6.123937698329756
1636731598829,2021-11-12T10:39:58.829,26.97,0.36651089040711493,-11.644574264530682,-4.229139880236373
1636731598839,2021-11-12T10:39:58.839,26.98,0.3177394566332987,-10.570570121530828,-2.552246246756436
1636731598849,2021-11-12T10:39:58.849,26.99,0.07073483356641203,-9.250367412950657,-1.6481644483175875
1636731598859,2021-11-12T10:39:58.859,27.0,-0.45007806792832006,-7.871045565401971,-1.6859962852846468
1636731598869,2021-11-12T10:39:58.869,27.01,-1.4138907182639602,-6.715499877273332,-2.4420387496050893
1636731598879,2021-11-12T10:39:58.879,27.02,-2.7949534474270816,-5.994908456394041,-3.4655978640313183
1636731598889,2021-11-12T10:39:58.889,27.03,-4.2114563616664,-5.7165686872476025,-4.275893058285102
1636731598899,2021-11-12T10:39:58.899,27.04,-5.152895450287464,-5.6999964288206915,-4.47977106627919
1636731598909,2021-11-12T10:39:58.909,27.05,-5.367093057184455,-5.722294705837522,-3.8439564117405203
1636731598919,2021-11-12T10:39:58.919,27.06,-4.945060885577772,-5.642920646053867,-2.438238985545833
1636731598929,2021-11-12T10:39:58.929,27.07,-4.199608739756046,-5.395808329794251,-0.7588543013503293
1636731598939,2021-11-12T10:39:58.939,27.08,-3.643146950327517,-4.897415622716537,0.4742094310032422
1636731598949,2021-11-12T10:39:58.949,27.09,-3.7359467549231793,-4.010093305082372,0.8487160705214483
1636731598959,2021-11-12T10:39:58.959,27.1,-4.305568725627763,-2.6508437836663234,0.5967129943245684
1636731598969,2021-11-12T10:39:58.969,27.11,-4.622006212627598,-0.9907263074336546,0.3534335423633105
1636731598979,2021-11-12T10:39:58.979,27.12,-4.400989524136297,0.47573856997557823,0.6708776165475578
1636731598989,2021-11-12T10:39:58.989,27.13,-4.14417777990634,1.1935624183737676,1.8001072756703245
1636731598999,2021-11-12T10:39:58.999,27.14,-4.111321216643811,0.988301824752426,3.6775740794231755
1636731599009,2021-11-12T10:39:59.009,27.15,-3.8339490182247804,0.2025658224115167,5.782418049207416
1636731599019,2021-11-12T10:39:59.019,27.16,-3.244233971266709,-0.649742148413354,7.09658648379528
1636731599029,2021-11-12T10:39:59.029,27.17,-3.274526875623981,-1.23795721680061,6.741498066704251
1636731599039,2021-11-12T10:39:59.039,27.18,-4.484839559041511,-1.3612470424783927,4.939013572299341
1636731599049,2021-11-12T10:39:59.049,27.19,-5.976218150932726,-0.8031194601042055,2.975734329123849
1636731599059,2021-11-12T10:39:59.059,27.2,-6.449844284954075,0.48031446051523236,1.9197589289111496
1636731599069,2021-11-12T10:39:59.069,27.21,-5.567723842908162,2.108661173049989,1.7131720256545502
1636731599079,2021-11-12T10:39:59.079,27.22,-3.8701698488552636,3.411399665440719,1.713252638116975
1636731599089,2021-11-12T10:39:59.089,27.23,-2.3087374139347148,3.8188510440364993,1.5840011182135112
1636731599099,2021-11-12T10:39:59.099,27.24,-2.0012297269806023,3.1801412220018315,1.3085381843134982
1636731599109,2021-11-12T10:39:59.109,27.25,-3.3528217308755623,1.9248462928731085,0.792612489947693
1636731599119,2021-11-12T10:39:59.119,27.26,-5.2797734004950385,0.9361459633717079,-0.04931236593254787
1636731599129,2021-11-12T10:39:59.129,27.27,-6.074862862686312,1.0169084227795255,-0.9076427322455205
1636731599139,2021-11-12T10:39:59.139,27.28,-5.039373340032041,2.305928609539915,-1.1511130712906337
1636731599149,2021-11-12T10:39:59.149,27.29,-2.9554415631403357,4.1704064216168755,-0.5451830602784349
1636731599159,2021-11-12T10:39:59.159,27.3,-1.2743435813726827,5.617424485756124,0.245318676800732
1636731599169,2021-11-12T10:39:59.169,27.31,-1.0705232690090334,5.877077185923692,0.3120166142136499
1636731599179,2021-11-12T10:39:59.179,27.32,-2.5020261277004874,4.888155474991011,-0.3672513769080254
1636731599189,2021-11-12T10:39:59.189,27.33,-4.839561564690777,3.5290374596235807,-0.9782852212157191
1636731599199,2021-11-12T10:39:59.199,27.34,-6.584002324141708,3.282744752131567,-1.0265086507679986
1636731599209,2021-11-12T10:39:59.209,27.35,-5.949956962687715,5.112999171371799,-0.8884757563143615
1636731599219,2021-11-12T10:39:59.219,27.36,-2.6019303248040897,8.277592098358355,-1.1260014591601466
1636731599229,2021-11-12T10:39:59.229,27.37,1.002211458163181,10.579864737222437,-1.6545153258129335
1636731599239,2021-11-12T10:39:59.239,27.38,1.7181263691071567,10.263768871350546,-1.9105327716472833
1636731599249,2021-11-12T10:39:59.249,27.39,-0.5291383243630221,7.520884931798415,-1.7402789363824585
1636731599259,2021-11-12T10:39:59.259,27.4,-2.761786539094142,3.933603117831333,-1.5675145728932303
1636731599269,2021-11-12T10:39:59.269,27.41,-2.7433570229795325,0.8940208579077218,-1.5467665532649675
1636731599279,2021-11-12T10:39:59.279,27.42,-0.9827759586123523,-1.0902799445564855,-1.267580199583217
1636731599289,2021-11-12T10:39:59.289,27.43,0.8995152467537066,-2.0941307500307964,-0.5549811921766639
1636731599299,2021-11-12T10:39:59.299,27.44,1.9942345355551312,-2.4007883578685165,0.13022533622575708
1636731599309,2021-11-12T10:39:59.309,27.45,2.2394323870652872,-2.307103985836254,0.32984521064072647
1636731599319,2021-11-12T10:39:59.319,27.46,2.0048333040437423,-2.031727419817104,0.060428298154502805
1636731599329,2021-11-12T10:39:59.329,27.47,1.7149083770684297,-1.796171151687778,-0.5187521771636943
1636731599339,2021-11-12T10:39:59.339,27.48,1.5157063947932676,-1.8332000400479949,-1.436599101897659
1636731599349,2021-11-12T10:39:59.349,27.49,1.386360274087052,-2.0744579486766863,-2.7182779382786206
1636731599359,2021-11-12T10:39:59.359,27.5,1.3835759924121742,-1.9337087974739475,-4.143721465650386
1636731599369,2021-11-12T10:39:59.369,27.51,1.4931511510408306,-0.6881690452066622,-5.328731306033623
1636731599379,2021-11-12T10:39:59.379,27.52,1.523370507978749,1.815246086479261,-5.953810647102905
1636731599389,2021-11-12T10:39:59.389,27.53,1.236830665718005,4.860061702558577,-5.990081182206728
1636731599399,2021-11-12T10:39:59.399,27.54,0.3225268631503502,7.299625672635574,-5.821583958906404
1636731599409,2021-11-12T10:39:59.409,27.55,-1.405290762255318,8.36309789068731,-5.989057594279776
1636731599419,2021-11-12T10:39:59.419,27.56,-3.3417563181910337,8.096116747234763,-6.675192735548597
1636731599429,2021-11-12T10:39:59.429,27.57,-4.2226182909846965,7.078799725202659,-7.655228132740537
1636731599439,2021-11-12T10:39:59.439,27.58,-3.49848325942129,5.873946830248253,-8.868946468634972
1636731599449,2021-11-12T10:39:59.449,27.59,-2.022920780894299,4.835713700299827,-10.68023454369643
1636731599459,2021-11-12T10:39:59.459,27.6,-0.9407255001206267,4.213800473728769,-13.313132475346308
1636731599469,2021-11-12T10:39:59.469,27.61,-0.5121714731291531,4.127224670349484,-16.33171765565559
1636731599479,2021-11-12T10:39:59.479,27.62,-0.41180437335528447,4.454249132603702,-18.969094547141687
1636731599489,2021-11-12T10:39:59.489,27.63,-0.5233913639161276,4.950617789358325,-20.790963916975286
1636731599499,2021-11-12T10:39:59.499,27.64,-0.9349290349026244,5.495490064354724,-21.875328178429218
1636731599509,2021-11-12T10:39:59.509,27.65,-1.539577802234724,6.139890223915978,-22.554895842806744
1636731599519,2021-11-12T10:39:59.519,27.66,-1.9294029249635039,6.966596397450029,-23.104174169669776
1636731599529,2021-11-12T10:39:59.529,27.67,-1.48649476434393,7.953741689745419,-23.53998847125679
1636731599539,2021-11-12T10:39:59.539,27.68,0.17877874845216277,8.898341898121863,-23.786751903344776
1636731599549,2021-11-12T10:39:59.549,27.69,2.535397594371841,9.474135878042304,-24.11329219828704
1636731599559,2021-11-12T10:39:59.559,27.7,4.3801439870395935,9.436986779534127,-25.058074082570126
1636731599569,2021-11-12T10:39:59.569,27.71,5.077119617274965,8.72145659241404,-26.740307014991075
1636731599579,2021-11-12T10:39:59.579,27.72,4.927453408659547,7.367304499266394,-28.64103407403649
1636731599589,2021-11-12T10:39:59.589,27.73,4.310336154625165,5.574293693483848,-30.203300513987827
1636731599599,2021-11-12T10:39:59.599,27.74,3.346210613897888,3.8154860282747154,-31.23645043421387
1636731599609,2021-11-12T10:39:59.609,27.75,2.3782008992830157,2.610301792493571,-31.689699271143823
1636731599619,2021-11-12T10:39:59.619,27.76,1.8717779936107177,2.1476227027750485,-31.545109049059
1636731599629,2021-11-12T10:39:59.629,27.77,1.7852035299248723,2.314213508980652,-31.078417890156086
1636731599639,2021-11-12T10:39:59.639,27.78,1.7138167835374192,3.018857901324468,-30.781756516638296
1636731599649,2021-11-12T10:39:59.649,27.79,1.5970641303189113,4.258704050335239,-30.828021884259684
1636731599659,2021-11-12T10:39:59.659,27.8,1.7258463322433801,5.909001497563925,-30.90965362639634
1636731599669,2021-11-12T10:39:59.669,27.81,2.1950711822503495,7.659933392657466,-30.686909987012246
1636731599679,2021-11-12T10:39:59.679,27.82,2.780515142834913,9.184791918389354,-30.07887027845209
1636731599689,2021-11-12T10:39:59.689,27.83,3.1479316016247365,10.282123433105566,-29.102257387027315
1636731599699,2021-11-12T10:39:59.699,27.84,3.0374133421824543,10.924326148671343,-27.78898233095117
1636731599709,2021-11-12T10:39:59.709,27.85,2.632407275177875,11.276233156190635,-26.313009336534563
1636731599719,2021-11-12T10:39:59.719,27.86,2.587239214608006,11.571829191910474,-24.93348104202461
1636731599729,2021-11-12T10:39:59.729,27.87,3.164119655015524,11.860118129025967,-23.7653230411304
1636731599739,2021-11-12T10:39:59.739,27.88,3.787603577745943,11.950567659359447,-22.71277569835969
1636731599749,2021-11-12T10:39:59.749,27.89,3.93681337644104,11.660111885322165,-21.586107362490836
1636731599759,2021-11-12T10:39:59.759,27.9,3.7738188043244607,11.016616613972019,-20.18271105725691
1636731599769,2021-11-12T10:39:59.769,27.91,3.56796961412566,10.191612908461707,-18.25977369926254
1636731599779,2021-11-12T10:39:59.779,27.92,3.3805140872565307,9.326474442198034,-15.597293311712182
1636731599789,2021-11-12T10:39:59.789,27.93,3.487003543169905,8.49332426642467,-12.35512558612223
1636731599799,2021-11-12T10:39:59.799,27.94,4.225477575185846,7.801830911461728,-9.371219426124792
1636731599809,2021-11-12T10:39:59.809,27.95,5.363105026256465,7.416530693707002,-7.706895360468362
1636731599819,2021-11-12T10:39:59.819,27.96,6.275601746245673,7.3751496544438115,-7.649308121868703
1636731599829,2021-11-12T10:39:59.829,27.97,6.608430514797632,7.4890636927707845,-8.388442372196359
1636731599839,2021-11-12T10:39:59.839,27.98,6.347438318060362,7.539626486002646,-8.804095679257486
1636731599849,2021-11-12T10:39:59.849,27.99,5.661731065556914,7.509101749853017,-8.298538281662593
1636731599859,2021-11-12T10:39:59.859,28.0,5.015781472935926,7.53947808932432,-6.808998703575812
1636731599869,2021-11-12T10:39:59.869,28.01,4.953090341299095,7.7187255835556785,-4.440149370600631
1636731599879,2021-11-12T10:39:59.879,28.02,5.513173823678668,7.9677156944632515,-1.3490151864978341
1636731599889,2021-11-12T10:39:59.889,28.03,6.195578411267851,8.096573209095009,2.2439640615427887
1636731599899,2021-11-12T10:39:59.899,28.04,6.555423989214663,7.929376095387405,6.182850911664313
1636731599909,2021-11-12T10:39:59.909,28.05,6.620502500121233,7.430777338545029,10.453417938392807
1636731599919,2021-11-12T10:39:59.919,28.06,6.750305571781315,6.749872218728657,15.008144589493977
1636731599929,2021-11-12T10:39:59.929,28.07,7.159322213238843,6.070034889575345,19.587524791508265
1636731599939,2021-11-12T10:39:59.939,28.08,7.60599984781475,5.417073013515605,23.847374819447435
1636731599949,2021-11-12T10:39:59.949,28.09,7.668921355326372,4.707664660238304,27.61291170171964
1636731599959,2021-11-12T10:39:59.959,28.1,7.2472692588713805,3.9233038317600544,30.886079209573772
1636731599969,2021-11-12T10:39:59.969,28.11,6.563752147558375,3.1072440770343253,33.656564838583414
1636731599979,2021-11-12T10:39:59.979,28.12,5.844518406765504,2.274216322390379,35.83229081894181
1636731599989,2021-11-12T10:39:59.989,28.13,5.300889189077563,1.4563793766787818,37.342127882446945
1636731599999,2021-11-12T10:39:59.999,28.14,5.202844266934459,0.7528375048014406,38.21920881094729
1636731600009,2021-11-12T10:40:00.009,28.15,5.578894315650276,0.21390417773708686,38.55924962820153
1636731600019,2021-11-12T10:40:00.019,28.16,5.993557608099209,-0.2432667975244702,38.43796229363775
1636731600029,2021-11-12T10:40:00.029,28.17,5.98551120710839,-0.7104590857084255,37.91104213178073
1636731600039,2021-11-12T10:40:00.039,28.18,5.621685167256419,-1.1703397218089684,37.074088148493466
1636731600049,2021-11-12T10:40:00.049,28.19,5.31201971114393,-1.5752000883538215,36.07046756515864
1636731600059,2021-11-12T10:40:00.059,28.2,5.215941341247268,-1.9368590714620115,35.04688651579677
1636731600069,2021-11-12T10:40:00.069,28.21,5.187921546993477,-2.260803991702071,34.12585441061019
1636731600079,2021-11-12T10:40:00.079,28.22,5.210718259593879,-2.477877875532613,33.384411864704106
1636731600089,2021-11-12T10:40:00.089,28.23,5.467124072228578,-2.516449444092224,32.831140509258404
1636731600099,2021-11-12T10:40:00.099,28.24,5.929263367768177,-2.4010938869550436,32.43814928086427
1636731600109,2021-11-12T10:40:00.109,28.25,6.21768057873811,-2.2369421731658514,32.179098556919584
1636731600119,2021-11-12T10:40:00.119,28.26,6.01269349773801,-2.1197754466513583,31.95422793440414
1636731600129,2021-11-12T10:40:00.129,28.27,5.347645680001825,-2.0896573920209374,31.531125713947254
1636731600139,2021-11-12T10:40:00.139,28.28,4.328978042784558,-2.164489577493132,30.738456955009926
1636731600149,2021-11-12T10:40:00.149,28.29,2.893474612585613,-2.388452159690575,29.73848822967315
1636731600159,2021-11-12T10:40:00.159,28.3,1.2094650801879725,-2.80609700643558,28.979912441476095
1636731600169,2021-11-12T10:40:00.169,28.31,0.02805630768217343,-3.367291002824315,28.8456051880052
1636731600179,2021-11-12T10:40:00.179,28.32,0.057259127691377774,-3.898410111559062,29.324800879094504
1636731600189,2021-11-12T10:40:00.189,28.33,1.0951484352342058,-4.2290212676302525,29.927111181668415
1636731600199,2021-11-12T10:40:00.199,28.34,2.2992759979627175,-4.343785455491299,29.93544216815019
1636731600209,2021-11-12T10:40:00.209,28.35,3.1438492105086135,-4.348360498430729,28.871069039194744
1636731600219,2021-11-12T10:40:00.219,28.36,3.586553472784651,-4.272367265663811,26.734303910723952
1636731600229,2021-11-12T10:40:00.229,28.37,3.523612853145834,-4.024525046997758,23.84290878096262
1636731600239,2021-11-12T10:40:00.239,28.38,2.6966140127721054,-3.6513549273986357,20.65694027511321
1636731600249,2021-11-12T10:40:00.249,28.39,1.1855809279634784,-3.454157078896137,17.82418250756044
1636731600259,2021-11-12T10:40:00.259,28.4,-0.33234677820763947,-3.588700959604994,16.079392263626186
1636731600269,2021-11-12T10:40:00.269,28.41,-1.0554175067922857,-3.7819243305427364,15.743159932780243
1636731600279,2021-11-12T10:40:00.279,28.42,-0.8718748839182517,-3.7874140111934063,16.298296605703047
1636731600289,2021-11-12T10:40:00.289,28.43,-0.5059626581626704,-3.793229129112955,16.670289339052346
1636731600299,2021-11-12T10:40:00.299,28.44,-0.6782983434842341,-4.020964782236058,16.039978675407497
1636731600309,2021-11-12T10:40:00.309,28.45,-1.4076318047562975,-4.318769780419149,14.359512444286038
1636731600319,2021-11-12T10:40:00.319,28.46,-2.3011961814355515,-4.467881731596584,12.157068272784908
1636731600329,2021-11-12T10:40:00.329,28.47,-3.084596390528418,-4.5349525228537075,10.035239377614001
1636731600339,2021-11-12T10:40:00.339,28.48,-3.671504735547968,-4.699457683753883,8.376793766461999
1636731600349,2021-11-12T10:40:00.349,28.49,-4.152540806300735,-4.9855905074500955,7.35049748644831
1636731600359,2021-11-12T10:40:00.359,28.5,-4.700160331540999,-5.2880800647610435,7.049923476622148
1636731600369,2021-11-12T10:40:00.369,28.51,-5.065077244423167,-5.496551657237504,7.496733414334791
1636731600379,2021-11-12T10:40:00.379,28.52,-4.579983431391131,-5.52542046178092,8.412477917382061
1636731600389,2021-11-12T10:40:00.389,28.53,-3.2510009984037334,-5.325578716309274,9.177321508144225
1636731600399,2021-11-12T10:40:00.399,28.54,-2.1699813913350927,-4.912115001716359,9.187037207954464
1636731600409,2021-11-12T10:40:00.409,28.55,-2.1497714098493543,-4.3464800476782335,8.010541670104399
1636731600419,2021-11-12T10:40:00.419,28.56,-2.7443716750748193,-3.7029775640749456,5.453125484821599
1636731600429,2021-11-12T10:40:00.429,28.57,-3.210631615125008,-3.0745314979765723,2.4165072314270724
1636731600439,2021-11-12T10:40:00.439,28.58,-3.5023318609861587,-2.5927525928939934,1.0045490774501664
1636731600449,2021-11-12T10:40:00.449,28.59,-3.809017899620165,-2.4142467914091306,1.8367034654959504
1636731600459,2021-11-12T10:40:00.459,28.6,-4.027004869107533,-2.6348595106834574,2.4352064876613086
1636731600469,2021-11-12T10:40:00.469,28.61,-4.063485366681428,-3.1915023225155363,0.8695786983843404
1636731600479,2021-11-12T10:40:00.479,28.62,-3.932390992492942,-3.912691238510935,-0.949324015252204
1636731600489,2021-11-12T10:40:00.489,28.63,-3.4432921334404876,-4.688162209724713,-0.3421494010765399
1636731600499,2021-11-12T10:40:00.499,28.64,-2.444973259168256,-5.5263451110002375,2.2742240066606256
1636731600509,2021-11-12T10:40:00.509,28.65,-1.306654873728942,-6.4613593800910385,4.85506034051385
1636731600519,2021-11-12T10:40:00.519,28.66,-0.5968602377620239,-7.471656003479018,6.599936222310971
1636731600529,2021-11-12T10:40:00.529,28.67,-0.44686330953785525,-8.47459900362515,7.744542977058156
1636731600539,2021-11-12T10:40:00.539,28.68,-0.6090215175274762,-9.370494493412648,8.288715125962858
1636731600549,2021-11-12T10:40:00.549,28.69,-0.8313947740386389,-10.103053465604203,8.053317645586969
1636731600559,2021-11-12T10:40:00.559,28.7,-0.9142871942477453,-10.678829275525224,7.1878706939891
1636731600569,2021-11-12T10:40:00.569,28.71,-0.798944146948051,-11.15056191489367,6.089434424882585
1636731600579,2021-11-12T10:40:00.579,28.72,-0.7862462618138926,-11.614945000094343,5.117095067458726
1636731600589,2021-11-12T10:40:00.589,28.73,-1.2655964912358078,-12.178813483132416,4.523247381347765
1636731600599,2021-11-12T10:40:00.599,28.74,-2.112382960085623,-12.86108862509407,4.403786832111164
1636731600609,2021-11-12T10:40:00.609,28.75,-2.7275671001235633,-13.548383293548603,4.551119290892618
1636731600619,2021-11-12T10:40:00.619,28.76,-2.7516421852751733,-14.075574942327526,4.486734639250097
1636731600629,2021-11-12T10:40:00.629,28.77,-2.4049345496430923,-14.319615067636942,3.7985022380033207
1636731600639,2021-11-12T10:40:00.639,28.78,-2.061390940170328,-14.228424505925986,2.466423738088598
1636731600649,2021-11-12T10:40:00.649,28.79,-1.8539399701838555,-13.857257713939553,0.85538844508485
1636731600659,2021-11-12T10:40:00.659,28.8,-1.8746947255006376,-13.402799670230964,-0.5749236674011985
1636731600669,2021-11-12T10:40:00.669,28.81,-2.3933917322894676,-13.0821681608583,-1.5329279523475736
1636731600679,2021-11-12T10:40:00.679,28.82,-3.500301217827414,-12.916541393957349,-1.8948682314710195
1636731600689,2021-11-12T10:40:00.689,28.83,-4.734611781922079,-12.736324464739715,-1.5781661612247717
1636731600699,2021-11-12T10:40:00.699,28.84,-5.443256019604354,-12.432651879916454,-0.6132553442173115
1636731600709,2021-11-12T10:40:00.709,28.85,-5.427989817815907,-12.063057421524437,0.6647760441270543
1636731600719,2021-11-12T10:40:00.719,28.86,-5.020096110551758,-11.675862104414165,1.709324341771898
1636731600729,2021-11-12T10:40:00.729,28.87,-4.6595847886697035,-11.210837382831492,2.1317732747610147
1636731600739,2021-11-12T10:40:00.739,28.88,-4.579503833692463,-10.641495766008974,1.9051135550062912
1636731600749,2021-11-12T10:40:00.749,28.89,-4.736081084296416,-10.048967526001752,1.233515763616833
1636731600759,2021-11-12T10:40:00.759,28.9,-4.857721714167024,-9.493508425121384,0.34583512619772033
1636731600769,2021-11-12T10:40:00.769,28.91,-4.6944398890099555,-8.969105090991059,-0.5797862316340762
1636731600779,2021-11-12T10:40:00.779,28.92,-4.368119041450515,-8.522050550733232,-1.3944838172405847
1636731600789,2021-11-12T10:40:00.789,28.93,-4.2828248405770815,-8.25188488084208,-1.938572283108611
1636731600799,2021-11-12T10:40:00.799,28.94,-4.506278338484192,-8.151714503494778,-2.0520592418184247
1636731600809,2021-11-12T10:40:00.809,28.95,-4.500707259837071,-8.075787097876237,-1.7181030479812822
1636731600819,2021-11-12T10:40:00.819,28.96,-3.7446379448897114,-7.9002573334799955,-1.2103605892238853
1636731600829,2021-11-12T10:40:00.829,28.97,-2.4119230176935913,-7.626417078381726,-0.9419981790080403
1636731600839,2021-11-12T10:40:00.839,28.98,-1.1706613593318778,-7.301781884711923,-1.1076827993568914
1636731600849,2021-11-12T10:40:00.849,28.99,-0.4791381390806525,-6.922458255314017,-1.6085908561644038
1636731600859,2021-11-12T10:40:00.859,29.0,-0.29912099318627255,-6.473605368822092,-2.3193552250541853
1636731600869,2021-11-12T10:40:00.869,29.01,-0.35495312304995874,-5.9959993647162495,-3.214836751785521
1636731600879,2021-11-12T10:40:00.879,29.02,-0.43521443861667053,-5.509291743785642,-4.213966558159338
1636731600889,2021-11-12T10:40:00.889,29.03,-0.44368645902941806,-4.930480508395026,-5.104266912750407
1636731600899,2021-11-12T10:40:00.899,29.04,-0.30055642415823425,-4.184667414338392,-5.6833693949352
1636731600909,2021-11-12T10:40:00.909,29.05,0.06396549909685917,-3.3293529770261383,-5.892667964337593
1636731600919,2021-11-12T10:40:00.919,29.06,0.5298545137471614,-2.4656311766726584,-5.8238389415781295
1636731600929,2021-11-12T10:40:00.929,29.07,0.7571429494528061,-1.603782809738663,-5.64048185428558
1636731600939,2021-11-12T10:40:00.939,29.08,0.6061840992369416,-0.7061197812964091,-5.47325538689911
1636731600949,2021-11-12T10:40:00.949,29.09,0.42555793521985164,0.21253476224457024,-5.3938614505577265
1636731600959,2021-11-12T10:40:00.959,29.1,0.573979303937814,1.1060768033716952,-5.493487535001697
1636731600969,2021-11-12T10:40:00.969,29.11,0.8861617306843932,1.9533304405816152,-5.905085211130098
1636731600979,2021-11-12T10:40:00.979,29.12,0.9622913135671101,2.727406329204037,-6.6843886608680725
1636731600989,2021-11-12T10:40:00.989,29.13,0.7116482504819992,3.3653675133124334,-7.710133449359959
1636731600999,2021-11-12T10:40:00.999,29.14,0.33116853703769744,3.8224013809148953,-8.75624497455591
1636731601009,2021-11-12T10:40:01.009,29.15,0.003343235396954372,4.113083653748817,-9.648021359146536
1636731601019,2021-11-12T10:40:01.019,29.16,-0.19187483531246594,4.2643660142102435,-10.324536465533175
1636731601029,2021-11-12T10:40:01.029,29.17,-0.24884963355478754,4.277703946405408,-10.798921226383067
1636731601039,2021-11-12T10:40:01.039,29.18,-0.2426451953119323,4.171098892864801,-11.12192506928585
1636731601049,2021-11-12T10:40:01.049,29.19,-0.26044193315878567,4.001686418770449,-11.358330608931611
1636731601059,2021-11-12T10:40:01.059,29.2,-0.2879738944484682,3.8167480257453406,-11.55272610237375
1636731601069,2021-11-12T10:40:01.069,29.21,-0.2746759174036409,3.638735400396081,-11.74185970009923
1636731601079,2021-11-12T10:40:01.079,29.22,-0.2960583344196477,3.4971624099265552,-11.989236627335945
1636731601089,2021-11-12T10:40:01.089,29.23,-0.45604586852292395,3.4069103635107787,-12.327610084257042
1636731601099,2021-11-12T10:40:01.099,29.24,-0.6365520645882439,3.3387564059932324,-12.680063933108887
1636731601109,2021-11-12T10:40:01.109,29.25,-0.6182542607436676,3.273531609010907,-12.912575751490062
1636731601119,2021-11-12T10:40:01.119,29.26,-0.454653664330674,3.246512555002804,-12.92220728325385
1636731601129,2021-11-12T10:40:01.129,29.27,-0.40211664426874155,3.2888586066256886,-12.63614077338597
1636731601139,2021-11-12T10:40:01.139,29.28,-0.493053384727818,3.373171542324898,-12.043563284700046
1636731601149,2021-11-12T10:40:01.149,29.29,-0.5223773630625793,3.470613302992815,-11.27213471790284
1636731601159,2021-11-12T10:40:01.159,29.3,-0.41083887474717284,3.6151375304195144,-10.494481553675573
1636731601169,2021-11-12T10:40:01.169,29.31,-0.2757310151650094,3.841351222280023,-9.742291062130207
1636731601179,2021-11-12T10:40:01.179,29.32,-0.21278859439932388,4.0988636523958935,-8.945667659751823
1636731601189,2021-11-12T10:40:01.189,29.33,-0.2178259650770613,4.311515363009962,-8.118151838471018
1636731601199,2021-11-12T10:40:01.199,29.34,-0.24515821777446928,4.490838559146342,-7.357727547839813
1636731601209,2021-11-12T10:40:01.209,29.35,-0.24991653809461575,4.695094534097333,-6.720055275709218
1636731601219,2021-11-12T10:40:01.219,29.36,-0.22981328735397022,4.882914732367358,-6.219609932775028
1636731601229,2021-11-12T10:40:01.229,29.37,-0.21093702918917856,4.91447852786735,-5.88572235348007
1636731601239,2021-11-12T10:40:01.239,29.38,-0.1833433973962053,4.727333790159771,-5.702228733402544
1636731601249,2021-11-12T10:40:01.249,29.39,-0.14815414120515513,4.411525114630459,-5.566867440476122
1636731601259,2021-11-12T10:40:01.259,29.4,-0.17226474122613497,4.078002844749859,-5.4153785136368
1636731601269,2021-11-12T10:40:01.269,29.41,-0.2384514054110787,3.763310496871693,-5.31794143349314
1636731601279,2021-11-12T10:40:01.279,29.42,-0.16435357379612414,3.4987815961001343,-5.3645591442673854
1636731601289,2021-11-12T10:40:01.289,29.43,0.11803128273238125,3.3582997124983462,-5.517627349250629
1636731601299,2021-11-12T10:40:01.299,29.44,0.36170033225588066,3.386537843046822,-5.666893640389059
1636731601309,2021-11-12T10:40:01.309,29.45,0.32005779722639044,3.554788706410015,-5.79771985944778
1636731601319,2021-11-12T10:40:01.319,29.46,0.09371968191052413,3.8282096209235728,-6.0109083455319805
1636731601329,2021-11-12T10:40:01.329,29.47,-0.05730297922343085,4.237994871012937,-6.358849577551466
1636731601339,2021-11-12T10:40:01.339,29.48,-0.06310559679952701,4.846341245234327,-6.7473949022273665
1636731601349,2021-11-12T10:40:01.349,29.49,-0.007428668615799853,5.634031996206804,-7.046478078709283
1636731601359,2021-11-12T10:40:01.359,29.5,0.06916038480873568,6.4548600846029185,-7.217100792057003
1636731601369,2021-11-12T10:40:01.369,29.51,0.14446900434677815,7.138702668346365,-7.272677914020538
1636731601379,2021-11-12T10:40:01.379,29.52,0.14298914336023147,7.626985956333497,-7.192757011743721
1636731601389,2021-11-12T10:40:01.389,29.53,0.0324089095343686,7.96206508307452,-6.93444549570027
1636731601399,2021-11-12T10:40:01.399,29.54,-0.09759257714730213,8.157300512211346,-6.477514740101881
1636731601409,2021-11-12T10:40:01.409,29.55,-0.12689729596511412,8.16718339700839,-5.831719750334017
1636731601419,2021-11-12T10:40:01.419,29.56,-0.02778703898583236,8.004339499254717,-5.043550049281858
1636731601429,2021-11-12T10:40:01.429,29.57,0.13858948544897856,7.766257570032019,-4.191588776191807
1636731601439,2021-11-12T10:40:01.439,29.58,0.3225721904676182,7.498391592313107,-3.335566689410981
1636731601449,2021-11-12T10:40:01.449,29.59,0.5191885730973952,7.148279281953398,-2.495124296965469
1636731601459,2021-11-12T10:40:01.459,29.6,0.7013429388695547,6.696300205498327,-1.702601895679304
1636731601469,2021-11-12T10:40:01.469,29.61,0.8288901875962791,6.218980526383151,-1.0291842138699963
1636731601479,2021-11-12T10:40:01.479,29.62,0.9156390091486057,5.778921998126109,-0.5398692585765066
1636731601489,2021-11-12T10:40:01.489,29.63,0.9449895256087275,5.341953396376176,-0.2616938323943537
1636731601499,2021-11-12T10:40:01.499,29.64,0.8004817471006966,4.865183179106994,-0.190539214513816
1636731601509,2021-11-12T10:40:01.509,29.65,0.4801727445121217,4.409380185448912,-0.28349206675452093
1636731601519,2021-11-12T10:40:01.519,29.66,0.249902355664697,4.080639535266611,-0.4507900979333087
1636731601529,2021-11-12T10:40:01.529,29.67,0.35033243353459775,3.890970884850076,-0.6016175440890192
1636731601539,2021-11-12T10:40:01.539,29.68,0.6728364569652647,3.7611965701665313,-0.7003103018703394
1636731601549,2021-11-12T10:40:01.549,29.69,0.9145707207499598,3.636286169357413,-0.7418591316891616
1636731601559,2021-11-12T10:40:01.559,29.7,0.9246058403427939,3.5196915377496127,-0.6949407027613266
1636731601569,2021-11-12T10:40:01.569,29.71,0.7639875702709584,3.414989666934628,-0.5358126211423482
1636731601579,2021-11-12T10:40:01.579,29.72,0.5737936871410051,3.314433346812877,-0.3107997818041614
1636731601589,2021-11-12T10:40:01.589,29.73,0.4799716377796174,3.256679408493003,-0.08287426002952047
1636731601599,2021-11-12T10:40:01.599,29.74,0.5093656704857735,3.319603367489237,0.14932583368956978
1636731601609,2021-11-12T10:40:01.609,29.75,0.5824728180359772,3.5184520350732384,0.40777116300492444
1636731601619,2021-11-12T10:40:01.619,29.76,0.6591296589356249,3.7852076076186676,0.6631888465637696
1636731601629,2021-11-12T10:40:01.629,29.77,0.7944353062350129,4.0850025065165365,0.8630248702712826
1636731601639,2021-11-12T10:40:01.639,29.78,0.9788986634913746,4.471145869807753,0.9807784425945818
1636731601649,2021-11-12T10:40:01.649,29.79,1.0676609478638728,4.985291180945709,1.0084504414160953
1636731601659,2021-11-12T10:40:01.659,29.8,0.957482663327623,5.559347190619706,0.9358587378462613
1636731601669,2021-11-12T10:40:01.669,29.81,0.7208985495951512,6.05424378174819,0.7550986831158908
1636731601679,2021-11-12T10:40:01.679,29.82,0.496517952678326,6.388562236414051,0.4931935742948055
1636731601689,2021-11-12T10:40:01.689,29.83,0.3420099519934252,6.595088522735962,0.24258798669854606
1636731601699,2021-11-12T10:40:01.699,29.84,0.24879491410729532,6.719295098942386,0.11735302056895847
1636731601709,2021-11-12T10:40:01.709,29.85,0.20946085572889322,6.721129559019179,0.1551205554276069
1636731601719,2021-11-12T10:40:01.719,29.86,0.2190914747163225,6.557372815165383,0.3061408744127919
1636731601729,2021-11-12T10:40:01.729,29.87,0.2655879765465478,6.28921478657713,0.5307487333102304
1636731601739,2021-11-12T10:40:01.739,29.88,0.3286780747304938,6.001940317717013,0.837854772336305
1636731601749,2021-11-12T10:40:01.749,29.89,0.37152091150187605,5.68284651953304,1.207224494695897
1636731601759,2021-11-12T10:40:01.759,29.9,0.3703289786918146,5.269343236479498,1.5562881564414461
1636731601769,2021-11-12T10:40:01.769,29.91,0.34025917248052845,4.7578336554732275,1.822052562359237
1636731601779,2021-11-12T10:40:01.779,29.92,0.28599253504803857,4.19787579195915,2.0102070648039594
1636731601789,2021-11-12T10:40:01.789,29.93,0.17651274566715117,3.624903387809229,2.1315810464092593
1636731601799,2021-11-12T10:40:01.799,29.94,0.013758826504006602,3.0421074927466956,2.1751669481362077
1636731601809,2021-11-12T10:40:01.809,29.95,-0.14430607110897364,2.4388472410092175,2.214707998612397
1636731601819,2021-11-12T10:40:01.819,29.96,-0.26797515490330254,1.7986623505294725,2.4169655946221895
1636731601829,2021-11-12T10:40:01.829,29.97,-0.3797728635299354,1.1042339405820127,2.7774302248533895
1636731601839,2021-11-12T10:40:01.839,29.98,-0.456645315814041,0.36120159776955885,3.038945380221959
1636731601849,2021-11-12T10:40:01.849,29.99,-0.4186677704249643,-0.3820598047796156,3.1689396945001542
1636731601859,2021-11-12T10:40:01.859,30.0,-0.27443340244547687,-1.0625388236894697,3.5999903942111047
1636731601869,2021-11-12T10:40:01.869,30.01,-0.14220793779887242,-1.6423184128314536,4.548645138563664
1636731601879,2021-11-12T10:40:01.879,30.02,-0.06351152574570768,-2.0832381856450195,5.5014623484437655
1636731601889,2021-11-12T10:40:01.889,30.03,0.019960798164364857,-2.3186184710154336,5.82975656716585
1636731601899,2021-11-12T10:40:01.899,30.04,0.06845893915537354,-2.3256972976016725,5.47129119029397
1636731601909,2021-11-12T10:40:01.909,30.05,-0.0014411722318134167,-2.1894009727350543,4.742168998284502
1636731601919,2021-11-12T10:40:01.919,30.06,-0.0703855011058814,-2.016303273229109,3.9547124618891782
1636731601929,2021-11-12T10:40:01.929,30.07,0.005557323101611434,-1.8311751497904263,3.329110180643484
1636731601939,2021-11-12T10:40:01.939,30.08,0.04503107351758654,-1.6273965075203205,2.9050848330829213
1636731601949,2021-11-12T10:40:01.949,30.09,-0.17523490505470102,-1.4616195067290751,2.5387639104794912
1636731601959,2021-11-12T10:40:01.959,30.1,-0.4291264197418899,-1.410697600122782,2.178919192712014
1636731601969,2021-11-12T10:40:01.969,30.11,-0.34128929585338363,-1.4443335999734874,1.9996554455565088
1636731601979,2021-11-12T10:40:01.979,30.12,-0.022241871939151822,-1.4114477310849591,2.0346074976236417
1636731601989,2021-11-12T10:40:01.989,30.13,0.11429982052060836,-1.1904384397009888,1.7672147285777935
1636731601999,2021-11-12T10:40:01.999,30.14,0.04038858414086604,-0.8118553045542369,0.40185686335634657
1636731602009,2021-11-12T10:40:02.009,30.15,0.07884372222068793,-0.38360959348953827,-2.3020673339725652
1636731602019,2021-11-12T10:40:02.019,30.16,0.25004809390602506,0.05055574672264018,-5.677110814605017
1636731602029,2021-11-12T10:40:02.029,30.17,0.21495907721326885,0.4910274589478971,-8.779849975805742
1636731602039,2021-11-12T10:40:02.039,30.18,-0.13401531925697613,0.8773199683435885,-11.127466646506301
1636731602049,2021-11-12T10:40:02.049,30.19,-0.49641022225655557,1.132846733194133,-12.699622459107847
1636731602059,2021-11-12T10:40:02.059,30.2,-0.5894791829687036,1.2850852960724959,-13.603709670766882
1636731602069,2021-11-12T10:40:02.069,30.21,-0.45904566569527294,1.4178400574759915,-13.990325437263087
1636731602079,2021-11-12T10:40:02.079,30.22,-0.3624068840677035,1.5380939907735844,-14.064964434593808
1636731602089,2021-11-12T10:40:02.089,30.23,-0.4782331727594491,1.5929486717512313,-13.98110334807059
1636731602099,2021-11-12T10:40:02.099,30.24,-0.7638185608635313,1.563248892365613,-13.77498359278371
1636731602109,2021-11-12T10:40:02.109,30.25,-1.0492797126763778,1.4588085101726158,-13.442492287164923
1636731602119,2021-11-12T10:40:02.119,30.26,-1.1979393962715985,1.2866818197359269,-13.042157581113514
1636731602129,2021-11-12T10:40:02.129,30.27,-1.196064713270625,1.0764087204844512,-12.685413127773455
1636731602139,2021-11-12T10:40:02.139,30.28,-1.1590071804751783,0.864180321972579,-12.397794259957951
1636731602149,2021-11-12T10:40:02.149,30.29,-1.1915725862315591,0.6250812244160584,-12.036524698782118
1636731602159,2021-11-12T10:40:02.159,30.3,-1.226336055540008,0.2966157182990707,-11.426241900566268
1636731602169,2021-11-12T10:40:02.169,30.31,-1.149640316319318,-0.1265015847319957,-10.539804505831283
1636731602179,2021-11-12T10:40:02.179,30.32,-1.0169805109853276,-0.5963946691023221,-9.45609844585854
1636731602189,2021-11-12T10:40:02.189,30.33,-0.916293463804951,-1.0882139105854998,-8.196072674204975
1636731602199,2021-11-12T10:40:02.199,30.34,-0.7978226876333512,-1.5970086249349045,-6.757905736010532
1636731602209,2021-11-12T10:40:02.209,30.35,-0.6725460946052109,-2.092341922428515,-5.309291659645769
1636731602219,2021-11-12T10:40:02.219,30.36,-0.6755571356021617,-2.533834268043818,-4.141842797190415
1636731602229,2021-11-12T10:40:02.229,30.37,-0.7460189178103249,-2.904181761639241,-3.3578885142301598
1636731602239,2021-11-12T10:40:02.239,30.38,-0.622852082333607,-3.2030144946755823,-2.765739629034102
1636731602249,2021-11-12T10:40:02.249,30.39,-0.26548205573573314,-3.4313771765998133,-2.1465049180539526
1636731602259,2021-11-12T10:40:02.259,30.4,0.09470624227641453,-3.5971655798573714,-1.4605181163897565
1636731602269,2021-11-12T10:40:02.269,30.41,0.3318447939337773,-3.7294855883926123,-0.7460269696843638
1636731602279,2021-11-12T10:40:02.279,30.42,0.5215025994596182,-3.8607554540637734,0.009719423920769854
1636731602289,2021-11-12T10:40:02.289,30.43,0.6992971812508108,-3.9798818114307224,0.8360684471558064
1636731602299,2021-11-12T10:40:02.299,30.44,0.8006025411081321,-4.043267716885184,1.7471064877874962
1636731602309,2021-11-12T10:40:02.309,30.45,0.8304565046301374,-4.047774937495568,2.7778138503209417
1636731602319,2021-11-12T10:40:02.319,30.46,0.899249444264691,-4.035262005163135,3.93590822890813
1636731602329,2021-11-12T10:40:02.329,30.47,1.056921489639735,-4.02378502456856,5.085268553858374
1636731602339,2021-11-12T10:40:02.339,30.48,1.214812691182151,-4.001669707581216,5.9692133769435065
1636731602349,2021-11-12T10:40:02.349,30.49,1.281528468445551,-3.964740983133494,6.405738802513785
1636731602359,2021-11-12T10:40:02.359,30.5,1.2841814543241568,-3.9013148045341195,6.443276988042092
1636731602369,2021-11-12T10:40:02.369,30.51,1.298837029537865,-3.8005923278842926,6.3109291762300455
1636731602379,2021-11-12T10:40:02.379,30.52,1.3367379870907214,-3.709273256716017,6.232980656056654
1636731602389,2021-11-12T10:40:02.389,30.53,1.3648189089799503,-3.6893611574430043,6.311697778501411
1636731602399,2021-11-12T10:40:02.399,30.54,1.3899931213854702,-3.7195081937974352,6.553175448370062
1636731602409,2021-11-12T10:40:02.409,30.55,1.4441329292510625,-3.7422438348180966,6.916122213912743
1636731602419,2021-11-12T10:40:02.419,30.56,1.4926865177250623,-3.774045441339452,7.32206651148198
1636731602429,2021-11-12T10:40:02.429,30.57,1.4378845613724671,-3.8612956703209123,7.698819910283316
1636731602439,2021-11-12T10:40:02.439,30.58,1.2383476331493486,-3.985509101067451,8.029700104380131
1636731602449,2021-11-12T10:40:02.449,30.59,0.9693366057027923,-4.109072260136566,8.311553989898142
1636731602459,2021-11-12T10:40:02.459,30.6,0.7398026523808539,-4.239191041127259,8.481831702528876
1636731602469,2021-11-12T10:40:02.469,30.61,0.5839523845771,-4.370442482978067,8.430233466422425
1636731602479,2021-11-12T10:40:02.479,30.62,0.4542689639671009,-4.454061943007263,8.078904426312542
1636731602489,2021-11-12T10:40:02.489,30.63,0.30739483829037617,-4.4786554514678,7.456451193268512
1636731602499,2021-11-12T10:40:02.499,30.64,0.16441614095445617,-4.49542328104875,6.710853558007045
1636731602509,2021-11-12T10:40:02.509,30.65,0.0683685957671296,-4.532911358228607,6.030612037116613
1636731602519,2021-11-12T10:40:02.519,30.66,0.020289001282767782,-4.558394746563948,5.535785263336294
1636731602529,2021-11-12T10:40:02.529,30.67,-0.006315885601363636,-4.5467834161443506,5.254065294147517
1636731602539,2021-11-12T10:40:02.539,30.68,-0.020460058760225455,-4.531246505933553,5.180881064866327
1636731602549,2021-11-12T10:40:02.549,30.69,-0.015002104821050903,-4.547754203893023,5.319851030374909
1636731602559,2021-11-12T10:40:02.559,30.7,0.01300641659337434,-4.573707378545981,5.669046000485951
1636731602569,2021-11-12T10:40:02.569,30.71,0.06851859891665753,-4.568109128583471,6.1963953748524165
1636731602579,2021-11-12T10:40:02.579,30.72,0.16187048355357048,-4.52477556188394,6.821127038694577
1636731602589,2021-11-12T10:40:02.589,30.73,0.2617817956507591,-4.44598777096062,7.411951319615325
1636731602599,2021-11-12T10:40:02.599,30.74,0.27633864714286843,-4.314652912077116,7.839910996054796
1636731602609,2021-11-12T10:40:02.609,30.75,0.19523777683344032,-4.111961938138604,8.06954442587368
1636731602619,2021-11-12T10:40:02.619,30.76,0.20903555114394373,-3.8383708374083327,8.191329404683609
1636731602629,2021-11-12T10:40:02.629,30.77,0.45404802526441956,-3.540200494225116,8.318411007637867
1636731602639,2021-11-12T10:40:02.639,30.78,0.6688458071102514,-3.30335495535373,8.432592686252098
1636731602649,2021-11-12T10:40:02.649,30.79,0.4587372880233695,-3.169557098433593,8.412480308577255
1636731602659,2021-11-12T10:40:02.659,30.8,-0.0634116037606738,-3.101329403144554,8.255920868824388
1636731602669,2021-11-12T10:40:02.669,30.81,-0.2880516237553823,-3.060336421625255,8.13326851553601
1636731602679,2021-11-12T10:40:02.679,30.82,0.13700146894962034,-3.03550871182743,8.134445497783357
1636731602689,2021-11-12T10:40:02.689,30.83,0.8937729672110135,-2.9860029750797663,8.124367499706352
1636731602699,2021-11-12T10:40:02.699,30.84,1.4429942163267981,-2.8614851775257546,7.956332537409257
1636731602709,2021-11-12T10:40:02.709,30.85,1.5850979638366594,-2.683075124939543,7.686228285933259
1636731602719,2021-11-12T10:40:02.719,30.86,1.4574327533924092,-2.5190638013676194,7.464601397967561
1636731602729,2021-11-12T10:40:02.729,30.87,1.2604641725818686,-2.3759307367111484,7.302985732880892
1636731602739,2021-11-12T10:40:02.739,30.88,1.1442549737355519,-2.169989050281338,7.051093077022754
1636731602749,2021-11-12T10:40:02.749,30.89,1.1697602976076085,-1.8210525294608093,6.606434076440619
1636731602759,2021-11-12T10:40:02.759,30.9,1.2582050091947776,-1.3506093007507975,6.068175327151902
1636731602769,2021-11-12T10:40:02.769,30.91,1.2726542210347538,-0.8730195918724022,5.6135463634884974
1636731602779,2021-11-12T10:40:02.779,30.92,1.1669713894934617,-0.49313121642537294,5.290160513477925
1636731602789,2021-11-12T10:40:02.789,30.93,0.9815477009975441,-0.23111578617207965,5.042755818339936
1636731602799,2021-11-12T10:40:02.799,30.94,0.7434040778767061,-0.06229953170489358,4.868304896954352
1636731602809,2021-11-12T10:40:02.809,30.95,0.47286420827637105,0.0062896382160833545,4.796565289967378
1636731602819,2021-11-12T10:40:02.819,30.96,0.24558610542631787,-0.04422304379371941,4.754353747037826
1636731602829,2021-11-12T10:40:02.829,30.97,0.13339034495464752,-0.17450218049239627,4.5592552351428095
1636731602839,2021-11-12T10:40:02.839,30.98,0.089531952163814,-0.30887238182198223,4.052410953624873
1636731602849,2021-11-12T10:40:02.849,30.99,-0.012595686413725556,-0.41600896606092086,3.2319888885426913
1636731602859,2021-11-12T10:40:02.859,31.0,-0.2010970869993256,-0.5115319604264209,2.288021828938318
1636731602869,2021-11-12T10:40:02.869,31.01,-0.3348350391212428,-0.5950041258134393,1.4689503108721331
1636731602879,2021-11-12T10:40:02.879,31.02,-0.29563299967475065,-0.6319909392764589,0.8572067991412229
1636731602889,2021-11-12T10:40:02.889,31.03,-0.23062221168329847,-0.598816308016417,0.32867146678752357
1636731602899,2021-11-12T10:40:02.899,31.04,-0.4146806051608777,-0.5157929181481214,-0.21918515105723682
1636731602909,2021-11-12T10:40:02.909,31.05,-0.793025304176197,-0.4084177895760297,-0.7169550115205929
1636731602919,2021-11-12T10:40:02.919,31.06,-0.9512123242933174,-0.2332214308260872,-1.1239324831196449
1636731602929,2021-11-12T10:40:02.929,31.07,-0.7311616075124839,0.1192431924442825,-1.681412402975717
1636731602939,2021-11-12T10:40:02.939,31.08,-0.5316391457724043,0.7270750435720355,-2.77145364655005
1636731602949,2021-11-12T10:40:02.949,31.09,-0.761100822083143,1.5670631230779155,-4.501638929423256
1636731602959,2021-11-12T10:40:02.959,31.1,-1.347222523244565,2.5472543810082184,-6.541979449355382
1636731602969,2021-11-12T10:40:02.969,31.11,-1.963582835578068,3.5943458771698777,-8.408452740356672
1636731602979,2021-11-12T10:40:02.979,31.12,-2.4166408243913375,4.698083040031438,-9.913948190012967
1636731602989,2021-11-12T10:40:02.989,31.13,-2.77125819882715,5.8499984353785415,-11.393023010352202
1636731602999,2021-11-12T10:40:02.999,31.14,-3.304214451241719,6.970973158160181,-13.39058341036296
1636731603009,2021-11-12T10:40:03.009,31.15,-4.156144963913084,7.966522201149973,-15.976995601427916
1636731603019,2021-11-12T10:40:03.019,31.16,-4.9693472748548455,8.80512160355271,-18.526733696744156
1636731603029,2021-11-12T10:40:03.029,31.17,-5.238503239730568,9.457985909919515,-20.367034381665107
1636731603039,2021-11-12T10:40:03.039,31.18,-4.947135905892123,9.833891607682112,-21.401695034413567
1636731603049,2021-11-12T10:40:03.049,31.19,-4.445418209002782,9.864354985420453,-21.87026805512691
1636731603059,2021-11-12T10:40:03.059,31.2,-3.905540222542688,9.58955845326334,-21.81234270551691
1636731603069,2021-11-12T10:40:03.069,31.21,-3.2792251775661247,9.09821950840835,-21.110413385400612
1636731603079,2021-11-12T10:40:03.079,31.22,-2.564874723897204,8.442791803924457,-19.858297862806435
1636731603089,2021-11-12T10:40:03.089,31.23,-1.8338529854862666,7.65313004558708,-18.335781279942758
1636731603099,2021-11-12T10:40:03.099,31.24,-1.140613055427817,6.77013447450603,-16.680182222028023
1636731603109,2021-11-12T10:40:03.109,31.25,-0.534756408633426,5.822048924077565,-14.854445887238711
1636731603119,2021-11-12T10:40:03.119,31.26,-0.06108291068355745,4.816580335129045,-12.898329009220252
1636731603129,2021-11-12T10:40:03.129,31.27,0.2987138483639242,3.7890017522551105,-10.957205207745186
1636731603139,2021-11-12T10:40:03.139,31.28,0.6247360025102462,2.809136139886397,-9.083270667106813
1636731603149,2021-11-12T10:40:03.149,31.29,0.9774791996623378,1.9201227010040844,-7.2205725975725406
1636731603159,2021-11-12T10:40:03.159,31.3,1.3252157702909937,1.1217576731318446,-5.375538137495834
1636731603169,2021-11-12T10:40:03.169,31.31,1.5563775749226996,0.425317466500546,-3.653050762494482
1636731603179,2021-11-12T10:40:03.179,31.32,1.5965926135461308,-0.13284134924537244,-2.128000290121701
1636731603189,2021-11-12T10:40:03.189,31.33,1.525648752595525,-0.547653863311276,-0.7630087930894858
1636731603199,2021-11-12T10:40:03.199,31.34,1.5233922922879446,-0.8561682125603243,0.5369359269609175
1636731603209,2021-11-12T10:40:03.209,31.35,1.6649014920484335,-1.0693139298207042,1.80225614426358
1636731603219,2021-11-12T10:40:03.219,31.36,1.8278458433216331,-1.151427889677033,2.9490360506493674
1636731603229,2021-11-12T10:40:03.229,31.37,1.8713489373450312,-1.0890271152385473,3.8817803679477514
1636731603239,2021-11-12T10:40:03.239,31.38,1.8521208694267937,-0.91272514506637,4.60613427097884
1636731603249,2021-11-12T10:40:03.249,31.39,1.9357839477397416,-0.6277209222603003,5.155237169584567
1636731603259,2021-11-12T10:40:03.259,31.4,2.092819771749704,-0.2004250399703728,5.429222492886035
1636731603269,2021-11-12T10:40:03.269,31.41,2.0407261935323597,0.3582115813621667,5.240711573708095
1636731603279,2021-11-12T10:40:03.279,31.42,1.6072726075760733,0.9819265163343691,4.5890062489786265
1636731603289,2021-11-12T10:40:03.289,31.43,1.03947158735499,1.6364783717531344,3.801977658136506
1636731603299,2021-11-12T10:40:03.299,31.44,0.7280686812093276,2.306761575870562,3.2852780983352785
1636731603309,2021-11-12T10:40:03.309,31.45,0.6783665759265334,2.889464862875937,3.1502174935781726
1636731603319,2021-11-12T10:40:03.319,31.46,0.5489899203476761,3.229291278017448,3.1746347763667853
1636731603329,2021-11-12T10:40:03.329,31.47,0.22207355498303574,3.2899352954433416,3.094957549167047
1636731603339,2021-11-12T10:40:03.339,31.48,0.023966543150337027,3.2041070906283395,2.8495801647688546
1636731603349,2021-11-12T10:40:03.349,31.49,0.2784075033395949,3.136097413042478,2.553459346910361
1636731603359,2021-11-12T10:40:03.359,31.5,0.8613045091131941,3.129255137157367,2.30340589467221
1636731603369,2021-11-12T10:40:03.369,31.51,1.3536014926661402,3.0975029424007863,2.0558002794114536
1636731603379,2021-11-12T10:40:03.379,31.52,1.5157540118625592,2.9649923570794146,1.727847961883333
1636731603389,2021-11-12T10:40:03.389,31.53,1.4546020940450797,2.780106331410547,1.3703014466194987
1636731603399,2021-11-12T10:40:03.399,31.54,1.3999780734778628,2.644290294787516,1.1319336615450784
1636731603409,2021-11-12T10:40:03.409,31.55,1.4650211836919185,2.5705894600203987,1.0724908055558195
1636731603419,2021-11-12T10:40:03.419,31.56,1.591313193364504,2.48963095108188,1.1260189081615974
1636731603429,2021-11-12T10:40:03.429,31.57,1.654036128257144,2.357395774897152,1.2260071434822493
1636731603439,2021-11-12T10:40:03.439,31.58,1.624024476119836,2.17672697688405,1.3571661873972383
1636731603449,2021-11-12T10:40:03.449,31.59,1.5795214866482143,1.9480159386017086,1.502782156862018
1636731603459,2021-11-12T10:40:03.459,31.6,1.5422277169443654,1.6718009700419731,1.6220526665460357
1636731603469,2021-11-12T10:40:03.469,31.61,1.4289026785188046,1.3724664028053626,1.6857419373406288
1636731603479,2021-11-12T10:40:03.479,31.62,1.2124455911343452,1.0745810357072,1.7211683335214856
1636731603489,2021-11-12T10:40:03.489,31.63,1.0063774764082958,0.7901307350235705,1.8096191037694909
1636731603499,2021-11-12T10:40:03.499,31.64,0.9255845091555666,0.5474305802887457,2.0045539848663743
1636731603509,2021-11-12T10:40:03.509,31.65,0.94237000122254,0.3846878021582169,2.2725804095127895
1636731603519,2021-11-12T10:40:03.519,31.66,0.9580763337099809,0.3040023478322029,2.558936223518556
1636731603529,2021-11-12T10:40:03.529,31.67,0.964780459285363,0.27656228371325847,2.8504541813726676
1636731603539,2021-11-12T10:40:03.539,31.68,0.9950355717633983,0.29170328168617826,3.112305671095529
1636731603549,2021-11-12T10:40:03.549,31.69,0.9376579251352504,0.349820393925007,3.2519615947374323
1636731603559,2021-11-12T10:40:03.559,31.7,0.6390302593247854,0.41628493551108237,3.2288885882914604
1636731603569,2021-11-12T10:40:03.569,31.71,0.2204480866536806,0.4532423556324941,3.1194082767175972
1636731603579,2021-11-12T10:40:03.579,31.72,0.024049469544296966,0.49434812533599415,2.991921849741437
1636731603589,2021-11-12T10:40:03.589,31.73,0.17851564294512967,0.6035695194100805,2.780107359926925
1636731603599,2021-11-12T10:40:03.599,31.74,0.46840878024857857,0.7632334248318581,2.3615883502997774
1636731603609,2021-11-12T10:40:03.609,31.75,0.6645881036112892,0.9020010024984498,1.736391663702451
1636731603619,2021-11-12T10:40:03.619,31.76,0.7314304350922677,1.0152853496788878,1.0492668374180154
1636731603629,2021-11-12T10:40:03.629,31.77,0.6981527254768978,1.1400847178773499,0.43303571129034735
1636731603639,2021-11-12T10:40:03.639,31.78,0.578655835152776,1.2509202850043446,-0.08663974129167949
1636731603649,2021-11-12T10:40:03.649,31.79,0.4534023194169034,1.307032626939625,-0.5209775401433417
1636731603659,2021-11-12T10:40:03.659,31.8,0.4409647907824608,1.3448138626386226,-0.863379581974766
1636731603669,2021-11-12T10:40:03.669,31.81,0.5445192318768716,1.4158895561698261,-1.1362574626791502
1636731603679,2021-11-12T10:40:03.679,31.82,0.6359130229694742,1.5071329158849962,-1.3988844223477357
1636731603689,2021-11-12T10:40:03.689,31.83,0.6239603237329632,1.598814441795439,-1.6926111272842341
1636731603699,2021-11-12T10:40:03.699,31.84,0.5668055576851543,1.7207795881844292,-2.03605885456342
1636731603709,2021-11-12T10:40:03.709,31.85,0.5742203354349333,1.8961917570950066,-2.436456934989895
1636731603719,2021-11-12T10:40:03.719,31.86,0.6594660712240161,2.0970266564167406,-2.8483573616041644
1636731603729,2021-11-12T10:40:03.729,31.87,0.7601128960105288,2.2893041294561938,-3.169239333620733
1636731603739,2021-11-12T10:40:03.739,31.88,0.8499893843805602,2.473480719659423,-3.3118197926272823
1636731603749,2021-11-12T10:40:03.749,31.89,0.9287043931712138,2.6611775693653694,-3.2441383029637287
1636731603759,2021-11-12T10:40:03.759,31.9,0.9479259927866851,2.84809549201411,-2.9710791652866124
1636731603769,2021-11-12T10:40:03.769,31.91,0.8728368721235262,3.022952978128485,-2.5330133393183596
1636731603779,2021-11-12T10:40:03.779,31.92,0.7753266653266053,3.1728656629489063,-2.0142403398224458
1636731603789,2021-11-12T10:40:03.789,31.93,0.7339854558095755,3.2688957366937874,-1.5108089307600139
1636731603799,2021-11-12T10:40:03.799,31.94,0.7037385000710132,3.28438634051295,-1.0876872956194306
1636731603809,2021-11-12T10:40:03.809,31.95,0.62871941098585,3.244805382930071,-0.772368641459517
1636731603819,2021-11-12T10:40:03.819,31.96,0.5887752493661204,3.208305851569855,-0.5627448209218812
1636731603829,2021-11-12T10:40:03.829,31.97,0.6721989687974612,3.173148889814536,-0.4206429341401009
1636731603839,2021-11-12T10:40:03.839,31.98,0.8099921390914526,3.069067909133509,-0.2840576096955095
1636731603849,2021-11-12T10:40:03.849,31.99,0.8849601774724193,2.8660345235565927,-0.10961332788817542
1636731603859,2021-11-12T10:40:03.859,32.0,0.9005351232349454,2.6210997557850897,0.11229883570158955
1636731603869,2021-11-12T10:40:03.869,32.01,0.9378954235693631,2.397156963159308,0.3763051890749124
1636731603879,2021-11-12T10:40:03.879,32.02,1.0392603473013662,2.203877808005713,0.6632686861906942
1636731603889,2021-11-12T10:40:03.889,32.03,1.1809881927888177,2.0375456842243738,0.9363297973497365
1636731603899,2021-11-12T10:40:03.899,32.04,1.3048771611576269,1.9202093930140745,1.1602158959074447
1636731603909,2021-11-12T10:40:03.909,32.05,1.38313164086162,1.8710738692620332,1.306199219155451
1636731603919,2021-11-12T10:40:03.919,32.06,1.4355284122131233,1.8727621840166555,1.323145976608086
1636731603929,2021-11-12T10:40:03.929,32.07,1.4345369225732103,1.8974082131888066,1.1338426390898606
1636731603939,2021-11-12T10:40:03.939,32.08,1.336038102655253,1.9615156215426073,0.7144604431381463
1636731603949,2021-11-12T10:40:03.949,32.09,1.2959471631226331,2.119914150428173,0.1844328984426919
1636731603959,2021-11-12T10:40:03.959,32.1,1.5632335835873281,2.376129730334542,-0.2633707885046514
1636731603969,2021-11-12T10:40:03.969,32.11,1.9959093948124138,2.6403485765169323,-0.5609207123536865
1636731603979,2021-11-12T10:40:03.979,32.12,2.0586977699984477,2.822936138340796,-0.8055826320516999
1636731603989,2021-11-12T10:40:03.989,32.13,1.4984313946423995,2.9090175536693312,-1.0784383740036296
1636731603999,2021-11-12T10:40:03.999,32.14,0.6766396414188107,2.915726355411361,-1.337903315533829
1636731604009,2021-11-12T10:40:04.009,32.15,0.11415590033814907,2.883097048183309,-1.514902497661099
1636731604019,2021-11-12T10:40:04.019,32.16,-0.01840319754603673,2.907553451289689,-1.606956788782735
1636731604029,2021-11-12T10:40:04.029,32.17,0.04567640400429988,3.0498344925768004,-1.6635018205532428
1636731604039,2021-11-12T10:40:04.039,32.18,-0.05955484894542905,3.227011161878318,-1.7328475621736805
1636731604049,2021-11-12T10:40:04.049,32.19,-0.4666630125932191,3.3143678040435764,-1.8111746741404577
1636731604059,2021-11-12T10:40:04.059,32.2,-0.9751767917007825,3.311761382882106,-1.8452898036128087
1636731604069,2021-11-12T10:40:04.069,32.21,-1.4008030562444387,3.3040678030962285,-1.8271513347640032
1636731604079,2021-11-12T10:40:04.079,32.22,-1.850467701965027,3.301514161382774,-1.8340215734086547
1636731604089,2021-11-12T10:40:04.089,32.23,-2.4649832195753367,3.2186771035141453,-1.8953953730983215
1636731604099,2021-11-12T10:40:04.099,32.24,-3.0728445902258477,2.9905689603104273,-1.8839147555506472
1636731604109,2021-11-12T10:40:04.109,32.25,-3.3115843885375504,2.6198398921414556,-1.6533487176593886
1636731604119,2021-11-12T10:40:04.119,32.26,-3.0271743428465676,2.1065328313437464,-1.2887237875512882
1636731604129,2021-11-12T10:40:04.129,32.27,-2.4833652538514217,1.4131607975824318,-1.1561689278686207
1636731604139,2021-11-12T10:40:04.139,32.28,-2.1652403928347783,0.5333773547895524,-1.6522207541432707
1636731604149,2021-11-12T10:40:04.149,32.29,-2.2814331252338698,-0.4367380040225627,-2.8870531470153384
1636731604159,2021-11-12T10:40:04.159,32.3,-2.530196625352075,-1.3090420357858654,-4.649031325733782
1636731604169,2021-11-12T10:40:04.169,32.31,-2.544905675872429,-1.8993883658001995,-6.650276915033416
1636731604179,2021-11-12T10:40:04.179,32.32,-2.364327220398594,-2.1571423578696995,-8.647719064426177
1636731604189,2021-11-12T10:40:04.189,32.33,-2.1789635277647172,-2.184827092233016,-10.335063267108877
1636731604199,2021-11-12T10:40:04.199,32.34,-1.9862000099552293,-2.0918815980554806,-11.468898841893683
1636731604209,2021-11-12T10:40:04.209,32.35,-1.9021373098309087,-1.9013976727367035,-12.28774390643295
1636731604219,2021-11-12T10:40:04.219,32.36,-2.2545083480376915,-1.6563773176360188,-13.462138877388483
1636731604229,2021-11-12T10:40:04.229,32.37,-2.854590395494826,-1.4964708324384186,-15.334519024174462
1636731604239,2021-11-12T10:40:04.239,32.38,-3.034535364004067,-1.5379132294308928,-17.42508791891447
1636731604249,2021-11-12T10:40:04.249,32.39,-2.9649752837710075,-1.7391316822804168,-18.859046403982035
1636731604259,2021-11-12T10:40:04.259,32.4,-3.61967148059745,-1.8802595001632967,-19.04103095302394
1636731604269,2021-11-12T10:40:04.269,32.41,-4.839074566643941,-1.6901835043195281,-17.89089632399044
1636731604279,2021-11-12T10:40:04.279,32.42,-5.10570206525732,-1.200136799099934,-15.88357503225755
1636731604289,2021-11-12T10:40:04.289,32.43,-3.8507051900513365,-0.8484468439543191,-14.041659415094621
1636731604299,2021-11-12T10:40:04.299,32.44,-2.3721878307530666,-0.785482144204678,-13.441601558206433
1636731604309,2021-11-12T10:40:04.309,32.45,-2.0202720150941724,-0.4201427344982317,-14.366346667221961
1636731604319,2021-11-12T10:40:04.319,32.46,-2.782225391983271,0.6329692941240962,-16.0744249695036
1636731604329,2021-11-12T10:40:04.329,32.47,-3.897668625034847,1.715582816255789,-17.453830057644062
1636731604339,2021-11-12T10:40:04.339,32.48,-4.814954267340757,2.0054127869085643,-17.67044767036399
1636731604349,2021-11-12T10:40:04.349,32.49,-5.349847694678872,1.5285632830078535,-16.391046097341793
1636731604359,2021-11-12T10:40:04.359,32.5,-5.663685654951603,0.7107217059752444,-14.050880242791703
1636731604369,2021-11-12T10:40:04.369,32.51,-6.145392977112799,-0.29895592006945937,-11.920660236940563
1636731604379,2021-11-12T10:40:04.379,32.52,-6.7881335402147105,-1.4244188294539595,-11.21535025883156
1636731604389,2021-11-12T10:40:04.389,32.53,-6.985304724300312,-2.402656541678447,-11.966992515234537
1636731604399,2021-11-12T10:40:04.399,32.54,-6.488975949882695,-3.0448967127866604,-13.089958396532744
1636731604409,2021-11-12T10:40:04.409,32.55,-5.878601019043958,-3.435713118028072,-13.32446498025844
1636731604419,2021-11-12T10:40:04.419,32.56,-5.37135303603271,-3.7349066107560787,-11.818782886643135
1636731604429,2021-11-12T10:40:04.429,32.57,-4.280918633188827,-4.037220836533879,-8.366984489255039
1636731604439,2021-11-12T10:40:04.439,32.58,-2.755536874106096,-4.565451044970042,-3.6950722859866536
1636731604449,2021-11-12T10:40:04.449,32.59,-2.6910358469093554,-5.713549603340451,0.8356659465274714
1636731604459,2021-11-12T10:40:04.459,32.6,-5.250868993114428,-7.573798186765432,4.340632316666037
1636731604469,2021-11-12T10:40:04.469,32.61,-8.500554816773569,-9.582294651403071,7.112523685564673
1636731604479,2021-11-12T10:40:04.479,32.62,-9.238120279573623,-10.986149983423608,10.022083906380153
1636731604489,2021-11-12T10:40:04.489,32.63,-6.67627689247633,-11.567821741383568,13.349994505481657
1636731604499,2021-11-12T10:40:04.499,32.64,-3.105038570919162,-11.62961832554534,16.27285255512025
1636731604509,2021-11-12T10:40:04.509,32.65,-1.2316927413521073,-11.466611236320617,17.58508320939494
1636731604519,2021-11-12T10:40:04.519,32.66,-1.6929067807068023,-11.226298853287114,17.142226150173762
1636731604529,2021-11-12T10:40:04.529,32.67,-3.1333623250974014,-11.095484175817328,16.372455624818652
1636731604539,2021-11-12T10:40:04.539,32.68,-4.032073867434461,-11.151203324641088,16.973070909155563
1636731604549,2021-11-12T10:40:04.549,32.69,-3.764280541884753,-11.062467403258056,19.42901372038363
1636731604559,2021-11-12T10:40:04.559,32.7,-2.14633144996168,-10.364483404936697,23.140951323443005
1636731604569,2021-11-12T10:40:04.569,32.71,0.7635528233531602,-9.09806356455238,27.29544462957075
1636731604579,2021-11-12T10:40:04.579,32.72,4.052469167064652,-7.861854788196322,30.97579047249319
1636731604589,2021-11-12T10:40:04.589,32.73,6.256810890109422,-7.180457546272936,33.0381224065101
1636731604599,2021-11-12T10:40:04.599,32.74,6.6624767426260405,-7.108376594140435,32.68849020534044
1636731604609,2021-11-12T10:40:04.609,32.75,5.622870661656907,-7.444387561971187,30.141763139008006
1636731604619,2021-11-12T10:40:04.619,32.76,3.821929711307552,-7.908242915242587,26.51862738777536
1636731604629,2021-11-12T10:40:04.629,32.77,2.141319051776236,-7.969381340797922,23.319014443021135
1636731604639,2021-11-12T10:40:04.639,32.78,1.8876124721641292,-6.970965627384347,21.945941986506114
1636731604649,2021-11-12T10:40:04.649,32.79,3.79470191708838,-4.849120385723216,22.975299104204517
1636731604659,2021-11-12T10:40:04.659,32.8,6.6297450330909085,-2.543604753530238,25.354914750341724
1636731604669,2021-11-12T10:40:04.669,32.81,8.043078595653903,-1.3151160255429404,26.85319148849191
1636731604679,2021-11-12T10:40:04.679,32.82,7.193058397984288,-1.6710849098156122,25.97582023987585
1636731604689,2021-11-12T10:40:04.689,32.83,5.410357384851691,-3.085804354821107,23.250172480644437
1636731604699,2021-11-12T10:40:04.699,32.84,4.050537492142441,-4.545306702016006,20.333953230130035
1636731604709,2021-11-12T10:40:04.709,32.85,3.0221001285626983,-5.177137196223902,18.27344375774629
1636731604719,2021-11-12T10:40:04.719,32.86,1.7984704570700982,-4.666752494598421,17.012928193998274
1636731604729,2021-11-12T10:40:04.729,32.87,0.6332288934517419,-3.4526054837543882,16.27591453763923
1636731604739,2021-11-12T10:40:04.739,32.88,0.08955786508974944,-2.4441468570200175,16.290399567796772
1636731604749,2021-11-12T10:40:04.749,32.89,0.089464799287248,-2.2768941312704074,17.331076549619983
1636731604759,2021-11-12T10:40:04.759,32.9,0.17152162588838515,-2.7836367636277837,18.85155719841843
1636731604769,2021-11-12T10:40:04.769,32.91,0.3647044292344742,-3.2332798213965006,19.683898163421595
1636731604779,2021-11-12T10:40:04.779,32.92,1.0247823912850818,-3.030955384464556,19.19874485936141
1636731604789,2021-11-12T10:40:04.789,32.93,1.8831657646200102,-2.1549207227176495,17.836120430843927
1636731604799,2021-11-12T10:40:04.799,32.94,2.068256610157749,-1.042138714447018,16.409017679192463
1636731604809,2021-11-12T10:40:04.809,32.95,1.1974546028606285,-0.22055524410939056,15.2574183220304
1636731604819,2021-11-12T10:40:04.819,32.96,-0.17254261344610222,-0.0573050456763312,14.219171852059045
1636731604829,2021-11-12T10:40:04.829,32.97,-1.3009934742562024,-0.6933809654243772,13.201780479459487
1636731604839,2021-11-12T10:40:04.839,32.98,-1.9952041114388246,-2.017917291930071,12.536607964453943
1636731604849,2021-11-12T10:40:04.849,32.99,-2.383404427838984,-3.581040555550187,12.687436616696314
1636731604859,2021-11-12T10:40:04.859,33.0,-2.2614173809798093,-4.62366479653578,13.738883166934114
1636731604869,2021-11-12T10:40:04.869,33.01,-1.1943561752413294,-4.513656151606042,15.286529701251455
1636731604879,2021-11-12T10:40:04.879,33.02,0.580768085955906,-3.370888918559623,16.68646215714265
1636731604889,2021-11-12T10:40:04.889,33.03,1.87250043338711,-2.150565137824823,17.31461775108835
1636731604899,2021-11-12T10:40:04.899,33.04,1.5055709659519394,-1.8998376785839532,16.80587112772771
1636731604909,2021-11-12T10:40:04.909,33.05,-0.5972305953884277,-2.8203500145562916,15.299261326402275
1636731604919,2021-11-12T10:40:04.919,33.06,-3.2107979447097748,-4.056315241126376,13.492032935491357
1636731604929,2021-11-12T10:40:04.929,33.07,-4.552580668558852,-4.5720732307811,12.296739269837344
1636731604939,2021-11-12T10:40:04.939,33.08,-3.6441211290959457,-4.315897877656399,12.211067207896358
1636731604949,2021-11-12T10:40:04.949,33.09,-1.157859697063536,-4.182000421061538,12.969703054171656
1636731604959,2021-11-12T10:40:04.959,33.1,1.1534079929618266,-4.706893793931094,13.89440704918551
1636731604969,2021-11-12T10:40:04.969,33.11,1.724709365171847,-5.406866270999734,14.495845768372696
1636731604979,2021-11-12T10:40:04.979,33.12,0.2704559019777596,-5.632437938974574,14.693030259645488
1636731604989,2021-11-12T10:40:04.989,33.13,-1.721128834103942,-5.405226703416082,14.663784086959996
1636731604999,2021-11-12T10:40:04.999,33.14,-2.050433614365476,-5.247481817799043,14.526624731953895
1636731605009,2021-11-12T10:40:05.009,33.15,0.03499220508662809,-5.682031073703546,14.033544699844297
1636731605019,2021-11-12T10:40:05.019,33.16,3.2633922904690436,-6.68438106205854,12.704753128460458
1636731605029,2021-11-12T10:40:05.029,33.17,6.020004981198527,-7.401310900704757,10.395870368848168
1636731605039,2021-11-12T10:40:05.039,33.18,7.754820495072236,-7.080573397539711,7.599124107867199
1636731605049,2021-11-12T10:40:05.049,33.19,8.763649305099236,-6.214246568318197,5.1942877557565446
1636731605059,2021-11-12T10:40:05.059,33.2,9.524990457461712,-5.858188559421794,3.981160696943261
1636731605069,2021-11-12T10:40:05.069,33.21,10.357924443858764,-6.165747967274221,4.208335508586274
1636731605079,2021-11-12T10:40:05.079,33.22,11.087519335152786,-6.515604833635905,5.351877644031738
1636731605089,2021-11-12T10:40:05.089,33.23,10.975945995627384,-6.653205007959571,6.505928583696182
1636731605099,2021-11-12T10:40:05.099,33.24,9.432168729701727,-6.884135986727593,7.102325881358482
1636731605109,2021-11-12T10:40:05.109,33.25,6.858602021536351,-7.384307329646973,7.198542008165246
1636731605119,2021-11-12T10:40:05.119,33.26,4.4482729756156925,-7.933619650195841,7.161603885242867
1636731605129,2021-11-12T10:40:05.129,33.27,3.024798826161261,-8.341768314886602,7.256666014371207
1636731605139,2021-11-12T10:40:05.139,33.28,2.3587532966783513,-8.739201357744749,7.520350782657545
1636731605149,2021-11-12T10:40:05.149,33.29,1.7397057254217514,-9.257115511313891,7.8388281390339625
1636731605159,2021-11-12T10:40:05.159,33.3,0.8883479557858809,-9.619941990228144,8.04238067194155
1636731605169,2021-11-12T10:40:05.169,33.31,0.1039692883747833,-9.317713896980537,7.98966461906699
1636731605179,2021-11-12T10:40:05.179,33.32,-0.1914805468392272,-8.197303945621432,7.6297012970522005
1636731605189,2021-11-12T10:40:05.189,33.33,0.18054422723606628,-6.752732199508523,6.9600068710542935
1636731605199,2021-11-12T10:40:05.199,33.34,1.0291194477340255,-5.791015639746714,5.9438307285305605
1636731605209,2021-11-12T10:40:05.209,33.35,1.8778341230371358,-5.817641827372352,4.561949090337462
1636731605219,2021-11-12T10:40:05.219,33.36,2.398310812011678,-6.650581775886023,2.9364299028292256
1636731605229,2021-11-12T10:40:05.229,33.37,2.796847573703143,-7.542703688671513,1.2969418297114297
1636731605239,2021-11-12T10:40:05.239,33.38,3.4025764299089496,-7.757802014582271,-0.18467207821461265
1636731605249,2021-11-12T10:40:05.249,33.39,3.9084988433492347,-7.1218737192477395,-1.4724915655380297
1636731605259,2021-11-12T10:40:05.259,33.4,3.6179069953686893,-5.988879355759481,-2.6242883444897993
1636731605269,2021-11-12T10:40:05.269,33.41,2.4864913037672016,-4.748476923413007,-3.757283374146712
1636731605279,2021-11-12T10:40:05.279,33.42,1.297447759125256,-3.5879693601865896,-5.034920354046314
1636731605289,2021-11-12T10:40:05.289,33.43,0.7470263811027411,-2.694360566651728,-6.577302602072034
1636731605299,2021-11-12T10:40:05.299,33.44,0.8410791676887661,-2.340725616944164,-8.329018913199231
1636731605309,2021-11-12T10:40:05.309,33.45,1.1725418754720731,-2.6051240273940937,-10.032987416657273
1636731605319,2021-11-12T10:40:05.319,33.46,1.4501238093272315,-3.16007173110848,-11.314221933411302
1636731605329,2021-11-12T10:40:05.329,33.47,1.7333802125230295,-3.48722496198168,-11.806319642274381
1636731605339,2021-11-12T10:40:05.339,33.48,2.2506151754888637,-3.3124607384995386,-11.36826409498796
1636731605349,2021-11-12T10:40:05.349,33.49,3.0261659680967052,-2.8424981832929204,-10.288708846818164
1636731605359,2021-11-12T10:40:05.359,33.5,3.7913865753581715,-2.580294763730224,-9.155448629295845
1636731605369,2021-11-12T10:40:05.369,33.51,4.305580962549781,-2.8541513282944875,-8.420274359942379
1636731605379,2021-11-12T10:40:05.379,33.52,4.621398587928935,-3.527399416543646,-8.155283571166521
1636731605389,2021-11-12T10:40:05.389,33.53,4.907291208289763,-4.202907264215408,-8.211085695465092
1636731605399,2021-11-12T10:40:05.399,33.54,5.11211998673578,-4.5918741756187895,-8.43187541169183
1636731605409,2021-11-12T10:40:05.409,33.55,5.019502887646791,-4.564230416430493,-8.69740290334564
1636731605419,2021-11-12T10:40:05.419,33.56,4.643688069367796,-4.00610928182203,-8.971692557814837
1636731605429,2021-11-12T10:40:05.429,33.57,4.321934894465698,-2.864168813736735,-9.418780159735157
1636731605439,2021-11-12T10:40:05.439,33.58,4.253503717808165,-1.310628315059669,-10.324290208103749
1636731605449,2021-11-12T10:40:05.449,33.59,4.137446355234994,0.2770040037433436,-11.772771768759247
1636731605459,2021-11-12T10:40:05.459,33.6,3.5028602278912278,1.5674265256643456,-13.487358892247869
1636731605469,2021-11-12T10:40:05.469,33.61,2.2694008906739507,2.5281401489782622,-15.104389088317733
1636731605479,2021-11-12T10:40:05.479,33.62,0.7628189607248959,3.4031411385906987,-16.526800927658144
1636731605489,2021-11-12T10:40:05.489,33.63,-0.6742389254415783,4.393577171034432,-17.888193865123235
1636731605499,2021-11-12T10:40:05.499,33.64,-1.8691414249625091,5.4066555107321115,-19.27508104794017
1636731605509,2021-11-12T10:40:05.509,33.65,-2.759590161550613,6.190753675133866,-20.637278506061033
1636731605519,2021-11-12T10:40:05.519,33.66,-3.340293529921281,6.655652028313595,-21.864423934319298
1636731605529,2021-11-12T10:40:05.529,33.67,-3.6277798596724393,6.946552490491431,-22.793237183797434
1636731605539,2021-11-12T10:40:05.539,33.68,-3.622526860017913,7.216096897931632,-23.246003140583788
1636731605549,2021-11-12T10:40:05.549,33.69,-3.3203949895709206,7.431630063668641,-23.21373977440463
1636731605559,2021-11-12T10:40:05.559,33.7,-2.7763565898941005,7.444781042366096,-22.956385244177866
1636731605569,2021-11-12T10:40:05.569,33.71,-2.175345904659037,7.188531787509333,-22.86689971861666
1636731605579,2021-11-12T10:40:05.579,33.72,-1.7540040988719412,6.77023445174131,-23.24244496894883
1636731605589,2021-11-12T10:40:05.589,33.73,-1.5614563006594164,6.396138923084649,-24.090585848412772
1636731605599,2021-11-12T10:40:05.599,33.74,-1.4311131800664383,6.205471939606954,-25.050123769538246
1636731605609,2021-11-12T10:40:05.609,33.75,-1.236964640774461,6.172474412270747,-25.589360873444083
1636731605619,2021-11-12T10:40:05.619,33.76,-0.9829388028485023,6.19818018139534,-25.4864682734911
1636731605629,2021-11-12T10:40:05.629,33.77,-0.725551520905623,6.261756762605903,-25.18746569909112
1636731605639,2021-11-12T10:40:05.639,33.78,-0.6316543956883114,6.406095265998678,-25.511350579297385
1636731605649,2021-11-12T10:40:05.649,33.79,-0.8325823710063656,6.640316057785775,-26.802931979409102
1636731605659,2021-11-12T10:40:05.659,33.8,-1.0298911059476006,6.953504398334909,-28.51142135257857
1636731605669,2021-11-12T10:40:05.669,33.81,-0.7632572921629499,7.324625981094526,-29.82040817711332
1636731605679,2021-11-12T10:40:05.679,33.82,-0.27461803883903513,7.627249307846279,-30.42763795392869
1636731605689,2021-11-12T10:40:05.689,33.83,-0.4311497146206378,7.6684349724726495,-30.307623842137488
1636731605699,2021-11-12T10:40:05.699,33.84,-1.4634455188101292,7.434216917547706,-29.050526817269386
1636731605709,2021-11-12T10:40:05.709,33.85,-2.4248031768943603,7.169614433490592,-26.250904723923554
1636731605719,2021-11-12T10:40:05.719,33.86,-2.3841012772930257,7.105401885934009,-22.624437270051843
1636731605729,2021-11-12T10:40:05.729,33.87,-1.6758680931827499,7.203881111009704,-19.926485700804534
1636731605739,2021-11-12T10:40:05.739,33.88,-1.374673730560612,7.2701779529818795,-19.329306669237567
1636731605749,2021-11-12T10:40:05.749,33.89,-1.7882562520938503,7.217458805576875,-20.341345761230745
1636731605759,2021-11-12T10:40:05.759,33.9,-2.105086293973534,7.116048141731616,-21.575576646109738
1636731605769,2021-11-12T10:40:05.769,33.91,-1.5989834681395312,7.048571510466722,-22.036019703358658
1636731605779,2021-11-12T10:40:05.779,33.92,-0.6766414411081061,6.995872556399844,-21.370094506492627
1636731605789,2021-11-12T10:40:05.789,33.93,-0.32032501201953417,6.838711282821484,-19.473631304684638
1636731605799,2021-11-12T10:40:05.799,33.94,-0.77178796084644,6.473286804055738,-16.484547295849964
1636731605809,2021-11-12T10:40:05.809,33.95,-1.390006136737451,5.956339834852545,-13.141942683446324
1636731605819,2021-11-12T10:40:05.819,33.96,-1.6015204908348495,5.506236104255191,-10.762280898970413
1636731605829,2021-11-12T10:40:05.829,33.97,-1.3157294753590723,5.355997027774038,-10.427080096738251
1636731605839,2021-11-12T10:40:05.839,33.98,-0.7322676500597203,5.631076650108547,-11.949819024375564
1636731605849,2021-11-12T10:40:05.849,33.99,-0.2953674620821913,6.32163350473667,-13.86751103898229
1636731605859,2021-11-12T10:40:05.859,34.0,-0.3960208673025109,7.325382491155917,-14.76043602909793
1636731605869,2021-11-12T10:40:05.869,34.01,-0.9276577364704608,8.523267147196876,-14.38996229796479
1636731605879,2021-11-12T10:40:05.879,34.02,-1.598594971405967,9.78936214369667,-13.266919394942406
1636731605889,2021-11-12T10:40:05.889,34.03,-2.331796014230477,10.938557596727176,-11.441946466333441
1636731605899,2021-11-12T10:40:05.899,34.04,-2.848537824077686,11.783319448520128,-8.355274006286882
1636731605909,2021-11-12T10:40:05.909,34.05,-2.638233692932621,12.312826401716244,-4.029174461431554
1636731605919,2021-11-12T10:40:05.919,34.06,-1.9054155025469535,12.750374630921513,0.1254244368179993
1636731605929,2021-11-12T10:40:05.929,34.07,-1.5976718280739348,13.364545824546276,2.3080276274029914
1636731605939,2021-11-12T10:40:05.939,34.08,-2.002719247971179,14.23252644087805,2.0441394719771266
1636731605949,2021-11-12T10:40:05.949,34.09,-2.342593420001082,15.202483728534485,0.37391868841127524
1636731605959,2021-11-12T10:40:05.959,34.1,-2.1197697100404964,16.05760322280632,-1.5299959858054581
1636731605969,2021-11-12T10:40:05.969,34.11,-1.8258472143702043,16.676778440943664,-3.2490159343848077
1636731605979,2021-11-12T10:40:05.979,34.12,-2.0875090502508566,17.0321204550482,-4.684939304101692
1636731605989,2021-11-12T10:40:05.989,34.13,-3.0069044583477647,17.10998261904068,-5.509965036566193
1636731605999,2021-11-12T10:40:05.999,34.14,-4.30933748339023,16.950223666975216,-5.319819589949114
1636731606009,2021-11-12T10:40:06.009,34.15,-5.34839808558113,16.742539870851388,-4.037680838617121
1636731606019,2021-11-12T10:40:06.019,34.16,-5.202009600092629,16.725058861776287,-2.0892508456898264
1636731606029,2021-11-12T10:40:06.029,34.17,-3.447666526305951,16.932620697801227,-0.2517160529104929
1636731606039,2021-11-12T10:40:06.039,34.18,-0.5513890331605174,17.137928347499933,0.8692605387593514
1636731606049,2021-11-12T10:40:06.049,34.19,2.9014960422669387,17.040544621413147,1.3780200209551796
1636731606059,2021-11-12T10:40:06.059,34.2,6.792647068241984,16.411234785506768,1.9456668674232471
1636731606069,2021-11-12T10:40:06.069,34.21,10.880774253299592,15.102552579627881,3.0402064734251617
1636731606079,2021-11-12T10:40:06.079,34.22,14.30430031185255,13.09082312489614,4.508901296959642
1636731606089,2021-11-12T10:40:06.089,34.23,16.304953994944807,10.522747206324077,6.008082572875628
1636731606099,2021-11-12T10:40:06.099,34.24,17.056114112928583,7.61308965218651,7.526381127141603
1636731606109,2021-11-12T10:40:06.109,34.25,17.177632168881715,4.510543101972351,9.155372745288194
1636731606119,2021-11-12T10:40:06.119,34.26,16.613735364843862,1.3494063592672512,10.522916722996804
1636731606129,2021-11-12T10:40:06.129,34.27,14.617861115761,-1.5958061582925118,10.976432947551793
1636731606139,2021-11-12T10:40:06.139,34.28,11.010500954531327,-3.8759086608963136,10.457533360051459
1636731606149,2021-11-12T10:40:06.149,34.29,6.968564479661518,-4.993578028085409,9.776221451716681
1636731606159,2021-11-12T10:40:06.159,34.3,4.16524644588579,-4.633856991969969,9.805692924677588
1636731606169,2021-11-12T10:40:06.169,34.31,3.3287931517918308,-2.903151951038245,10.678471130843782
1636731606179,2021-11-12T10:40:06.179,34.32,3.883522511933121,-0.3427288340110921,11.847075035893074
1636731606189,2021-11-12T10:40:06.189,34.33,4.6201999986621765,2.383680590688463,12.580357576434306
1636731606199,2021-11-12T10:40:06.199,34.34,4.341748082288264,4.854046539860934,12.270235942520548
1636731606209,2021-11-12T10:40:06.209,34.35,2.3530478225276816,7.0312089802772535,10.604372886161565
1636731606219,2021-11-12T10:40:06.219,34.36,-1.0259528067429722,9.155022820302365,7.778920362686471
1636731606229,2021-11-12T10:40:06.229,34.37,-4.657322073974552,11.42607546298289,4.507265089360509
1636731606239,2021-11-12T10:40:06.239,34.38,-7.647767376287451,13.722761568636622,1.620082130464246
1636731606249,2021-11-12T10:40:06.249,34.39,-9.89021089711344,15.71742304312282,-0.3963428183435294
1636731606259,2021-11-12T10:40:06.259,34.4,-11.556815803385467,17.22238959159896,-1.4802856310576737
1636731606269,2021-11-12T10:40:06.269,34.41,-12.79836727238142,18.205739806862837,-1.800212870582096
1636731606279,2021-11-12T10:40:06.279,34.42,-14.030179359557422,18.522699697081734,-1.6207644231459488
1636731606289,2021-11-12T10:40:06.289,34.43,-15.733103329283672,17.92277441130283,-1.2007560894960982
1636731606299,2021-11-12T10:40:06.299,34.44,-17.785968974868233,16.332012809318535,-0.5783568551985886
1636731606309,2021-11-12T10:40:06.309,34.45,-19.565477832182527,13.888906415854475,0.5222514004033927
1636731606319,2021-11-12T10:40:06.319,34.46,-20.75900899533828,10.737374955777607,2.364888829885202
1636731606329,2021-11-12T10:40:06.329,34.47,-21.472281515590595,7.0649251121594245,4.770822805486095
1636731606339,2021-11-12T10:40:06.339,34.48,-21.506480614504163,3.3198370646661974,7.186443779027961
1636731606349,2021-11-12T10:40:06.349,34.49,-20.30557123309363,0.07384383442215792,9.127680213905347
1636731606359,2021-11-12T10:40:06.359,34.5,-17.81159310649342,-2.385884952208949,10.356474796825102
1636731606369,2021-11-12T10:40:06.369,34.51,-14.672995131491831,-4.137679419615137,10.752976523980308
1636731606379,2021-11-12T10:40:06.379,34.52,-11.483034183946923,-5.35733124502618,10.315154808253496
1636731606389,2021-11-12T10:40:06.389,34.53,-8.442024003829143,-6.188273165633198,9.253069156481804
1636731606399,2021-11-12T10:40:06.399,34.54,-5.745173305098841,-6.800719731462888,7.90939921845736
1636731606409,2021-11-12T10:40:06.409,34.55,-3.6782695110534136,-7.33877572024244,6.602383382866126
1636731606419,2021-11-12T10:40:06.419,34.56,-2.3024061834844796,-7.812899937860573,5.563978987113209
1636731606429,2021-11-12T10:40:06.429,34.57,-1.409240678569835,-8.16126456822499,4.934909752543629
1636731606439,2021-11-12T10:40:06.439,34.58,-0.7529965252643511,-8.368968436905007,4.751404141576627
1636731606449,2021-11-12T10:40:06.449,34.59,-0.18558449553994788,-8.460922677641594,4.8989212831936495
1636731606459,2021-11-12T10:40:06.459,34.6,0.33074985774039867,-8.435509480590483,5.086805684959688
1636731606469,2021-11-12T10:40:06.469,34.61,0.8177454775392313,-8.299912849183238,5.006589371380366
1636731606479,2021-11-12T10:40:06.479,34.62,1.4141293903408958,-8.250117049210871,4.61445790754275
1636731606489,2021-11-12T10:40:06.489,34.63,2.1825498797674214,-8.655977559672877,4.146707845754328
1636731606499,2021-11-12T10:40:06.499,34.64,2.706597602099915,-9.489715938082107,3.778532903042051
1636731606509,2021-11-12T10:40:06.509,34.65,2.344974864595472,-10.05262119366342,3.4411913159277203
1636731606519,2021-11-12T10:40:06.519,34.66,1.1647865697020277,-10.025142888844947,3.0877998208546344
1636731606529,2021-11-12T10:40:06.529,34.67,0.14465946172407163,-10.23213824356583,2.8954395600913054
1636731606539,2021-11-12T10:40:06.539,34.68,0.09766454715038154,-11.266008363753803,2.979687739954403
1636731606549,2021-11-12T10:40:06.549,34.69,0.8511804225228912,-12.245364773180398,3.1108257016624075
1636731606559,2021-11-12T10:40:06.559,34.7,1.7971044349682546,-12.135842184545876,2.958893788290584
1636731606569,2021-11-12T10:40:06.569,34.71,2.684159108409566,-11.193427850089392,2.4608074942928306
1636731606579,2021-11-12T10:40:06.579,34.72,3.484242504611738,-10.154065209830037,1.773086419461904
1636731606589,2021-11-12T10:40:06.589,34.73,4.026406978851237,-9.13065348506538,1.0824033432992073
1636731606599,2021-11-12T10:40:06.599,34.74,4.212648938574775,-7.952342982748261,0.6401513648383059
1636731606609,2021-11-12T10:40:06.609,34.75,4.23476123470115,-6.715580864673617,0.7620064199306175
1636731606619,2021-11-12T10:40:06.619,34.76,4.261859536179576,-5.596692351968674,1.5924516200626366
1636731606629,2021-11-12T10:40:06.629,34.77,4.198059013949436,-4.596238213902882,2.980630277464811
1636731606639,2021-11-12T10:40:06.639,34.78,3.960931270361498,-3.6413537313841218,4.671498033925446
1636731606649,2021-11-12T10:40:06.649,34.79,3.728177999222242,-2.7107161140207428,6.474570706092776
1636731606659,2021-11-12T10:40:06.659,34.8,3.6935269206477015,-1.801995950868132,8.162851092038913
1636731606669,2021-11-12T10:40:06.669,34.81,3.7796554861041223,-0.8809630977367422,9.37637699605153
1636731606679,2021-11-12T10:40:06.679,34.82,3.8130911668232326,0.11045150698938397,9.811372020371259
1636731606689,2021-11-12T10:40:06.689,34.83,3.8518917321410626,1.205396426196539,9.470603509022812
1636731606699,2021-11-12T10:40:06.699,34.84,4.072401095290737,2.3440053908501164,8.619499014128275
1636731606709,2021-11-12T10:40:06.709,34.85,4.328002756321162,3.3540193196335073,7.53096849055098
1636731606719,2021-11-12T10:40:06.719,34.86,4.103892574979834,4.051235428756229,6.351984166936527
1636731606729,2021-11-12T10:40:06.729,34.87,3.1113252287022783,4.396183162720805,5.180909561475303
1636731606739,2021-11-12T10:40:06.739,34.88,1.771963095762945,4.545335823771479,4.176460560705829
1636731606749,2021-11-12T10:40:06.749,34.89,0.8157626639079748,4.721013761077085,3.5258679980138097
1636731606759,2021-11-12T10:40:06.759,34.9,0.40904746030224964,4.995725288842029,3.313463734850055
1636731606769,2021-11-12T10:40:06.769,34.91,-0.014840403441681447,5.200406183904734,3.496717086922332
1636731606779,2021-11-12T10:40:06.779,34.92,-0.9988978552319697,5.092580255668416,4.010195312292572
1636731606789,2021-11-12T10:40:06.789,34.93,-2.4379072769850634,4.626883166749844,4.764627693633084
1636731606799,2021-11-12T10:40:06.799,34.94,-3.7960699180044486,3.998328547201986,5.535495268091597
1636731606809,2021-11-12T10:40:06.809,34.95,-4.656680632432974,3.4154120277698166,6.025804649289919
1636731606819,2021-11-12T10:40:06.819,34.96,-4.9267498441412565,2.93566387757783,6.083969256830626
1636731606829,2021-11-12T10:40:06.829,34.97,-4.696491853178875,2.5484605693264832,5.740473229191462
1636731606839,2021-11-12T10:40:06.839,34.98,-4.04063064517878,2.2690871117134006,5.060435371051049
1636731606849,2021-11-12T10:40:06.849,34.99,-3.016647936507106,2.06332547503992,4.117020548433758
1636731606859,2021-11-12T10:40:06.859,35.0,-1.9595900823136356,1.7974139268682054,3.0889894128172477
1636731606869,2021-11-12T10:40:06.869,35.01,-1.5141026137518616,1.352825843794012,2.236473588910419
1636731606879,2021-11-12T10:40:06.879,35.02,-1.8853820441134164,0.7218061125859331,1.7623421971786422
1636731606889,2021-11-12T10:40:06.889,35.03,-2.394998672098636,-0.033452218397423586,1.7518348330627178
1636731606899,2021-11-12T10:40:06.899,35.04,-2.451578146136408,-0.8292775869553843,2.191645788161027
1636731606909,2021-11-12T10:40:06.909,35.05,-2.430912128328184,-1.5567694444247344,2.970753818637052
1636731606919,2021-11-12T10:40:06.919,35.06,-2.8828491644899015,-2.1106189182071926,3.9129504749076496
1636731606929,2021-11-12T10:40:06.929,35.07,-3.580385116254268,-2.4543817963944266,4.868680723843218
1636731606939,2021-11-12T10:40:06.939,35.08,-4.010052159939848,-2.632602207335249,5.726541229795879
1636731606949,2021-11-12T10:40:06.949,35.09,-4.126067528414183,-2.6999261989217347,6.322659902440927
1636731606959,2021-11-12T10:40:06.959,35.1,-4.122545381586586,-2.643077621075676,6.461535612094151
1636731606969,2021-11-12T10:40:06.969,35.11,-3.9725807453645094,-2.3962578994978823,6.112200193459508
1636731606979,2021-11-12T10:40:06.979,35.12,-3.5869616465283194,-1.947714600605139,5.504448698306014
1636731606989,2021-11-12T10:40:06.989,35.13,-3.160264486621086,-1.4187031729053063,4.936867171644987
1636731606999,2021-11-12T10:40:06.999,35.14,-3.0328008532386006,-1.0139707284751178,4.531624740134273
1636731607009,2021-11-12T10:40:07.009,35.15,-3.2523164831802367,-0.8778889928721854,4.237887103066665
1636731607019,2021-11-12T10:40:07.019,35.16,-3.4983100981855992,-1.0051595762287215,4.014509521772389
1636731607029,2021-11-12T10:40:07.029,35.17,-3.5027875998702065,-1.3009613345929911,3.9315985627012573
1636731607039,2021-11-12T10:40:07.039,35.18,-3.401406602063421,-1.7129414870994175,4.100874905395413
1636731607049,2021-11-12T10:40:07.049,35.19,-3.554177516430017,-2.2914535972373438,4.516559933898287
1636731607059,2021-11-12T10:40:07.059,35.2,-4.074375668520735,-3.1198220074922904,4.962798644679205
1636731607069,2021-11-12T10:40:07.069,35.21,-4.666951288471938,-4.194677883039768,5.142907078542237
1636731607079,2021-11-12T10:40:07.079,35.22,-4.950999163184421,-5.414944633955409,4.955438093468068
1636731607089,2021-11-12T10:40:07.089,35.23,-4.801886860295087,-6.711010116209005,4.593549133174642
1636731607099,2021-11-12T10:40:07.099,35.24,-4.337890981906757,-8.140667028659497,4.327704991414903
1636731607109,2021-11-12T10:40:07.109,35.25,-3.751523332381683,-9.820956600711575,4.246173340544861
1636731607119,2021-11-12T10:40:07.119,35.26,-3.210156760577374,-11.794461861221727,4.256538599860224
1636731607129,2021-11-12T10:40:07.129,35.27,-2.757236339738534,-13.994982352486224,4.26926826196357
1636731607139,2021-11-12T10:40:07.139,35.28,-2.2936560282546026,-16.31363781376342,4.262366154126806
1636731607149,2021-11-12T10:40:07.149,35.29,-1.7590140066595819,-18.64075965795915,4.176782984357443
1636731607159,2021-11-12T10:40:07.159,35.3,-1.2224728443977928,-20.84164176446326,3.902410714644562
1636731607169,2021-11-12T10:40:07.169,35.31,-0.6820669297104379,-22.74305300782073,3.4212015173082637
1636731607179,2021-11-12T10:40:07.179,35.32,0.022407909516687127,-24.17830461354233,2.81550562343931
1636731607189,2021-11-12T10:40:07.189,35.33,0.9346148588180763,-25.05375965422652,2.1056493378928955
1636731607199,2021-11-12T10:40:07.199,35.34,1.8784691408373972,-25.37469454529939,1.2770636651823366
1636731607209,2021-11-12T10:40:07.209,35.35,2.8428456620664386,-25.199519468528564,0.44421103629539194
1636731607219,2021-11-12T10:40:07.219,35.36,4.142608765703381,-24.57481510345552,-0.3051616008311465
1636731607229,2021-11-12T10:40:07.229,35.37,5.876229411148266,-23.538253181769534,-1.1901737760984927
1636731607239,2021-11-12T10:40:07.239,35.38,7.501709617749894,-22.16462598969452,-2.5088562324422834
1636731607249,2021-11-12T10:40:07.249,35.39,8.280400545669323,-20.567862238421707,-4.153597574432252
1636731607259,2021-11-12T10:40:07.259,35.4,8.005719966032972,-18.871440038611695,-5.672547628553969
1636731607269,2021-11-12T10:40:07.269,35.41,7.143508511392998,-17.185821864875113,-6.747568242307552
1636731607279,2021-11-12T10:40:07.279,35.42,6.334102990296122,-15.578435643157302,-7.339023111176717
1636731607289,2021-11-12T10:40:07.289,35.43,5.792106690263796,-14.067888404354228,-7.495589084643893
1636731607299,2021-11-12T10:40:07.299,35.44,5.226199134649447,-12.665724378284063,-7.302906497098499
1636731607309,2021-11-12T10:40:07.309,35.45,4.371106281178819,-11.382129825061728,-6.922649698778913
1636731607319,2021-11-12T10:40:07.319,35.46,3.379281364842659,-10.176937089623907,-6.470691262592144
1636731607329,2021-11-12T10:40:07.329,35.47,2.51402470425327,-8.985738303386999,-5.909266848041195
1636731607339,2021-11-12T10:40:07.339,35.48,1.701466515737648,-7.828321485132243,-5.177335897792094
1636731607349,2021-11-12T10:40:07.349,35.49,0.7183733823400484,-6.771731076853347,-4.355361072765541
1636731607359,2021-11-12T10:40:07.359,35.5,-0.21177636539882166,-5.701065244795731,-3.5767153292092813
1636731607369,2021-11-12T10:40:07.369,35.51,-0.38269639821423873,-4.288872505238457,-2.871531231956732
1636731607379,2021-11-12T10:40:07.379,35.52,0.5394263021549652,-2.371928306500665,-2.324306050557187
1636731607389,2021-11-12T10:40:07.389,35.53,1.8789585046149635,-0.22050322922890808,-2.299873939161838
1636731607399,2021-11-12T10:40:07.399,35.54,2.6652208181903716,1.7654075374485378,-3.1422042604597813
1636731607409,2021-11-12T10:40:07.409,35.55,2.780291157228029,3.4861665751472484,-4.639239688648571
1636731607419,2021-11-12T10:40:07.419,35.56,2.8109001636090882,5.084541086014308,-6.165427663057016
1636731607429,2021-11-12T10:40:07.429,35.57,3.0445380915938824,6.6393365858274995,-7.37114080743434
1636731607439,2021-11-12T10:40:07.439,35.58,3.3281777506826917,8.142690258610672,-8.37006387848702
1636731607449,2021-11-12T10:40:07.449,35.59,3.6891849318221857,9.651467446197255,-9.286684555488774
1636731607459,2021-11-12T10:40:07.459,35.6,4.367975007754815,11.232970344721991,-10.035799042624557
1636731607469,2021-11-12T10:40:07.469,35.61,5.2875147310194635,12.794439547200943,-10.559901621607189
1636731607479,2021-11-12T10:40:07.479,35.62,6.043359278365488,14.124093575486103,-10.905762431863458
1636731607489,2021-11-12T10:40:07.489,35.63,6.472075605002809,15.111005797206086,-11.018054944119523
1636731607499,2021-11-12T10:40:07.499,35.64,6.833605135658459,15.83162815271145,-10.76391999497961
1636731607509,2021-11-12T10:40:07.509,35.65,7.324684956283671,16.41489424539322,-10.221965365479944
1636731607519,2021-11-12T10:40:07.519,35.66,7.742491400294798,16.907151031688322,-9.695484430150016
1636731607529,2021-11-12T10:40:07.529,35.67,7.826250918668137,17.287448554238132,-9.360146582105864
1636731607539,2021-11-12T10:40:07.539,35.68,7.658137261183247,17.52547626660044,-9.11020922371714
1636731607549,2021-11-12T10:40:07.549,35.69,7.4248277995089795,17.568679080833313,-8.846256578615737
1636731607559,2021-11-12T10:40:07.559,35.7,6.971638852187451,17.333618197407326,-8.692087790657013
1636731607569,2021-11-12T10:40:07.569,35.71,5.979470848677984,16.771177108356305,-8.761584772205204
1636731607579,2021-11-12T10:40:07.579,35.72,4.523833284630661,15.907304679431387,-8.879819886133163
1636731607589,2021-11-12T10:40:07.589,35.73,3.0989118144854086,14.792408203385405,-8.710207873594996
1636731607599,2021-11-12T10:40:07.599,35.74,2.0851319586601718,13.461140309804204,-8.05016943804535
1636731607609,2021-11-12T10:40:07.609,35.75,1.475430984544252,11.960934268089716,-6.889250714675709
1636731607619,2021-11-12T10:40:07.619,35.76,1.1135408371849365,10.35791527545036,-5.289426397873632
1636731607629,2021-11-12T10:40:07.629,35.77,0.9386579636427632,8.692014179457825,-3.3125810634707973
1636731607639,2021-11-12T10:40:07.639,35.78,0.9432275768528896,6.977700663344352,-1.0226674909095705
1636731607649,2021-11-12T10:40:07.649,35.79,1.051333054654886,5.269616373709322,1.45875508627824
1636731607659,2021-11-12T10:40:07.659,35.8,1.1061225627630138,3.6969790745348092,3.887861005626014
1636731607669,2021-11-12T10:40:07.669,35.81,0.9173383406411211,2.4060130106540667,5.966818874240502
1636731607679,2021-11-12T10:40:07.679,35.82,0.3494869538361113,1.463006701961595,7.523504632981531
1636731607689,2021-11-12T10:40:07.689,35.83,-0.5037656651930521,0.8402243392747735,8.567476096604937
1636731607699,2021-11-12T10:40:07.699,35.84,-1.2594672607252186,0.5060563320506085,9.181441625309095
1636731607709,2021-11-12T10:40:07.709,35.85,-1.5950634490350692,0.4635335220941423,9.446776531194525
1636731607719,2021-11-12T10:40:07.719,35.86,-1.7000999022945158,0.6675167899491183,9.459623500004856
1636731607729,2021-11-12T10:40:07.729,35.87,-2.0369271708321923,0.9868180867023024,9.334954201992709
1636731607739,2021-11-12T10:40:07.739,35.88,-2.539120186928642,1.29733074957579,9.192644772217424
1636731607749,2021-11-12T10:40:07.749,35.89,-2.5904400151766254,1.5486962265837638,9.172554561385049
1636731607759,2021-11-12T10:40:07.759,35.9,-2.0646599083290615,1.7276096803746996,9.420047438478674
1636731607769,2021-11-12T10:40:07.769,35.91,-1.677036310288761,1.8493701055164877,9.980540236733306
1636731607779,2021-11-12T10:40:07.779,35.92,-1.880779824104538,1.9902418120206082,10.711842341008312
1636731607789,2021-11-12T10:40:07.789,35.93,-2.162125367542787,2.2059773158534464,11.369545304397462
1636731607799,2021-11-12T10:40:07.799,35.94,-1.9303728455237565,2.401965088425246,11.7858095324653
1636731607809,2021-11-12T10:40:07.809,35.95,-1.4423187212372572,2.4012910855364913,11.925297362035991
1636731607819,2021-11-12T10:40:07.819,35.96,-1.3331003223845772,2.1451106824753277,11.826703040848422
1636731607829,2021-11-12T10:40:07.829,35.97,-1.6905510806209607,1.7257535048959847,11.598418340855307
1636731607839,2021-11-12T10:40:07.839,35.98,-2.0211996743784404,1.2515396202224225,11.444095714557218
1636731607849,2021-11-12T10:40:07.849,35.99,-1.9066779284267237,0.7703461710579531,11.557238140789813
1636731607859,2021-11-12T10:40:07.859,36.0,-1.401033515959861,0.2832200605844809,11.96096568219421
1636731607869,2021-11-12T10:40:07.869,36.01,-0.7967877906584927,-0.24307167988830872,12.561391318501595
1636731607879,2021-11-12T10:40:07.879,36.02,-0.16255880433810221,-0.8493924523771229,13.335110560685944
1636731607889,2021-11-12T10:40:07.889,36.03,0.6939893213011474,-1.5228075610504501,14.236818956339913
1636731607899,2021-11-12T10:40:07.899,36.04,1.7613004324933614,-2.1653818146316466,14.901645819399974
1636731607909,2021-11-12T10:40:07.909,36.05,2.595333522766999,-2.6436747505083247,14.750374772566033
1636731607919,2021-11-12T10:40:07.919,36.06,2.7891158160059133,-2.878339910438693,13.542299889232048
1636731607929,2021-11-12T10:40:07.929,36.07,2.473325075993604,-2.8782327405925874,11.639712294221546
1636731607939,2021-11-12T10:40:07.939,36.08,2.1057779478891785,-2.6895957423456727,9.635591709797678
1636731607949,2021-11-12T10:40:07.949,36.09,1.9412631015221993,-2.347420904146304,7.88787804833329
1636731607959,2021-11-12T10:40:07.959,36.1,1.9204619455712162,-1.8856328375745437,6.482344520592795
1636731607969,2021-11-12T10:40:07.969,36.11,1.9144074342849615,-1.3434500311501172,5.441638686036675
1636731607979,2021-11-12T10:40:07.979,36.12,1.9028799473568472,-0.7422192622160285,4.786621897422396
1636731607989,2021-11-12T10:40:07.989,36.13,1.9940289744851976,-0.11091394026249965,4.445863454384487
1636731607999,2021-11-12T10:40:07.999,36.14,2.2916119982246523,0.43433233532823934,4.216299567468052
1636731608009,2021-11-12T10:40:08.009,36.15,2.6590606964213537,0.6737230278912734,3.8299327743547487
1636731608019,2021-11-12T10:40:08.019,36.16,2.748312461220616,0.39745994644065996,3.0899816903986252
1636731608029,2021-11-12T10:40:08.029,36.17,2.4727592547883424,-0.4353183893645677,2.0102860557673297
1636731608039,2021-11-12T10:40:08.039,36.18,2.2642381074599567,-1.660157101378906,0.791609143731909
1636731608049,2021-11-12T10:40:08.049,36.19,2.5014631992459626,-3.054552135069223,-0.4055395737854677
1636731608059,2021-11-12T10:40:08.059,36.2,2.8835011738689076,-4.498596332118575,-1.6016443527634225
1636731608069,2021-11-12T10:40:08.069,36.21,2.8827778016293806,-5.961108770744133,-2.848148431232295
1636731608079,2021-11-12T10:40:08.079,36.22,2.6124131048765324,-7.394102615946559,-4.047756148192081
1636731608089,2021-11-12T10:40:08.089,36.23,2.584655139381006,-8.728732491835286,-5.020032647375154
1636731608099,2021-11-12T10:40:08.099,36.24,2.7991592466008335,-9.944261198885286,-5.6447663598511975
1636731608109,2021-11-12T10:40:08.109,36.25,2.80082885741527,-11.062436924324743,-5.8740486721017335
1636731608119,2021-11-12T10:40:08.119,36.26,2.4942385806018867,-12.079965455612147,-5.726560028813892
1636731608129,2021-11-12T10:40:08.129,36.27,2.2436085917397586,-12.944243722701582,-5.335154981916451
1636731608139,2021-11-12T10:40:08.139,36.28,2.2750519064923678,-13.58622194776621,-4.906277737386527
1636731608149,2021-11-12T10:40:08.149,36.29,2.4457829301520326,-13.959804191646842,-4.605246515988153
1636731608159,2021-11-12T10:40:08.159,36.3,2.513423669839039,-14.045117515018006,-4.533138868963803
1636731608169,2021-11-12T10:40:08.169,36.31,2.377481089345962,-13.821439694170621,-4.744545184289537
1636731608179,2021-11-12T10:40:08.179,36.32,2.1168385640329404,-13.278123779014027,-5.164317655300048
1636731608189,2021-11-12T10:40:08.189,36.33,1.8716680444847045,-12.461667659645004,-5.54160525438486
1636731608199,2021-11-12T10:40:08.199,36.34,1.6783879899267988,-11.45587301636276,-5.632988538010711
1636731608209,2021-11-12T10:40:08.209,36.35,1.4653944396451437,-10.315508777202988,-5.411707230988629
1636731608219,2021-11-12T10:40:08.219,36.36,1.1820160929640626,-9.075243071623811,-4.984752928612682
1636731608229,2021-11-12T10:40:08.229,36.37,0.8371186454186204,-7.788320455379278,-4.37666547292519
1636731608239,2021-11-12T10:40:08.239,36.38,0.46474054184263924,-6.493184212305669,-3.5616439324084546
1636731608249,2021-11-12T10:40:08.249,36.39,0.12297891141996763,-5.195196749077464,-2.6445838247266513
1636731608259,2021-11-12T10:40:08.259,36.4,-0.15048041986086486,-3.9346035338974747,-1.8144564515667765
1636731608269,2021-11-12T10:40:08.269,36.41,-0.3973545149102371,-2.8018102364008985,-1.1451124141385276
1636731608279,2021-11-12T10:40:08.279,36.42,-0.6538062689357751,-1.8335779841304707,-0.5961606174158542
1636731608289,2021-11-12T10:40:08.289,36.43,-0.8503476503670939,-0.9667103824206802,-0.15883754699054725
1636731608299,2021-11-12T10:40:08.299,36.44,-0.9299940240290386,-0.14975455092568896,0.15635899998197625
1636731608309,2021-11-12T10:40:08.309,36.45,-0.9889726211138867,0.5614831691985653,0.42909494278684596
1636731608319,2021-11-12T10:40:08.319,36.46,-1.1273712494078807,1.0818464360934896,0.770207613776902
1636731608329,2021-11-12T10:40:08.329,36.47,-1.2426954976496207,1.4198400671651767,1.1856905884437525
1636731608339,2021-11-12T10:40:08.339,36.48,-1.1747295153257502,1.6421751841667307,1.6313313768427613
1636731608349,2021-11-12T10:40:08.349,36.49,-0.9720587501361899,1.756069579996781,2.1325280651476186
1636731608359,2021-11-12T10:40:08.359,36.5,-0.8026940931284723,1.7391621225132519,2.664019238051492
1636731608369,2021-11-12T10:40:08.369,36.51,-0.715190210507308,1.6609477469356047,2.9560489773070993
1636731608379,2021-11-12T10:40:08.379,36.52,-0.6935963694581433,1.645256483996009,2.6447094330461693
1636731608389,2021-11-12T10:40:08.389,36.53,-0.764741016611425,1.7387508588445,1.652156257152126
1636731608399,2021-11-12T10:40:08.399,36.54,-0.8636676338609865,1.9413311844983197,0.2690595511898733
1636731608409,2021-11-12T10:40:08.409,36.55,-0.8596891433516249,2.3043371239089883,-1.1543283919988319
1636731608419,2021-11-12T10:40:08.419,36.56,-0.8527889748251162,2.86551867932625,-2.463854576188009
1636731608429,2021-11-12T10:40:08.429,36.57,-1.064340886397266,3.556594004249112,-3.6388784405421655
1636731608439,2021-11-12T10:40:08.439,36.58,-1.355621584210545,4.274863594192835,-4.621077913129984
1636731608449,2021-11-12T10:40:08.449,36.59,-1.3762605434858342,4.979619671630833,-5.282320012931607
1636731608459,2021-11-12T10:40:08.459,36.6,-1.2196568361277909,5.685651970220523,-5.515355758587578
1636731608469,2021-11-12T10:40:08.469,36.61,-1.2731884498569894,6.432596609223214,-5.3286352457271144
1636731608479,2021-11-12T10:40:08.479,36.62,-1.4454916795718293,7.239687412572941,-4.863295196395652
1636731608489,2021-11-12T10:40:08.489,36.63,-1.296903013355922,8.025009810115382,-4.295893966616532
1636731608499,2021-11-12T10:40:08.499,36.64,-0.8767035071512204,8.62289030588392,-3.7173650252561945
1636731608509,2021-11-12T10:40:08.509,36.65,-0.7027785107590105,8.940345074087817,-3.147590800284065
1636731608519,2021-11-12T10:40:08.519,36.66,-0.9665336737732514,9.035805995719835,-2.647812782709064
1636731608529,2021-11-12T10:40:08.529,36.67,-1.3176795261839933,9.008608649856914,-2.3159200102011797
1636731608539,2021-11-12T10:40:08.539,36.68,-1.3907369866159796,8.895357427995691,-2.1578758240448597
1636731608549,2021-11-12T10:40:08.549,36.69,-1.183805846727864,8.701401588883694,-2.0805752861824334
1636731608559,2021-11-12T10:40:08.559,36.7,-0.941167933307351,8.434132706286931,-2.0365032424265705
1636731608569,2021-11-12T10:40:08.569,36.71,-0.8669343808923148,8.081680799461736,-2.043229585604835
1636731608579,2021-11-12T10:40:08.579,36.72,-0.9683786695638958,7.644808948016875,-2.036673612257619
1636731608589,2021-11-12T10:40:08.589,36.73,-1.11139079670586,7.186485100879386,-1.8730655822797133
1636731608599,2021-11-12T10:40:08.599,36.74,-1.202860333676147,6.776561935019831,-1.5381205223437826
1636731608609,2021-11-12T10:40:08.609,36.75,-1.2708480897274204,6.416719205401968,-1.2141494956748273
1636731608619,2021-11-12T10:40:08.619,36.76,-1.3621535356451442,6.08611067325147,-1.0733351374996642
1636731608629,2021-11-12T10:40:08.629,36.77,-1.4688237784316178,5.815483640856014,-1.1020816749355302
1636731608639,2021-11-12T10:40:08.639,36.78,-1.5930232202026382,5.642127858819729,-1.182573184226656
1636731608649,2021-11-12T10:40:08.649,36.79,-1.7759014215756892,5.525856951636429,-1.2692647635397483
1636731608659,2021-11-12T10:40:08.659,36.8,-2.0129640870732737,5.383223059155359,-1.3998325502236877
1636731608669,2021-11-12T10:40:08.669,36.81,-2.213883617634551,5.192711564214399,-1.5558419379395656
1636731608679,2021-11-12T10:40:08.679,36.82,-2.288964197956895,5.005513465519086,-1.6226798589030555
1636731608689,2021-11-12T10:40:08.689,36.83,-2.2612726571152733,4.848083586197628,-1.5390503572567504
1636731608699,2021-11-12T10:40:08.699,36.84,-2.264728898575033,4.666272600769914,-1.4054623227685905
1636731608709,2021-11-12T10:40:08.709,36.85,-2.3633937075036413,4.40246651684522,-1.3704749693772826
1636731608719,2021-11-12T10:40:08.719,36.86,-2.3811230799077,4.10736466142248,-1.4671223920066438
1636731608729,2021-11-12T10:40:08.729,36.87,-2.0652857780970444,3.911565511303025,-1.626648384354624
1636731608739,2021-11-12T10:40:08.739,36.88,-1.436218324015909,3.861199827708814,-1.7884231825387167
1636731608749,2021-11-12T10:40:08.749,36.89,-0.79001202945688,3.85843884445506,-1.9241404185752522
1636731608759,2021-11-12T10:40:08.759,36.9,-0.3649727643256552,3.8228380601274834,-2.0143401248358357
1636731608769,2021-11-12T10:40:08.769,36.91,-0.1786655156672051,3.8196358795150926,-2.0725874562007665
1636731608779,2021-11-12T10:40:08.779,36.92,-0.12927945417529071,3.9478921059235326,-2.142280831261755
1636731608789,2021-11-12T10:40:08.789,36.93,-0.11640856730501621,4.19750982026483,-2.217040245801683
1636731608799,2021-11-12T10:40:08.799,36.94,-0.1227516414348471,4.498786137359565,-2.218375290635214
1636731608809,2021-11-12T10:40:08.809,36.95,-0.19338077110927265,4.824579345445698,-2.0850519790524062
1636731608819,2021-11-12T10:40:08.819,36.96,-0.2777584721427422,5.175433710147539,-1.8272571740437376
1636731608829,2021-11-12T10:40:08.829,36.97,-0.23404020048278756,5.534497645889077,-1.4864439905264042
1636731608839,2021-11-12T10:40:08.839,36.98,-0.08641458640066603,5.877254453079006,-1.1118153227746117
1636731608849,2021-11-12T10:40:08.849,36.99,-0.060434760682120024,6.16820226746616,-0.762422866917364
1636731608859,2021-11-12T10:40:08.859,37.0,-0.2483291050964429,6.341097246807008,-0.44460552070387815
1636731608869,2021-11-12T10:40:08.869,37.01,-0.4797487035217862,6.347940982918583,-0.07637883901959912
1636731608879,2021-11-12T10:40:08.879,37.02,-0.6265705879069344,6.223474186571031,0.38395932766566404
1636731608889,2021-11-12T10:40:08.889,37.03,-0.7645370422891584,6.041056541552583,0.8302035112327095
1636731608899,2021-11-12T10:40:08.899,37.04,-0.9369683237109414,5.828234804698962,1.1465899311295384
1636731608909,2021-11-12T10:40:08.909,37.05,-1.053460734755859,5.581531087115084,1.3671856712045602
1636731608919,2021-11-12T10:40:08.919,37.06,-1.1091617941873881,5.3169379421458505,1.5787617774675913
1636731608929,2021-11-12T10:40:08.929,37.07,-1.2312127929498844,5.040929017772158,1.7781728506789904
1636731608939,2021-11-12T10:40:08.939,37.08,-1.4698517457200702,4.708763028340267,1.92685543339975
1636731608949,2021-11-12T10:40:08.949,37.09,-1.7585086178567166,4.261882279128054,2.0328557164602308
1636731608959,2021-11-12T10:40:08.959,37.1,-2.0474011468839772,3.685844619489263,2.1270831453278887
1636731608969,2021-11-12T10:40:08.969,37.11,-2.3252040792894797,2.995967166188407,2.2476917137971597
1636731608979,2021-11-12T10:40:08.979,37.12,-2.5712419133204234,2.178522839971623,2.4467960255984837
1636731608989,2021-11-12T10:40:08.989,37.13,-2.7449945986361173,1.1987326545464765,2.7698380154477813
1636731608999,2021-11-12T10:40:08.999,37.14,-2.7778352824908077,0.07701948756335611,3.2359570001158584
1636731609009,2021-11-12T10:40:09.009,37.15,-2.6509151007798772,-1.107006172190932,3.790375704530426
1636731609019,2021-11-12T10:40:09.019,37.16,-2.4982282093113577,-2.307308219108653,4.267815291756033
1636731609029,2021-11-12T10:40:09.029,37.17,-2.4321046802016997,-3.5444090455526243,4.502812357137602
1636731609039,2021-11-12T10:40:09.039,37.18,-2.30075465785567,-4.8297528337334725,4.456391301112531
1636731609049,2021-11-12T10:40:09.049,37.19,-1.9122029492530974,-6.1175806471142975,4.14451729171459
1636731609059,2021-11-12T10:40:09.059,37.2,-1.404650726799598,-7.3527209677381915,3.54114033455925
1636731609069,2021-11-12T10:40:09.069,37.21,-1.0580243044097986,-8.522292500821818,2.6631473697044923
1636731609079,2021-11-12T10:40:09.079,37.22,-0.8711978236350884,-9.634556818575664,1.6580714035910373
1636731609089,2021-11-12T10:40:09.089,37.23,-0.6385202250277953,-10.68041415818433,0.717463628296215
1636731609099,2021-11-12T10:40:09.099,37.24,-0.31695935576804024,-11.662257808887027,-0.0952885819755127
1636731609109,2021-11-12T10:40:09.109,37.25,-0.10327094424433887,-12.648408968974755,-0.9640276863518287
1636731609119,2021-11-12T10:40:09.119,37.26,-0.21020365034173222,-13.735010701751385,-2.212775409561186
1636731609129,2021-11-12T10:40:09.129,37.27,-0.6320793952018933,-14.939592662495475,-3.930044304367488
1636731609139,2021-11-12T10:40:09.139,37.28,-1.19086744450128,-16.183568876267213,-5.7649131503508615
1636731609149,2021-11-12T10:40:09.149,37.29,-1.8033029254090405,-17.363400453149957,-7.259553554085498
1636731609159,2021-11-12T10:40:09.159,37.3,-2.332701225602758,-18.349305621928938,-8.27477156369725
1636731609169,2021-11-12T10:40:09.169,37.31,-2.213758131739934,-18.938501237537963,-8.959477196561206
1636731609179,2021-11-12T10:40:09.179,37.32,-1.0931752734195461,-18.956092457022812,-9.473475238021571
1636731609189,2021-11-12T10:40:09.189,37.33,0.22645818194631168,-18.45067347580766,-9.878666729244715
1636731609199,2021-11-12T10:40:09.199,37.34,0.7429653008461203,-17.68538273656922,-10.210433036947808
1636731609209,2021-11-12T10:40:09.209,37.35,0.809677359900578,-16.860056271095544,-10.6115709500258
1636731609219,2021-11-12T10:40:09.219,37.36,1.2136985878044655,-15.905026050355374,-11.36194228494639
1636731609229,2021-11-12T10:40:09.229,37.37,1.5049598776018518,-14.62035019135413,-12.588513741281535
1636731609239,2021-11-12T10:40:09.239,37.38,0.8996488286050979,-12.958973819161589,-13.936099189454485
1636731609249,2021-11-12T10:40:09.249,37.39,-0.1770249375771415,-11.093487472211201,-14.781175874994464
1636731609259,2021-11-12T10:40:09.259,37.4,-0.8216710548530967,-9.24730319091945,-14.787083355593357
1636731609269,2021-11-12T10:40:09.269,37.41,-0.8957127696001694,-7.5269106400540435,-14.081995836267994
1636731609279,2021-11-12T10:40:09.279,37.42,-0.7756466567233213,-5.902777537763795,-13.112318915774939
1636731609289,2021-11-12T10:40:09.289,37.43,-0.8583726863840481,-4.31199099158391,-12.565779011969779
1636731609299,2021-11-12T10:40:09.299,37.44,-1.458838667659982,-2.7499170662483428,-13.020955377278527
1636731609309,2021-11-12T10:40:09.309,37.45,-2.248175984089188,-1.2563495288969833,-14.252319336037191
1636731609319,2021-11-12T10:40:09.319,37.46,-2.254349344799608,0.13657914751328246,-15.23675327231696
1636731609329,2021-11-12T10:40:09.329,37.47,-1.3816748790856406,1.4228857214067419,-15.170650827710276
1636731609339,2021-11-12T10:40:09.339,37.48,-0.8949027655557071,2.66080184317823,-14.12133654150697
1636731609349,2021-11-12T10:40:09.349,37.49,-1.3504729197914345,3.980237223087398,-12.581537684169493
1636731609359,2021-11-12T10:40:09.359,37.5,-1.5259147147331353,5.412079413727951,-10.987512246830793
1636731609369,2021-11-12T10:40:09.369,37.51,-0.5852905027962197,6.718375417686317,-9.828635940999426
1636731609379,2021-11-12T10:40:09.379,37.52,0.37661800687724134,7.582508909923362,-9.54338026945447
1636731609389,2021-11-12T10:40:09.389,37.53,0.21276881914212487,7.978679682888898,-10.003003690183334
1636731609399,2021-11-12T10:40:09.399,37.54,-0.5219780628882481,8.162528861788836,-10.582937738246484
1636731609409,2021-11-12T10:40:09.409,37.55,-0.8594907985546217,8.314544974671938,-10.873033215494115
1636731609419,2021-11-12T10:40:09.419,37.56,-0.9045885436096299,8.400192496228023,-10.842780773541113
1636731609429,2021-11-12T10:40:09.429,37.57,-1.0853576806821903,8.34443225315793,-10.356628613907839
1636731609439,2021-11-12T10:40:09.439,37.58,-1.282154174450347,8.127094828865758,-9.134763981415727
1636731609449,2021-11-12T10:40:09.449,37.59,-1.38054842239814,7.726277946127605,-7.212045020157653
1636731609459,2021-11-12T10:40:09.459,37.6,-1.618018614803033,7.144709531296499,-4.95738900491137
1636731609469,2021-11-12T10:40:09.469,37.61,-2.027673455864676,6.500342929109795,-2.681357233268244
1636731609479,2021-11-12T10:40:09.479,37.62,-2.332596263643217,6.000328049758501,-0.5805179151712723
1636731609489,2021-11-12T10:40:09.489,37.63,-2.4669847241233334,5.8070508640715195,1.101802160022586
1636731609499,2021-11-12T10:40:09.499,37.64,-2.620692231445915,5.918442635491445,2.26245676361131
1636731609509,2021-11-12T10:40:09.509,37.65,-2.8074523638548055,6.149561620363352,3.188378652458332
1636731609519,2021-11-12T10:40:09.519,37.66,-2.765718051032408,6.252914800205447,4.303837513950586
1636731609529,2021-11-12T10:40:09.529,37.67,-2.2769125489139626,6.096341941330534,5.743709220705775
1636731609539,2021-11-12T10:40:09.539,37.68,-1.4537109117433975,5.7333054018712915,7.404062324278158
1636731609549,2021-11-12T10:40:09.549,37.69,-0.7351636816929011,5.312716096587407,9.284360365595619
1636731609559,2021-11-12T10:40:09.559,37.7,-0.5695724705892192,4.929167736688866,11.49605048568494
1636731609569,2021-11-12T10:40:09.569,37.71,-0.9980334757055853,4.528098279943937,13.95914628588757
1636731609579,2021-11-12T10:40:09.579,37.72,-1.5581802680068253,3.926126733514465,16.311030180709288
1636731609589,2021-11-12T10:40:09.589,37.73,-1.7465554552856077,2.9368793937957007,18.142533635590333
1636731609599,2021-11-12T10:40:09.599,37.74,-1.625301658186142,1.5027260034061083,19.22908837900306
1636731609609,2021-11-12T10:40:09.609,37.75,-1.7314947085103087,-0.2351677891021942,19.634245195053516
1636731609619,2021-11-12T10:40:09.619,37.76,-2.2245035417005146,-1.9038777844065686,19.73920730487375
1636731609629,2021-11-12T10:40:09.629,37.77,-2.5238022544950174,-2.9918736956739536,20.052664748950797
1636731609639,2021-11-12T10:40:09.639,37.78,-2.1463513054613785,-3.179169143031993,20.860719988817124
1636731609649,2021-11-12T10:40:09.649,37.79,-1.3375861025354085,-2.609021253932838,22.124879822934798
1636731609659,2021-11-12T10:40:09.659,37.8,-0.39246096679889064,-1.7115653770967452,23.577265174721404
1636731609669,2021-11-12T10:40:09.669,37.81,0.7927763983965248,-0.8438491735368097,24.646323882398786
1636731609679,2021-11-12T10:40:09.679,37.82,1.863767722054637,-0.23675143891801775,24.54407825733687
1636731609689,2021-11-12T10:40:09.689,37.83,1.7790010652412591,-0.05783922678440545,22.901850995651323
1636731609699,2021-11-12T10:40:09.699,37.84,0.15130280532257168,-0.22147385064668232,20.222697795993078
1636731609709,2021-11-12T10:40:09.709,37.85,-2.1492503883410325,-0.25568398854534685,17.442578165437574
1636731609719,2021-11-12T10:40:09.719,37.86,-4.021792132154677,0.35504172981190507,15.26311302338969
1636731609729,2021-11-12T10:40:09.729,37.87,-4.670511087327899,1.6128542346878136,13.993537951264015
1636731609739,2021-11-12T10:40:09.739,37.88,-3.327268709566502,2.859018155782378,13.51356527997814
1636731609749,2021-11-12T10:40:09.749,37.89,-0.03930320300261669,3.3657761752962494,13.13469804160664
1636731609759,2021-11-12T10:40:09.759,37.9,3.328349354173991,3.1989409260805273,12.016198065122175
1636731609769,2021-11-12T10:40:09.769,37.91,4.524706445512276,3.157031169738669,10.086059057129159
1636731609779,2021-11-12T10:40:09.779,37.92,3.4642771168059276,3.563807159985396,8.20390795638569
1636731609789,2021-11-12T10:40:09.789,37.93,1.9672396370100422,3.7245395571894515,7.139919953160294
1636731609799,2021-11-12T10:40:09.799,37.94,1.0694136576169742,3.113102907907745,6.7614175052124015
1636731609809,2021-11-12T10:40:09.809,37.95,0.14674048020958835,2.3376120200670893,6.500889952067176
1636731609819,2021-11-12T10:40:09.819,37.96,-1.2421883644038298,2.2222816651133113,6.209657191649919
1636731609829,2021-11-12T10:40:09.829,37.97,-2.0871513105168855,2.592606571902019,6.208208627339541
1636731609839,2021-11-12T10:40:09.839,37.98,-0.9784912083028072,2.646663988851368,6.786982799967936
1636731609849,2021-11-12T10:40:09.849,37.99,1.9095052573084828,2.13836167394948,7.823409971699961
1636731609859,2021-11-12T10:40:09.859,38.0,4.228892996536234,1.6351340857606493,8.649950991333109
1636731609869,2021-11-12T10:40:09.869,38.01,3.8374805050149856,1.6518115483463744,8.39021416457794
1636731609879,2021-11-12T10:40:09.879,38.02,1.7491768176688178,1.922782294883393,6.712610559439039
1636731609889,2021-11-12T10:40:09.889,38.03,0.7516000891076158,1.7326202325053364,4.101590373914908
1636731609899,2021-11-12T10:40:09.899,38.04,1.2932986482552613,0.7689828004816164,1.2980801837896792
1636731609909,2021-11-12T10:40:09.909,38.05,1.4635151665666424,-0.5724318065160416,-1.1793478234381858
1636731609919,2021-11-12T10:40:09.919,38.06,0.5664125870322801,-1.5916637285650925,-2.979958276485739
1636731609929,2021-11-12T10:40:09.929,38.07,-0.22507970436944885,-1.8223219312006484,-3.922952111633565
1636731609939,2021-11-12T10:40:09.939,38.08,-0.33156603371836124,-1.3773532535440585,-4.175953600991911
1636731609949,2021-11-12T10:40:09.949,38.09,-0.4553214351925483,-0.923240960180862,-4.106806383242581
1636731609959,2021-11-12T10:40:09.959,38.1,-0.9547390005309732,-1.0557372332175348,-3.9675652073358245
1636731609969,2021-11-12T10:40:09.969,38.11,-1.1177314570171466,-1.6895994591430208,-3.9572178412449768
1636731609979,2021-11-12T10:40:09.979,38.12,-0.23074176892992299,-2.396330484041604,-4.3817537816767445
1636731609989,2021-11-12T10:40:09.989,38.13,1.4971336292863553,-2.979367496474026,-5.355112379610963
1636731609999,2021-11-12T10:40:09.999,38.14,3.3429343800200413,-3.199768058023536,-6.4757179373996685
1636731610009,2021-11-12T10:40:10.009,38.15,4.798886741961352,-2.675991412485479,-7.181510476992955
1636731610019,2021-11-12T10:40:10.019,38.16,5.578364152473352,-1.6920929886755065,-7.3553977394830445
1636731610029,2021-11-12T10:40:10.029,38.17,5.4864794634222065,-1.2233114014390372,-7.320015662861488
1636731610039,2021-11-12T10:40:10.039,38.18,4.7601649373041806,-1.6861406360808608,-7.385700236300181
1636731610049,2021-11-12T10:40:10.049,38.19,4.114903833156586,-2.495177403916312,-7.707771179977085
1636731610059,2021-11-12T10:40:10.059,38.2,4.003654282855075,-3.0075357011193873,-8.489628888372096
1636731610069,2021-11-12T10:40:10.069,38.21,4.103116357026843,-3.1369652677335926,-9.945268579393321
1636731610079,2021-11-12T10:40:10.079,38.22,3.8335783612481906,-3.031558941317676,-11.932345264916412
1636731610089,2021-11-12T10:40:10.089,38.23,3.075094692184549,-2.7889035945902387,-13.867096112888914
1636731610099,2021-11-12T10:40:10.099,38.24,2.087417611001283,-2.516039458466948,-15.179571597320017
1636731610109,2021-11-12T10:40:10.109,38.25,1.1112458814335726,-2.219628787461166,-15.731615687498145
1636731610119,2021-11-12T10:40:10.119,38.26,0.44144571689917506,-1.6394002292287966,-15.75365972873308
1636731610129,2021-11-12T10:40:10.129,38.27,0.4639294258665426,-0.5981963476320338,-15.610532231550739
1636731610139,2021-11-12T10:40:10.139,38.28,1.062124460484156,0.5358418055204132,-15.701133888606961
1636731610149,2021-11-12T10:40:10.149,38.29,1.4292195237370038,1.3602566395943645,-16.296810244966004
1636731610159,2021-11-12T10:40:10.159,38.3,1.1811288422771693,2.3861163177107056,-17.253342709161323
1636731610169,2021-11-12T10:40:10.169,38.31,1.1639561561179883,4.310220386545948,-18.021461194415387
1636731610179,2021-11-12T10:40:10.179,38.32,2.2660432746222714,6.098837302933457,-18.16688513319879
1636731610189,2021-11-12T10:40:10.189,38.33,3.948900051556367,5.668709703840079,-17.820228642153687
1636731610199,2021-11-12T10:40:10.199,38.34,4.983991310347195,3.2230555958289218,-17.41928731743258
1636731610209,2021-11-12T10:40:10.209,38.35,5.132948522035246,1.6025796990484835,-17.112064512414495
1636731610219,2021-11-12T10:40:10.219,38.36,5.065668198851069,2.2829137064609717,-16.68394706680406
1636731610229,2021-11-12T10:40:10.229,38.37,5.199048751034548,3.4836902221675663,-15.9668817122114
1636731610239,2021-11-12T10:40:10.239,38.38,5.636826774143229,3.288639260305131,-15.010739921962903
1636731610249,2021-11-12T10:40:10.249,38.39,6.600124230211055,2.201870765865171,-13.96418221889181
1636731610259,2021-11-12T10:40:10.259,38.4,7.896062313672925,1.535583735596585,-13.047570428981265
1636731610269,2021-11-12T10:40:10.269,38.41,8.553503372007421,1.3421571234451872,-12.44127810691524
1636731610279,2021-11-12T10:40:10.279,38.42,7.869780535112602,1.055211162733145,-12.012401118191255
1636731610289,2021-11-12T10:40:10.289,38.43,6.3402775235994095,0.7552040227873478,-11.502598930881746
1636731610299,2021-11-12T10:40:10.299,38.44,4.944513913655902,0.848934185020187,-11.13794942937957
1636731610309,2021-11-12T10:40:10.309,38.45,3.99041807486965,1.2839862492160559,-11.56028632944503
1636731610319,2021-11-12T10:40:10.319,38.46,3.1258411127475494,1.6989200656963919,-12.937616094879647
1636731610329,2021-11-12T10:40:10.329,38.47,2.090007022069864,1.9266944265897186,-14.57622407519833
1636731610339,2021-11-12T10:40:10.339,38.48,1.0396102232470616,1.9987790072548817,-15.543355733144569
1636731610349,2021-11-12T10:40:10.349,38.49,0.2901290275124134,1.9197873944568968,-15.249759554529032
1636731610359,2021-11-12T10:40:10.359,38.5,0.02250156007433758,1.6924757425223211,-13.440283559488176
1636731610369,2021-11-12T10:40:10.369,38.51,0.29561589917191905,1.4417804880090634,-10.298455695271329
1636731610379,2021-11-12T10:40:10.379,38.52,1.126580997280703,1.3187221312908215,-6.836567534788768
1636731610389,2021-11-12T10:40:10.389,38.53,2.274682965384225,1.2827282269918325,-4.618110742036459
1636731610399,2021-11-12T10:40:10.399,38.54,3.0777396741078435,1.1165982171247297,-4.590186860600297
1636731610409,2021-11-12T10:40:10.409,38.55,2.971787860429691,0.7246713372383267,-6.2813515970295954
1636731610419,2021-11-12T10:40:10.419,38.56,2.1941664085724986,0.3004724142391484,-8.2903987249774
1636731610429,2021-11-12T10:40:10.429,38.57,1.491300088572749,0.08371228017392299,-9.404874085762739
1636731610439,2021-11-12T10:40:10.439,38.58,1.0942838816601521,0.06336273320864905,-9.171501427773702
1636731610449,2021-11-12T10:40:10.449,38.59,0.5475747207720563,0.06881023949717166,-7.680389549073956
1636731610459,2021-11-12T10:40:10.459,38.6,-0.35089904449967424,0.055632238540919886,-5.213178144059258
1636731610469,2021-11-12T10:40:10.469,38.61,-1.1176633614681148,0.14074033794771795,-2.1846817842307775
1636731610479,2021-11-12T10:40:10.479,38.62,-1.4148527409314164,0.40484950175053214,0.888361241990737
1636731610489,2021-11-12T10:40:10.489,38.63,-1.7093439040030396,0.7970301579491376,3.6655562685142877
1636731610499,2021-11-12T10:40:10.499,38.64,-2.57354325812447,1.2444850333311894,6.243736041396371
1636731610509,2021-11-12T10:40:10.509,38.65,-3.744997310891139,1.7502626357028959,9.025367475539682
1636731610519,2021-11-12T10:40:10.519,38.66,-4.511194025228903,2.2993513825419414,12.320733487713483
1636731610529,2021-11-12T10:40:10.529,38.67,-4.837887714426652,2.715391616839772,16.14706828885301
1636731610539,2021-11-12T10:40:10.539,38.68,-5.48282777579394,2.7372481946551357,20.30071376546403
1636731610549,2021-11-12T10:40:10.549,38.69,-6.913264835458197,2.2820282892489625,24.365016449387547
1636731610559,2021-11-12T10:40:10.559,38.7,-8.597747746718301,1.5507395844939054,27.693722903520875
1636731610569,2021-11-12T10:40:10.569,38.71,-9.601983647443108,0.8054212581206235,29.730237243271027
1636731610579,2021-11-12T10:40:10.579,38.72,-9.557285227216624,0.09972122237460361,30.414128198139828
1636731610589,2021-11-12T10:40:10.589,38.73,-8.804351507905553,-0.673667396245286,30.07743537350275
1636731610599,2021-11-12T10:40:10.599,38.74,-7.834248579917618,-1.4893688844690804,29.03423371380982
1636731610609,2021-11-12T10:40:10.609,38.75,-6.806846778257711,-2.0689255003101232,27.53178093975598
1636731610619,2021-11-12T10:40:10.619,38.76,-5.534506679443609,-2.123552515407871,25.9489908151932
1636731610629,2021-11-12T10:40:10.629,38.77,-3.8825957809037526,-1.6370612655056145,24.660258755745037
1636731610639,2021-11-12T10:40:10.639,38.78,-2.1478085723799367,-0.8046547286806713,23.678104581280635
1636731610649,2021-11-12T10:40:10.649,38.79,-0.8923752780849953,0.2411047835146599,22.626401798022506
1636731610659,2021-11-12T10:40:10.659,38.8,-0.40817219450741005,1.499001360235244,21.083439607464644
1636731610669,2021-11-12T10:40:10.669,38.81,-0.5311876466618304,2.9207537766071323,18.928775712174605
1636731610679,2021-11-12T10:40:10.679,38.82,-0.9808388872524131,4.309449483020845,16.477691283997533
1636731610689,2021-11-12T10:40:10.689,38.83,-1.6119091783576915,5.444757229251824,14.346998021230288
1636731610699,2021-11-12T10:40:10.699,38.84,-2.22130298043927,6.242905467433232,13.076987941939166
1636731610709,2021-11-12T10:40:10.709,38.85,-2.442329277081574,6.74256757661769,12.730893750877165
1636731610719,2021-11-12T10:40:10.719,38.86,-2.145463821816107,6.989122618892072,12.807567749903296
1636731610729,2021-11-12T10:40:10.729,38.87,-1.70156482189165,7.013481338394168,12.59098963558969
1636731610739,2021-11-12T10:40:10.739,38.88,-1.5516832949595152,6.8659396216223625,11.657970292960272
1636731610749,2021-11-12T10:40:10.749,38.89,-1.771486962194048,6.544543321518166,10.136757326237856
1636731610759,2021-11-12T10:40:10.759,38.9,-2.216750807027673,5.928109447121564,8.607255896588457
1636731610769,2021-11-12T10:40:10.769,38.91,-2.64952004560678,4.9356925274160215,7.766830688885478
1636731610779,2021-11-12T10:40:10.779,38.92,-2.6095514313919126,3.7429697884359836,7.960897617202829
1636731610789,2021-11-12T10:40:10.789,38.93,-1.7687551119612435,2.6631323681359413,8.835402930225033
1636731610799,2021-11-12T10:40:10.799,38.94,-0.5375467740931632,1.7994597239196322,9.549411725021137
1636731610809,2021-11-12T10:40:10.809,38.95,0.25351694942272107,0.9996793627258382,9.490592725908996
1636731610819,2021-11-12T10:40:10.819,38.96,0.31053584403648654,0.1499745524457265,8.741933343426478
1636731610829,2021-11-12T10:40:10.829,38.97,0.07847452399670538,-0.6888958813045796,7.838067984167289
1636731610839,2021-11-12T10:40:10.839,38.98,0.10133345347577977,-1.4248278576954416,7.204271957648237
1636731610849,2021-11-12T10:40:10.849,38.99,0.5068268646306309,-2.0293275426952744,6.806617492581097
1636731610859,2021-11-12T10:40:10.859,39.0,1.0210800106337323,-2.499570971380124,6.1880202722181465
1636731610869,2021-11-12T10:40:10.869,39.01,1.339791942820389,-2.8424991279721947,4.8908365394482605
1636731610879,2021-11-12T10:40:10.879,39.02,1.485766866872898,-3.082817377343767,2.939876640006961
1636731610889,2021-11-12T10:40:10.889,39.03,1.726202002756344,-3.2371618275819785,0.8235876804461576
1636731610899,2021-11-12T10:40:10.899,39.04,2.154915916204603,-3.2950006322481684,-0.9966273981879947
1636731610909,2021-11-12T10:40:10.909,39.05,2.550203896014075,-3.235685681694875,-2.37651814200588
1636731610919,2021-11-12T10:40:10.919,39.06,2.6790556051581573,-3.0533559133920676,-3.308665330533314
1636731610929,2021-11-12T10:40:10.929,39.07,2.551818614079878,-2.754726539354097,-3.712608735473167
1636731610939,2021-11-12T10:40:10.939,39.08,2.303545710138086,-2.3331612024638657,-3.494102862786744
1636731610949,2021-11-12T10:40:10.949,39.09,1.992816670064456,-1.7807016938252356,-2.644168441646751
1636731610959,2021-11-12T10:40:10.959,39.1,1.6168533499754307,-1.1465796689581145,-1.2303667231629243
1636731610969,2021-11-12T10:40:10.969,39.11,1.183324272035538,-0.5360246352028628,0.5464359751531841
1636731610979,2021-11-12T10:40:10.979,39.12,0.6749878501338904,-0.02669067869106856,2.275336716060577
1636731610989,2021-11-12T10:40:10.989,39.13,0.04020555163645868,0.3586977402906215,3.5005933077523457
1636731610999,2021-11-12T10:40:10.999,39.14,-0.722067068300134,0.5930382446224828,4.0001485697908565
1636731611009,2021-11-12T10:40:11.009,39.15,-1.492643154691743,0.6436135207542788,3.8366920184914717
1636731611019,2021-11-12T10:40:11.019,39.16,-2.0639491710835367,0.532473887400803,3.235625618201151
1636731611029,2021-11-12T10:40:11.029,39.17,-2.283138388746175,0.3099331575721956,2.4969801309497592
1636731611039,2021-11-12T10:40:11.039,39.18,-2.1649394141040617,-0.014654955884517089,1.9054336343066882
1636731611049,2021-11-12T10:40:11.049,39.19,-1.7952564800634336,-0.425299080689055,1.6365744603333314
1636731611059,2021-11-12T10:40:11.059,39.2,-1.1906796100208306,-0.8213511633016521,1.7673326079412033
1636731611069,2021-11-12T10:40:11.069,39.21,-0.3850873462347447,-1.0951714754063053,2.3010488235550595
1636731611079,2021-11-12T10:40:11.079,39.22,0.4456930115826552,-1.2639137371479567,3.0785339139315253
1636731611089,2021-11-12T10:40:11.089,39.23,1.0673226486469831,-1.4228949718065733,3.708009703134506
1636731611099,2021-11-12T10:40:11.099,39.24,1.2867527522185178,-1.5965652580363212,3.6967655819814955
1636731611109,2021-11-12T10:40:11.109,39.25,1.0105943270040418,-1.74683423122347,2.7381978571232235
1636731611119,2021-11-12T10:40:11.119,39.26,0.4100255067564818,-1.8947681705065782,0.9161768424808372
1636731611129,2021-11-12T10:40:11.129,39.27,-0.15419358802886024,-2.115535475758766,-1.3956186581116332
1636731611139,2021-11-12T10:40:11.139,39.28,-0.6142349584343171,-2.4425409142341556,-3.8585300958976396
1636731611149,2021-11-12T10:40:11.149,39.29,-1.2636459087877203,-2.85857600623083,-6.335954550316076
1636731611159,2021-11-12T10:40:11.159,39.3,-2.089248095873266,-3.329825620190098,-8.736778510577803
1636731611169,2021-11-12T10:40:11.169,39.31,-2.4970605838662396,-3.7929616763533263,-10.846343484202851
1636731611179,2021-11-12T10:40:11.179,39.32,-2.018345154923047,-4.1600728188836325,-12.419722609643053
1636731611189,2021-11-12T10:40:11.189,39.33,-0.9135239138379623,-4.373713654595867,-13.362111895668228
1636731611199,2021-11-12T10:40:11.199,39.34,0.15651054624735833,-4.446956083450169,-13.734382120583106
1636731611209,2021-11-12T10:40:11.209,39.35,0.764596120674502,-4.460794888282397,-13.622375096600614
1636731611219,2021-11-12T10:40:11.219,39.36,0.8658450330557224,-4.524814334593453,-13.041612507113312
1636731611229,2021-11-12T10:40:11.229,39.37,0.5685375026412467,-4.699610676488545,-11.979540862167198
1636731611239,2021-11-12T10:40:11.239,39.38,0.012773548933599457,-4.927996637181051,-10.549371701274271
1636731611249,2021-11-12T10:40:11.249,39.39,-0.5615021136641348,-5.066307403359559,-9.033563549168624
1636731611259,2021-11-12T10:40:11.259,39.4,-0.8725894654316091,-5.019646096121037,-7.692447364145822
1636731611269,2021-11-12T10:40:11.269,39.41,-0.8544967189448587,-4.829334604439841,-6.616397779321381
1636731611279,2021-11-12T10:40:11.279,39.42,-0.7099811066244026,-4.597510488385494,-5.83460653784582
1636731611289,2021-11-12T10:40:11.289,39.43,-0.6020361399339511,-4.370348136094524,-5.416895346808113
1636731611299,2021-11-12T10:40:11.299,39.44,-0.46528667938495827,-4.146270316969988,-5.365543322714856
1636731611309,2021-11-12T10:40:11.309,39.45,-0.22448878399573802,-3.9462069646919584,-5.5413000105757675
1636731611319,2021-11-12T10:40:11.319,39.46,0.008738459236822066,-3.8018106718288927,-5.79172322431481
1636731611329,2021-11-12T10:40:11.329,39.47,0.10197100176839402,-3.7008003289418996,-6.060637565637702
1636731611339,2021-11-12T10:40:11.339,39.48,0.09635737995561436,-3.6101596802769227,-6.327471614618487
1636731611349,2021-11-12T10:40:11.349,39.49,0.09408909319466485,-3.5452572861488223,-6.536076457564969
1636731611359,2021-11-12T10:40:11.359,39.5,0.09616009590397431,-3.5601818515992356,-6.620693158751883
1636731611369,2021-11-12T10:40:11.369,39.51,0.08361458635508501,-3.6658613716484765,-6.53225981976998
1636731611379,2021-11-12T10:40:11.379,39.52,0.11673925885838653,-3.8050295455997616,-6.239431604741199
1636731611389,2021-11-12T10:40:11.389,39.53,0.22507272115090882,-3.925611589583037,-5.782334135713686
1636731611399,2021-11-12T10:40:11.399,39.54,0.32501850942403715,-4.049416507302483,-5.298500147066994
1636731611409,2021-11-12T10:40:11.409,39.55,0.32250751627759894,-4.238291523498271,-4.881902523079528
1636731611419,2021-11-12T10:40:11.419,39.56,0.1907325834936855,-4.4875016886255,-4.437399376252294
1636731611429,2021-11-12T10:40:11.429,39.57,-0.020967173432584377,-4.681442786232977,-3.80265469774882
1636731611439,2021-11-12T10:40:11.439,39.58,-0.15722857696433684,-4.701158479011587,-2.991081751681139
1636731611449,2021-11-12T10:40:11.449,39.59,-0.06230691436808051,-4.566146628637151,-2.1773496800503294
1636731611459,2021-11-12T10:40:11.459,39.6,0.2230678158629878,-4.396456855533293,-1.47506621287859
1636731611469,2021-11-12T10:40:11.469,39.61,0.5207215337926324,-4.233500095715003,-0.8849683371715366
1636731611479,2021-11-12T10:40:11.479,39.62,0.741384179074842,-3.99929548718907,-0.4418695551519951
1636731611489,2021-11-12T10:40:11.489,39.63,0.9063854397984392,-3.643244540554959,-0.24654715108106223
1636731611499,2021-11-12T10:40:11.499,39.64,1.0325325072529927,-3.209029439932212,-0.32056873070251724
1636731611509,2021-11-12T10:40:11.509,39.65,1.119092012247737,-2.7364774278601773,-0.5289959357715142
1636731611519,2021-11-12T10:40:11.519,39.66,1.1724429342428573,-2.212877521704635,-0.6808735909994756
1636731611529,2021-11-12T10:40:11.529,39.67,1.1746662633167089,-1.6386118986907134,-0.6675712937108385
1636731611539,2021-11-12T10:40:11.539,39.68,1.0869301352639633,-1.052896414174981,-0.49702321148901607
1636731611549,2021-11-12T10:40:11.549,39.69,0.9147327254739754,-0.5006085712829437,-0.22836903277808288
1636731611559,2021-11-12T10:40:11.559,39.7,0.731489603095101,-0.024983581176540898,0.10509139402544425
1636731611569,2021-11-12T10:40:11.569,39.71,0.6297664314447713,0.3537426488272168,0.5113476009838525
1636731611579,2021-11-12T10:40:11.579,39.72,0.6497143985213697,0.6804257988520478,0.9882172542556731
1636731611589,2021-11-12T10:40:11.589,39.73,0.7265595790368042,1.0150177959618287,1.4768941555621666
1636731611599,2021-11-12T10:40:11.599,39.74,0.7408594151139781,1.3467582671161562,1.8748917197558836
1636731611609,2021-11-12T10:40:11.609,39.75,0.6791208805609596,1.6443677185968897,2.0845196694682797
1636731611619,2021-11-12T10:40:11.619,39.76,0.6748078563352853,1.9419571450455773,2.078723954828374
1636731611629,2021-11-12T10:40:11.629,39.77,0.8160187078488361,2.270624410951566,1.9514333698751474
1636731611639,2021-11-12T10:40:11.639,39.78,1.0215467413939112,2.578695539607927,1.8518682540797093
1636731611649,2021-11-12T10:40:11.649,39.79,1.1852017319875963,2.8220159190853935,1.8276733682973583
1636731611659,2021-11-12T10:40:11.659,39.8,1.3244840019655857,3.0435685340952814,1.7935240847086722
1636731611669,2021-11-12T10:40:11.669,39.81,1.524853301547993,3.2781597291218647,1.6962475942507325
1636731611679,2021-11-12T10:40:11.679,39.82,1.807659700160668,3.4840578979424683,1.6277795827222612
1636731611689,2021-11-12T10:40:11.689,39.83,2.076017690378259,3.6335157480104767,1.6917874787142724
1636731611699,2021-11-12T10:40:11.699,39.84,2.220355613915417,3.7524449719692567,1.8359669874433822
1636731611709,2021-11-12T10:40:11.709,39.85,2.3139387968794596,3.837539182276072,1.9385398045758353
1636731611719,2021-11-12T10:40:11.719,39.86,2.5758886169590216,3.862122963906402,1.9817016369404812
1636731611729,2021-11-12T10:40:11.729,39.87,3.0399973034209835,3.8626585244096168,1.9680324876916235
1636731611739,2021-11-12T10:40:11.739,39.88,3.4329952499191254,3.89774357134727,1.737301894652897
1636731611749,2021-11-12T10:40:11.749,39.89,3.5338734072849673,3.9505104164454186,1.0960691322088612
1636731611759,2021-11-12T10:40:11.759,39.9,3.486749056265609,3.9602221191664597,0.13401576403149357
1636731611769,2021-11-12T10:40:11.769,39.91,3.5502809745319377,3.8886675236902164,-0.7791389105322152
1636731611779,2021-11-12T10:40:11.779,39.92,3.6866326543808463,3.702669560039804,-1.34915683888871
1636731611789,2021-11-12T10:40:11.789,39.93,3.699942656493258,3.3847776689852687,-1.567913257070436
1636731611799,2021-11-12T10:40:11.799,39.94,3.667246659560104,2.9940155850018377,-1.543138283200813
1636731611809,2021-11-12T10:40:11.809,39.95,3.8244041313401214,2.6221591678215814,-1.3050166506664445
1636731611819,2021-11-12T10:40:11.819,39.96,4.069846817704986,2.29352738564026,-0.9067107602574038
1636731611829,2021-11-12T10:40:11.829,39.97,4.030260190294989,1.9912730296190224,-0.5590576496384458
1636731611839,2021-11-12T10:40:11.839,39.98,3.6582464825091687,1.7385616813410456,-0.470312768436544
1636731611849,2021-11-12T10:40:11.849,39.99,3.372292182402347,1.5757004419473586,-0.6308715220302523
1636731611859,2021-11-12T10:40:11.859,40.0,3.4815282601113786,1.5013116717127704,-0.9055460612008535
1636731611869,2021-11-12T10:40:11.869,40.01,3.7265219649384393,1.4774067263362594,-1.2491493680477492
1636731611879,2021-11-12T10:40:11.879,40.02,3.579698274553037,1.4545980884707206,-1.6867935862945225
1636731611889,2021-11-12T10:40:11.889,40.03,2.909937949564103,1.390105747700288,-2.1549124264911352
1636731611899,2021-11-12T10:40:11.899,40.04,2.10724762205912,1.270853547493019,-2.5041836461543414
1636731611909,2021-11-12T10:40:11.909,40.05,1.5088173073738773,1.1037337462028962,-2.639115257794295
1636731611919,2021-11-12T10:40:11.919,40.06,1.0133071628058077,0.887516289659664,-2.5593388460630075
1636731611929,2021-11-12T10:40:11.929,40.07,0.42573561403054644,0.6353010283150192,-2.2905512017704774
1636731611939,2021-11-12T10:40:11.939,40.08,-0.16951680319694767,0.3937002434815737,-1.8840975705490586
1636731611949,2021-11-12T10:40:11.949,40.09,-0.6511380420723508,0.18340478827950285,-1.4713596883896183
1636731611959,2021-11-12T10:40:11.959,40.1,-1.1522490599953592,-0.03648570871602847,-1.1987646304117212
1636731611969,2021-11-12T10:40:11.969,40.11,-1.7987241875555462,-0.2953842134103512,-1.1025689953651625
1636731611979,2021-11-12T10:40:11.979,40.12,-2.4219528608603884,-0.55579494066282,-1.1276481684498765
1636731611989,2021-11-12T10:40:11.989,40.13,-2.8061523165377906,-0.772571640586996,-1.2399245070542233
1636731611999,2021-11-12T10:40:11.999,40.14,-2.9864172520157033,-0.950849674005134,-1.4455240925270982
1636731612009,2021-11-12T10:40:12.009,40.15,-3.090869796611651,-1.1086224033021967,-1.7165877943615018
1636731612019,2021-11-12T10:40:12.019,40.16,-3.109745081825224,-1.2390656349878606,-1.9423026225345614
1636731612029,2021-11-12T10:40:12.029,40.17,-2.989902376530418,-1.3420865585685333,-1.9768735452696553
1636731612039,2021-11-12T10:40:12.039,40.18,-2.783759785461776,-1.4306220934056537,-1.7575646144668924
1636731612049,2021-11-12T10:40:12.049,40.19,-2.5674085655127743,-1.47576799717196,-1.3594400176145158
1636731612059,2021-11-12T10:40:12.059,40.2,-2.3257993349554567,-1.4225375512459095,-0.9163394212977327
1636731612069,2021-11-12T10:40:12.069,40.21,-2.045249776165947,-1.2919237176172718,-0.5314631277611064
1636731612079,2021-11-12T10:40:12.079,40.22,-1.8273561637435358,-1.171755346469004,-0.2861489000240123
1636731612089,2021-11-12T10:40:12.089,40.23,-1.7488137004397175,-1.0789726584639088,-0.26559182805304066
1636731612099,2021-11-12T10:40:12.099,40.24,-1.7021018671010126,-0.9498674480453297,-0.505136165177724
1636731612109,2021-11-12T10:40:12.109,40.25,-1.5622637459395383,-0.7783547691008428,-0.924436698658237
1636731612119,2021-11-12T10:40:12.119,40.26,-1.3822606099425085,-0.6242713235548866,-1.366058686674822
1636731612129,2021-11-12T10:40:12.129,40.27,-1.252897277693292,-0.49911515145018387,-1.7104432773989862
1636731612139,2021-11-12T10:40:12.139,40.28,-1.1592100327522168,-0.38614417303918547,-1.938454144401681
1636731612149,2021-11-12T10:40:12.149,40.29,-1.1085268678316704,-0.3208713613884314,-2.0973082747018275
1636731612159,2021-11-12T10:40:12.159,40.3,-1.1651830753241426,-0.3228366154346992,-2.2188262186625707
1636731612169,2021-11-12T10:40:12.169,40.31,-1.2634181054058944,-0.3320810943953373,-2.257052327044365
1636731612179,2021-11-12T10:40:12.179,40.32,-1.2300707428623756,-0.3070418965723421,-2.1303930867549927
1636731612189,2021-11-12T10:40:12.189,40.33,-1.050060653109248,-0.283625761024173,-1.8419021029650389
1636731612199,2021-11-12T10:40:12.199,40.34,-0.8886156873243379,-0.28356953608357904,-1.4954833684803903
1636731612209,2021-11-12T10:40:12.209,40.35,-0.839896262063643,-0.266068757606631,-1.1874675818036875
1636731612219,2021-11-12T10:40:12.219,40.36,-0.8480439127810371,-0.2018461839478729,-0.9576833689928517
1636731612229,2021-11-12T10:40:12.229,40.37,-0.8613181032284345,-0.11911610989072968,-0.815574107401846
1636731612239,2021-11-12T10:40:12.239,40.38,-0.9081447593261773,-0.06360987011344875,-0.7323511134686733
1636731612249,2021-11-12T10:40:12.249,40.39,-1.0311988216043286,-0.05803674959993413,-0.6497804878300274
1636731612259,2021-11-12T10:40:12.259,40.4,-1.2335867676089047,-0.09058480063465235,-0.540078362993674
1636731612269,2021-11-12T10:40:12.269,40.41,-1.4734942502145891,-0.12083964358239245,-0.3972796079409037
1636731612279,2021-11-12T10:40:12.279,40.42,-1.6825912379155703,-0.11969706106163533,-0.17225018763646602
1636731612289,2021-11-12T10:40:12.289,40.43,-1.823164373012498,-0.0997436398942709,0.18256318244107908
1636731612299,2021-11-12T10:40:12.299,40.44,-1.9295889202237944,-0.08536447376156488,0.5995069921076817
1636731612309,2021-11-12T10:40:12.309,40.45,-2.0623397273613544,-0.08939949006379524,0.9381691418457649
1636731612319,2021-11-12T10:40:12.319,40.46,-2.2432576346878084,-0.13469796581590077,1.1639935348303951
1636731612329,2021-11-12T10:40:12.329,40.47,-2.456761032354204,-0.24190926878800795,1.3798167810140631
1636731612339,2021-11-12T10:40:12.339,40.48,-2.6698235023012593,-0.3853639347671729,1.6452240882899472
1636731612349,2021-11-12T10:40:12.349,40.49,-2.8329292550462504,-0.51441342231434,1.8655062612913553
1636731612359,2021-11-12T10:40:12.359,40.5,-2.905430762596869,-0.6195157305281132,1.9152149589485135
1636731612369,2021-11-12T10:40:12.369,40.51,-2.8825482159467954,-0.7281127543708296,1.7984973987863389
1636731612379,2021-11-12T10:40:12.379,40.52,-2.761989427791444,-0.8369235936117088,1.6245542813772262
1636731612389,2021-11-12T10:40:12.389,40.53,-2.5241498494024244,-0.9052988542656977,1.461302281911072
1636731612399,2021-11-12T10:40:12.399,40.54,-2.1995805815612237,-0.9247902377706503,1.2911046372496044
1636731612409,2021-11-12T10:40:12.409,40.55,-1.8779620662385037,-0.9305115156932463,1.1379594537339082
1636731612419,2021-11-12T10:40:12.419,40.56,-1.578115205978541,-0.9188801940912299,1.1450854961558459
1636731612429,2021-11-12T10:40:12.429,40.57,-1.2292965509197469,-0.8143035789244786,1.4059464789883234
1636731612439,2021-11-12T10:40:12.439,40.58,-0.863911266427084,-0.5557428248670379,1.7793307760420758
1636731612449,2021-11-12T10:40:12.449,40.59,-0.6459895364796671,-0.1804372399970886,2.030605286215188
1636731612459,2021-11-12T10:40:12.459,40.6,-0.5847208944569037,0.21604723132294426,2.113064006268205
1636731612469,2021-11-12T10:40:12.469,40.61,-0.4429884459689885,0.5880845512679379,2.1401843249001375
1636731612479,2021-11-12T10:40:12.479,40.62,-0.11972051461934488,0.962165557331448,2.124154660464515
1636731612489,2021-11-12T10:40:12.489,40.63,0.08715476419315803,1.3377067383195205,1.9495591901156346
1636731612499,2021-11-12T10:40:12.499,40.64,-0.13056710836661148,1.6260237822254289,1.621886266540141
1636731612509,2021-11-12T10:40:12.509,40.65,-0.5461082918478691,1.748494289291151,1.3462829091853015
1636731612519,2021-11-12T10:40:12.519,40.66,-0.57217573390467,1.7533320286173277,1.2845447716615785
1636731612529,2021-11-12T10:40:12.529,40.67,-0.05094864663372589,1.7471776016410576,1.3776292691650591
1636731612539,2021-11-12T10:40:12.539,40.68,0.4897400759183486,1.7263641066991584,1.4827249117004042
1636731612549,2021-11-12T10:40:12.549,40.69,0.6037068400261805,1.5835762214194684,1.555140659274052
1636731612559,2021-11-12T10:40:12.559,40.7,0.5137910351704184,1.2957771686033017,1.6248035851186193
1636731612569,2021-11-12T10:40:12.569,40.71,0.5547057728893792,0.9840430706884508,1.7151275437310733
1636731612579,2021-11-12T10:40:12.579,40.72,0.5676300889414863,0.7463585002435957,1.850997786271219
1636731612589,2021-11-12T10:40:12.589,40.73,0.3215701077354106,0.5469173458090623,2.0605713469659546
1636731612599,2021-11-12T10:40:12.599,40.74,-0.010333628325849817,0.3162467716289652,2.3244401014352047
1636731612609,2021-11-12T10:40:12.609,40.75,-0.20546653777059257,0.05783304212694419,2.5594981235084946
1636731612619,2021-11-12T10:40:12.619,40.76,-0.34658110654688734,-0.18625874244483603,2.669449081156624
1636731612629,2021-11-12T10:40:12.629,40.77,-0.5822114907144817,-0.4014894943029803,2.612781146357688
1636731612639,2021-11-12T10:40:12.639,40.78,-0.9095909667943505,-0.6060784428171203,2.424078939943432
1636731612649,2021-11-12T10:40:12.649,40.79,-1.281779911093736,-0.8276338377663346,2.1717315978104246
1636731612659,2021-11-12T10:40:12.659,40.8,-1.6457971981691202,-1.0807964795916203,1.9251303573062142
1636731612669,2021-11-12T10:40:12.669,40.81,-1.8728851864651923,-1.3630647402400298,1.7720126400982357
1636731612679,2021-11-12T10:40:12.679,40.82,-1.8583654271875814,-1.6704910864357114,1.8032233532146154
1636731612689,2021-11-12T10:40:12.689,40.83,-1.6664913039371267,-1.981622479215837,2.0293511032047586
1636731612699,2021-11-12T10:40:12.699,40.84,-1.449260622068099,-2.2245659467381174,2.3518388694841033
1636731612709,2021-11-12T10:40:12.709,40.85,-1.2669947287483585,-2.322141534871999,2.6642834431710676
1636731612719,2021-11-12T10:40:12.719,40.86,-1.0680898326858344,-2.268538622581749,2.941201135616546
1636731612729,2021-11-12T10:40:12.729,40.87,-0.813069342766469,-2.1049741842129928,3.170766110615907
1636731612739,2021-11-12T10:40:12.739,40.88,-0.574074467404343,-1.8535798121406697,3.259109392045359
1636731612749,2021-11-12T10:40:12.749,40.89,-0.48022148841615825,-1.5336077537154205,3.096526758753951
1636731612759,2021-11-12T10:40:12.759,40.9,-0.5386644444335369,-1.1936197670493076,2.6851467723786415
1636731612769,2021-11-12T10:40:12.769,40.91,-0.5773598149849293,-0.8729168373777687,2.1254059558895873
1636731612779,2021-11-12T10:40:12.779,40.92,-0.4376199487952647,-0.5677173515117717,1.5238629585190766
1636731612789,2021-11-12T10:40:12.789,40.93,-0.16964819785706217,-0.2741182824714469,0.977368162200603
1636731612799,2021-11-12T10:40:12.799,40.94,0.01733295246531611,-0.04239357216051697,0.5803671814650271
1636731612809,2021-11-12T10:40:12.809,40.95,-0.021350533920174625,0.05142636046239435,0.37432998141580903
1636731612819,2021-11-12T10:40:12.819,40.96,-0.20325095049934228,-0.005943587580490085,0.32575753302362087
1636731612829,2021-11-12T10:40:12.829,40.97,-0.30546341568055235,-0.1397960712491663,0.3857811469566619
1636731612839,2021-11-12T10:40:12.839,40.98,-0.23515037079522055,-0.26841708900623024,0.5337664668826682
1636731612849,2021-11-12T10:40:12.849,40.99,-0.11891610510338564,-0.3730973338431691,0.7452696832068997
1636731612859,2021-11-12T10:40:12.859,41.0,-0.06611034370040103,-0.4691227638047516,0.9588476639548971
1636731612869,2021-11-12T10:40:12.869,41.01,-0.012679070975046173,-0.5555687101075037,1.1141456660196005
1636731612879,2021-11-12T10:40:12.879,41.02,0.08662663607507315,-0.6223104237550694,1.2054442626332755
1636731612889,2021-11-12T10:40:12.889,41.03,0.1058306509762226,-0.6658337682690165,1.2545579706377408
1636731612899,2021-11-12T10:40:12.899,41.04,-0.06205713817059388,-0.6799997087971282,1.2513936182963634
1636731612909,2021-11-12T10:40:12.909,41.05,-0.30857320019002843,-0.6641867487214743,1.1792756399005644
1636731612919,2021-11-12T10:40:12.919,41.06,-0.42906693686357034,-0.6344253008202912,1.0777391572378
1636731612929,2021-11-12T10:40:12.929,41.07,-0.36569979290908144,-0.5939146855501805,1.0196056514818599
1636731612939,2021-11-12T10:40:12.939,41.08,-0.24910476485264196,-0.5174607152478579,1.0400667906810097
1636731612949,2021-11-12T10:40:12.949,41.09,-0.21603577606723964,-0.3975357623370107,1.121045672061869
1636731612959,2021-11-12T10:40:12.959,41.1,-0.2674421417627697,-0.27420426306301,1.2151526727593505
1636731612969,2021-11-12T10:40:12.969,41.11,-0.3315220860979101,-0.18595209158316245,1.2642667028488903
1636731612979,2021-11-12T10:40:12.979,41.12,-0.36821911234065263,-0.11861475797499947,1.2321387545717244
1636731612989,2021-11-12T10:40:12.989,41.13,-0.3687598958483283,-0.04283184593319482,1.1363856878917415
1636731612999,2021-11-12T10:40:12.999,41.14,-0.3448106215187413,0.021114449701640284,1.0220409856188983
1636731613009,2021-11-12T10:40:13.009,41.15,-0.3329882470090243,0.029278604141953136,0.9033505210998611
1636731613019,2021-11-12T10:40:13.019,41.16,-0.3354926896167455,-0.01664370251407608,0.7572552491540906
1636731613029,2021-11-12T10:40:13.029,41.17,-0.2899911684319565,-0.0851423391998909,0.5679083186609801
1636731613039,2021-11-12T10:40:13.039,41.18,-0.1645005952881483,-0.1673070825273316,0.3562515586778066
1636731613049,2021-11-12T10:40:13.049,41.19,-0.03822312287356109,-0.25617461610563175,0.1719252547984994
1636731613059,2021-11-12T10:40:13.059,41.2,-0.0307123713514807,-0.31903672886235307,0.06331339104066609
1636731613069,2021-11-12T10:40:13.069,41.21,-0.14272094060513985,-0.33581704292180475,0.03609665669445118
1636731613079,2021-11-12T10:40:13.079,41.22,-0.19892120060869967,-0.3181248363871415,0.0370654461389925
1636731613089,2021-11-12T10:40:13.089,41.23,-0.03341380896501058,-0.263246921203606,0.004676299288191628
1636731613099,2021-11-12T10:40:13.099,41.24,0.26642934559493997,-0.13026925072592638,-0.08000343506900698
1636731613109,2021-11-12T10:40:13.109,41.25,0.4288091107948689,0.11110931573667501,-0.23357737434034545
1636731613119,2021-11-12T10:40:13.119,41.26,0.317093482211371,0.42279350437430646,-0.5035240395143517
1636731613129,2021-11-12T10:40:13.129,41.27,0.05484856178651722,0.7219038419942486,-0.8686520755882909
1636731613139,2021-11-12T10:40:13.139,41.28,-0.14695062595377,0.9670426431844196,-1.165325803986489
1636731613149,2021-11-12T10:40:13.149,41.29,-0.16377876509019101,1.1697647996525418,-1.237628269137173
1636731613159,2021-11-12T10:40:13.159,41.3,0.015251244061838132,1.3069345635845522,-1.142533867255565
1636731613169,2021-11-12T10:40:13.169,41.31,0.30364022505199445,1.307965668740839,-1.1041444966445986
1636731613179,2021-11-12T10:40:13.179,41.32,0.5212231668861236,1.1687721423306487,-1.2538018511190834
1636731613189,2021-11-12T10:40:13.189,41.33,0.48750821916186615,0.9917614071760504,-1.4860341624197053
1636731613199,2021-11-12T10:40:13.199,41.34,0.23920253817969828,0.8710725924146953,-1.600308729050795
1636731613209,2021-11-12T10:40:13.209,41.35,0.07709527494345472,0.8091668949009494,-1.5289722541882615
1636731613219,2021-11-12T10:40:13.219,41.36,0.21347031584667076,0.761342147586981,-1.3707605179543347
1636731613229,2021-11-12T10:40:13.229,41.37,0.48195721528266927,0.7004913944509009,-1.2394218765631675
1636731613239,2021-11-12T10:40:13.239,41.38,0.6026813214565911,0.6410337417486662,-1.154952766778001
1636731613249,2021-11-12T10:40:13.249,41.39,0.5623846511760934,0.6293020165812281,-1.0710713368804226
1636731613259,2021-11-12T10:40:13.259,41.4,0.5348863403407005,0.6973356753756584,-0.939763367419033
1636731613269,2021-11-12T10:40:13.269,41.41,0.6120701641591288,0.8464029449161395,-0.7425996729996274
1636731613279,2021-11-12T10:40:13.279,41.42,0.7644004898121579,1.0894936247293894,-0.504441877165367
1636731613289,2021-11-12T10:40:13.289,41.43,0.9316013348719085,1.4352326376478912,-0.2865029083515479
1636731613299,2021-11-12T10:40:13.299,41.44,1.053861858478407,1.81449963015115,-0.1477672893257828
1636731613309,2021-11-12T10:40:13.309,41.45,1.069960849607804,2.117686739657184,-0.11569420219386851
1636731613319,2021-11-12T10:40:13.319,41.46,0.9578535168157116,2.2997214051626798,-0.1955241082611029
1636731613329,2021-11-12T10:40:13.329,41.47,0.7973802578101938,2.360392818042253,-0.3774975891506061
1636731613339,2021-11-12T10:40:13.339,41.48,0.7385450133177424,2.2767499127706596,-0.6160423797913692
1636731613349,2021-11-12T10:40:13.349,41.49,0.8584543612479196,2.0558155711917885,-0.8284202536899413
1636731613359,2021-11-12T10:40:13.359,41.5,1.0886786006697327,1.782004625503493,-0.9470531136003537
1636731613369,2021-11-12T10:40:13.369,41.51,1.31167849801855,1.5261436541702165,-0.9743453017670716
1636731613379,2021-11-12T10:40:13.379,41.52,1.489074547063957,1.2821493618556885,-0.9659554072218179
1636731613389,2021-11-12T10:40:13.389,41.53,1.670991436317652,1.0395817239560623,-0.9731593030463401
1636731613399,2021-11-12T10:40:13.399,41.54,1.8663621858224806,0.8327227135726483,-1.044869969772913
1636731613409,2021-11-12T10:40:13.409,41.55,1.9329074145384872,0.6953785015986876,-1.2305794332602544
1636731613419,2021-11-12T10:40:13.419,41.56,1.7418826060780195,0.6425865695015531,-1.4639599628551727
1636731613429,2021-11-12T10:40:13.429,41.57,1.4746579175328625,0.698165643762399,-1.541405975331517
1636731613439,2021-11-12T10:40:13.439,41.58,1.5021048061508528,0.8779931592279191,-1.4228765074116532
1636731613449,2021-11-12T10:40:13.449,41.59,1.8812408405652898,1.1479454027885732,-1.41679926385211
1636731613459,2021-11-12T10:40:13.459,41.6,2.2478104748949272,1.4357480729882732,-1.7730710256282338
1636731613469,2021-11-12T10:40:13.469,41.61,2.3078797783352396,1.6786422691765528,-2.2465741120458254
1636731613479,2021-11-12T10:40:13.479,41.62,2.156283335366531,1.8447686793362466,-2.4013388946683976
1636731613489,2021-11-12T10:40:13.489,41.63,2.0106211399872294,1.9320096448776394,-2.188184645145969
1636731613499,2021-11-12T10:40:13.499,41.64,1.9220184172864654,1.9717168316262352,-1.8989505543533958
1636731613509,2021-11-12T10:40:13.509,41.65,1.8764470210706823,2.0096404135341346,-1.7220448155773513
1636731613519,2021-11-12T10:40:13.519,41.66,1.9240191483318856,2.0500682072578544,-1.6422466424209954
1636731613529,2021-11-12T10:40:13.529,41.67,2.0779084079037573,2.0492763618805,-1.6521080446267935
1636731613539,2021-11-12T10:40:13.539,41.68,2.2628443674511827,1.9980890185532436,-1.8172756391784781
1636731613549,2021-11-12T10:40:13.549,41.69,2.416817075030056,1.9609725574187795,-2.1543453631647456
1636731613559,2021-11-12T10:40:13.559,41.7,2.510447876100092,1.9933669606246025,-2.5710799302144487
1636731613569,2021-11-12T10:40:13.569,41.71,2.495792029710065,2.0711396446806978,-2.958837866235634
1636731613579,2021-11-12T10:40:13.579,41.72,2.3738537735872165,2.138507924059476,-3.2972709224297287
1636731613589,2021-11-12T10:40:13.589,41.73,2.2571853029970703,2.189686173196451,-3.6211828689922285
1636731613599,2021-11-12T10:40:13.599,41.74,2.235866792226715,2.262052085344303,-3.909967762890407
1636731613609,2021-11-12T10:40:13.609,41.75,2.2549042500900383,2.353168529566039,-4.078198008266123
1636731613619,2021-11-12T10:40:13.619,41.76,2.2358570114718725,2.4047182949243284,-4.074123888542477
1636731613629,2021-11-12T10:40:13.629,41.77,2.215591564718679,2.4022894762505054,-3.9322251451394865
1636731613639,2021-11-12T10:40:13.639,41.78,2.264317725291288,2.4104044542290017,-3.733800866280302
1636731613649,2021-11-12T10:40:13.649,41.79,2.3700576431715863,2.4564250233274376,-3.5648863589507584
1636731613659,2021-11-12T10:40:13.659,41.8,2.4667529535504484,2.482231438361983,-3.500300678127515
1636731613669,2021-11-12T10:40:13.669,41.81,2.498625810429789,2.468142970799245,-3.573539801407137
1636731613679,2021-11-12T10:40:13.679,41.82,2.452096821917554,2.4920372090812917,-3.7547290225080445
1636731613689,2021-11-12T10:40:13.689,41.83,2.377340667004943,2.601203180940249,-3.97990136564573
1636731613699,2021-11-12T10:40:13.699,41.84,2.340943107404601,2.720721816686036,-4.195987718924039
1636731613709,2021-11-12T10:40:13.709,41.85,2.3346854364127436,2.7610109400212064,-4.3747756407812455
1636731613719,2021-11-12T10:40:13.719,41.86,2.308856392831947,2.757779319864973,-4.512098009720457
1636731613729,2021-11-12T10:40:13.729,41.87,2.293316582463839,2.824367997582038,-4.6280723234058145
1636731613739,2021-11-12T10:40:13.739,41.88,2.362464836227019,2.9768852923725904,-4.752295279327912
1636731613749,2021-11-12T10:40:13.749,41.89,2.4921048034257334,3.090192648719911,-4.909337839851359
1636731613759,2021-11-12T10:40:13.759,41.9,2.5937388049852057,3.059068939053862,-5.124416042349859
1636731613769,2021-11-12T10:40:13.769,41.91,2.6542736574555077,2.9266013232610875,-5.400653934812648
1636731613779,2021-11-12T10:40:13.779,41.92,2.70225724036818,2.7960408470812332,-5.658908618283996
1636731613789,2021-11-12T10:40:13.789,41.93,2.7193657753903135,2.6902472712342043,-5.750595024081084
1636731613799,2021-11-12T10:40:13.799,41.94,2.712340406119443,2.575997302325659,-5.574491826262931
1636731613809,2021-11-12T10:40:13.809,41.95,2.745106804607399,2.4612245360951617,-5.159641795068222
1636731613819,2021-11-12T10:40:13.819,41.96,2.8202971120947304,2.384262009620859,-4.63955675069851
1636731613829,2021-11-12T10:40:13.829,41.97,2.8821618912651363,2.354056227833719,-4.1859167474907135
1636731613839,2021-11-12T10:40:13.839,41.98,2.8939776042072767,2.354178875452398,-3.9391462538838504
1636731613849,2021-11-12T10:40:13.849,41.99,2.7552899978700918,2.3626923715091674,-3.935456323701337
1636731613859,2021-11-12T10:40:13.859,42.0,2.3910082157246464,2.361357620876405,-4.090974976305294
1636731613869,2021-11-12T10:40:13.869,42.01,2.077917234911494,2.3697537995046805,-4.273089619738993
1636731613879,2021-11-12T10:40:13.879,42.02,2.2299685133227287,2.4285421957367346,-4.387919983737852
1636731613889,2021-11-12T10:40:13.889,42.03,2.710740650879383,2.5032911372428317,-4.4258015737304
1636731613899,2021-11-12T10:40:13.899,42.04,2.8777822856343143,2.481975760818324,-4.455079753312498
1636731613909,2021-11-12T10:40:13.909,42.05,2.396616388394405,2.318545961696863,-4.5482242508180395
1636731613919,2021-11-12T10:40:13.919,42.06,1.5682514284596194,2.09763561937842,-4.686263541625671
1636731613929,2021-11-12T10:40:13.929,42.07,0.8607233670390999,1.9111960202276124,-4.766107699252297
1636731613939,2021-11-12T10:40:13.939,42.08,0.4445482180389994,1.7485587732071994,-4.716428255057911
1636731613949,2021-11-12T10:40:13.949,42.09,0.174334815211724,1.55522622167419,-4.548224621755878
1636731613959,2021-11-12T10:40:13.959,42.1,-0.13156006988930705,1.3322070377721755,-4.267074874211396
1636731613969,2021-11-12T10:40:13.969,42.11,-0.44420949795093,1.1213180435225776,-3.8224875397084883
1636731613979,2021-11-12T10:40:13.979,42.12,-0.614294296555915,0.9380258167043504,-3.2088336387921443
1636731613989,2021-11-12T10:40:13.989,42.13,-0.6431991498635095,0.7748635377071371,-2.5506934507244887
1636731613999,2021-11-12T10:40:13.999,42.14,-0.6785713933378665,0.6469039980625841,-2.030135141765864
1636731614009,2021-11-12T10:40:14.009,42.15,-0.8078859143973044,0.5836959078412586,-1.7876981917833876
1636731614019,2021-11-12T10:40:14.019,42.16,-1.0551391793873064,0.5936481363830717,-1.923448114174685
1636731614029,2021-11-12T10:40:14.029,42.17,-1.4574407864543693,0.6923928741327922,-2.5082512757527713
1636731614039,2021-11-12T10:40:14.039,42.18,-1.9296378707620419,0.9465161878769217,-3.541391737386048
1636731614049,2021-11-12T10:40:14.049,42.19,-2.220340142694095,1.4088748911410482,-4.929976118526704
1636731614059,2021-11-12T10:40:14.059,42.2,-2.2455303134238704,2.0111587546414276,-6.507098942909984
1636731614069,2021-11-12T10:40:14.069,42.21,-2.2840408647431,2.5914638058540573,-8.047387244021575
1636731614079,2021-11-12T10:40:14.079,42.22,-2.5777620685388767,3.030680273892144,-9.319882172632195
1636731614089,2021-11-12T10:40:14.089,42.23,-2.9289112289271997,3.31415488775034,-10.1937720644047
1636731614099,2021-11-12T10:40:14.099,42.24,-2.9833008290621046,3.4676343530021523,-10.685307895849197
1636731614109,2021-11-12T10:40:14.109,42.25,-2.743133098411864,3.479854949616967,-10.894544907929014
1636731614119,2021-11-12T10:40:14.119,42.26,-2.5047140778962658,3.316997045545795,-10.957251719589038
1636731614129,2021-11-12T10:40:14.129,42.27,-2.42298405666274,3.0094466715496377,-11.071677246119197
1636731614139,2021-11-12T10:40:14.139,42.28,-2.4233183670562,2.6811015525534647,-11.44366417740679
1636731614149,2021-11-12T10:40:14.149,42.29,-2.449039765648424,2.458157960649851,-12.09769204416913
1636731614159,2021-11-12T10:40:14.159,42.3,-2.5517953574589,2.374921037515385,-12.814048437206733
1636731614169,2021-11-12T10:40:14.169,42.31,-2.7895621036765013,2.3937920766055116,-13.336441270293719
1636731614179,2021-11-12T10:40:14.179,42.32,-3.145775205454483,2.4774878824108093,-13.565891459464147
1636731614189,2021-11-12T10:40:14.189,42.33,-3.484660303095407,2.598403901635509,-13.52186051768015
1636731614199,2021-11-12T10:40:14.199,42.34,-3.6376175985789905,2.6947266360917643,-13.292684610523878
1636731614209,2021-11-12T10:40:14.209,42.35,-3.651657525036182,2.6743631863679975,-13.116171656136542
1636731614219,2021-11-12T10:40:14.219,42.36,-3.8268036742998417,2.5019439092910605,-13.33455352157092
1636731614229,2021-11-12T10:40:14.229,42.37,-4.378973413083537,2.246945679622444,-14.141150090353685
1636731614239,2021-11-12T10:40:14.239,42.38,-5.15383557039218,1.9832966138906092,-15.41065854275785
1636731614249,2021-11-12T10:40:14.249,42.39,-5.737349147440831,1.6847021431644265,-16.748078466003236
1636731614259,2021-11-12T10:40:14.259,42.4,-5.864159242907108,1.2981602103037995,-17.648912929322854
1636731614269,2021-11-12T10:40:14.269,42.41,-5.750339019076069,0.8583129615099425,-17.70843517612525
1636731614279,2021-11-12T10:40:14.279,42.42,-5.834099508000763,0.44350412934004035,-16.763714242945035
1636731614289,2021-11-12T10:40:14.289,42.43,-6.004711873734651,0.0837260940861657,-14.852699759221618
1636731614299,2021-11-12T10:40:14.299,42.44,-5.543499833457583,-0.21698518924114646,-12.216878195914788
1636731614309,2021-11-12T10:40:14.309,42.45,-4.345614132585152,-0.41043924042032787,-9.523663736036134
1636731614319,2021-11-12T10:40:14.319,42.46,-3.4976146745828203,-0.3973956975433235,-7.797811463787408
1636731614329,2021-11-12T10:40:14.329,42.47,-3.6914130521625177,-0.09413830105825668,-7.60164536277813
1636731614339,2021-11-12T10:40:14.339,42.48,-4.028232893915575,0.45568866906747474,-8.22663404812356
1636731614349,2021-11-12T10:40:14.349,42.49,-3.747440388016433,1.0100163484102451,-8.083505617400029
1636731614359,2021-11-12T10:40:14.359,42.5,-3.868407860881919,1.2339815748164027,-6.058804142730969
1636731614369,2021-11-12T10:40:14.369,42.51,-5.421674339020946,0.9343456835758805,-2.369685590349446
1636731614379,2021-11-12T10:40:14.379,42.52,-7.3712490065083145,0.11793249209929224,1.8211899684826574
1636731614389,2021-11-12T10:40:14.389,42.53,-8.00731345101962,-1.1891539063576173,5.323257728615738
1636731614399,2021-11-12T10:40:14.399,42.54,-7.25830250410022,-2.9328876000523216,7.443017444176429
1636731614409,2021-11-12T10:40:14.409,42.55,-6.159804824523274,-4.73236721288678,7.991408503196835
1636731614419,2021-11-12T10:40:14.419,42.56,-5.009416800671064,-5.93074933758759,7.164281285912625
1636731614429,2021-11-12T10:40:14.429,42.57,-3.3915427461553627,-6.179858132351198,5.5833390069274405
1636731614439,2021-11-12T10:40:14.439,42.58,-1.4624664393276468,-5.7148507774861255,4.364626894190307
1636731614449,2021-11-12T10:40:14.449,42.59,-0.18008137825021703,-4.963920754467531,4.715418270081795
1636731614459,2021-11-12T10:40:14.459,42.6,-0.39104754615536197,-4.321225682964893,7.0132738438915645
1636731614469,2021-11-12T10:40:14.469,42.61,-2.0449120273299766,-4.321443399660527,10.358700436891116
1636731614479,2021-11-12T10:40:14.479,42.62,-4.150721735174228,-5.234715762416038,13.341580373254192
1636731614489,2021-11-12T10:40:14.489,42.63,-5.508722297200152,-6.305233654819455,15.156954308532303
1636731614499,2021-11-12T10:40:14.499,42.64,-5.691871121828113,-6.4622954774235755,15.832178931194841
1636731614509,2021-11-12T10:40:14.509,42.65,-5.246578219579525,-5.978699925798587,15.679144417740407
1636731614519,2021-11-12T10:40:14.519,42.66,-4.781988448693939,-5.990896897787083,14.907651607630422
1636731614529,2021-11-12T10:40:14.529,42.67,-4.012709128842891,-6.3272657652148885,13.855694466369219
1636731614539,2021-11-12T10:40:14.539,42.68,-2.208679397964464,-5.6884411065876375,13.380277456700107
1636731614549,2021-11-12T10:40:14.549,42.69,0.20624978603043626,-4.04109032061054,14.463706441363874
1636731614559,2021-11-12T10:40:14.559,42.7,1.382393359248498,-2.9296479505442803,17.058954694146394
1636731614569,2021-11-12T10:40:14.569,42.71,0.1743469652841192,-3.3004806179910267,19.762873355079822
1636731614579,2021-11-12T10:40:14.579,42.72,-2.2594181902460635,-4.494240695722709,21.171008293951527
1636731614589,2021-11-12T10:40:14.589,42.73,-3.880056071848533,-5.441630783316342,21.26871754397367
1636731614599,2021-11-12T10:40:14.599,42.74,-3.9763175662440884,-5.790326710548252,21.029414613879542
1636731614609,2021-11-12T10:40:14.609,42.75,-3.182599349475596,-5.76497539106507,20.969120612055306
1636731614619,2021-11-12T10:40:14.619,42.76,-2.178681369200752,-5.6877068181401285,20.73740529294168
1636731614629,2021-11-12T10:40:14.629,42.77,-1.2259421820546306,-5.91528512820312,20.08252352806627
1636731614639,2021-11-12T10:40:14.639,42.78,-0.5589205374792175,-6.817025355903442,19.524295964194668
1636731614649,2021-11-12T10:40:14.649,42.79,-0.5194596430255494,-8.445643701363771,19.760140582839313
1636731614659,2021-11-12T10:40:14.659,42.8,-1.1167449501380289,-10.326550989629725,20.89091150007744
1636731614669,2021-11-12T10:40:14.669,42.81,-1.7828221983822938,-11.791266451672536,22.55638554045128
1636731614679,2021-11-12T10:40:14.679,42.82,-1.9676073898376434,-12.517269228103455,24.39103732587612
1636731614689,2021-11-12T10:40:14.689,42.83,-1.7522047682641564,-12.680666286001918,26.02783293798689
1636731614699,2021-11-12T10:40:14.699,42.84,-1.4840208046623466,-12.682627159024978,27.01171222199398
1636731614709,2021-11-12T10:40:14.709,42.85,-1.1393430225625787,-12.797259220590753,27.026786231251812
1636731614719,2021-11-12T10:40:14.719,42.86,-0.38283071336749164,-12.957696260503045,26.14320978903777
1636731614729,2021-11-12T10:40:14.729,42.87,1.001600112573143,-12.804900720099862,24.806441440163468
1636731614739,2021-11-12T10:40:14.739,42.88,2.8613127089001797,-12.010116391524345,23.645009600973715
1636731614749,2021-11-12T10:40:14.749,42.89,4.743167350119922,-10.560521492725268,23.206704160503868
1636731614759,2021-11-12T10:40:14.759,42.9,6.198065349456108,-8.777328749887186,23.660765891716448
1636731614769,2021-11-12T10:40:14.769,42.91,6.944323425661979,-7.22466754188033,24.618003475738707
1636731614779,2021-11-12T10:40:14.779,42.92,6.833276310443592,-6.540178046742643,25.345446080538075
1636731614789,2021-11-12T10:40:14.789,42.93,5.950408850880792,-7.029258396989928,25.3266791857298
1636731614799,2021-11-12T10:40:14.799,42.94,4.689384845525847,-8.327158977184638,24.62548955276585
1636731614809,2021-11-12T10:40:14.809,42.95,3.551930160606758,-9.633723971962613,23.669646418312297
1636731614819,2021-11-12T10:40:14.819,42.96,2.9455742210921345,-10.325906134259588,22.736092972809118
1636731614829,2021-11-12T10:40:14.829,42.97,3.066975466410784,-10.279349828140068,21.766597792291194
1636731614839,2021-11-12T10:40:14.839,42.98,3.7357239569858005,-9.694140901097764,20.748784820856777
1636731614849,2021-11-12T10:40:14.849,42.99,4.472837156904628,-8.796771043523842,20.055690580456464
1636731614859,2021-11-12T10:40:14.859,43.0,4.984972472781763,-7.768873540797831,20.050810420918268
1636731614869,2021-11-12T10:40:14.869,43.01,5.411904000147683,-6.838898157715706,20.43468822719747
1636731614879,2021-11-12T10:40:14.879,43.02,5.888098312905302,-6.245511675225321,20.42201736970747
1636731614889,2021-11-12T10:40:14.889,43.03,6.154664825553061,-6.060129696986618,19.61660407048252
1636731614899,2021-11-12T10:40:14.899,43.04,5.976641421990602,-6.142688278386486,18.373273487805747
1636731614909,2021-11-12T10:40:14.909,43.05,5.689804627348483,-6.250426837301554,17.311363877616124
1636731614919,2021-11-12T10:40:14.919,43.06,5.8561129805113055,-6.0848945671319425,16.81396598842469
1636731614929,2021-11-12T10:40:14.929,43.07,6.469152125519916,-5.360941895629471,16.961583211417775
1636731614939,2021-11-12T10:40:14.939,43.08,6.908891664913242,-4.066076665808136,17.5631310954183
1636731614949,2021-11-12T10:40:14.949,43.09,6.7439236321277445,-2.605334639174062,18.18079928304877
1636731614959,2021-11-12T10:40:14.959,43.1,6.319661078124515,-1.511851954611374,18.413837565858387
1636731614969,2021-11-12T10:40:14.969,43.11,6.341869229988811,-1.0626362115095913,18.24991275703597
1636731614979,2021-11-12T10:40:14.979,43.12,6.96542523402888,-1.2406543758779711,17.940025475482585
1636731614989,2021-11-12T10:40:14.989,43.13,7.615979882701267,-1.8427640940718029,17.51170536964371
1636731614999,2021-11-12T10:40:14.999,43.14,7.76714844940461,-2.4397013586909884,16.724093083644348
1636731615009,2021-11-12T10:40:15.009,43.15,7.530678890409402,-2.518663005548789,15.647200166794995
1636731615019,2021-11-12T10:40:15.019,43.16,7.2726091560837975,-2.0591142716823576,14.90093174309143
1636731615029,2021-11-12T10:40:15.029,43.17,6.926625725073123,-1.7503267604209385,14.982790704076361
1636731615039,2021-11-12T10:40:15.039,43.18,6.082829052103623,-2.1185970564123258,15.684551057108319
1636731615049,2021-11-12T10:40:15.049,43.19,4.758360959358216,-2.7530617407577074,16.55052548509241
1636731615059,2021-11-12T10:40:15.059,43.2,3.6693571957280566,-3.1213052601198994,17.53791469069919
1636731615069,2021-11-12T10:40:15.069,43.21,3.514911710514924,-3.545141430248722,18.741551360333172
1636731615079,2021-11-12T10:40:15.079,43.22,4.254728109570563,-4.318191478418445,19.771269290777887
1636731615089,2021-11-12T10:40:15.089,43.23,5.274495451685747,-4.693306094017091,19.92186779078881
1636731615099,2021-11-12T10:40:15.099,43.24,6.0323784993394085,-3.9384013592036693,18.8604475287069
1636731615109,2021-11-12T10:40:15.109,43.25,6.363570792517871,-2.5405784391454973,16.824135880017224
1636731615119,2021-11-12T10:40:15.119,43.26,6.293528620205693,-1.407516351922072,14.226391301845496
1636731615129,2021-11-12T10:40:15.129,43.27,5.820052184616796,-0.6583807418923389,11.375088920796031
1636731615139,2021-11-12T10:40:15.139,43.28,5.005723553561314,0.12948112025364503,8.613305826879316
1636731615149,2021-11-12T10:40:15.149,43.29,4.060432363862056,1.0494624625951166,6.407905099249259
1636731615159,2021-11-12T10:40:15.159,43.3,3.085356719426626,1.7426342371424346,5.03547054288353
1636731615169,2021-11-12T10:40:15.169,43.31,1.9837001857343872,1.9018123555298878,4.331690744155612
1636731615179,2021-11-12T10:40:15.179,43.32,0.8635285789767512,1.586298098121602,3.9448596087931875
1636731615189,2021-11-12T10:40:15.189,43.33,0.19000926581264663,1.1000113211972655,3.7036212844759824
1636731615199,2021-11-12T10:40:15.199,43.34,0.27632162478314304,0.7220052286829326,3.6102330253605466
1636731615209,2021-11-12T10:40:15.209,43.35,0.8030662424560451,0.5301185578135829,3.5908872708647825
1636731615219,2021-11-12T10:40:15.219,43.36,0.9837937218070651,0.4256852422577359,3.4073579799304947
1636731615229,2021-11-12T10:40:15.229,43.37,0.3341347271412921,0.34764319876934957,2.927502387800971
1636731615239,2021-11-12T10:40:15.239,43.38,-0.6691498722104929,0.38946027088506313,2.42781546243998
1636731615249,2021-11-12T10:40:15.249,43.39,-1.0683913037959587,0.6111373821771349,2.3095954475580887
1636731615259,2021-11-12T10:40:15.259,43.4,-0.6222631352717996,0.8694508900645085,2.462817078209368
1636731615269,2021-11-12T10:40:15.269,43.41,0.0801433201145314,1.0033540383691997,2.3181124120669865
1636731615279,2021-11-12T10:40:15.279,43.42,0.5975987382421664,1.0569888695066219,1.571650757476725
1636731615289,2021-11-12T10:40:15.289,43.43,0.9078578973911176,1.1420258326641717,0.4187182525697351
1636731615299,2021-11-12T10:40:15.299,43.44,0.9174113819799787,1.225228611412476,-0.9112141952132583
1636731615309,2021-11-12T10:40:15.309,43.45,0.5199392854501874,1.2006455639008302,-2.433512150451481
1636731615319,2021-11-12T10:40:15.319,43.46,-0.10086117473865963,1.0042480759338983,-4.255877296527662
1636731615329,2021-11-12T10:40:15.329,43.47,-0.6856935281453393,0.5985530726608692,-6.405449927858656
1636731615339,2021-11-12T10:40:15.339,43.48,-1.0140367779841204,0.0776345440944169,-8.745083711878104
1636731615349,2021-11-12T10:40:15.349,43.49,-0.7615478965083828,-0.21111883220472882,-10.982695977118432
1636731615359,2021-11-12T10:40:15.359,43.5,0.16117011520700075,0.0951610450329909,-12.853879269521114
1636731615369,2021-11-12T10:40:15.369,43.51,1.2632633594554743,1.0233317717603383,-14.275901600324588
1636731615379,2021-11-12T10:40:15.379,43.52,1.928938738990291,2.2853815912464652,-15.297425326841296
1636731615389,2021-11-12T10:40:15.389,43.53,1.904421699930166,3.524491324306995,-16.024087008681583
1636731615399,2021-11-12T10:40:15.399,43.54,1.193657708838435,4.463588777856115,-16.5778648302473
1636731615409,2021-11-12T10:40:15.409,43.55,0.0660240184553641,5.0245730732762715,-16.96991274740465
1636731615419,2021-11-12T10:40:15.419,43.56,-0.8792500094428842,5.382285683736381,-17.09605072125462
1636731615429,2021-11-12T10:40:15.429,43.57,-1.3646154788349332,5.752853822644688,-17.009459530024884
1636731615439,2021-11-12T10:40:15.439,43.58,-1.9320357809138848,6.169075109345657,-17.001992542549775
1636731615449,2021-11-12T10:40:15.449,43.59,-3.127909964208937,6.583854919060965,-17.238592637646413
1636731615459,2021-11-12T10:40:15.459,43.6,-4.62615732120047,7.041797880200551,-17.564737645258184
1636731615469,2021-11-12T10:40:15.469,43.61,-5.742969907866051,7.599581112693407,-17.82969201459131
1636731615479,2021-11-12T10:40:15.479,43.62,-6.256687071376348,8.178721616250751,-18.113614591159216
1636731615489,2021-11-12T10:40:15.489,43.63,-6.296388607171078,8.562171274135334,-18.52403694975237
1636731615499,2021-11-12T10:40:15.499,43.64,-6.017116187245103,8.49168288433948,-19.046443180191282
1636731615509,2021-11-12T10:40:15.509,43.65,-5.6242016042364416,7.829933588896141,-19.682389593332292
1636731615519,2021-11-12T10:40:15.519,43.66,-5.2486495466719525,6.719611650969799,-20.539440594783805
1636731615529,2021-11-12T10:40:15.529,43.67,-4.804931808674069,5.559921580525213,-21.730368416666654
1636731615539,2021-11-12T10:40:15.539,43.68,-4.2641982023122855,4.790453273011181,-23.263398930373146
1636731615549,2021-11-12T10:40:15.549,43.69,-3.8117006480022075,4.687364558705103,-24.999593267662426
1636731615559,2021-11-12T10:40:15.559,43.7,-3.5515188126407966,5.262954141390516,-26.6446106926181
1636731615569,2021-11-12T10:40:15.569,43.71,-3.4228068833412513,6.216139890946557,-27.852210500683817
1636731615579,2021-11-12T10:40:15.579,43.72,-3.4887726810084114,6.99828057475776,-28.50139912270719
1636731615589,2021-11-12T10:40:15.589,43.73,-3.920015538453181,7.103737791801771,-28.90844999061636
1636731615599,2021-11-12T10:40:15.599,43.74,-4.640028121746884,6.447838671359985,-29.62056371673893
1636731615609,2021-11-12T10:40:15.609,43.75,-5.24779293837263,5.4865442932438855,-30.89879261142388
1636731615619,2021-11-12T10:40:15.619,43.76,-5.303164612352325,4.879061084529177,-32.453151014850064
1636731615629,2021-11-12T10:40:15.629,43.77,-4.665182442396732,4.9412145242004915,-33.72940232837886
1636731615639,2021-11-12T10:40:15.639,43.78,-3.7060984006956774,5.439359323944002,-34.38687435631053
1636731615649,2021-11-12T10:40:15.649,43.79,-3.071162594707694,5.93441347099156,-34.38014708091322
1636731615659,2021-11-12T10:40:15.659,43.8,-2.9335499583996922,6.221797753802995,-33.65036682135813
1636731615669,2021-11-12T10:40:15.669,43.81,-2.74144817934922,6.370545210475976,-32.14048911476947
1636731615679,2021-11-12T10:40:15.679,43.82,-2.0789449442746566,6.492699639746168,-30.328158065373483
1636731615689,2021-11-12T10:40:15.689,43.83,-1.3422355654783793,6.664235608463403,-29.288299276971614
1636731615699,2021-11-12T10:40:15.699,43.84,-1.0982455314351394,6.993536618890349,-29.78356635739096
1636731615709,2021-11-12T10:40:15.709,43.85,-1.3088566410125713,7.556146358249296,-31.529691768752713
1636731615719,2021-11-12T10:40:15.719,43.86,-1.6393931130579487,8.279767116345075,-33.58031789414919
1636731615729,2021-11-12T10:40:15.729,43.87,-1.9775086298923168,9.048225468702903,-35.106178995021196
1636731615739,2021-11-12T10:40:15.739,43.88,-2.333227241652767,9.852446850999533,-35.66363963902926
1636731615749,2021-11-12T10:40:15.749,43.89,-2.767375372279847,10.681459138157848,-35.105194985053856
1636731615759,2021-11-12T10:40:15.759,43.9,-3.5255902583760896,11.355927984916573,-33.47233832160519
1636731615769,2021-11-12T10:40:15.769,43.91,-4.665591452640965,11.650503671106424,-30.865899049711135
1636731615779,2021-11-12T10:40:15.779,43.92,-5.6053477199296395,11.544177389988008,-27.453845063667917
1636731615789,2021-11-12T10:40:15.789,43.93,-5.724171283771836,11.208028582639574,-23.752353461188186
1636731615799,2021-11-12T10:40:15.799,43.94,-5.343822706137582,10.757988460070317,-20.707709043558054
1636731615809,2021-11-12T10:40:15.809,43.95,-5.398383660810934,10.160569531446184,-19.119975647757293
1636731615819,2021-11-12T10:40:15.819,43.96,-6.186360517755077,9.401082670163866,-18.948842000531073
1636731615829,2021-11-12T10:40:15.829,43.97,-7.121615471264171,8.57918166992316,-19.407910975379327
1636731615839,2021-11-12T10:40:15.839,43.98,-7.664943213526701,7.776327454136494,-19.73028659848993
1636731615849,2021-11-12T10:40:15.849,43.99,-7.9069949589042885,6.990201364435199,-19.67616392525943
1636731615859,2021-11-12T10:40:15.859,44.0,-8.207777310489318,6.261777827964996,-19.346222948425712
1636731615869,2021-11-12T10:40:15.869,44.01,-8.667068876757689,5.695459313778072,-18.70749635732781
1636731615879,2021-11-12T10:40:15.879,44.02,-9.088079791236165,5.287205722841687,-17.48916763684329
1636731615889,2021-11-12T10:40:15.889,44.03,-9.332160566348438,4.914848441169837,-15.651212334844125
1636731615899,2021-11-12T10:40:15.899,44.04,-9.499164627302818,4.58666592568271,-13.777196167600925
1636731615909,2021-11-12T10:40:15.909,44.05,-9.66213362488367,4.52102680151519,-12.680271101779361
1636731615919,2021-11-12T10:40:15.919,44.06,-9.655935373111586,4.878217450544563,-12.66134561494875
1636731615929,2021-11-12T10:40:15.929,44.07,-9.321866237858128,5.575759706926472,-13.36591916481011
1636731615939,2021-11-12T10:40:15.939,44.08,-8.755446305540541,6.443752007290501,-14.215707511971226
1636731615949,2021-11-12T10:40:15.949,44.09,-8.135316300570974,7.401528906307498,-14.793229317430628
1636731615959,2021-11-12T10:40:15.959,44.1,-7.43300698124057,8.435432145799854,-15.015734591659186
1636731615969,2021-11-12T10:40:15.969,44.11,-6.432260865641964,9.534785038282674,-15.154836376390497
1636731615979,2021-11-12T10:40:15.979,44.12,-5.083102784701602,10.663674257129024,-15.633677044108449
1636731615989,2021-11-12T10:40:15.989,44.13,-3.711995380705342,11.745462757575787,-16.71281907729667
1636731615999,2021-11-12T10:40:15.999,44.14,-2.586603493960439,12.727045360898138,-18.290918907410994
1636731616009,2021-11-12T10:40:16.009,44.15,-1.3692035613649938,13.634496345523853,-19.899309174141262
1636731616019,2021-11-12T10:40:16.019,44.16,0.4889959225885468,14.451257069639741,-20.921369418031805
1636731616029,2021-11-12T10:40:16.029,44.17,2.8026074486850576,14.98015708865417,-20.96609567264432
1636731616039,2021-11-12T10:40:16.039,44.18,4.594789087498598,14.931609047181631,-20.084968635294032
1636731616049,2021-11-12T10:40:16.049,44.19,5.052992609532961,14.144850268076173,-18.60367460343565
1636731616059,2021-11-12T10:40:16.059,44.2,4.296080221852636,12.735414491457014,-16.754315623827047
1636731616069,2021-11-12T10:40:16.069,44.21,3.3112825922060054,11.069744147297946,-14.497659024264248
1636731616079,2021-11-12T10:40:16.079,44.22,3.2789456307014717,9.542330682336825,-11.699429328920484
1636731616089,2021-11-12T10:40:16.089,44.23,4.669661329262241,8.333421306017444,-8.445326292637596
1636731616099,2021-11-12T10:40:16.099,44.24,6.791217850299448,7.407924012581919,-5.132462698967204
1636731616109,2021-11-12T10:40:16.109,44.25,8.401173650521356,6.673474522738127,-2.2061377408915965
1636731616119,2021-11-12T10:40:16.119,44.26,8.805986783769118,6.028869730045975,0.19510634249077696
1636731616129,2021-11-12T10:40:16.129,44.27,8.175707599682262,5.343836443185715,2.28860772053875
1636731616139,2021-11-12T10:40:16.139,44.28,6.955325156247672,4.54464300710915,4.348198982297113
1636731616149,2021-11-12T10:40:16.149,44.29,5.420061184503272,3.7014880146678824,6.446140068329795
1636731616159,2021-11-12T10:40:16.159,44.3,3.80376979749411,2.9465533039390506,8.502939278968054
1636731616169,2021-11-12T10:40:16.169,44.31,2.392510990044606,2.3222275539447943,10.443260529743117
1636731616179,2021-11-12T10:40:16.179,44.32,1.3120390667592945,1.7647679607322895,12.211976411970504
1636731616189,2021-11-12T10:40:16.189,44.33,0.4676971593507917,1.2287386300597691,13.749274898794027
1636731616199,2021-11-12T10:40:16.199,44.34,-0.23956751022894407,0.7747156163341883,15.067565810693155
1636731616209,2021-11-12T10:40:16.209,44.35,-0.7788190792342067,0.5037081876964175,16.314738021793353
1636731616219,2021-11-12T10:40:16.219,44.36,-1.029788902899441,0.4160054996177137,17.689960330700554
1636731616229,2021-11-12T10:40:16.229,44.37,-0.9316114066450785,0.3680449349418865,19.266172552901025
1636731616239,2021-11-12T10:40:16.239,44.38,-0.6796044154298627,0.19227323798053278,20.852400212975187
1636731616249,2021-11-12T10:40:16.249,44.39,-0.6197040758596974,-0.17065350050625486,22.047102847871237
1636731616259,2021-11-12T10:40:16.259,44.4,-0.8026215729835052,-0.6981508586863542,22.53086592127398
1636731616269,2021-11-12T10:40:16.269,44.41,-0.8978178436941917,-1.3923226201669352,22.345461724994344
1636731616279,2021-11-12T10:40:16.279,44.42,-0.6681439198973935,-2.2917829659268154,21.840614812284446
1636731616289,2021-11-12T10:40:16.289,44.43,-0.2158853415554752,-3.4021265209572755,21.35090607290733
1636731616299,2021-11-12T10:40:16.299,44.44,0.3386424650434467,-4.645693664718926,20.9817926768891
1636731616309,2021-11-12T10:40:16.309,44.45,1.1134811224560535,-5.870218920906758,20.68778562640462
1636731616319,2021-11-12T10:40:16.319,44.46,2.232192079848834,-6.928340865027593,20.374121040576917
1636731616329,2021-11-12T10:40:16.329,44.47,3.5138580077951094,-7.761980241682444,19.773448244656198
1636731616339,2021-11-12T10:40:16.339,44.48,4.666787598945671,-8.393187765381835,18.395012028668024
1636731616349,2021-11-12T10:40:16.349,44.49,5.760109108936112,-8.873891047357564,15.881080862974532
1636731616359,2021-11-12T10:40:16.359,44.5,7.074452212290627,-9.304211097316683,12.393028215902998
1636731616369,2021-11-12T10:40:16.369,44.51,8.368941238235887,-9.877954546331573,8.497299109068344
1636731616379,2021-11-12T10:40:16.379,44.52,8.892304553460084,-10.815362165906233,4.780557570089068
1636731616389,2021-11-12T10:40:16.389,44.53,8.412089906110353,-12.153805429554783,1.7012023246330257
1636731616399,2021-11-12T10:40:16.399,44.54,7.637474404341358,-13.61142388456189,-0.39123025090214447
1636731616409,2021-11-12T10:40:16.409,44.55,7.308587648842272,-14.760373122739196,-1.3493441030836024
1636731616419,2021-11-12T10:40:16.419,44.56,7.392878592195332,-15.362371558959378,-1.3249486055054132
1636731616429,2021-11-12T10:40:16.429,44.57,7.406089428807167,-15.487468151895587,-0.6578670765903727
1636731616439,2021-11-12T10:40:16.439,44.58,7.079540292042722,-15.342840934739808,0.37896789344821286
1636731616449,2021-11-12T10:40:16.449,44.59,6.518218028925261,-15.070946331934268,1.7352036225900538
1636731616459,2021-11-12T10:40:16.459,44.6,5.92383558737369,-14.712790280311864,3.4768621197802774
1636731616469,2021-11-12T10:40:16.469,44.61,5.3064108257766796,-14.289366583167155,5.575405350765881
1636731616479,2021-11-12T10:40:16.479,44.62,4.5565926885090215,-13.848720624981134,7.901572674105003
1636731616489,2021-11-12T10:40:16.489,44.63,3.7801481234648353,-13.433978573505193,10.366725794536379
1636731616499,2021-11-12T10:40:16.499,44.64,3.2618335542405994,-13.058178699254512,12.914498562199839
1636731616509,2021-11-12T10:40:16.509,44.65,3.0407848170501106,-12.729819805194785,15.439579710452028
1636731616519,2021-11-12T10:40:16.519,44.66,2.9018360004761723,-12.466233802128382,17.869737949544415
1636731616529,2021-11-12T10:40:16.529,44.67,2.8022214358139745,-12.250261788179735,20.199740553221858
1636731616539,2021-11-12T10:40:16.539,44.68,2.8844527308501546,-12.0060739403859,22.26192042632428
1636731616549,2021-11-12T10:40:16.549,44.69,3.110654864303683,-11.68909271235681,23.6439387229484
1636731616559,2021-11-12T10:40:16.559,44.7,3.2659629766246,-11.393614459564382,24.07511725608873
1636731616569,2021-11-12T10:40:16.569,44.71,3.245067173578937,-11.279748648865304,23.77302121382703
1636731616579,2021-11-12T10:40:16.579,44.72,3.096410964462084,-11.389356064187115,23.241603259312598
1636731616589,2021-11-12T10:40:16.589,44.73,2.909364421863257,-11.628648018151107,22.857499793946694
1636731616599,2021-11-12T10:40:16.599,44.74,2.782016714903668,-11.91357286695916,22.75232327371906
1636731616609,2021-11-12T10:40:16.609,44.75,2.7740787019985857,-12.218267403293126,22.912803616267915
1636731616619,2021-11-12T10:40:16.619,44.76,2.8313141079713575,-12.513334255453504,23.253640639903743
1636731616629,2021-11-12T10:40:16.629,44.77,2.8525551142513095,-12.783536636833627,23.693226432733027
1636731616639,2021-11-12T10:40:16.639,44.78,2.8376989850468384,-13.071583386967173,24.21494659755875
1636731616649,2021-11-12T10:40:16.649,44.79,2.8551967511552245,-13.383861006843492,24.77417625657482
1636731616659,2021-11-12T10:40:16.659,44.8,2.8765758967377164,-13.597773620899488,25.208344454680066
1636731616669,2021-11-12T10:40:16.669,44.81,2.8007201348939033,-13.583375000777712,25.39472350834266
1636731616679,2021-11-12T10:40:16.679,44.82,2.657104853249444,-13.376242769061918,25.404376971150064
1636731616689,2021-11-12T10:40:16.689,44.83,2.6179164192603044,-13.120634602382072,25.321468835645547
1636731616699,2021-11-12T10:40:16.699,44.84,2.749034932358816,-12.87645437240307,25.038424041894665
1636731616709,2021-11-12T10:40:16.709,44.85,2.8819106675124866,-12.576444805810194,24.41390500833522
1636731616719,2021-11-12T10:40:16.719,44.86,2.8034339935021313,-12.147637061297143,23.49135440034879
1636731616729,2021-11-12T10:40:16.729,44.87,2.487221213582312,-11.580593109601978,22.41390953096918
1636731616739,2021-11-12T10:40:16.739,44.88,2.095349077725057,-10.861869833926495,21.252360999815934
1636731616749,2021-11-12T10:40:16.749,44.89,1.789379914268154,-9.912740285287748,19.977244542083866
1636731616759,2021-11-12T10:40:16.759,44.9,1.5346485510261925,-8.658302150163138,18.49156239280102
1636731616769,2021-11-12T10:40:16.769,44.91,1.0968901126310802,-7.139265149069433,16.715550690781164
1636731616779,2021-11-12T10:40:16.779,44.92,0.2729499685520713,-5.511372463516784,14.71251784723742
1636731616789,2021-11-12T10:40:16.789,44.93,-0.9034337244466029,-3.936386260300936,12.667847407545946
1636731616799,2021-11-12T10:40:16.799,44.94,-2.2040292351728565,-2.4902504857546326,10.741642956018538
1636731616809,2021-11-12T10:40:16.809,44.95,-3.370957711913321,-1.1584406403970249,9.010942950157379
1636731616819,2021-11-12T10:40:16.819,44.96,-4.214479806529852,0.11709564411256831,7.465320188264979
1636731616829,2021-11-12T10:40:16.829,44.97,-4.634676309256556,1.388487502302985,5.978086438755449
1636731616839,2021-11-12T10:40:16.839,44.98,-4.5926431494478015,2.6475810894724634,4.421167827869475
1636731616849,2021-11-12T10:40:16.849,44.99,-4.088720740115017,3.798436829856549,2.84898881637179
1636731616859,2021-11-12T10:40:16.859,45.0,-3.246002159980244,4.751222399911169,1.375602464915242
1636731616869,2021-11-12T10:40:16.869,45.01,-2.37184880175999,5.57464623001147,-0.10840360264218668
1636731616879,2021-11-12T10:40:16.879,45.02,-1.7815864289537597,6.460635140260974,-1.8247621571643566
1636731616889,2021-11-12T10:40:16.889,45.03,-1.5741085686561782,7.4953696011053275,-3.737716524688418
1636731616899,2021-11-12T10:40:16.899,45.04,-1.6750674197413506,8.577314571485026,-5.555311001915307
1636731616909,2021-11-12T10:40:16.909,45.05,-1.9757810761155141,9.601415250567033,-7.0449400860960125
1636731616919,2021-11-12T10:40:16.919,45.06,-2.3097399045696374,10.576655322550057,-8.124392893598595
1636731616929,2021-11-12T10:40:16.929,45.07,-2.4682991777311694,11.490972368518166,-8.726414706759018
1636731616939,2021-11-12T10:40:16.939,45.08,-2.382139023532649,12.208101547534625,-8.786325855816752
1636731616949,2021-11-12T10:40:16.949,45.09,-2.157954299368941,12.599320630569984,-8.337434006140715
1636731616959,2021-11-12T10:40:16.959,45.1,-1.8685879401058676,12.675708669407529,-7.501609771392921
1636731616969,2021-11-12T10:40:16.969,45.11,-1.4467243972850028,12.513189882238962,-6.419865972007611
1636731616979,2021-11-12T10:40:16.979,45.12,-0.8470898075949271,12.131571524304253,-5.265384752908939
1636731616989,2021-11-12T10:40:16.989,45.13,-0.19294341935724107,11.51283539704534,-4.261165835851935
1636731616999,2021-11-12T10:40:16.999,45.14,0.3167465894688652,10.676289291320261,-3.589101307094565
1636731617009,2021-11-12T10:40:17.009,45.15,0.590613050067426,9.686556333319093,-3.3061709683908465
1636731617019,2021-11-12T10:40:17.019,45.16,0.7440183392495051,8.62959717119538,-3.3702140724907483
1636731617029,2021-11-12T10:40:17.029,45.17,1.0693822672534936,7.599128766278161,-3.664950370250877
1636731617039,2021-11-12T10:40:17.039,45.18,1.756128531487866,6.657083040407606,-4.006301516630776
1636731617049,2021-11-12T10:40:17.049,45.19,2.5247616759837603,5.793420307617921,-4.255396887723645
1636731617059,2021-11-12T10:40:17.059,45.2,2.784492058900315,4.96095574254002,-4.417931568878094
1636731617069,2021-11-12T10:40:17.069,45.21,2.2854421378160077,4.143774649436165,-4.521412097844539
1636731617079,2021-11-12T10:40:17.079,45.22,1.34647257112343,3.36471329764308,-4.475450978693624
1636731617089,2021-11-12T10:40:17.089,45.23,0.40302842972442077,2.665575601484257,-4.19819397951367
1636731617099,2021-11-12T10:40:17.099,45.24,-0.35036844838935466,2.11645255572238,-3.78824342457957
1636731617109,2021-11-12T10:40:17.109,45.25,-0.8882359466893668,1.7803914129627856,-3.4373078546255824
1636731617119,2021-11-12T10:40:17.119,45.26,-1.245190076711697,1.6181931707687516,-3.2608887251039205
1636731617129,2021-11-12T10:40:17.129,45.27,-1.4962709003424177,1.4915669670342275,-3.2997923683765022
1636731617139,2021-11-12T10:40:17.139,45.28,-1.6865276064471584,1.2996500172860062,-3.570667514122265
1636731617149,2021-11-12T10:40:17.149,45.29,-1.7946385340633992,1.043359736308133,-4.0279839394530015
1636731617159,2021-11-12T10:40:17.159,45.3,-1.7870524264165355,0.7300862822936256,-4.564266202371165
1636731617169,2021-11-12T10:40:17.169,45.31,-1.6543975849245647,0.3115717407986533,-5.098736166140933
1636731617179,2021-11-12T10:40:17.179,45.32,-1.432428192725519,-0.2240258866278043,-5.605491046075006
1636731617189,2021-11-12T10:40:17.189,45.33,-1.2139238960993401,-0.7768906860033601,-6.063522462463656
1636731617199,2021-11-12T10:40:17.199,45.34,-1.0643642412465857,-1.2246744280162714,-6.43913235382578
1636731617209,2021-11-12T10:40:17.209,45.35,-0.9369128708128174,-1.5388292412543694,-6.681508448771337
1636731617219,2021-11-12T10:40:17.219,45.36,-0.762250285941978,-1.7759813681127596,-6.706533178614499
1636731617229,2021-11-12T10:40:17.229,45.37,-0.595969136201687,-2.0120254366998997,-6.4553672346451165
1636731617239,2021-11-12T10:40:17.239,45.38,-0.5724078219462589,-2.2898518249797397,-5.979966842219488
1636731617249,2021-11-12T10:40:17.249,45.39,-0.7140910128006529,-2.569075108641332,-5.401284910421289
1636731617259,2021-11-12T10:40:17.259,45.4,-0.9207647111867853,-2.7635523261728006,-4.801839638823722
1636731617269,2021-11-12T10:40:17.269,45.41,-1.1864341825694307,-2.877814657883481,-4.22210082727793
1636731617279,2021-11-12T10:40:17.279,45.42,-1.6095380636918728,-3.0000498600032373,-3.7172940008116346
1636731617289,2021-11-12T10:40:17.289,45.43,-2.0749975340913216,-3.107551725086141,-3.3385879437583705
1636731617299,2021-11-12T10:40:17.299,45.44,-2.231213037270872,-3.040193532492925,-3.089483895223368
1636731617309,2021-11-12T10:40:17.309,45.45,-1.9803023805941207,-2.7341349274191478,-2.9693069070900897
1636731617319,2021-11-12T10:40:17.319,45.46,-1.6801894121390086,-2.3135562501343303,-3.0145811049437414
1636731617329,2021-11-12T10:40:17.329,45.47,-1.6729924797751636,-1.8945883521002131,-3.2201261853588914
1636731617339,2021-11-12T10:40:17.339,45.48,-1.9138607310397717,-1.460583543002361,-3.468222051939798
1636731617349,2021-11-12T10:40:17.349,45.49,-2.198515362043788,-0.9755827581494285,-3.61237428823791
1636731617359,2021-11-12T10:40:17.359,45.5,-2.468043368981831,-0.4860870698482125,-3.600734203483857
1636731617369,2021-11-12T10:40:17.369,45.51,-2.749834304164642,-0.07164792290324733,-3.4734649347214885
1636731617379,2021-11-12T10:40:17.379,45.52,-2.9818343993148275,0.2277360196477924,-3.264558849453585
1636731617389,2021-11-12T10:40:17.389,45.53,-3.037314849746723,0.4195887917749407,-2.9468100021037387
1636731617399,2021-11-12T10:40:17.399,45.54,-2.874688514257932,0.5368953190539469,-2.4790382865401477
1636731617409,2021-11-12T10:40:17.409,45.55,-2.5798814393072136,0.6147706505637581,-1.8752034602547583
1636731617419,2021-11-12T10:40:17.419,45.56,-2.2801151218584024,0.6638428463481613,-1.206484461180127
1636731617429,2021-11-12T10:40:17.429,45.57,-2.0529533554069035,0.6596140469149632,-0.5569981308032139
1636731617439,2021-11-12T10:40:17.439,45.58,-1.8853205083356381,0.5724490615049416,0.018419971981302505
1636731617449,2021-11-12T10:40:17.449,45.59,-1.7177342646243328,0.40705166420922345,0.5119167162388072
1636731617459,2021-11-12T10:40:17.459,45.6,-1.527413546318478,0.20260926243436028,0.9316303635864414
1636731617469,2021-11-12T10:40:17.469,45.61,-1.3108114272250773,0.0024731968631413956,1.256034579037609
1636731617479,2021-11-12T10:40:17.479,45.62,-1.0530935967159374,-0.17025233403466788,1.4387897486184955
1636731617489,2021-11-12T10:40:17.489,45.63,-0.8087415518436702,-0.3098787157075883,1.440769107623876
1636731617499,2021-11-12T10:40:17.499,45.64,-0.6648068201627529,-0.40231309259702375,1.2520367700233972
1636731617509,2021-11-12T10:40:17.509,45.65,-0.5426538756121092,-0.42016049609430717,0.9381223733455236
1636731617519,2021-11-12T10:40:17.519,45.66,-0.24780916627818328,-0.35594310151344977,0.6695741726182651
1636731617529,2021-11-12T10:40:17.529,45.67,0.24571846143082907,-0.24197455924366118,0.6161069045977021
1636731617539,2021-11-12T10:40:17.539,45.68,0.7955112046871364,-0.12974323755628026,0.7928075916165047
1636731617549,2021-11-12T10:40:17.549,45.69,1.3336407432735689,-0.04524606417918417,1.0906949522354015
1636731617559,2021-11-12T10:40:17.559,45.7,1.8501406693150555,0.054546099295733425,1.4295045318925603
1636731617569,2021-11-12T10:40:17.569,45.71,2.222184879629399,0.25176708803352904,1.7684588810909896
1636731617579,2021-11-12T10:40:17.579,45.72,2.327745765876378,0.5568321456300388,2.010413327546799
1636731617589,2021-11-12T10:40:17.589,45.73,2.2599234444323213,0.8786884388167391,2.0212177594316474
1636731617599,2021-11-12T10:40:17.599,45.74,2.2162391600548323,1.1443932566072927,1.7383606211993872
1636731617609,2021-11-12T10:40:17.609,45.75,2.2080936702326506,1.3783172126009546,1.1991155119577166
1636731617619,2021-11-12T10:40:17.619,45.76,2.0146773113714356,1.6144984406268028,0.48061615612829267
1636731617629,2021-11-12T10:40:17.629,45.77,1.444195874129127,1.8005489483030008,-0.33569721029570887
1636731617639,2021-11-12T10:40:17.639,45.78,0.6064488925901461,1.8647805100760233,-1.1436231081977344
1636731617649,2021-11-12T10:40:17.649,45.79,-0.08497844600772084,1.8465094284289085,-1.8128592558291647
1636731617659,2021-11-12T10:40:17.659,45.8,-0.21098537182134877,1.873371411117807,-2.244160283197854
1636731617669,2021-11-12T10:40:17.669,45.81,0.28119588185876054,1.9924031950220087,-2.4140586027324815
1636731617679,2021-11-12T10:40:17.679,45.82,0.9953067063249573,2.093917660514592,-2.379022417558729
1636731617689,2021-11-12T10:40:17.689,45.83,1.4371060946326812,2.0518038450129534,-2.2626855499430185
1636731617699,2021-11-12T10:40:17.699,45.84,1.40708799162877,1.8801030022258005,-2.1931902841331956
1636731617709,2021-11-12T10:40:17.709,45.85,1.0095517374159002,1.6839547558721972,-2.186744903560397
1636731617719,2021-11-12T10:40:17.719,45.86,0.468036162726275,1.5252668503441753,-2.126001868406164
1636731617729,2021-11-12T10:40:17.729,45.87,0.04383741008875835,1.41763154143217,-1.9225135918575624
1636731617739,2021-11-12T10:40:17.739,45.88,-0.0896755946355067,1.3749302245438024,-1.669062151775179
1636731617749,2021-11-12T10:40:17.749,45.89,-0.03237380359293691,1.3804616057911279,-1.5572135134534149
1636731617759,2021-11-12T10:40:17.759,45.9,-0.06098020578654817,1.3696246685595042,-1.668355195282972
1636731617769,2021-11-12T10:40:17.769,45.91,-0.2845790369806061,1.3043900923726968,-1.9174324542875172
1636731617779,2021-11-12T10:40:17.779,45.92,-0.5369302118110104,1.220024015068771,-2.178881647913889
1636731617789,2021-11-12T10:40:17.789,45.93,-0.6333944410841628,1.1568111151380656,-2.3949018064338317
1636731617799,2021-11-12T10:40:17.799,45.94,-0.5720451642864138,1.0878821524009457,-2.5705734364740374
1636731617809,2021-11-12T10:40:17.809,45.95,-0.4423837286064347,0.9579630445709547,-2.7157471283919845
1636731617819,2021-11-12T10:40:17.819,45.96,-0.306869908187825,0.754812569136141,-2.7929970191941687
1636731617829,2021-11-12T10:40:17.829,45.97,-0.2130679958246504,0.5043044435283077,-2.724061939072998
1636731617839,2021-11-12T10:40:17.839,45.98,-0.15704058464521445,0.2327954060232265,-2.4881600475668133
1636731617849,2021-11-12T10:40:17.849,45.99,-0.0362828296144866,-0.04432622260884441,-2.1800936440994545
1636731617859,2021-11-12T10:40:17.859,46.0,0.20588847438153873,-0.3214809453764099,-1.843936735271813
1636731617869,2021-11-12T10:40:17.869,46.01,0.4546709074465522,-0.5847007598046314,-1.3105671500402503
1636731617879,2021-11-12T10:40:17.879,46.02,0.5902019442189749,-0.7949467435612306,-0.5330740081194001
1636731617889,2021-11-12T10:40:17.889,46.03,0.6623547312725356,-0.920081013869885,-0.039780698121180735
1636731617899,2021-11-12T10:40:17.899,46.04,0.742615554878835,-0.9668899595024862,-0.3934424301753877
1636731617909,2021-11-12T10:40:17.909,46.05,0.7435865860039979,-0.948624331808273,-1.1609786000850115
1636731617919,2021-11-12T10:40:17.919,46.06,0.5824185245182913,-0.8449545585490483,-1.3648516661645544
1636731617929,2021-11-12T10:40:17.929,46.07,0.4050553063818164,-0.6228849136212631,-0.9914481089858755
1636731617939,2021-11-12T10:40:17.939,46.08,0.42967199380042653,-0.28564578119620887,-0.9315441779511373
1636731617949,2021-11-12T10:40:17.949,46.09,0.6430131821571945,0.11072690977806712,-1.4741976912874037
1636731617959,2021-11-12T10:40:17.959,46.1,0.835852503530905,0.4827150400236544,-1.9877464811930907
1636731617969,2021-11-12T10:40:17.969,46.11,0.8800152311826037,0.7641287651381072,-2.0186413098359517
1636731617979,2021-11-12T10:40:17.979,46.12,0.8378685027699845,0.9442830123921263,-1.7840807165518253
1636731617989,2021-11-12T10:40:17.989,46.13,0.8301455009942178,1.0690016272362108,-1.6103638117553238
1636731617999,2021-11-12T10:40:17.999,46.14,0.8673605257710394,1.1899792770887176,-1.5248032958316546
1636731618009,2021-11-12T10:40:18.009,46.15,0.8489296571957206,1.3070710379837969,-1.452691434903115
1636731618019,2021-11-12T10:40:18.019,46.16,0.747929256812655,1.3811425715296166,-1.4253737051749007
1636731618029,2021-11-12T10:40:18.029,46.17,0.696553561823818,1.4060577731067025,-1.489792140923459
1636731618039,2021-11-12T10:40:18.039,46.18,0.7916359784019673,1.4212752099793478,-1.611237498092084
1636731618049,2021-11-12T10:40:18.049,46.19,0.9367905073430632,1.435996263731485,-1.7198057592069305
1636731618059,2021-11-12T10:40:18.059,46.2,0.9851083313071103,1.4001425998055723,-1.7469827734298056
1636731618069,2021-11-12T10:40:18.069,46.21,0.9199636904040058,1.284960161234233,-1.642427348859677
1636731618079,2021-11-12T10:40:18.079,46.22,0.8323659311158214,1.1382324254825935,-1.4339745267300157
1636731618089,2021-11-12T10:40:18.089,46.23,0.8260620238993206,1.0210548054826447,-1.2140736448116183
1636731618099,2021-11-12T10:40:18.099,46.24,0.9495635020785659,0.9438900803684819,-1.030137346067705
1636731618109,2021-11-12T10:40:18.109,46.25,1.1434472942077902,0.9004699049046943,-0.8616335750470576
1636731618119,2021-11-12T10:40:18.119,46.26,1.293932402250823,0.896349122628364,-0.6984617786047951
1636731618129,2021-11-12T10:40:18.129,46.27,1.366074548010914,0.9063954022991627,-0.5498292048443769
1636731618139,2021-11-12T10:40:18.139,46.28,1.401679630377943,0.8829395989749,-0.39711008857482366
1636731618149,2021-11-12T10:40:18.149,46.29,1.3931191162101855,0.839672994230874,-0.22832039848842134
1636731618159,2021-11-12T10:40:18.159,46.3,1.2862795506256766,0.8393698940254402,-0.09345081360647456
1636731618169,2021-11-12T10:40:18.169,46.31,1.1220806610209175,0.8809736332037552,-0.06131865378900833
1636731618179,2021-11-12T10:40:18.179,46.32,1.0402732550748381,0.9142623102581935,-0.17371867184585885
1636731618189,2021-11-12T10:40:18.189,46.33,1.1006041342634105,0.9645224666285933,-0.48270807709082636
1636731618199,2021-11-12T10:40:18.199,46.34,1.2188558671376932,1.0810621921280987,-1.0356423621402255
1636731618209,2021-11-12T10:40:18.209,46.35,1.314936456044758,1.1862153809974882,-1.771390042034453
1636731618219,2021-11-12T10:40:18.219,46.36,1.415413195835122,1.1834902014822015,-2.511591287996984
1636731618229,2021-11-12T10:40:18.229,46.37,1.5836358709827243,1.1519869667101879,-3.0658645432197824
1636731618239,2021-11-12T10:40:18.239,46.38,1.8002140411430112,1.1959603949802926,-3.290501511179408
1636731618249,2021-11-12T10:40:18.249,46.39,1.926655280566926,1.217872237520842,-3.107317353722781
1636731618259,2021-11-12T10:40:18.259,46.4,1.857719633199094,1.081222395999133,-2.564432484814425
1636731618269,2021-11-12T10:40:18.269,46.41,1.7247496373212956,0.8605314992445952,-1.87870597597625
1636731618279,2021-11-12T10:40:18.279,46.42,1.7558478832142854,0.7345411049854054,-1.3859183565354942
1636731618289,2021-11-12T10:40:18.289,46.43,1.8819204827994032,0.7498129351359148,-1.400122197101132
1636731618299,2021-11-12T10:40:18.299,46.44,1.7079958466977525,0.8050532125842766,-2.039079620153027
1636731618309,2021-11-12T10:40:18.309,46.45,0.960912009306173,0.7716622245484664,-3.1395952096989372
1636731618319,2021-11-12T10:40:18.319,46.46,-0.16594009478317767,0.5678051919181296,-4.324384277643457
1636731618329,2021-11-12T10:40:18.329,46.47,-1.1722834407142373,0.19451322199256688,-5.149724796563081
1636731618339,2021-11-12T10:40:18.339,46.48,-1.685907022609261,-0.250941400254728,-5.2566197997865025
1636731618349,2021-11-12T10:40:18.349,46.49,-1.6486550134941935,-0.6431025132081518,-4.4849896486434915
1636731618359,2021-11-12T10:40:18.359,46.5,-1.1724002817378814,-0.9310807432465078,-2.9524128946998562
1636731618369,2021-11-12T10:40:18.369,46.51,-0.5009597027973847,-1.1455027991592093,-1.0924352589960251
1636731618379,2021-11-12T10:40:18.379,46.52,-0.0733184845142388,-1.3320719505460776,0.49679167151226716
1636731618389,2021-11-12T10:40:18.389,46.53,-0.2527768089685409,-1.5348529722863888,1.4147077806933566
1636731618399,2021-11-12T10:40:18.399,46.54,-0.9841067124429288,-1.7916112689480597,1.6345039288306036
1636731618409,2021-11-12T10:40:18.409,46.55,-1.9170109278270275,-2.0513803628910625,1.2952606635393582
1636731618419,2021-11-12T10:40:18.419,46.56,-2.6643168327481757,-2.148589621976247,0.5500975309777179
1636731618429,2021-11-12T10:40:18.429,46.57,-2.815245974232564,-1.9645909520958922,-0.305180544237216
1636731618439,2021-11-12T10:40:18.439,46.58,-2.1427472326606694,-1.5683996690890138,-0.8758048330365646
1636731618449,2021-11-12T10:40:18.449,46.59,-1.0398098164706107,-1.1222952166773124,-1.0390674871506216
1636731618459,2021-11-12T10:40:18.459,46.6,-0.32594127860473476,-0.7285798663364215,-1.0588965482378006
1636731618469,2021-11-12T10:40:18.469,46.61,-0.40204265353692037,-0.4417155410018146,-1.1514924363084753
1636731618479,2021-11-12T10:40:18.479,46.62,-0.9611150400742108,-0.33980369824730444,-1.1245575743241414
1636731618489,2021-11-12T10:40:18.489,46.63,-1.5763405539688125,-0.4813891454711742,-0.7264839367849998
1636731618499,2021-11-12T10:40:18.499,46.64,-2.085814274654833,-0.8090421915617567,-0.2466180065121798
1636731618509,2021-11-12T10:40:18.509,46.65,-2.4114845630490374,-1.1684273801191463,-0.2964102650217584
1636731618519,2021-11-12T10:40:18.519,46.66,-2.5664800955026994,-1.4499269642223764,-0.9141007005979637
1636731618529,2021-11-12T10:40:18.529,46.67,-2.8007974182501236,-1.657017543353009,-1.4505581669337761
1636731618539,2021-11-12T10:40:18.539,46.68,-3.1871453615629983,-1.797866735994948,-1.437034537507753
1636731618549,2021-11-12T10:40:18.549,46.69,-3.1932294344052576,-1.7923323825804243,-0.9698103432975205
1636731618559,2021-11-12T10:40:18.559,46.7,-2.2485147397049703,-1.563332360147764,-0.4464443268247917
1636731618569,2021-11-12T10:40:18.569,46.71,-0.6237242455280506,-1.1667739805259114,-0.5255670599027552
1636731618579,2021-11-12T10:40:18.579,46.72,0.789020742445683,-0.7813926632674278,-1.5926433000892786
1636731618589,2021-11-12T10:40:18.589,46.73,1.4652516493070735,-0.6071700234492061,-2.712904381612991
1636731618599,2021-11-12T10:40:18.599,46.74,1.4924605624309013,-0.7611337060097476,-2.3797314820881104
1636731618609,2021-11-12T10:40:18.609,46.75,0.9526999020425484,-1.189238744878964,-0.6925780817855267
1636731618619,2021-11-12T10:40:18.619,46.76,-0.23750055219608995,-1.6583136229031958,0.6723682607669766
1636731618629,2021-11-12T10:40:18.629,46.77,-1.7462632471458979,-1.8820937275683849,0.7466492041434767
1636731618639,2021-11-12T10:40:18.639,46.78,-2.708398677203122,-1.7028906220554263,0.12248968130169484
1636731618649,2021-11-12T10:40:18.649,46.79,-2.503185580595225,-1.1973242984742751,-0.31970152258117746
1636731618659,2021-11-12T10:40:18.659,46.8,-1.4085414464781225,-0.6411253681844482,-0.29072712263622136
1636731618669,2021-11-12T10:40:18.669,46.81,-0.3789478749664403,-0.3516939360013843,0.234713196356635
1636731618679,2021-11-12T10:40:18.679,46.82,-0.18915361736589406,-0.49249979374282066,1.3757217591127775
1636731618689,2021-11-12T10:40:18.689,46.83,-0.6836220569733839,-0.9713581051222523,3.251805916714474
1636731618699,2021-11-12T10:40:18.699,46.84,-1.0423246674108007,-1.538885022771718,5.745929614024035
1636731618709,2021-11-12T10:40:18.709,46.85,-0.9404613140649072,-2.0056207785117914,8.33713243147031
1636731618719,2021-11-12T10:40:18.719,46.86,-0.9107206377569097,-2.3321282662098937,10.325273106445021
1636731618729,2021-11-12T10:40:18.729,46.87,-1.3230977391301584,-2.5393678481805764,11.476177882114795
1636731618739,2021-11-12T10:40:18.739,46.88,-1.840705781640076,-2.651036241174065,12.25303626275281
1636731618749,2021-11-12T10:40:18.749,46.89,-2.2085049730530786,-2.706177573978575,13.135215456586465
1636731618759,2021-11-12T10:40:18.759,46.9,-2.645931023744375,-2.6916363160800683,13.92899000072904
1636731618769,2021-11-12T10:40:18.769,46.91,-3.1256299138353993,-2.5119890105743155,14.046416897465281
1636731618779,2021-11-12T10:40:18.779,46.92,-3.2024647327514515,-2.1629243213038705,13.304333217388816
1636731618789,2021-11-12T10:40:18.789,46.93,-2.943298117345029,-1.8232628151234864,12.202568617770229
1636731618799,2021-11-12T10:40:18.799,46.94,-3.162323488164901,-1.6050232503283153,11.4946141823865
1636731618809,2021-11-12T10:40:18.809,46.95,-4.183494013070509,-1.3041629545934967,11.589959763647066
1636731618819,2021-11-12T10:40:18.819,46.96,-5.006860889308441,-0.5660975648639752,12.25270914072228
1636731618829,2021-11-12T10:40:18.829,46.97,-4.407489339226218,0.6906138893493704,12.765940043211586
1636731618839,2021-11-12T10:40:18.839,46.98,-2.6194803191954117,2.0680561386941143,12.432998571902479
1636731618849,2021-11-12T10:40:18.849,46.99,-1.3331522687358084,2.948452096450939,11.055479087174167
1636731618859,2021-11-12T10:40:18.859,47.0,-1.9299721818089195,3.0027404965285083,9.132194392174029
1636731618869,2021-11-12T10:40:18.869,47.01,-3.9235536384824528,2.447438259206789,7.6858792557693665
1636731618879,2021-11-12T10:40:18.879,47.02,-5.252764180928112,1.7994849425884123,7.576522716990115
1636731618889,2021-11-12T10:40:18.889,47.03,-4.3084812805371815,1.4234096404794836,8.545159404079978
1636731618899,2021-11-12T10:40:18.899,47.04,-1.7924648282421478,1.3602311484982512,9.059293403833562
1636731618909,2021-11-12T10:40:18.909,47.05,-0.09782301296570434,1.5692604793334919,7.661697978503387
1636731618919,2021-11-12T10:40:18.919,47.06,-0.4644747176107917,2.1368235987117483,4.575826519841849
1636731618929,2021-11-12T10:40:18.929,47.07,-1.6140607431740563,2.944467489710136,1.51484976723313
1636731618939,2021-11-12T10:40:18.939,47.08,-2.0354849582318337,3.2544896472946707,-0.2262963107738172
1636731618949,2021-11-12T10:40:18.949,47.09,-2.3046235847461918,2.37695671235701,-0.9937931087230527
1636731618959,2021-11-12T10:40:18.959,47.1,-3.5447683557387677,1.029238015211125,-1.8647473415579596
1636731618969,2021-11-12T10:40:18.969,47.11,-4.907680432854695,0.9419220078556871,-3.073766969844434
1636731618979,2021-11-12T10:40:18.979,47.12,-4.6314821252722735,2.332175669076512,-3.9116205333055194
1636731618989,2021-11-12T10:40:18.989,47.13,-2.6420172176735433,3.2117077180163536,-3.869671461297608
1636731618999,2021-11-12T10:40:18.999,47.14,-0.4122474056797648,2.4853086606668393,-3.1676112117699846
1636731619009,2021-11-12T10:40:19.009,47.15,0.850882156058036,1.8315027530676267,-2.2288083022246017
1636731619019,2021-11-12T10:40:19.019,47.16,0.7479127430231811,2.6752996505035997,-1.3165520063445526
1636731619029,2021-11-12T10:40:19.029,47.17,-0.502450851668748,3.496835772995454,-0.6393691165655027
1636731619039,2021-11-12T10:40:19.039,47.18,-1.886835644198024,2.407928011084488,-0.19311128000342057
1636731619049,2021-11-12T10:40:19.049,47.19,-2.183927644117047,0.3280916818316293,0.3515832702814997
1636731619059,2021-11-12T10:40:19.059,47.2,-1.4390032350742548,-0.6125593561444714,1.0894812362665456
1636731619069,2021-11-12T10:40:19.069,47.21,-0.9758686783205563,-0.08742920862853185,1.580063409589292
1636731619079,2021-11-12T10:40:19.079,47.22,-1.4240692387467597,0.7805112354839914,1.5608323603770835
1636731619089,2021-11-12T10:40:19.089,47.23,-1.82577331600252,1.3711193873454495,1.4141957906649225
1636731619099,2021-11-12T10:40:19.099,47.24,-1.225321215259959,1.804184453039432,1.4851339867512805
1636731619109,2021-11-12T10:40:19.109,47.25,0.03147961852623199,2.1073764256589715,1.4925704375033528
1636731619119,2021-11-12T10:40:19.119,47.26,1.0602327719235698,2.062508649712678,1.004369792030104
1636731619129,2021-11-12T10:40:19.129,47.27,1.4741416609339544,1.5605544729835152,0.04943129625779133
1636731619139,2021-11-12T10:40:19.139,47.28,1.3927213738318984,0.7555176520583473,-1.0117824155192747
1636731619149,2021-11-12T10:40:19.149,47.29,1.2148736770770197,-0.0009091239785379845,-1.9053478043064522
1636731619159,2021-11-12T10:40:19.159,47.3,1.423557904764416,-0.36394408944295603,-2.58203991730303
1636731619169,2021-11-12T10:40:19.169,47.31,2.0436254010547157,-0.32728750987167887,-3.150264015068493
1636731619179,2021-11-12T10:40:19.179,47.32,2.425165361309856,-0.34620935351012283,-3.7677154542311277
1636731619189,2021-11-12T10:40:19.189,47.33,1.9793986920189233,-0.9465701246785361,-4.540607073229952
1636731619199,2021-11-12T10:40:19.199,47.34,0.9287221949145769,-2.1830100166217288,-5.499332204754555
1636731619209,2021-11-12T10:40:19.209,47.35,-0.016519677033471347,-3.6213432916254815,-6.616607846405278
1636731619219,2021-11-12T10:40:19.219,47.36,-0.5564778349240459,-4.806699382528187,-7.806281558229494
1636731619229,2021-11-12T10:40:19.229,47.37,-0.9754175440115865,-5.485689362110427,-8.939217637006198
1636731619239,2021-11-12T10:40:19.239,47.38,-1.3992615583166503,-5.400159685874574,-9.865656917152197
1636731619249,2021-11-12T10:40:19.249,47.39,-1.4031440719550066,-4.302769939657287,-10.463083536788158
1636731619259,2021-11-12T10:40:19.259,47.4,-0.7312751088724883,-2.356626924087553,-10.79994348504983
1636731619269,2021-11-12T10:40:19.269,47.41,0.11139615908954713,-0.1843913255926064,-11.202106830703496
1636731619279,2021-11-12T10:40:19.279,47.42,0.6152637586514882,1.6683787014262206,-11.946306244820356
1636731619289,2021-11-12T10:40:19.289,47.43,1.1404741475992652,3.0762122431939196,-12.952064990511671
1636731619299,2021-11-12T10:40:19.299,47.44,2.3142783476389086,4.050477804695974,-13.94973873178236
1636731619309,2021-11-12T10:40:19.309,47.45,3.9511350947687847,4.421121908895433,-14.812020284620417
1636731619319,2021-11-12T10:40:19.319,47.46,5.209332684048631,4.0251670372389885,-15.612093359847819
1636731619329,2021-11-12T10:40:19.329,47.47,5.553081111666324,3.077165854959121,-16.53473120033232
1636731619339,2021-11-12T10:40:19.339,47.48,5.180009582335154,2.1238608638244902,-17.738068108774478
1636731619349,2021-11-12T10:40:19.349,47.49,4.69307058651991,1.5967990509222012,-19.129559231121974
1636731619359,2021-11-12T10:40:19.359,47.5,4.538138267811896,1.5142884442124251,-20.333506764581873
1636731619369,2021-11-12T10:40:19.369,47.51,4.68494664938294,1.606726763703346,-20.968720566637657
1636731619379,2021-11-12T10:40:19.379,47.52,4.806745821480494,1.5669477373376037,-20.864930960195526
1636731619389,2021-11-12T10:40:19.389,47.53,4.711562846781356,1.162036623240825,-20.043340445975574
1636731619399,2021-11-12T10:40:19.399,47.54,4.448390524582592,0.31870633746917576,-18.692974287211833
1636731619409,2021-11-12T10:40:19.409,47.55,4.006799669097498,-0.7862070621838428,-17.20701758287172
1636731619419,2021-11-12T10:40:19.419,47.56,3.1779685802166533,-1.8244611919445495,-16.08909742144852
1636731619429,2021-11-12T10:40:19.429,47.57,1.849101247562646,-2.5381842449601795,-15.685768378807083
1636731619439,2021-11-12T10:40:19.439,47.58,0.259916850084361,-2.8052864088025187,-15.93298679551594
1636731619449,2021-11-12T10:40:19.449,47.59,-1.1936632205068285,-2.596053639646553,-16.336813433672383
1636731619459,2021-11-12T10:40:19.459,47.6,-2.3582260898394938,-2.0073286756195987,-16.27365406020942
1636731619469,2021-11-12T10:40:19.469,47.61,-3.350283239252684,-1.2246911380647427,-15.420110747634983
1636731619479,2021-11-12T10:40:19.479,47.62,-4.0846491780001,-0.3233951304669733,-13.933795553328636
1636731619489,2021-11-12T10:40:19.489,47.63,-4.081211796454058,0.7444956765040811,-12.266877436363973
1636731619499,2021-11-12T10:40:19.499,47.64,-3.150314089043861,1.8742683459043477,-10.88289682657035
1636731619509,2021-11-12T10:40:19.509,47.65,-1.93473062847348,2.7428528157375123,-10.043701364156782
1636731619519,2021-11-12T10:40:19.519,47.66,-1.178061512618964,3.1369452822372885,-9.63647016759792
1636731619529,2021-11-12T10:40:19.529,47.67,-0.7920100950597369,3.149920901809029,-9.217690241896955
1636731619539,2021-11-12T10:40:19.539,47.68,-0.22231849535382744,2.980091873251597,-8.357433922692323
1636731619549,2021-11-12T10:40:19.549,47.69,0.6418476012275103,2.7211644757825963,-6.884353091818833
1636731619559,2021-11-12T10:40:19.559,47.7,1.4407362538029065,2.4103252069043872,-4.856590778602282
1636731619569,2021-11-12T10:40:19.569,47.71,1.93233625512437,2.1555098098988212,-2.621847329179751
1636731619579,2021-11-12T10:40:19.579,47.72,2.1988302353539284,2.1628107234042013,-0.9244408304399991
1636731619589,2021-11-12T10:40:19.589,47.73,2.357127708308372,2.6341039532337307,-0.5260845335125057
1636731619599,2021-11-12T10:40:19.599,47.74,2.3421545309271914,3.580761247955076,-1.4930906212157986
1636731619609,2021-11-12T10:40:19.609,47.75,2.0540903256565186,4.754056097336237,-3.0521564911509627
1636731619619,2021-11-12T10:40:19.619,47.76,1.5345370229751611,5.843531504654801,-4.285627753385024
1636731619629,2021-11-12T10:40:19.629,47.77,0.8977867465273457,6.715761297146024,-4.798216150049168
1636731619639,2021-11-12T10:40:19.639,47.78,0.278316095448719,7.37870558751212,-4.600268878043391
1636731619649,2021-11-12T10:40:19.649,47.79,-0.11308663503784729,7.78615285511351,-3.6477934507478205
1636731619659,2021-11-12T10:40:19.659,47.8,-0.11651744548076023,7.8266747001560955,-1.8767413684526058
1636731619669,2021-11-12T10:40:19.669,47.81,0.20004822154353005,7.494961115038091,0.41073527328713527
1636731619679,2021-11-12T10:40:19.679,47.82,0.6861347069593398,6.943195365984064,2.5891463882919763
1636731619689,2021-11-12T10:40:19.689,47.83,1.3034864529255255,6.341998126029118,4.199476825693066
1636731619699,2021-11-12T10:40:19.699,47.84,1.9721605447112465,5.773277406874795,5.168693944251013
1636731619709,2021-11-12T10:40:19.709,47.85,2.4141878684840696,5.243684362638874,5.587861860414105
1636731619719,2021-11-12T10:40:19.719,47.86,2.3709295236365526,4.7129850101220265,5.574258681019443
1636731619729,2021-11-12T10:40:19.729,47.87,1.864878924120444,4.144878841221905,5.379482184208895
1636731619739,2021-11-12T10:40:19.739,47.88,1.209781889282683,3.621144090504714,5.375267391654774
1636731619749,2021-11-12T10:40:19.749,47.89,0.8912229053840536,3.33203943462875,5.846524374797765
1636731619759,2021-11-12T10:40:19.759,47.9,1.2403432197510011,3.3405432118171614,6.885664816496934
1636731619769,2021-11-12T10:40:19.769,47.91,1.9505455917040242,3.4395964339190037,8.43763346487382
1636731619779,2021-11-12T10:40:19.779,47.92,2.223409117618739,3.346477913656361,10.361743831847221
1636731619789,2021-11-12T10:40:19.789,47.93,1.7877978145672269,2.944504116458196,12.51407731263431
1636731619799,2021-11-12T10:40:19.799,47.94,1.412759887594803,2.2653411212008088,14.790214641467433
1636731619809,2021-11-12T10:40:19.809,47.95,1.8699373185490693,1.3698318255921584,17.027194114521134
1636731619819,2021-11-12T10:40:19.819,47.96,2.748121824900252,0.33515882062026714,18.953070236694003
1636731619829,2021-11-12T10:40:19.829,47.97,3.0258661583665756,-0.7475129326623254,20.36472621317335
1636731619839,2021-11-12T10:40:19.839,47.98,2.5021352852842114,-1.841676531369042,21.302303441626087
1636731619849,2021-11-12T10:40:19.849,47.99,1.8332736510879855,-2.983721233270478,21.961168977544915
1636731619859,2021-11-12T10:40:19.859,48.0,1.5547606449712876,-4.218011620958304,22.47046766514765
1636731619869,2021-11-12T10:40:19.869,48.01,1.8382591653904203,-5.547069628158016,22.793928994515603
1636731619879,2021-11-12T10:40:19.879,48.02,2.571913819379683,-6.915400334451192,22.800969088049527
1636731619889,2021-11-12T10:40:19.889,48.03,3.1222565787084524,-8.199550135504161,22.4156678235518
1636731619899,2021-11-12T10:40:19.899,48.04,2.858685622275124,-9.252673813541572,21.73217932009933
1636731619909,2021-11-12T10:40:19.909,48.05,2.065512637212711,-10.017639670691143,20.96149068276461
1636731619919,2021-11-12T10:40:19.919,48.06,1.4698770561319425,-10.575488839665551,20.234399915495004
1636731619929,2021-11-12T10:40:19.929,48.07,1.1996985680008545,-11.029084739155646,19.536312729559775
1636731619939,2021-11-12T10:40:19.939,48.08,0.9844544379420195,-11.38885597474297,18.827218977089238
1636731619949,2021-11-12T10:40:19.949,48.09,0.786291167164835,-11.6594414160766,18.05160335315509
1636731619959,2021-11-12T10:40:19.959,48.1,0.6305571292896217,-11.961533416370589,17.06205555254225
1636731619969,2021-11-12T10:40:19.969,48.11,0.36677023167730294,-12.438851836757944,15.763771849236608
1636731619979,2021-11-12T10:40:19.979,48.12,-0.06628578047279692,-13.101103039779511,14.308828132996634
1636731619989,2021-11-12T10:40:19.989,48.13,-0.5426896461607473,-13.856261899935227,12.980816993460236
1636731619999,2021-11-12T10:40:19.999,48.14,-0.9680428374378105,-14.621434070629837,11.976173523021455
1636731620009,2021-11-12T10:40:20.009,48.15,-1.1866918203780192,-15.30906635993776,11.40642980015142
1636731620019,2021-11-12T10:40:20.019,48.16,-0.754173503083072,-15.776820664133972,11.331418911082135
1636731620029,2021-11-12T10:40:20.029,48.17,0.564784448634821,-15.90702495451566,11.630098503174164
1636731620039,2021-11-12T10:40:20.039,48.18,2.0007244392884362,-15.735649427976924,11.99677671327489
1636731620049,2021-11-12T10:40:20.049,48.19,2.2736514255490197,-15.420582272449781,12.214898840077982
1636731620059,2021-11-12T10:40:20.059,48.2,1.1537017778979002,-15.04301966242333,12.264544264496859
1636731620069,2021-11-12T10:40:20.069,48.21,-0.16787245760734326,-14.492502750808313,12.030488235761297
1636731620079,2021-11-12T10:40:20.079,48.22,-0.4615568255623207,-13.588834888963838,11.165434686242449
1636731620089,2021-11-12T10:40:20.089,48.23,0.29062361397813186,-12.268904314288873,9.464405173502684
1636731620099,2021-11-12T10:40:20.099,48.24,1.0707177235463854,-10.62199620768002,7.181405633763138
1636731620109,2021-11-12T10:40:20.109,48.25,0.9990147230313804,-8.788495652046013,4.795860623341553
1636731620119,2021-11-12T10:40:20.119,48.26,0.23690764884258972,-6.858548663700962,2.602007524316397
1636731620129,2021-11-12T10:40:20.129,48.27,-0.40088384868050825,-4.865479758324259,0.612495210996636
1636731620139,2021-11-12T10:40:20.139,48.28,-0.5312083834591863,-2.8663669730617647,-1.259842119994413
1636731620149,2021-11-12T10:40:20.149,48.29,-0.4834019103224134,-0.9995707643700158,-2.9705965949085655
1636731620159,2021-11-12T10:40:20.159,48.3,-0.6519962214203602,0.5637935465608236,-4.23395012070189
1636731620169,2021-11-12T10:40:20.169,48.31,-1.0089388098647374,1.7378999608572856,-4.698502569596475
1636731620179,2021-11-12T10:40:20.179,48.32,-1.2614037310118682,2.6105126567498065,-4.324567460501768
1636731620189,2021-11-12T10:40:20.189,48.33,-1.2557047543525754,3.3931663015640225,-3.5313644017894905
1636731620199,2021-11-12T10:40:20.199,48.34,-1.1193033027021189,4.232574838301966,-2.8793592715665186
1636731620209,2021-11-12T10:40:20.209,48.35,-1.027338327433687,5.095216248999112,-2.6553753512854987
1636731620219,2021-11-12T10:40:20.219,48.36,-0.9614108727684281,5.878630072949934,-2.83556742876503
1636731620229,2021-11-12T10:40:20.229,48.37,-0.796251605145678,6.56121373441586,-3.329038079479602
1636731620239,2021-11-12T10:40:20.239,48.38,-0.5087845818978455,7.178325361047181,-4.063307445517221
1636731620249,2021-11-12T10:40:20.249,48.39,-0.1615569681354675,7.744960126055526,-4.8700612358425355
1636731620259,2021-11-12T10:40:20.259,48.4,0.24549922511175473,8.276298051471777,-5.5074887779481525
1636731620269,2021-11-12T10:40:20.269,48.41,0.762576010226946,8.801469674183714,-5.856394931231025
1636731620279,2021-11-12T10:40:20.279,48.42,1.3642577218010612,9.323280839540919,-5.97273483617709
1636731620289,2021-11-12T10:40:20.289,48.43,1.9590736412110683,9.852048031497363,-5.948753091752318
1636731620299,2021-11-12T10:40:20.299,48.44,2.49387747570806,10.452781359556045,-5.857719022064222
1636731620309,2021-11-12T10:40:20.309,48.45,2.947952709341801,11.147964653424456,-5.810135251233513
1636731620319,2021-11-12T10:40:20.319,48.46,3.2524988015246024,11.819754836552207,-5.914782329525582
1636731620329,2021-11-12T10:40:20.329,48.47,3.287179110118276,12.299551044985954,-6.189754399859872
1636731620339,2021-11-12T10:40:20.339,48.48,2.9946932629602845,12.515760929129097,-6.587429720769716
1636731620349,2021-11-12T10:40:20.349,48.49,2.5280784864759367,12.522603661997104,-7.043862627592804
1636731620359,2021-11-12T10:40:20.359,48.5,2.1727556891233957,12.404848787571382,-7.460362584842306
1636731620369,2021-11-12T10:40:20.369,48.51,2.0007352941688255,12.144815564050798,-7.7330430792651565
1636731620379,2021-11-12T10:40:20.379,48.52,1.7907679594776003,11.633278517126548,-7.827686479764527
1636731620389,2021-11-12T10:40:20.389,48.53,1.4345411629691438,10.859059706627324,-7.755730239447408
1636731620399,2021-11-12T10:40:20.399,48.54,1.1222207107218007,9.951297907339493,-7.496297607545696
1636731620409,2021-11-12T10:40:20.409,48.55,0.9540530317000298,8.96135764749313,-6.986150599760743
1636731620419,2021-11-12T10:40:20.419,48.56,0.6912899645527661,7.794449245217854,-6.185105599274253
1636731620429,2021-11-12T10:40:20.429,48.57,0.07949898525884859,6.4259323330438765,-5.224054793044657
1636731620439,2021-11-12T10:40:20.439,48.58,-0.7690025190502112,4.982017728538691,-4.397884092528939
1636731620449,2021-11-12T10:40:20.449,48.59,-1.4027043706117843,3.5650531361181725,-3.6165021543984563
1636731620459,2021-11-12T10:40:20.459,48.6,-1.4056111799793265,2.1900254945742628,-2.1078214454019393
1636731620469,2021-11-12T10:40:20.469,48.61,-0.8164196330860531,0.9092691628414602,0.22672454235970968
1636731620479,2021-11-12T10:40:20.479,48.62,-0.15954087493641053,-0.17486105885725767,1.4775733922074228
1636731620489,2021-11-12T10:40:20.489,48.63,0.056573408120584034,-1.0317260814818852,-0.10339927735638199
1636731620499,2021-11-12T10:40:20.499,48.64,-0.21299608326834674,-1.6956839580587153,-2.824066416064253
1636731620509,2021-11-12T10:40:20.509,48.65,-0.7048066037214096,-2.1503538888661056,-3.4628850317803295
1636731620519,2021-11-12T10:40:20.519,48.66,-1.2261504488350856,-2.3466153318848306,-2.117230313291177
1636731620529,2021-11-12T10:40:20.529,48.67,-1.690938341805488,-2.30780017956305,-1.6661777481992
1636731620539,2021-11-12T10:40:20.539,48.68,-2.008251582512038,-2.111864533926544,-3.0630829018646306
1636731620549,2021-11-12T10:40:20.549,48.69,-2.163375560996859,-1.820623399014021,-4.613555180358904
1636731620559,2021-11-12T10:40:20.559,48.7,-2.2815630812750047,-1.5042962894326517,-5.170002328003134
1636731620569,2021-11-12T10:40:20.569,48.71,-2.4891631436128057,-1.2568552562723,-5.187289752481437
1636731620579,2021-11-12T10:40:20.579,48.72,-2.7969518597464273,-1.125967150339175,-5.151367723597231
1636731620589,2021-11-12T10:40:20.589,48.73,-3.141275328001422,-1.0971755542556474,-4.915411769528028
1636731620599,2021-11-12T10:40:20.599,48.74,-3.4507939713687987,-1.1570160811425905,-4.38857804770596
1636731620609,2021-11-12T10:40:20.609,48.75,-3.654145402536524,-1.300296977491357,-3.789871708014278
1636731620619,2021-11-12T10:40:20.619,48.76,-3.6765135696355404,-1.4984635987117407,-3.2477665820408363
1636731620629,2021-11-12T10:40:20.629,48.77,-3.4874277537919305,-1.7165269425133518,-2.6946281065782873
1636731620639,2021-11-12T10:40:20.639,48.78,-3.1601937682788344,-1.9283585247454755,-2.136379697302638
1636731620649,2021-11-12T10:40:20.649,48.79,-2.818492085823112,-2.1101071963216027,-1.678784744113228
1636731620659,2021-11-12T10:40:20.659,48.8,-2.5097915767594547,-2.268258781741398,-1.2901320145972646
1636731620669,2021-11-12T10:40:20.669,48.81,-2.203468919220858,-2.439929132184873,-0.8017802716679842
1636731620679,2021-11-12T10:40:20.679,48.82,-1.9063594721698998,-2.610732399805119,-0.16621384734843808
1636731620689,2021-11-12T10:40:20.689,48.83,-1.7000099846266818,-2.694618904146328,0.4531568474654332
1636731620699,2021-11-12T10:40:20.699,48.84,-1.6501496621498757,-2.651767831333775,0.8393080847101242
1636731620709,2021-11-12T10:40:20.709,48.85,-1.6962089387954136,-2.5455139252249186,0.8689594208089613
1636731620719,2021-11-12T10:40:20.719,48.86,-1.6480525435111004,-2.41660802964675,0.563064504673971
1636731620729,2021-11-12T10:40:20.729,48.87,-1.3548225359564972,-2.198996857685789,0.07639350380639286
1636731620739,2021-11-12T10:40:20.739,48.88,-0.8970995217762272,-1.8586676212602922,-0.40686107031854374
1636731620749,2021-11-12T10:40:20.749,48.89,-0.5427882567760339,-1.5216928717950005,-0.7918952188700665
1636731620759,2021-11-12T10:40:20.759,48.9,-0.47654815176773113,-1.3384791381189878,-1.0368145819302994
1636731620769,2021-11-12T10:40:20.769,48.91,-0.6167054406185133,-1.2986423927810045,-1.0423843185690889
1636731620779,2021-11-12T10:40:20.779,48.92,-0.748416968204988,-1.2997343132160146,-0.696900436211145
1636731620789,2021-11-12T10:40:20.789,48.93,-0.7985133379070091,-1.3198302206738122,-0.023097420305795285
1636731620799,2021-11-12T10:40:20.799,48.94,-0.8490303376598247,-1.4048790187934201,0.8112742049840422
1636731620809,2021-11-12T10:40:20.809,48.95,-0.8886090177310703,-1.5399230277913392,1.6224749686077409
1636731620819,2021-11-12T10:40:20.819,48.96,-0.7834351791992038,-1.6391550065673615,2.288927213971347
1636731620829,2021-11-12T10:40:20.829,48.97,-0.550590489571106,-1.6580492476053839,2.7317983992349064
1636731620839,2021-11-12T10:40:20.839,48.98,-0.3960303435186722,-1.64068538204708,2.906627671878003
1636731620849,2021-11-12T10:40:20.849,48.99,-0.3882268144994446,-1.6378516479087901,2.840760838431732
1636731620859,2021-11-12T10:40:20.859,49.0,-0.3374805762390033,-1.6384623344236535,2.644796305849196
1636731620869,2021-11-12T10:40:20.869,49.01,-0.11479477370852686,-1.6122464078984444,2.4547242610123075
1636731620879,2021-11-12T10:40:20.879,49.02,0.10814619673922933,-1.5674462327444894,2.345936629703843
1636731620889,2021-11-12T10:40:20.889,49.03,0.0881830647973067,-1.5219168563066086,2.3050229625313357
1636731620899,2021-11-12T10:40:20.899,49.04,-0.14675831736966619,-1.4517172273902124,2.290581131709713
1636731620909,2021-11-12T10:40:20.909,49.05,-0.33492075570007573,-1.3236038816898026,2.291927799638414
1636731620919,2021-11-12T10:40:20.919,49.06,-0.293669286194748,-1.1615541798658497,2.3055891403048716
1636731620929,2021-11-12T10:40:20.929,49.07,-0.0967203453032251,-1.0161084610049929,2.295864000395871
1636731620939,2021-11-12T10:40:20.939,49.08,0.031076313136656136,-0.8788525220689434,2.212610424032174
1636731620949,2021-11-12T10:40:20.949,49.09,-0.034985617061230705,-0.7038108156376113,2.029320646789558
1636731620959,2021-11-12T10:40:20.959,49.1,-0.19602635346363817,-0.5030575958123965,1.7620387263852793
1636731620969,2021-11-12T10:40:20.969,49.11,-0.28938799284057487,-0.34183423792911094,1.4566507160279998
1636731620979,2021-11-12T10:40:20.979,49.12,-0.2941542081273189,-0.250421782604191,1.1400836668962868
1636731620989,2021-11-12T10:40:20.989,49.13,-0.30273010653312576,-0.20775823472072846,0.807452501712532
1636731620999,2021-11-12T10:40:20.999,49.14,-0.3674282934451649,-0.19619452933520348,0.4797406711403821
1636731621009,2021-11-12T10:40:21.009,49.15,-0.44519530752810166,-0.22014616472544332,0.2142128525628596
1636731621019,2021-11-12T10:40:21.019,49.16,-0.45643503482607445,-0.27625358356040053,0.04044649970587652
1636731621029,2021-11-12T10:40:21.029,49.17,-0.3612320865562606,-0.3307474430215903,-0.037204435849032755
1636731621039,2021-11-12T10:40:21.039,49.18,-0.1736628207628706,-0.33449802318009214,0.010871742287003513
1636731621049,2021-11-12T10:40:21.049,49.19,0.07685372243616412,-0.25877173227475997,0.19426900832727018
1636731621059,2021-11-12T10:40:21.059,49.2,0.34683293373708524,-0.10408147370145512,0.44912312654247744
1636731621069,2021-11-12T10:40:21.069,49.21,0.5416073396585612,0.11392736228585561,0.7141620624573242
1636731621079,2021-11-12T10:40:21.079,49.22,0.5654806463834058,0.3659923275997362,0.986288587492876
1636731621089,2021-11-12T10:40:21.089,49.23,0.46005850880965815,0.6358761787966478,1.2430548314110093
1636731621099,2021-11-12T10:40:21.099,49.24,0.407069448490921,0.9425042989840959,1.4246773085792546
1636731621109,2021-11-12T10:40:21.109,49.25,0.4908635601513297,1.2310481158218827,1.535470295085108
1636731621119,2021-11-12T10:40:21.119,49.26,0.5336956256483807,1.314856871660631,1.632495452581364
1636731621129,2021-11-12T10:40:21.129,49.27,0.3507427160330949,1.147727751050056,1.6835728234698863
1636731621139,2021-11-12T10:40:21.139,49.28,0.10562242599216518,1.0051150706258822,1.566167352720527
1636731621149,2021-11-12T10:40:21.149,49.29,0.10284634202079193,1.0866300250620455,1.2534070134758681
1636731621159,2021-11-12T10:40:21.159,49.3,0.2823517735002182,1.1750961530751036,0.9067834533439982
1636731621169,2021-11-12T10:40:21.169,49.31,0.3642779659058908,1.0131694947052101,0.715765967382409
1636731621179,2021-11-12T10:40:21.179,49.32,0.4045531272367541,0.7199152024811112,0.6989226429490143
1636731621189,2021-11-12T10:40:21.189,49.33,0.6454261370771142,0.5498138709964316,0.7417193416556522
1636731621199,2021-11-12T10:40:21.199,49.34,0.9380149667497528,0.5144446565575228,0.7786104260552568
1636731621209,2021-11-12T10:40:21.209,49.35,0.8983692028277178,0.4696339660187774,0.8296708993298936
1636731621219,2021-11-12T10:40:21.219,49.36,0.5291157396851282,0.39870302919499406,0.8975715533257549
1636731621229,2021-11-12T10:40:21.229,49.37,0.20930105913847996,0.42399733476616314,0.939741201635416
1636731621239,2021-11-12T10:40:21.239,49.38,0.14945396632762942,0.5929355935892984,0.9256192119168313
1636731621249,2021-11-12T10:40:21.249,49.39,0.19696105494216326,0.7954798757202541,0.8558779784340786
1636731621259,2021-11-12T10:40:21.259,49.4,0.12416884007138386,0.9162305552039629,0.7419304043282036
1636731621269,2021-11-12T10:40:21.269,49.41,-0.13937120477393572,0.96253229233436,0.5938457001870576
1636731621279,2021-11-12T10:40:21.279,49.42,-0.524281686199115,0.9967729511862432,0.4220679819813098
1636731621289,2021-11-12T10:40:21.289,49.43,-0.8921492434705895,1.025533562861716,0.24652639949506994
1636731621299,2021-11-12T10:40:21.299,49.44,-1.1384630639235225,1.0059539079273434,0.07594481101686809
1636731621309,2021-11-12T10:40:21.309,49.45,-1.3155041080591778,0.9109214701892502,-0.13273895152804635
1636731621319,2021-11-12T10:40:21.319,49.46,-1.5169564361454042,0.757203440792799,-0.41980764369156054
1636731621329,2021-11-12T10:40:21.329,49.47,-1.6179487302371243,0.5952209036254268,-0.7150776369572522
1636731621339,2021-11-12T10:40:21.339,49.48,-1.4012301267854996,0.4702972745693839,-0.9105364464015019
1636731621349,2021-11-12T10:40:21.349,49.49,-0.9673882122534775,0.371949354824236,-1.0199256778719505
1636731621359,2021-11-12T10:40:21.359,49.5,-0.6819753823980141,0.24565548281091049,-1.0408602589496547
1636731621369,2021-11-12T10:40:21.369,49.51,-0.6813101737215143,0.07907235945331675,-0.7404432766967589
1636731621379,2021-11-12T10:40:21.379,49.52,-0.7460752671567914,-0.062425682850908534,-0.035942340764401615
1636731621389,2021-11-12T10:40:21.389,49.53,-0.6800686801604152,-0.11155769678306415,0.48457790028549497
1636731621399,2021-11-12T10:40:21.399,49.54,-0.5465798826403097,-0.06559461701059749,0.16982561698760373
1636731621409,2021-11-12T10:40:21.409,49.55,-0.48861782701145573,0.054247727656449286,-0.599833368988054
1636731621419,2021-11-12T10:40:21.419,49.56,-0.5033055622751279,0.26514098145683207,-0.9010100185400696
1636731621429,2021-11-12T10:40:21.429,49.57,-0.49275668114043625,0.5820575756464607,-0.746992652247857
1636731621439,2021-11-12T10:40:21.439,49.58,-0.45232756081868136,0.9371915254795105,-0.9418153009925618
1636731621449,2021-11-12T10:40:21.449,49.59,-0.4832800429689533,1.2263881079781391,-1.6542543318207754
1636731621459,2021-11-12T10:40:21.459,49.6,-0.6149664704430291,1.4238944690625686,-2.2592837748008656
1636731621469,2021-11-12T10:40:21.469,49.61,-0.7207873316865099,1.553212008551227,-2.3877720296551592
1636731621479,2021-11-12T10:40:21.479,49.62,-0.6874280819856169,1.5797757926374882,-2.2462537381273027
1636731621489,2021-11-12T10:40:21.489,49.63,-0.6063889712229795,1.4623305381492275,-2.0659267199498554
1636731621499,2021-11-12T10:40:21.499,49.64,-0.6614441378916512,1.2737498703926682,-1.8441182805923035
1636731621509,2021-11-12T10:40:21.509,49.65,-0.8468398563582353,1.1313975131803962,-1.5664953096334262
1636731621519,2021-11-12T10:40:21.519,49.66,-0.966429166325637,1.0411913919039637,-1.3201589725748504
1636731621529,2021-11-12T10:40:21.529,49.67,-0.9040563028072706,0.934874951372995,-1.1619719103540616
1636731621539,2021-11-12T10:40:21.539,49.68,-0.7318344785621765,0.8091000606708029,-1.0626974625647918
1636731621549,2021-11-12T10:40:21.549,49.69,-0.5717117354279775,0.706666865733472,-1.0080201771715276
1636731621559,2021-11-12T10:40:21.559,49.7,-0.48417754122227774,0.6190966063689839,-1.0161905464094947
1636731621569,2021-11-12T10:40:21.569,49.71,-0.46692812469989153,0.5149341922751045,-1.0321669873572816
1636731621579,2021-11-12T10:40:21.579,49.72,-0.4594082949199253,0.41379184658670354,-0.9476998483060919
1636731621589,2021-11-12T10:40:21.589,49.73,-0.3721102050232444,0.36012921299341794,-0.7520485102215224
1636731621599,2021-11-12T10:40:21.599,49.74,-0.20502811198318271,0.3640487135319407,-0.5230046824738759
1636731621609,2021-11-12T10:40:21.609,49.75,-0.08999129960332741,0.4047850472617781,-0.2804733862418286
1636731621619,2021-11-12T10:40:21.619,49.76,-0.09094097744405161,0.47025835342382766,-0.0042483426926616386
1636731621629,2021-11-12T10:40:21.629,49.77,-0.0714997658385913,0.5755487819977604,0.24094868046240112
1636731621639,2021-11-12T10:40:21.639,49.78,0.06199217212411509,0.7259380579786494,0.35430639633871164
1636731621649,2021-11-12T10:40:21.649,49.79,0.16025801787585048,0.8612110393782393,0.3569153979738424
1636731621659,2021-11-12T10:40:21.659,49.8,0.06375398635231552,0.8884568525485128,0.39930287992931285
1636731621669,2021-11-12T10:40:21.669,49.81,-0.16271098266730674,0.7854192786434269,0.57041238048089
1636731621679,2021-11-12T10:40:21.679,49.82,-0.36048937128432745,0.6108715601408162,0.721168839462766
1636731621689,2021-11-12T10:40:21.689,49.83,-0.46183007044683,0.4094190683185351,0.6083305736053848
1636731621699,2021-11-12T10:40:21.699,49.84,-0.4780719294268281,0.17620830943247198,0.2715337654824516
1636731621709,2021-11-12T10:40:21.709,49.85,-0.42073789638667236,-0.08849298564514574,0.04513536393217314
1636731621719,2021-11-12T10:40:21.719,49.86,-0.2688405447180032,-0.3573578168873395,0.07860259591289505
1636731621729,2021-11-12T10:40:21.729,49.87,-0.0079293168043085,-0.6025414983763886,0.12784927661161744
1636731621739,2021-11-12T10:40:21.739,49.88,0.2807390740918169,-0.7963730254678613,-0.02764112184375079
1636731621749,2021-11-12T10:40:21.749,49.89,0.4400732309443478,-0.9041220621578969,-0.26207027420407397
1636731621759,2021-11-12T10:40:21.759,49.9,0.4282386805412365,-0.9205307246007549,-0.36384755185636336
1636731621769,2021-11-12T10:40:21.769,49.91,0.4099033999543776,-0.8874722492759404,-0.33995046614520985
1636731621779,2021-11-12T10:40:21.779,49.92,0.5373492035921172,-0.8066395705565595,-0.3008589695288494
1636731621789,2021-11-12T10:40:21.789,49.93,0.7029328507031953,-0.5788292175969723,-0.2818864303884294
1636731621799,2021-11-12T10:40:21.799,49.94,0.6661314382701478,-0.19801602194620577,-0.3017762333676971
1636731621809,2021-11-12T10:40:21.809,49.95,0.415559324941716,0.037720035927990635,-0.3914053435689382
1636731621819,2021-11-12T10:40:21.819,49.96,0.2065054093542873,-0.15793258421937267,-0.4961701881643886
1636731621829,2021-11-12T10:40:21.829,49.97,0.17543439070007363,-0.5329827599107726,-0.5332715103974062
1636731621839,2021-11-12T10:40:21.839,49.98,0.14605501335870355,-0.5570556708066526,-0.5509647919989976
1636731621849,2021-11-12T10:40:21.849,49.99,-0.0565564545951096,-0.2278639472054101,-0.6547072314555158
1636731621859,2021-11-12T10:40:21.859,50.0,-0.318358954275699,-0.07234745829306373,-0.8184952235024191
1636731621869,2021-11-12T10:40:21.869,50.01,-0.38432726305801407,-0.336141083746746,-0.9407785545683144
1636731621879,2021-11-12T10:40:21.879,50.02,-0.11954179418881437,-0.7102188440649456,-1.0090802704135087
1636731621889,2021-11-12T10:40:21.889,50.03,0.42807323684151044,-0.8688472363966542,-1.0584314056393742
1636731621899,2021-11-12T10:40:21.899,50.04,1.0715073676140503,-0.8379069321986214,-1.0759935817783888
1636731621909,2021-11-12T10:40:21.909,50.05,1.5605177771056837,-0.7897973767080222,-1.0544928292210103
1636731621919,2021-11-12T10:40:21.919,50.06,1.715411980879487,-0.7590070451283244,-1.0141964415491531
1636731621929,2021-11-12T10:40:21.929,50.07,1.5461446801045442,-0.6509823446611205,-0.9245906381110163
1636731621939,2021-11-12T10:40:21.939,50.08,1.2527905442639868,-0.4159661156715554,-0.728253205041475
1636731621949,2021-11-12T10:40:21.949,50.09,1.0737095410550452,-0.11868518395594191,-0.450424997822204
1636731621959,2021-11-12T10:40:21.959,50.1,1.069398609322806,0.15219732335822422,-0.19314379571703538
1636731621969,2021-11-12T10:40:21.969,50.11,1.0759122867379987,0.36593875909113144,-0.028224336219786386
1636731621979,2021-11-12T10:40:21.979,50.12,0.9212480621408863,0.5133658088991895,0.04504876078448806
1636731621989,2021-11-12T10:40:21.989,50.13,0.6209300531487767,0.5522471865468073,0.04027526215701815
1636731621999,2021-11-12T10:40:21.999,50.14,0.30508143242930164,0.4323362115516856,-0.060878446708072215
1636731622009,2021-11-12T10:40:22.009,50.15,0.060911441158237274,0.14258107499319092,-0.2648170197595153
1636731622019,2021-11-12T10:40:22.019,50.16,-0.07510682353254275,-0.2884836322780834,-0.5254936610170611
1636731622029,2021-11-12T10:40:22.029,50.17,-0.07267310882537455,-0.8180152960474383,-0.7878423633943263
1636731622039,2021-11-12T10:40:22.039,50.18,0.061650583460612696,-1.4020220092906501,-1.032628398899191
1636731622049,2021-11-12T10:40:22.049,50.19,0.27131307960667345,-1.9850788281297205,-1.2601493878757781
1636731622059,2021-11-12T10:40:22.059,50.2,0.5102191335997073,-2.4866312571678026,-1.4644057042162488
1636731622069,2021-11-12T10:40:22.069,50.21,0.7721320969617828,-2.8297138107443507,-1.6177139933256925
1636731622079,2021-11-12T10:40:22.079,50.22,1.0454194016210143,-2.9943465902437763,-1.6742137791220535
1636731622089,2021-11-12T10:40:22.089,50.23,1.2639026333518812,-3.0131933158524102,-1.6303741146039075
1636731622099,2021-11-12T10:40:22.099,50.24,1.314452768897663,-2.917160197961073,-1.5705893400475404
1636731622109,2021-11-12T10:40:22.109,50.25,1.1354916456541568,-2.711838153175499,-1.5909847972891804
1636731622119,2021-11-12T10:40:22.119,50.26,0.8513681752908611,-2.389817609174268,-1.6866516494010415
1636731622129,2021-11-12T10:40:22.129,50.27,0.7361642486671212,-1.9564081974373928,-1.7722421541396112
1636731622139,2021-11-12T10:40:22.139,50.28,0.932175572960745,-1.4659955036146013,-1.8188366334328283
1636731622149,2021-11-12T10:40:22.149,50.29,1.2460387693377277,-1.0077910339280316,-1.9125764887277032
1636731622159,2021-11-12T10:40:22.159,50.3,1.3485208991894357,-0.630141821632642,-2.1382642571506705
1636731622169,2021-11-12T10:40:22.169,50.31,1.1531562045844927,-0.3286127295079058,-2.4534038157132527
1636731622179,2021-11-12T10:40:22.179,50.32,0.8798516023436549,-0.11443146796714393,-2.742040671550088
1636731622189,2021-11-12T10:40:22.189,50.33,0.7590943557351904,-0.01259279625732718,-2.956852245132911
1636731622199,2021-11-12T10:40:22.199,50.34,0.7913918014609067,0.012578321103713253,-3.1426063034013585
1636731622209,2021-11-12T10:40:22.209,50.35,0.8355201241463945,0.043324344151309285,-3.348999498736666
1636731622219,2021-11-12T10:40:22.219,50.36,0.8427398993445047,0.10890060717794088,-3.5778328594156763
1636731622229,2021-11-12T10:40:22.229,50.37,0.8853376168010871,0.16679027514812483,-3.8019546272305282
1636731622239,2021-11-12T10:40:22.239,50.38,0.9780662873661032,0.19042288826823234,-3.9971285199735984
1636731622249,2021-11-12T10:40:22.249,50.39,1.0291170920517991,0.2123215037957181,-4.1523689231103855
1636731622259,2021-11-12T10:40:22.259,50.4,0.9967765937074182,0.25851544108779617,-4.259669308088091
1636731622269,2021-11-12T10:40:22.269,50.41,0.9561406448518917,0.29934400291261143,-4.294049385375845
1636731622279,2021-11-12T10:40:22.279,50.42,0.9728951157750922,0.30569213480623353,-4.2150093899140835
1636731622289,2021-11-12T10:40:22.289,50.43,1.0173996874374294,0.3052699691948039,-4.006008934549738
1636731622299,2021-11-12T10:40:22.299,50.44,1.0432701854647297,0.3410575903380696,-3.6987714538778773
1636731622309,2021-11-12T10:40:22.309,50.45,1.0738112106985207,0.4178824591861203,-3.34374795885842
1636731622319,2021-11-12T10:40:22.319,50.46,1.158717365706936,0.5151945143395452,-2.9920292307132454
1636731622329,2021-11-12T10:40:22.329,50.47,1.2886331096136643,0.606178930501301,-2.7201860623404146
1636731622339,2021-11-12T10:40:22.339,50.48,1.3992375215317787,0.6629086212664009,-2.606968947163594
1636731622349,2021-11-12T10:40:22.349,50.49,1.4247242039946129,0.6871363898267593,-2.651364054660672
1636731622359,2021-11-12T10:40:22.359,50.5,1.3167560595425414,0.7180787912677121,-2.7821702739478895
1636731622369,2021-11-12T10:40:22.369,50.51,1.089140799031657,0.7733954678598425,-2.980151644023451
1636731622379,2021-11-12T10:40:22.379,50.52,0.8909471734712087,0.8084183058326926,-3.294556677192701
1636731622389,2021-11-12T10:40:22.389,50.53,0.9103890305970257,0.7685449259892806,-3.693942156576891
1636731622399,2021-11-12T10:40:22.399,50.54,1.1321619570039854,0.6629068453365253,-4.030736202415165
1636731622409,2021-11-12T10:40:22.409,50.55,1.3194070610470934,0.5480053839099578,-4.224594932433839
1636731622419,2021-11-12T10:40:22.419,50.56,1.3013303582173665,0.45536161207509496,-4.341427729282278
1636731622429,2021-11-12T10:40:22.429,50.57,1.1679388573428584,0.3899531733406574,-4.428421583929929
1636731622439,2021-11-12T10:40:22.439,50.58,1.1219236584386114,0.37654429125109246,-4.431801557233857
1636731622449,2021-11-12T10:40:22.449,50.59,1.2161557513171157,0.4239442794634442,-4.336464877435118
1636731622459,2021-11-12T10:40:22.459,50.6,1.3305601975649088,0.47083345599288295,-4.230634823225874
1636731622469,2021-11-12T10:40:22.469,50.61,1.378337869117066,0.4682484848967973,-4.184092383795669
1636731622479,2021-11-12T10:40:22.479,50.62,1.3999921841634864,0.48348971305877125,-4.187365392369937
1636731622489,2021-11-12T10:40:22.489,50.63,1.4403404430181292,0.6170690580239515,-4.235817676221931
1636731622499,2021-11-12T10:40:22.499,50.64,1.466226476183862,0.8436005483192082,-4.370764050809597
1636731622509,2021-11-12T10:40:22.509,50.65,1.4340632111882368,1.0361105507695259,-4.602979589654125
1636731622519,2021-11-12T10:40:22.519,50.66,1.3456469404642775,1.1431335722765237,-4.856672007411428
1636731622529,2021-11-12T10:40:22.529,50.67,1.2344675823258913,1.2413257824922246,-5.043861784782932
1636731622539,2021-11-12T10:40:22.539,50.68,1.1674011518603546,1.3802135125236747,-5.179656998788364
1636731622549,2021-11-12T10:40:22.549,50.69,1.2050037571069114,1.4727726238472987,-5.3537338480233885
1636731622559,2021-11-12T10:40:22.559,50.7,1.2736429069913948,1.4154220732447218,-5.5776664016810935
1636731622569,2021-11-12T10:40:22.569,50.71,1.2233442703993311,1.252220864177207,-5.750515229153551
1636731622579,2021-11-12T10:40:22.579,50.72,1.131630071678794,1.1345804519147646,-5.800515381270186
1636731622589,2021-11-12T10:40:22.589,50.73,1.2845003599897349,1.1352055435910218,-5.760306024735403
1636731622599,2021-11-12T10:40:22.599,50.74,1.6930630580696477,1.163043570261616,-5.663917709284868
1636731622609,2021-11-12T10:40:22.609,50.75,1.9592432635098118,1.0783199655406934,-5.473304508301751
1636731622619,2021-11-12T10:40:22.619,50.76,1.7865852381338327,0.8570164026556908,-5.180034862748144
1636731622629,2021-11-12T10:40:22.629,50.77,1.3197000015035691,0.6019331139997679,-4.89635589749507
1636731622639,2021-11-12T10:40:22.639,50.78,0.8910999673798956,0.4098944355516809,-4.733148689063545
1636731622649,2021-11-12T10:40:22.649,50.79,0.690193070695668,0.29149513851055714,-4.629359997650688
1636731622659,2021-11-12T10:40:22.659,50.8,0.6982940651102323,0.21807110747990543,-4.413065063286463
1636731622669,2021-11-12T10:40:22.669,50.81,0.7716158536295292,0.17001122465006202,-4.003748227136432
1636731622679,2021-11-12T10:40:22.679,50.82,0.7819429901904638,0.12085030411982717,-3.4663458355707517
1636731622689,2021-11-12T10:40:22.689,50.83,0.6860437517396218,0.036513038649400156,-2.901335441937353
1636731622699,2021-11-12T10:40:22.699,50.84,0.45484959192281393,-0.08396896870742274,-2.354701260889136
1636731622709,2021-11-12T10:40:22.709,50.85,0.12074096791871541,-0.20457906353725597,-1.8286410559751582
1636731622719,2021-11-12T10:40:22.719,50.86,-0.09627330463213875,-0.30228221170986624,-1.3543174161896148
1636731622729,2021-11-12T10:40:22.729,50.87,-0.03215549586486878,-0.3836681586451836,-1.0235324942209847
1636731622739,2021-11-12T10:40:22.739,50.88,0.10720813676994558,-0.4396495228634495,-0.9088471938529171
1636731622749,2021-11-12T10:40:22.749,50.89,0.06375469622427432,-0.4305654486459387,-0.975928940319787
1636731622759,2021-11-12T10:40:22.759,50.9,-0.021827025235756164,-0.3401376340819423,-1.0940502925546036
1636731622769,2021-11-12T10:40:22.769,50.91,0.11652372614241274,-0.2063786450824242,-1.0677384836171142
1636731622779,2021-11-12T10:40:22.779,50.92,0.3987483064616415,-0.08810664599467558,-0.6854708027122156
1636731622789,2021-11-12T10:40:22.789,50.93,0.5659854583240173,-0.024126439581834663,0.09145518141735841
1636731622799,2021-11-12T10:40:22.799,50.94,0.5953483634239032,0.0016184092663719212,0.9588828616392172
1636731622809,2021-11-12T10:40:22.809,50.95,0.6548094737314079,0.07024227417743674,1.4555421519051213
1636731622819,2021-11-12T10:40:22.819,50.96,0.7972980004604603,0.24267512131807673,1.3753909763027172
1636731622829,2021-11-12T10:40:22.829,50.97,0.9451349106236576,0.46336430492879455,0.8881893169166517
1636731622839,2021-11-12T10:40:22.839,50.98,1.0607394084786956,0.6305775713767233,0.27411912626098034
1636731622849,2021-11-12T10:40:22.849,50.99,1.0990207463591353,0.7349613459165139,-0.2789631984244838
1636731622859,2021-11-12T10:40:22.859,51.0,0.924506526754368,0.8292952072228623,-0.618008779755258
1636731622869,2021-11-12T10:40:22.869,51.01,0.504830304876532,0.9099077693258678,-0.5955351397777334
1636731622879,2021-11-12T10:40:22.879,51.02,0.04717880544057454,0.9327791004588222,-0.17354879762832287
1636731622889,2021-11-12T10:40:22.889,51.03,-0.23185232422560492,0.9029691600010044,0.5777104637150715
1636731622899,2021-11-12T10:40:22.899,51.04,-0.34164058347143983,0.8711952675968393,1.6136400278589302
1636731622909,2021-11-12T10:40:22.909,51.05,-0.41903547166019783,0.8733904916938975,2.9645913760695195
1636731622919,2021-11-12T10:40:22.919,51.06,-0.5107645515831127,0.9199370887470895,4.626954195145654
1636731622929,2021-11-12T10:40:22.929,51.07,-0.5479128483378773,1.043338243639359,6.374876369922886
1636731622939,2021-11-12T10:40:22.939,51.08,-0.4869584899884037,1.327136919346429,7.68429277709247
1636731622949,2021-11-12T10:40:22.949,51.09,-0.3838783926198911,1.836608000700097,8.024177922750145
1636731622959,2021-11-12T10:40:22.959,51.1,-0.3204750601241371,2.5184183963537015,7.344901974191744
1636731622969,2021-11-12T10:40:22.969,51.11,-0.33174724462138927,3.223162060506549,6.150626904195239
1636731622979,2021-11-12T10:40:22.979,51.12,-0.4044927684820686,3.8254440885237813,5.035595867522353
1636731622989,2021-11-12T10:40:22.989,51.13,-0.48310996724949273,4.2805831203677025,4.296379107499364
1636731622999,2021-11-12T10:40:22.999,51.14,-0.5004386002735499,4.583588492716727,3.9869581611134453
1636731623009,2021-11-12T10:40:23.009,51.15,-0.4134345567357801,4.732489854638313,4.11331585075448
1636731623019,2021-11-12T10:40:23.019,51.16,-0.16974070339069813,4.767688709765382,4.6083238343179955
1636731623029,2021-11-12T10:40:23.029,51.17,0.2557901399677858,4.822888386110395,5.137664043134675
1636731623039,2021-11-12T10:40:23.039,51.18,0.688148568284902,5.068335629629849,5.079123706482845
1636731623049,2021-11-12T10:40:23.049,51.19,0.7618524543570141,5.592506237878741,3.8657135106241167
1636731623059,2021-11-12T10:40:23.059,51.2,0.2720603743674329,6.381288337404372,1.4271306714967649
1636731623069,2021-11-12T10:40:23.069,51.21,-0.5457750077858875,7.372255317738454,-1.6783164489831854
1636731623079,2021-11-12T10:40:23.079,51.22,-1.2644939000264634,8.446302388372104,-4.536262287860678
1636731623089,2021-11-12T10:40:23.089,51.23,-1.804576494198326,9.399641508186367,-6.335835294562191
1636731623099,2021-11-12T10:40:23.099,51.24,-2.4730712936571626,10.01503241891026,-6.679711353055076
1636731623109,2021-11-12T10:40:23.109,51.25,-3.3952380311387307,10.16319173849754,-5.595133377943805
1636731623119,2021-11-12T10:40:23.119,51.26,-4.2706965786166755,9.828391885073133,-3.4819009321947156
1636731623129,2021-11-12T10:40:23.129,51.27,-4.816105996748217,9.110033826888916,-1.1257445202355338
1636731623139,2021-11-12T10:40:23.139,51.28,-5.129190663784089,8.196198207464592,0.5136701538217635
1636731623149,2021-11-12T10:40:23.149,51.29,-5.553656869142326,7.2303410629639835,0.7741030047320409
1636731623159,2021-11-12T10:40:23.159,51.3,-6.301457370707825,6.23583235874572,-0.392818654831595
1636731623169,2021-11-12T10:40:23.169,51.31,-7.111744495813015,5.259434072282427,-2.426903052500548
1636731623179,2021-11-12T10:40:23.179,51.32,-7.402035710061387,4.463641715841595,-4.422203397694287
1636731623189,2021-11-12T10:40:23.189,51.33,-6.952708943841413,3.954151915540492,-5.657293511058224
1636731623199,2021-11-12T10:40:23.199,51.34,-6.08196714751093,3.6575719982123784,-6.044419534078151
1636731623209,2021-11-12T10:40:23.209,51.35,-4.941908429553958,3.4658093442361313,-5.965305622269051
1636731623219,2021-11-12T10:40:23.219,51.36,-3.3244949854108823,3.318166424811866,-5.718611074887893
1636731623229,2021-11-12T10:40:23.229,51.37,-1.5643129833208982,3.043126553773071,-5.301955741341988
1636731623239,2021-11-12T10:40:23.239,51.38,-0.8645232474066986,2.3424207935566304,-4.654778441891161
1636731623249,2021-11-12T10:40:23.249,51.39,-2.034852583732583,1.1132021094841766,-3.895206790433738
1636731623259,2021-11-12T10:40:23.259,51.4,-4.265976572254381,-0.337690364793724,-3.2404652915753305
1636731623269,2021-11-12T10:40:23.269,51.41,-5.692611290179576,-1.5469795385356655,-2.7424070616351788
1636731623279,2021-11-12T10:40:23.279,51.42,-5.174652822323524,-2.2879036544679865,-2.2405465449407247
1636731623289,2021-11-12T10:40:23.289,51.43,-3.3378693109681192,-2.626847390784329,-1.6687668611728013
1636731623299,2021-11-12T10:40:23.299,51.44,-1.7326112503794742,-2.7131165285654575,-1.208844225901299
1636731623309,2021-11-12T10:40:23.309,51.45,-1.102996522688572,-2.6605542028421585,-0.9430414684173022
1636731623319,2021-11-12T10:40:23.319,51.46,-0.9615876577707609,-2.5790860410415846,-0.5943491127966735
1636731623329,2021-11-12T10:40:23.329,51.47,-0.83670785369208,-2.5930120650069752,0.13140533470182683
1636731623339,2021-11-12T10:40:23.339,51.48,-1.077468103597699,-2.8065880626655155,1.1358411583388346
1636731623349,2021-11-12T10:40:23.349,51.49,-2.0764971001215917,-3.2387955335806167,2.0639681114555057
1636731623359,2021-11-12T10:40:23.359,51.5,-3.4397458482755567,-3.744759462779344,2.726332907888445
1636731623369,2021-11-12T10:40:23.369,51.51,-4.486055976568495,-4.064870428946971,3.250072173408345
1636731623379,2021-11-12T10:40:23.379,51.52,-5.131558249233773,-4.0373522404644095,3.869221299659883
1636731623389,2021-11-12T10:40:23.389,51.53,-5.644133070326193,-3.686657080984536,4.694327908212897
1636731623399,2021-11-12T10:40:23.399,51.54,-5.809992564826743,-3.105003866389905,5.660845051927344
1636731623409,2021-11-12T10:40:23.409,51.55,-5.221751486011662,-2.491916104739589,6.491934000989421
1636731623419,2021-11-12T10:40:23.419,51.56,-4.280676950988585,-2.322134235634098,6.744949416688394
1636731623429,2021-11-12T10:40:23.429,51.57,-3.9268252877230783,-3.0852062907759716,6.276592688168842
1636731623439,2021-11-12T10:40:23.439,51.58,-4.423840968978289,-4.722945735351778,5.714008746121387
1636731623449,2021-11-12T10:40:23.449,51.59,-5.211699120987796,-6.6030565146546785,6.042567872020191
1636731623459,2021-11-12T10:40:23.459,51.6,-5.669157274976252,-8.093808041640882,7.6028744933632915
1636731623469,2021-11-12T10:40:23.469,51.61,-5.400940099873021,-8.944732370840486,9.81105174426478
1636731623479,2021-11-12T10:40:23.479,51.62,-4.264590490876351,-9.208591743847062,11.928240468483626
1636731623489,2021-11-12T10:40:23.489,51.63,-2.5839190103487626,-9.11802806417776,13.750808987011874
1636731623499,2021-11-12T10:40:23.499,51.64,-1.0034311087255972,-9.033990571018586,15.341569746282246
1636731623509,2021-11-12T10:40:23.509,51.65,-0.04538459736976466,-9.261656389007957,16.40594297723954
1636731623519,2021-11-12T10:40:23.519,51.66,0.10169651054727155,-9.816369983162723,16.432617673295525
1636731623529,2021-11-12T10:40:23.529,51.67,-0.2569930794267335,-10.40775861729344,15.444536351699112
1636731623539,2021-11-12T10:40:23.539,51.68,-0.3309649143990753,-10.685724213218155,14.193241901076764
1636731623549,2021-11-12T10:40:23.549,51.69,0.43727739372328567,-10.545389592978898,13.58119059266748
1636731623559,2021-11-12T10:40:23.559,51.7,1.6589192835782163,-10.199622210668265,14.200207290261949
1636731623569,2021-11-12T10:40:23.569,51.71,2.499952005857849,-9.919532469976561,16.249496202235953
1636731623579,2021-11-12T10:40:23.579,51.72,2.784163929608501,-9.77064674653538,19.337392262181943
1636731623589,2021-11-12T10:40:23.589,51.73,3.012857539145111,-9.703064238945224,22.31841295958464
1636731623599,2021-11-12T10:40:23.599,51.74,3.327327590900059,-9.783239698209183,23.860982962770535
1636731623609,2021-11-12T10:40:23.609,51.75,3.2301294789160058,-10.114099239018744,23.53698186126901
1636731623619,2021-11-12T10:40:23.619,51.76,2.577652906498502,-10.56285612313248,22.199266106965037
1636731623629,2021-11-12T10:40:23.629,51.77,2.030434118632337,-10.780889472985,21.061590800600673
1636731623639,2021-11-12T10:40:23.639,51.78,2.1361841827642047,-10.500743067550767,20.59477868783371
1636731623649,2021-11-12T10:40:23.649,51.79,2.660567977820997,-9.714024586447248,20.540107017734375
1636731623659,2021-11-12T10:40:23.659,51.8,3.014375373107601,-8.668745217439724,20.615999840331142
1636731623669,2021-11-12T10:40:23.669,51.81,2.7711217889646553,-7.7932314897666775,20.771783222155072
1636731623679,2021-11-12T10:40:23.679,51.82,1.8962343214050186,-7.425076090513722,21.04063317510726
1636731623689,2021-11-12T10:40:23.689,51.83,0.9241956897861078,-7.467439866033219,21.516492755505613
1636731623699,2021-11-12T10:40:23.699,51.84,0.5684844401103013,-7.478374597654997,22.220816424024044
1636731623709,2021-11-12T10:40:23.709,51.85,0.8878809879482762,-7.16848132063121,22.811273420627906
1636731623719,2021-11-12T10:40:23.719,51.86,1.252291659626623,-6.621807904795318,22.773498432201613
1636731623729,2021-11-12T10:40:23.729,51.87,1.1820082134614918,-6.024845712868272,22.033168394233705
1636731623739,2021-11-12T10:40:23.739,51.88,0.7854375340150452,-5.419840854088132,21.06714545507395
1636731623749,2021-11-12T10:40:23.749,51.89,0.3852806845161205,-4.780437842503643,20.37065748592787
1636731623759,2021-11-12T10:40:23.759,51.9,0.0999065145493681,-4.140645615105532,20.094459563709666
1636731623769,2021-11-12T10:40:23.769,51.91,-0.08704169643659589,-3.527314400330466,20.184793230280423
1636731623779,2021-11-12T10:40:23.779,51.92,-0.06269946150301897,-2.8758447478270934,20.571095705915553
1636731623789,2021-11-12T10:40:23.789,51.93,0.32192633646753155,-2.186214715359333,21.097152423738986
1636731623799,2021-11-12T10:40:23.799,51.94,0.9105394009986987,-1.6903934321136442,21.40618293028303
1636731623809,2021-11-12T10:40:23.809,51.95,1.3144079012039507,-1.6416803387257775,21.07879206595392
1636731623819,2021-11-12T10:40:23.819,51.96,1.3886043038902458,-1.9711339394839844,20.007256723250933
1636731623829,2021-11-12T10:40:23.829,51.97,1.3579118483767854,-2.3396744020062212,18.611677042576158
1636731623839,2021-11-12T10:40:23.839,51.98,1.444488682332682,-2.4678106025554536,17.521916137209644
1636731623849,2021-11-12T10:40:23.849,51.99,1.6052002983168054,-2.2812828312352,16.956555234370022
1636731623859,2021-11-12T10:40:23.859,52.0,1.6104936855238157,-1.8704044758167846,16.51539537573079
1636731623869,2021-11-12T10:40:23.869,52.01,1.2378195854610032,-1.4618588095698188,15.681845701508621
1636731623879,2021-11-12T10:40:23.879,52.02,0.5193692368386756,-1.3223204741876882,14.45748150765009
1636731623889,2021-11-12T10:40:23.889,52.03,-0.15725475599406946,-1.557444461488105,13.316629326205096
1636731623899,2021-11-12T10:40:23.899,52.04,-0.4531937766104277,-2.034261146338799,12.483524823235669
1636731623909,2021-11-12T10:40:23.909,52.05,-0.5153903448826556,-2.526611757352863,11.549357128935277
1636731623919,2021-11-12T10:40:23.919,52.06,-0.663950979078997,-2.8992899167882054,10.087797984273319
1636731623929,2021-11-12T10:40:23.929,52.07,-0.8356626598376864,-3.154667443817334,8.390479423729555
1636731623939,2021-11-12T10:40:23.939,52.08,-0.7184611810413761,-3.3493361998344886,7.19799917758125
1636731623949,2021-11-12T10:40:23.949,52.09,-0.19617657178308612,-3.5166148522709815,6.84267359084644
1636731623959,2021-11-12T10:40:23.959,52.1,0.639094004555383,-3.6864874937866965,6.9743685873429415
1636731623969,2021-11-12T10:40:23.969,52.11,1.6684396071548457,-3.9194263567389784,7.048155528143251
1636731623979,2021-11-12T10:40:23.979,52.12,2.7021765257403914,-4.271323650962203,6.8011937686879635
1636731623989,2021-11-12T10:40:23.989,52.13,3.3853517492119654,-4.745524631102127,6.199744573639729
1636731623999,2021-11-12T10:40:23.999,52.14,3.405674150449139,-5.226420093336644,5.178613355317631
1636731624009,2021-11-12T10:40:24.009,52.15,2.9270704534309506,-5.416115797838098,3.6827922919616087
1636731624019,2021-11-12T10:40:24.019,52.16,2.550650817656215,-5.0191912480091005,1.821528002197375
1636731624029,2021-11-12T10:40:24.029,52.17,2.540950180735555,-4.109098897368528,-0.2672610133917166
1636731624039,2021-11-12T10:40:24.039,52.18,2.43793343331585,-3.105914004781328,-2.5498767599886523
1636731624049,2021-11-12T10:40:24.049,52.19,1.829269452625332,-2.303049193485763,-4.893557113439114
1636731624059,2021-11-12T10:40:24.059,52.2,1.0679809193588934,-1.659622738526854,-6.941989658202857
1636731624069,2021-11-12T10:40:24.069,52.21,0.7533066594817992,-1.1162300639165081,-8.391007856808834
1636731624079,2021-11-12T10:40:24.079,52.22,0.8961767925330809,-0.8268040427631247,-9.240071823589147
1636731624089,2021-11-12T10:40:24.089,52.23,1.0735710716153162,-0.9536472602979646,-9.678529277881895
1636731624099,2021-11-12T10:40:24.099,52.24,1.107116889023465,-1.4183092954838012,-9.899264305790043
1636731624109,2021-11-12T10:40:24.109,52.25,1.1327773749486263,-1.9552722267698919,-10.123544305610913
1636731624119,2021-11-12T10:40:24.119,52.26,1.1946466416565882,-2.2996043656000684,-10.616918928596967
1636731624129,2021-11-12T10:40:24.129,52.27,1.1886794514615293,-2.2741917340729447,-11.461029065567928
1636731624139,2021-11-12T10:40:24.139,52.28,1.1306098556823287,-1.8265676518962732,-12.38604598463996
1636731624149,2021-11-12T10:40:24.149,52.29,1.1814575643602625,-1.0777716242186983,-13.056728985165012
1636731624159,2021-11-12T10:40:24.159,52.3,1.4254195053045724,-0.25993590096838226,-13.51355591839674
1636731624169,2021-11-12T10:40:24.169,52.31,1.7384894629042886,0.462692720766246,-14.134502738878837
1636731624179,2021-11-12T10:40:24.179,52.32,1.8388247126318502,1.0849289460432732,-15.139328549296694
1636731624189,2021-11-12T10:40:24.189,52.33,1.550331314099079,1.7190479621021457,-16.263212202074193
1636731624199,2021-11-12T10:40:24.199,52.34,1.1129719435013135,2.5177968688363617,-16.972438207063107
1636731624209,2021-11-12T10:40:24.209,52.35,0.9360948225919834,3.5240292352641753,-17.017578421915513
1636731624219,2021-11-12T10:40:24.219,52.36,0.9037675789966519,4.531814342313762,-16.779238233110355
1636731624229,2021-11-12T10:40:24.229,52.37,0.4647403456355987,5.256209858473417,-16.962520497667388
1636731624239,2021-11-12T10:40:24.239,52.38,-0.4041080383424823,5.682059598462001,-17.89250566200764
1636731624249,2021-11-12T10:40:24.249,52.39,-1.069269793104538,6.034289531193432,-19.225437201023254
1636731624259,2021-11-12T10:40:24.259,52.4,-1.283458093348929,6.396426964433581,-20.36555371522788
1636731624269,2021-11-12T10:40:24.269,52.41,-1.5068259961514017,6.6440579977123075,-21.000195371234376
1636731624279,2021-11-12T10:40:24.279,52.42,-1.9845594556463613,6.761876557390688,-21.221816501595654
1636731624289,2021-11-12T10:40:24.289,52.43,-2.3505595571321276,6.9088852324681085,-21.31335112626241
1636731624299,2021-11-12T10:40:24.299,52.44,-2.326173011332077,7.170732439852344,-21.49042252788115
1636731624309,2021-11-12T10:40:24.309,52.45,-2.086234393287055,7.523505987578866,-21.802500295768827
1636731624319,2021-11-12T10:40:24.319,52.46,-1.8202504839716198,7.974024641869642,-22.250370137922296
1636731624329,2021-11-12T10:40:24.329,52.47,-1.4928315172581577,8.515454749902506,-22.9334831588303
1636731624339,2021-11-12T10:40:24.339,52.48,-1.0884407734347157,9.06515222657048,-23.97794477944775
1636731624349,2021-11-12T10:40:24.349,52.49,-0.7080415170481489,9.566766447287362,-25.323399695777347
1636731624359,2021-11-12T10:40:24.359,52.5,-0.42215766409248834,9.999764884949553,-26.71107346543292
1636731624369,2021-11-12T10:40:24.369,52.51,-0.23570735931107334,10.288939546690152,-27.933280401069624
1636731624379,2021-11-12T10:40:24.379,52.52,-0.11344073127486648,10.388276670510576,-28.966169409479676
1636731624389,2021-11-12T10:40:24.389,52.53,0.06480303829397893,10.394944659516202,-29.793618064756707
1636731624399,2021-11-12T10:40:24.399,52.54,0.4417724888060269,10.43235046630014,-30.242277536151263
1636731624409,2021-11-12T10:40:24.409,52.55,1.0593977139143385,10.523000927481055,-30.06435697572236
1636731624419,2021-11-12T10:40:24.419,52.56,1.9194317917665185,10.670013116141043,-29.12650259412793
1636731624429,2021-11-12T10:40:24.429,52.57,3.032805398471542,10.907057171559558,-27.59464288865778
1636731624439,2021-11-12T10:40:24.439,52.58,4.231110361861752,11.161743111034589,-26.01230371100119
1636731624449,2021-11-12T10:40:24.449,52.59,5.09813368219807,11.208759328557509,-25.02149206871689
1636731624459,2021-11-12T10:40:24.459,52.6,5.27990598726913,10.88086849286628,-24.868334410690064
1636731624469,2021-11-12T10:40:24.469,52.61,4.8040557610801455,10.261425976010212,-25.270806647142194
1636731624479,2021-11-12T10:40:24.479,52.62,4.055967031233195,9.588071417098325,-25.753647757739923
1636731624489,2021-11-12T10:40:24.489,52.63,3.4874565269626356,9.014757052915646,-25.97360179434132
1636731624499,2021-11-12T10:40:24.499,52.64,3.3197856669155064,8.54882980610197,-25.78845538110887
1636731624509,2021-11-12T10:40:24.509,52.65,3.477596965814307,8.197627071664899,-25.212568094130987
1636731624519,2021-11-12T10:40:24.519,52.66,3.770200002710778,8.068996679947851,-24.370182400383452
1636731624529,2021-11-12T10:40:24.529,52.67,4.077998593421341,8.264977100113633,-23.423308088487374
1636731624539,2021-11-12T10:40:24.539,52.68,4.351180884740007,8.731632504855225,-22.468199315191892
1636731624549,2021-11-12T10:40:24.549,52.69,4.4888954641049565,9.302990230343168,-21.497457575054096
1636731624559,2021-11-12T10:40:24.559,52.7,4.307417662820876,9.877771438926143,-20.490514804891724
1636731624569,2021-11-12T10:40:24.569,52.71,3.688419940742769,10.47081757477569,-19.47024723502455
1636731624579,2021-11-12T10:40:24.579,52.72,2.7299897789151064,11.095536174091418,-18.363339249844906
1636731624589,2021-11-12T10:40:24.589,52.73,1.6288340797767216,11.665696389352297,-16.893593106870988
1636731624599,2021-11-12T10:40:24.599,52.74,0.4010284305407946,12.028398118082091,-14.850256202591122
1636731624609,2021-11-12T10:40:24.609,52.75,-1.0369911783011507,12.072516340764036,-12.49061172549468
1636731624619,2021-11-12T10:40:24.619,52.76,-2.436006695479731,11.792065190379283,-10.468340997242255
1636731624629,2021-11-12T10:40:24.629,52.77,-3.241340914838063,11.24719160031971,-9.303514085636618
1636731624639,2021-11-12T10:40:24.639,52.78,-3.1967795056569246,10.507929035712927,-9.020864517806036
1636731624649,2021-11-12T10:40:24.649,52.79,-2.5539434141093156,9.644570618738417,-9.224420534399378
1636731624659,2021-11-12T10:40:24.659,52.8,-1.6339851812174726,8.698998438752664,-9.383922086702993
1636731624669,2021-11-12T10:40:24.669,52.81,-0.5925306771371899,7.65494378900169,-9.136454997025666
1636731624679,2021-11-12T10:40:24.679,52.82,0.3068043877354775,6.496342314386922,-8.402572524306406
1636731624689,2021-11-12T10:40:24.689,52.83,0.6034009133251905,5.2811622460594725,-7.1280235255778965
1636731624699,2021-11-12T10:40:24.699,52.84,0.1992363173991111,4.140440136739845,-4.985104807559253
1636731624709,2021-11-12T10:40:24.709,52.85,-0.16856438016121694,3.2454327073115206,-1.6582159795291442
1636731624719,2021-11-12T10:40:24.719,52.86,0.38154890154033305,2.74678165470372,2.464966251763093
1636731624729,2021-11-12T10:40:24.729,52.87,1.69031053127441,2.6826259407369974,6.222382613053847
1636731624739,2021-11-12T10:40:24.739,52.88,2.7505355885790594,2.960712432496207,8.57745653929542
1636731624749,2021-11-12T10:40:24.749,52.89,3.0736069062087337,3.4266719411239546,9.439909230359854
1636731624759,2021-11-12T10:40:24.759,52.9,3.0801723868518835,3.9025292081930436,9.444719523920755
1636731624769,2021-11-12T10:40:24.769,52.91,3.1879453096286428,4.214033877967757,9.186948665332235
1636731624779,2021-11-12T10:40:24.779,52.92,3.3595612933623826,4.2924859248688385,8.915526699778756
1636731624789,2021-11-12T10:40:24.789,52.93,3.6012675025585854,4.220850019126855,8.711112360515324
1636731624799,2021-11-12T10:40:24.799,52.94,4.170738406412377,4.069182022470854,8.574328991554177
1636731624809,2021-11-12T10:40:24.809,52.95,5.130360346864439,3.721917575485742,8.369237043949184
1636731624819,2021-11-12T10:40:24.819,52.96,6.1969817770603814,2.9887603054503655,7.936438427834219
1636731624829,2021-11-12T10:40:24.829,52.97,7.116805528407391,1.830552799984718,7.316745156392086
1636731624839,2021-11-12T10:40:24.839,52.98,7.8005869351820625,0.3359304200646266,6.77776335546664
1636731624849,2021-11-12T10:40:24.849,52.99,8.147632744153164,-1.4357999934658507,6.597694138393347
1636731624859,2021-11-12T10:40:24.859,53.0,8.124538947577518,-3.4069084378499466,6.813783732766451
1636731624869,2021-11-12T10:40:24.869,53.01,7.907105742435251,-5.367508188667163,7.232503369452454
1636731624879,2021-11-12T10:40:24.879,53.02,7.647487286734271,-7.086165807484591,7.815406507945731
1636731624889,2021-11-12T10:40:24.889,53.03,7.297381364603534,-8.446125798224621,8.815835387829816
1636731624899,2021-11-12T10:40:24.899,53.04,6.885890419675694,-9.36604278054123,10.066452416066994
1636731624909,2021-11-12T10:40:24.909,53.05,6.7033023006513215,-9.741014717090511,10.645270531541557
1636731624919,2021-11-12T10:40:24.919,53.06,6.95214119180118,-9.584582095903698,10.241080186850802
1636731624929,2021-11-12T10:40:24.929,53.07,7.396412671163381,-9.110489658583575,10.034801916477388
1636731624939,2021-11-12T10:40:24.939,53.08,7.568974572431669,-8.572128279506913,10.82788043025153
1636731624949,2021-11-12T10:40:24.949,53.09,7.225297849673699,-8.076823499702037,11.493322973603185
1636731624959,2021-11-12T10:40:24.959,53.1,6.436258886963819,-7.604408928879209,10.792039019950517
1636731624969,2021-11-12T10:40:24.969,53.11,5.299630943132341,-7.150170948743663,9.275528744862147
1636731624979,2021-11-12T10:40:24.979,53.12,3.7626523365941837,-6.781652275734135,8.11079729980821
1636731624989,2021-11-12T10:40:24.989,53.13,1.8193633635380364,-6.573140922049858,7.415489114104724
1636731624999,2021-11-12T10:40:24.999,53.14,-0.27969933633179284,-6.535660137593711,6.6815472231727036
1636731625009,2021-11-12T10:40:25.009,53.15,-2.2178866114467786,-6.604307232494472,5.818332017021136
1636731625019,2021-11-12T10:40:25.019,53.16,-3.924207226870654,-6.676288314430325,5.1312544464619325
1636731625029,2021-11-12T10:40:25.029,53.17,-5.483685885947835,-6.680963398811807,4.795733324495658
1636731625039,2021-11-12T10:40:25.039,53.18,-6.81309803527958,-6.614504308512599,4.7483722404973125
1636731625049,2021-11-12T10:40:25.049,53.19,-7.665501912634246,-6.507278040121683,4.896392815230467
1636731625059,2021-11-12T10:40:25.059,53.2,-7.95224415393109,-6.396471662466903,5.190480212780487
1636731625069,2021-11-12T10:40:25.069,53.21,-7.864590283983188,-6.325723998927785,5.530680646317197
1636731625079,2021-11-12T10:40:25.079,53.22,-7.640753456679517,-6.315612543765903,5.760952945216861
1636731625089,2021-11-12T10:40:25.089,53.23,-7.357088639772307,-6.343028456783021,5.8087863463273965
1636731625099,2021-11-12T10:40:25.099,53.24,-6.9960501514293645,-6.397843726152178,5.758482961505015
1636731625109,2021-11-12T10:40:25.109,53.25,-6.6068644909559975,-6.526413839391082,5.7254447579467325
1636731625119,2021-11-12T10:40:25.119,53.26,-6.320315423844283,-6.761657673354298,5.698302496888957
1636731625129,2021-11-12T10:40:25.129,53.27,-6.228125721693649,-7.0561622631082255,5.572570452006109
1636731625139,2021-11-12T10:40:25.139,53.28,-6.284636616512286,-7.34648558402675,5.310472976041167
1636731625149,2021-11-12T10:40:25.149,53.29,-6.354952996780111,-7.627904181026707,4.99632706713572
1636731625159,2021-11-12T10:40:25.159,53.3,-6.37762270206768,-7.904175156391572,4.736411099308347
1636731625169,2021-11-12T10:40:25.169,53.31,-6.422315529222018,-8.121818612661432,4.530268397510709
1636731625179,2021-11-12T10:40:25.179,53.32,-6.47380100285731,-8.205182832122862,4.258629327721173
1636731625189,2021-11-12T10:40:25.189,53.33,-6.198910671773938,-8.10626530113242,3.8375114137893314
1636731625199,2021-11-12T10:40:25.199,53.34,-5.204799852810357,-7.801990422706815,3.342315832607664
1636731625209,2021-11-12T10:40:25.209,53.35,-3.647525418884229,-7.310411123862228,2.8884062674718614
1636731625219,2021-11-12T10:40:25.219,53.36,-2.2480730878653556,-6.731231579402964,2.4767086705194243
1636731625229,2021-11-12T10:40:25.229,53.37,-1.4871609979268077,-6.21303415904434,2.0986114749952343
1636731625239,2021-11-12T10:40:25.239,53.38,-1.1630964447632424,-5.846615955603826,1.891229285065723
1636731625249,2021-11-12T10:40:25.249,53.39,-0.9607070712925555,-5.605750320711109,2.026069303786405
1636731625259,2021-11-12T10:40:25.259,53.4,-0.9521351792330277,-5.407331974828835,2.497539646423164
1636731625269,2021-11-12T10:40:25.269,53.41,-1.2258735593649617,-5.209701379266795,3.1164654422128732
1636731625279,2021-11-12T10:40:25.279,53.42,-1.475027112874722,-5.010610407584798,3.6575068862104527
1636731625289,2021-11-12T10:40:25.289,53.43,-1.3175482152395817,-4.767276010423016,3.945272591919843
1636731625299,2021-11-12T10:40:25.299,53.44,-0.8212933706159287,-4.401237912967054,3.841548087712586
1636731625309,2021-11-12T10:40:25.309,53.45,-0.48454781645292,-3.891599726604043,3.240933584073483
1636731625319,2021-11-12T10:40:25.319,53.46,-0.711528049238984,-3.2920165313200007,2.1356849431763796
1636731625329,2021-11-12T10:40:25.329,53.47,-1.381782795885881,-2.6523429808935983,0.6858031980915731
1636731625339,2021-11-12T10:40:25.339,53.48,-2.01353659150726,-1.98475798901546,-0.820222143812778
1636731625349,2021-11-12T10:40:25.349,53.49,-2.3306140593448172,-1.3019127089715083,-2.1222543528759106
1636731625359,2021-11-12T10:40:25.359,53.5,-2.4822948128515843,-0.62432708544143,-3.1130068230526664
1636731625369,2021-11-12T10:40:25.369,53.51,-2.664441159909852,0.05042599706856844,-3.8057262216088077
1636731625379,2021-11-12T10:40:25.379,53.52,-2.8173828626287585,0.7250624603775855,-4.234074708961097
1636731625389,2021-11-12T10:40:25.389,53.53,-2.868389864846413,1.3659900838427146,-4.442759431146591
1636731625399,2021-11-12T10:40:25.399,53.54,-2.972933018169755,1.9654772893957844,-4.524170631223589
1636731625409,2021-11-12T10:40:25.409,53.55,-3.269227463099891,2.602549889498196,-4.562970856441296
1636731625419,2021-11-12T10:40:25.419,53.56,-3.661718139793531,3.3430712650428287,-4.559791076148455
1636731625429,2021-11-12T10:40:25.429,53.57,-4.064274061312235,4.121724224566589,-4.482699968538601
1636731625439,2021-11-12T10:40:25.439,53.58,-4.5557148871952435,4.827278979125673,-4.352346319183754
1636731625449,2021-11-12T10:40:25.449,53.59,-5.077470399734361,5.46122768941639,-4.205766546370559
1636731625459,2021-11-12T10:40:25.459,53.6,-5.276165488267607,6.1131012348294735,-4.058420939629901
1636731625469,2021-11-12T10:40:25.469,53.61,-4.920368179843796,6.823459999717009,-4.004606570086343
1636731625479,2021-11-12T10:40:25.479,53.62,-4.295994800658958,7.557352575546153,-4.255846281347905
1636731625489,2021-11-12T10:40:25.489,53.63,-3.9002186515338404,8.266766883198967,-4.934072164606286
1636731625499,2021-11-12T10:40:25.499,53.64,-3.8279469280919987,8.907029445643449,-5.885014808527935
1636731625509,2021-11-12T10:40:25.509,53.65,-3.781355970003353,9.417069986625688,-6.801583238579835
1636731625519,2021-11-12T10:40:25.519,53.66,-3.6232699860487836,9.725495376399717,-7.465080436933596
1636731625529,2021-11-12T10:40:25.529,53.67,-3.501462387688285,9.792225983858057,-7.798353719181188
1636731625539,2021-11-12T10:40:25.539,53.68,-3.429237507240635,9.65431591838096,-7.786585644364971
1636731625549,2021-11-12T10:40:25.549,53.69,-3.1983348100960334,9.404491289290252,-7.451438437029143
1636731625559,2021-11-12T10:40:25.559,53.7,-2.774871054136577,9.109369133940602,-6.8620350538941555
1636731625569,2021-11-12T10:40:25.569,53.71,-2.39353329924754,8.779481855828688,-6.090568141003811
1636731625579,2021-11-12T10:40:25.579,53.72,-2.181396910590028,8.402260792891349,-5.156543570388511
1636731625589,2021-11-12T10:40:25.589,53.73,-2.009253815863245,7.95609156752926,-4.054530513435299
1636731625599,2021-11-12T10:40:25.599,53.74,-1.7735903936872361,7.414908727348431,-2.8088076420656027
1636731625609,2021-11-12T10:40:25.609,53.75,-1.5182663083377799,6.777727896774091,-1.4355407664998885
1636731625619,2021-11-12T10:40:25.619,53.76,-1.2149112091371914,6.07969606350364,0.09911826398811069
1636731625629,2021-11-12T10:40:25.629,53.77,-0.7316308617939093,5.361594541312066,1.771704909391189
1636731625639,2021-11-12T10:40:25.639,53.78,-0.10410112397392318,4.646547492787439,3.3927444789276375
1636731625649,2021-11-12T10:40:25.649,53.79,0.4371063746963726,3.9541143543004447,4.724943187018688
1636731625659,2021-11-12T10:40:25.659,53.8,0.7896233768301875,3.30829787330405,5.691976421944879
1636731625669,2021-11-12T10:40:25.669,53.81,1.1126688486053051,2.7092934515224023,6.402727903562539
1636731625679,2021-11-12T10:40:25.679,53.82,1.5849366860223086,2.1336650807057733,7.0039549748463745
1636731625689,2021-11-12T10:40:25.689,53.83,2.1910959678040243,1.593779107334107,7.55754135348281
1636731625699,2021-11-12T10:40:25.699,53.84,2.7900230742565055,1.1484267282851968,8.048817158860631
1636731625709,2021-11-12T10:40:25.709,53.85,3.2797501527294015,0.81763392341706,8.472717139246688
1636731625719,2021-11-12T10:40:25.719,53.86,3.6211442527747018,0.5394827347821507,8.855874687205727
1636731625729,2021-11-12T10:40:25.729,53.87,3.741910392093126,0.24549581695224573,9.187610650858915
1636731625739,2021-11-12T10:40:25.739,53.88,3.530872486931279,-0.06536809201117014,9.40948185138011
1636731625749,2021-11-12T10:40:25.749,53.89,2.99160394115691,-0.3505713932976054,9.514201548675539
1636731625759,2021-11-12T10:40:25.759,53.9,2.3181350458564918,-0.5979659543476634,9.590573125860974
1636731625769,2021-11-12T10:40:25.769,53.91,1.7135245253858191,-0.866321054833789,9.73081646653673
1636731625779,2021-11-12T10:40:25.779,53.92,1.1956392558344042,-1.239011298035668,9.939575439092023
1636731625789,2021-11-12T10:40:25.789,53.93,0.6789753628931636,-1.7238056620325342,10.166001142743367
1636731625799,2021-11-12T10:40:25.799,53.94,0.18926287756003757,-2.2345173496531547,10.39923129493155
1636731625809,2021-11-12T10:40:25.809,53.95,-0.06969286053966704,-2.6973362455903955,10.697950466560211
1636731625819,2021-11-12T10:40:25.819,53.96,0.13588994914106348,-3.1358614357629917,11.112751052075108
1636731625829,2021-11-12T10:40:25.829,53.97,0.7800994661130605,-3.6299189176438817,11.593559849851612
1636731625839,2021-11-12T10:40:25.839,53.98,1.4457324454839198,-4.2239315234677335,11.992829974346623
1636731625849,2021-11-12T10:40:25.849,53.99,1.6725964875721244,-4.893629465366779,12.154222327616479
1636731625859,2021-11-12T10:40:25.859,54.0,1.438456583683231,-5.5815322365575755,12.000033295979806
1636731625869,2021-11-12T10:40:25.869,54.01,1.100598780278788,-6.2337155952454575,11.553482580215293
1636731625879,2021-11-12T10:40:25.879,54.02,0.9313333170273608,-6.7898631408821,10.88071680011858
1636731625889,2021-11-12T10:40:25.889,54.03,0.9269759095745478,-7.176324090322051,10.027042286961384
1636731625899,2021-11-12T10:40:25.899,54.04,0.9773377997627976,-7.3580455270625205,9.033650428598293
1636731625909,2021-11-12T10:40:25.909,54.05,0.9945003540775156,-7.370052663701905,7.975443152506139
1636731625919,2021-11-12T10:40:25.919,54.06,0.9124683677491336,-7.248372216811134,6.9358031129971
1636731625929,2021-11-12T10:40:25.929,54.07,0.7097065573933234,-6.972354486663975,5.975443584143049
1636731625939,2021-11-12T10:40:25.939,54.08,0.4295090061703296,-6.526635237735977,5.142040062649225
1636731625949,2021-11-12T10:40:25.949,54.09,0.14271578079428923,-5.96511424419059,4.4678430800952444
1636731625959,2021-11-12T10:40:25.959,54.1,-0.09058748305619738,-5.3667317126328,3.954266615282233
1636731625969,2021-11-12T10:40:25.969,54.11,-0.2633595024767742,-4.77351818156017,3.593390213802011
1636731625979,2021-11-12T10:40:25.979,54.12,-0.44633558904686643,-4.185736189469061,3.3874803579246486
1636731625989,2021-11-12T10:40:25.989,54.13,-0.6818695496920786,-3.5819863037443813,3.2999114998937054
1636731625999,2021-11-12T10:40:25.999,54.14,-0.8643997951411606,-2.964534691301032,3.2149235152244184
1636731626009,2021-11-12T10:40:26.009,54.15,-0.8596834944512914,-2.4021299007872536,3.0251755260527267
1636731626019,2021-11-12T10:40:26.019,54.16,-0.7329465891034326,-1.9772123124871288,2.74543394809111
1636731626029,2021-11-12T10:40:26.029,54.17,-0.7224933505389335,-1.6897464040325274,2.465920744819421
1636731626039,2021-11-12T10:40:26.039,54.18,-0.9325753496787448,-1.4836830052380434,2.2188394301113563
1636731626049,2021-11-12T10:40:26.049,54.19,-1.139570024184025,-1.361462329249297,1.957565100605749
1636731626059,2021-11-12T10:40:26.059,54.2,-1.0738654099489988,-1.3820956385575198,1.648022867380644
1636731626069,2021-11-12T10:40:26.069,54.21,-0.8612931481098338,-1.532345790017481,1.3430609417229995
1636731626079,2021-11-12T10:40:26.079,54.22,-0.8588617813981829,-1.6878905346197648,1.1580114870085008
1636731626089,2021-11-12T10:40:26.089,54.23,-1.0483312338687563,-1.7399348159452002,1.1536369190518962
1636731626099,2021-11-12T10:40:26.099,54.24,-1.0472682997337752,-1.7027691386358874,1.2645196421253146
1636731626109,2021-11-12T10:40:26.109,54.25,-0.7500414334550107,-1.6685698978498955,1.3862804185976336
1636731626119,2021-11-12T10:40:26.119,54.26,-0.48179502223367004,-1.6945851569464554,1.4807840006533277
1636731626129,2021-11-12T10:40:26.129,54.27,-0.47557907686876927,-1.7548062283225274,1.5366473004879118
1636731626139,2021-11-12T10:40:26.139,54.28,-0.592768514011031,-1.7835260414686411,1.5081178921753828
1636731626149,2021-11-12T10:40:26.149,54.29,-0.6192782279250322,-1.7391869186151436,1.3786898883036258
1636731626159,2021-11-12T10:40:26.159,54.3,-0.5588372927793052,-1.6184442236395888,1.2311382360840097
1636731626169,2021-11-12T10:40:26.169,54.31,-0.5384601560559019,-1.4453964783356679,1.1941416532124154
1636731626179,2021-11-12T10:40:26.179,54.32,-0.5850842649151888,-1.276457308223229,1.345679843801445
1636731626189,2021-11-12T10:40:26.189,54.33,-0.6171956616725252,-1.1759633283093007,1.6815328726343037
1636731626199,2021-11-12T10:40:26.199,54.34,-0.5835672796460746,-1.1539841896254908,2.1524548012218565
1636731626209,2021-11-12T10:40:26.209,54.35,-0.4906072023928445,-1.1687843826684599,2.713333091955488
1636731626219,2021-11-12T10:40:26.219,54.36,-0.34795576092600955,-1.2052652391614278,3.320183015315535
1636731626229,2021-11-12T10:40:26.229,54.37,-0.2045342787279269,-1.2906914566511862,3.907670195340544
1636731626239,2021-11-12T10:40:26.239,54.38,-0.14751807531685798,-1.427133721701731,4.431956496908026
1636731626249,2021-11-12T10:40:26.249,54.39,-0.14760576932090075,-1.5810489307655287,4.899805217090265
1636731626259,2021-11-12T10:40:26.259,54.4,-0.051668641155950004,-1.741893442805639,5.268528895963071
1636731626269,2021-11-12T10:40:26.269,54.41,0.15857867910507567,-1.9224818713580811,5.365003284454528
1636731626279,2021-11-12T10:40:26.279,54.42,0.2903274543808173,-2.10614637810396,5.0113997075242365
1636731626289,2021-11-12T10:40:26.289,54.43,0.22451825482899468,-2.248770634369204,4.210640119515337
1636731626299,2021-11-12T10:40:26.299,54.44,0.08065856650725925,-2.3225665646713285,3.1398651684747674
1636731626309,2021-11-12T10:40:26.309,54.45,0.012744391869146558,-2.32703537549162,1.9967472479337878
1636731626319,2021-11-12T10:40:26.319,54.46,0.023575197200134936,-2.273454599166599,0.9112349511541038
1636731626329,2021-11-12T10:40:26.329,54.47,0.05645848097638239,-2.162965700181756,-0.03506226386455456
1636731626339,2021-11-12T10:40:26.339,54.48,0.1158290235155933,-1.9669914463697018,-0.7909369822295007
1636731626349,2021-11-12T10:40:26.349,54.49,0.21156384227463912,-1.6602013311151966,-1.3515232890374556
1636731626359,2021-11-12T10:40:26.359,54.5,0.28645441066095156,-1.2853241264250315,-1.7514849933256245
1636731626369,2021-11-12T10:40:26.369,54.51,0.29741971083170715,-0.9200409906665815,-2.0338575615522543
1636731626379,2021-11-12T10:40:26.379,54.52,0.30130030866194146,-0.5646041685454123,-2.2276867399905154
1636731626389,2021-11-12T10:40:26.389,54.53,0.32519630392528365,-0.15783656242772748,-2.3322757552949653
1636731626399,2021-11-12T10:40:26.399,54.54,0.2460237905479867,0.27924386709342996,-2.340610882417199
1636731626409,2021-11-12T10:40:26.409,54.55,0.02711505269275928,0.6290489108905795,-2.3145839837969175
1636731626419,2021-11-12T10:40:26.419,54.56,-0.08978913267911195,0.8193810210003657,-2.3760394778325447
1636731626429,2021-11-12T10:40:26.429,54.57,0.03871788143748131,0.8888809044052272,-2.544725213773254
1636731626439,2021-11-12T10:40:26.439,54.58,0.14626541874818974,0.9299660728500552,-2.64711754608249
1636731626449,2021-11-12T10:40:26.449,54.59,0.020809347410908736,1.0214424682733605,-2.4954551320478933
1636731626459,2021-11-12T10:40:26.459,54.6,-0.06729483311466505,1.1655631257449826,-2.1222941109166134
1636731626469,2021-11-12T10:40:26.469,54.61,0.16613967824891374,1.2680758134719174,-1.7210218000298612
1636731626479,2021-11-12T10:40:26.479,54.62,0.4852669699657274,1.2316007253646903,-1.381815349635795
1636731626489,2021-11-12T10:40:26.489,54.63,0.47304396352223943,1.057825154350401,-1.0245449352576508
1636731626499,2021-11-12T10:40:26.499,54.64,0.1187236601328866,0.8310811959333131,-0.5754193779457498
1636731626509,2021-11-12T10:40:26.509,54.65,-0.22392291614485024,0.6479867913084207,-0.06484035812750895
1636731626519,2021-11-12T10:40:26.519,54.66,-0.2895400503672997,0.5692502347324158,0.4346513482743879
1636731626529,2021-11-12T10:40:26.529,54.67,-0.1560807561502225,0.576148084394214,0.8359350896116635
1636731626539,2021-11-12T10:40:26.539,54.68,-0.10658161889036105,0.5789254444438218,1.036896364968019
1636731626549,2021-11-12T10:40:26.549,54.69,-0.2880101967547407,0.516542739367533,1.015867212694487
1636731626559,2021-11-12T10:40:26.559,54.7,-0.5651832453009441,0.41509869555675044,0.883990516156739
1636731626569,2021-11-12T10:40:26.569,54.71,-0.7325502586335796,0.3133228012347994,0.7500654234759356
1636731626579,2021-11-12T10:40:26.579,54.72,-0.7216042824815466,0.19760795179417306,0.6054656743427118
1636731626589,2021-11-12T10:40:26.589,54.73,-0.545331066022032,0.0549245968106299,0.4098372238212403
1636731626599,2021-11-12T10:40:26.599,54.74,-0.23430180366691092,-0.08371466708167363,0.18542170353835763
1636731626609,2021-11-12T10:40:26.609,54.75,0.109371471936711,-0.19571122681407968,-0.038046001454827956
1636731626619,2021-11-12T10:40:26.619,54.76,0.36437453717951346,-0.288418221106305,-0.27046360159259863
1636731626629,2021-11-12T10:40:26.629,54.77,0.5206689933083255,-0.3428950565367309,-0.5049388292408193
1636731626639,2021-11-12T10:40:26.639,54.78,0.6459228909347106,-0.32170868176092704,-0.6954848715253954
1636731626649,2021-11-12T10:40:26.649,54.79,0.7633634233481872,-0.2414668042335199,-0.811061154951302
1636731626659,2021-11-12T10:40:26.659,54.8,0.8465215499353085,-0.1477799181155927,-0.8482664974695246
1636731626669,2021-11-12T10:40:26.669,54.81,0.8615954694235624,-0.026157838110760938,-0.8001065152180943
1636731626679,2021-11-12T10:40:26.679,54.82,0.7590679060089065,0.1756089556509486,-0.6837042065626211
1636731626689,2021-11-12T10:40:26.689,54.83,0.5174111179423976,0.4484597757718446,-0.5861867216442707
1636731626699,2021-11-12T10:40:26.699,54.84,0.2302829563727085,0.7205565425079693,-0.5926698390478522
1636731626709,2021-11-12T10:40:26.709,54.85,0.0609899146012,0.9524326652420488,-0.6639899909978416
1636731626719,2021-11-12T10:40:26.719,54.86,0.09350721881482936,1.16812617819783,-0.6842937811580494
1636731626729,2021-11-12T10:40:26.729,54.87,0.25963275345219505,1.37591490724961,-0.6369386735769313
1636731626739,2021-11-12T10:40:26.739,54.88,0.38517161872004957,1.5237310642377293,-0.6264830568600179
1636731626749,2021-11-12T10:40:26.749,54.89,0.33860891318019964,1.5697583319813093,-0.7271276690530959
1636731626759,2021-11-12T10:40:26.759,54.9,0.1759286950486656,1.5370860032661793,-0.9154510561289243
1636731626769,2021-11-12T10:40:26.769,54.91,0.05133076568103387,1.4613495366143492,-1.1366174052218545
1636731626779,2021-11-12T10:40:26.779,54.92,0.0026219894977344304,1.3446721993702608,-1.3334876704279008
1636731626789,2021-11-12T10:40:26.789,54.93,-0.014721519756823863,1.1936997545460208,-1.4339486149401037
1636731626799,2021-11-12T10:40:26.799,54.94,0.02897351805566064,1.040702699894208,-1.4090073100244949
1636731626809,2021-11-12T10:40:26.809,54.95,0.16266952229199966,0.89331233627243,-1.3352684733392275
1636731626819,2021-11-12T10:40:26.819,54.96,0.304328377564195,0.7230123226167866,-1.3304262203859771
1636731626829,2021-11-12T10:40:26.829,54.97,0.37324031185442585,0.535067787098817,-1.4286043178513297
1636731626839,2021-11-12T10:40:26.839,54.98,0.3899045318327621,0.3895846586107683,-1.5611246658294062
1636731626849,2021-11-12T10:40:26.849,54.99,0.3984244206049612,0.3223577329000238,-1.6636449420702417
1636731626859,2021-11-12T10:40:26.859,55.0,0.3984538128447478,0.2944959575261509,-1.7499608355328713
1636731626869,2021-11-12T10:40:26.869,55.01,0.3784724520442466,0.24699395028188922,-1.814639194549299
1636731626879,2021-11-12T10:40:26.879,55.02,0.357228659227503,0.17970479081475263,-1.7323976300333939
1636731626889,2021-11-12T10:40:26.889,55.03,0.3805620215304635,0.15272144796177706,-1.4377362775559197
1636731626899,2021-11-12T10:40:26.899,55.04,0.4624011912998299,0.20171558473362483,-1.1311427472878535
1636731626909,2021-11-12T10:40:26.909,55.05,0.5270520838859984,0.2730760952243658,-1.01338756680523
1636731626919,2021-11-12T10:40:26.919,55.06,0.47789625792764007,0.28575959674006296,-0.934981783729838
1636731626929,2021-11-12T10:40:26.929,55.07,0.3276250832733669,0.2493606573298377,-0.687314879410428
1636731626939,2021-11-12T10:40:26.939,55.08,0.1839980679838613,0.25421797425154985,-0.4470637289934958
1636731626949,2021-11-12T10:40:26.949,55.09,0.11930148810511054,0.33149869396885034,-0.5278269925367859
1636731626959,2021-11-12T10:40:26.959,55.1,0.11584748641161954,0.40023139438420097,-0.902023306901693
1636731626969,2021-11-12T10:40:26.969,55.11,0.12784837934548932,0.38826849756518034,-1.2775696803825802
1636731626979,2021-11-12T10:40:26.979,55.12,0.16030648061580766,0.33377745191521035,-1.4670865589439623
1636731626989,2021-11-12T10:40:26.989,55.13,0.27308445259335407,0.31828563146380434,-1.5013378449968848
1636731626999,2021-11-12T10:40:26.999,55.14,0.5041217304146727,0.3582947542020718,-1.4847066022448692
1636731627009,2021-11-12T10:40:27.009,55.15,0.803187332770915,0.41822338972665957,-1.440485522164356
1636731627019,2021-11-12T10:40:27.019,55.16,1.0602991843154674,0.4872905805021792,-1.3111437045351013
1636731627029,2021-11-12T10:40:27.029,55.17,1.195781536963591,0.5894505703843431,-1.0902623317245317
1636731627039,2021-11-12T10:40:27.039,55.18,1.205960044794287,0.744855813653985,-0.8996249240352903
1636731627049,2021-11-12T10:40:27.049,55.19,1.1510130196691852,0.9599892210656629,-0.913186387011902
1636731627059,2021-11-12T10:40:27.059,55.2,1.146707024292325,1.2301512973986735,-1.2093459294305287
1636731627069,2021-11-12T10:40:27.069,55.21,1.2773931319720513,1.5243909184743574,-1.6867429710393815
1636731627079,2021-11-12T10:40:27.079,55.22,1.417297592082047,1.7885988119273668,-2.160851523149386
1636731627089,2021-11-12T10:40:27.089,55.23,1.329678026290909,1.9800734513033897,-2.5698716383689626
1636731627099,2021-11-12T10:40:27.099,55.24,1.0678118361958802,2.085455874029712,-2.992688095117365
1636731627109,2021-11-12T10:40:27.109,55.25,0.9399919256857672,2.10409242207436,-3.4261268013411517
1636731627119,2021-11-12T10:40:27.119,55.26,0.9947130075044012,2.046713111009803,-3.68877257128777
1636731627129,2021-11-12T10:40:27.129,55.27,1.0461110996629686,1.9649680911325835,-3.625633426257431
1636731627139,2021-11-12T10:40:27.139,55.28,1.1816841734036445,1.9333912478585242,-3.3047189116626106
1636731627149,2021-11-12T10:40:27.149,55.29,1.603415930636531,1.958711426113124,-2.936734479747506
1636731627159,2021-11-12T10:40:27.159,55.3,2.082090123421137,1.949117196911687,-2.648206262259829
1636731627169,2021-11-12T10:40:27.169,55.31,2.1805236201501983,1.8222674620178583,-2.3994661266965145
1636731627179,2021-11-12T10:40:27.179,55.32,1.8441151214611025,1.6034966113058209,-2.1218189994831933
1636731627189,2021-11-12T10:40:27.189,55.33,1.3638532794603804,1.37734803655513,-1.8399972699418123
1636731627199,2021-11-12T10:40:27.199,55.34,1.0090858584473803,1.1956366907206315,-1.6047306015603513
1636731627209,2021-11-12T10:40:27.209,55.35,0.9120725232507388,1.0740174402886955,-1.408961276472074
1636731627219,2021-11-12T10:40:27.219,55.36,1.030016660515255,1.0169951371227917,-1.248604523166399
1636731627229,2021-11-12T10:40:27.229,55.37,1.119369362446018,0.9935564460751671,-1.168434261574183
1636731627239,2021-11-12T10:40:27.239,55.38,0.9724188532582296,0.9344993284255729,-1.1795969506717427
1636731627249,2021-11-12T10:40:27.249,55.39,0.6801233991406772,0.8015080323266117,-1.213027887644056
1636731627259,2021-11-12T10:40:27.259,55.4,0.5032947089088747,0.6257655325352497,-1.2032181473679016
1636731627269,2021-11-12T10:40:27.269,55.41,0.5550114524766022,0.44867831019508475,-1.1605716599192744
1636731627279,2021-11-12T10:40:27.279,55.42,0.7385640911828825,0.2748194562545215,-1.136102253660403
1636731627289,2021-11-12T10:40:27.289,55.43,0.9225083915002728,0.11762581118606816,-1.1637780135363005
1636731627299,2021-11-12T10:40:27.299,55.44,1.0543364344636674,0.019884512946486695,-1.2571699358010773
1636731627309,2021-11-12T10:40:27.309,55.45,1.1224065469426734,-0.01925322427430494,-1.4132720430401553
1636731627319,2021-11-12T10:40:27.319,55.46,1.1122923454780895,-0.057890649678919895,-1.5790575860836404
1636731627329,2021-11-12T10:40:27.329,55.47,1.0410873539981398,-0.11744004436037958,-1.6489959857801848
1636731627339,2021-11-12T10:40:27.339,55.48,0.969022551267168,-0.16888146054829126,-1.5582889243135112
1636731627349,2021-11-12T10:40:27.349,55.49,0.9259300727433781,-0.21444416141956238,-1.3764885450214672
1636731627359,2021-11-12T10:40:27.359,55.5,0.856285812978961,-0.2756307454125069,-1.2585931262972792
1636731627369,2021-11-12T10:40:27.369,55.51,0.6798110425307606,-0.335900129370677,-1.2967437330303255
1636731627379,2021-11-12T10:40:27.379,55.52,0.4176070854208227,-0.39254790427370156,-1.4507964057808502
1636731627389,2021-11-12T10:40:27.389,55.53,0.21939179569237444,-0.4873680239031273,-1.6227472167486463
1636731627399,2021-11-12T10:40:27.399,55.54,0.21410616000186194,-0.6159510438318196,-1.7628468188781086
1636731627409,2021-11-12T10:40:27.409,55.55,0.36639161691243244,-0.7122132728038687,-1.8751065286173045
1636731627419,2021-11-12T10:40:27.419,55.56,0.5293674681798672,-0.7594870944577807,-1.9491225452756877
1636731627429,2021-11-12T10:40:27.429,55.57,0.5979037293944165,-0.8140816862108526,-1.966527082569034
1636731627439,2021-11-12T10:40:27.439,55.58,0.5825779907171857,-0.9122033262901492,-1.9737746349593586
1636731627449,2021-11-12T10:40:27.449,55.59,0.569900421678512,-1.0275045292570149,-2.050986108979957
1636731627459,2021-11-12T10:40:27.459,55.6,0.6304834685721254,-1.1032620051051336,-2.205458282665249
1636731627469,2021-11-12T10:40:27.469,55.61,0.7765409007016113,-1.0857727367454262,-2.380853393044603
1636731627479,2021-11-12T10:40:27.479,55.62,0.9927820597002004,-0.9571225045926312,-2.543202793049445
1636731627489,2021-11-12T10:40:27.489,55.63,1.2455712421398755,-0.7549270662281222,-2.6798714086992272
1636731627499,2021-11-12T10:40:27.499,55.64,1.4759405438619217,-0.5379975259759743,-2.7649533844745102
1636731627509,2021-11-12T10:40:27.509,55.65,1.6491210835324623,-0.3384254776392964,-2.7974092346084314
1636731627519,2021-11-12T10:40:27.519,55.66,1.766377684124151,-0.1562528816899411,-2.824180554475432
1636731627529,2021-11-12T10:40:27.529,55.67,1.7987796979121975,0.02793370734960304,-2.8776851059778936
1636731627539,2021-11-12T10:40:27.539,55.68,1.7122223143352908,0.23603211723509399,-2.937297785455726
1636731627549,2021-11-12T10:40:27.549,55.69,1.5621962266532616,0.45617192412991714,-2.975193179520319
1636731627559,2021-11-12T10:40:27.559,55.7,1.4410095961342904,0.639693293933672,-2.9947668748113476
1636731627569,2021-11-12T10:40:27.569,55.71,1.3627461761403663,0.7574417289195545,-3.0120831700444604
1636731627579,2021-11-12T10:40:27.579,55.72,1.3056750249343774,0.8212540063689734,-3.026803040712327
1636731627589,2021-11-12T10:40:27.589,55.73,1.2819322316252448,0.8386130638039263,-3.020669717068973
1636731627599,2021-11-12T10:40:27.599,55.74,1.2715803563229073,0.8008812776578993,-2.9914521524524718
1636731627609,2021-11-12T10:40:27.609,55.75,1.1991301232898315,0.7174993041420681,-2.9814223333769965
1636731627619,2021-11-12T10:40:27.619,55.76,1.050460095505171,0.6105019575238401,-3.033202991962948
1636731627629,2021-11-12T10:40:27.629,55.77,0.907391513139888,0.48960834944774223,-3.124533976795462
1636731627639,2021-11-12T10:40:27.639,55.78,0.819582879403172,0.36486259170707,-3.2005892162389395
1636731627649,2021-11-12T10:40:27.649,55.79,0.7418697226358112,0.2515594289398533,-3.251062757450665
1636731627659,2021-11-12T10:40:27.659,55.8,0.6382651497187913,0.142175270402022,-3.293608880546426
1636731627669,2021-11-12T10:40:27.669,55.81,0.5564188968719339,-0.0015817743229990348,-3.308436830029481
1636731627679,2021-11-12T10:40:27.679,55.82,0.5471707168994644,-0.21286791345772893,-3.2521208238154165
1636731627689,2021-11-12T10:40:27.689,55.83,0.587796662666025,-0.46662176460480165,-3.12098921168542
1636731627699,2021-11-12T10:40:27.699,55.84,0.6410076530364257,-0.6785036852857809,-2.954413618726601
1636731627709,2021-11-12T10:40:27.709,55.85,0.714832030996601,-0.8021996187401242,-2.782605927668591
1636731627719,2021-11-12T10:40:27.719,55.86,0.8075087599766546,-0.8911082144377723,-2.6091815623926764
1636731627729,2021-11-12T10:40:27.729,55.87,0.8733430023765698,-0.9873934177208805,-2.440364472413501
1636731627739,2021-11-12T10:40:27.739,55.88,0.9028018466225967,-1.0257345285284019,-2.2948548966226143
1636731627749,2021-11-12T10:40:27.749,55.89,0.9509242904055679,-0.9554280010039043,-2.2023099847070906
1636731627759,2021-11-12T10:40:27.759,55.9,1.028104147767942,-0.8603901310868399,-2.2182106687114023
1636731627769,2021-11-12T10:40:27.769,55.91,1.064262353792242,-0.8356996567136497,-2.3693508217489567
1636731627779,2021-11-12T10:40:27.779,55.92,1.033716854340941,-0.8393397248360515,-2.550260455077679
1636731627789,2021-11-12T10:40:27.789,55.93,0.9878207383498486,-0.7766027897533969,-2.5973293799846786
1636731627799,2021-11-12T10:40:27.799,55.94,0.9117285240885683,-0.6534386697722068,-2.5169161731819996
1636731627809,2021-11-12T10:40:27.809,55.95,0.7031322683026122,-0.5582324275954622,-2.5004823192847616
1636731627819,2021-11-12T10:40:27.819,55.96,0.4023963960480348,-0.5237958047884967,-2.6602773941537965
1636731627829,2021-11-12T10:40:27.829,55.97,0.332043123631019,-0.44644910291296397,-2.8792498632015504
1636731627839,2021-11-12T10:40:27.839,55.98,0.8041976206190643,-0.17511930577757223,-2.9855181729869043
1636731627849,2021-11-12T10:40:27.849,55.99,1.6619287754308616,0.2852839584935091,-2.9900269337033856
1636731627859,2021-11-12T10:40:27.859,56.0,2.3335209235335634,0.7425037950112814,-3.0694194996518327
1636731627869,2021-11-12T10:40:27.869,56.01,2.4522038759506737,1.0618802001103245,-3.3210295412346973
1636731627879,2021-11-12T10:40:27.879,56.02,2.192341927375356,1.3065362637028124,-3.6241785023426525
1636731627889,2021-11-12T10:40:27.889,56.03,1.8923117761194796,1.5528296401243544,-3.814342543250121
1636731627899,2021-11-12T10:40:27.899,56.04,1.662590218635894,1.7539013118573776,-3.8693675871713236
1636731627909,2021-11-12T10:40:27.909,56.05,1.5090437982043325,1.8770521695279498,-3.737601212382409
1636731627919,2021-11-12T10:40:27.919,56.06,1.4926895015992894,1.9806510206736174,-3.206146233634929
1636731627929,2021-11-12T10:40:27.929,56.07,1.5603488987588712,2.064926939162192,-2.362061774482201
1636731627939,2021-11-12T10:40:27.939,56.08,1.4876463275021943,2.024282528936469,-1.8375085999088772
1636731627949,2021-11-12T10:40:27.949,56.09,1.1756060511444875,1.8286622154014744,-1.8907209334413646
1636731627959,2021-11-12T10:40:27.959,56.1,0.80681012831063,1.5911686800156837,-1.7933679526916038
1636731627969,2021-11-12T10:40:27.969,56.11,0.5799004029324191,1.387290554429734,-1.0694081991381807
1636731627979,2021-11-12T10:40:27.979,56.12,0.4553982808812729,1.1697408068980166,-0.5359793714442029
1636731627989,2021-11-12T10:40:27.989,56.13,0.26274267993225997,0.924738575157145,-1.0911860198016416
1636731627999,2021-11-12T10:40:27.999,56.14,-0.05392420994456524,0.7422045647669203,-2.3780580373259506
1636731628009,2021-11-12T10:40:28.009,56.15,-0.3638331173735261,0.658326666691663,-3.4752748736494903
1636731628019,2021-11-12T10:40:28.019,56.16,-0.4928916215792595,0.5733283620690667,-4.035775330754142
1636731628029,2021-11-12T10:40:28.029,56.17,-0.42635992649651144,0.39115944386479495,-4.151945985641308
1636731628039,2021-11-12T10:40:28.039,56.18,-0.3244553430112149,0.1257115913172279,-3.7621771024270894
1636731628049,2021-11-12T10:40:28.049,56.19,-0.30416159156383404,-0.1907340326166544,-2.687482298917888
1636731628059,2021-11-12T10:40:28.059,56.2,-0.31584886934175943,-0.6081406870563226,-1.0285200541311792
1636731628069,2021-11-12T10:40:28.069,56.21,-0.30271354492150754,-1.1802183670077144,0.7535119085965403
1636731628079,2021-11-12T10:40:28.079,56.22,-0.3173779334496329,-1.8234753252536413,2.180425142521899
1636731628089,2021-11-12T10:40:28.089,56.23,-0.36842955000672506,-2.3453908687684,3.0779596004658027
1636731628099,2021-11-12T10:40:28.099,56.24,-0.3379930200523737,-2.6319037641713194,3.4891055961792405
1636731628109,2021-11-12T10:40:28.109,56.25,-0.21301586946634216,-2.7391353532374723,3.4020139504096036
1636731628119,2021-11-12T10:40:28.119,56.26,-0.19980416460872946,-2.763573808620915,2.7552424156808053
1636731628129,2021-11-12T10:40:28.129,56.27,-0.3776516646981859,-2.6916138867719597,1.6655950558510022
1636731628139,2021-11-12T10:40:28.139,56.28,-0.45589416126542015,-2.4456327896118797,0.4703476623665059
1636731628149,2021-11-12T10:40:28.149,56.29,-0.22574888750065514,-2.0424183030228447,-0.4703064741112227
1636731628159,2021-11-12T10:40:28.159,56.3,-0.04918471263008592,-1.6364198110373005,-0.927381708039773
1636731628169,2021-11-12T10:40:28.169,56.31,-0.39833641355443494,-1.3960575964581659,-0.8132417409995689
1636731628179,2021-11-12T10:40:28.179,56.32,-1.0412654163863875,-1.3677364708528505,-0.17459688670463291
1636731628189,2021-11-12T10:40:28.189,56.33,-1.285699261325148,-1.4758793728957325,0.7928464856439742
1636731628199,2021-11-12T10:40:28.199,56.34,-0.9457598741184663,-1.6301662568234294,1.7685110850765007
1636731628209,2021-11-12T10:40:28.209,56.35,-0.47262671046203175,-1.7969145659055838,2.3887309599117104
1636731628219,2021-11-12T10:40:28.219,56.36,-0.3369732593710705,-1.9818318951831337,2.4168346239034872
1636731628229,2021-11-12T10:40:28.229,56.37,-0.7951972418621219,-2.1919221894163523,1.9667243629508517
1636731628239,2021-11-12T10:40:28.239,56.38,-1.7455483596367198,-2.409056232372695,1.5158376074209108
1636731628249,2021-11-12T10:40:28.249,56.39,-2.3966431434622466,-2.5647147958315344,1.5319938895208778
1636731628259,2021-11-12T10:40:28.259,56.4,-1.9026802239505038,-2.566125926652055,2.0441508158220514
1636731628269,2021-11-12T10:40:28.269,56.41,-0.6126029785249985,-2.390335945102116,2.6638836356941837
1636731628279,2021-11-12T10:40:28.279,56.42,0.2503210015342418,-2.1141175907925014,3.0324689971638157
1636731628289,2021-11-12T10:40:28.289,56.43,0.1907022924494613,-1.7992074989556741,3.1246668851788826
1636731628299,2021-11-12T10:40:28.299,56.44,-0.26066269711129614,-1.4125415292475303,3.1024555538439635
1636731628309,2021-11-12T10:40:28.309,56.45,-0.6854270019471104,-0.944921045981074,3.101273080624459
1636731628319,2021-11-12T10:40:28.319,56.46,-1.1385895397830108,-0.5169388348048232,3.2544474851127365
1636731628329,2021-11-12T10:40:28.329,56.47,-1.4993049678975898,-0.22596867666383613,3.5879223992419518
1636731628339,2021-11-12T10:40:28.339,56.48,-1.5413794328427675,0.02029884986382144,3.6816670946200447
1636731628349,2021-11-12T10:40:28.349,56.49,-1.6471291647483723,0.3454245349010493,2.8420748343030757
1636731628359,2021-11-12T10:40:28.359,56.5,-2.4897837434122305,0.6700346711862687,0.9377116936052037
1636731628369,2021-11-12T10:40:28.369,56.51,-3.982170025040306,0.8130760492003999,-1.24367989567481
1636731628379,2021-11-12T10:40:28.379,56.52,-5.32192545339054,0.739187523134722,-2.687128527335921
1636731628389,2021-11-12T10:40:28.389,56.53,-5.954935136874846,0.5571630152467795,-2.9104782247044954
1636731628399,2021-11-12T10:40:28.399,56.54,-5.8193529740539365,0.37698684099018465,-2.0351902971050784
1636731628409,2021-11-12T10:40:28.409,56.55,-4.971638028189506,0.29910101300450587,-0.621227851982199
1636731628419,2021-11-12T10:40:28.419,56.56,-3.6662439425071955,0.44514674485976036,0.46883572334854773
1636731628429,2021-11-12T10:40:28.429,56.57,-2.4889964291677567,0.8833617811851064,0.586693595356907
1636731628439,2021-11-12T10:40:28.439,56.58,-1.9059348030325869,1.5816277336989522,-0.1032493787601705
1636731628449,2021-11-12T10:40:28.449,56.59,-1.9222739174909804,2.4744146266059115,-0.856272553268567
1636731628459,2021-11-12T10:40:28.459,56.6,-2.319777264368116,3.4816897459079224,-1.136810407958014
1636731628469,2021-11-12T10:40:28.469,56.61,-2.9219429245289934,4.43620993764269,-0.799935056124081
1636731628479,2021-11-12T10:40:28.479,56.62,-3.648824607961137,5.113963074163003,0.29900896107344993
1636731628489,2021-11-12T10:40:28.489,56.63,-4.533883424866243,5.3924731818678255,2.2534610827962185
1636731628499,2021-11-12T10:40:28.499,56.64,-5.616129378504151,5.30625322959003,4.642027473365394
1636731628509,2021-11-12T10:40:28.509,56.65,-6.798443517447007,4.935456287622648,6.605885460356987
1636731628519,2021-11-12T10:40:28.519,56.66,-7.900354984058195,4.349799914922488,7.576742631839979
1636731628529,2021-11-12T10:40:28.529,56.67,-8.624228215211552,3.7103460924632383,7.780470023442431
1636731628539,2021-11-12T10:40:28.539,56.68,-8.377738864502167,3.261653517636044,7.98120032457533
1636731628549,2021-11-12T10:40:28.549,56.69,-6.713545992030307,3.0335226972749423,8.7916909748037
1636731628559,2021-11-12T10:40:28.559,56.7,-4.2797900261263235,2.714405297630171,10.192355454783893
1636731628569,2021-11-12T10:40:28.569,56.71,-2.615795389704462,2.1189088681993855,11.606892762461724
1636731628579,2021-11-12T10:40:28.579,56.72,-2.522914199802701,1.5323390532349674,12.367299319027953
1636731628589,2021-11-12T10:40:28.589,56.73,-3.4162357132319627,1.2144217738394294,12.175693180318218
1636731628599,2021-11-12T10:40:28.599,56.74,-4.612502597105412,1.1562784364421457,11.354081411503975
1636731628609,2021-11-12T10:40:28.609,56.75,-6.028554147897382,1.8947318922736418,10.745918938980964
1636731628619,2021-11-12T10:40:28.619,56.76,-7.197192962844621,4.222931970394603,11.109814292095091
1636731628629,2021-11-12T10:40:28.629,56.77,-7.154767955456521,6.908358780105081,12.401198536915519
1636731628639,2021-11-12T10:40:28.639,56.78,-5.867147150380971,6.90195220034846,13.864483648673724
1636731628649,2021-11-12T10:40:28.649,56.79,-4.335300898061709,3.9943767113819897,14.972505377694576
1636731628659,2021-11-12T10:40:28.659,56.8,-3.0808974411588688,2.519260620441421,15.938188554570175
1636731628669,2021-11-12T10:40:28.669,56.81,-1.9975423416448974,5.355760853798779,17.1133494797365
1636731628679,2021-11-12T10:40:28.679,56.82,-1.5343240204624993,9.128810546384141,18.32745324137718
1636731628689,2021-11-12T10:40:28.689,56.83,-2.3165172364498336,8.89386852499233,19.17935728356408
1636731628699,2021-11-12T10:40:28.699,56.84,-3.7540135228304328,4.835990075537098,19.566395074210714
1636731628709,2021-11-12T10:40:28.709,56.85,-4.756450985549546,0.8933876943329839,19.425319860769104
1636731628719,2021-11-12T10:40:28.719,56.86,-5.558325788446519,-0.7072091575752922,18.389162923117496
1636731628729,2021-11-12T10:40:28.729,56.87,-6.877327245863747,-0.4407976004752454,16.469849008484527
1636731628739,2021-11-12T10:40:28.739,56.88,-7.612715157186173,0.8892004280075749,14.750938437782583
1636731628749,2021-11-12T10:40:28.749,56.89,-5.828914649934001,2.8144548835562317,14.46070989371889
1636731628759,2021-11-12T10:40:28.759,56.9,-2.0385492519013844,4.5058666842666835,15.490703894664998
1636731628769,2021-11-12T10:40:28.769,56.91,0.9560088619217337,5.167697858681544,16.6486557405437
1636731628779,2021-11-12T10:40:28.779,56.92,1.7625301542284975,4.925910587656096,17.205216248800337
1636731628789,2021-11-12T10:40:28.789,56.93,1.7539858676129687,4.614112201310527,17.396858375460177
1636731628799,2021-11-12T10:40:28.799,56.94,2.3815837653168592,4.773518375698471,17.515016424511565
1636731628809,2021-11-12T10:40:28.809,56.95,3.138147943304494,5.1641588596528,17.31096117186525
1636731628819,2021-11-12T10:40:28.819,56.96,2.906031308014637,5.165979697818571,16.515991347232838
1636731628829,2021-11-12T10:40:28.829,56.97,1.8219124412456944,4.426272599216827,15.412261662705838
1636731628839,2021-11-12T10:40:28.839,56.98,0.9233212635194834,3.1242570497010025,14.515952837302425
1636731628849,2021-11-12T10:40:28.849,56.99,0.8886620301125356,1.75806741865342,13.944010047236237
1636731628859,2021-11-12T10:40:28.859,57.0,1.7557290780419734,0.7014900203645366,13.368360179078842
1636731628869,2021-11-12T10:40:28.869,57.01,3.119589301093853,-0.058936648053105584,12.377863407377006
1636731628879,2021-11-12T10:40:28.879,57.02,4.180759463993441,-0.7451325630497305,10.710327969749596
1636731628889,2021-11-12T10:40:28.889,57.03,4.2491949306932275,-1.470107973803239,8.432614840147806
1636731628899,2021-11-12T10:40:28.899,57.04,3.4580913041295367,-2.1930603121788668,6.058064430046375
1636731628909,2021-11-12T10:40:28.909,57.05,2.5704858034625495,-2.772768444952769,4.221450966511189
1636731628919,2021-11-12T10:40:28.919,57.06,2.1799325528656137,-2.9138526965396148,3.159247791075315
1636731628929,2021-11-12T10:40:28.929,57.07,2.43822051272271,-2.3138032298463433,2.6611953268359017
1636731628939,2021-11-12T10:40:28.939,57.08,3.2233698359823135,-1.0367540108523168,2.3833729772593073
1636731628949,2021-11-12T10:40:28.949,57.09,4.168866288392762,0.4325000347226385,1.9886074614215299
1636731628959,2021-11-12T10:40:28.959,57.1,4.803869594346263,1.5803001412741624,1.1794266254174142
1636731628969,2021-11-12T10:40:28.969,57.11,4.980066960724494,2.1812619967404583,-0.1304585933217563
1636731628979,2021-11-12T10:40:28.979,57.12,4.963884487013948,2.25601183898298,-1.766748566210071
1636731628989,2021-11-12T10:40:28.989,57.13,4.96447539406152,1.9222045077566092,-3.551490595187388
1636731628999,2021-11-12T10:40:28.999,57.14,4.853642828234426,1.3795457715473018,-5.475980672309927
1636731629009,2021-11-12T10:40:29.009,57.15,4.489640852123022,0.9151154836827116,-7.53330463373346
1636731629019,2021-11-12T10:40:29.019,57.16,4.016706942687821,0.7646706754041012,-9.570759206962428
1636731629029,2021-11-12T10:40:29.029,57.17,3.625824913474635,0.9579788688447666,-11.458109234274952
1636731629039,2021-11-12T10:40:29.039,57.18,3.185090609098121,1.3428611536349544,-13.267985508296622
1636731629049,2021-11-12T10:40:29.049,57.19,2.3862565682042356,1.7100951251968048,-15.124086026160615
1636731629059,2021-11-12T10:40:29.059,57.2,1.2841675446903729,1.8641313529876475,-16.958219357865442
1636731629069,2021-11-12T10:40:29.069,57.21,0.38468918549123576,1.6929131505181458,-18.572575707285512
1636731629079,2021-11-12T10:40:29.079,57.22,0.028581835225734802,1.2812915407215595,-19.848472786648045
1636731629089,2021-11-12T10:40:29.089,57.23,-0.00829189615408522,0.8822104639693951,-20.739934680028114
1636731629099,2021-11-12T10:40:29.099,57.24,-0.10219232590036788,0.6744260984205745,-21.190710915036572
1636731629109,2021-11-12T10:40:29.109,57.25,-0.27933575512656394,0.5983219116091042,-21.237701473072118
1636731629119,2021-11-12T10:40:29.119,57.26,-0.3223159228990673,0.4601162864866538,-21.104599232017478
1636731629129,2021-11-12T10:40:29.129,57.27,-0.12935602624402237,0.10522037245202381,-21.102178099965037
1636731629139,2021-11-12T10:40:29.139,57.28,0.19485319195774686,-0.4897630154426845,-21.530041591453504
1636731629149,2021-11-12T10:40:29.149,57.29,0.4987831698190861,-1.1601180837077059,-22.614824986653606
1636731629159,2021-11-12T10:40:29.159,57.3,0.7344671343674591,-1.6175746535952666,-24.317984203378817
1636731629169,2021-11-12T10:40:29.169,57.31,0.8701269445828733,-1.6861608056231256,-26.20948672337803
1636731629179,2021-11-12T10:40:29.179,57.32,0.7556759065182543,-1.438517731560243,-27.705815285441297
1636731629189,2021-11-12T10:40:29.189,57.33,0.5249756845332156,-1.0563521354103662,-28.444477983658448
1636731629199,2021-11-12T10:40:29.199,57.34,1.0586726191926583,-0.6301953369271582,-28.310581193774247
1636731629209,2021-11-12T10:40:29.209,57.35,2.9612446507383674,-0.12970522010942193,-27.122233361755917
1636731629219,2021-11-12T10:40:29.219,57.36,4.932536209941503,0.4457703242676818,-24.6229075473764
1636731629229,2021-11-12T10:40:29.229,57.37,4.980279028945628,0.8867690631197997,-21.133380382915522
1636731629239,2021-11-12T10:40:29.239,57.38,3.6045943015932,0.8330028040288016,-17.949083762001468
1636731629249,2021-11-12T10:40:29.249,57.39,3.27280476975886,0.11889534728392018,-16.420075172913872
1636731629259,2021-11-12T10:40:29.259,57.4,4.481511951002365,-1.009481226572363,-16.58276680474203
1636731629269,2021-11-12T10:40:29.269,57.41,5.312829988824316,-2.109858491870516,-17.20121302482598
1636731629279,2021-11-12T10:40:29.279,57.42,4.818258591152598,-2.9161387747515146,-17.09285315955246
1636731629289,2021-11-12T10:40:29.289,57.43,3.9121593525824636,-3.45821400875639,-15.936844303116853
1636731629299,2021-11-12T10:40:29.299,57.44,3.261811963331622,-3.881738177374642,-14.07851635525634
1636731629309,2021-11-12T10:40:29.309,57.45,2.6244482452318505,-4.215201976534265,-12.320821847763487
1636731629319,2021-11-12T10:40:29.319,57.46,1.840907879668388,-4.343111836749395,-11.827333776467245
1636731629329,2021-11-12T10:40:29.329,57.47,0.8299827594392828,-4.2069630244240805,-13.445334370831464
1636731629339,2021-11-12T10:40:29.339,57.48,-1.022897713152615,-3.966313399574876,-16.875996436998612
1636731629349,2021-11-12T10:40:29.349,57.49,-3.871262055612834,-3.872430105753895,-20.82680409971189
1636731629359,2021-11-12T10:40:29.359,57.5,-5.850632979062218,-3.998197117208682,-24.03714341140028
1636731629369,2021-11-12T10:40:29.369,57.51,-4.631389507259079,-4.202481236374792,-25.97838006627686
1636731629379,2021-11-12T10:40:29.379,57.52,-1.0101389447320845,-4.3672724921705175,-26.610734331015863
1636731629389,2021-11-12T10:40:29.389,57.53,1.5264264452666279,-4.543346248971659,-25.769218091553004
1636731629399,2021-11-12T10:40:29.399,57.54,1.386139468579269,-4.833059357721005,-23.218219092054717
1636731629409,2021-11-12T10:40:29.409,57.55,0.43302081396837294,-5.250110714697567,-19.524954484632456
1636731629419,2021-11-12T10:40:29.419,57.56,0.6120662452369315,-5.749435936270549,-16.40564900273144
1636731629429,2021-11-12T10:40:29.429,57.57,1.5198898684930175,-6.303169341204707,-15.498145984257725
1636731629439,2021-11-12T10:40:29.439,57.58,1.897932025327288,-6.869523667590691,-16.849933566603614
1636731629449,2021-11-12T10:40:29.449,57.59,1.6083997840752269,-7.344710304274025,-19.126972997816956
1636731629459,2021-11-12T10:40:29.459,57.6,1.2496335149745343,-7.631747264934688,-21.12575989693414
1636731629469,2021-11-12T10:40:29.469,57.61,1.0155421629529977,-7.719896114263545,-22.483723979816954
1636731629479,2021-11-12T10:40:29.479,57.62,0.8536350619719887,-7.627611398414107,-23.10910753597747
1636731629489,2021-11-12T10:40:29.489,57.63,1.0013254622610068,-7.334694394821849,-22.71022965259109
1636731629499,2021-11-12T10:40:29.499,57.64,1.5702711200094224,-6.872124083485185,-21.061689546571763
1636731629509,2021-11-12T10:40:29.509,57.65,2.089929272984812,-6.417438827969944,-18.240684301556648
1636731629519,2021-11-12T10:40:29.519,57.66,2.084820985999496,-6.172006039768685,-14.377581273871826
1636731629529,2021-11-12T10:40:29.529,57.67,1.768616658833581,-6.171918453940455,-9.458005719102747
1636731629539,2021-11-12T10:40:29.539,57.68,1.6546355614527646,-6.316883518676278,-3.5864221565776306
1636731629549,2021-11-12T10:40:29.549,57.69,1.7451691494903692,-6.51666810656769,2.729858163916578
1636731629559,2021-11-12T10:40:29.559,57.7,1.63442143821569,-6.71010250853396,8.791095053791485
1636731629569,2021-11-12T10:40:29.569,57.71,1.160127640765516,-6.863048451447044,14.107622559272428
1636731629579,2021-11-12T10:40:29.579,57.72,0.3255138423482428,-7.083648483758845,18.430076387551992
1636731629589,2021-11-12T10:40:29.589,57.73,-1.144106275720468,-7.600114365437145,21.578598370915817
1636731629599,2021-11-12T10:40:29.599,57.74,-3.3722799449829033,-8.459792207066187,23.526073100033884
1636731629609,2021-11-12T10:40:29.609,57.75,-5.604566720021948,-9.369478223074955,24.54697683707539
1636731629619,2021-11-12T10:40:29.619,57.76,-6.656987545305103,-9.980136732352577,25.049714516124865
1636731629629,2021-11-12T10:40:29.629,57.77,-6.1142012535139365,-10.216822688909001,25.278455657208873
1636731629639,2021-11-12T10:40:29.639,57.78,-4.627346430785734,-10.220031269836968,25.234847665328125
1636731629649,2021-11-12T10:40:29.649,57.79,-3.1073277725044037,-10.099221501028506,24.762957517154735
1636731629659,2021-11-12T10:40:29.659,57.8,-2.066710709056809,-9.862194628937331,23.618855570005216
1636731629669,2021-11-12T10:40:29.669,57.81,-1.6827059058666394,-9.493726144235902,21.603259694152833
1636731629679,2021-11-12T10:40:29.679,57.82,-1.947666898945601,-9.012831241025067,18.808584422185692
1636731629689,2021-11-12T10:40:29.689,57.83,-2.596385927362335,-8.48226793655909,15.685732053082752
1636731629699,2021-11-12T10:40:29.699,57.84,-3.263515141402288,-7.9776119320601175,12.732539858871288
1636731629709,2021-11-12T10:40:29.709,57.85,-3.8121739287004637,-7.524843770708337,10.183836164662257
1636731629719,2021-11-12T10:40:29.719,57.86,-4.240429306828522,-7.072726821044331,8.116917562762994
1636731629729,2021-11-12T10:40:29.729,57.87,-4.37123025602321,-6.526428423521383,6.686123409828767
1636731629739,2021-11-12T10:40:29.739,57.88,-3.9866438263018287,-5.796885118428256,5.984708799357083
1636731629749,2021-11-12T10:40:29.749,57.89,-3.1269132724456643,-4.826090367406307,5.78803742763272
1636731629759,2021-11-12T10:40:29.759,57.9,-1.9479281973496438,-3.582548041806394,5.81566188641483
1636731629769,2021-11-12T10:40:29.769,57.91,-0.5118926028542696,-2.065292698283733,6.208846728662659
1636731629779,2021-11-12T10:40:29.779,57.92,1.0247387393880878,-0.3424678437996777,7.246902467003737
1636731629789,2021-11-12T10:40:29.789,57.93,2.3073037214913397,1.4183612498759515,8.697896599919403
1636731629799,2021-11-12T10:40:29.799,57.94,3.070652631114027,2.9687472088422844,10.438760218872703
1636731629809,2021-11-12T10:40:29.809,57.95,3.365757605370578,4.0797156877915635,13.563789440862223
1636731629819,2021-11-12T10:40:29.819,57.96,3.5265061486271687,4.720695943035954,18.63615887287451
1636731629829,2021-11-12T10:40:29.829,57.97,3.949859559356163,5.113329293873196,22.434770500537923
1636731629839,2021-11-12T10:40:29.839,57.98,4.657941666132986,5.496781259880287,20.324481489470706
1636731629849,2021-11-12T10:40:29.849,57.99,5.135892946404096,5.896524227848673,13.584302795866726
1636731629859,2021-11-12T10:40:29.859,58.0,4.92912349052745,6.223924853472338,9.61325880587804
1636731629869,2021-11-12T10:40:29.869,58.01,4.237699592785366,6.475105887492852,12.211652499293255
1636731629879,2021-11-12T10:40:29.879,58.02,3.628610950726185,6.702053246485972,16.588065461300406
1636731629889,2021-11-12T10:40:29.889,58.03,3.3971123424912366,6.9022057771406,16.814759881739207
1636731629899,2021-11-12T10:40:29.899,58.04,3.4352563850046485,7.0401683646846065,13.343111222681864
1636731629909,2021-11-12T10:40:29.909,58.05,3.4811913969240207,7.095147188709216,10.153880470875198
1636731629919,2021-11-12T10:40:29.919,58.06,3.303868440746256,7.024227964787127,8.747800610454988
1636731629929,2021-11-12T10:40:29.929,58.07,2.8116050377745716,6.734491096202983,8.117690124408778
1636731629939,2021-11-12T10:40:29.939,58.08,2.137260331017333,6.144217544963063,7.782884789103713
1636731629949,2021-11-12T10:40:29.949,58.09,1.5476470673204719,5.279821056340916,8.127980568607176
1636731629959,2021-11-12T10:40:29.959,58.1,1.1939496272304795,4.306532354415729,9.069075342036756
1636731629969,2021-11-12T10:40:29.969,58.11,1.0140466079143058,3.442458907508003,9.987497480036524
1636731629979,2021-11-12T10:40:29.979,58.12,0.9007146203462539,2.8165122075981763,10.478457765352617
1636731629989,2021-11-12T10:40:29.989,58.13,0.8296753128188191,2.395318712521546,10.530696182062231
1636731629999,2021-11-12T10:40:29.999,58.14,0.7765153357097898,2.0508192997483503,10.309630351441397
1636731630009,2021-11-12T10:40:30.009,58.15,0.715189646885167,1.7158614589456618,10.075330403351142
1636731630019,2021-11-12T10:40:30.019,58.16,0.8121166819070719,1.466141272947893,10.115028056529749
1636731630029,2021-11-12T10:40:30.029,58.17,1.3703498419581592,1.4252500067242524,10.540401842932658
1636731630039,2021-11-12T10:40:30.039,58.18,2.3818908350641834,1.6186884465250682,11.164936769795059
1636731630049,2021-11-12T10:40:30.049,58.19,3.355017389561312,1.9670423720481467,11.62235831023595
1636731630059,2021-11-12T10:40:30.059,58.2,3.778384972320942,2.3889299961130823,11.586618083745325
1636731630069,2021-11-12T10:40:30.069,58.21,3.541707082691579,2.8553347709960972,10.921333210461766
1636731630079,2021-11-12T10:40:30.079,58.22,2.7878885293682796,3.364098004851158,9.726608231486846
1636731630089,2021-11-12T10:40:30.089,58.23,1.6902322961089347,3.904920137573412,8.272892715553926
1636731630099,2021-11-12T10:40:30.099,58.24,0.5182187980021109,4.441402815483018,6.8173902788124705
1636731630109,2021-11-12T10:40:30.109,58.25,-0.4547543880939335,4.904256503211014,5.437353897097481
1636731630119,2021-11-12T10:40:30.119,58.26,-1.246182517408821,5.206596182721775,4.088640292698521
1636731630129,2021-11-12T10:40:30.129,58.27,-2.0265226569925145,5.280044450913367,2.8426729106258657
1636731630139,2021-11-12T10:40:30.139,58.28,-2.681395248034556,5.107765610911617,1.9362883702177778
1636731630149,2021-11-12T10:40:30.149,58.29,-2.9009063167277356,4.73467716901663,1.4976490632443618
1636731630159,2021-11-12T10:40:30.159,58.3,-2.6862565880240776,4.229625232773661,1.3569611120355123
1636731630169,2021-11-12T10:40:30.169,58.31,-2.4288102923414483,3.606930950526262,1.2553871025068963
1636731630179,2021-11-12T10:40:30.179,58.32,-2.500030018341261,2.8162709237154955,1.1367599807700484
1636731630189,2021-11-12T10:40:30.189,58.33,-2.9503036326221164,1.8554773661711335,1.1268862163666133
1636731630199,2021-11-12T10:40:30.199,58.34,-3.5291766682866434,0.838858038908165,1.3250448160280415
1636731630209,2021-11-12T10:40:30.209,58.35,-3.8792911863333623,-0.10198438969876916,1.7240919539900874
1636731630219,2021-11-12T10:40:30.219,58.36,-3.781682418259177,-0.9116850134412,2.2655667966571365
1636731630229,2021-11-12T10:40:30.229,58.37,-3.272857432564284,-1.5495821230501536,2.8670715720335056
1636731630239,2021-11-12T10:40:30.239,58.38,-2.528436911698381,-1.932525230746428,3.4321707354960376
1636731630249,2021-11-12T10:40:30.249,58.39,-1.7185095937969517,-2.024149399506019,3.9240238978394393
1636731630259,2021-11-12T10:40:30.259,58.4,-1.0004557612567213,-1.90680266431967,4.411115487598023
1636731630269,2021-11-12T10:40:30.269,58.41,-0.4869011345122383,-1.6875270094923793,4.971695420155824
1636731630279,2021-11-12T10:40:30.279,58.42,-0.14169637920347333,-1.3989344273794573,5.553445184831144
1636731630289,2021-11-12T10:40:30.289,58.43,0.15074441110101577,-1.0463240740968935,5.964087926336579
1636731630299,2021-11-12T10:40:30.299,58.44,0.40578056082531305,-0.6625761596149848,6.018379544917098
1636731630309,2021-11-12T10:40:30.309,58.45,0.5882979773309664,-0.26405690009475413,5.688077903236975
1636731630319,2021-11-12T10:40:30.319,58.46,0.7540424744744912,0.1610099611469209,5.081236608475037
1636731630329,2021-11-12T10:40:30.329,58.47,0.9512884641484104,0.5898240400390571,4.292390258926373
1636731630339,2021-11-12T10:40:30.339,58.48,1.109176424668345,0.9624399014090737,3.3565718514671206
1636731630349,2021-11-12T10:40:30.349,58.49,1.1756994560379541,1.2360098733504543,2.3642588724391427
1636731630359,2021-11-12T10:40:30.359,58.5,1.2134693932865956,1.3846106214919482,1.5059046897433703
1636731630369,2021-11-12T10:40:30.369,58.51,1.2610347725673772,1.381737758153954,0.9287333208768671
1636731630379,2021-11-12T10:40:30.379,58.52,1.2651370234784178,1.2317466055931687,0.6174253922707562
1636731630389,2021-11-12T10:40:30.389,58.53,1.2167720813528777,0.977545911289859,0.4589826295093939
1636731630399,2021-11-12T10:40:30.399,58.54,1.1891066911651413,0.6511829363145973,0.33704283632421456
1636731630409,2021-11-12T10:40:30.409,58.55,1.1807034597655703,0.2632167481349663,0.1188651013100688
1636731630419,2021-11-12T10:40:30.419,58.56,1.066642305584018,-0.14659369627406169,-0.35190265855805725
1636731630429,2021-11-12T10:40:30.429,58.57,0.7645165943600952,-0.4963940329048179,-1.1730228943819612
1636731630439,2021-11-12T10:40:30.439,58.58,0.3534518414830487,-0.7236252882865871,-2.305945916753611
1636731630449,2021-11-12T10:40:30.449,58.59,-0.015082788138495819,-0.8506478401403732,-3.582396842261952
1636731630459,2021-11-12T10:40:30.459,58.6,-0.28821225842630804,-0.9822884734685446,-4.783338727877169
1636731630469,2021-11-12T10:40:30.469,58.61,-0.5604701652495312,-1.2057019521274044,-5.733544065794653
1636731630479,2021-11-12T10:40:30.479,58.62,-0.9151669317300768,-1.4625493595550323,-6.348508284541094
1636731630489,2021-11-12T10:40:30.489,58.63,-1.242005493188052,-1.569644954411603,-6.635468804207263
1636731630499,2021-11-12T10:40:30.499,58.64,-1.354272386970945,-1.418914773347434,-6.680904838492511
1636731630509,2021-11-12T10:40:30.509,58.65,-1.309301414544612,-1.1068995966576918,-6.577264962461191
1636731630519,2021-11-12T10:40:30.519,58.66,-1.3576102891732496,-0.812722162364794,-6.2692817721930005
1636731630529,2021-11-12T10:40:30.529,58.67,-1.4833254886118352,-0.5979765750727644,-5.579676764624121
1636731630539,2021-11-12T10:40:30.539,58.68,-1.3722325090816518,-0.392003824133322,-4.635322001730815
1636731630549,2021-11-12T10:40:30.549,58.69,-0.9978698850506351,-0.13930750903927513,-4.067468131380974
1636731630559,2021-11-12T10:40:30.559,58.7,-0.7623379521257987,0.1308845787138279,-4.263283095314069
1636731630569,2021-11-12T10:40:30.569,58.71,-0.839828302800032,0.38374899011396546,-4.70323444170086
1636731630579,2021-11-12T10:40:30.579,58.72,-0.8689433431304682,0.633417493441125,-4.742378173399455
1636731630589,2021-11-12T10:40:30.589,58.73,-0.49943052983332525,0.8973850181125155,-4.585227769661321
1636731630599,2021-11-12T10:40:30.599,58.74,0.171922458755135,1.163577335888216,-4.750615055747392
1636731630609,2021-11-12T10:40:30.609,58.75,0.8219657514007305,1.4074606663613272,-5.183005688711449
1636731630619,2021-11-12T10:40:30.619,58.76,1.2113167352255765,1.600584908838621,-5.529929379625107
1636731630629,2021-11-12T10:40:30.629,58.77,1.237190711349767,1.7227751158681204,-5.727381437672482
1636731630639,2021-11-12T10:40:30.639,58.78,0.9656946600775125,1.796820144830964,-5.871388654840444
1636731630649,2021-11-12T10:40:30.649,58.79,0.6531950505399775,1.8813877989929035,-5.910966586992954
1636731630659,2021-11-12T10:40:30.659,58.8,0.5489152556234823,2.0077701539537256,-5.740765472120031
1636731630669,2021-11-12T10:40:30.669,58.81,0.6512405048599589,2.1578793199659096,-5.399455095076241
1636731630679,2021-11-12T10:40:30.679,58.82,0.7856973247533141,2.313894277421415,-5.024119504017336
1636731630689,2021-11-12T10:40:30.689,58.83,0.8862318822186388,2.4788485606065933,-4.693411852571645
1636731630699,2021-11-12T10:40:30.699,58.84,0.9906118206071268,2.6360203079551914,-4.419012522244473
1636731630709,2021-11-12T10:40:30.709,58.85,0.9871567025648424,2.7484581087503983,-4.24814705275092
1636731630719,2021-11-12T10:40:30.719,58.86,0.6864044829525545,2.8242231022894706,-4.263476429116661
1636731630729,2021-11-12T10:40:30.729,58.87,0.18626866560797267,2.921230709353077,-4.468022051152077
1636731630739,2021-11-12T10:40:30.739,58.88,-0.1672731156242541,3.0458114112527443,-4.742470616516801
1636731630749,2021-11-12T10:40:30.749,58.89,-0.24230896649570274,3.1143818910898196,-4.953298879627523
1636731630759,2021-11-12T10:40:30.759,58.9,-0.24065686514395773,3.082727840934645,-5.062194162615537
1636731630769,2021-11-12T10:40:30.769,58.91,-0.32595994018756136,3.0314792225548914,-5.0316558335728025
1636731630779,2021-11-12T10:40:30.779,58.92,-0.42335441226684417,3.0287681221425813,-4.641492511296827
1636731630789,2021-11-12T10:40:30.789,58.93,-0.41034167680099765,3.009847055589548,-3.7268299676885865
1636731630799,2021-11-12T10:40:30.799,58.94,-0.25104329644688034,2.9099284484746226,-2.7738261127171375
1636731630809,2021-11-12T10:40:30.809,58.95,0.024366066023258033,2.7974699837847146,-2.696427534400831
1636731630819,2021-11-12T10:40:30.819,58.96,0.24096157290943643,2.749139790228476,-3.5329659066566097
1636731630829,2021-11-12T10:40:30.829,58.97,0.13853387303335785,2.719066739802439,-4.073455066834046
1636731630839,2021-11-12T10:40:30.839,58.98,-0.21817674366310222,2.6533486868429046,-3.4759999251780904
1636731630849,2021-11-12T10:40:30.849,58.99,-0.34019987800659857,2.6072818435078533,-2.48819727642973
1636731630859,2021-11-12T10:40:30.859,59.0,0.06621170899124805,2.6354034720169697,-2.2909205344578805
1636731630869,2021-11-12T10:40:30.869,59.01,0.66462698308228,2.6709403678304757,-2.8981100972559553
1636731630879,2021-11-12T10:40:30.879,59.02,0.9685105380149079,2.6041718640214615,-3.4962622555619243
1636731630889,2021-11-12T10:40:30.889,59.03,0.9557274977886405,2.4130222181561143,-3.7196670019010307
1636731630899,2021-11-12T10:40:30.899,59.04,0.920343979656244,2.175212036159346,-3.8412408506791578
1636731630909,2021-11-12T10:40:30.909,59.05,0.9940290683539176,1.9906046965748336,-4.083022398017798
1636731630919,2021-11-12T10:40:30.919,59.06,1.0954262470589569,1.8953524505566999,-4.305247848449547
1636731630929,2021-11-12T10:40:30.929,59.07,1.1625177506671402,1.843442458077444,-4.273297253710428
1636731630939,2021-11-12T10:40:30.939,59.08,1.2155762158273566,1.7857994099702452,-3.9253077682636186
1636731630949,2021-11-12T10:40:30.949,59.09,1.2811425349729388,1.7382114125597445,-3.3535403489194238
1636731630959,2021-11-12T10:40:30.959,59.1,1.358892714851034,1.7416266162782303,-2.6711134596669934
1636731630969,2021-11-12T10:40:30.969,59.11,1.4119931451689647,1.8012135683907884,-1.9688848888581614
1636731630979,2021-11-12T10:40:30.979,59.12,1.3735126189471973,1.8961297734527625,-1.3270321731689116
1636731630989,2021-11-12T10:40:30.989,59.13,1.2284212533868482,1.9958843881936437,-0.7822021175871033
1636731630999,2021-11-12T10:40:30.999,59.14,1.0753562818596019,2.0405349468611362,-0.3136525325629056
1636731631009,2021-11-12T10:40:31.009,59.15,1.005539288733237,1.9738363512538313,0.08987572190803926
1636731631019,2021-11-12T10:40:31.019,59.16,0.9482690102203049,1.8230250540397184,0.40441440273737667
1636731631029,2021-11-12T10:40:31.029,59.17,0.8023890121088348,1.660142888067507,0.6422094489944883
1636731631039,2021-11-12T10:40:31.039,59.18,0.6589804875131933,1.4664927956368423,0.8499698414207418
1636731631049,2021-11-12T10:40:31.049,59.19,0.6277358783802859,1.146926458280408,1.0031155748922276
1636731631059,2021-11-12T10:40:31.059,59.2,0.5407103710908012,0.6889141415272444,1.0214623342342817
1636731631069,2021-11-12T10:40:31.069,59.21,0.16394164461551752,0.1772885644747483,0.9094357747182147
1636731631079,2021-11-12T10:40:31.079,59.22,-0.42415197787238834,-0.35276568546775267,0.7569638253506599
1636731631089,2021-11-12T10:40:31.089,59.23,-0.9662901080949424,-0.9388908166839759,0.6026272882337066
1636731631099,2021-11-12T10:40:31.099,59.24,-1.3429742826005113,-1.5626931990870094,0.40952460816936764
1636731631109,2021-11-12T10:40:31.109,59.25,-1.5387791145925458,-2.1266891151612906,0.16417095617314112
1636731631119,2021-11-12T10:40:31.119,59.26,-1.5619257799760007,-2.575128943028913,-0.1000960444366651
1636731631129,2021-11-12T10:40:31.129,59.27,-1.5430557168958012,-2.9381256231018433,-0.3835801573825376
1636731631139,2021-11-12T10:40:31.139,59.28,-1.6364933807850606,-3.2377353901618227,-0.7507896305040846
1636731631149,2021-11-12T10:40:31.149,59.29,-1.7808014826372633,-3.428899407336689,-1.2393163359670782
1636731631159,2021-11-12T10:40:31.159,59.3,-1.820146179107522,-3.466133622670225,-1.7625754708400234
1636731631169,2021-11-12T10:40:31.169,59.31,-1.7934205253438362,-3.3825106510768954,-2.1530455621151425
1636731631179,2021-11-12T10:40:31.179,59.32,-1.8304246233429455,-3.2604780424576023,-2.3078649094479435
1636731631189,2021-11-12T10:40:31.189,59.33,-1.8695874499229619,-3.127908377727839,-2.2479829728789955
1636731631199,2021-11-12T10:40:31.199,59.34,-1.7494286949480353,-2.922313104057853,-2.042819711690781
1636731631209,2021-11-12T10:40:31.209,59.35,-1.5118854369397257,-2.5902138723125594,-1.7596463864207181
1636731631219,2021-11-12T10:40:31.219,59.36,-1.3777821397562855,-2.1869796447183227,-1.4890981476747505
1636731631229,2021-11-12T10:40:31.229,59.37,-1.4126437912225822,-1.821488171971719,-1.3113149471335954
1636731631239,2021-11-12T10:40:31.239,59.38,-1.4037979093583988,-1.5261171217211296,-1.21549502908126
1636731631249,2021-11-12T10:40:31.249,59.39,-1.1654046666194262,-1.2468444995099666,-1.1538142225248578
1636731631259,2021-11-12T10:40:31.259,59.4,-0.8525892657835998,-0.9555938291313719,-1.1774888399915577
1636731631269,2021-11-12T10:40:31.269,59.41,-0.8123099502610555,-0.7131713915135344,-1.387357699743787
1636731631279,2021-11-12T10:40:31.279,59.42,-1.117889238091039,-0.6025692963877254,-1.7148645497098651
1636731631289,2021-11-12T10:40:31.289,59.43,-1.3980063210074394,-0.6258005942359951,-1.885084516513797
1636731631299,2021-11-12T10:40:31.299,59.44,-1.2427299731184163,-0.6886619009366257,-1.6953028043642553
1636731631309,2021-11-12T10:40:31.309,59.45,-0.7008139835708962,-0.6897702372033823,-1.2586513198153075
1636731631319,2021-11-12T10:40:31.319,59.46,-0.215280750148548,-0.6103383009873955,-0.8633206195401555
1636731631329,2021-11-12T10:40:31.329,59.47,-0.10934676651385987,-0.5123419729885851,-0.6491669270394862
1636731631339,2021-11-12T10:40:31.339,59.48,-0.30377141735689284,-0.4665977313176724,-0.553697766672205
1636731631349,2021-11-12T10:40:31.349,59.49,-0.5216078181446413,-0.4826733154817875,-0.5041890367880427
1636731631359,2021-11-12T10:40:31.359,59.5,-0.6201322771883557,-0.49529443680772056,-0.49306479558421323
1636731631369,2021-11-12T10:40:31.369,59.51,-0.6732721190978899,-0.43525413402871643,-0.5112759835553232
1636731631379,2021-11-12T10:40:31.379,59.52,-0.7927915160553348,-0.3231355508604256,-0.5466586891968049
1636731631389,2021-11-12T10:40:31.389,59.53,-0.9675445341336658,-0.25437645295810885,-0.6095016031795424
1636731631399,2021-11-12T10:40:31.399,59.54,-1.1148596180436599,-0.2781187878716881,-0.6871197688925962
1636731631409,2021-11-12T10:40:31.409,59.55,-1.2110576170147453,-0.34658116525063853,-0.7345701366015109
1636731631419,2021-11-12T10:40:31.419,59.56,-1.3148042564717586,-0.4067113830401769,-0.7388882240135155
1636731631429,2021-11-12T10:40:31.429,59.57,-1.4971622433197844,-0.4903681147004827,-0.7106094248972769
1636731631439,2021-11-12T10:40:31.439,59.58,-1.7531753596508872,-0.6914364353271061,-0.602068674637287
1636731631449,2021-11-12T10:40:31.449,59.59,-1.9656345553425352,-1.066951072470514,-0.33194750922958416
1636731631459,2021-11-12T10:40:31.459,59.6,-2.000598877254146,-1.5456743211043726,0.08260615416113759
1636731631469,2021-11-12T10:40:31.469,59.61,-1.8535397120235195,-1.9599328877598305,0.5073903008277022
1636731631479,2021-11-12T10:40:31.479,59.62,-1.6486144957887876,-2.233229083417494,0.8516795614252868
1636731631489,2021-11-12T10:40:31.489,59.63,-1.492524440441362,-2.4752218407042204,1.1692876422316951
1636731631499,2021-11-12T10:40:31.499,59.64,-1.384178504379464,-2.7822719390524746,1.534718500006761
1636731631509,2021-11-12T10:40:31.509,59.65,-1.2840773476999603,-3.048761653945239,1.8928974370886391
1636731631519,2021-11-12T10:40:31.519,59.66,-1.2283923452717074,-3.129747733967721,2.1154397535475336
1636731631529,2021-11-12T10:40:31.529,59.67,-1.2898691005058684,-3.059785059663056,2.155313108901426
1636731631539,2021-11-12T10:40:31.539,59.68,-1.3989523146901965,-2.9412861359563176,2.0719920208883393
1636731631549,2021-11-12T10:40:31.549,59.69,-1.3444499514266548,-2.766777797292625,1.9275747647087336
1636731631559,2021-11-12T10:40:31.559,59.7,-1.0586410823625267,-2.5112494536044188,1.7178881276103337
1636731631569,2021-11-12T10:40:31.569,59.71,-0.7463248421304866,-2.243877954233713,1.4308158220556921
1636731631579,2021-11-12T10:40:31.579,59.72,-0.6131835540624159,-2.0232835712346504,1.144377008283345
1636731631589,2021-11-12T10:40:31.589,59.73,-0.641738138473448,-1.828882274275664,0.9985705508841036
1636731631599,2021-11-12T10:40:31.599,59.74,-0.7225560366249095,-1.6611221360441657,1.0472489390249464
1636731631609,2021-11-12T10:40:31.609,59.75,-0.8030728160148938,-1.5628676771084817,1.1975546260703087
1636731631619,2021-11-12T10:40:31.619,59.76,-0.8317069521748937,-1.5172512221724364,1.331866038269743
1636731631629,2021-11-12T10:40:31.629,59.77,-0.7429414018275594,-1.4566990229416865,1.4341696139198592
1636731631639,2021-11-12T10:40:31.639,59.78,-0.5652796747418,-1.3720290421466455,1.5490937304698988
1636731631649,2021-11-12T10:40:31.649,59.79,-0.4106490346569528,-1.3062267264524716,1.6674802050664745
1636731631659,2021-11-12T10:40:31.659,59.8,-0.33141077270407604,-1.2547366947709384,1.7111654020912561
1636731631669,2021-11-12T10:40:31.669,59.81,-0.29190011303929764,-1.1557984771861047,1.600373669688164
1636731631679,2021-11-12T10:40:31.679,59.82,-0.26479172300034143,-0.9713598907944819,1.2986092225944814
1636731631689,2021-11-12T10:40:31.689,59.83,-0.2521526480924698,-0.7227563702496168,0.8332813955495807
1636731631699,2021-11-12T10:40:31.699,59.84,-0.22710410647016976,-0.4526288613058625,0.3166583749357757
1636731631709,2021-11-12T10:40:31.709,59.85,-0.14317472896379663,-0.1896529826769912,-0.09905456602402232
1636731631719,2021-11-12T10:40:31.719,59.86,-0.018940888825500234,0.04486345411556774,-0.3492563517944004
1636731631729,2021-11-12T10:40:31.729,59.87,0.05109001207957292,0.21962667476719117,-0.5044962184063914
1636731631739,2021-11-12T10:40:31.739,59.88,0.035478932370393707,0.3137063566175933,-0.6363328589269356
1636731631749,2021-11-12T10:40:31.749,59.89,0.05083607566881636,0.359839612831936,-0.6934203053851519
1636731631759,2021-11-12T10:40:31.759,59.9,0.18605681724182155,0.4185882753461036,-0.5931583862902318
1636731631769,2021-11-12T10:40:31.769,59.91,0.32663060960945467,0.482687203100729,-0.3848759830773689
1636731631779,2021-11-12T10:40:31.779,59.92,0.31116880973565336,0.47182990540475445,-0.2047758886595355
1636731631789,2021-11-12T10:40:31.789,59.93,0.16167864133578508,0.3607718484495994,-0.07557902983286252
1636731631799,2021-11-12T10:40:31.799,59.94,0.01842658559811148,0.2291372215904765,0.12656086088741791
1636731631809,2021-11-12T10:40:31.809,59.95,-0.03793745451788988,0.13148710448158943,0.47087413238278625
1636731631819,2021-11-12T10:40:31.819,59.96,-0.0061083512442729115,0.014983154194732156,0.8487979776310325
1636731631829,2021-11-12T10:40:31.829,59.97,0.0755900261989723,-0.16880902754788824,1.1139161179304398
1636731631839,2021-11-12T10:40:31.839,59.98,0.1496418697191885,-0.3751313902906242,1.256554861470259
1636731631849,2021-11-12T10:40:31.849,59.99,0.20462627328778293,-0.554540184688456,1.3625112154348908
1636731631859,2021-11-12T10:40:31.859,60.0,0.2807506076158749,-0.716817128984447,1.4533254077435966
1636731631869,2021-11-12T10:40:31.869,60.01,0.36796391915098914,-0.8475279778929432,1.4593871123835749
1636731631879,2021-11-12T10:40:31.879,60.02,0.41395447776841343,-0.8820950218038399,1.365957929864638
1636731631889,2021-11-12T10:40:31.889,60.03,0.4482297681124223,-0.823246984950706,1.3071010541494212
1636731631899,2021-11-12T10:40:31.899,60.04,0.5468394799434385,-0.7694490591401935,1.4179627605170724
1636731631909,2021-11-12T10:40:31.909,60.05,0.6704504801650091,-0.7653201652755784,1.6234789962274752
1636731631919,2021-11-12T10:40:31.919,60.06,0.7034031800432232,-0.7297927647624979,1.7171932785251702
1636731631929,2021-11-12T10:40:31.929,60.07,0.6755508967458554,-0.592289840806175,1.6481929029330082
1636731631939,2021-11-12T10:40:31.939,60.08,0.7496075226128438,-0.3967065249057833,1.545101523795886
1636731631949,2021-11-12T10:40:31.949,60.09,0.8980441901631215,-0.21609044414071882,1.4462669219155821
1636731631959,2021-11-12T10:40:31.959,60.1,0.8146675371525316,-0.06635578180639573,1.235811590294907
1636731631969,2021-11-12T10:40:31.969,60.11,0.34357855887498057,0.0552885171451596,0.889126292306569
1636731631979,2021-11-12T10:40:31.979,60.12,-0.16915694556247352,0.15245121401172515,0.5687902249918719
1636731631989,2021-11-12T10:40:31.989,60.13,-0.19669989289646833,0.2775457425499015,0.4246870633104146
1636731631999,2021-11-12T10:40:31.999,60.14,0.341519919238652,0.48577087499804705,0.44558905888184797
1636731632009,2021-11-12T10:40:32.009,60.15,0.9716007125661932,0.7216769277720917,0.525164849634888
1636731632019,2021-11-12T10:40:32.019,60.16,1.2083790134454526,0.8648098608939461,0.5758041013686157
1636731632029,2021-11-12T10:40:32.029,60.17,1.0317782874742774,0.8969401646374612,0.5802681584246197
1636731632039,2021-11-12T10:40:32.039,60.18,0.7410217412835404,0.911446598319738,0.5793978206721582
1636731632049,2021-11-12T10:40:32.049,60.19,0.5224912318608856,0.9615663063154047,0.6071054588489859
1636731632059,2021-11-12T10:40:32.059,60.2,0.3430590215062928,1.0134922487511464,0.6645572243644275
1636731632069,2021-11-12T10:40:32.069,60.21,0.16351220806581873,1.0400073598376616,0.774013356997094
1636731632079,2021-11-12T10:40:32.079,60.22,0.05202164037110708,1.0548795249885856,0.9745076536400205
1636731632089,2021-11-12T10:40:32.089,60.23,0.07557555408405434,1.0676222011359044,1.23414454099634
1636731632099,2021-11-12T10:40:32.099,60.24,0.19845836283750456,1.0822263340871268,1.4521766537899712
1636731632109,2021-11-12T10:40:32.109,60.25,0.33150065014714586,1.1112399868748195,1.5544351625117583
1636731632119,2021-11-12T10:40:32.119,60.26,0.42834700552775967,1.144514677308559,1.5262848979811328
1636731632129,2021-11-12T10:40:32.129,60.27,0.5013587971640504,1.1467260376410204,1.391759128748531
1636731632139,2021-11-12T10:40:32.139,60.28,0.5816380066178382,1.1050855877265948,1.2066780335625416
1636731632149,2021-11-12T10:40:32.149,60.29,0.6896839413199092,1.0422569872482117,1.024593414006575
1636731632159,2021-11-12T10:40:32.159,60.3,0.8201022842093244,0.9847943349649807,0.8637608484308934
1636731632169,2021-11-12T10:40:32.169,60.31,0.955589666592814,0.9445509600809889,0.7504068269610571
1636731632179,2021-11-12T10:40:32.179,60.32,1.0989336673662484,0.9249538029115529,0.7428940549297656
1636731632189,2021-11-12T10:40:32.189,60.33,1.228947294946443,0.9282617563230937,0.8544074407518996
1636731632199,2021-11-12T10:40:32.199,60.34,1.2469003516611052,0.9525263335816079,1.0180022141166376
1636731632209,2021-11-12T10:40:32.209,60.35,1.1201431445015322,0.9985672552799033,1.1666098222552328
1636731632219,2021-11-12T10:40:32.219,60.36,1.0366511417602224,1.0943832212266253,1.2687803317243511
1636731632229,2021-11-12T10:40:32.229,60.37,1.173422616103903,1.2823894408685443,1.2795734180456226
1636731632239,2021-11-12T10:40:32.239,60.38,1.3973237578136355,1.5535485942346692,1.1498019168118896
1636731632249,2021-11-12T10:40:32.249,60.39,1.508644885667135,1.8367868301053316,0.8876962992233705
1636731632259,2021-11-12T10:40:32.259,60.4,1.5787331483782538,2.091400039005382,0.5521042182880669
1636731632269,2021-11-12T10:40:32.269,60.41,1.6616852631084216,2.348704297134745,0.19716454554478977
1636731632279,2021-11-12T10:40:32.279,60.42,1.5352922418759234,2.62153097894359,-0.1471641632449102
1636731632289,2021-11-12T10:40:32.289,60.43,1.176950280896615,2.8592683253302993,-0.45244389026256127
1636731632299,2021-11-12T10:40:32.299,60.44,1.0227115417009327,3.027481818194132,-0.6645845671606792
1636731632309,2021-11-12T10:40:32.309,60.45,1.3203160572172796,3.131834036801976,-0.7279970402778475
1636731632319,2021-11-12T10:40:32.319,60.46,1.7200783120232117,3.1615500112352493,-0.6622493069073736
1636731632329,2021-11-12T10:40:32.329,60.47,1.8352787852160728,3.108123373735215,-0.5730057627267582
1636731632339,2021-11-12T10:40:32.339,60.48,1.75420004309672,2.9985911558857814,-0.5547306916340704
1636731632349,2021-11-12T10:40:32.349,60.49,1.7637325342685073,2.8465575950814395,-0.6308299210239255
1636731632359,2021-11-12T10:40:32.359,60.5,1.908936843155066,2.6525598211759385,-0.7958778483682307
1636731632369,2021-11-12T10:40:32.369,60.51,2.0213692331087585,2.4606734896650106,-1.033280868828858
1636731632379,2021-11-12T10:40:32.379,60.52,2.001437100972785,2.315387842413667,-1.2674746647651967
1636731632389,2021-11-12T10:40:32.389,60.53,1.9128830782936739,2.2057897983232273,-1.3804808252360758
1636731632399,2021-11-12T10:40:32.399,60.54,1.8600774561463216,2.1303048853829307,-1.3276372885897667
1636731632409,2021-11-12T10:40:32.409,60.55,1.8848216047091766,2.1307760249403955,-1.1911678355065378
1636731632419,2021-11-12T10:40:32.419,60.56,1.9714991469376,2.208449543960845,-1.0778595700646707
1636731632429,2021-11-12T10:40:32.429,60.57,2.0759722052795513,2.298901722886551,-1.0089365003383048
1636731632439,2021-11-12T10:40:32.439,60.58,2.129363904152237,2.361198217175608,-0.9487083400230953
1636731632449,2021-11-12T10:40:32.449,60.59,2.0578438014068774,2.4151760475449886,-0.882997356896666
1636731632459,2021-11-12T10:40:32.459,60.6,1.8465924014676278,2.480838187298911,-0.8173989688404415
1636731632469,2021-11-12T10:40:32.469,60.61,1.575092046612459,2.5442098474398147,-0.7471773249994479
1636731632479,2021-11-12T10:40:32.479,60.62,1.3528201821405554,2.5882816663003623,-0.6808530019973549
1636731632489,2021-11-12T10:40:32.489,60.63,1.2292259668139796,2.613772708413876,-0.6617180070326888
1636731632499,2021-11-12T10:40:32.499,60.64,1.1812417841895906,2.6266506552283855,-0.7227950599081088
1636731632509,2021-11-12T10:40:32.509,60.65,1.1601875338874055,2.6350060383903937,-0.8384019184550899
1636731632519,2021-11-12T10:40:32.519,60.66,1.1286309854482455,2.6537561981447078,-0.9547076939027745
1636731632529,2021-11-12T10:40:32.529,60.67,1.075774609965633,2.684499301675865,-1.0468788455282168
1636731632539,2021-11-12T10:40:32.539,60.68,1.0406840484995776,2.7125867105930794,-1.1046369692278957
1636731632549,2021-11-12T10:40:32.549,60.69,1.1035205634743004,2.759794338746102,-1.10085295754762
1636731632559,2021-11-12T10:40:32.559,60.7,1.283403682089073,2.894511204698195,-1.0455397155153823
1636731632569,2021-11-12T10:40:32.569,60.71,1.466027690388967,3.142419062678284,-1.0301804109034904
1636731632579,2021-11-12T10:40:32.579,60.72,1.5264135246778014,3.439416652737584,-1.1363515971053242
1636731632589,2021-11-12T10:40:32.589,60.73,1.5091398797218658,3.714308714028531,-1.3292893136260597
1636731632599,2021-11-12T10:40:32.599,60.74,1.5731478596560873,3.960498537749433,-1.4952776344509022
1636731632609,2021-11-12T10:40:32.609,60.75,1.7237200128374015,4.184969874320834,-1.5610383601255315
1636731632619,2021-11-12T10:40:32.619,60.76,1.7499353454538542,4.34534659034769,-1.5623797369415975
1636731632629,2021-11-12T10:40:32.629,60.77,1.5645846092416735,4.396467804935608,-1.6143733908584033
1636731632639,2021-11-12T10:40:32.639,60.78,1.4101888786364736,4.363671727037773,-1.8030521692088857
1636731632649,2021-11-12T10:40:32.649,60.79,1.4927516570681008,4.318986832636891,-2.0839990095072487
1636731632659,2021-11-12T10:40:32.659,60.8,1.648105774370391,4.303193201939721,-2.2923950869730065
1636731632669,2021-11-12T10:40:32.669,60.81,1.6541403143868387,4.294028108362871,-2.2766691773559087
1636731632679,2021-11-12T10:40:32.679,60.82,1.618242184098306,4.238737524749482,-2.0292484712372243
1636731632689,2021-11-12T10:40:32.689,60.83,1.7536877391313357,4.113352018061964,-1.670812313736151
1636731632699,2021-11-12T10:40:32.699,60.84,1.983020986481809,3.9459443851283855,-1.3262113549474863
1636731632709,2021-11-12T10:40:32.709,60.85,2.0532290054194036,3.782585793791492,-1.0597427516842057
1636731632719,2021-11-12T10:40:32.719,60.86,1.9155108597389119,3.6600257896644655,-0.9093115608529643
1636731632729,2021-11-12T10:40:32.729,60.87,1.7508460801360963,3.6051605707464685,-0.9146928697056365
1636731632739,2021-11-12T10:40:32.739,60.88,1.6922802304068159,3.607455311045088,-1.0911018964220327
1636731632749,2021-11-12T10:40:32.749,60.89,1.7100356288723404,3.5999724788249132,-1.4023367474638628
1636731632759,2021-11-12T10:40:32.759,60.9,1.7261605250194376,3.5221815252267756,-1.7795316466772064
1636731632769,2021-11-12T10:40:32.769,60.91,1.6873318556186785,3.3833394349484993,-2.1648518387986417
1636731632779,2021-11-12T10:40:32.779,60.92,1.549281052113068,3.2219594992981873,-2.5385585916139597
1636731632789,2021-11-12T10:40:32.789,60.93,1.3254735748224307,3.0376063232380326,-2.909944664220139
1636731632799,2021-11-12T10:40:32.799,60.94,1.1379793077138332,2.800087443002669,-3.2721646369183732
1636731632809,2021-11-12T10:40:32.809,60.95,1.0910841218242493,2.4997939307653434,-3.5736398626689363
1636731632819,2021-11-12T10:40:32.819,60.96,1.1156499233547161,2.173427917951748,-3.7750992150594054
1636731632829,2021-11-12T10:40:32.829,60.97,1.0983357209143847,1.8966319694398828,-3.921658272361883
1636731632839,2021-11-12T10:40:32.839,60.98,1.1155169905351874,1.7367703982214184,-4.103482658110886
1636731632849,2021-11-12T10:40:32.849,60.99,1.2614567673365804,1.686824247423831,-4.383336943614992
1636731632859,2021-11-12T10:40:32.859,61.0,1.2905633241541485,1.6722543146197006,-4.825845194639713
1636731632869,2021-11-12T10:40:32.869,61.01,0.8798217128980923,1.655554055374434,-5.513805394837202
1636731632879,2021-11-12T10:40:32.879,61.02,0.2627715939521198,1.6933311361098393,-6.439489718830595
1636731632889,2021-11-12T10:40:32.889,61.03,0.04714633695369666,1.8442148392283455,-7.481296095808519
1636731632899,2021-11-12T10:40:32.899,61.04,0.3433541447280742,2.0710570734384204,-8.589488718478307
1636731632909,2021-11-12T10:40:32.909,61.05,0.6248638199332435,2.2891334344885266,-9.87649688191194
1636731632919,2021-11-12T10:40:32.919,61.06,0.4761509854715546,2.448860740701092,-11.43570368980724
1636731632929,2021-11-12T10:40:32.929,61.07,-0.024594573302478925,2.514273209490677,-13.194617083702582
1636731632939,2021-11-12T10:40:32.939,61.08,-0.6487785473941771,2.4387147486265808,-15.011282981347254
1636731632949,2021-11-12T10:40:32.949,61.09,-1.2910376073190626,2.2314720248153206,-16.80752027512949
1636731632959,2021-11-12T10:40:32.959,61.1,-1.859754140764378,1.9864534841482198,-18.54710974152156
1636731632969,2021-11-12T10:40:32.969,61.11,-2.221216585030182,1.7870944703021938,-20.13472374065061
1636731632979,2021-11-12T10:40:32.979,61.12,-2.36900725380834,1.6170927537488922,-21.388893539337435
1636731632989,2021-11-12T10:40:32.989,61.13,-2.4822190630493073,1.3842169080954125,-22.122940939622584
1636731632999,2021-11-12T10:40:32.999,61.14,-2.7213409885801587,0.9965788541986348,-22.24631376064695
1636731633009,2021-11-12T10:40:33.009,61.15,-3.08587963897767,0.41093942976597836,-21.807671058703207
1636731633019,2021-11-12T10:40:33.019,61.16,-3.528696192564418,-0.3541142828008061,-20.955075197885233
1636731633029,2021-11-12T10:40:33.029,61.17,-4.045306657271481,-1.2302871627280867,-19.835125888875012
1636731633039,2021-11-12T10:40:33.039,61.18,-4.565091640992147,-2.1283926995632343,-18.5508253123201
1636731633049,2021-11-12T10:40:33.049,61.19,-4.902150249244829,-2.9604722944042434,-17.227845122521984
1636731633059,2021-11-12T10:40:33.059,61.2,-4.921660221934927,-3.6477083685368727,-16.011998026799418
1636731633069,2021-11-12T10:40:33.069,61.21,-4.696329783559762,-4.126173378651556,-14.950561975251606
1636731633079,2021-11-12T10:40:33.079,61.22,-4.412310142223047,-4.345834666189077,-13.99580464267766
1636731633089,2021-11-12T10:40:33.089,61.23,-4.118241950374302,-4.274726323001497,-13.13537835345213
1636731633099,2021-11-12T10:40:33.099,61.24,-3.702785209518577,-3.956206564437525,-12.357709310991384
1636731633109,2021-11-12T10:40:33.109,61.25,-3.235479423657588,-3.5827553899012416,-11.505137080325415
1636731633119,2021-11-12T10:40:33.119,61.26,-3.1317377053245283,-3.4425446072010484,-10.367733887740544
1636731633129,2021-11-12T10:40:33.129,61.27,-3.675504498485682,-3.721480639660075,-8.92841085436837
1636731633139,2021-11-12T10:40:33.139,61.28,-4.513917151044274,-4.36617847560766,-7.341075272975845
1636731633149,2021-11-12T10:40:33.149,61.29,-4.9979261681424765,-5.160865225609477,-5.706011001532538
1636731633159,2021-11-12T10:40:33.159,61.3,-4.902933921162395,-5.905496197662296,-4.054201628508177
1636731633169,2021-11-12T10:40:33.169,61.31,-4.433756193674029,-6.49845210915343,-2.5229434584611585
1636731633179,2021-11-12T10:40:33.179,61.32,-3.7325633853094073,-6.908894148248084,-1.3919586778712185
1636731633189,2021-11-12T10:40:33.189,61.33,-2.869763110560799,-7.148996472368328,-0.913490969294243
1636731633199,2021-11-12T10:40:33.199,61.34,-2.1394187416276953,-7.256038328038555,-1.0742930244364646
1636731633209,2021-11-12T10:40:33.209,61.35,-1.8637036343033775,-7.245246572846401,-1.4722838728014926
1636731633219,2021-11-12T10:40:33.219,61.36,-2.0127522629433927,-7.122137707764834,-1.5742717635934889
1636731633229,2021-11-12T10:40:33.229,61.37,-2.391116476814434,-6.987726630943504,-1.2473127349097113
1636731633239,2021-11-12T10:40:33.239,61.38,-3.030143347610877,-7.025943318344762,-0.8898529386913361
1636731633249,2021-11-12T10:40:33.249,61.39,-4.029729917250131,-7.278603794660524,-0.9288862470636168
1636731633259,2021-11-12T10:40:33.259,61.4,-5.1220036724766285,-7.509366194705379,-1.368604607469091
1636731633269,2021-11-12T10:40:33.269,61.41,-5.7056508015269705,-7.3946075131175375,-1.8753851112617796
1636731633279,2021-11-12T10:40:33.279,61.42,-5.38316332659849,-6.798317045703957,-2.0713897889395674
1636731633289,2021-11-12T10:40:33.289,61.43,-4.382086243910715,-5.808891651051251,-1.6671986565865717
1636731633299,2021-11-12T10:40:33.299,61.44,-3.3135338093871383,-4.619685866761701,-0.4777832705212391
1636731633309,2021-11-12T10:40:33.309,61.45,-2.495702544744228,-3.477976043563534,1.504084277292787
1636731633319,2021-11-12T10:40:33.319,61.46,-1.822684924609009,-2.652329691024743,3.9359281981051764
1636731633329,2021-11-12T10:40:33.329,61.47,-1.389859569151859,-2.2894213578205367,6.101629048442541
1636731633339,2021-11-12T10:40:33.339,61.48,-1.6823679315578701,-2.2962103235192592,7.317305101524416
1636731633349,2021-11-12T10:40:33.349,61.49,-2.906030414214052,-2.453462432738744,7.493972650486884
1636731633359,2021-11-12T10:40:33.359,61.5,-4.7393380104913065,-2.6586237903351417,7.276447669084229
1636731633369,2021-11-12T10:40:33.369,61.51,-6.907876383596422,-2.993806747772364,7.702738772775016
1636731633379,2021-11-12T10:40:33.379,61.52,-9.301892381746312,-3.55049621192049,9.702366288195963
1636731633389,2021-11-12T10:40:33.389,61.53,-11.362353436449562,-4.2741048667373995,13.556865461112679
1636731633399,2021-11-12T10:40:33.399,61.54,-12.001009421542477,-5.041693177879051,18.56246057564498
1636731633409,2021-11-12T10:40:33.409,61.55,-10.436002686584784,-5.849976950423673,23.324418902105847
1636731633419,2021-11-12T10:40:33.419,61.56,-6.985237440802079,-6.818584491627502,26.51371223091559
1636731633429,2021-11-12T10:40:33.429,61.57,-3.036850776383435,-7.923350106793601,27.47021819796469
1636731633439,2021-11-12T10:40:33.439,61.58,-0.08518588652762854,-8.796062977830546,26.528173047816487
1636731633449,2021-11-12T10:40:33.449,61.59,1.384185982346224,-9.015688162434852,25.002775086057405
1636731633459,2021-11-12T10:40:33.459,61.6,1.6793709018669398,-8.683530299045056,24.303505254067847
1636731633469,2021-11-12T10:40:33.469,61.61,0.5798787045851437,-8.46723423410554,24.587223698717246
1636731633479,2021-11-12T10:40:33.479,61.62,-2.6011977269418676,-8.868859393416026,24.711802977037777
1636731633489,2021-11-12T10:40:33.489,61.63,-7.082687712851439,-9.609167022676315,23.890691207211344
1636731633499,2021-11-12T10:40:33.499,61.64,-9.933119567025786,-9.912852887080398,22.930903059523835
1636731633509,2021-11-12T10:40:33.509,61.65,-8.368839038761974,-9.254979378985851,23.388393553353023
1636731633519,2021-11-12T10:40:33.519,61.66,-2.59568678207272,-7.697421559678602,25.650557056632337
1636731633529,2021-11-12T10:40:33.529,61.67,3.9303670428682866,-5.663923003790673,28.154032963676883
1636731633539,2021-11-12T10:40:33.539,61.68,7.396641605477425,-3.557571833084756,28.735814040905353
1636731633549,2021-11-12T10:40:33.549,61.69,7.131725579084064,-1.5599464684847217,26.803156901600595
1636731633559,2021-11-12T10:40:33.559,61.7,5.763243232448742,0.28952588682707603,23.825237489837583
1636731633569,2021-11-12T10:40:33.569,61.71,5.6886530477577235,1.8914453388526822,21.61373098871966
1636731633579,2021-11-12T10:40:33.579,61.72,6.602224362909693,3.0480207162639323,20.709411248224335
1636731633589,2021-11-12T10:40:33.589,61.73,6.935450920865371,3.647237039266299,20.596247538111058
1636731633599,2021-11-12T10:40:33.599,61.74,6.081528319317519,3.7864443654096647,20.693204245253135
1636731633609,2021-11-12T10:40:33.609,61.75,4.466060859696234,3.602478763800905,20.627639515151508
1636731633619,2021-11-12T10:40:33.619,61.76,2.8819583666592257,3.0119888345212615,19.958492191352203
1636731633629,2021-11-12T10:40:33.629,61.77,2.1653542507058017,1.7739403710672677,18.214699592854412
1636731633639,2021-11-12T10:40:33.639,61.78,2.2424607764752817,-0.10816693151606699,15.401045321379057
1636731633649,2021-11-12T10:40:33.649,61.79,1.891505645166896,-2.136463902403745,12.330268025170884
1636731633659,2021-11-12T10:40:33.659,61.8,0.7666616500972427,-3.6002056568310223,10.198246548920924
1636731633669,2021-11-12T10:40:33.669,61.81,0.388852429459904,-4.1295492865835906,9.745451918073918
1636731633679,2021-11-12T10:40:33.679,61.82,1.7852646993346901,-3.957129997067397,10.841883174455209
1636731633689,2021-11-12T10:40:33.689,61.83,3.8408135698281836,-3.689528017407488,12.686202522285592
1636731633699,2021-11-12T10:40:33.699,61.84,5.0408795652195675,-3.8574683210051557,14.297146513012583
1636731633709,2021-11-12T10:40:33.709,61.85,5.2272344741983146,-4.618710104527037,15.092140549297515
1636731633719,2021-11-12T10:40:33.719,61.86,4.945662617556176,-5.769016963974041,15.16574590612963
1636731633729,2021-11-12T10:40:33.729,61.87,4.28546701910949,-6.8956286011671235,14.912729806338668
1636731633739,2021-11-12T10:40:33.739,61.88,3.0407100883392717,-7.500490454088319,14.546378113201728
1636731633749,2021-11-12T10:40:33.749,61.89,1.5323964823650118,-7.2124318261531855,14.205282670199892
1636731633759,2021-11-12T10:40:33.759,61.9,0.5970962268632714,-6.100656226654246,14.183346261116549
1636731633769,2021-11-12T10:40:33.769,61.91,0.6290032652031514,-4.706862616752247,14.632991430894972
1636731633779,2021-11-12T10:40:33.779,61.92,1.162007545678001,-3.638077757848076,15.244706257084989
1636731633789,2021-11-12T10:40:33.789,61.93,1.6486564464145386,-3.149195682834729,15.532007911859814
1636731633799,2021-11-12T10:40:33.799,61.94,2.0506572636678024,-3.1114489669940855,15.307612421945121
1636731633809,2021-11-12T10:40:33.809,61.95,2.4057323472745495,-3.2458576824761214,14.759722898376891
1636731633819,2021-11-12T10:40:33.819,61.96,2.5253150343814497,-3.290810972254442,14.219621729758904
1636731633829,2021-11-12T10:40:33.829,61.97,2.392483658000451,-3.0466610404628227,13.903017564313972
1636731633839,2021-11-12T10:40:33.839,61.98,2.23465944340931,-2.4756547567202305,13.766795254919838
1636731633849,2021-11-12T10:40:33.849,61.99,2.109116127397539,-1.8131494168400768,13.634436864171212
1636731633859,2021-11-12T10:40:33.859,62.0,1.9525815280875571,-1.4417904678068783,13.462771799038574
1636731633869,2021-11-12T10:40:33.869,62.01,1.9456821815313994,-1.5767814555615574,13.335367132991912
1636731633879,2021-11-12T10:40:33.879,62.02,2.319757800509108,-2.0589408602462536,13.240777743347234
1636731633889,2021-11-12T10:40:33.889,62.03,2.826730524742752,-2.4504604144719635,13.09814446967091
1636731633899,2021-11-12T10:40:33.899,62.04,2.817452953965707,-2.479707273343574,12.950591474229299
1636731633909,2021-11-12T10:40:33.909,62.05,2.1265410353442737,-2.4339602782746894,12.906521447015074
1636731633919,2021-11-12T10:40:33.919,62.06,1.5365749757283986,-2.788563645800945,12.958727521594351
1636731633929,2021-11-12T10:40:33.929,62.07,1.6329712432898429,-3.412955833170235,13.04040778417609
1636731633939,2021-11-12T10:40:33.939,62.08,1.6160881048208182,-3.6829460770044466,13.182463804212183
1636731633949,2021-11-12T10:40:33.949,62.09,0.5427236321273166,-3.392365678314324,13.436792679864837
1636731633959,2021-11-12T10:40:33.959,62.1,-0.7644627671883071,-2.921549963449123,13.65021927221649
1636731633969,2021-11-12T10:40:33.969,62.11,-0.7556249208851329,-2.683708871785253,13.482440848951793
1636731633979,2021-11-12T10:40:33.979,62.12,0.4396058827090272,-2.9904697583161792,12.7134978505428
1636731633989,2021-11-12T10:40:33.989,62.13,1.3868993331799795,-3.885367366723801,11.40668071409801
1636731633999,2021-11-12T10:40:33.999,62.14,1.5446611225455742,-4.6405122058508095,9.733622758748304
1636731634009,2021-11-12T10:40:34.009,62.15,1.50214030150067,-4.362666212997939,7.8075938000493394
1636731634019,2021-11-12T10:40:34.019,62.16,1.5023357948334504,-3.358261485983469,5.746546174799898
1636731634029,2021-11-12T10:40:34.029,62.17,1.1013895587604754,-2.8059567612964447,3.7476753506521905
1636731634039,2021-11-12T10:40:34.039,62.18,0.20942905126138645,-3.0736470412165984,2.018017130259916
1636731634049,2021-11-12T10:40:34.049,62.19,-0.5040779701881444,-3.418996857498488,0.7023634373948673
1636731634059,2021-11-12T10:40:34.059,62.2,-0.48438530845607053,-3.2526030452490096,-0.1027511085457475
1636731634069,2021-11-12T10:40:34.069,62.21,-0.031208236694373337,-2.8040022692027056,-0.37356030990473327
1636731634079,2021-11-12T10:40:34.079,62.22,0.1442180543571419,-2.565247512086313,-0.29337474638337413
1636731634089,2021-11-12T10:40:34.089,62.23,-0.23759580801020022,-2.727712762389393,-0.31936459302361486
1636731634099,2021-11-12T10:40:34.099,62.24,-0.9234224863143942,-3.237269813325555,-0.9482520070663893
1636731634109,2021-11-12T10:40:34.109,62.25,-1.5642924611195401,-3.9502432432994343,-2.2758150139232534
1636731634119,2021-11-12T10:40:34.119,62.26,-1.9266982244683382,-4.6025395045758595,-3.8236354542037265
1636731634129,2021-11-12T10:40:34.129,62.27,-1.8425464279045802,-4.895836269371647,-4.921795798812224
1636731634139,2021-11-12T10:40:34.139,62.28,-1.149204655615583,-4.714288515504189,-5.267820550980091
1636731634149,2021-11-12T10:40:34.149,62.29,0.301674890459952,-4.159340363821238,-5.065461768229884
1636731634159,2021-11-12T10:40:34.159,62.3,2.417131930329119,-3.4428925587741324,-4.7182867126886245
1636731634169,2021-11-12T10:40:34.169,62.31,4.628632593683687,-2.8427735977995274,-4.5305129454544515
1636731634179,2021-11-12T10:40:34.179,62.32,6.2187468439847216,-2.620833942204916,-4.647019469203812
1636731634189,2021-11-12T10:40:34.189,62.33,6.974875347445865,-2.8331700462456975,-5.0924612442293515
1636731634199,2021-11-12T10:40:34.199,62.34,7.273937560128662,-3.2463642666133445,-5.803212882649475
1636731634209,2021-11-12T10:40:34.209,62.35,7.502620488192007,-3.4698131365077245,-6.714012586545787
1636731634219,2021-11-12T10:40:34.219,62.36,7.566396131016953,-3.1670205326804997,-7.863361550960593
1636731634229,2021-11-12T10:40:34.229,62.37,6.9849333035656755,-2.2172214390854896,-9.330307855851203
1636731634239,2021-11-12T10:40:34.239,62.38,5.4384986315708925,-0.7560751495700209,-11.01630340467053
1636731634249,2021-11-12T10:40:34.249,62.39,3.2119254058567996,0.9320223177766471,-12.606636212184922
1636731634259,2021-11-12T10:40:34.259,62.4,1.0087207563226497,2.5441803452457914,-13.877041825869988
1636731634269,2021-11-12T10:40:34.269,62.41,-0.6795820657015678,3.781839560952081,-14.967080555904225
1636731634279,2021-11-12T10:40:34.279,62.42,-1.870170788777959,4.376464215510057,-16.182403525761227
1636731634289,2021-11-12T10:40:34.289,62.43,-2.780917684433044,4.24858026782745,-17.557835720849408
1636731634299,2021-11-12T10:40:34.299,62.44,-3.4697082822150196,3.626642061597254,-18.808231960865026
1636731634309,2021-11-12T10:40:34.309,62.45,-3.852161173268853,2.9055272197535515,-19.693856079894527
1636731634319,2021-11-12T10:40:34.319,62.46,-3.8910288208371924,2.385216169095881,-20.225312037536085
1636731634329,2021-11-12T10:40:34.329,62.47,-3.6419264600494534,2.1724569612398343,-20.536117384590455
1636731634339,2021-11-12T10:40:34.339,62.48,-3.1807877382929686,2.243441695795629,-20.767151915920707
1636731634349,2021-11-12T10:40:34.349,62.49,-2.5959418355285027,2.499655822793331,-21.05285412605586
1636731634359,2021-11-12T10:40:34.359,62.5,-2.052847721202199,2.7939114106188585,-21.466246596277884
1636731634369,2021-11-12T10:40:34.369,62.51,-1.749293779333299,2.99563325114689,-22.01209129914611
1636731634379,2021-11-12T10:40:34.379,62.52,-1.7313924193624535,3.0791835507779495,-22.720844757554282
1636731634389,2021-11-12T10:40:34.389,62.53,-1.8454631905665138,3.1417891297169733,-23.623120218855
1636731634399,2021-11-12T10:40:34.399,62.54,-1.9531269874437571,3.318501150277462,-24.584671558480004
1636731634409,2021-11-12T10:40:34.409,62.55,-2.0977168524984093,3.6802601085818574,-25.311505742506146
1636731634419,2021-11-12T10:40:34.419,62.56,-2.368002660671475,4.184686377417231,-25.590311812029917
1636731634429,2021-11-12T10:40:34.429,62.57,-2.686704035457586,4.671995490540145,-25.452413705807064
1636731634439,2021-11-12T10:40:34.439,62.58,-2.8810214705233133,4.947056606731478,-25.103614584339624
1636731634449,2021-11-12T10:40:34.449,62.59,-2.953591675585602,4.961466722798932,-24.789048252896812
1636731634459,2021-11-12T10:40:34.459,62.6,-3.0697559175590614,4.884377889805471,-24.724503773518
1636731634469,2021-11-12T10:40:34.469,62.61,-3.20502063116238,4.891601690189197,-25.028275999879707
1636731634479,2021-11-12T10:40:34.479,62.62,-3.1104799973575634,4.948759097375816,-25.628477416875263
1636731634489,2021-11-12T10:40:34.489,62.63,-2.754272191665062,4.933966597281309,-26.269831222419672
1636731634499,2021-11-12T10:40:34.499,62.64,-2.46436722621105,4.874806807684606,-26.60914612482133
1636731634509,2021-11-12T10:40:34.509,62.65,-2.502286659706578,4.896809808374961,-26.23877918794409
1636731634519,2021-11-12T10:40:34.519,62.66,-2.7169188591651303,5.052564504918523,-24.827578557004646
1636731634529,2021-11-12T10:40:34.529,62.67,-2.6945772966596455,5.391712723482816,-22.64624099096951
1636731634539,2021-11-12T10:40:34.539,62.68,-2.1939237391146578,6.105363819807732,-20.835622966414398
1636731634549,2021-11-12T10:40:34.549,62.69,-1.4172206733099286,7.387750490327912,-20.5602731861512
1636731634559,2021-11-12T10:40:34.559,62.7,-0.8079315093870578,9.144996531223418,-21.78962414203189
1636731634569,2021-11-12T10:40:34.569,62.71,-0.5774637711829639,11.008003620223121,-23.318301342208017
1636731634579,2021-11-12T10:40:34.579,62.72,-0.5086249310585811,12.712342147964456,-23.988610686003533
1636731634589,2021-11-12T10:40:34.589,62.73,-0.2867912971383867,14.314198102676134,-23.527630308001704
1636731634599,2021-11-12T10:40:34.599,62.74,0.007034199885991341,15.896965804335998,-22.195000655197976
1636731634609,2021-11-12T10:40:34.609,62.75,-0.03239961101288527,17.246303183910104,-19.988938814262895
1636731634619,2021-11-12T10:40:34.619,62.76,-0.3758367626465424,18.053264774652277,-16.561824931539334
1636731634629,2021-11-12T10:40:34.629,62.77,-0.24722496611675476,18.30398589206836,-12.10418081516172
1636731634639,2021-11-12T10:40:34.639,62.78,0.8750424724198183,18.214256100496204,-8.02360647811476
1636731634649,2021-11-12T10:40:34.649,62.79,2.2500148214089584,17.889592748951223,-6.088495310885446
1636731634659,2021-11-12T10:40:34.659,62.8,2.6621549936352795,17.282886826250362,-6.749151781763621
1636731634669,2021-11-12T10:40:34.669,62.81,2.0693021726688814,16.391456378413853,-8.791771326125662
1636731634679,2021-11-12T10:40:34.679,62.82,1.5828232608883996,15.296003160041378,-10.711876804161427
1636731634689,2021-11-12T10:40:34.689,62.83,1.8225119858313952,14.057256889819968,-11.895404283545925
1636731634699,2021-11-12T10:40:34.699,62.84,2.2128918110163003,12.711788892290112,-12.416433568287644
1636731634709,2021-11-12T10:40:34.709,62.85,2.0759992224128276,11.35099036079157,-12.317190626068722
1636731634719,2021-11-12T10:40:34.719,62.86,1.6038528807544106,10.102167225029822,-11.402808652461944
1636731634729,2021-11-12T10:40:34.729,62.87,1.4277425018754726,9.01148154784267,-9.519603345503626
1636731634739,2021-11-12T10:40:34.739,62.88,1.7601772797013997,8.035408108424814,-6.930287706082542
1636731634749,2021-11-12T10:40:34.749,62.89,2.2903296427816935,7.210304231837999,-4.449712800685727
1636731634759,2021-11-12T10:40:34.759,62.9,2.6850058643750865,6.734246049399818,-3.008687792088243
1636731634769,2021-11-12T10:40:34.769,62.91,2.93066819869515,6.749639846150462,-2.913315849331137
1636731634779,2021-11-12T10:40:34.779,62.92,3.1719290875909687,7.102876000139645,-3.6584572016589276
1636731634789,2021-11-12T10:40:34.789,62.93,3.362496530029036,7.473485828715923,-4.50076045049462
1636731634799,2021-11-12T10:40:34.799,62.94,3.275368674328091,7.7089139006867775,-5.016519765577901
1636731634809,2021-11-12T10:40:34.809,62.95,2.8865999572072614,7.8739354553473095,-5.083268179630644
1636731634819,2021-11-12T10:40:34.819,62.96,2.4831326369259696,8.00788412203173,-4.537187050395084
1636731634829,2021-11-12T10:40:34.829,62.97,2.2736055572820146,8.041297495854405,-3.01465614744943
1636731634839,2021-11-12T10:40:34.839,62.98,2.2496414623646066,7.973832708921337,-0.2769998901839834
1636731634849,2021-11-12T10:40:34.849,62.99,2.5135794895228116,7.945968086929978,3.175157882189297
1636731634859,2021-11-12T10:40:34.859,63.0,3.180780351023053,8.077648282172918,6.028914963469582
1636731634869,2021-11-12T10:40:34.869,63.01,3.9061058957925843,8.350603205158631,7.113173455983846
1636731634879,2021-11-12T10:40:34.879,63.02,4.1477845814498995,8.659546075264215,6.39710853367937
1636731634889,2021-11-12T10:40:34.889,63.03,3.87529782173901,8.882634074211321,4.767182580840035
1636731634899,2021-11-12T10:40:34.899,63.04,3.507907826172441,8.909900165803112,3.0323496565345343
1636731634909,2021-11-12T10:40:34.909,63.05,3.3074521051371297,8.683237907128369,1.5178553532095465
1636731634919,2021-11-12T10:40:34.919,63.06,3.1651486426648296,8.217467957839904,0.3628544946450514
1636731634929,2021-11-12T10:40:34.929,63.07,2.8246453409513896,7.547386204083068,-0.2864354195292569
1636731634939,2021-11-12T10:40:34.939,63.08,2.1699881424909235,6.657983908388687,-0.32798936745025215
1636731634949,2021-11-12T10:40:34.949,63.09,1.392824072945939,5.517446588192656,0.3152593883580347
1636731634959,2021-11-12T10:40:34.959,63.1,0.8717868855933513,4.198545546572204,1.6751302604489906
1636731634969,2021-11-12T10:40:34.969,63.11,0.8142183977480818,2.8812656303319217,3.5554858916466783
1636731634979,2021-11-12T10:40:34.979,63.12,1.0630293664994186,1.6761382140080525,5.496185284610997
1636731634989,2021-11-12T10:40:34.989,63.13,1.309610266338678,0.5374106298919819,7.046957647551763
1636731634999,2021-11-12T10:40:34.999,63.14,1.4088192179598304,-0.6099147910580551,8.04097342479283
1636731635009,2021-11-12T10:40:35.009,63.15,1.3777521763468725,-1.7722840811972989,8.583826097352034
1636731635019,2021-11-12T10:40:35.019,63.16,1.2085536153171175,-2.9286761895583027,8.862671735830329
1636731635029,2021-11-12T10:40:35.029,63.17,0.9066965263664006,-4.05734455474931,9.042198822187215
1636731635039,2021-11-12T10:40:35.039,63.18,0.6396382350338625,-5.122397044514065,9.296849206765355
1636731635049,2021-11-12T10:40:35.049,63.19,0.603344324425701,-6.089167847622919,9.790677976143378
1636731635059,2021-11-12T10:40:35.059,63.2,0.7606551466304671,-6.9269860195993544,10.536455111584019
1636731635069,2021-11-12T10:40:35.069,63.21,0.8675401730269524,-7.589827147768337,11.345836535768441
1636731635079,2021-11-12T10:40:35.079,63.22,0.725741607603322,-8.034369282297305,12.013071296730104
1636731635089,2021-11-12T10:40:35.089,63.23,0.3113679525827969,-8.255245901264988,12.504383814477691
1636731635099,2021-11-12T10:40:35.099,63.24,-0.2969563276294834,-8.281858190195425,12.871229397251895
1636731635109,2021-11-12T10:40:35.109,63.25,-0.9759648423897291,-8.142020320655806,13.032071043218554
1636731635119,2021-11-12T10:40:35.119,63.26,-1.4919107512168936,-7.819200620006303,12.783153809997224
1636731635129,2021-11-12T10:40:35.129,63.27,-1.4982888991992855,-7.231127082308566,12.031847014984306
1636731635139,2021-11-12T10:40:35.139,63.28,-0.7451784527072531,-6.2888398035277095,10.926172024409812
1636731635149,2021-11-12T10:40:35.149,63.29,0.6732854073024798,-5.038831848958095,9.731969651272614
1636731635159,2021-11-12T10:40:35.159,63.3,2.2809746179184334,-3.7193987804850543,8.614053629101084
1636731635169,2021-11-12T10:40:35.169,63.31,3.4879047556290574,-2.585987184832751,7.559435822907966
1636731635179,2021-11-12T10:40:35.179,63.32,4.020323688449096,-1.6861717517568842,6.5161449334668315
1636731635189,2021-11-12T10:40:35.189,63.33,4.036001528173883,-0.883935510499436,5.524343388256604
1636731635199,2021-11-12T10:40:35.199,63.34,3.7195845553351474,-0.07463470136266301,4.61610705697789
1636731635209,2021-11-12T10:40:35.209,63.35,3.0093498022054117,0.7297953026489603,3.6938572555284273
1636731635219,2021-11-12T10:40:35.219,63.36,1.9191646207922233,1.4995917591152255,2.6838934161674
1636731635229,2021-11-12T10:40:35.229,63.37,0.772210990286824,2.2239472649412786,1.7281403626792913
1636731635239,2021-11-12T10:40:35.239,63.38,-0.17870233155554838,2.826709808744047,1.0570753226931058
1636731635249,2021-11-12T10:40:35.249,63.39,-1.051496217306052,3.1795772922277976,0.7430648436245976
1636731635259,2021-11-12T10:40:35.259,63.4,-2.025729524520473,3.2418668220612137,0.6904698536977716
1636731635269,2021-11-12T10:40:35.269,63.41,-3.0212392502454755,3.078325252319539,0.7821888083380737
1636731635279,2021-11-12T10:40:35.279,63.42,-3.863778831937979,2.726001558393987,0.9396296962294631
1636731635289,2021-11-12T10:40:35.289,63.43,-4.538180196904844,2.1677259463789866,1.1060611738342327
1636731635299,2021-11-12T10:40:35.299,63.44,-5.115096124104612,1.438480442109778,1.2635521684621969
1636731635309,2021-11-12T10:40:35.309,63.45,-5.572396710661141,0.637517272586342,1.4409380034434287
1636731635319,2021-11-12T10:40:35.319,63.46,-5.834080206683821,-0.15332330110894193,1.6461014298875476
1636731635329,2021-11-12T10:40:35.329,63.47,-5.898547566810011,-0.8798543042481128,1.8122957552263346
1636731635339,2021-11-12T10:40:35.339,63.48,-5.79485277973402,-1.4965776364884253,1.852681575603351
1636731635349,2021-11-12T10:40:35.349,63.49,-5.491085042667156,-2.00243867601354,1.7462745714331245
1636731635359,2021-11-12T10:40:35.359,63.5,-5.001676479708241,-2.449826256722873,1.5294629581042547
1636731635369,2021-11-12T10:40:35.369,63.51,-4.49671935281925,-2.897844381649314,1.2064466489858445
1636731635379,2021-11-12T10:40:35.379,63.52,-4.081080961109923,-3.374590881162349,0.7223679556667493
1636731635389,2021-11-12T10:40:35.389,63.53,-3.5196854309945294,-3.8560878281482713,0.06465469359734377
1636731635399,2021-11-12T10:40:35.399,63.54,-2.4628360100618867,-4.287801345728987,-0.6601714250891624
1636731635409,2021-11-12T10:40:35.409,63.55,-0.9721445614941464,-4.675199080628862,-1.3137054724447463
1636731635419,2021-11-12T10:40:35.419,63.56,0.42190223239099434,-5.121153839374452,-1.8529695761640785
1636731635429,2021-11-12T10:40:35.429,63.57,1.2354582786165098,-5.715841969674671,-2.328776508703844
1636731635439,2021-11-12T10:40:35.439,63.58,1.4192574116337249,-6.426251880353972,-2.7933075349915564
1636731635449,2021-11-12T10:40:35.449,63.59,1.2354540679476431,-7.144182172278635,-3.2242312655280028
1636731635459,2021-11-12T10:40:35.459,63.6,0.969095360110544,-7.793914559002719,-3.520071500326898
1636731635469,2021-11-12T10:40:35.469,63.61,0.8028113901405185,-8.330839125590998,-3.5838730216952697
1636731635479,2021-11-12T10:40:35.479,63.62,0.7780196644920712,-8.684693828817867,-3.400074286810364
1636731635489,2021-11-12T10:40:35.489,63.63,0.8032473089911332,-8.797975232637405,-2.9976552005491808
1636731635499,2021-11-12T10:40:35.499,63.64,0.815127161969626,-8.709985167215175,-2.388963497617402
1636731635509,2021-11-12T10:40:35.509,63.65,0.9149996709801441,-8.511215280099032,-1.5922809831020475
1636731635519,2021-11-12T10:40:35.519,63.66,1.2155559767234874,-8.202924586061078,-0.6637197176104432
1636731635529,2021-11-12T10:40:35.529,63.67,1.6147604561206763,-7.70361449383643,0.3172370315982942
1636731635539,2021-11-12T10:40:35.539,63.68,1.8564223039251468,-7.027711678504765,1.261477131807141
1636731635549,2021-11-12T10:40:35.549,63.69,1.7585193665077394,-6.338722231527437,2.0908456675080087
1636731635559,2021-11-12T10:40:35.559,63.7,1.3090830976915546,-5.7656361312224735,2.7686029275853756
1636731635569,2021-11-12T10:40:35.569,63.71,0.6213780105973247,-5.278680347692074,3.274382375562373
1636731635579,2021-11-12T10:40:35.579,63.72,-0.12439010875405664,-4.792973901107956,3.5578218973387417
1636731635589,2021-11-12T10:40:35.589,63.73,-0.7392001907770172,-4.270464481350148,3.5759269356209193
1636731635599,2021-11-12T10:40:35.599,63.74,-1.11814001365803,-3.6870752736524564,3.36744630752868
1636731635609,2021-11-12T10:40:35.609,63.75,-1.3029298961720968,-3.0354704109363526,3.050276395160199
1636731635619,2021-11-12T10:40:35.619,63.76,-1.414972196482569,-2.389581112671254,2.7726841742595107
1636731635629,2021-11-12T10:40:35.629,63.77,-1.535717027453296,-1.8543679471980958,2.6756604749557416
1636731635639,2021-11-12T10:40:35.639,63.78,-1.6968019187896455,-1.460564444322016,2.827734289868783
1636731635649,2021-11-12T10:40:35.649,63.79,-1.9403049302577027,-1.208773038445209,3.1706616778512227
1636731635659,2021-11-12T10:40:35.659,63.8,-2.2872016239051955,-1.1575474339290608,3.580358279334492
1636731635669,2021-11-12T10:40:35.669,63.81,-2.639388329241071,-1.3349779725288873,3.969200591059043
1636731635679,2021-11-12T10:40:35.679,63.82,-2.824800372251186,-1.6169532391717403,4.285792662219584
1636731635689,2021-11-12T10:40:35.689,63.83,-2.8197789057707574,-1.833444396661772,4.46501097465107
1636731635699,2021-11-12T10:40:35.699,63.84,-2.825312308683305,-1.9660668051797268,4.450736559297135
1636731635709,2021-11-12T10:40:35.709,63.85,-3.0086833969229607,-2.1271937167284705,4.2613659055906945
1636731635719,2021-11-12T10:40:35.719,63.86,-3.2809992435770248,-2.3658681472980017,3.9937175966606135
1636731635729,2021-11-12T10:40:35.729,63.87,-3.410986523288812,-2.5832292457675337,3.752460015073808
1636731635739,2021-11-12T10:40:35.739,63.88,-3.203491141313821,-2.6332586640312385,3.593076788008015
1636731635749,2021-11-12T10:40:35.749,63.89,-2.57710922874275,-2.4513363690754173,3.528068854840775
1636731635759,2021-11-12T10:40:35.759,63.9,-1.6937326432237736,-2.0800237767662235,3.543190999540506
1636731635769,2021-11-12T10:40:35.769,63.91,-0.9422181879493183,-1.6006869209568022,3.613003646563066
1636731635779,2021-11-12T10:40:35.779,63.92,-0.5785631311222161,-1.0647282771257824,3.7615503371566064
1636731635789,2021-11-12T10:40:35.789,63.93,-0.508080493957914,-0.4951786859578433,4.0867755050962105
1636731635799,2021-11-12T10:40:35.799,63.94,-0.536779964759896,0.08592377256134556,4.6670582497655975
1636731635809,2021-11-12T10:40:35.809,63.95,-0.5901512423323372,0.6802190380145875,5.484802796622301
1636731635819,2021-11-12T10:40:35.819,63.96,-0.6034383809801419,1.3275357599550794,6.449480664638606
1636731635829,2021-11-12T10:40:35.829,63.97,-0.4905668427827693,2.030643682933076,7.393200641679216
1636731635839,2021-11-12T10:40:35.839,63.98,-0.29683776517160304,2.695250123971021,8.069457649514879
1636731635849,2021-11-12T10:40:35.849,63.99,-0.1570591377384754,3.213662517475536,8.313091237860771
1636731635859,2021-11-12T10:40:35.859,64.0,-0.09656101265516062,3.5784794239746924,8.199742089955492
1636731635869,2021-11-12T10:40:35.869,64.01,-0.033519961210380894,3.8422773945312523,7.9486648296191635
1636731635879,2021-11-12T10:40:35.879,64.02,0.075128148818908,3.9950892349425944,7.713310454019118
1636731635889,2021-11-12T10:40:35.889,64.03,0.193196142586381,3.959541998637402,7.535922999819178
1636731635899,2021-11-12T10:40:35.899,64.04,0.23108189015142855,3.681183288322516,7.435765281128559
1636731635909,2021-11-12T10:40:35.909,64.05,0.07785657867094703,3.156233664555577,7.446107584867367
1636731635919,2021-11-12T10:40:35.919,64.06,-0.2921385557761601,2.403627335265457,7.561105359827264
1636731635929,2021-11-12T10:40:35.929,64.07,-0.7511071407965769,1.464390806750921,7.710131707220341
1636731635939,2021-11-12T10:40:35.939,64.08,-1.1314778155177132,0.4040803882696823,7.82763550691436
1636731635949,2021-11-12T10:40:35.949,64.09,-1.347164977018817,-0.703538978314397,7.900103263115989
1636731635959,2021-11-12T10:40:35.959,64.1,-1.3678009489108103,-1.7822065101723643,7.8946899725790285
1636731635969,2021-11-12T10:40:35.969,64.11,-1.2268708153019472,-2.7753835125630086,7.708232719537632
1636731635979,2021-11-12T10:40:35.979,64.12,-1.1031462043769433,-3.6863858481920966,7.260716263093175
1636731635989,2021-11-12T10:40:35.989,64.13,-1.1749284189777467,-4.53565435127118,6.598264532277126
1636731635999,2021-11-12T10:40:35.999,64.14,-1.3272033042332325,-5.259940814223288,5.850537979111989
1636731636009,2021-11-12T10:40:36.009,64.15,-1.2532794203603927,-5.748366977095439,5.115255716251769
1636731636019,2021-11-12T10:40:36.019,64.16,-0.8954060530723303,-5.993423129028731,4.424455908735373
1636731636029,2021-11-12T10:40:36.029,64.17,-0.5193491629471635,-6.090463992680839,3.8036286085393636
1636731636039,2021-11-12T10:40:36.039,64.18,-0.33786828029480664,-6.086806646154676,3.3049426188517166
1636731636049,2021-11-12T10:40:36.049,64.19,-0.31497536888143335,-5.960926754126081,2.9642009135806355
1636731636059,2021-11-12T10:40:36.059,64.2,-0.33355099941040356,-5.740974340764065,2.7736694360603953
1636731636069,2021-11-12T10:40:36.069,64.21,-0.3416677790334241,-5.516145088393948,2.709415494842029
1636731636079,2021-11-12T10:40:36.079,64.22,-0.3264957358551367,-5.327737140804814,2.737032503689034
1636731636089,2021-11-12T10:40:36.089,64.23,-0.26886112149270935,-5.131574627015939,2.8090439689469084
1636731636099,2021-11-12T10:40:36.099,64.24,-0.14879248228518807,-4.876072477888863,2.9109822240502083
1636731636109,2021-11-12T10:40:36.109,64.25,0.027589961216170317,-4.576896337971188,3.0690044670106413
1636731636119,2021-11-12T10:40:36.119,64.26,0.21947092230944049,-4.30163175547988,3.2730231510229073
1636731636129,2021-11-12T10:40:36.129,64.27,0.38917368681931863,-4.107567254276494,3.4552473161638804
1636731636139,2021-11-12T10:40:36.139,64.28,0.5372469526262149,-4.014313457498174,3.564898731349173
1636731636149,2021-11-12T10:40:36.149,64.29,0.6738493504974447,-4.001453161161028,3.589781967341152
1636731636159,2021-11-12T10:40:36.159,64.3,0.7812506869834296,-4.009490797831603,3.505675813906911
1636731636169,2021-11-12T10:40:36.169,64.31,0.833172015091505,-3.9814341851615995,3.292825033573587
1636731636179,2021-11-12T10:40:36.179,64.32,0.8246130421833036,-3.91206866626297,2.9981211399008445
1636731636189,2021-11-12T10:40:36.189,64.33,0.7739611175212951,-3.828076995180965,2.698654936746771
1636731636199,2021-11-12T10:40:36.199,64.34,0.7154086191871588,-3.7378962318225284,2.410073252886345
1636731636209,2021-11-12T10:40:36.209,64.35,0.6594960569569193,-3.6236533626670657,2.1021818088554878
1636731636219,2021-11-12T10:40:36.219,64.36,0.5558849661366256,-3.46477826441068,1.8036264633804295
1636731636229,2021-11-12T10:40:36.229,64.37,0.3716153178398466,-3.267475272670846,1.6169961440098344
1636731636239,2021-11-12T10:40:36.239,64.38,0.19557865981518374,-3.0709521349362507,1.5928234555958154
1636731636249,2021-11-12T10:40:36.249,64.39,0.15140161982418404,-2.897284079184927,1.6465392421482377
1636731636259,2021-11-12T10:40:36.259,64.4,0.23008106464299286,-2.705828471309704,1.6595991145142888
1636731636269,2021-11-12T10:40:36.269,64.41,0.33641132823127323,-2.4372038220635517,1.6066179367533253
1636731636279,2021-11-12T10:40:36.279,64.42,0.45052139565771854,-2.0901328079700097,1.5058530065807063
1636731636289,2021-11-12T10:40:36.289,64.43,0.5903165935207129,-1.7184057505926502,1.2961343763370237
1636731636299,2021-11-12T10:40:36.299,64.44,0.6629553772387586,-1.357226395486141,0.8592807826101561
1636731636309,2021-11-12T10:40:36.309,64.45,0.5360804250351502,-0.9900385557767024,0.16230616320777214
1636731636319,2021-11-12T10:40:36.319,64.46,0.27660802675453067,-0.6069935249296197,-0.6765921648746281
1636731636329,2021-11-12T10:40:36.329,64.47,0.15199312954930644,-0.25858430103523217,-1.4806583981858292
1636731636339,2021-11-12T10:40:36.339,64.48,0.2900749288246962,-0.005334324633774985,-2.159517644481311
1636731636349,2021-11-12T10:40:36.349,64.49,0.4751843454823321,0.17228220547783546,-2.7238183406550514
1636731636359,2021-11-12T10:40:36.359,64.5,0.4618229279023516,0.37936863573169405,-3.149230530931865
1636731636369,2021-11-12T10:40:36.369,64.51,0.37468786110206703,0.706379811300502,-3.3389282074567723
1636731636379,2021-11-12T10:40:36.379,64.52,0.536891561347129,1.114974466512058,-3.2879643279497186
1636731636389,2021-11-12T10:40:36.389,64.53,0.958085528302828,1.4468514530746113,-3.1445052684259456
1636731636399,2021-11-12T10:40:36.399,64.54,1.2803225092161346,1.579653525676668,-3.0331356164291607
1636731636409,2021-11-12T10:40:36.409,64.55,1.2345634748871228,1.554279155138516,-2.9539167703600944
1636731636419,2021-11-12T10:40:36.419,64.56,0.9193104377058705,1.5168053184834638,-2.8817100119487127
1636731636429,2021-11-12T10:40:36.429,64.57,0.622433623104006,1.5609702415169338,-2.828975780702226
1636731636439,2021-11-12T10:40:36.439,64.58,0.5122734022149271,1.6701749125278398,-2.810393041295521
1636731636449,2021-11-12T10:40:36.449,64.59,0.5049981839992534,1.7964508822788678,-2.8433303199931506
1636731636459,2021-11-12T10:40:36.459,64.6,0.39959272529327877,1.926164038860918,-2.958478802779684
1636731636469,2021-11-12T10:40:36.469,64.61,0.1336158478524342,2.0445570758997027,-3.1418385524430392
1636731636479,2021-11-12T10:40:36.479,64.62,-0.15568872220451135,2.103195769321598,-3.305784899494359
1636731636489,2021-11-12T10:40:36.489,64.63,-0.3073287820378786,2.0722050968945656,-3.3755432052441092
1636731636499,2021-11-12T10:40:36.499,64.64,-0.27283591870649854,1.9845439040911388,-3.36184735908903
1636731636509,2021-11-12T10:40:36.509,64.65,-0.11193400667107258,1.8883394639988644,-3.3081225908866574
1636731636519,2021-11-12T10:40:36.519,64.66,0.03955075375619984,1.7722500689233098,-3.2325537333940813
1636731636529,2021-11-12T10:40:36.529,64.67,0.04188360227137967,1.5709118896092162,-3.166647609173724
1636731636539,2021-11-12T10:40:36.539,64.68,-0.10313098698135206,1.2633600855245302,-3.1747344896392344
1636731636549,2021-11-12T10:40:36.549,64.69,-0.22431779946972125,0.9344435431498865,-3.2726444716525513
1636731636559,2021-11-12T10:40:36.559,64.7,-0.19695394050823134,0.6840152563030568,-3.3758835962926472
1636731636569,2021-11-12T10:40:36.569,64.71,-0.10896038842400241,0.5129355089482455,-3.3852343674658103
1636731636579,2021-11-12T10:40:36.579,64.72,-0.09844871105124356,0.35983606907744586,-3.297152102699224
1636731636589,2021-11-12T10:40:36.589,64.73,-0.16232007601658463,0.19415256159672806,-3.1851740586607784
1636731636599,2021-11-12T10:40:36.599,64.74,-0.2594713159327784,0.04024652376002761,-3.0958838327988474
1636731636609,2021-11-12T10:40:36.609,64.75,-0.40858998962696846,-0.03078358063430794,-3.018418267310681
1636731636619,2021-11-12T10:40:36.619,64.76,-0.5580166496295116,0.026734535290228553,-2.9477865156536103
1636731636629,2021-11-12T10:40:36.629,64.77,-0.5810205657634744,0.13056840163249994,-2.907546699784094
1636731636639,2021-11-12T10:40:36.639,64.78,-0.4791006914521117,0.1655157730713357,-2.8885896445717387
1636731636649,2021-11-12T10:40:36.649,64.79,-0.38664741866907604,0.17262401828522994,-2.831652816916379
1636731636659,2021-11-12T10:40:36.659,64.8,-0.3763403987193367,0.261245906697738,-2.7116411628713837
1636731636669,2021-11-12T10:40:36.669,64.81,-0.4304581721328995,0.3941562898348145,-2.5867680228219245
1636731636679,2021-11-12T10:40:36.679,64.82,-0.5368221357300784,0.4579859822144182,-2.5183116737098645
1636731636689,2021-11-12T10:40:36.689,64.83,-0.6817888835555299,0.45668640661614845,-2.4852403147452646
1636731636699,2021-11-12T10:40:36.699,64.84,-0.8251824973439674,0.46245924118719606,-2.422806313039887
1636731636709,2021-11-12T10:40:36.709,64.85,-0.9355301934923215,0.46991408970942333,-2.3111152466092273
1636731636719,2021-11-12T10:40:36.719,64.86,-0.9839406959584827,0.42716944497990517,-2.185261556345028
1636731636729,2021-11-12T10:40:36.729,64.87,-0.9417110131392884,0.32542603813772725,-2.077186438901908
1636731636739,2021-11-12T10:40:36.739,64.88,-0.8551429157000805,0.1773598664331635,-1.9857780402294898
1636731636749,2021-11-12T10:40:36.749,64.89,-0.8364628708156763,-0.015595505506285485,-1.9038765938312388
1636731636759,2021-11-12T10:40:36.759,64.9,-0.9184266115387325,-0.22628541103156186,-1.8320776100738259
1636731636769,2021-11-12T10:40:36.769,64.91,-1.014996292712448,-0.39975263508133885,-1.753476981394039
1636731636779,2021-11-12T10:40:36.779,64.92,-1.049732521858537,-0.5219852034444754,-1.639275303961744
1636731636789,2021-11-12T10:40:36.789,64.93,-1.0162133506940836,-0.6341696763088526,-1.491464882637811
1636731636799,2021-11-12T10:40:36.799,64.94,-0.9274979564118608,-0.7468064703239885,-1.35574407694367
1636731636809,2021-11-12T10:40:36.809,64.95,-0.8221291842708749,-0.7927969274429822,-1.3016217111444761
1636731636819,2021-11-12T10:40:36.819,64.96,-0.7869640445053225,-0.7137413032560163,-1.3834230565793326
1636731636829,2021-11-12T10:40:36.829,64.97,-0.8723929693134331,-0.5533333482872753,-1.5889076009541538
1636731636839,2021-11-12T10:40:36.839,64.98,-1.028546931452286,-0.40446978295996605,-1.8503728148184884
1636731636849,2021-11-12T10:40:36.849,64.99,-1.1910715050799672,-0.29059668693752,-2.1205663497998164
1636731636859,2021-11-12T10:40:36.859,65.0,-1.35181781129611,-0.16730846735599675,-2.3806554965116997
1636731636869,2021-11-12T10:40:36.869,65.01,-1.4838307981072785,-0.017337302891067097,-2.5818309903706242
1636731636879,2021-11-12T10:40:36.879,65.02,-1.4952870259472777,0.13383995239182397,-2.668816382791359
1636731636889,2021-11-12T10:40:36.889,65.03,-1.3364969885953346,0.27958854499672225,-2.6557053519727263
1636731636899,2021-11-12T10:40:36.899,65.04,-1.073151270483659,0.4393999369566858,-2.59792551571018
1636731636909,2021-11-12T10:40:36.909,65.05,-0.7901831601631526,0.6223163906722488,-2.4988677091540095
1636731636919,2021-11-12T10:40:36.919,65.06,-0.5006778228458877,0.8313393499502784,-2.308994364587441
1636731636929,2021-11-12T10:40:36.929,65.07,-0.20561091644851448,1.076017316418352,-2.019788931573185
1636731636939,2021-11-12T10:40:36.939,65.08,0.037288034146590404,1.3467151561703594,-1.7120222118207593
1636731636949,2021-11-12T10:40:36.949,65.09,0.1841529376986536,1.6094920867205413,-1.4745703645785966
1636731636959,2021-11-12T10:40:36.959,65.1,0.2896277274191054,1.8551258525482668,-1.295874539838277
1636731636969,2021-11-12T10:40:36.969,65.11,0.41744040870268173,2.1164023407545356,-1.0896199565395623
1636731636979,2021-11-12T10:40:36.979,65.12,0.48743754736756917,2.3988681689713753,-0.8087240165825594
1636731636989,2021-11-12T10:40:36.989,65.13,0.3363435980069228,2.6333769898849724,-0.4763484304327528
1636731636999,2021-11-12T10:40:36.999,65.14,-0.02038262639761683,2.750875530510469,-0.1344916827107845
1636731637009,2021-11-12T10:40:37.009,65.15,-0.2800384445853574,2.778162216440262,0.1937397882836347
1636731637019,2021-11-12T10:40:37.019,65.16,-0.15281395484511853,2.816750456689996,0.5205249269117161
1636731637029,2021-11-12T10:40:37.029,65.17,0.2630979137603121,2.9383983851321593,0.8736023250597285
1636731637039,2021-11-12T10:40:37.039,65.18,0.6707622543850468,3.1118172632714076,1.2338564684685434
1636731637049,2021-11-12T10:40:37.049,65.19,1.077082531995164,3.2231486476075357,1.5356397256814265
1636731637059,2021-11-12T10:40:37.059,65.2,1.6310462604552736,3.175937254886845,1.7429012971651656
1636731637069,2021-11-12T10:40:37.069,65.21,2.0396530456423703,2.9794003645972165,1.8560783724722008
1636731637079,2021-11-12T10:40:37.079,65.22,1.8132454397740077,2.7356411579834816,1.856027592054911
1636731637089,2021-11-12T10:40:37.089,65.23,1.1119710407358179,2.5396121265776883,1.7246254121967022
1636731637099,2021-11-12T10:40:37.099,65.24,0.6681537940161822,2.395842230796714,1.4993527269316216
1636731637109,2021-11-12T10:40:37.109,65.25,0.7562523126229916,2.2457126430968786,1.2373139142587755
1636731637119,2021-11-12T10:40:37.119,65.26,0.8831636664873048,2.0657137337573555,0.944968490968272
1636731637129,2021-11-12T10:40:37.129,65.27,0.6489777745818843,1.8847650188386005,0.5887980975178648
1636731637139,2021-11-12T10:40:37.139,65.28,0.26447042901586565,1.7081718926534508,0.1626869583876564
1636731637149,2021-11-12T10:40:37.149,65.29,0.049530960023657866,1.514620020038416,-0.29028809872038663
1636731637159,2021-11-12T10:40:37.159,65.3,0.0068648590515332526,1.326323843252426,-0.7335270440168494
1636731637169,2021-11-12T10:40:37.169,65.31,0.01941652005158129,1.1776028285630864,-1.1773495851710176
1636731637179,2021-11-12T10:40:37.179,65.32,0.042806569312217504,1.0373290472016572,-1.620954922947477
1636731637189,2021-11-12T10:40:37.189,65.33,0.05997713078358588,0.8694503371352857,-2.002515220061919
1636731637199,2021-11-12T10:40:37.199,65.34,0.07715438267173437,0.7200168731830228,-2.278328722055225
1636731637209,2021-11-12T10:40:37.209,65.35,0.11746009990803707,0.64903226314872,-2.4884842008767127
1636731637219,2021-11-12T10:40:37.219,65.36,0.1426803868752506,0.6447638140691221,-2.662027725748837
1636731637229,2021-11-12T10:40:37.229,65.37,0.08870937238703568,0.6726610453903481,-2.7327029601771025
1636731637239,2021-11-12T10:40:37.239,65.38,-0.03080224629968227,0.731127381583365,-2.6335203869954142
1636731637249,2021-11-12T10:40:37.249,65.39,-0.1766689236966831,0.820000110713254,-2.4169577072460138
1636731637259,2021-11-12T10:40:37.259,65.4,-0.38202981898786975,0.9135326463774579,-2.2121002758810437
1636731637269,2021-11-12T10:40:37.269,65.41,-0.6624678460910305,0.9678057523951897,-2.080011094996041
1636731637279,2021-11-12T10:40:37.279,65.42,-0.896327456757524,0.9394915446157832,-1.9546300018366898
1636731637289,2021-11-12T10:40:37.289,65.43,-0.9443959341028558,0.842672482678791,-1.7454930268886537
1636731637299,2021-11-12T10:40:37.299,65.44,-0.8277648333957713,0.760773175980828,-1.4571194127089102
1636731637309,2021-11-12T10:40:37.309,65.45,-0.6616558911663437,0.7294853885602128,-1.152118453866958
1636731637319,2021-11-12T10:40:37.319,65.46,-0.5106370295390857,0.6744221778869322,-0.859408247137179
1636731637329,2021-11-12T10:40:37.329,65.47,-0.41325133020901933,0.5423939481428319,-0.6073087642472119
1636731637339,2021-11-12T10:40:37.339,65.48,-0.4109106736114948,0.4084917007830511,-0.4655076993808359
1636731637349,2021-11-12T10:40:37.349,65.49,-0.45677565382746205,0.3777640775301987,-0.44946349171329614
1636731637359,2021-11-12T10:40:37.359,65.5,-0.42817534327301426,0.4392419350192427,-0.4648132458349872
1636731637369,2021-11-12T10:40:37.369,65.51,-0.28763483560834424,0.4839381611654042,-0.4328620152947589
1636731637379,2021-11-12T10:40:37.379,65.52,-0.10715761469032804,0.46008423587283104,-0.38503956876282397
1636731637389,2021-11-12T10:40:37.389,65.53,0.08657678935510232,0.4480877523631382,-0.3742758879502438
1636731637399,2021-11-12T10:40:37.399,65.54,0.33874048182398375,0.5462032274275421,-0.39489470064270976
1636731637409,2021-11-12T10:40:37.409,65.55,0.6080860931270455,0.7435009948948148,-0.4444718867064107
1636731637419,2021-11-12T10:40:37.419,65.56,0.7575844964291018,0.9557538256653533,-0.5669552058548192
1636731637429,2021-11-12T10:40:37.429,65.57,0.7615028686817775,1.1256094174093614,-0.7777410207829552
1636731637439,2021-11-12T10:40:37.439,65.58,0.7479369079568441,1.2446599463354937,-1.0140771456516813
1636731637449,2021-11-12T10:40:37.449,65.59,0.7946646965234079,1.328479307933626,-1.197822867791119
1636731637459,2021-11-12T10:40:37.459,65.6,0.8646116032754754,1.393592929660401,-1.296812474340883
1636731637469,2021-11-12T10:40:37.469,65.61,0.9392665342992437,1.43227412893171,-1.30829308184136
1636731637479,2021-11-12T10:40:37.479,65.62,1.0295256238082138,1.4215244827300848,-1.2448005124183896
1636731637489,2021-11-12T10:40:37.489,65.63,1.0883521556336717,1.3728702703230775,-1.1621918224462995
1636731637499,2021-11-12T10:40:37.499,65.64,1.0540701991386698,1.3376910939187736,-1.1367743531230778
1636731637509,2021-11-12T10:40:37.509,65.65,0.9297629992509883,1.3389591234577858,-1.1773894632003392
1636731637519,2021-11-12T10:40:37.519,65.66,0.7594432825077624,1.3381874733012573,-1.216406126634359
1636731637529,2021-11-12T10:40:37.529,65.67,0.5906949190206479,1.3066450313837195,-1.217080104103665
1636731637539,2021-11-12T10:40:37.539,65.68,0.46476156065739116,1.2748782461151489,-1.2258115568198167
1636731637549,2021-11-12T10:40:37.549,65.69,0.38229872531907416,1.2533519658663819,-1.2813782723279388
1636731637559,2021-11-12T10:40:37.559,65.7,0.29390498605445703,1.177771238437045,-1.3281813048698041
1636731637569,2021-11-12T10:40:37.569,65.71,0.16583241315809064,1.0141044202173346,-1.268695559886217
1636731637579,2021-11-12T10:40:37.579,65.72,0.03784638696382293,0.8411644958323954,-1.0771090738077702
1636731637589,2021-11-12T10:40:37.589,65.73,-0.008177615421347898,0.7463487557932454,-0.8142402714484076
1636731637599,2021-11-12T10:40:37.599,65.74,0.07533580259727467,0.7127774363636323,-0.5392364899559696
1636731637609,2021-11-12T10:40:37.609,65.75,0.26152095818474747,0.6863067352077727,-0.2709603336282812
1636731637619,2021-11-12T10:40:37.619,65.76,0.46040722656838196,0.6869223172347556,-0.05454584790882381
1636731637629,2021-11-12T10:40:37.629,65.77,0.5714474829979482,0.7768095173418174,0.00697704800436574
1636731637639,2021-11-12T10:40:37.639,65.78,0.5797127265705875,0.9610316122209412,-0.15820239565758942
1636731637649,2021-11-12T10:40:37.649,65.79,0.6040451741800887,1.1809189435829004,-0.5045130000601585
1636731637659,2021-11-12T10:40:37.659,65.8,0.7422043398099549,1.3880686443810961,-0.9115927220377819
1636731637669,2021-11-12T10:40:37.669,65.81,0.8609406737096614,1.582430865563934,-1.2904004239660978
1636731637679,2021-11-12T10:40:37.679,65.82,0.732780030408142,1.7651805996266603,-1.6199476915748314
1636731637689,2021-11-12T10:40:37.689,65.83,0.411089852280519,1.8870860040807989,-1.901691944733427
1636731637699,2021-11-12T10:40:37.699,65.84,0.23460294749134744,1.9062313834069569,-2.10233607003328
1636731637709,2021-11-12T10:40:37.709,65.85,0.4170945772129967,1.8817026024877743,-2.141430249568194
1636731637719,2021-11-12T10:40:37.719,65.86,0.8010191147792748,1.903145336177708,-1.9618202450701794
1636731637729,2021-11-12T10:40:37.729,65.87,1.0412038141609639,1.938987379600551,-1.6313116417322358
1636731637739,2021-11-12T10:40:37.739,65.88,1.0102467697506161,1.8942881419435689,-1.3135616525825162
1636731637749,2021-11-12T10:40:37.749,65.89,0.9707685751683881,1.7941357405153457,-1.0987334108695053
1636731637759,2021-11-12T10:40:37.759,65.9,1.1672531232587544,1.7526683953795055,-0.9320240357558196
1636731637769,2021-11-12T10:40:37.769,65.91,1.3889128104319268,1.7883341866112272,-0.7361030708629063
1636731637779,2021-11-12T10:40:37.779,65.92,1.3144387921999965,1.8129734825752117,-0.5120487615031459
1636731637789,2021-11-12T10:40:37.789,65.93,1.0850566200761222,1.781839066581684,-0.29057066545084764
1636731637799,2021-11-12T10:40:37.799,65.94,1.0658836378652525,1.7319464626275223,-0.07791049952992657
1636731637809,2021-11-12T10:40:37.809,65.95,1.2365667185708469,1.6864864567858735,0.11256607509321936
1636731637819,2021-11-12T10:40:37.819,65.96,1.26031701489582,1.6362974749282868,0.25131019055618853
1636731637829,2021-11-12T10:40:37.829,65.97,1.0286814612690045,1.6017358438581384,0.3566730681267094
1636731637839,2021-11-12T10:40:37.839,65.98,0.7902041680577081,1.603097051622107,0.5083684344435841
1636731637849,2021-11-12T10:40:37.849,65.99,0.7742598523238222,1.5970486612147274,0.7512367291422396
1636731637859,2021-11-12T10:40:37.859,66.0,0.9233450265145093,1.5323770600105229,1.036105775896097
1636731637869,2021-11-12T10:40:37.869,66.01,1.0353246434428969,1.416876900138424,1.3008548387484389
1636731637879,2021-11-12T10:40:37.879,66.02,1.0356509309567927,1.270877020775227,1.558006866750722
1636731637889,2021-11-12T10:40:37.889,66.03,1.0263775140240858,1.0932523563985166,1.852699862810853
1636731637899,2021-11-12T10:40:37.899,66.04,1.1070951802456648,0.9076580179509612,2.1849686460110345
1636731637909,2021-11-12T10:40:37.909,66.05,1.2531638875722544,0.7569432235214246,2.542081448593405
1636731637919,2021-11-12T10:40:37.919,66.06,1.412378368448807,0.6339522542467613,2.960632218236637
1636731637929,2021-11-12T10:40:37.929,66.07,1.597744025326696,0.47976360728525314,3.436562275482643
1636731637939,2021-11-12T10:40:37.939,66.08,1.7684180219814378,0.23590500969320938,3.7959089443278415
1636731637949,2021-11-12T10:40:37.949,66.09,1.7576017631945309,-0.13804084949591203,3.8343749489855736
1636731637959,2021-11-12T10:40:37.959,66.1,1.513677941176163,-0.6436037813212475,3.6154239866164284
1636731637969,2021-11-12T10:40:37.969,66.11,1.2968982477904287,-1.2152292361661736,3.4419254923515403
1636731637979,2021-11-12T10:40:37.979,66.12,1.4050971731049036,-1.7783011499917833,3.480708214679056
1636731637989,2021-11-12T10:40:37.989,66.13,1.8000055803160668,-2.321165470468762,3.589205996470989
1636731637999,2021-11-12T10:40:37.999,66.14,2.2141551175653116,-2.8390894302340763,3.551213594971225
1636731638009,2021-11-12T10:40:38.009,66.15,2.4801931242841206,-3.270082684924814,3.3122064762668404
1636731638019,2021-11-12T10:40:38.019,66.16,2.558315002112751,-3.56796447056311,2.9535028940983157
1636731638029,2021-11-12T10:40:38.029,66.17,2.4483483665923043,-3.7618427113165542,2.591482138941115
1636731638039,2021-11-12T10:40:38.039,66.18,2.2617146293353185,-3.879777298819074,2.330543233248066
1636731638049,2021-11-12T10:40:38.049,66.19,2.1760617018370128,-3.898923513539751,2.210881696155627
1636731638059,2021-11-12T10:40:38.059,66.2,2.2165366111047478,-3.812876662912649,2.188084011855536
1636731638069,2021-11-12T10:40:38.069,66.21,2.266548436598252,-3.6626033238114095,2.192500744010981
1636731638079,2021-11-12T10:40:38.079,66.22,2.2798137423450617,-3.478522219294838,2.18119871707158
1636731638089,2021-11-12T10:40:38.089,66.23,2.2850341458018795,-3.2641537569507495,2.1427095050481055
1636731638099,2021-11-12T10:40:38.099,66.24,2.244684680982304,-3.0350918133600895,2.1022500149826007
1636731638109,2021-11-12T10:40:38.109,66.25,2.101836658590355,-2.8141347640984633,2.1101791244623165
1636731638119,2021-11-12T10:40:38.119,66.26,1.9148086673321965,-2.59560098478088,2.1885648372574154
1636731638129,2021-11-12T10:40:38.129,66.27,1.792701972726568,-2.352474103831107,2.2977802461451065
1636731638139,2021-11-12T10:40:38.139,66.28,1.7424425916971868,-2.0754348637188276,2.3684267840649182
1636731638149,2021-11-12T10:40:38.149,66.29,1.7014553006588038,-1.7915036197256908,2.3578518373692465
1636731638159,2021-11-12T10:40:38.159,66.3,1.661796108575737,-1.539772305562534,2.2754683000600373
1636731638169,2021-11-12T10:40:38.169,66.31,1.6340847182637939,-1.327428393495457,2.1590096668972687
1636731638179,2021-11-12T10:40:38.179,66.32,1.5593339202597423,-1.1362237573168796,2.0248539948138427
1636731638189,2021-11-12T10:40:38.189,66.33,1.393346348040545,-0.9831307710350027,1.841504775222457
1636731638199,2021-11-12T10:40:38.199,66.34,1.1998895137934207,-0.9147689430523698,1.5587330345262145
1636731638209,2021-11-12T10:40:38.209,66.35,1.0414070175157115,-0.916721734999554,1.1721672639496192
1636731638219,2021-11-12T10:40:38.219,66.36,0.8838089293235443,-0.9052435103955947,0.7537665434129326
1636731638229,2021-11-12T10:40:38.229,66.37,0.7085024229918007,-0.847148331915254,0.4004812325899292
1636731638239,2021-11-12T10:40:38.239,66.38,0.58715334736721,-0.8202908958145556,0.16216800197633024
1636731638249,2021-11-12T10:40:38.249,66.39,0.5520025272019331,-0.910608187975759,0.046075887552414305
1636731638259,2021-11-12T10:40:38.259,66.4,0.5124848938313737,-1.1037523182360447,0.0648039850482563
1636731638269,2021-11-12T10:40:38.269,66.41,0.3864183940734034,-1.336681343993971,0.21844464976371367
1636731638279,2021-11-12T10:40:38.279,66.42,0.22305288461688647,-1.6040533333459006,0.4398263261803629
1636731638289,2021-11-12T10:40:38.289,66.43,0.11357097148239728,-1.9230642726591318,0.6223908607616842
1636731638299,2021-11-12T10:40:38.299,66.44,0.049265735410334126,-2.234942820435376,0.6937616947568402
1636731638309,2021-11-12T10:40:38.309,66.45,-0.030093153029889935,-2.447576116824316,0.6163849117200147
1636731638319,2021-11-12T10:40:38.319,66.46,-0.09575527994968738,-2.5488720041039445,0.37189131118129115
1636731638329,2021-11-12T10:40:38.329,66.47,-0.07190491954010778,-2.5999981603092173,0.012239548483497842
1636731638339,2021-11-12T10:40:38.339,66.48,-0.00920597676329249,-2.6489406036800056,-0.3339523312140574
1636731638349,2021-11-12T10:40:38.349,66.49,-0.07251007217187559,-2.694949103296178,-0.5659960761229033
1636731638359,2021-11-12T10:40:38.359,66.5,-0.32641378709830876,-2.708796506802457,-0.6919135478840035
1636731638369,2021-11-12T10:40:38.369,66.51,-0.6301038428746679,-2.6647073752441837,-0.7917860068859126
1636731638379,2021-11-12T10:40:38.379,66.52,-0.7259019585218086,-2.5473646320556926,-0.9078187689542854
1636731638389,2021-11-12T10:40:38.389,66.53,-0.3872676183155628,-2.330407559416331,-0.97646733867229
1636731638399,2021-11-12T10:40:38.399,66.54,0.36271966250061694,-1.9975924115132695,-0.9231496261191503
1636731638409,2021-11-12T10:40:38.409,66.55,1.117342496030511,-1.6136335207174513,-0.8134102346440806
1636731638419,2021-11-12T10:40:38.419,66.56,1.4080372233720007,-1.3164210936984184,-0.7904349788332804
1636731638429,2021-11-12T10:40:38.429,66.57,1.214960630456659,-1.1941633882648381,-0.8642523050590465
1636731638439,2021-11-12T10:40:38.439,66.58,0.92089727880679,-1.200100078374335,-0.8978808923491048
1636731638449,2021-11-12T10:40:38.449,66.59,0.8115633678727618,-1.2142714247624373,-0.7993086978864556
1636731638459,2021-11-12T10:40:38.459,66.6,0.8958379731879453,-1.164294596793905,-0.6053371333476909
1636731638469,2021-11-12T10:40:38.469,66.61,1.0945874439325047,-1.0578256404300346,-0.3888421456794715
1636731638479,2021-11-12T10:40:38.479,66.62,1.3114953181360922,-0.9226281080630856,-0.20168648368320677
1636731638489,2021-11-12T10:40:38.489,66.63,1.4218589421529806,-0.766974053624415,-0.1090721734466443
1636731638499,2021-11-12T10:40:38.499,66.64,1.3874686276190151,-0.5921879542072472,-0.17575735393804107
1636731638509,2021-11-12T10:40:38.509,66.65,1.2860199312011846,-0.3999022408317692,-0.3957966026816083
1636731638519,2021-11-12T10:40:38.519,66.66,1.1700215116597548,-0.19107313663428444,-0.7008263272670049
1636731638529,2021-11-12T10:40:38.529,66.67,1.0206012538083158,0.021448024085962667,-1.048373047213079
1636731638539,2021-11-12T10:40:38.539,66.68,0.8260767333294743,0.20563062141273922,-1.4457962884953155
1636731638549,2021-11-12T10:40:38.549,66.69,0.5873947328187841,0.3063385503727967,-1.8772034912317845
1636731638559,2021-11-12T10:40:38.559,66.7,0.29116223359809557,0.25069409418145505,-2.261087885011462
1636731638569,2021-11-12T10:40:38.569,66.71,-0.02292885360075541,0.012059575780486241,-2.5020497408853988
1636731638579,2021-11-12T10:40:38.579,66.72,-0.23570084320279677,-0.3232716154695663,-2.5637254404673335
1636731638589,2021-11-12T10:40:38.589,66.73,-0.2956323013762658,-0.6274749695795436,-2.510676658498881
1636731638599,2021-11-12T10:40:38.599,66.74,-0.32213171263646373,-0.8830421376165394,-2.517538712134024
1636731638609,2021-11-12T10:40:38.609,66.75,-0.4839041541835623,-1.1887932862100619,-2.8152101092357413
1636731638619,2021-11-12T10:40:38.619,66.76,-0.8732857468467277,-1.5899294898717706,-3.5773605254750587
1636731638629,2021-11-12T10:40:38.629,66.77,-1.4523665901127698,-1.959750779940051,-4.830270708144609
1636731638639,2021-11-12T10:40:38.639,66.78,-1.8592238422777205,-2.1070922012509365,-6.439572857772557
1636731638649,2021-11-12T10:40:38.649,66.79,-1.4572600299190954,-1.9966369366629448,-8.147846578566307
1636731638659,2021-11-12T10:40:38.659,66.8,-0.1685031286513014,-1.7940065403829775,-9.636746950407105
1636731638669,2021-11-12T10:40:38.669,66.81,0.932880748509047,-1.6689842980802483,-10.632328119189989
1636731638679,2021-11-12T10:40:38.679,66.82,0.7789437990624373,-1.6441506068925413,-11.034258865938737
1636731638689,2021-11-12T10:40:38.689,66.83,-0.07769739683683471,-1.6660925990423179,-10.93233869856532
1636731638699,2021-11-12T10:40:38.699,66.84,-0.20047579391676684,-1.7090353399281357,-10.44075822356992
1636731638709,2021-11-12T10:40:38.709,66.85,0.5314201566125653,-1.7708517750478046,-9.559470746971083
1636731638719,2021-11-12T10:40:38.719,66.86,0.8819204535317114,-1.8529501465109322,-8.266985642798915
1636731638729,2021-11-12T10:40:38.729,66.87,0.2748092689965633,-1.9497547730830034,-6.686180636858737
1636731638739,2021-11-12T10:40:38.739,66.88,-0.5819515259051883,-2.0212938040020596,-5.0671974769067605
1636731638749,2021-11-12T10:40:38.749,66.89,-1.0020823795193772,-2.0204484290644382,-3.6144117779398277
1636731638759,2021-11-12T10:40:38.759,66.9,-1.0688875338433341,-1.9585678477553299,-2.3568125025082174
1636731638769,2021-11-12T10:40:38.769,66.91,-1.0787540478908797,-1.8888488057719148,-1.1790655287773428
1636731638779,2021-11-12T10:40:38.779,66.92,-1.0314136504021763,-1.8374949921553012,0.04228338178265484
1636731638789,2021-11-12T10:40:38.789,66.93,-0.7751628563844908,-1.7886736836940882,1.3445931878056865
1636731638799,2021-11-12T10:40:38.799,66.94,-0.29036032635156295,-1.69766042461904,2.670746399248185
1636731638809,2021-11-12T10:40:38.809,66.95,0.267513049573589,-1.4995269267250224,3.8840978784473954
1636731638819,2021-11-12T10:40:38.819,66.96,0.704027873482735,-1.1576255121525987,4.796376403423961
1636731638829,2021-11-12T10:40:38.829,66.97,0.9017296402508301,-0.7219867322596603,5.239945730981191
1636731638839,2021-11-12T10:40:38.839,66.98,0.826823232773171,-0.3105494657497635,5.170805195216912
1636731638849,2021-11-12T10:40:38.849,66.99,0.5436860832707753,-0.013709165435709415,4.726958520478164
1636731638859,2021-11-12T10:40:38.859,67.0,0.24172988779867283,0.19174614919791255,4.156163307377415
1636731638869,2021-11-12T10:40:38.869,67.01,0.08029671250001474,0.4145378069743466,3.659478802999285
1636731638879,2021-11-12T10:40:38.879,67.02,-0.016250346287409123,0.7004200604700984,3.3118757770327436
1636731638889,2021-11-12T10:40:38.889,67.03,-0.23433438211155455,0.9556248062062371,3.081823466802579
1636731638899,2021-11-12T10:40:38.899,67.04,-0.5703625939123425,1.0896479802331915,2.836830689858388
1636731638909,2021-11-12T10:40:38.909,67.05,-0.8661433140121955,1.1654117115689995,2.3860796316079123
1636731638919,2021-11-12T10:40:38.919,67.06,-1.1060029252118315,1.2875326946058003,1.6785971473530454
1636731638929,2021-11-12T10:40:38.929,67.07,-1.4352076573582833,1.4104459479803275,0.9482161704550167
1636731638939,2021-11-12T10:40:38.939,67.08,-1.865735877548269,1.409118418814841,0.5410753514763653
1636731638949,2021-11-12T10:40:38.949,67.09,-2.1745696351962263,1.281878757218339,0.6663522616357735
1636731638959,2021-11-12T10:40:38.959,67.1,-2.165935237505972,1.1286075227255925,1.3905213257337885
1636731638969,2021-11-12T10:40:38.969,67.11,-1.880130103715524,0.9928552080444831,2.653692557817462
1636731638979,2021-11-12T10:40:38.979,67.12,-1.469254631133957,0.8807631879745461,4.101077135264282
1636731638989,2021-11-12T10:40:38.989,67.13,-1.0624246853900665,0.8725472886367661,5.073625350553572
1636731638999,2021-11-12T10:40:38.999,67.14,-0.8621979295979191,1.07464732907208,4.992774045644138
1636731639009,2021-11-12T10:40:39.009,67.15,-1.0806591541774782,1.5005679310806235,3.764381375670045
1636731639019,2021-11-12T10:40:39.019,67.16,-1.5912439551562065,2.076685403549054,1.7694867174474467
1636731639029,2021-11-12T10:40:39.029,67.17,-1.9885316474616328,2.7262206419155537,-0.5067371186399102
1636731639039,2021-11-12T10:40:39.039,67.18,-2.1731063447931693,3.4242015421183543,-2.8098757155924785
1636731639049,2021-11-12T10:40:39.049,67.19,-2.4041056661293947,4.210207030633461,-5.085069797981319
1636731639059,2021-11-12T10:40:39.059,67.2,-2.616783891954632,5.120829326260274,-7.148631377136215
1636731639069,2021-11-12T10:40:39.069,67.21,-2.3830424919690696,6.040711763791131,-8.502200933054922
1636731639079,2021-11-12T10:40:39.079,67.22,-1.7833968130492464,6.659994060051146,-8.553592295073965
1636731639089,2021-11-12T10:40:39.089,67.23,-1.513924930227787,6.699589032159837,-6.9532158278724765
1636731639099,2021-11-12T10:40:39.099,67.24,-1.8233455271736578,6.185102230468286,-3.71658031535019
1636731639109,2021-11-12T10:40:39.109,67.25,-2.1231564371765304,5.376130315309135,0.7319157706173116
1636731639119,2021-11-12T10:40:39.119,67.26,-1.9871563916570043,4.427936857117409,5.511822614302812
1636731639129,2021-11-12T10:40:39.129,67.27,-1.8307428449299739,3.3009243091509877,9.541615503857068
1636731639139,2021-11-12T10:40:39.139,67.28,-2.19422099647044,2.0209074842301904,12.07262593633438
1636731639149,2021-11-12T10:40:39.149,67.29,-2.9561685168691847,0.7917259115672972,12.96459635374305
1636731639159,2021-11-12T10:40:39.159,67.3,-3.73611324082597,-0.23941460424616048,12.524322817133758
1636731639169,2021-11-12T10:40:39.169,67.31,-4.538145172242093,-1.1157574237509174,11.28284984629629
1636731639179,2021-11-12T10:40:39.179,67.32,-5.420122757220391,-1.8675442199282712,9.916326525853236
1636731639189,2021-11-12T10:40:39.189,67.33,-5.982028374835785,-2.38906131840365,9.135170291569978
1636731639199,2021-11-12T10:40:39.199,67.34,-5.8325799067874495,-2.6520059302327095,9.400199582921775
1636731639209,2021-11-12T10:40:39.209,67.35,-5.2654265935339435,-2.8357258297566896,10.613400090028158
1636731639219,2021-11-12T10:40:39.219,67.36,-4.89330166431771,-3.086361724736565,12.141357180646015
1636731639229,2021-11-12T10:40:39.229,67.37,-4.87115326996467,-3.341172551927463,13.330825807154696
1636731639239,2021-11-12T10:40:39.239,67.38,-5.048607767382681,-3.555378315838249,14.069723342274251
1636731639249,2021-11-12T10:40:39.249,67.39,-5.601028073678071,-3.886661455664823,14.727254163187595
1636731639259,2021-11-12T10:40:39.259,67.4,-6.798527534691303,-4.440797840322765,15.524270110987397
1636731639269,2021-11-12T10:40:39.269,67.41,-8.29933142153535,-4.982090534857759,16.14677007841887
1636731639279,2021-11-12T10:40:39.279,67.42,-9.320573667562956,-5.049850676600223,16.044068174815145
1636731639289,2021-11-12T10:40:39.289,67.43,-9.440728394678109,-4.260808419040711,14.902860881778281
1636731639299,2021-11-12T10:40:39.299,67.44,-8.890706087701426,-2.5042369302723553,12.76905459551151
1636731639309,2021-11-12T10:40:39.309,67.45,-8.326701465665964,-0.05471878029226779,10.038856017512106
1636731639319,2021-11-12T10:40:39.319,67.46,-8.42437763295193,2.4909980158933016,7.5612438828355675
1636731639329,2021-11-12T10:40:39.329,67.47,-9.130238819341345,4.5468717147277085,6.395624246321111
1636731639339,2021-11-12T10:40:39.339,67.48,-9.390419685080438,5.778311448067609,6.8676252192639256
1636731639349,2021-11-12T10:40:39.349,67.49,-8.595953632037155,6.0008564514810985,7.746541833266185
1636731639359,2021-11-12T10:40:39.359,67.5,-8.099292330512476,5.177202990807312,6.9162232624176605
1636731639369,2021-11-12T10:40:39.369,67.51,-9.64502955801481,3.7850355982465493,3.4001486863043855
1636731639379,2021-11-12T10:40:39.379,67.52,-12.232850975936598,2.8857440535382914,-1.4835822464740767
1636731639389,2021-11-12T10:40:39.389,67.53,-12.733700568063334,3.3279611207115463,-5.429952268438401
1636731639399,2021-11-12T10:40:39.399,67.54,-10.118035631979375,4.855609354586678,-7.321589187783406
1636731639409,2021-11-12T10:40:39.409,67.55,-6.713612651968443,6.294267848112669,-7.589007775026509
1636731639419,2021-11-12T10:40:39.419,67.56,-4.652027443931583,6.592674436675523,-6.932323522946621
1636731639429,2021-11-12T10:40:39.429,67.57,-3.638024558503453,5.494861382812679,-5.71184914083565
1636731639439,2021-11-12T10:40:39.439,67.58,-2.948910897129149,3.4892148275060064,-4.427840658349288
1636731639449,2021-11-12T10:40:39.449,67.59,-2.9124975595672535,1.534115471206738,-3.669759379561971
1636731639459,2021-11-12T10:40:39.459,67.6,-3.4281192768687214,0.5840921097179788,-3.3646525940349843
1636731639469,2021-11-12T10:40:39.469,67.61,-3.391433955151581,0.8890780153849531,-2.8055883877660137
1636731639479,2021-11-12T10:40:39.479,67.62,-2.471046757417407,1.8388418620293403,-1.4822202894331749
1636731639489,2021-11-12T10:40:39.489,67.63,-1.5957447798499547,2.660795513028351,0.6701681466373887
1636731639499,2021-11-12T10:40:39.499,67.64,-1.1965414520318145,2.982513828550217,3.598728077833736
1636731639509,2021-11-12T10:40:39.509,67.65,-0.5744568047728137,2.6785952254710654,7.024161869349687
1636731639519,2021-11-12T10:40:39.519,67.66,0.6628687943832261,1.6985839413860249,10.225341896018175
1636731639529,2021-11-12T10:40:39.529,67.67,1.8807781400197654,0.2570099101825627,12.559106315317287
1636731639539,2021-11-12T10:40:39.539,67.68,2.5188831017627913,-1.1650404925783175,14.067591999506774
1636731639549,2021-11-12T10:40:39.549,67.69,2.901155458544642,-2.189654524031616,15.19148148942116
1636731639559,2021-11-12T10:40:39.559,67.7,3.412749679507267,-2.789617864710025,16.085616953821287
1636731639569,2021-11-12T10:40:39.569,67.71,3.6327963843025484,-3.1901671988431644,16.518664249323912
1636731639579,2021-11-12T10:40:39.579,67.72,3.072079128321305,-3.637091352790071,16.273725800870135
1636731639589,2021-11-12T10:40:39.589,67.73,2.2463409718005853,-4.208030813754332,15.362062194543679
1636731639599,2021-11-12T10:40:39.599,67.74,2.064347556814205,-4.77231353142934,13.894513640498921
1636731639609,2021-11-12T10:40:39.609,67.75,2.51561364261537,-5.170485453696188,11.996600867370496
1636731639619,2021-11-12T10:40:39.619,67.76,2.9629377525308955,-5.428204878765815,9.897298895994082
1636731639629,2021-11-12T10:40:39.629,67.77,3.3647911686770504,-5.693618700938358,7.897860023735468
1636731639639,2021-11-12T10:40:39.639,67.78,4.0501592047582005,-5.974457642156798,6.164871293722371
1636731639649,2021-11-12T10:40:39.649,67.79,4.638914025587969,-6.086724636526146,4.624779810387779
1636731639659,2021-11-12T10:40:39.659,67.8,4.554890324743152,-5.879919976795318,3.0282057352308964
1636731639669,2021-11-12T10:40:39.669,67.81,4.2505667278134505,-5.360274686342143,1.1075780417556675
1636731639679,2021-11-12T10:40:39.679,67.82,4.398524070234659,-4.5709024027482705,-1.1857392179816162
1636731639689,2021-11-12T10:40:39.689,67.83,4.355149890273086,-3.5050124798824536,-3.6141644830260002
1636731639699,2021-11-12T10:40:39.699,67.84,3.1529184666135253,-2.1908360049056173,-5.966726659600173
1636731639709,2021-11-12T10:40:39.709,67.85,1.6101383843870054,-0.7546717306637214,-8.31150774351715
1636731639719,2021-11-12T10:40:39.719,67.86,1.6045713264102635,0.6800737463079082,-10.737119417272021
1636731639729,2021-11-12T10:40:39.729,67.87,3.193733145188692,2.121312205854784,-13.031406130472462
1636731639739,2021-11-12T10:40:39.739,67.88,4.215057161642879,3.658698037028138,-14.885490457194948
1636731639749,2021-11-12T10:40:39.749,67.89,3.3547268635123224,5.281109750396761,-16.280647034788952
1636731639759,2021-11-12T10:40:39.759,67.9,2.0024883691498756,6.8106644601900115,-17.46211366662865
1636731639769,2021-11-12T10:40:39.769,67.91,2.0496230376836824,8.022399529792766,-18.662294391288647
1636731639779,2021-11-12T10:40:39.779,67.92,3.3366609295655794,8.78622196609907,-19.998200893925002
1636731639789,2021-11-12T10:40:39.789,67.93,4.483180804388731,9.137228450224505,-21.5179619922165
1636731639799,2021-11-12T10:40:39.799,67.94,4.916269160101091,9.250270405550772,-23.23094035188297
1636731639809,2021-11-12T10:40:39.809,67.95,4.890420514529536,9.285369594535577,-25.10557871779669
1636731639819,2021-11-12T10:40:39.819,67.96,4.560329346650728,9.257609087305795,-26.999976912532915
1636731639829,2021-11-12T10:40:39.829,67.97,4.047116150142917,9.116027031649644,-28.572473555736735
1636731639839,2021-11-12T10:40:39.839,67.98,3.7257305441391333,8.85601746727288,-29.411649497571005
1636731639849,2021-11-12T10:40:39.849,67.99,3.755229092723501,8.460070711267699,-29.405834942618228
1636731639859,2021-11-12T10:40:39.859,68.0,3.765485335534443,7.874411690568611,-28.922414107764823
1636731639869,2021-11-12T10:40:39.869,68.01,3.4015787966300537,7.1587487460971655,-28.488701598811176
1636731639879,2021-11-12T10:40:39.879,68.02,2.8065625688699236,6.509331380866605,-28.32489915209666
1636731639889,2021-11-12T10:40:39.889,68.03,2.292893513871949,6.0512158532716,-28.283924241934855
1636731639899,2021-11-12T10:40:39.899,68.04,1.8986583139407265,5.756851444476447,-28.153622347737873
1636731639909,2021-11-12T10:40:39.909,68.05,1.5597918579393006,5.585103252207711,-27.81243863488087
1636731639919,2021-11-12T10:40:39.919,68.06,1.424732523267311,5.503020477764716,-27.10446896850827
1636731639929,2021-11-12T10:40:39.929,68.07,1.707022922915045,5.365900037203108,-25.828104942055063
1636731639939,2021-11-12T10:40:39.939,68.08,2.412935603942254,4.996980802490132,-24.04515367168883
1636731639949,2021-11-12T10:40:39.949,68.09,3.359930139569615,4.419881785315975,-22.341682276369717
1636731639959,2021-11-12T10:40:39.959,68.1,4.274166429490297,3.84941034226053,-21.569192790650934
1636731639969,2021-11-12T10:40:39.969,68.11,4.881108464148883,3.444436713324804,-22.15668942015838
1636731639979,2021-11-12T10:40:39.979,68.12,5.12877872273515,3.186069384471322,-23.68225510416608
1636731639989,2021-11-12T10:40:39.989,68.13,5.167816677833024,2.9721915307649525,-25.220322684192293
1636731639999,2021-11-12T10:40:39.999,68.14,4.9322494514714705,2.7252697637390417,-26.099382423062394
1636731640009,2021-11-12T10:40:40.009,68.15,4.23469052783466,2.426783571448399,-26.24089137515596
1636731640019,2021-11-12T10:40:40.019,68.16,3.5114550921593306,2.1234813350052995,-25.83208658309413
1636731640029,2021-11-12T10:40:40.029,68.17,3.5320379397920254,1.8748800340974632,-24.834313757574712
1636731640039,2021-11-12T10:40:40.039,68.18,4.0053013089191865,1.6532664244727777,-22.827913270621522
1636731640049,2021-11-12T10:40:40.049,68.19,3.845441339739634,1.364749848293209,-19.3162017438044
1636731640059,2021-11-12T10:40:40.059,68.2,3.208321972191082,0.9999881356568908,-14.360853906496317
1636731640069,2021-11-12T10:40:40.069,68.21,3.484337706527893,0.6521690833163761,-9.04417755136664
1636731640079,2021-11-12T10:40:40.079,68.22,4.875415750252411,0.35212589910391295,-5.018425514244832
1636731640089,2021-11-12T10:40:40.089,68.23,5.901126140779198,0.01073820140414989,-3.219273918513828
1636731640099,2021-11-12T10:40:40.099,68.24,5.671373870108586,-0.4559021932042839,-3.075736246072181
1636731640109,2021-11-12T10:40:40.109,68.25,4.898383186607642,-1.0694008356764912,-3.2117130652961494
1636731640119,2021-11-12T10:40:40.119,68.26,4.4171306003908954,-1.8451099023983453,-2.7319820464612605
1636731640129,2021-11-12T10:40:40.129,68.27,4.1879518499366455,-2.7697642059848517,-1.5366487573045355
1636731640139,2021-11-12T10:40:40.139,68.28,3.9100747786454413,-3.7361651279708155,0.2286753926851708
1636731640149,2021-11-12T10:40:40.149,68.29,3.4302767237641705,-4.606911853074746,2.3671415371811886
1636731640159,2021-11-12T10:40:40.159,68.3,2.4402717401827854,-5.3130603734871436,4.42635218500636
1636731640169,2021-11-12T10:40:40.169,68.31,0.6781452646085899,-5.817061007438465,5.960772098040461
1636731640179,2021-11-12T10:40:40.179,68.32,-1.4496059876252922,-6.052217233054087,7.0275309317928905
1636731640189,2021-11-12T10:40:40.189,68.33,-3.042741405822531,-5.981030578933854,7.995803042214329
1636731640199,2021-11-12T10:40:40.199,68.34,-3.575852996251932,-5.625523281404881,8.975587091022053
1636731640209,2021-11-12T10:40:40.209,68.35,-3.246119178676299,-4.961844158801193,9.866245341830496
1636731640219,2021-11-12T10:40:40.219,68.36,-2.563330532151933,-3.9129794683400387,10.766879840547176
1636731640229,2021-11-12T10:40:40.229,68.37,-1.9908948135767304,-2.5651640164936156,11.745872001121
1636731640239,2021-11-12T10:40:40.239,68.38,-1.8787647031525703,-1.2478844940865015,12.42361373484092
1636731640249,2021-11-12T10:40:40.249,68.39,-2.25977960976435,-0.21936242193425692,12.736602174461616
1636731640259,2021-11-12T10:40:40.259,68.4,-2.6777842851963216,0.6042927566575249,13.860503161986973
1636731640269,2021-11-12T10:40:40.269,68.41,-2.584433423240645,1.410193553398537,16.553747201539323
1636731640279,2021-11-12T10:40:40.279,68.42,-1.9221310114168264,2.12342143128457,18.71375942802302
1636731640289,2021-11-12T10:40:40.289,68.43,-1.0936809831294685,2.510373689820352,17.69799388046855
1636731640299,2021-11-12T10:40:40.299,68.44,-0.4831798680289402,2.511868576062843,15.18220178000513
1636731640309,2021-11-12T10:40:40.309,68.45,-0.21040113005666045,2.2461749492708254,15.315062667776694
1636731640319,2021-11-12T10:40:40.319,68.46,-0.201797491547959,1.7825696415555112,17.933565390092284
1636731640329,2021-11-12T10:40:40.329,68.47,-0.3118233274739376,1.1016315368909988,18.789155069568878
1636731640339,2021-11-12T10:40:40.339,68.48,-0.40246368683650674,0.2370151714696488,16.33828283392528
1636731640349,2021-11-12T10:40:40.349,68.49,-0.3522808080160884,-0.6716823979251734,13.245054755726672
1636731640359,2021-11-12T10:40:40.359,68.5,-0.09950534045546519,-1.5022874900048127,11.666428137785463
1636731640369,2021-11-12T10:40:40.369,68.51,0.15924573670580172,-2.2945848798467385,11.285046501805379
1636731640379,2021-11-12T10:40:40.379,68.52,0.015012488972154995,-3.203935688299141,11.555826149010745
1636731640389,2021-11-12T10:40:40.389,68.53,-0.5617388492735003,-4.268239531857798,12.865903809489943
1636731640399,2021-11-12T10:40:40.399,68.54,-0.9166299569595208,-5.283738820956286,15.400699032986042
1636731640409,2021-11-12T10:40:40.409,68.55,-0.4335268111894227,-5.992689058857893,18.41761299109433
1636731640419,2021-11-12T10:40:40.419,68.56,0.6734016110590805,-6.353614510340213,20.877176059563077
1636731640429,2021-11-12T10:40:40.429,68.57,1.6663716291013264,-6.537573720873687,22.231116785605234
1636731640439,2021-11-12T10:40:40.439,68.58,2.1104909857904657,-6.701032895864516,22.525241766451682
1636731640449,2021-11-12T10:40:40.449,68.59,2.0761159285886412,-6.887534952712289,22.05171877903947
1636731640459,2021-11-12T10:40:40.459,68.6,1.7951396927852705,-7.115709648433933,21.075275472831393
1636731640469,2021-11-12T10:40:40.469,68.61,1.4384231588675107,-7.387723063716538,19.838929490043736
1636731640479,2021-11-12T10:40:40.479,68.62,1.1189461590966436,-7.602894271309559,18.675138465411944
1636731640489,2021-11-12T10:40:40.489,68.63,0.9486375093274249,-7.61967112040978,17.937907306190205
1636731640499,2021-11-12T10:40:40.499,68.64,1.114331766356786,-7.413444125917033,17.748895150178477
1636731640509,2021-11-12T10:40:40.509,68.65,1.787195789726894,-7.054761478307164,17.887306161271262
1636731640519,2021-11-12T10:40:40.519,68.66,2.739264459999007,-6.556716245306365,18.03045111333427
1636731640529,2021-11-12T10:40:40.529,68.67,3.2604792820960538,-5.880366431929779,18.064068708405657
1636731640539,2021-11-12T10:40:40.539,68.68,2.9526902473618697,-5.098644100115026,18.046715189624596
1636731640549,2021-11-12T10:40:40.549,68.69,2.4120441277785503,-4.423271414849355,17.907677512729716
1636731640559,2021-11-12T10:40:40.559,68.7,2.425991615951104,-4.007795483012989,17.360608238144685
1636731640569,2021-11-12T10:40:40.569,68.71,2.787439166676533,-3.8115386798588116,16.18391466979579
1636731640579,2021-11-12T10:40:40.579,68.72,2.773461946906745,-3.712329140749153,14.470877455612687
1636731640589,2021-11-12T10:40:40.589,68.73,2.3413643106189466,-3.668791597985917,12.52644480124657
1636731640599,2021-11-12T10:40:40.599,68.74,1.9391296410889147,-3.7271122481324372,10.606498295001314
1636731640609,2021-11-12T10:40:40.609,68.75,1.7071874059797656,-3.932303030270898,8.838484937183214
1636731640619,2021-11-12T10:40:40.619,68.76,1.6077094039607844,-4.246266235101703,7.306505286378027
1636731640629,2021-11-12T10:40:40.629,68.77,1.7277592389691316,-4.549010879233946,6.09071250942036
1636731640639,2021-11-12T10:40:40.639,68.78,2.0345388390935657,-4.782814269756321,5.257280744256423
1636731640649,2021-11-12T10:40:40.649,68.79,2.3851643117716934,-5.044570235865733,4.904862452538891
1636731640659,2021-11-12T10:40:40.659,68.8,2.727717753111511,-5.39659586277521,5.190742269607918
1636731640669,2021-11-12T10:40:40.669,68.81,2.8125222279341973,-5.670544141371893,6.182606565234324
1636731640679,2021-11-12T10:40:40.679,68.82,2.3936901867116034,-5.644931948321218,7.600716308174835
1636731640689,2021-11-12T10:40:40.689,68.83,2.19916197962136,-5.315386862727378,8.754539258331585
1636731640699,2021-11-12T10:40:40.699,68.84,3.3205249138892228,-4.790303919855528,8.886937974840464
1636731640709,2021-11-12T10:40:40.709,68.85,5.131813002821342,-4.050582403667125,7.68289429896444
1636731640719,2021-11-12T10:40:40.719,68.86,5.642987165857234,-3.0510280238913534,5.422868501312111
1636731640729,2021-11-12T10:40:40.729,68.87,4.274871152254947,-1.945543146810219,2.669755327633076
1636731640739,2021-11-12T10:40:40.739,68.88,2.4104646244984607,-0.9543029172942021,-0.07132665956109441
1636731640749,2021-11-12T10:40:40.749,68.89,1.1994016771659517,-0.08452982782883109,-2.4259890038997325
1636731640759,2021-11-12T10:40:40.759,68.9,0.5160886685409747,0.7790071461056078,-4.127752198544036
1636731640769,2021-11-12T10:40:40.769,68.91,-0.05758025414121447,1.5878736027663793,-5.064176630662784
1636731640779,2021-11-12T10:40:40.779,68.92,-0.5262627335790018,2.179691713633703,-5.310352862771202
1636731640789,2021-11-12T10:40:40.789,68.93,-0.7443046337696861,2.545253669346475,-5.068954188161368
1636731640799,2021-11-12T10:40:40.799,68.94,-0.6870263661298515,2.8150787064298095,-4.546950254106377
1636731640809,2021-11-12T10:40:40.809,68.95,-0.46026381252255966,3.0284407488225367,-3.8707154136369417
1636731640819,2021-11-12T10:40:40.819,68.96,-0.3087528179575374,3.1048835376327037,-3.131509109043204
1636731640829,2021-11-12T10:40:40.829,68.97,-0.48342614922304616,3.0146103569898006,-2.462142562186843
1636731640839,2021-11-12T10:40:40.839,68.98,-0.9146342627113035,2.840851597701095,-1.9711674683165266
1636731640849,2021-11-12T10:40:40.849,68.99,-1.193861062881242,2.678459896013612,-1.6305213125805902
1636731640859,2021-11-12T10:40:40.859,69.0,-1.0940709650887555,2.5437404276876823,-1.328145122727844
1636731640869,2021-11-12T10:40:40.869,69.01,-0.9095980358190079,2.3896187063774827,-1.0196596254761034
1636731640879,2021-11-12T10:40:40.879,69.02,-0.9884221179823676,2.172682130878444,-0.7711949787837034
1636731640889,2021-11-12T10:40:40.889,69.03,-1.194813798009085,1.8803818440926916,-0.666010284282887
1636731640899,2021-11-12T10:40:40.899,69.04,-1.2707422551719123,1.502941800544271,-0.6927543028048211
1636731640909,2021-11-12T10:40:40.909,69.05,-1.3657379156093223,1.026907100771787,-0.7285523180913454
1636731640919,2021-11-12T10:40:40.919,69.06,-1.6312051151750193,0.4866658747903872,-0.657138776181008
1636731640929,2021-11-12T10:40:40.929,69.07,-1.7450081441667322,-0.014327827164287682,-0.5239812314841872
1636731640939,2021-11-12T10:40:40.939,69.08,-1.439088400271796,-0.38579524395492854,-0.5359657891547176
1636731640949,2021-11-12T10:40:40.949,69.09,-0.9732208696952152,-0.642577234507831,-0.8548233323755641
1636731640959,2021-11-12T10:40:40.959,69.1,-0.6246512706929856,-0.8644078339304291,-1.4250222875689496
1636731640969,2021-11-12T10:40:40.969,69.11,-0.30309190094080585,-1.076130701222625,-2.0711060086963027
1636731640979,2021-11-12T10:40:40.979,69.12,0.015981768927970666,-1.241676844373369,-2.707239431668206
1636731640989,2021-11-12T10:40:40.989,69.13,0.06944068107088525,-1.374190339784918,-3.36336870990792
1636731640999,2021-11-12T10:40:40.999,69.14,-0.22049992215056852,-1.5447712748791964,-4.07059595568904
1636731641009,2021-11-12T10:40:41.009,69.15,-0.5118717897899656,-1.757586042343752,-4.812533884553744
1636731641019,2021-11-12T10:40:41.019,69.16,-0.5216755117409958,-1.9362235670666519,-5.559364028530832
1636731641029,2021-11-12T10:40:41.029,69.17,-0.4278548684899764,-2.0678020009155396,-6.314858859678233
1636731641039,2021-11-12T10:40:41.039,69.18,-0.5574951225462834,-2.2208386903827892,-7.120320479198363
1636731641049,2021-11-12T10:40:41.049,69.19,-0.8647230836506817,-2.3733056997745545,-7.955828507993889
1636731641059,2021-11-12T10:40:41.059,69.2,-0.9862694601526695,-2.3835548820352126,-8.667342091358625
1636731641069,2021-11-12T10:40:41.069,69.21,-0.8006156873372605,-2.2065808074837405,-9.126620271545494
1636731641079,2021-11-12T10:40:41.079,69.22,-0.6701535080544252,-1.9825039219979392,-9.427652540986625
1636731641089,2021-11-12T10:40:41.089,69.23,-0.9186958456319569,-1.8197243465193529,-9.744061601032861
1636731641099,2021-11-12T10:40:41.099,69.24,-1.2428696553438252,-1.6284233466670055,-10.022565667556826
1636731641109,2021-11-12T10:40:41.109,69.25,-1.0303570391480519,-1.2686907703865282,-10.014311719726535
1636731641119,2021-11-12T10:40:41.119,69.26,-0.2072803451738812,-0.760391056322858,-9.606497029684384
1636731641129,2021-11-12T10:40:41.129,69.27,0.6758216925171028,-0.24691166930134142,-8.94432639549238
1636731641139,2021-11-12T10:40:41.139,69.28,1.1788072365334417,0.1801413227733901,-8.209090056579624
1636731641149,2021-11-12T10:40:41.149,69.29,1.3365928459149181,0.531889207111601,-7.454335774341638
1636731641159,2021-11-12T10:40:41.159,69.3,1.323998233637829,0.8603014859280753,-6.717804647698069
1636731641169,2021-11-12T10:40:41.169,69.31,1.2073164261861766,1.2333213966463346,-6.123372462925494
1636731641179,2021-11-12T10:40:41.179,69.32,1.0579066917572564,1.7209217334331237,-5.769527278966237
1636731641189,2021-11-12T10:40:41.189,69.33,0.983998399728457,2.334456649843889,-5.633329859656277
1636731641199,2021-11-12T10:40:41.199,69.34,0.9780694739968225,3.0134804354969957,-5.639230676628007
1636731641209,2021-11-12T10:40:41.209,69.35,0.8953815852654218,3.6883720438322416,-5.691007473921015
1636731641219,2021-11-12T10:40:41.219,69.36,0.6124122702114944,4.297313147776054,-5.61767711140507
1636731641229,2021-11-12T10:40:41.229,69.37,0.11247369566357705,4.758714463433556,-5.245983273677995
1636731641239,2021-11-12T10:40:41.239,69.38,-0.5588248818237539,5.008831771667645,-4.5413660993060345
1636731641249,2021-11-12T10:40:41.249,69.39,-1.3049439217375969,5.049635728000894,-3.5693430119059757
1636731641259,2021-11-12T10:40:41.259,69.4,-1.9643001568636398,4.922117604640016,-2.375676053211434
1636731641269,2021-11-12T10:40:41.269,69.41,-2.3915984950414293,4.687753186831802,-1.0168564094628891
1636731641279,2021-11-12T10:40:41.279,69.42,-2.548858105433329,4.431115963154566,0.35430391620607055
1636731641289,2021-11-12T10:40:41.289,69.43,-2.4948030860112267,4.196939557117611,1.5239907653759508
1636731641299,2021-11-12T10:40:41.299,69.44,-2.3604537605070117,3.9488196124016124,2.314729758091806
1636731641309,2021-11-12T10:40:41.309,69.45,-2.3188028040078006,3.647711778495328,2.6540319214249735
1636731641319,2021-11-12T10:40:41.319,69.46,-2.434071483642873,3.318678622990088,2.6238918905522994
1636731641329,2021-11-12T10:40:41.329,69.47,-2.559771103140329,3.005716733128727,2.4223518873592305
1636731641339,2021-11-12T10:40:41.339,69.48,-2.5555202470652363,2.7122359553750894,2.172351205262346
1636731641349,2021-11-12T10:40:41.349,69.49,-2.546724695681705,2.405329398867428,1.802803124926416
1636731641359,2021-11-12T10:40:41.359,69.5,-2.727675085633605,2.05880471416184,1.241953102429114
1636731641369,2021-11-12T10:40:41.369,69.51,-2.956385741932749,1.6987206848740195,0.6463506738154187
1636731641379,2021-11-12T10:40:41.379,69.52,-2.854386800322949,1.4048490516303644,0.2400649899203018
1636731641389,2021-11-12T10:40:41.389,69.53,-2.3412460554968324,1.2300927054607824,-0.004849339041224362
1636731641399,2021-11-12T10:40:41.399,69.54,-1.7934139685385606,1.1156993170309495,-0.29674386764773614
1636731641409,2021-11-12T10:40:41.409,69.55,-1.5922943809450603,0.9451031427061622,-0.6771706060646567
1636731641419,2021-11-12T10:40:41.419,69.56,-1.7225837648106255,0.6982605214363267,-0.9753824423095911
1636731641429,2021-11-12T10:40:41.429,69.57,-1.9050944153689704,0.48301103655965305,-1.0994920760490916
1636731641439,2021-11-12T10:40:41.439,69.58,-1.9543276123604139,0.3912670480888621,-1.160439381081209
1636731641449,2021-11-12T10:40:41.449,69.59,-1.8680234433345353,0.4027285740118528,-1.255456174884723
1636731641459,2021-11-12T10:40:41.459,69.6,-1.6739122233994992,0.45814800702752434,-1.292700290295151
1636731641469,2021-11-12T10:40:41.469,69.61,-1.3891939094523158,0.5405431961012299,-1.1448420900645415
1636731641479,2021-11-12T10:40:41.479,69.62,-1.1230328281437445,0.6434104255078629,-0.8766913674609291
1636731641489,2021-11-12T10:40:41.489,69.63,-1.0140261341582644,0.7367619556536154,-0.6739963655737172
1636731641499,2021-11-12T10:40:41.499,69.64,-1.0238640732886866,0.7974898917631604,-0.6024187076193382
1636731641509,2021-11-12T10:40:41.509,69.65,-0.974935710413499,0.8140213503917073,-0.5829320959159313
1636731641519,2021-11-12T10:40:41.519,69.66,-0.8120974964482264,0.7721198612426879,-0.5654195955731794
1636731641529,2021-11-12T10:40:41.529,69.67,-0.6384471925803192,0.6937315437682772,-0.5956912819912479
1636731641539,2021-11-12T10:40:41.539,69.68,-0.5004815906391555,0.6408467819053332,-0.7233276388796478
1636731641549,2021-11-12T10:40:41.549,69.69,-0.34392924711211814,0.6291812648995232,-0.9213171999713592
1636731641559,2021-11-12T10:40:41.559,69.7,-0.18355235331802586,0.6040495336037945,-1.1057063559296432
1636731641569,2021-11-12T10:40:41.569,69.71,-0.13322647018307632,0.5296811430209644,-1.216547233597654
1636731641579,2021-11-12T10:40:41.579,69.72,-0.2427674292399295,0.4296408880544913,-1.255466134343956
1636731641589,2021-11-12T10:40:41.589,69.73,-0.42713160486480517,0.33495515890325234,-1.2170949367519446
1636731641599,2021-11-12T10:40:41.599,69.74,-0.5804468746893322,0.25926896272478006,-1.0344556858192342
1636731641609,2021-11-12T10:40:41.609,69.75,-0.6777329280113203,0.21726115532619727,-0.6791579332328749
1636731641619,2021-11-12T10:40:41.619,69.76,-0.7435410653816524,0.226510943748707,-0.27680134673347256
1636731641629,2021-11-12T10:40:41.629,69.77,-0.7892010492901904,0.3069928144712273,-0.01707352000332113
1636731641639,2021-11-12T10:40:41.639,69.78,-0.8222842435443735,0.4806829648951467,0.01401062348130045
1636731641649,2021-11-12T10:40:41.649,69.79,-0.8820827069606786,0.737780871670339,-0.18531131349222024
1636731641659,2021-11-12T10:40:41.659,69.8,-1.0076613905072875,1.0232570882641587,-0.6453261012735365
1636731641669,2021-11-12T10:40:41.669,69.81,-1.158294925852179,1.2967514095982815,-1.3887770331429838
1636731641679,2021-11-12T10:40:41.679,69.82,-1.2336408719996095,1.573365139292733,-2.332194627849591
1636731641689,2021-11-12T10:40:41.689,69.83,-1.2228408262306494,1.8727293751288685,-3.3194501531703784
1636731641699,2021-11-12T10:40:41.699,69.84,-1.2394078967501674,2.1791290141006243,-4.210506894536623
1636731641709,2021-11-12T10:40:41.709,69.85,-1.3446588089265084,2.487520297766789,-4.903808988597264
1636731641719,2021-11-12T10:40:41.719,69.86,-1.4768126365883503,2.822655106889299,-5.357603960090452
1636731641729,2021-11-12T10:40:41.729,69.87,-1.5946047821330782,3.1669394399103155,-5.6222882219817505
1636731641739,2021-11-12T10:40:41.739,69.88,-1.6929962100146425,3.4450414403183713,-5.77175050007507
1636731641749,2021-11-12T10:40:41.749,69.89,-1.690966574459217,3.6238155805642895,-5.788548505652837
1636731641759,2021-11-12T10:40:41.759,69.9,-1.5502219170392504,3.736312778269142,-5.593349080766604
1636731641769,2021-11-12T10:40:41.769,69.91,-1.442808308513957,3.7737501159392197,-5.185855334842906
1636731641779,2021-11-12T10:40:41.779,69.92,-1.5529979391063389,3.6550613369080107,-4.670660400327733
1636731641789,2021-11-12T10:40:41.789,69.93,-1.7854645773912572,3.3334967990142115,-4.122857537059446
1636731641799,2021-11-12T10:40:41.799,69.94,-1.8379768675092178,2.8678523174652018,-3.4978862334474647
1636731641809,2021-11-12T10:40:41.809,69.95,-1.4952089237328452,2.383054380489075,-2.7287572470097805
1636731641819,2021-11-12T10:40:41.819,69.96,-0.8072768562242374,1.9773264809055269,-1.8714312468062069
1636731641829,2021-11-12T10:40:41.829,69.97,-0.06428483871559645,1.643729915360062,-1.0751737417438738
1636731641839,2021-11-12T10:40:41.839,69.98,0.4192467018028691,1.298563430143636,-0.4268805773492379
1636731641849,2021-11-12T10:40:41.849,69.99,0.552939145106314,0.9104872589979872,0.0986230791276296
1636731641859,2021-11-12T10:40:41.859,70.0,0.47940025470936554,0.55023167058067,0.5542463294938684
1636731641869,2021-11-12T10:40:41.869,70.01,0.36669538790442413,0.29978190979044606,0.9592604671654952
1636731641879,2021-11-12T10:40:41.879,70.02,0.283888679261754,0.18517747434193738,1.3089514142339682
1636731641889,2021-11-12T10:40:41.889,70.03,0.23888548569138887,0.1909234584092919,1.586129992871653
1636731641899,2021-11-12T10:40:41.899,70.04,0.21518473140386962,0.26115601421813284,1.7519049943316856
1636731641909,2021-11-12T10:40:41.909,70.05,0.16372616068353069,0.3106649235312913,1.7586676188198782
1636731641919,2021-11-12T10:40:41.919,70.06,0.023721894628016826,0.29557228328388807,1.5950200076416192
1636731641929,2021-11-12T10:40:41.929,70.07,-0.21828971958462473,0.23610400038393053,1.3037091833692185
1636731641939,2021-11-12T10:40:41.939,70.08,-0.48338954112562893,0.14141593829991358,0.951581589944172
1636731641949,2021-11-12T10:40:41.949,70.09,-0.6441527661928754,-0.032790556467285216,0.6036065515802109
1636731641959,2021-11-12T10:40:41.959,70.1,-0.6414926232051033,-0.3248410054400497,0.3093536248866233
1636731641969,2021-11-12T10:40:41.969,70.11,-0.5154916780259564,-0.7043705710094456,0.08388544231389355
1636731641979,2021-11-12T10:40:41.979,70.12,-0.3281340285765648,-1.1012971971916747,-0.07869783325150767
1636731641989,2021-11-12T10:40:41.989,70.13,-0.13112464350192937,-1.4836152982750321,-0.16453492424147084
1636731641999,2021-11-12T10:40:41.999,70.14,0.03981129816301354,-1.8583940829052967,-0.1478183839155281
1636731642009,2021-11-12T10:40:42.009,70.15,0.2125110577676008,-2.1902664576824837,-0.03564470069124087
1636731642019,2021-11-12T10:40:42.019,70.16,0.4240783576563159,-2.3976564656435,0.13787203864167827
1636731642029,2021-11-12T10:40:42.029,70.17,0.574574528822258,-2.4672297158944096,0.3472291799449062
1636731642039,2021-11-12T10:40:42.039,70.18,0.47760483707164514,-2.4963221768561215,0.5440422576922318
1636731642049,2021-11-12T10:40:42.049,70.19,0.1219535613202656,-2.5765988890588742,0.6202863070609695
1636731642059,2021-11-12T10:40:42.059,70.2,-0.22450090095411895,-2.6937008949266192,0.5038372205971655
1636731642069,2021-11-12T10:40:42.069,70.21,-0.2629434725133264,-2.7787882669867336,0.2652622530000869
1636731642079,2021-11-12T10:40:42.079,70.22,0.005798551014177561,-2.811543995754117,0.028186709922323548
1636731642089,2021-11-12T10:40:42.089,70.23,0.28427348753227083,-2.82825842226434,-0.1814947202566261
1636731642099,2021-11-12T10:40:42.099,70.24,0.32394016975623674,-2.8567016951372386,-0.4103556472117449
1636731642109,2021-11-12T10:40:42.109,70.25,0.15021166167301397,-2.8953533500353275,-0.6605762974441065
1636731642119,2021-11-12T10:40:42.119,70.26,-0.07669761581890436,-2.9476585866739446,-0.8611213359868131
1636731642129,2021-11-12T10:40:42.129,70.27,-0.25348183223270077,-3.0223263189046556,-0.9180355362689241
1636731642139,2021-11-12T10:40:42.139,70.28,-0.34010803649571675,-3.0953256894407,-0.7806356861435674
1636731642149,2021-11-12T10:40:42.149,70.29,-0.3333440171038774,-3.1185630234558914,-0.4837572376097794
1636731642159,2021-11-12T10:40:42.159,70.3,-0.27175524356781694,-3.071107398282278,-0.11214497095995427
1636731642169,2021-11-12T10:40:42.169,70.31,-0.1749705751622366,-2.9638598390991087,0.28831175646668833
1636731642179,2021-11-12T10:40:42.179,70.32,-0.025022150705974144,-2.805433184265018,0.7406677919220419
1636731642189,2021-11-12T10:40:42.189,70.33,0.11487941177632893,-2.608452934681104,1.2686917832045923
1636731642199,2021-11-12T10:40:42.199,70.34,0.09250072975807036,-2.4054725201156355,1.8187780494640358
1636731642209,2021-11-12T10:40:42.209,70.35,-0.10061917866808402,-2.203953133187933,2.276567245714107
1636731642219,2021-11-12T10:40:42.219,70.36,-0.2324580445755121,-1.9532332994672505,2.5703298449606353
1636731642229,2021-11-12T10:40:42.229,70.37,-0.12754336494773813,-1.6146197058140872,2.7350495077553796
1636731642239,2021-11-12T10:40:42.239,70.38,0.06625753994326533,-1.2363088655853565,2.852759483484367
1636731642249,2021-11-12T10:40:42.249,70.39,0.10497165623596283,-0.8956626395680508,2.9474483889213747
1636731642259,2021-11-12T10:40:42.259,70.4,0.03136216369359902,-0.5945244536229866,2.968176140139117
1636731642269,2021-11-12T10:40:42.269,70.41,0.06169446761467011,-0.29141060198802365,2.8737281643104033
1636731642279,2021-11-12T10:40:42.279,70.42,0.16840776531304064,-0.013576435554628015,2.704171929372119
1636731642289,2021-11-12T10:40:42.289,70.43,0.12540628776676088,0.1676495462671433,2.5496795880510037
1636731642299,2021-11-12T10:40:42.299,70.44,-0.05826600242252006,0.25463031946580256,2.4590272820752257
1636731642309,2021-11-12T10:40:42.309,70.45,-0.12522512000268807,0.30547147316345,2.390321202764598
1636731642319,2021-11-12T10:40:42.319,70.46,0.0020688653518105907,0.33402059689101565,2.24847759201129
1636731642329,2021-11-12T10:40:42.329,70.47,0.11263364300682764,0.33195378492972183,1.9720843469688536
1636731642339,2021-11-12T10:40:42.339,70.48,0.05274412689141275,0.32793852334760765,1.5908110291779338
1636731642349,2021-11-12T10:40:42.349,70.49,-0.07251960845154344,0.3346777166999734,1.2027715432947752
1636731642359,2021-11-12T10:40:42.359,70.5,-0.08727514643617029,0.31054837318427064,0.9024068632158371
1636731642369,2021-11-12T10:40:42.369,70.51,0.03539358707442196,0.2387156999421277,0.7343654588582005
1636731642379,2021-11-12T10:40:42.379,70.52,0.1999320223821896,0.16910026878336537,0.6956470962925183
1636731642389,2021-11-12T10:40:42.389,70.53,0.32627139519258547,0.13362812837761717,0.7427124892861641
1636731642399,2021-11-12T10:40:42.399,70.54,0.4035054155400159,0.09988188657505898,0.8107059168510142
1636731642409,2021-11-12T10:40:42.409,70.55,0.4677534655454604,0.06629155246008445,0.8822386050750444
1636731642419,2021-11-12T10:40:42.419,70.56,0.5463143045648,0.10815646463542093,1.0104631969150732
1636731642429,2021-11-12T10:40:42.429,70.57,0.5920201968381185,0.23205506929406272,1.2159489376940287
1636731642439,2021-11-12T10:40:42.439,70.58,0.5111894800490113,0.2799357433792865,1.4286042784555522
1636731642449,2021-11-12T10:40:42.449,70.59,0.27427513237517986,0.09366673000877056,1.6033844019738446
1636731642459,2021-11-12T10:40:42.459,70.6,-0.0730090592595748,-0.31423945984528356,1.8008684724129511
1636731642469,2021-11-12T10:40:42.469,70.61,-0.5047634232661621,-0.8378024942976108,2.0676417024091
1636731642479,2021-11-12T10:40:42.479,70.62,-1.0100954529803912,-1.409480264475778,2.329742481505276
1636731642489,2021-11-12T10:40:42.489,70.63,-1.459200525686088,-1.9758885803701776,2.5046492293520126
1636731642499,2021-11-12T10:40:42.499,70.64,-1.5956140458073207,-2.4417051387662565,2.636946090126918
1636731642509,2021-11-12T10:40:42.509,70.65,-1.2912207623632082,-2.71997482798417,2.8027605663608393
1636731642519,2021-11-12T10:40:42.519,70.66,-0.7461666999662806,-2.8122497266519133,2.953239626481161
1636731642529,2021-11-12T10:40:42.529,70.67,-0.2899987646841626,-2.8072713890140983,2.9968109673843184
1636731642539,2021-11-12T10:40:42.539,70.68,-0.0657015670924164,-2.7961284031881193,2.973156688662713
1636731642549,2021-11-12T10:40:42.549,70.69,-0.06080131558875965,-2.792453248332423,2.998249759232789
1636731642559,2021-11-12T10:40:42.559,70.7,-0.27824667929054453,-2.744993712558034,3.0916771845224327
1636731642569,2021-11-12T10:40:42.569,70.71,-0.6458858955812804,-2.6015728021452333,3.184590108781499
1636731642579,2021-11-12T10:40:42.579,70.72,-0.9264389236965396,-2.3217361394488707,3.2525013831645158
1636731642589,2021-11-12T10:40:42.589,70.73,-0.9699477604973785,-1.8746853214052646,3.33787720458305
1636731642599,2021-11-12T10:40:42.599,70.74,-0.9359529024606864,-1.2941000069226358,3.4589446762430116
1636731642609,2021-11-12T10:40:42.609,70.75,-1.0789384997979439,-0.6926160606957639,3.571336588221018
1636731642619,2021-11-12T10:40:42.619,70.76,-1.4376398291635397,-0.16783210696754342,3.6501277619286467
1636731642629,2021-11-12T10:40:42.629,70.77,-1.8725941140979616,0.25398779356760165,3.7767273061504882
1636731642639,2021-11-12T10:40:42.639,70.78,-2.2580779319307918,0.5518422107244807,4.06967682644016
1636731642649,2021-11-12T10:40:42.649,70.79,-2.495937650003503,0.6677311971540407,4.5095167933317635
1636731642659,2021-11-12T10:40:42.659,70.8,-2.486406000364388,0.5742949058089701,4.926983473654121
1636731642669,2021-11-12T10:40:42.669,70.81,-2.24337795095651,0.3261343772699955,5.210647375143955
1636731642679,2021-11-12T10:40:42.679,70.82,-1.9296425812871694,0.008971039877587274,5.406699480663188
1636731642689,2021-11-12T10:40:42.689,70.83,-1.642660175751939,-0.3254020176024467,5.559801250861662
1636731642699,2021-11-12T10:40:42.699,70.84,-1.2808547594472048,-0.6597687098731393,5.606898844731788
1636731642709,2021-11-12T10:40:42.709,70.85,-0.7622416168697326,-0.9865660072739337,5.492081536173151
1636731642719,2021-11-12T10:40:42.719,70.86,-0.25020364389485805,-1.2976958282837958,5.24093503876554
1636731642729,2021-11-12T10:40:42.729,70.87,0.037530387761486025,-1.5632056790076512,4.883763021489414
1636731642739,2021-11-12T10:40:42.739,70.88,0.18741013584888772,-1.7112539274924838,4.428487271621409
1636731642749,2021-11-12T10:40:42.749,70.89,0.5204157352519163,-1.6801847838199215,3.9069177619631272
1636731642759,2021-11-12T10:40:42.759,70.9,1.1261446158077486,-1.5011651701680768,3.3647311331824916
1636731642769,2021-11-12T10:40:42.769,70.91,1.7127801463955785,-1.2727624406515083,2.8395172328021276
1636731642779,2021-11-12T10:40:42.779,70.92,2.012989605578377,-1.0506612773809514,2.369163081910661
1636731642789,2021-11-12T10:40:42.789,70.93,2.0661775839129395,-0.8106050838800362,1.9555844105642244
1636731642799,2021-11-12T10:40:42.799,70.94,1.981361212568768,-0.50890253015102,1.5424231304433502
1636731642809,2021-11-12T10:40:42.809,70.95,1.726390592993627,-0.1513481776784114,1.1030234068991924
1636731642819,2021-11-12T10:40:42.819,70.96,1.3126290979210877,0.1859410320601958,0.6967272769960167
1636731642829,2021-11-12T10:40:42.829,70.97,0.9370689489836785,0.4224518429604688,0.3662641857501432
1636731642839,2021-11-12T10:40:42.839,70.98,0.77828664227831,0.5768643685767166,0.055421234881749264
1636731642849,2021-11-12T10:40:42.849,70.99,0.7857126435734612,0.7395026405368633,-0.3047182157498695
1636731642859,2021-11-12T10:40:42.859,71.0,0.7663538846520024,0.9152776964900904,-0.712147788506674
1636731642869,2021-11-12T10:40:42.869,71.01,0.6147262873382382,0.9934664381148635,-1.1384478298733833
1636731642879,2021-11-12T10:40:42.879,71.02,0.4018212762852077,0.9149553893108582,-1.5572266844346934
1636731642889,2021-11-12T10:40:42.889,71.03,0.25315969685584105,0.7543849766921316,-1.910932923978517
1636731642899,2021-11-12T10:40:42.899,71.04,0.1827223554698033,0.5831333732116496,-2.150435250931605
1636731642909,2021-11-12T10:40:42.909,71.05,0.09399645417742405,0.38021506551724005,-2.2951683457572285
1636731642919,2021-11-12T10:40:42.919,71.06,-0.05692089537854594,0.14617391692651116,-2.3722257322631903
1636731642929,2021-11-12T10:40:42.929,71.07,-0.17777759626542533,-0.03843501887859073,-2.3488856652097265
1636731642939,2021-11-12T10:40:42.939,71.08,-0.16548777091244973,-0.14968872315607115,-2.1931885760166097
1636731642949,2021-11-12T10:40:42.949,71.09,-0.04908665897499207,-0.269505510944076,-1.9382505746711156
1636731642959,2021-11-12T10:40:42.959,71.1,0.04849536129761832,-0.42244059671502476,-1.6479156610036911
1636731642969,2021-11-12T10:40:42.969,71.11,0.04866039841206125,-0.5128569356755235,-1.374769418768417
1636731642979,2021-11-12T10:40:42.979,71.12,-0.014529087997841505,-0.48611330221763405,-1.1632756083779265
1636731642989,2021-11-12T10:40:42.989,71.13,-0.04118962700589968,-0.40501924396016126,-1.047076742627708
1636731642999,2021-11-12T10:40:42.999,71.14,0.019774648742996063,-0.3242621194353513,-1.0287532038324605
1636731643009,2021-11-12T10:40:43.009,71.15,0.11743168588236202,-0.2218310128784271,-1.0801444493825563
1636731643019,2021-11-12T10:40:43.019,71.16,0.20290590299081135,-0.08097519357932104,-1.1706927361518094
1636731643029,2021-11-12T10:40:43.029,71.17,0.3259421289342638,0.06250506964140513,-1.2777119899554976
1636731643039,2021-11-12T10:40:43.039,71.18,0.528239351418835,0.17104970710305734,-1.3461483816471853
1636731643049,2021-11-12T10:40:43.049,71.19,0.7217564200094053,0.24056518304839902,-1.2791376511084749
1636731643059,2021-11-12T10:40:43.059,71.2,0.8111728401291749,0.28450816427348025,-1.0712562729840185
1636731643069,2021-11-12T10:40:43.069,71.21,0.8619215153439101,0.32622967422111504,-0.9278010747583049
1636731643079,2021-11-12T10:40:43.079,71.22,0.9961696300083189,0.4040123140844551,-1.0431327578095941
1636731643089,2021-11-12T10:40:43.089,71.23,1.1834525932099393,0.5511571872585581,-1.2574842565647437
1636731643099,2021-11-12T10:40:43.099,71.24,1.3000242907449038,0.7643897585014569,-1.2526205935817534
1636731643109,2021-11-12T10:40:43.109,71.25,1.3456909727396087,1.0057885847196595,-1.0807575242132148
1636731643119,2021-11-12T10:40:43.119,71.26,1.3926063360327232,1.2451818263054046,-1.0877458179556716
1636731643129,2021-11-12T10:40:43.129,71.27,1.3773240139490153,1.4846953935995435,-1.353377357760936
1636731643139,2021-11-12T10:40:43.139,71.28,1.231092032230168,1.7121146022744425,-1.640165579029786
1636731643149,2021-11-12T10:40:43.149,71.29,1.1222277010209383,1.8552468565423288,-1.8205558229535108
1636731643159,2021-11-12T10:40:43.159,71.3,1.206929058890472,1.852638209461488,-1.9673538290714565
1636731643169,2021-11-12T10:40:43.169,71.31,1.3106207334549134,1.7644565809568327,-2.081878429849546
1636731643179,2021-11-12T10:40:43.179,71.32,1.257008955715767,1.72710400708687,-2.030013253947162
1636731643189,2021-11-12T10:40:43.189,71.33,1.2358513461288367,1.7768218750232423,-1.7497170838372766
1636731643199,2021-11-12T10:40:43.199,71.34,1.4335755101170566,1.7988658606960986,-1.3525450852124317
1636731643209,2021-11-12T10:40:43.209,71.35,1.6374652492388593,1.692530817056447,-0.9994741614664994
1636731643219,2021-11-12T10:40:43.219,71.36,1.5829739278660937,1.5154697376838417,-0.7644110605538693
1636731643229,2021-11-12T10:40:43.229,71.37,1.3775664826945189,1.4015376643857729,-0.6368716125193211
1636731643239,2021-11-12T10:40:43.239,71.38,1.2872915640911091,1.3932555515746827,-0.6043915015678585
1636731643249,2021-11-12T10:40:43.249,71.39,1.3447705604692084,1.4331089031454165,-0.6847901088968231
1636731643259,2021-11-12T10:40:43.259,71.4,1.3838662307329122,1.4682216447094516,-0.863955312201166
1636731643269,2021-11-12T10:40:43.269,71.41,1.3275656069152666,1.4796186886669758,-1.0517890094587983
1636731643279,2021-11-12T10:40:43.279,71.42,1.2573154819524537,1.453281127840147,-1.1637305089037377
1636731643289,2021-11-12T10:40:43.289,71.43,1.2083069084966316,1.3877355776095022,-1.2064689112676257
1636731643299,2021-11-12T10:40:43.299,71.44,1.0879439055349138,1.2980305836770942,-1.2108425616066967
1636731643309,2021-11-12T10:40:43.309,71.45,0.8955395781605501,1.196149804573812,-1.1336389155896405
1636731643319,2021-11-12T10:40:43.319,71.46,0.8104143049037897,1.0974768161028037,-0.9163875125866774
1636731643329,2021-11-12T10:40:43.329,71.47,0.9087791390750191,1.022321661345971,-0.6018585443223551
1636731643339,2021-11-12T10:40:43.339,71.48,1.0251147835705088,0.9683385631430945,-0.3104583621691904
1636731643349,2021-11-12T10:40:43.349,71.49,1.032359076848315,0.9295956834504615,-0.12388679871574267
1636731643359,2021-11-12T10:40:43.359,71.5,1.0139632925100346,0.9509483375311538,-0.04434692696578926
1636731643369,2021-11-12T10:40:43.369,71.51,1.0680285694023521,1.089068870501051,-0.04863174358285221
1636731643379,2021-11-12T10:40:43.379,71.52,1.1544833223343431,1.3002659514352406,-0.14446284406905865
1636731643389,2021-11-12T10:40:43.389,71.53,1.1702078142680643,1.4481083952383043,-0.35929114582153077
1636731643399,2021-11-12T10:40:43.399,71.54,1.0644161977718678,1.4651992892629382,-0.6682638248248853
1636731643409,2021-11-12T10:40:43.409,71.55,0.9184853754763054,1.441137925302638,-0.9678328441861586
1636731643419,2021-11-12T10:40:43.419,71.56,0.8973837270496916,1.4986260775177347,-1.1687048840938266
1636731643429,2021-11-12T10:40:43.429,71.57,1.0337354386379294,1.6379601994725896,-1.2901676722824205
1636731643439,2021-11-12T10:40:43.439,71.58,1.1800494538919861,1.7570534620465643,-1.4176139194808408
1636731643449,2021-11-12T10:40:43.449,71.59,1.236773577400428,1.7783222462350459,-1.5953003584100058
1636731643459,2021-11-12T10:40:43.459,71.6,1.2259984006570621,1.7136349315806814,-1.7942697812095512
1636731643469,2021-11-12T10:40:43.469,71.61,1.1536066979577422,1.6464785376205775,-1.9599155341424752
1636731643479,2021-11-12T10:40:43.479,71.62,1.0331505516562252,1.6666002416050651,-2.0719242655434744
1636731643489,2021-11-12T10:40:43.489,71.63,0.9702509663110805,1.7795436349485536,-2.16659182726765
1636731643499,2021-11-12T10:40:43.499,71.64,1.0214242155830988,1.8950478655343563,-2.2922638661564343
1636731643509,2021-11-12T10:40:43.509,71.65,1.0603557385400648,1.9365537343409087,-2.4393968200955216
1636731643519,2021-11-12T10:40:43.519,71.66,0.921424814414449,1.9135335365931723,-2.545888317581497
1636731643529,2021-11-12T10:40:43.529,71.67,0.6173253242949455,1.8697301372893256,-2.5836916084984183
1636731643539,2021-11-12T10:40:43.539,71.68,0.3362671821108817,1.8250703649560678,-2.601404318431231
1636731643549,2021-11-12T10:40:43.549,71.69,0.23358371713193538,1.7703625088148618,-2.6618852646993476
1636731643559,2021-11-12T10:40:43.559,71.7,0.2788495812059462,1.6708151145134762,-2.7693624064386846
1636731643569,2021-11-12T10:40:43.569,71.71,0.3428520588721608,1.4995650242398548,-2.8681284122403397
1636731643579,2021-11-12T10:40:43.579,71.72,0.36967230779952087,1.300579054309592,-2.8956138511664458
1636731643589,2021-11-12T10:40:43.589,71.73,0.37781673196235555,1.1678440802868904,-2.847969505940893
1636731643599,2021-11-12T10:40:43.599,71.74,0.3615240582217658,1.1273997241477614,-2.789145398358694
1636731643609,2021-11-12T10:40:43.609,71.75,0.30696776839233786,1.0982843996242475,-2.766011418231681
1636731643619,2021-11-12T10:40:43.619,71.76,0.2564683539604536,1.0025632048784712,-2.758910309745109
1636731643629,2021-11-12T10:40:43.629,71.77,0.2633250962382375,0.8570503183258326,-2.7624258661294565
1636731643639,2021-11-12T10:40:43.639,71.78,0.3184850026518638,0.7389743840696235,-2.8227106858373294
1636731643649,2021-11-12T10:40:43.649,71.79,0.36243302989882786,0.7076780867472046,-2.9305328228624354
1636731643659,2021-11-12T10:40:43.659,71.8,0.34342472655434975,0.7507182150380247,-2.995104143651451
1636731643669,2021-11-12T10:40:43.669,71.81,0.27353597897731585,0.7810307700744705,-2.9840410578071497
1636731643679,2021-11-12T10:40:43.679,71.82,0.23257334798029494,0.7327387966561439,-2.967665452158402
1636731643689,2021-11-12T10:40:43.689,71.83,0.28237336693996823,0.6643862573684074,-2.9852091454316545
1636731643699,2021-11-12T10:40:43.699,71.84,0.4050857449411854,0.6876559107146453,-2.976173120670178
1636731643709,2021-11-12T10:40:43.709,71.85,0.5520528630772411,0.8029530432814822,-2.876277784210382
1636731643719,2021-11-12T10:40:43.719,71.86,0.6934736777767171,0.9042898262943581,-2.713317879013637
1636731643729,2021-11-12T10:40:43.729,71.87,0.8175439377747702,0.9372473143506155,-2.5767968650725463
1636731643739,2021-11-12T10:40:43.739,71.88,0.947320693187117,0.9577429581251925,-2.51808914771392
1636731643749,2021-11-12T10:40:43.749,71.89,1.1238014799555374,1.030020112526385,-2.5169744312322666
1636731643759,2021-11-12T10:40:43.759,71.9,1.3164049037738188,1.1393446159838496,-2.549392559242451
1636731643769,2021-11-12T10:40:43.769,71.91,1.4365131905440895,1.2428805936854839,-2.6397638993536163
1636731643779,2021-11-12T10:40:43.779,71.92,1.4871278042101173,1.364980808813892,-2.805701660185203
1636731643789,2021-11-12T10:40:43.789,71.93,1.5503296522638128,1.560379231357639,-2.9819241025173753
1636731643799,2021-11-12T10:40:43.799,71.94,1.572410856828946,1.7854262726266432,-3.074074191917687
1636731643809,2021-11-12T10:40:43.809,71.95,1.3636531913186476,1.9132227409643943,-3.0956551495932896
1636731643819,2021-11-12T10:40:43.819,71.96,0.9159244885165334,1.9084372965076222,-3.1544209146760243
1636731643829,2021-11-12T10:40:43.829,71.97,0.5583975387013722,1.895064220505001,-3.268821513141727
1636731643839,2021-11-12T10:40:43.839,71.98,0.6562889128519276,2.0167422011342104,-3.32249542358858
1636731643849,2021-11-12T10:40:43.849,71.99,1.2028110543926034,2.2898925159923964,-3.2584491139241605
1636731643859,2021-11-12T10:40:43.859,72.0,1.819391566726273,2.60669463564952,-3.1832765844795197
1636731643869,2021-11-12T10:40:43.869,72.01,2.1464354559799874,2.845230294086997,-3.2083496292071274
1636731643879,2021-11-12T10:40:43.879,72.02,2.1066363717150924,2.976727979315849,-3.3124531874713865
1636731643889,2021-11-12T10:40:43.889,72.03,1.8075799179964358,3.0720050589751073,-3.43798535407858
1636731643899,2021-11-12T10:40:43.899,72.04,1.3948954435651726,3.1920867091484637,-3.6171235914117057
1636731643909,2021-11-12T10:40:43.909,72.05,1.0336289886556735,3.3021149638868206,-3.908434564875288
1636731643919,2021-11-12T10:40:43.919,72.06,0.8423275529732234,3.3322690592164057,-4.282606812951979
1636731643929,2021-11-12T10:40:43.929,72.07,0.7875700385932962,3.284191482604075,-4.677868622280689
1636731643939,2021-11-12T10:40:43.939,72.08,0.7390485248094416,3.2135723686354174,-5.120829854831382
1636731643949,2021-11-12T10:40:43.949,72.09,0.6194407552125386,3.12756344919128,-5.679803265437632
1636731643959,2021-11-12T10:40:43.959,72.1,0.44167443637032133,2.962416788292467,-6.318157999571191
1636731643969,2021-11-12T10:40:43.969,72.11,0.26178589329592844,2.666675597004605,-6.893796909822177
1636731643979,2021-11-12T10:40:43.979,72.12,0.1618192921585617,2.2669937965373697,-7.308650618590084
1636731643989,2021-11-12T10:40:43.989,72.13,0.2119709621992264,1.8439786537211134,-7.578510978881702
1636731643999,2021-11-12T10:40:43.999,72.14,0.3740504069506675,1.4617485541195117,-7.740649541587537
1636731644009,2021-11-12T10:40:44.009,72.15,0.49637294478762495,1.1269659150764983,-7.780654641787985
1636731644019,2021-11-12T10:40:44.019,72.16,0.4924242848387952,0.8143815563773749,-7.688791080285619
1636731644029,2021-11-12T10:40:44.029,72.17,0.4608493344307888,0.5126722919167331,-7.513034200751379
1636731644039,2021-11-12T10:40:44.039,72.18,0.4726308700686495,0.21456834111861672,-7.338519782722952
1636731644049,2021-11-12T10:40:44.049,72.19,0.3230185370801056,-0.10818734847394547,-7.287180569217314
1636731644059,2021-11-12T10:40:44.059,72.2,-0.20880167375444597,-0.45044936547635056,-7.508661366381575
1636731644069,2021-11-12T10:40:44.069,72.21,-0.8930740808871322,-0.7119260717069293,-8.079339959103311
1636731644079,2021-11-12T10:40:44.079,72.22,-1.2242946504428072,-0.777310739660898,-8.93402323587338
1636731644089,2021-11-12T10:40:44.089,72.23,-1.0920537778118284,-0.6627445619074082,-9.932014356065727
1636731644099,2021-11-12T10:40:44.099,72.24,-0.9380694289073053,-0.5030377780817897,-10.933108584557738
1636731644109,2021-11-12T10:40:44.109,72.25,-1.194424116750769,-0.3879670279216097,-11.817892664552435
1636731644119,2021-11-12T10:40:44.119,72.26,-1.8225671654144031,-0.2924437691018179,-12.524061031777379
1636731644129,2021-11-12T10:40:44.129,72.27,-2.4923472177301926,-0.17406200517412868,-13.066610515510387
1636731644139,2021-11-12T10:40:44.139,72.28,-3.0303008542804872,-0.05312116904331077,-13.479372342889995
1636731644149,2021-11-12T10:40:44.149,72.29,-3.5001893763974357,0.02824588548188913,-13.762203840689992
1636731644159,2021-11-12T10:40:44.159,72.3,-3.920009606148499,0.07032597532097853,-13.909878859937535
1636731644169,2021-11-12T10:40:44.169,72.31,-4.165210200348856,0.11203961320327643,-13.957142487129616
1636731644179,2021-11-12T10:40:44.179,72.32,-4.186089296044928,0.17439352188250995,-13.965690065095057
1636731644189,2021-11-12T10:40:44.189,72.33,-4.109515624367853,0.22558148446136353,-13.97746620187333
1636731644199,2021-11-12T10:40:44.199,72.34,-4.066454753592662,0.2304070943033727,-13.994711181223675
1636731644209,2021-11-12T10:40:44.209,72.35,-4.023573402708646,0.2236100867051798,-13.994197634537324
1636731644219,2021-11-12T10:40:44.219,72.36,-3.824578350229152,0.2802900671139492,-13.94443675202941
1636731644229,2021-11-12T10:40:44.229,72.37,-3.422724028995199,0.41984539154368883,-13.818398293690091
1636731644239,2021-11-12T10:40:44.239,72.38,-3.057341114750857,0.5905931911940521,-13.59318599519214
1636731644249,2021-11-12T10:40:44.249,72.39,-3.03441434585735,0.7386000650325487,-13.220884332443557
1636731644259,2021-11-12T10:40:44.259,72.4,-3.337925904610756,0.861371296050204,-12.645434923008676
1636731644269,2021-11-12T10:40:44.269,72.41,-3.6915028676952595,1.007132082097077,-11.926101594846832
1636731644279,2021-11-12T10:40:44.279,72.42,-3.867285575126279,1.2163410035103674,-11.273333473416614
1636731644289,2021-11-12T10:40:44.289,72.43,-3.6855346087228584,1.4405524782076258,-10.81857362242837
1636731644299,2021-11-12T10:40:44.299,72.44,-3.1196403231755223,1.537510491495438,-10.427627989067357
1636731644309,2021-11-12T10:40:44.309,72.45,-2.663119316374523,1.3716157971478407,-9.915040289778112
1636731644319,2021-11-12T10:40:44.319,72.46,-2.947418417573529,0.9334410397606427,-9.30913185392641
1636731644329,2021-11-12T10:40:44.329,72.47,-3.7718185457714535,0.3800724784363714,-8.688532327891634
1636731644339,2021-11-12T10:40:44.339,72.48,-4.252098111203288,-0.07244047377650803,-7.959696088710748
1636731644349,2021-11-12T10:40:44.349,72.49,-4.05732917004986,-0.3332872049702983,-7.066694550172757
1636731644359,2021-11-12T10:40:44.359,72.5,-3.761387735959194,-0.4706791237242356,-6.195774998820945
1636731644369,2021-11-12T10:40:44.369,72.51,-3.8918831808463077,-0.5670593131040801,-5.516722313212856
1636731644379,2021-11-12T10:40:44.379,72.52,-4.244410178833264,-0.6271569640760033,-4.937579042497154
1636731644389,2021-11-12T10:40:44.389,72.53,-4.198990123160058,-0.6195153359982317,-4.253322239012604
1636731644399,2021-11-12T10:40:44.399,72.54,-3.3764156369010454,-0.5862441636315806,-3.3035842995198808
1636731644409,2021-11-12T10:40:44.409,72.55,-2.065136634052932,-0.7732476409484852,-1.977667004062168
1636731644419,2021-11-12T10:40:44.419,72.56,-1.0705258037673786,-1.538865766237768,-0.3252896002413297
1636731644429,2021-11-12T10:40:44.429,72.57,-0.8433503265037827,-2.932960983147972,1.3726020661104443
1636731644439,2021-11-12T10:40:44.439,72.58,-0.8931578142449548,-4.519484368053559,2.821460902830598
1636731644449,2021-11-12T10:40:44.449,72.59,-0.5427549016463693,-5.835097969424911,3.9320890692428847
1636731644459,2021-11-12T10:40:44.459,72.6,0.04808122329931101,-6.753305284744574,4.8008967601419235
1636731644469,2021-11-12T10:40:44.469,72.61,0.2227746295129084,-7.189549095633536,5.69049645857802
1636731644479,2021-11-12T10:40:44.479,72.62,-0.21283261715849663,-6.987714653952947,7.068848696465581
1636731644489,2021-11-12T10:40:44.489,72.63,-1.030195652898234,-6.3811723425657885,9.305756992701102
1636731644499,2021-11-12T10:40:44.499,72.64,-2.1277565879736953,-5.630060230309622,12.06440909637995
1636731644509,2021-11-12T10:40:44.509,72.65,-3.2660733962837143,-3.959228718042869,14.501615428070837
1636731644519,2021-11-12T10:40:44.519,72.66,-3.577869313580255,-0.8133861893783947,16.766078960123227
1636731644529,2021-11-12T10:40:44.529,72.67,-2.29919211512812,1.4916992880429887,20.357982879193887
1636731644539,2021-11-12T10:40:44.539,72.68,0.00739587015280313,0.041276943304539154,25.310206120623636
1636731644549,2021-11-12T10:40:44.549,72.69,1.9071535423754948,-3.0223212870942864,28.513724725569382
1636731644559,2021-11-12T10:40:44.559,72.7,2.7695361569210366,-2.400225737423905,27.839884032492666
1636731644569,2021-11-12T10:40:44.569,72.71,2.941266926873398,2.0157515239812516,25.726852383137523
1636731644579,2021-11-12T10:40:44.579,72.72,2.58270737398693,4.754348394262543,24.858813870104896
1636731644589,2021-11-12T10:40:44.589,72.73,1.678936307928813,2.7445114194407054,23.68897601776753
1636731644599,2021-11-12T10:40:44.599,72.74,0.7069909268183528,-1.9304529617461346,20.452314075738038
1636731644609,2021-11-12T10:40:44.609,72.75,0.1579005587505044,-5.901588762182559,17.533270379142174
1636731644619,2021-11-12T10:40:44.619,72.76,0.09719772545857111,-6.984561684579742,17.942584446634132
1636731644629,2021-11-12T10:40:44.629,72.77,0.6741041474555486,-5.265797618067277,20.877067681204544
1636731644639,2021-11-12T10:40:44.639,72.78,2.039098934856081,-3.5929175175892203,23.335590572821506
1636731644649,2021-11-12T10:40:44.649,72.79,3.608565478934663,-4.054858949266595,23.629766735579885
1636731644659,2021-11-12T10:40:44.659,72.8,4.311986449083005,-4.808679212106211,21.917671096259518
1636731644669,2021-11-12T10:40:44.669,72.81,3.6867866889629735,-3.4627262508127026,19.12086775563641
1636731644679,2021-11-12T10:40:44.679,72.82,2.3700490218997174,-0.9677661774089389,16.46270925164012
1636731644689,2021-11-12T10:40:44.689,72.83,1.515888824230398,0.5893987880733711,15.185782664303174
1636731644699,2021-11-12T10:40:44.699,72.84,1.7523412402451346,1.139667369413291,15.784785121274144
1636731644709,2021-11-12T10:40:44.709,72.85,2.6605713881382145,1.6549472918289547,17.522154711798077
1636731644719,2021-11-12T10:40:44.719,72.86,3.3453978173519996,2.263866675499055,18.990011355188138
1636731644729,2021-11-12T10:40:44.729,72.87,3.3064385822589886,2.494311407237409,19.19129967630727
1636731644739,2021-11-12T10:40:44.739,72.88,2.5121118010820522,2.104286243388378,18.086061754194695
1636731644749,2021-11-12T10:40:44.749,72.89,1.3105001845627298,1.124777631807134,16.37275388048966
1636731644759,2021-11-12T10:40:44.759,72.9,0.7946355066071615,-0.241164645488589,14.98293547974871
1636731644769,2021-11-12T10:40:44.769,72.91,1.9773062620945132,-1.5132101895254315,14.527287028027683
1636731644779,2021-11-12T10:40:44.779,72.92,3.862509302133414,-2.094967274611168,14.848008234317813
1636731644789,2021-11-12T10:40:44.789,72.93,4.282018098062001,-1.7323188038659727,15.200012022477441
1636731644799,2021-11-12T10:40:44.799,72.94,3.335284860592181,-0.7338194883631632,15.068973460715313
1636731644809,2021-11-12T10:40:44.809,72.95,3.2926401837045876,0.3123046681299352,14.646632159946389
1636731644819,2021-11-12T10:40:44.819,72.96,4.600453462800643,0.9939805360514025,14.424987377396839
1636731644829,2021-11-12T10:40:44.829,72.97,5.147285397788633,1.2103434997643578,14.610434038504945
1636731644839,2021-11-12T10:40:44.839,72.98,3.7698176466870486,0.9850217165528774,15.034037204017789
1636731644849,2021-11-12T10:40:44.849,72.99,1.6483885769024929,0.38823150507693005,15.372106634096001
1636731644859,2021-11-12T10:40:44.859,73.0,0.209022682917847,-0.3935333983845334,15.317086767610972
1636731644869,2021-11-12T10:40:44.869,73.01,-0.3439039976606707,-1.1887460956735199,14.708286817848784
1636731644879,2021-11-12T10:40:44.879,73.02,-0.4359571977018585,-2.033723464093135,13.737737426704198
1636731644889,2021-11-12T10:40:44.889,73.03,-0.1902484279273508,-3.0415227656544364,13.035918129679466
1636731644899,2021-11-12T10:40:44.899,73.04,0.6530278087045402,-4.1699189200597235,13.260592990644696
1636731644909,2021-11-12T10:40:44.909,73.05,2.12927352385829,-5.259428235215944,14.396611792507223
1636731644919,2021-11-12T10:40:44.919,73.06,3.691807812363907,-6.1691427705781035,15.628353350813853
1636731644929,2021-11-12T10:40:44.929,73.07,4.661453739097634,-6.776559662296872,16.08685318999804
1636731644939,2021-11-12T10:40:44.939,73.08,4.840850753095723,-6.970945062801682,15.627520881766195
1636731644949,2021-11-12T10:40:44.949,73.09,4.4342031288906005,-6.764602809690594,14.765383536961997
1636731644959,2021-11-12T10:40:44.959,73.1,3.4924278535230364,-6.386038338462086,14.019214880120153
1636731644969,2021-11-12T10:40:44.969,73.11,1.844693966821876,-6.1593223780185635,13.576120304505299
1636731644979,2021-11-12T10:40:44.979,73.12,-0.26102600353891103,-6.1916864375792855,13.459461689026178
1636731644989,2021-11-12T10:40:44.989,73.13,-1.825060838641335,-6.183287948936794,13.558056346454899
1636731644999,2021-11-12T10:40:44.999,73.14,-1.8879011001611394,-5.676038355783193,13.424719225836633
1636731645009,2021-11-12T10:40:45.009,73.15,-0.7000619250663564,-4.593868689500146,12.509794181605017
1636731645019,2021-11-12T10:40:45.019,73.16,0.2814564456788381,-3.453405798813704,10.83940485330503
1636731645029,2021-11-12T10:40:45.029,73.17,-0.10218732425655673,-2.9030244499729934,9.234028915176287
1636731645039,2021-11-12T10:40:45.039,73.18,-1.4691359388684884,-3.1111094329518427,8.645996555594666
1636731645049,2021-11-12T10:40:45.049,73.19,-2.7515751543054563,-3.717219120519891,9.309068308719779
1636731645059,2021-11-12T10:40:45.059,73.2,-3.936067405523936,-4.248128791095615,10.595310862402194
1636731645069,2021-11-12T10:40:45.069,73.21,-5.5921022336338355,-4.4289030705136145,11.641647148331835
1636731645079,2021-11-12T10:40:45.079,73.22,-6.762780440749991,-4.273073323184031,11.97387468817653
1636731645089,2021-11-12T10:40:45.089,73.23,-5.595653695312855,-4.085436163742941,11.570205991531793
1636731645099,2021-11-12T10:40:45.099,73.24,-2.6843662161782755,-4.241539110468596,10.730241432295959
1636731645109,2021-11-12T10:40:45.109,73.25,-1.1179927920253938,-4.798120001963701,10.094579715976288
1636731645119,2021-11-12T10:40:45.119,73.26,-2.1073790089762903,-5.418616606794008,10.299273495955497
1636731645129,2021-11-12T10:40:45.129,73.27,-3.222250725812661,-5.747275656485746,11.208429590397252
1636731645139,2021-11-12T10:40:45.139,73.28,-2.1842798939991193,-5.752878216889432,11.909962422068205
1636731645149,2021-11-12T10:40:45.149,73.29,0.0587014401501354,-5.7024972955889055,11.768375568809873
1636731645159,2021-11-12T10:40:45.159,73.3,1.235511294764278,-5.910239560502069,10.976515018952192
1636731645169,2021-11-12T10:40:45.169,73.31,0.7320771818744374,-6.510298333231045,9.927538710712078
1636731645179,2021-11-12T10:40:45.179,73.32,-0.43397293987111774,-7.373655249762505,8.749856103564676
1636731645189,2021-11-12T10:40:45.189,73.33,-1.3297912601079962,-8.174072098437517,7.62035766654002
1636731645199,2021-11-12T10:40:45.199,73.34,-1.7618848032772028,-8.514704532029523,6.834828756549249
1636731645209,2021-11-12T10:40:45.209,73.35,-1.7012173469382041,-8.081799561539427,6.380674265773994
1636731645219,2021-11-12T10:40:45.219,73.36,-1.0246035797991964,-6.872902418858989,5.903717168559778
1636731645229,2021-11-12T10:40:45.229,73.37,0.013636179989337971,-5.318657203378197,5.143417306147612
1636731645239,2021-11-12T10:40:45.239,73.38,0.8160835783466465,-3.9956672254006684,4.095481100560134
1636731645249,2021-11-12T10:40:45.249,73.39,1.1731857935753491,-3.158928450071268,2.8336168330870692
1636731645259,2021-11-12T10:40:45.259,73.4,1.290434195376131,-2.7038744766956198,1.5055380036058965
1636731645269,2021-11-12T10:40:45.269,73.41,1.1150489645643726,-2.5211737711882183,0.5119827958401384
1636731645279,2021-11-12T10:40:45.279,73.42,0.3605561494126849,-2.5888409371699224,0.3646686751813326
1636731645289,2021-11-12T10:40:45.289,73.43,-0.9068974956613842,-2.7859581397595785,1.1645290814994094
1636731645299,2021-11-12T10:40:45.299,73.44,-2.2702267378875214,-3.0506150982354696,2.3708808463991105
1636731645309,2021-11-12T10:40:45.309,73.45,-3.3934719839517338,-3.611466493620372,3.2830694978679063
1636731645319,2021-11-12T10:40:45.319,73.46,-4.1345009526436245,-4.472004061980659,3.6637578165392344
1636731645329,2021-11-12T10:40:45.329,73.47,-4.453385066668191,-5.006694200121114,3.7309903718338644
1636731645339,2021-11-12T10:40:45.339,73.48,-4.4258329726379735,-4.986899939427999,3.672164514686046
1636731645349,2021-11-12T10:40:45.349,73.49,-4.1746634906518265,-5.335513005658262,3.43490705508923
1636731645359,2021-11-12T10:40:45.359,73.5,-3.6590247123447535,-6.593161609466429,2.9770471283350344
1636731645369,2021-11-12T10:40:45.369,73.51,-2.6903235918651562,-7.61955219768662,2.4437483548405456
1636731645379,2021-11-12T10:40:45.379,73.52,-1.2994158060741783,-7.201055209842755,1.9625539866703088
1636731645389,2021-11-12T10:40:45.389,73.53,0.08913228394041148,-5.804982160014915,1.3968685717035347
1636731645399,2021-11-12T10:40:45.399,73.54,1.122036745487807,-4.593052431153343,0.44161874404883245
1636731645409,2021-11-12T10:40:45.409,73.55,1.9968212753008798,-3.826377791604753,-1.0660941886607878
1636731645419,2021-11-12T10:40:45.419,73.56,3.090868454758709,-3.087149771843235,-2.9803660058388437
1636731645429,2021-11-12T10:40:45.429,73.57,4.288552852568152,-2.196477060322094,-4.91255379320535
1636731645439,2021-11-12T10:40:45.439,73.58,5.146323106257595,-1.2863550677803945,-6.414357082134309
1636731645449,2021-11-12T10:40:45.449,73.59,5.555475415619106,-0.42370333276565436,-7.221317723126948
1636731645459,2021-11-12T10:40:45.459,73.6,5.77565002842154,0.4505539559345674,-7.448070177276104
1636731645469,2021-11-12T10:40:45.469,73.61,5.89791249486946,1.3684958754314565,-7.5301019849897095
1636731645479,2021-11-12T10:40:45.479,73.62,5.617178029467362,2.286041547568083,-7.907315522844437
1636731645489,2021-11-12T10:40:45.489,73.63,4.615039693876527,3.130777780246082,-8.707096375261465
1636731645499,2021-11-12T10:40:45.499,73.64,3.0682826520872384,3.8505003141049823,-9.694418283410153
1636731645509,2021-11-12T10:40:45.509,73.65,1.6102162431849618,4.45686979337172,-10.550633472586068
1636731645519,2021-11-12T10:40:45.519,73.66,0.7355857481546715,5.049405841385147,-11.189620041353532
1636731645529,2021-11-12T10:40:45.529,73.67,0.43075285739989344,5.7585000478126,-11.735572036820722
1636731645539,2021-11-12T10:40:45.539,73.68,0.4097896431677059,6.615344614016644,-12.28904492849243
1636731645549,2021-11-12T10:40:45.549,73.69,0.4294099235157543,7.468968193514614,-12.90033400571593
1636731645559,2021-11-12T10:40:45.559,73.7,0.2841907736650755,8.026156167689805,-13.692381862909869
1636731645569,2021-11-12T10:40:45.569,73.71,-0.25876468983493933,7.985842504971661,-14.758678805969218
1636731645579,2021-11-12T10:40:45.579,73.72,-1.2961515009284468,7.230960830461448,-15.911936617998068
1636731645589,2021-11-12T10:40:45.589,73.73,-2.606601520574049,5.940443255119019,-16.73097531587463
1636731645599,2021-11-12T10:40:45.599,73.74,-3.8556549344895608,4.435474317183091,-16.95791150546349
1636731645609,2021-11-12T10:40:45.609,73.75,-4.969530940544291,2.93957644442183,-16.746413992134364
1636731645619,2021-11-12T10:40:45.619,73.76,-6.014028755024626,1.617227703566142,-16.4513096484443
1636731645629,2021-11-12T10:40:45.629,73.77,-6.785230410670226,0.7280422715256629,-16.29976208823785
1636731645639,2021-11-12T10:40:45.639,73.78,-6.979911960924815,0.4739466883636729,-16.36084811669148
1636731645649,2021-11-12T10:40:45.649,73.79,-6.727196941139891,0.7302845984007207,-16.705431096489306
1636731645659,2021-11-12T10:40:45.659,73.8,-6.487946165030946,1.1561771540309298,-17.424660497393255
1636731645669,2021-11-12T10:40:45.669,73.81,-6.459047108348585,1.5485648924430915,-18.46446523909728
1636731645679,2021-11-12T10:40:45.679,73.82,-6.446015721469335,1.9082271883917292,-19.500060818242055
1636731645689,2021-11-12T10:40:45.689,73.83,-6.2552024547329195,2.2086385747145267,-20.02174029464542
1636731645699,2021-11-12T10:40:45.699,73.84,-5.853241114160508,2.3321423763240325,-19.572958536015516
1636731645709,2021-11-12T10:40:45.709,73.85,-5.146523669449794,2.2929285641245083,-18.030516453613686
1636731645719,2021-11-12T10:40:45.719,73.86,-3.9811799942821686,2.3535421803324263,-15.89013823590225
1636731645729,2021-11-12T10:40:45.729,73.87,-2.495105352257262,2.8002831444270972,-14.248755600840834
1636731645739,2021-11-12T10:40:45.739,73.88,-1.15036730696034,3.6764103350751753,-14.092747910038504
1636731645749,2021-11-12T10:40:45.749,73.89,-0.2341415514448676,4.811977860777819,-15.427944582687655
1636731645759,2021-11-12T10:40:45.759,73.9,0.4039330790460558,6.009649262930729,-17.359628537264424
1636731645769,2021-11-12T10:40:45.769,73.91,0.940882408096414,7.081558776491747,-19.006120369049444
1636731645779,2021-11-12T10:40:45.779,73.92,1.180702474047916,7.816317864069985,-19.973626259654747
1636731645789,2021-11-12T10:40:45.789,73.93,0.8700334900857558,8.1106880611036,-20.02206782768302
1636731645799,2021-11-12T10:40:45.799,73.94,0.2553283015284306,8.111180610233308,-18.86679845199349
1636731645809,2021-11-12T10:40:45.809,73.95,-0.11073394547734128,8.077112700685653,-16.64512236611345
1636731645819,2021-11-12T10:40:45.819,73.96,-0.09400634583186726,8.14385810032003,-14.30354668311605
1636731645829,2021-11-12T10:40:45.829,73.97,-0.0027768523833896983,8.317221282945702,-13.082297089962658
1636731645839,2021-11-12T10:40:45.839,73.98,0.07797824506024768,8.571947742895905,-13.541372926271801
1636731645849,2021-11-12T10:40:45.849,73.99,0.31191201369096455,8.857610337301065,-15.295950494522813
1636731645859,2021-11-12T10:40:45.859,74.0,0.4949797748652194,9.166479542081056,-17.643793553105645
1636731645869,2021-11-12T10:40:45.869,74.01,0.23797008732745895,9.657769026620038,-20.144496978093205
1636731645879,2021-11-12T10:40:45.879,74.02,-0.2115222117276813,10.572428767275104,-22.622363914603444
1636731645889,2021-11-12T10:40:45.889,74.03,-0.2858425926905983,12.018692841209221,-24.91289253229041
1636731645899,2021-11-12T10:40:45.899,74.04,-0.21026891243317575,13.907914551818282,-26.660686623733447
1636731645909,2021-11-12T10:40:45.909,74.05,-0.6247687252898325,16.00734594175622,-27.343961372133734
1636731645919,2021-11-12T10:40:45.919,74.06,-1.233921668692851,17.9983585470248,-26.668096787636934
1636731645929,2021-11-12T10:40:45.929,74.07,-1.1616390345226835,19.573508740399195,-24.880677203546362
1636731645939,2021-11-12T10:40:45.939,74.08,-0.3368095707057913,20.517320128093,-22.41378220194042
1636731645949,2021-11-12T10:40:45.949,74.09,0.6932336377600423,20.70080396119636,-19.33810397160384
1636731645959,2021-11-12T10:40:45.959,74.1,1.8071677048751416,20.091422374281365,-15.55618679306027
1636731645969,2021-11-12T10:40:45.969,74.11,3.198573831406182,18.807568439701924,-11.467727926576234
1636731645979,2021-11-12T10:40:45.979,74.12,4.66473521685223,17.075311268972545,-8.064100363210407
1636731645989,2021-11-12T10:40:45.989,74.13,5.57419511834194,15.088416367498333,-6.269601228815798
1636731645999,2021-11-12T10:40:45.999,74.14,5.429102559545785,12.945428053478896,-6.308351477769833
1636731646009,2021-11-12T10:40:46.009,74.15,4.393306719013284,10.697858697151926,-7.681952975037168
1636731646019,2021-11-12T10:40:46.019,74.16,3.1907419786980658,8.3924706693668,-9.609208107712142
1636731646029,2021-11-12T10:40:46.029,74.17,2.323658898249698,6.076590747314613,-11.451291143870511
1636731646039,2021-11-12T10:40:46.039,74.18,1.6188471114704719,3.82212003673774,-12.858744235032454
1636731646049,2021-11-12T10:40:46.049,74.19,0.745041279008869,1.7609337754759247,-13.71142766689028
1636731646059,2021-11-12T10:40:46.059,74.2,-0.2107512139958917,0.060314193285235185,-14.014045091268486
1636731646069,2021-11-12T10:40:46.069,74.21,-0.9634861059644311,-1.1765715151387621,-13.808395009562382
1636731646079,2021-11-12T10:40:46.079,74.22,-1.4739876488487837,-1.9769628576504608,-13.100895653981322
1636731646089,2021-11-12T10:40:46.089,74.23,-1.8903232524895888,-2.4438681823860637,-11.82057117555062
1636731646099,2021-11-12T10:40:46.099,74.24,-2.255517578875616,-2.6782579776161892,-9.8714814958159
1636731646109,2021-11-12T10:40:46.109,74.25,-2.4666508115769314,-2.7728920506896086,-7.327727305553301
1636731646119,2021-11-12T10:40:46.119,74.26,-2.3923851704042782,-2.7906204112258415,-4.604970553208845
1636731646129,2021-11-12T10:40:46.129,74.27,-1.902290487084821,-2.714155661637161,-2.3297700915648245
1636731646139,2021-11-12T10:40:46.139,74.28,-0.9290919886338611,-2.502883430341143,-0.9986970695374215
1636731646149,2021-11-12T10:40:46.149,74.29,0.3345505624173464,-2.201670998379704,-0.8232227982379285
1636731646159,2021-11-12T10:40:46.159,74.3,1.4617368524133183,-1.91190924237668,-1.7834935258622173
1636731646169,2021-11-12T10:40:46.169,74.31,2.231558427515347,-1.6922805536406202,-3.5913494686322287
1636731646179,2021-11-12T10:40:46.179,74.32,2.899468474513845,-1.5767360201280676,-5.65905089270842
1636731646189,2021-11-12T10:40:46.189,74.33,3.806028526167615,-1.6254356437210438,-7.390692283497684
1636731646199,2021-11-12T10:40:46.199,74.34,4.876440151924039,-1.848958144653938,-8.5638871482524
1636731646209,2021-11-12T10:40:46.209,74.35,5.716009960945826,-2.139306515164561,-9.332144041387691
1636731646219,2021-11-12T10:40:46.219,74.36,6.018693846438877,-2.3626458238211594,-9.95655812757757
1636731646229,2021-11-12T10:40:46.229,74.37,5.749079186690035,-2.449522035732854,-10.64387077672806
1636731646239,2021-11-12T10:40:46.239,74.38,5.161379836780268,-2.341614028926399,-11.485565463304312
1636731646249,2021-11-12T10:40:46.249,74.39,4.685244162529862,-1.961623747691501,-12.400762507415106
1636731646259,2021-11-12T10:40:46.259,74.4,4.539041088863046,-1.30572160559699,-13.215724893200168
1636731646269,2021-11-12T10:40:46.269,74.41,4.533714331891385,-0.4822089209926642,-13.852691989108393
1636731646279,2021-11-12T10:40:46.279,74.42,4.467853143234478,0.38746298261283346,-14.3384561329242
1636731646289,2021-11-12T10:40:46.289,74.43,4.430244858917822,1.2271843738149257,-14.605342949764003
1636731646299,2021-11-12T10:40:46.299,74.44,4.46296672121559,1.934194553345967,-14.426284009516891
1636731646309,2021-11-12T10:40:46.309,74.45,4.325511178004775,2.365830890784782,-13.629896250014443
1636731646319,2021-11-12T10:40:46.319,74.46,3.8902584938408493,2.4883809972719684,-12.296828915928511
1636731646329,2021-11-12T10:40:46.329,74.47,3.4165634891710557,2.443136407960004,-10.659179675018148
1636731646339,2021-11-12T10:40:46.339,74.48,3.2223280933531653,2.35999133325282,-8.8440452620066
1636731646349,2021-11-12T10:40:46.349,74.49,3.3924761773465906,2.1894048729755484,-6.791529148895549
1636731646359,2021-11-12T10:40:46.359,74.5,3.870697629831585,1.7962948553597342,-4.435427988729394
1636731646369,2021-11-12T10:40:46.369,74.51,4.456520463124279,1.1053736316447151,-1.9221857474214845
1636731646379,2021-11-12T10:40:46.379,74.52,4.640573140687949,0.08883991300938088,0.3996575199531539
1636731646389,2021-11-12T10:40:46.389,74.53,3.9187734329975474,-1.2561304210829407,2.2429477268680116
1636731646399,2021-11-12T10:40:46.399,74.54,2.5718939354796997,-2.8499414962898575,3.628297276327271
1636731646409,2021-11-12T10:40:46.409,74.55,1.6348447528382912,-4.533321178918704,4.82200630023295
1636731646419,2021-11-12T10:40:46.419,74.56,1.5450695086170898,-6.145774847184338,6.031092213777827
1636731646429,2021-11-12T10:40:46.429,74.57,1.4954166020826212,-7.569981640447142,7.266473058015075
1636731646439,2021-11-12T10:40:46.439,74.58,0.9138755697802656,-8.746351794269707,8.543754403405798
1636731646449,2021-11-12T10:40:46.449,74.59,0.5770340560665217,-9.681448397606125,10.017064226924372
1636731646459,2021-11-12T10:40:46.459,74.6,1.2351423310107128,-10.420208798743051,11.74424369754529
1636731646469,2021-11-12T10:40:46.469,74.61,2.2752262618098493,-11.014063964600284,13.492358576919333
1636731646479,2021-11-12T10:40:46.479,74.62,2.759581866321381,-11.511962685579407,14.999064630114066
1636731646489,2021-11-12T10:40:46.489,74.63,2.758946452725315,-11.930667591892824,16.30529087309438
1636731646499,2021-11-12T10:40:46.499,74.64,2.847620891998001,-12.230519643990673,17.622088928921297
1636731646509,2021-11-12T10:40:46.509,74.65,3.1136034381254665,-12.36258886969678,18.9871428450143
1636731646519,2021-11-12T10:40:46.519,74.66,3.350504654128766,-12.327317388682307,20.277278168148477
1636731646529,2021-11-12T10:40:46.529,74.67,3.6522006686594146,-12.160313610836742,21.47520434218385
1636731646539,2021-11-12T10:40:46.539,74.68,4.214744329916035,-11.894433880058068,22.69438209306033
1636731646549,2021-11-12T10:40:46.549,74.69,4.879801900100989,-11.570585306526466,23.953905464353305
1636731646559,2021-11-12T10:40:46.559,74.7,5.311177920461462,-11.266497895562768,25.089431120264255
1636731646569,2021-11-12T10:40:46.569,74.71,5.376441881584146,-11.076634509236591,25.89655410268319
1636731646579,2021-11-12T10:40:46.579,74.72,5.061711212253993,-11.036086827286422,26.27346567472696
1636731646589,2021-11-12T10:40:46.589,74.73,4.286111082513299,-11.063509684085455,26.23839142297172
1636731646599,2021-11-12T10:40:46.599,74.74,3.121683117841784,-11.013555907683022,25.901823327185895
1636731646609,2021-11-12T10:40:46.609,74.75,2.0082634847451586,-10.800243888554004,25.431009274494976
1636731646619,2021-11-12T10:40:46.619,74.76,1.3711224940580709,-10.438363391557852,24.938016966948283
1636731646629,2021-11-12T10:40:46.629,74.77,1.049208725225802,-9.976998110388465,24.3344559247924
1636731646639,2021-11-12T10:40:46.639,74.78,0.46218178761312556,-9.457864992541348,23.357093074395586
1636731646649,2021-11-12T10:40:46.649,74.79,-0.6143901053852165,-8.914381335935328,21.81572686304387
1636731646659,2021-11-12T10:40:46.659,74.8,-1.7959464675095256,-8.32218523189628,19.80532030391049
1636731646669,2021-11-12T10:40:46.669,74.81,-2.646601310182958,-7.5919516224773975,17.654839881977612
1636731646679,2021-11-12T10:40:46.679,74.82,-3.0960965633930284,-6.7052694142978355,15.70541652293495
1636731646689,2021-11-12T10:40:46.689,74.83,-3.214176048044358,-5.783095858395481,14.155461466797298
1636731646699,2021-11-12T10:40:46.699,74.84,-2.9483032236660254,-4.929359287117892,13.081544519475607
1636731646709,2021-11-12T10:40:46.709,74.85,-2.280792017304659,-4.1157110526814185,12.537227874881133
1636731646719,2021-11-12T10:40:46.719,74.86,-1.4163457084421536,-3.3068390460038115,12.552865334229157
1636731646729,2021-11-12T10:40:46.729,74.87,-0.5947434480520509,-2.567689976859796,13.032779604630777
1636731646739,2021-11-12T10:40:46.739,74.88,0.1641031799906092,-1.9454194867351977,13.709265344149436
1636731646749,2021-11-12T10:40:46.749,74.89,0.8951689162392722,-1.3594937668241405,14.207672874942961
1636731646759,2021-11-12T10:40:46.759,74.9,1.3671710499354797,-0.7168861892025064,14.173124564477245
1636731646769,2021-11-12T10:40:46.769,74.91,1.256637931749771,-0.047163589893571764,13.42779608941779
1636731646779,2021-11-12T10:40:46.779,74.92,0.6112007198763603,0.5839087096136528,12.051387260454206
1636731646789,2021-11-12T10:40:46.789,74.93,-0.18678442769117143,1.2103720118274817,10.28258759466381
1636731646799,2021-11-12T10:40:46.799,74.94,-0.8842181397802408,1.8896958470996672,8.376361137701961
1636731646809,2021-11-12T10:40:46.809,74.95,-1.5068135980478283,2.545242447579127,6.58319980098695
1636731646819,2021-11-12T10:40:46.819,74.96,-2.1134462626070785,3.0031692718402763,5.136628005189861
1636731646829,2021-11-12T10:40:46.829,74.97,-2.65208280615282,3.173583756277033,4.12005921230441
1636731646839,2021-11-12T10:40:46.839,74.98,-3.0597886595919395,3.1233977312749106,3.4048280382913854
1636731646849,2021-11-12T10:40:46.849,74.99,-3.3758039469946843,2.9734245657302503,2.8376556412194462
1636731646859,2021-11-12T10:40:46.859,75.0,-3.7201529525450034,2.7754790474689184,2.425478874920235
1636731646869,2021-11-12T10:40:46.869,75.01,-4.167553118241969,2.514314503807935,2.2094023796909497
1636731646879,2021-11-12T10:40:46.879,75.02,-4.662047495653173,2.2056248709178474,2.0423187908112737
1636731646889,2021-11-12T10:40:46.889,75.03,-5.110171270593217,1.9322078373259681,1.6934360484180946
1636731646899,2021-11-12T10:40:46.899,75.04,-5.539019256647244,1.752089245823289,1.1609662786969723
1636731646909,2021-11-12T10:40:46.909,75.05,-6.053398088921787,1.6339819914395588,0.6868266596098525
1636731646919,2021-11-12T10:40:46.919,75.06,-6.640092003406201,1.544507000850347,0.43918704595945646
1636731646929,2021-11-12T10:40:46.929,75.07,-7.118416659439826,1.5350876826587276,0.3608094375807667
1636731646939,2021-11-12T10:40:46.939,75.08,-7.245734505237641,1.6763967102336617,0.37229714744827513
1636731646949,2021-11-12T10:40:46.949,75.09,-6.803222352823734,1.9696835826620442,0.5493116872702588
1636731646959,2021-11-12T10:40:46.959,75.1,-5.745314177975308,2.3813109934591323,0.9903528046498252
1636731646969,2021-11-12T10:40:46.969,75.11,-4.430513365308928,2.9049594907357115,1.5887707606077448
1636731646979,2021-11-12T10:40:46.979,75.12,-3.530909278435421,3.5215227067936272,2.056460553462132
1636731646989,2021-11-12T10:40:46.989,75.13,-3.457544805923334,4.130444282765174,2.2081296132687367
1636731646999,2021-11-12T10:40:46.999,75.14,-3.9517602690010376,4.6063749177115545,2.139232048297666
1636731647009,2021-11-12T10:40:47.009,75.15,-4.443498945887406,4.944346301231548,2.0277009742052803
1636731647019,2021-11-12T10:40:47.019,75.16,-4.671603875122226,5.273242756411555,1.8456032137020797
1636731647029,2021-11-12T10:40:47.029,75.17,-4.721024419227694,5.682288557690184,1.418834309974808
1636731647039,2021-11-12T10:40:47.039,75.18,-4.679525373727047,6.116245900642893,0.6771708899866741
1636731647049,2021-11-12T10:40:47.049,75.19,-4.5949128611562715,6.496456381316707,-0.31646094639429256
1636731647059,2021-11-12T10:40:47.059,75.2,-4.577256977438603,6.846990449361339,-1.453634356493626
1636731647069,2021-11-12T10:40:47.069,75.21,-4.629185000002415,7.2316669223219705,-2.5563609416953814
1636731647079,2021-11-12T10:40:47.079,75.22,-4.556855187175705,7.6536475912847,-3.4303579983269334
1636731647089,2021-11-12T10:40:47.089,75.23,-4.283844999540159,8.07716867060384,-4.041231640060975
1636731647099,2021-11-12T10:40:47.099,75.24,-4.033147557347009,8.475915566274299,-4.480203934396331
1636731647109,2021-11-12T10:40:47.109,75.25,-4.001745227097101,8.81402779288504,-4.751952685589215
1636731647119,2021-11-12T10:40:47.119,75.26,-4.0750996037145715,9.031100662226935,-4.77743233939519
1636731647129,2021-11-12T10:40:47.129,75.27,-4.026979831331546,9.071258510555435,-4.565013003462819
1636731647139,2021-11-12T10:40:47.139,75.28,-3.8180020211816657,8.903075489524243,-4.211464146054605
1636731647149,2021-11-12T10:40:47.149,75.29,-3.560121776409243,8.528681185556833,-3.7707109322886483
1636731647159,2021-11-12T10:40:47.159,75.3,-3.304857111359932,7.990272434165522,-3.210200568997183
1636731647169,2021-11-12T10:40:47.169,75.31,-2.997566641943278,7.328161234830991,-2.4702967182228526
1636731647179,2021-11-12T10:40:47.179,75.32,-2.612232626189294,6.5345668324456945,-1.5659507489118911
1636731647189,2021-11-12T10:40:47.189,75.33,-2.196928326337846,5.601325768545715,-0.6259825429533132
1636731647199,2021-11-12T10:40:47.199,75.34,-1.7311948429827975,4.596103075022057,0.24172289892541882
1636731647209,2021-11-12T10:40:47.209,75.35,-1.0763626447690906,3.6306265466241228,1.08200315612556
1636731647219,2021-11-12T10:40:47.219,75.36,-0.17990623004463951,2.7580763493357794,1.9776520886488398
1636731647229,2021-11-12T10:40:47.229,75.37,0.7845558856335031,1.9488749001635046,2.881820376992512
1636731647239,2021-11-12T10:40:47.239,75.38,1.5792181150166427,1.1633045170328815,3.685395499834483
1636731647249,2021-11-12T10:40:47.249,75.39,2.0889588259513787,0.39356270580810715,4.349904469484756
1636731647259,2021-11-12T10:40:47.259,75.4,2.290706542836524,-0.3535097761439997,4.8706914496204465
1636731647269,2021-11-12T10:40:47.269,75.41,2.205020474238551,-1.029537864113907,5.243328425528909
1636731647279,2021-11-12T10:40:47.279,75.42,1.959157999891926,-1.5158533215390144,5.567696294101325
1636731647289,2021-11-12T10:40:47.289,75.43,1.7446691510085475,-1.7226649298824168,6.02979164236686
1636731647299,2021-11-12T10:40:47.299,75.44,1.651933003464221,-1.683954572153708,6.673149764515295
1636731647309,2021-11-12T10:40:47.309,75.45,1.664986472927666,-1.4699233577102904,7.316330678161293
1636731647319,2021-11-12T10:40:47.319,75.46,1.7775705642127422,-1.1090248394901767,7.737044949335232
1636731647329,2021-11-12T10:40:47.329,75.47,1.950684616517902,-0.6915646832853107,7.793169123373138
1636731647339,2021-11-12T10:40:47.339,75.48,2.0364878873142045,-0.3910206077249871,7.383163192293145
1636731647349,2021-11-12T10:40:47.349,75.49,1.9100389724483164,-0.2806482414347482,6.47961682857175
1636731647359,2021-11-12T10:40:47.359,75.5,1.600727424473422,-0.2943657115059507,5.214326898941891
1636731647369,2021-11-12T10:40:47.369,75.51,1.220971993211846,-0.4131506928135612,3.8150074484748187
1636731647379,2021-11-12T10:40:47.379,75.52,0.8721929755658644,-0.698549544180317,2.470450416655959
1636731647389,2021-11-12T10:40:47.389,75.53,0.6156543172583041,-1.1289126351994831,1.278491582367434
1636731647399,2021-11-12T10:40:47.399,75.54,0.42523383962976047,-1.586725372535432,0.2487695901641001
1636731647409,2021-11-12T10:40:47.409,75.55,0.21770944270624754,-2.019161490818602,-0.6463294090657956
1636731647419,2021-11-12T10:40:47.419,75.56,-0.011358733207180505,-2.4735859269988247,-1.3747625018837262
1636731647429,2021-11-12T10:40:47.429,75.57,-0.17587937869675827,-2.9663661146455746,-1.8583219085096243
1636731647439,2021-11-12T10:40:47.439,75.58,-0.24000393960465516,-3.4179788106991555,-2.131803573153496
1636731647449,2021-11-12T10:40:47.449,75.59,-0.26040804244993965,-3.734076838677224,-2.394115365481755
1636731647459,2021-11-12T10:40:47.459,75.6,-0.2994117412379074,-3.8805184049297905,-2.815617936569829
1636731647469,2021-11-12T10:40:47.469,75.61,-0.39238053182347654,-3.8564797546634813,-3.3635782180616984
1636731647479,2021-11-12T10:40:47.479,75.62,-0.5431546106166643,-3.644244470950806,-3.9020423173998617
1636731647489,2021-11-12T10:40:47.489,75.63,-0.6528770296758437,-3.2286070815493044,-4.374234964037965
1636731647499,2021-11-12T10:40:47.499,75.64,-0.5752695850161017,-2.651226053099938,-4.7634472258171865
1636731647509,2021-11-12T10:40:47.509,75.65,-0.3827426177574963,-1.9997562986414892,-4.976085503519485
1636731647519,2021-11-12T10:40:47.519,75.66,-0.39348133198864693,-1.3447862483794153,-4.951000210853781
1636731647529,2021-11-12T10:40:47.529,75.67,-0.7318908160794267,-0.7306535676380073,-4.845846470766403
1636731647539,2021-11-12T10:40:47.539,75.68,-1.0937276105495641,-0.19236740731019022,-4.93195895900145
1636731647549,2021-11-12T10:40:47.549,75.69,-1.176863816693491,0.3019213605216385,-5.273184743065585
1636731647559,2021-11-12T10:40:47.559,75.7,-1.0424069596637051,0.8775117373785902,-5.649651053105567
1636731647569,2021-11-12T10:40:47.569,75.71,-0.8292510154243855,1.6090337644609796,-5.8539256949784395
1636731647579,2021-11-12T10:40:47.579,75.72,-0.5133178550197288,2.379532873426117,-5.908689596399961
1636731647589,2021-11-12T10:40:47.589,75.73,-0.179570640357294,2.9726868405705953,-5.911297954809149
1636731647599,2021-11-12T10:40:47.599,75.74,-0.12709290495777092,3.28029291642643,-5.8518806136419474
1636731647609,2021-11-12T10:40:47.609,75.75,-0.4863016788184729,3.3774943050194928,-5.69622074658141
1636731647619,2021-11-12T10:40:47.619,75.76,-0.992844552785753,3.433594086063548,-5.472493587458609
1636731647629,2021-11-12T10:40:47.629,75.77,-1.2615017744794494,3.5673251002640294,-5.189058437489191
1636731647639,2021-11-12T10:40:47.639,75.78,-1.1696526528718838,3.7625081540472096,-4.820148745360453
1636731647649,2021-11-12T10:40:47.649,75.79,-0.9206721868970246,3.9226863168609842,-4.4068153713243685
1636731647659,2021-11-12T10:40:47.659,75.8,-0.757121691382967,3.994997175339121,-4.024910085580333
1636731647669,2021-11-12T10:40:47.669,75.81,-0.6985157563594282,4.006462686325687,-3.657569274295472
1636731647679,2021-11-12T10:40:47.679,75.82,-0.6226396857481042,4.0067153027619105,-3.23458547786362
1636731647689,2021-11-12T10:40:47.689,75.83,-0.47833899324984175,4.027198537094232,-2.7632801601869454
1636731647699,2021-11-12T10:40:47.699,75.84,-0.29783108232900946,4.0680345195174406,-2.3026946883294794
1636731647709,2021-11-12T10:40:47.709,75.85,-0.1044046852306989,4.09008883248171,-1.86308987833364
1636731647719,2021-11-12T10:40:47.719,75.86,0.09083164213736875,4.062269279932088,-1.4278627599972125
1636731647729,2021-11-12T10:40:47.729,75.87,0.26816983955412527,4.016921436003686,-1.0199783187960454
1636731647739,2021-11-12T10:40:47.739,75.88,0.4216565319983938,3.9960307876123826,-0.6770448431594283
1636731647749,2021-11-12T10:40:47.749,75.89,0.5577574870792641,3.978703866112361,-0.3978356033275131
1636731647759,2021-11-12T10:40:47.759,75.9,0.6623792518189616,3.9350771919864482,-0.14828652987910027
1636731647769,2021-11-12T10:40:47.769,75.91,0.7052156011018653,3.8891417923440614,0.09719287631533896
1636731647779,2021-11-12T10:40:47.779,75.92,0.68211780060321,3.857910214813148,0.32428934127871917
1636731647789,2021-11-12T10:40:47.789,75.93,0.6189123490476299,3.7975111683091916,0.4825972323494615
1636731647799,2021-11-12T10:40:47.799,75.94,0.5153500513622564,3.6639287896967394,0.524028318774146
1636731647809,2021-11-12T10:40:47.809,75.95,0.3276325378831243,3.46976978889505,0.4308947110817697
1636731647819,2021-11-12T10:40:47.819,75.96,0.05245961283576294,3.249220963280922,0.22906020428561719
1636731647829,2021-11-12T10:40:47.829,75.97,-0.20182043429929855,3.0103772070792307,0.016046220176155854
1636731647839,2021-11-12T10:40:47.839,75.98,-0.28636088436422086,2.744597656194099,-0.06884558967375458
1636731647849,2021-11-12T10:40:47.849,75.99,-0.16012506127585066,2.4581473570329764,0.020285918578168433
1636731647859,2021-11-12T10:40:47.859,76.0,0.06405634124654938,2.1658332706973917,0.17337147563179714
1636731647869,2021-11-12T10:40:47.869,76.01,0.2345402435003093,1.8550027325974199,0.26688246847577685
1636731647879,2021-11-12T10:40:47.879,76.02,0.29070521092014173,1.5037560741920541,0.3065588075440474
1636731647889,2021-11-12T10:40:47.889,76.03,0.2632695858863559,1.1561220744839824,0.35720138090758147
1636731647899,2021-11-12T10:40:47.899,76.04,0.21560551924130197,0.9066552336697804,0.4076010209362344
1636731647909,2021-11-12T10:40:47.909,76.05,0.2274691630993057,0.7763367659578192,0.3875297299466446
1636731647919,2021-11-12T10:40:47.919,76.06,0.3495806398786101,0.7003036960044633,0.25461375586805707
1636731647929,2021-11-12T10:40:47.929,76.07,0.5256781698709629,0.6662414582260221,-0.0015216318206328766
1636731647939,2021-11-12T10:40:47.939,76.08,0.6445010156501381,0.7315711670055633,-0.38153620860903514
1636731647949,2021-11-12T10:40:47.949,76.09,0.6871975682884848,0.8729767738082317,-0.8465140106226867
1636731647959,2021-11-12T10:40:47.959,76.1,0.7315779887070548,0.9756890009334549,-1.3058636104584753
1636731647969,2021-11-12T10:40:47.969,76.11,0.8146351652517383,1.0098402712589951,-1.685101075309936
1636731647979,2021-11-12T10:40:47.979,76.12,0.8841113163649242,1.066894202957396,-1.9951325824048673
1636731647989,2021-11-12T10:40:47.989,76.13,0.8895992135984014,1.1929133297977579,-2.2896313574362774
1636731647999,2021-11-12T10:40:47.999,76.14,0.8578898365607219,1.321185745331348,-2.55902425880836
1636731648009,2021-11-12T10:40:48.009,76.15,0.8661903950902582,1.3917313710371706,-2.73987708298714
1636731648019,2021-11-12T10:40:48.019,76.16,0.9621707418515735,1.4280543867401174,-2.8359952491943723
1636731648029,2021-11-12T10:40:48.029,76.17,1.0992780845322871,1.4757626200336764,-2.94368743162351
1636731648039,2021-11-12T10:40:48.039,76.18,1.1304839149976633,1.543825119593908,-3.174571899396449
1636731648049,2021-11-12T10:40:48.049,76.19,0.9218551601687768,1.6154398817609341,-3.6263861238485973
1636731648059,2021-11-12T10:40:48.059,76.2,0.5555901913935416,1.6611766300526385,-4.26895427634565
1636731648069,2021-11-12T10:40:48.069,76.21,0.3237907531461026,1.6588804708058196,-4.724398401924449
1636731648079,2021-11-12T10:40:48.079,76.22,0.3590213054630734,1.6394497209212953,-4.514298850299472
1636731648089,2021-11-12T10:40:48.089,76.23,0.43068435093928314,1.662943993044889,-3.796341820665128
1636731648099,2021-11-12T10:40:48.099,76.24,0.32737761987243325,1.7338464388774222,-3.386424168567723
1636731648109,2021-11-12T10:40:48.109,76.25,0.1950428294913003,1.8098661980868753,-3.702307287735314
1636731648119,2021-11-12T10:40:48.119,76.26,0.25305520134610726,1.8808926992604709,-4.20705599739822
1636731648129,2021-11-12T10:40:48.129,76.27,0.45560002501686425,1.972791491264912,-4.245179176359025
1636731648139,2021-11-12T10:40:48.139,76.28,0.6319654825436052,2.1029052689237573,-3.8880448033647195
1636731648149,2021-11-12T10:40:48.149,76.29,0.7283045059906217,2.267669562779185,-3.600327981019655
1636731648159,2021-11-12T10:40:48.159,76.3,0.8046088244879549,2.4406627371447436,-3.546072605252834
1636731648169,2021-11-12T10:40:48.169,76.31,0.9269767853801292,2.5835822422902828,-3.580346012219562
1636731648179,2021-11-12T10:40:48.179,76.32,1.0729785358720954,2.682790608073761,-3.6075656943573033
1636731648189,2021-11-12T10:40:48.189,76.33,1.0956343424545936,2.7342967696485165,-3.6482158180781763
1636731648199,2021-11-12T10:40:48.199,76.34,0.8557174978385135,2.6874857497540328,-3.71282223594815
1636731648209,2021-11-12T10:40:48.209,76.35,0.44990521176696074,2.5077691189203337,-3.793379348250564
1636731648219,2021-11-12T10:40:48.219,76.36,0.20816825402692454,2.310033733300845,-3.883037797755984
1636731648229,2021-11-12T10:40:48.229,76.37,0.33380269959222053,2.2727856552247583,-3.9257179168492495
1636731648239,2021-11-12T10:40:48.239,76.38,0.6511172066114871,2.3786702595253475,-3.8453936502513484
1636731648249,2021-11-12T10:40:48.249,76.39,0.8933209348715777,2.415957206191118,-3.6363185328112433
1636731648259,2021-11-12T10:40:48.259,76.4,1.0461580834558122,2.2775890398226553,-3.3288101125627954
1636731648269,2021-11-12T10:40:48.269,76.41,1.1526206631793705,2.0623336159743335,-2.9128125834736704
1636731648279,2021-11-12T10:40:48.279,76.42,1.058858987002789,1.8437218300165794,-2.3768278358180615
1636731648289,2021-11-12T10:40:48.289,76.43,0.6745299135921392,1.5526516437677906,-1.7597398657299914
1636731648299,2021-11-12T10:40:48.299,76.44,0.2567519757797368,1.1422182726212116,-1.1291981735920587
1636731648309,2021-11-12T10:40:48.309,76.45,0.15706695491349276,0.6824086998634413,-0.5657091332082145
1636731648319,2021-11-12T10:40:48.319,76.46,0.403007553109714,0.23883477041242338,-0.1524794973615669
1636731648329,2021-11-12T10:40:48.329,76.47,0.7169506500536409,-0.1997477541254288,0.08483034734496463
1636731648339,2021-11-12T10:40:48.339,76.48,0.8952351568626433,-0.6478837109098989,0.21341630146595672
1636731648349,2021-11-12T10:40:48.349,76.49,0.9859969715444317,-1.102133051245869,0.304463675217164
1636731648359,2021-11-12T10:40:48.359,76.5,1.0739778723291478,-1.6066237529193312,0.316681040177304
1636731648369,2021-11-12T10:40:48.369,76.51,1.1046464140732069,-2.239429502081364,0.15368342947718522
1636731648379,2021-11-12T10:40:48.379,76.52,1.0449491477529573,-3.0383287251097646,-0.16264837874377872
1636731648389,2021-11-12T10:40:48.389,76.53,1.0451258332522935,-4.012941339331521,-0.49403349104928873
1636731648399,2021-11-12T10:40:48.399,76.54,1.2551851430219934,-5.177558539646912,-0.7590546895051296
1636731648409,2021-11-12T10:40:48.409,76.55,1.5573839135291636,-6.480888569729243,-0.9657189403870736
1636731648419,2021-11-12T10:40:48.419,76.56,1.6780551827648131,-7.772764322236914,-1.0909788134122276
1636731648429,2021-11-12T10:40:48.429,76.57,1.5794041757648265,-8.950899521795488,-1.0778068356354502
1636731648439,2021-11-12T10:40:48.439,76.58,1.5211809394404963,-10.080685005003945,-0.9332241338213928
1636731648449,2021-11-12T10:40:48.449,76.59,1.6488982767985243,-11.26310488415072,-0.7186284307357649
1636731648459,2021-11-12T10:40:48.459,76.6,1.7769644133259965,-12.444915627771234,-0.48896579852662897
1636731648469,2021-11-12T10:40:48.469,76.61,1.6981275925381674,-13.467542336442243,-0.3207820592523076
1636731648479,2021-11-12T10:40:48.479,76.62,1.462016223181334,-14.245182327434874,-0.3115451357411137
1636731648489,2021-11-12T10:40:48.489,76.63,1.2581679649092266,-14.792159111634376,-0.458603617190818
1636731648499,2021-11-12T10:40:48.499,76.64,1.1819571538175038,-15.140483018885718,-0.6323147288837707
1636731648509,2021-11-12T10:40:48.509,76.65,1.144260582890095,-15.337291868034827,-0.7498481419006616
1636731648519,2021-11-12T10:40:48.519,76.66,0.9937920051268215,-15.475092114044072,-0.8622004545744744
1636731648529,2021-11-12T10:40:48.529,76.67,0.7372576945431949,-15.637129956588542,-0.9958216452033621
1636731648539,2021-11-12T10:40:48.539,76.68,0.515813808018103,-15.826316158110508,-1.0430540584108665
1636731648549,2021-11-12T10:40:48.549,76.69,0.367847080967827,-15.974680655467235,-0.9054337331637289
1636731648559,2021-11-12T10:40:48.559,76.7,0.2462454483994625,-16.00979646943192,-0.6329794977724426
1636731648569,2021-11-12T10:40:48.569,76.71,0.24147839625467515,-15.914380469010743,-0.31243877196490166
1636731648579,2021-11-12T10:40:48.579,76.72,0.5072107723186553,-15.736874150268596,0.09756967858178374
1636731648589,2021-11-12T10:40:48.589,76.73,0.970382810286555,-15.561467985696062,0.6913757410890774
1636731648599,2021-11-12T10:40:48.599,76.74,1.3389393674725452,-15.479530198872743,1.4202979302488739
1636731648609,2021-11-12T10:40:48.609,76.75,1.4289496732095577,-15.552271567966523,2.095453305379024
1636731648619,2021-11-12T10:40:48.619,76.76,1.3641872186369572,-15.758291279204922,2.5731647531529314
1636731648629,2021-11-12T10:40:48.629,76.77,1.3951446485679877,-15.994982329819676,2.842567285920369
1636731648639,2021-11-12T10:40:48.639,76.78,1.5867929506865512,-16.134548080090312,2.9421922440730386
1636731648649,2021-11-12T10:40:48.649,76.79,1.7949611438221256,-16.05333259473015,2.8850826986262876
1636731648659,2021-11-12T10:40:48.659,76.8,1.908454306628212,-15.6575614116119,2.692449587919705
1636731648669,2021-11-12T10:40:48.669,76.81,1.9484469783069889,-14.948075390650656,2.443502016718997
1636731648679,2021-11-12T10:40:48.679,76.82,1.9420690467670747,-14.019218358375102,2.2537375108051876
1636731648689,2021-11-12T10:40:48.689,76.83,1.8717757193549942,-12.944149862467047,2.2283293359876692
1636731648699,2021-11-12T10:40:48.699,76.84,1.7518435548342235,-11.71712853070419,2.4463050024290847
1636731648709,2021-11-12T10:40:48.709,76.85,1.6043271679951685,-10.360731110626343,2.9387429816466284
1636731648719,2021-11-12T10:40:48.719,76.86,1.3660942745470934,-9.019525794739096,3.6525008977401727
1636731648729,2021-11-12T10:40:48.729,76.87,0.9617452099312909,-7.8571687751971115,4.472731513164436
1636731648739,2021-11-12T10:40:48.739,76.88,0.47338664845377426,-6.897121809506141,5.316214983319044
1636731648749,2021-11-12T10:40:48.749,76.89,0.1341632883737323,-6.037625571387434,6.188466017198646
1636731648759,2021-11-12T10:40:48.759,76.9,0.1401659099187163,-5.178154006594173,7.103169178102949
1636731648769,2021-11-12T10:40:48.769,76.91,0.47452029973054977,-4.272956490006572,7.928664184415982
1636731648779,2021-11-12T10:40:48.779,76.92,0.865824125714454,-3.317470492458133,8.378432015123455
1636731648789,2021-11-12T10:40:48.789,76.93,0.9757359962975025,-2.3340847628892236,8.227361136737134
1636731648799,2021-11-12T10:40:48.799,76.94,0.7369798580315636,-1.3465153154621379,7.528634399809158
1636731648809,2021-11-12T10:40:48.809,76.95,0.41682006257018744,-0.3656357015804375,6.577287374665732
1636731648819,2021-11-12T10:40:48.819,76.96,0.22665779310734108,0.5813760708127629,5.6583274242490855
1636731648829,2021-11-12T10:40:48.829,76.97,0.04447361720874801,1.4388608726363719,4.854769080200462
1636731648839,2021-11-12T10:40:48.839,76.98,-0.2808206901573378,2.1686195216846613,4.122671243836944
1636731648849,2021-11-12T10:40:48.849,76.99,-0.6031107452587804,2.769388877438389,3.4966237595627625
1636731648859,2021-11-12T10:40:48.859,77.0,-0.7922403028813938,3.217715766161896,3.085051748465806
1636731648869,2021-11-12T10:40:48.869,77.01,-1.096979967982907,3.4540028051449694,2.860215875402192
1636731648879,2021-11-12T10:40:48.879,77.02,-1.745358059402933,3.4876526113045445,2.628366287794262
1636731648889,2021-11-12T10:40:48.889,77.03,-2.43090115956412,3.445234098208725,2.2406264244691423
1636731648899,2021-11-12T10:40:48.899,77.04,-2.6375649236076883,3.448566012761198,1.6767189774990001
1636731648909,2021-11-12T10:40:48.909,77.05,-2.2672304914301162,3.509698039085229,0.9415414253893301
1636731648919,2021-11-12T10:40:48.919,77.06,-1.6498320969570686,3.5750652948899626,0.06650516022522118
1636731648929,2021-11-12T10:40:48.929,77.07,-1.1412663499164868,3.5851165431988523,-0.7919397878817445
1636731648939,2021-11-12T10:40:48.939,77.08,-0.8732374256262383,3.4687280359223758,-1.3912319275089176
1636731648949,2021-11-12T10:40:48.949,77.09,-0.7438440469436953,3.1677332388589052,-1.5504244881527822
1636731648959,2021-11-12T10:40:48.959,77.1,-0.5745878163919469,2.704036287513107,-1.2349438949001215
1636731648969,2021-11-12T10:40:48.969,77.11,-0.27064772305998835,2.1806667091911662,-0.5424857597422728
1636731648979,2021-11-12T10:40:48.979,77.12,0.20652050100977676,1.7007232161140777,0.3784036207053572
1636731648989,2021-11-12T10:40:48.989,77.13,0.8679158047333817,1.289188738183959,1.4264803314042207
1636731648999,2021-11-12T10:40:48.999,77.14,1.5466501639163306,0.87431921914364,2.58280020147559
1636731649009,2021-11-12T10:40:49.009,77.15,1.926029168331374,0.35853066149929763,3.8699611066565756
1636731649019,2021-11-12T10:40:49.019,77.16,1.903651971602018,-0.26514427527240997,5.268546518389606
1636731649029,2021-11-12T10:40:49.029,77.17,1.7332285560827319,-0.903008759962281,6.605440740948453
1636731649039,2021-11-12T10:40:49.039,77.18,1.6784874358393576,-1.4637429283649057,7.536634975204481
1636731649049,2021-11-12T10:40:49.049,77.19,1.7239459879814418,-1.9017040797028213,7.7695500603981635
1636731649059,2021-11-12T10:40:49.059,77.2,1.7091641558320925,-2.209067754713171,7.328074020559804
1636731649069,2021-11-12T10:40:49.069,77.21,1.581478978115466,-2.456401565513575,6.507521591003394
1636731649079,2021-11-12T10:40:49.079,77.22,1.4469049611001765,-2.7570098520664743,5.620242154782893
1636731649089,2021-11-12T10:40:49.089,77.23,1.437680278508206,-3.119571165159761,4.898592578830294
1636731649099,2021-11-12T10:40:49.099,77.24,1.557781712314164,-3.4294181452677615,4.519773860049606
1636731649109,2021-11-12T10:40:49.109,77.25,1.6958276878609044,-3.600662936891207,4.546073309822099
1636731649119,2021-11-12T10:40:49.119,77.26,1.8111227093535445,-3.65724431698895,4.929526012252045
1636731649129,2021-11-12T10:40:49.129,77.27,1.9828014557733802,-3.653925866529044,5.654846115681125
1636731649139,2021-11-12T10:40:49.139,77.28,2.2150748309080006,-3.5670944090956533,6.676781485381479
1636731649149,2021-11-12T10:40:49.149,77.29,2.3919549175958656,-3.2831098635423595,7.631386171042494
1636731649159,2021-11-12T10:40:49.159,77.3,2.5189366038358347,-2.7144697200457015,7.898254516794454
1636731649169,2021-11-12T10:40:49.169,77.31,2.76778119429007,-1.9284930826837112,7.151448158928168
1636731649179,2021-11-12T10:40:49.179,77.32,3.1304484712812517,-1.1217261700249823,5.69125828112482
1636731649189,2021-11-12T10:40:49.189,77.33,3.2399712849370363,-0.46572622398373587,4.1278591142404935
1636731649199,2021-11-12T10:40:49.199,77.34,2.805210412473582,-0.023791761196443204,2.9104858668100064
1636731649209,2021-11-12T10:40:49.209,77.35,2.1745706464603405,0.19766290428359118,2.2391870269146708
1636731649219,2021-11-12T10:40:49.219,77.36,2.0597891172218623,0.2068425165215295,2.2100752308545673
1636731649229,2021-11-12T10:40:49.229,77.37,2.5359976690931747,0.060933190697414305,2.842289949147085
1636731649239,2021-11-12T10:40:49.239,77.38,2.8735305841554357,-0.1293384343652443,4.0094413031846425
1636731649249,2021-11-12T10:40:49.249,77.39,2.693279968510834,-0.268500856013532,5.447769270144379
1636731649259,2021-11-12T10:40:49.259,77.4,2.5608290346550135,-0.3260822950404655,6.818412239274956
1636731649269,2021-11-12T10:40:49.269,77.41,2.952710122778525,-0.3179245469791571,7.77084384505362
1636731649279,2021-11-12T10:40:49.279,77.42,3.4388044830125333,-0.26182187157205805,8.073084517600867
1636731649289,2021-11-12T10:40:49.289,77.43,3.484778253167619,-0.1518081546636885,7.767618849487185
1636731649299,2021-11-12T10:40:49.299,77.44,3.335654439616639,0.02896104520477503,7.158996060247814
1636731649309,2021-11-12T10:40:49.309,77.45,3.481531094234004,0.26313385732817307,6.591145534876882
1636731649319,2021-11-12T10:40:49.319,77.46,3.802041698689939,0.48487004306028625,6.217792451172039
1636731649329,2021-11-12T10:40:49.329,77.47,3.800148021636602,0.6551148259681036,5.948017049171488
1636731649339,2021-11-12T10:40:49.339,77.48,3.3093837467113447,0.8406523157148624,5.535393139853814
1636731649349,2021-11-12T10:40:49.349,77.49,2.520916922092141,1.1570165309781697,4.693118321698353
1636731649359,2021-11-12T10:40:49.359,77.5,1.5920864623796982,1.6642747621989922,3.2125178257443103
1636731649369,2021-11-12T10:40:49.369,77.51,0.6421088583676129,2.4012270323238694,1.0764977063411831
1636731649379,2021-11-12T10:40:49.379,77.52,-0.07596034595564975,3.4387910365353402,-1.5294959003234578
1636731649389,2021-11-12T10:40:49.389,77.53,-0.40180384448409295,4.763552206985228,-4.31075580062789
1636731649399,2021-11-12T10:40:49.399,77.54,-0.47860079740189543,6.194445384655292,-6.893235450015301
1636731649409,2021-11-12T10:40:49.409,77.55,-0.4103735838322665,7.53910748833238,-8.795664399645252
1636731649419,2021-11-12T10:40:49.419,77.56,-0.011826253589577673,8.738356562059563,-9.586634228144547
1636731649429,2021-11-12T10:40:49.429,77.57,0.7929248205738337,9.789315827120744,-9.192653333679608
1636731649439,2021-11-12T10:40:49.439,77.58,1.6424459413159622,10.665720903634972,-7.992583925912362
1636731649449,2021-11-12T10:40:49.449,77.59,2.027674691287361,11.388157527043784,-6.61566654542695
1636731649459,2021-11-12T10:40:49.459,77.6,1.7017207332423139,12.081953562126918,-5.7104200025795855
1636731649469,2021-11-12T10:40:49.469,77.61,0.7440171137761149,12.920913817481608,-5.8086073219301895
1636731649479,2021-11-12T10:40:49.479,77.62,-0.6645169406919931,14.03674247162551,-7.2086196910227125
1636731649489,2021-11-12T10:40:49.489,77.63,-2.4556096314850864,15.462501339628155,-9.854063506117473
1636731649499,2021-11-12T10:40:49.499,77.64,-4.5570721866616815,17.12375908031867,-13.274191860482127
1636731649509,2021-11-12T10:40:49.509,77.65,-6.5716991927051165,18.864541995760003,-16.670109303975767
1636731649519,2021-11-12T10:40:49.519,77.66,-7.795984753284776,20.491802202044774,-19.19167796942253
1636731649529,2021-11-12T10:40:49.529,77.67,-7.762485596497196,21.850903493709442,-20.34561963931703
1636731649539,2021-11-12T10:40:49.539,77.68,-6.769135607511831,22.88334757017683,-20.262789029436256
1636731649549,2021-11-12T10:40:49.549,77.69,-5.6844657244130214,23.566047069718696,-19.492079040042974
1636731649559,2021-11-12T10:40:49.559,77.7,-5.144631765329108,23.81711854945064,-18.504373870424764
1636731649569,2021-11-12T10:40:49.569,77.71,-5.1109967790111135,23.562645900923734,-17.505236532746338
1636731649579,2021-11-12T10:40:49.579,77.72,-5.135346397401722,22.87088262095267,-16.555288304934535
1636731649589,2021-11-12T10:40:49.589,77.73,-4.724622823751339,21.89420836972017,-15.540527679586654
1636731649599,2021-11-12T10:40:49.599,77.74,-3.6574238426983454,20.704153876048554,-14.223429155292017
1636731649609,2021-11-12T10:40:49.609,77.75,-2.3716662819629457,19.30204702732491,-12.693937163642833
1636731649619,2021-11-12T10:40:49.619,77.76,-1.7259452248210905,17.743226545713313,-11.477177295376913
1636731649629,2021-11-12T10:40:49.629,77.77,-2.0075520760146346,16.137843405027933,-10.83264386661558
1636731649639,2021-11-12T10:40:49.639,77.78,-2.6199280881519647,14.573177661773533,-10.334291993674153
1636731649649,2021-11-12T10:40:49.649,77.79,-2.981082067147894,13.087425167131343,-9.458592368461465
1636731649659,2021-11-12T10:40:49.659,77.8,-3.079059019435548,11.650969090724395,-8.099521337462267
1636731649669,2021-11-12T10:40:49.669,77.81,-2.9386687720257956,10.170205498433445,-6.238748271654711
1636731649679,2021-11-12T10:40:49.679,77.82,-2.36355995213301,8.600254469683124,-3.7379546272546924
1636731649689,2021-11-12T10:40:49.689,77.83,-1.5554098539127363,7.030188135998856,-0.8300071699319244
1636731649699,2021-11-12T10:40:49.699,77.84,-1.2689896763081112,5.562027630663515,1.7420709249791868
1636731649709,2021-11-12T10:40:49.709,77.85,-1.9556309635059737,4.1552380756602965,3.4767878625522046
1636731649719,2021-11-12T10:40:49.719,77.86,-3.1826446622931224,2.711616174169031,4.662522904166638
1636731649729,2021-11-12T10:40:49.729,77.87,-4.109650997510174,1.2700648986727665,5.944695396641612
1636731649739,2021-11-12T10:40:49.739,77.88,-4.31423909490845,-0.017728447759915528,7.583154956211564
1636731649749,2021-11-12T10:40:49.749,77.89,-4.122534710532718,-1.0713432847030049,9.268341301988766
1636731649759,2021-11-12T10:40:49.759,77.9,-4.199996107180775,-1.9183686736621357,10.54409195676476
1636731649769,2021-11-12T10:40:49.769,77.91,-4.789176129167034,-2.5812896675993704,11.2782502634391
1636731649779,2021-11-12T10:40:49.779,77.92,-5.501465204509559,-3.000999378577615,11.654197342346675
1636731649789,2021-11-12T10:40:49.789,77.93,-5.980309236601158,-3.071093676788026,11.822218958711478
1636731649799,2021-11-12T10:40:49.799,77.94,-6.43980569665584,-2.8864021921901903,11.805807102672363
1636731649809,2021-11-12T10:40:49.809,77.95,-7.202531136729351,-2.997037390423568,11.740682446033205
1636731649819,2021-11-12T10:40:49.819,77.96,-8.008396304095664,-3.8905580112525584,11.95360753698758
1636731649829,2021-11-12T10:40:49.829,77.97,-8.283317564906922,-4.959597050512961,12.709393244034093
1636731649839,2021-11-12T10:40:49.839,77.98,-7.794447328971122,-4.895534416244681,13.958316437580027
1636731649849,2021-11-12T10:40:49.849,77.99,-6.508085278841688,-3.66434004068224,15.316987517961989
1636731649859,2021-11-12T10:40:49.859,78.0,-4.36693493184413,-2.892418528650671,16.201755730781787
1636731649869,2021-11-12T10:40:49.869,78.01,-1.9097013742284905,-3.4978742685194906,16.053971874603548
1636731649879,2021-11-12T10:40:49.879,78.02,-0.4187385643249189,-4.292667860260643,14.706330943616589
1636731649889,2021-11-12T10:40:49.889,78.03,-0.6868994420075417,-3.8910423729571004,12.670086674785136
1636731649899,2021-11-12T10:40:49.899,78.04,-2.134645175931654,-2.6995199190876735,10.848077404492614
1636731649909,2021-11-12T10:40:49.909,78.05,-3.5677149633476803,-2.0161733017926897,9.708032179213752
1636731649919,2021-11-12T10:40:49.919,78.06,-4.3323418266242495,-2.229948886137741,8.866595463976468
1636731649929,2021-11-12T10:40:49.929,78.07,-4.490842880041729,-2.789955942785972,7.754014585093542
1636731649939,2021-11-12T10:40:49.939,78.08,-4.291048787294523,-3.1609411153225864,6.497138797348713
1636731649949,2021-11-12T10:40:49.949,78.09,-3.7854896298912024,-3.070470849893602,5.707973285074512
1636731649959,2021-11-12T10:40:49.959,78.1,-2.958558246893464,-2.2754844818025184,5.501409225624734
1636731649969,2021-11-12T10:40:49.969,78.11,-2.1268828794750494,-0.7228994220448635,5.290805280729744
1636731649979,2021-11-12T10:40:49.979,78.12,-1.9210402299682119,1.0841253087871534,4.706393574167526
1636731649989,2021-11-12T10:40:49.989,78.13,-2.5759135100276747,2.245778020393871,4.224663495241181
1636731649999,2021-11-12T10:40:49.999,78.14,-3.477052559800623,2.1882977051413617,4.5468914275445345
1636731650009,2021-11-12T10:40:50.009,78.15,-3.7722689657729385,1.158244549568663,5.705490512091347
1636731650019,2021-11-12T10:40:50.019,78.16,-3.19863579473407,-0.07428525707020431,7.185319080459033
1636731650029,2021-11-12T10:40:50.029,78.17,-2.0461411871680166,-0.8448315631038517,8.607185396063922
1636731650039,2021-11-12T10:40:50.039,78.18,-0.6703586581759837,-0.8713870906527224,9.839533176684036
1636731650049,2021-11-12T10:40:50.049,78.19,0.6389095668937689,-0.36090079867444236,10.71949752410604
1636731650059,2021-11-12T10:40:50.059,78.2,1.5471785527666526,-0.1308729440628357,11.120381673824149
1636731650069,2021-11-12T10:40:50.069,78.21,1.7220667325397594,-0.9538808913630035,11.157081978094938
1636731650079,2021-11-12T10:40:50.079,78.22,1.04678142340272,-2.307456382179738,11.024586544180611
1636731650089,2021-11-12T10:40:50.089,78.23,-0.17046235419589165,-2.6840803462751692,10.680678167171768
1636731650099,2021-11-12T10:40:50.099,78.24,-1.2564883998490948,-1.6933079791481405,9.872096957849344
1636731650109,2021-11-12T10:40:50.109,78.25,-1.6752449850300013,-0.7523406393764785,8.480538668276663
1636731650119,2021-11-12T10:40:50.119,78.26,-1.4946062392061106,-1.134635755256312,6.677661938463858
1636731650129,2021-11-12T10:40:50.129,78.27,-1.1396583311879434,-2.3390303627751785,4.7194744325347875
1636731650139,2021-11-12T10:40:50.139,78.28,-0.8181447060991555,-2.8702491513993307,2.8138073539404136
1636731650149,2021-11-12T10:40:50.149,78.29,-0.5474706366073532,-2.0410315248065114,1.2165137185539303
1636731650159,2021-11-12T10:40:50.159,78.3,-0.5103226696122724,-0.6193328627422471,0.17562240925043898
1636731650169,2021-11-12T10:40:50.169,78.31,-0.8495293152175346,0.17738933183358496,-0.3013991008013662
1636731650179,2021-11-12T10:40:50.179,78.32,-1.2620648705951376,-0.05592300160759647,-0.46453993968344265
1636731650189,2021-11-12T10:40:50.189,78.33,-1.2815330697385725,-0.8499905768333935,-0.65529142324891
1636731650199,2021-11-12T10:40:50.199,78.34,-0.887930985487084,-1.625016500970804,-1.273659280628229
1636731650209,2021-11-12T10:40:50.209,78.35,-0.49144525502589986,-2.0757354709314413,-2.716715757119773
1636731650219,2021-11-12T10:40:50.219,78.36,-0.3660056733963757,-2.0569266749617188,-5.034382064867229
1636731650229,2021-11-12T10:40:50.229,78.37,-0.41403182157280405,-1.527549816273858,-7.7598331181400155
1636731650239,2021-11-12T10:40:50.239,78.38,-0.5047330609018612,-0.6025440328003655,-10.37932198615468
1636731650249,2021-11-12T10:40:50.249,78.39,-0.6750645510408029,0.5149499504639096,-12.844686588574373
1636731650259,2021-11-12T10:40:50.259,78.4,-0.8666830521831596,1.6449144565494813,-15.381256168043878
1636731650269,2021-11-12T10:40:50.269,78.41,-0.7871367678279746,2.656136992721921,-17.99132810408327
1636731650279,2021-11-12T10:40:50.279,78.42,-0.15933902672475228,3.454726460158059,-20.39465438598977
1636731650289,2021-11-12T10:40:50.289,78.43,1.0143701057292642,3.9559224925628804,-22.32973771544038
1636731650299,2021-11-12T10:40:50.299,78.44,2.3733462386079727,4.073300418633302,-23.74439034748938
1636731650309,2021-11-12T10:40:50.309,78.45,3.470669621362922,3.8422171743414406,-24.71147434786439
1636731650319,2021-11-12T10:40:50.319,78.46,4.315937547768751,3.5391474568592423,-25.297995593235818
1636731650329,2021-11-12T10:40:50.329,78.47,5.2915374462125655,3.4776674625344492,-25.67729225901457
1636731650339,2021-11-12T10:40:50.339,78.48,6.327609410223912,3.640917348558318,-26.242756611120946
1636731650349,2021-11-12T10:40:50.349,78.49,6.794786741942014,3.6884997455407653,-27.2829720576675
1636731650359,2021-11-12T10:40:50.359,78.5,6.427822715574525,3.352745553551331,-28.591789372228362
1636731650369,2021-11-12T10:40:50.369,78.51,5.678989330899981,2.666399707915989,-29.650772251824215
1636731650379,2021-11-12T10:40:50.379,78.52,5.015840803754061,1.7946899621121004,-30.103847276511082
1636731650389,2021-11-12T10:40:50.389,78.53,4.415034658682948,0.8352396528102405,-29.9417172617853
1636731650399,2021-11-12T10:40:50.399,78.54,3.6068370234999834,-0.1442483596513803,-29.42752312699826
1636731650409,2021-11-12T10:40:50.409,78.55,2.502710713353531,-1.0051941417722525,-28.930055595996542
1636731650419,2021-11-12T10:40:50.419,78.56,1.3812104746614557,-1.5725099059138994,-28.667870255229758
1636731650429,2021-11-12T10:40:50.429,78.57,0.6866342390860768,-1.7384242353556152,-28.582313206915163
1636731650439,2021-11-12T10:40:50.439,78.58,0.5715809148528381,-1.5082108327417796,-28.484694202368537
1636731650449,2021-11-12T10:40:50.449,78.59,0.8136597829698161,-0.9681812006837234,-28.18673055077797
1636731650459,2021-11-12T10:40:50.459,78.6,1.244293269569011,-0.2671528003513533,-27.464963736951525
1636731650469,2021-11-12T10:40:50.469,78.61,1.8384783725386984,0.3262982773492687,-26.144194003630446
1636731650479,2021-11-12T10:40:50.479,78.62,2.2471912674767593,0.4661130040969035,-24.349812971599732
1636731650489,2021-11-12T10:40:50.489,78.63,1.842586182879657,0.006093268511681585,-22.5366325026622
1636731650499,2021-11-12T10:40:50.499,78.64,0.6009587235403174,-0.8207715660538636,-21.156946099135048
1636731650509,2021-11-12T10:40:50.509,78.65,-0.5686370889573888,-1.6531256550366988,-20.36894570085
1636731650519,2021-11-12T10:40:50.519,78.66,-0.8652199433644179,-2.352850902156481,-20.112881506517297
1636731650529,2021-11-12T10:40:50.529,78.67,-0.562109212575975,-2.976080812403543,-20.314259904975614
1636731650539,2021-11-12T10:40:50.539,78.68,-0.4012180021256029,-3.5333916808593404,-20.808341423500096
1636731650549,2021-11-12T10:40:50.549,78.69,-0.4096928773977603,-3.9693197591269356,-21.11178103178559
1636731650559,2021-11-12T10:40:50.559,78.7,0.012592508476689392,-4.283630563401365,-20.543447224191755
1636731650569,2021-11-12T10:40:50.569,78.71,1.0604317147618574,-4.512223893685222,-18.75164009915306
1636731650579,2021-11-12T10:40:50.579,78.72,2.2299285095731824,-4.675617478953035,-16.131265254732646
1636731650589,2021-11-12T10:40:50.589,78.73,2.9600033858540904,-4.829695272588728,-13.72994841143013
1636731650599,2021-11-12T10:40:50.599,78.74,3.0649798914448834,-5.017855671695918,-12.665229221194416
1636731650609,2021-11-12T10:40:50.609,78.75,2.629941305225633,-5.124212756831539,-13.35246086065078
1636731650619,2021-11-12T10:40:50.619,78.76,1.9164180749616209,-4.959858550235728,-15.142279488825913
1636731650629,2021-11-12T10:40:50.629,78.77,1.325543896973692,-4.52198929880245,-16.8406465785075
1636731650639,2021-11-12T10:40:50.639,78.78,1.138253890280616,-3.99737490550857,-17.62395039169872
1636731650649,2021-11-12T10:40:50.649,78.79,1.2953701046959283,-3.522378325605592,-17.348422751630082
1636731650659,2021-11-12T10:40:50.659,78.8,1.5418715785682005,-3.0928190230291497,-16.137336247877528
1636731650669,2021-11-12T10:40:50.669,78.81,1.6915809134888091,-2.697206465907592,-13.97906930956767
1636731650679,2021-11-12T10:40:50.679,78.82,1.7243957092977455,-2.423211108779862,-10.730643683017599
1636731650689,2021-11-12T10:40:50.689,78.83,1.7838518352170547,-2.390531040383114,-6.382144606945621
1636731650699,2021-11-12T10:40:50.699,78.84,2.092002735963219,-2.599355620117982,-1.365057454699123
1636731650709,2021-11-12T10:40:50.709,78.85,2.670537151370835,-2.9130847108506788,3.433263092320868
1636731650719,2021-11-12T10:40:50.719,78.86,3.1596981566885756,-3.221731332058411,7.2022645239766705
1636731650729,2021-11-12T10:40:50.729,78.87,3.2097482920845324,-3.519559973841507,9.820983283270898
1636731650739,2021-11-12T10:40:50.739,78.88,3.01793463238441,-3.783306253714028,11.798553717379196
1636731650749,2021-11-12T10:40:50.749,78.89,3.061266490251187,-3.9309576585813675,13.675849139665884
1636731650759,2021-11-12T10:40:50.759,78.9,3.3823085117717904,-3.95596410346663,15.702689944558037
1636731650769,2021-11-12T10:40:50.769,78.91,3.647486382334985,-3.949189489761065,17.973875008400853
1636731650779,2021-11-12T10:40:50.779,78.92,3.7352127208129255,-3.9539016503200255,20.47326196265543
1636731650789,2021-11-12T10:40:50.789,78.93,3.7277466391624934,-3.9273842529450302,22.900451754770565
1636731650799,2021-11-12T10:40:50.799,78.94,3.591210919730957,-3.848925690541048,24.76454970010132
1636731650809,2021-11-12T10:40:50.809,78.95,3.328884020776876,-3.755077132726274,25.771562057387925
1636731650819,2021-11-12T10:40:50.819,78.96,3.1222346833375,-3.662051668792036,25.950630150321462
1636731650829,2021-11-12T10:40:50.829,78.97,3.0592390530628593,-3.5332407804214174,25.45948558365972
1636731650839,2021-11-12T10:40:50.839,78.98,3.0883910661251357,-3.343886550353841,24.51566432836676
1636731650849,2021-11-12T10:40:50.849,78.99,3.2345092049442874,-3.124471511347508,23.421800181699464
1636731650859,2021-11-12T10:40:50.859,79.0,3.479416287523647,-2.9102774900525747,22.40735106054457
1636731650869,2021-11-12T10:40:50.869,79.01,3.6181160048048824,-2.6989789701331928,21.524727245175203
1636731650879,2021-11-12T10:40:50.879,79.02,3.509045582243626,-2.4987755470388064,20.81365169479292
1636731650889,2021-11-12T10:40:50.889,79.03,3.1994883683774993,-2.359268638188835,20.42538335106901
1636731650899,2021-11-12T10:40:50.899,79.04,2.767588602990066,-2.3029122953929955,20.54405824343806
1636731650909,2021-11-12T10:40:50.909,79.05,2.3665350042037536,-2.270497270248652,21.285786826973045
1636731650919,2021-11-12T10:40:50.919,79.06,2.2569164321373916,-2.171436218178907,22.587829666092055
1636731650929,2021-11-12T10:40:50.929,79.07,2.4889504245315144,-1.9658357710985144,24.111855480135567
1636731650939,2021-11-12T10:40:50.939,79.08,2.835236510810933,-1.6841860207910673,25.418828561369793
1636731650949,2021-11-12T10:40:50.949,79.09,3.1942770879047835,-1.3933163117722849,26.3070881879134
1636731650959,2021-11-12T10:40:50.959,79.1,3.6203219930153114,-1.193369885456793,26.808290902813212
1636731650969,2021-11-12T10:40:50.969,79.11,3.8617334579771097,-1.2400657263482913,26.85567412787535
1636731650979,2021-11-12T10:40:50.979,79.12,3.403632740506488,-1.6647078481467281,26.195291994958488
1636731650989,2021-11-12T10:40:50.989,79.13,2.146137519250451,-2.4279456950214002,24.675251819606352
1636731650999,2021-11-12T10:40:50.999,79.14,0.6606876819843411,-3.322198005831379,22.44012710721533
1636731651009,2021-11-12T10:40:51.009,79.15,-0.3654615798929366,-4.125197788264089,19.774400947254595
1636731651019,2021-11-12T10:40:51.019,79.16,-0.7090273552448784,-4.70449429950196,16.882121676186976
1636731651029,2021-11-12T10:40:51.029,79.17,-0.6008628806930902,-5.017177931886533,13.892473370130542
1636731651039,2021-11-12T10:40:51.039,79.18,-0.360660578850253,-5.073419350971655,10.982460608742109
1636731651049,2021-11-12T10:40:51.049,79.19,-0.147392359540828,-4.893471183177683,8.398011550125247
1636731651059,2021-11-12T10:40:51.059,79.2,0.014737665873486235,-4.483055787611617,6.376107501971873
1636731651069,2021-11-12T10:40:51.069,79.21,0.07904835086838581,-3.85405610682297,5.050810222511394
1636731651079,2021-11-12T10:40:51.079,79.22,-0.06000319544270465,-3.058438858390014,4.379928313538949
1636731651089,2021-11-12T10:40:51.089,79.23,-0.3955499289660773,-2.1634506048113553,4.1771198147619835
1636731651099,2021-11-12T10:40:51.099,79.24,-0.6948802947536252,-1.1790263255042728,4.2703336491873465
1636731651109,2021-11-12T10:40:51.109,79.25,-0.7339145280887573,-0.07616758727788128,4.615068835220646
1636731651119,2021-11-12T10:40:51.119,79.26,-0.6255640267551604,1.0830178010375453,5.231553286950062
1636731651129,2021-11-12T10:40:51.129,79.27,-0.6871167592967046,2.132975122187336,6.077436337198083
1636731651139,2021-11-12T10:40:51.139,79.28,-0.9413705046149129,2.9836504051702004,7.047092172758831
1636731651149,2021-11-12T10:40:51.149,79.29,-1.0153624530583791,3.6851819642039967,8.105184024175058
1636731651159,2021-11-12T10:40:51.159,79.3,-0.6987657712648785,4.23400522814723,9.336124748792919
1636731651169,2021-11-12T10:40:51.169,79.31,-0.39191735633401326,4.459121259689284,10.782942052254349
1636731651179,2021-11-12T10:40:51.179,79.32,-0.6357593116592821,4.216844714731489,12.324193553541548
1636731651189,2021-11-12T10:40:51.189,79.33,-1.2022219294365881,3.596794506457714,13.812597180245572
1636731651199,2021-11-12T10:40:51.199,79.34,-1.2215126525913451,2.841618296361389,15.193993313959307
1636731651209,2021-11-12T10:40:51.209,79.35,-0.4971354361925234,2.1349352122574183,16.32413817721213
1636731651219,2021-11-12T10:40:51.219,79.36,0.04584064997387827,1.5218101347820014,16.820009272546642
1636731651229,2021-11-12T10:40:51.229,79.37,-0.21886086301114555,0.9628010927724826,16.32667234007708
1636731651239,2021-11-12T10:40:51.239,79.38,-0.598717643327055,0.401917228832778,14.874796361620358
1636731651249,2021-11-12T10:40:51.249,79.39,-0.24831792440664655,-0.19170560310971457,12.831825282559144
1636731651259,2021-11-12T10:40:51.259,79.4,0.48380059760367755,-0.813361603873367,10.595821960357924
1636731651269,2021-11-12T10:40:51.269,79.41,0.7219981338580679,-1.452896181986834,8.438627656939227
1636731651279,2021-11-12T10:40:51.279,79.42,0.3498978874405011,-2.123178591962774,6.499166741823883
1636731651289,2021-11-12T10:40:51.289,79.43,-0.13968124790218384,-2.8337712637374897,4.812392193878444
1636731651299,2021-11-12T10:40:51.299,79.44,-0.48162911283386667,-3.548019632484478,3.4244520064621593
1636731651309,2021-11-12T10:40:51.309,79.45,-0.70987109803564,-4.199794346910792,2.4523755727248977
1636731651319,2021-11-12T10:40:51.319,79.46,-0.8321171180893909,-4.75125989322496,1.9069396553732787
1636731651329,2021-11-12T10:40:51.329,79.47,-0.8523165598350482,-5.207523048005587,1.6006270895035857
1636731651339,2021-11-12T10:40:51.339,79.48,-0.8677606090859707,-5.578032722893102,1.4228557795221102
1636731651349,2021-11-12T10:40:51.349,79.49,-0.9734294160926419,-5.859606375781377,1.471454679561844
1636731651359,2021-11-12T10:40:51.359,79.5,-1.2142398346582446,-6.067942867197405,1.7146701450845678
1636731651369,2021-11-12T10:40:51.369,79.51,-1.6127601414844435,-6.244540151938642,1.9830652129937212
1636731651379,2021-11-12T10:40:51.379,79.52,-2.1102346518966626,-6.402234947587546,2.54389865738966
1636731651389,2021-11-12T10:40:51.389,79.53,-2.5377045003231906,-6.49425978200644,3.8265967192634838
1636731651399,2021-11-12T10:40:51.399,79.54,-2.7448624136955933,-6.458768147211627,5.112917338850844
1636731651409,2021-11-12T10:40:51.409,79.55,-2.727464795791306,-6.262610891616853,4.820006273060498
1636731651419,2021-11-12T10:40:51.419,79.56,-2.5966358222978623,-5.900595403832416,2.9758581777792505
1636731651429,2021-11-12T10:40:51.429,79.57,-2.453015011329592,-5.393031648358023,1.8655687717130915
1636731651439,2021-11-12T10:40:51.439,79.58,-2.316471316862907,-4.779590801883046,2.975308728965569
1636731651449,2021-11-12T10:40:51.449,79.59,-2.174528550201985,-4.094653912345871,4.804227554742125
1636731651459,2021-11-12T10:40:51.459,79.6,-2.0401257111129447,-3.367883384803157,5.060931684615481
1636731651469,2021-11-12T10:40:51.469,79.61,-1.9082159814664705,-2.6474421522257847,3.6409819118731517
1636731651479,2021-11-12T10:40:51.479,79.62,-1.7336213509816218,-1.9991053910665668,2.0707600430210533
1636731651489,2021-11-12T10:40:51.489,79.63,-1.5234371073191375,-1.493152382085011,1.2051533982388463
1636731651499,2021-11-12T10:40:51.499,79.64,-1.3395802985000267,-1.1769336398587997,0.8385919223112637
1636731651509,2021-11-12T10:40:51.509,79.65,-1.1514749581057613,-1.0107485484402252,0.7905020792089087
1636731651519,2021-11-12T10:40:51.519,79.66,-0.8328678651743362,-0.8627855956347308,1.1807417105473363
1636731651529,2021-11-12T10:40:51.529,79.67,-0.34113056406093695,-0.6296330734657818,1.9211446518485804
1636731651539,2021-11-12T10:40:51.539,79.68,0.2326642578237513,-0.3175541354617235,2.6480030304488196
1636731651549,2021-11-12T10:40:51.549,79.69,0.760589929607407,0.03143837504057058,3.0778825176764393
1636731651559,2021-11-12T10:40:51.559,79.7,1.1208192623150626,0.4060910528764634,3.136272716348295
1636731651569,2021-11-12T10:40:51.569,79.71,1.2686363879124611,0.7852195918165092,2.875744009196624
1636731651579,2021-11-12T10:40:51.579,79.72,1.3519760313584366,1.129600671198268,2.4602633173313135
1636731651589,2021-11-12T10:40:51.589,79.73,1.5459327471835476,1.4352164496177156,2.1130321642711367
1636731651599,2021-11-12T10:40:51.599,79.74,1.6893731826400233,1.706284378683537,1.9346797488403187
1636731651609,2021-11-12T10:40:51.609,79.75,1.390430389951356,1.8898407739065146,1.845446731136934
1636731651619,2021-11-12T10:40:51.619,79.76,0.6519908794275221,1.9399931890070614,1.775483608182348
1636731651629,2021-11-12T10:40:51.629,79.77,0.08202877945987005,1.931369944763596,1.7878338837557401
1636731651639,2021-11-12T10:40:51.639,79.78,0.24005696123120138,2.00748447275703,1.9075735000389187
1636731651649,2021-11-12T10:40:51.649,79.79,0.9773983523209754,2.2191427979197105,1.922795109351962
1636731651659,2021-11-12T10:40:51.659,79.8,1.6177781995610845,2.4888487731839186,1.4755965878221464
1636731651669,2021-11-12T10:40:51.669,79.81,1.6334862207643477,2.7273427992271193,0.3477161699266504
1636731651679,2021-11-12T10:40:51.679,79.82,1.0169648753433675,2.923654623482668,-1.3684530304117666
1636731651689,2021-11-12T10:40:51.689,79.83,0.14642648083183624,3.1193247526278665,-3.348757633082016
1636731651699,2021-11-12T10:40:51.699,79.84,-0.5821952012819396,3.332605375160065,-5.252588278119559
1636731651709,2021-11-12T10:40:51.709,79.85,-1.042805683405252,3.521691105985015,-6.859831922570095
1636731651719,2021-11-12T10:40:51.719,79.86,-1.3435074779286658,3.6216860237033908,-8.045685380974845
1636731651729,2021-11-12T10:40:51.729,79.87,-1.5724096121693338,3.612152024265245,-8.755635386674069
1636731651739,2021-11-12T10:40:51.739,79.88,-1.7267860442596175,3.533083299220076,-9.085273778091956
1636731651749,2021-11-12T10:40:51.749,79.89,-1.827100308978253,3.430661750384955,-9.251780221117603
1636731651759,2021-11-12T10:40:51.759,79.9,-1.888261621807592,3.3001000634633915,-9.363642916532875
1636731651769,2021-11-12T10:40:51.769,79.91,-1.8751856692107989,3.0969227847995384,-9.344478408588955
1636731651779,2021-11-12T10:40:51.779,79.92,-1.8494697428829951,2.8088685187780826,-9.185204567974699
1636731651789,2021-11-12T10:40:51.789,79.93,-1.9467381740968355,2.496555806623088,-9.09140062193776
1636731651799,2021-11-12T10:40:51.799,79.94,-2.094517828180023,2.2414537181235756,-9.230874605110884
1636731651809,2021-11-12T10:40:51.809,79.95,-2.0438109356937515,2.06536160773149,-9.479698878772059
1636731651819,2021-11-12T10:40:51.819,79.96,-1.7449924325085457,1.9209978875380003,-9.566216957808006
1636731651829,2021-11-12T10:40:51.829,79.97,-1.418863423634975,1.753829475074103,-9.36840875427879
1636731651839,2021-11-12T10:40:51.839,79.98,-1.2440811013337756,1.5625398261391852,-8.949912890117824
1636731651849,2021-11-12T10:40:51.849,79.99,-1.1608305423411451,1.4102954838302746,-8.379912135906366
1636731651859,2021-11-12T10:40:51.859,80.0,-1.0042841370041353,1.3728479824903073,-7.66896842365783
1636731651869,2021-11-12T10:40:51.869,80.01,-0.7991640148828797,1.448909776411274,-6.897308207763804
1636731651879,2021-11-12T10:40:51.879,80.02,-0.8137826703373254,1.5400820933432087,-6.256620881848751
1636731651889,2021-11-12T10:40:51.889,80.03,-1.1421993494537255,1.565465901493733,-5.866324893091995
1636731651899,2021-11-12T10:40:51.899,80.04,-1.4119873773125695,1.567354740206505,-5.648628871797275
1636731651909,2021-11-12T10:40:51.909,80.05,-1.2476216784398633,1.6450195119582962,-5.4679469191213865
1636731651919,2021-11-12T10:40:51.919,80.06,-0.8193558233937623,1.8170378326168488,-5.302394418462908
1636731651929,2021-11-12T10:40:51.929,80.07,-0.5585045946358125,2.0097593116378563,-5.22215572703815
1636731651939,2021-11-12T10:40:51.939,80.08,-0.5730767676366483,2.1480034945856192,-5.272631004474398
1636731651949,2021-11-12T10:40:51.949,80.09,-0.7027955176104007,2.2006132732860366,-5.4158334543749165
1636731651959,2021-11-12T10:40:51.959,80.1,-0.8929614430859345,2.168530565657852,-5.555060597249781
1636731651969,2021-11-12T10:40:51.969,80.11,-1.1710945539059219,2.0711457765827577,-5.611638248394335
1636731651979,2021-11-12T10:40:51.979,80.12,-1.422650251683896,1.9234078511239088,-5.593902356044044
1636731651989,2021-11-12T10:40:51.989,80.13,-1.4628157815547786,1.723987725833196,-5.577349397297335
1636731651999,2021-11-12T10:40:51.999,80.14,-1.290456166259422,1.483527214631445,-5.604048138523945
1636731652009,2021-11-12T10:40:52.009,80.15,-1.104020399609545,1.225139053037864,-5.639858996762056
1636731652019,2021-11-12T10:40:52.019,80.16,-1.0441391783080523,0.9409170979199897,-5.641732969364135
1636731652029,2021-11-12T10:40:52.029,80.17,-1.049003753394493,0.606654891858832,-5.597312549366254
1636731652039,2021-11-12T10:40:52.039,80.18,-1.0105035411197605,0.24898059878666515,-5.492575105684869
1636731652049,2021-11-12T10:40:52.049,80.19,-0.930242069457018,-0.06119228013259988,-5.328196280469982
1636731652059,2021-11-12T10:40:52.059,80.2,-0.8476404803078303,-0.2862362315934783,-5.1600985372762675
1636731652069,2021-11-12T10:40:52.069,80.21,-0.7403015285782986,-0.4433942554265986,-5.03891885219927
1636731652079,2021-11-12T10:40:52.079,80.22,-0.5737963078293514,-0.5482630193566279,-4.935330378343241
1636731652089,2021-11-12T10:40:52.089,80.23,-0.38234196250060903,-0.5805963914411408,-4.802963714831292
1636731652099,2021-11-12T10:40:52.099,80.24,-0.2505773573522795,-0.5155730286259026,-4.669687791753546
1636731652109,2021-11-12T10:40:52.109,80.25,-0.22578182681732506,-0.36221958680854094,-4.571799364301999
1636731652119,2021-11-12T10:40:52.119,80.26,-0.26754994544822974,-0.16273551838938743,-4.475638449842966
1636731652129,2021-11-12T10:40:52.129,80.27,-0.30201875498853065,0.03251979686402764,-4.431334379876516
1636731652139,2021-11-12T10:40:52.139,80.28,-0.30354549799218977,0.18945196697178718,-4.654855940332
1636731652149,2021-11-12T10:40:52.149,80.29,-0.29119285350160273,0.3065791183709625,-5.1350935922474275
1636731652159,2021-11-12T10:40:52.159,80.3,-0.2865129862550929,0.41134546473662625,-5.4271880043273075
1636731652169,2021-11-12T10:40:52.169,80.31,-0.3047523525963759,0.5216427563172612,-5.359776641478035
1636731652179,2021-11-12T10:40:52.179,80.32,-0.32728772344871593,0.6071479462818209,-5.502771429667334
1636731652189,2021-11-12T10:40:52.189,80.33,-0.27834401219849986,0.6229580757481763,-6.238119411212217
1636731652199,2021-11-12T10:40:52.199,80.34,-0.11225087530844774,0.586112710072623,-6.9760110258765025
1636731652209,2021-11-12T10:40:52.209,80.35,0.09480670593259881,0.5635717181758982,-6.996771886664649
1636731652219,2021-11-12T10:40:52.219,80.36,0.2291259580216819,0.582745312497508,-6.389844880104915
1636731652229,2021-11-12T10:40:52.229,80.37,0.27997035111654,0.6202259085330244,-5.637587448066709
1636731652239,2021-11-12T10:40:52.239,80.38,0.313573413297309,0.6666079862067311,-4.926089539038316
1636731652249,2021-11-12T10:40:52.249,80.39,0.3494304253340373,0.7362529890318343,-4.229880070494328
1636731652259,2021-11-12T10:40:52.259,80.4,0.34518516696566287,0.8322642778756597,-3.607167343872133
1636731652269,2021-11-12T10:40:52.269,80.41,0.2763140555661439,0.9413268344965037,-3.135517610419659
1636731652279,2021-11-12T10:40:52.279,80.42,0.16583592425726812,1.0341544611835227,-2.7676594009078057
1636731652289,2021-11-12T10:40:52.289,80.43,0.07843506584006928,1.0674650527068876,-2.4333152876030053
1636731652299,2021-11-12T10:40:52.299,80.44,0.10557085554735762,1.026725845454617,-2.195466516529762
1636731652309,2021-11-12T10:40:52.309,80.45,0.22749130471069323,0.9394172827028613,-2.1569854938433055
1636731652319,2021-11-12T10:40:52.319,80.46,0.22814642385893952,0.8067432631730838,-2.261873101371501
1636731652329,2021-11-12T10:40:52.329,80.47,0.002248043997486425,0.5946970472715742,-2.3321191136046355
1636731652339,2021-11-12T10:40:52.339,80.48,-0.15473850122445543,0.335510085296255,-2.2817711469387496
1636731652349,2021-11-12T10:40:52.349,80.49,0.0746524767789546,0.13118852932183786,-2.186100736506625
1636731652359,2021-11-12T10:40:52.359,80.5,0.5039052608460384,0.011414245195271821,-2.1493463459424116
1636731652369,2021-11-12T10:40:52.369,80.51,0.6819207983705168,-0.09645467764326623,-2.185292365730791
1636731652379,2021-11-12T10:40:52.379,80.52,0.5004044284937872,-0.2176626637088996,-2.2322286542329888
1636731652389,2021-11-12T10:40:52.389,80.53,0.22825167153817655,-0.2632362141918061,-2.2193887820148026
1636731652399,2021-11-12T10:40:52.399,80.54,0.08873461829874207,-0.1585277467380709,-2.0919040529082693
1636731652409,2021-11-12T10:40:52.409,80.55,0.0653631845017788,0.051688023798980444,-1.8224919669554351
1636731652419,2021-11-12T10:40:52.419,80.56,0.0395228881718985,0.2797758558432075,-1.4467023020389236
1636731652429,2021-11-12T10:40:52.429,80.57,-0.05853839353209981,0.5034570406742228,-1.0675847925608375
1636731652439,2021-11-12T10:40:52.439,80.58,-0.22899008014515476,0.733552050660491,-0.7939069943304025
1636731652449,2021-11-12T10:40:52.449,80.59,-0.4470361054235609,0.937676570515631,-0.6734168278206454
1636731652459,2021-11-12T10:40:52.459,80.6,-0.6833356379547516,1.0706294675762837,-0.6753443166227302
1636731652469,2021-11-12T10:40:52.469,80.61,-0.8877949250101129,1.1340877759706518,-0.7100974703435634
1636731652479,2021-11-12T10:40:52.479,80.62,-0.9987554060112742,1.1460722276262096,-0.6806185753717974
1636731652489,2021-11-12T10:40:52.489,80.63,-0.9956073475581535,1.0917840318633216,-0.5561378039589512
1636731652499,2021-11-12T10:40:52.499,80.64,-0.9363796828738324,0.942055981248201,-0.38972891422476075
1636731652509,2021-11-12T10:40:52.509,80.65,-0.9238338733794498,0.6830676137903187,-0.2329773423460762
1636731652519,2021-11-12T10:40:52.519,80.66,-0.9937206756543917,0.32252108273016,-0.0477135535614939
1636731652529,2021-11-12T10:40:52.529,80.67,-1.04740876786174,-0.09211372143153007,0.25819358577075746
1636731652539,2021-11-12T10:40:52.539,80.68,-0.9802186648492099,-0.48552394723704373,0.7032476563281633
1636731652549,2021-11-12T10:40:52.549,80.69,-0.8612772930168211,-0.826603536869488,1.1806026269455678
1636731652559,2021-11-12T10:40:52.559,80.7,-0.8674911128477135,-1.1439670379858178,1.5593096941726148
1636731652569,2021-11-12T10:40:52.569,80.71,-1.036872464994731,-1.4435765035591062,1.803531285713672
1636731652579,2021-11-12T10:40:52.579,80.72,-1.1901388200654925,-1.6779960417645268,1.9634598244600974
1636731652589,2021-11-12T10:40:52.589,80.73,-1.1330594987316094,-1.8114345372198324,2.0897523720022493
1636731652599,2021-11-12T10:40:52.599,80.74,-0.8809517642325111,-1.844433715935424,2.1952561722506254
1636731652609,2021-11-12T10:40:52.609,80.75,-0.612071764591842,-1.7811411088112994,2.2693695104006713
1636731652619,2021-11-12T10:40:52.619,80.76,-0.4311951662259764,-1.6454143844096678,2.29309074571319
1636731652629,2021-11-12T10:40:52.629,80.77,-0.3069081541123293,-1.508585082169792,2.2587192643593594
1636731652639,2021-11-12T10:40:52.639,80.78,-0.22237115461337426,-1.4247316848925435,2.2007223579061868
1636731652649,2021-11-12T10:40:52.649,80.79,-0.20177042254078437,-1.3548646917394611,2.181464471946799
1636731652659,2021-11-12T10:40:52.659,80.8,-0.17829966603417668,-1.2244570655745688,2.2162684015691427
1636731652669,2021-11-12T10:40:52.669,80.81,-0.018352551568532535,-1.0366153013688426,2.2583910048363327
1636731652679,2021-11-12T10:40:52.679,80.82,0.299677166865898,-0.8490025777746877,2.3025298388822164
1636731652689,2021-11-12T10:40:52.689,80.83,0.6494357721869339,-0.6544363690580832,2.414968300430517
1636731652699,2021-11-12T10:40:52.699,80.84,0.903191758113566,-0.3856586524832245,2.5852845588577487
1636731652709,2021-11-12T10:40:52.709,80.85,1.0466230763866253,-0.04618233345671603,2.673367816831344
1636731652719,2021-11-12T10:40:52.719,80.86,1.1342744723647482,0.26852064778683393,2.603523356069079
1636731652729,2021-11-12T10:40:52.729,80.87,1.174547523117444,0.5070269251237374,2.477808223553457
1636731652739,2021-11-12T10:40:52.739,80.88,1.13852825288615,0.7240217865032916,2.4107176730523396
1636731652749,2021-11-12T10:40:52.749,80.89,1.0802277251126908,0.9737399737902117,2.388108098739674
1636731652759,2021-11-12T10:40:52.759,80.9,1.118894521152331,1.2249397608560033,2.359266745024974
1636731652769,2021-11-12T10:40:52.769,80.91,1.2673923938274685,1.4173253421257157,2.3299711264529273
1636731652779,2021-11-12T10:40:52.779,80.92,1.403630154435183,1.5356041403824168,2.287836063760205
1636731652789,2021-11-12T10:40:52.789,80.93,1.435637561668449,1.593437213743663,2.1731291281516345
1636731652799,2021-11-12T10:40:52.799,80.94,1.3680243517006963,1.5951549422034361,2.01984856248856
1636731652809,2021-11-12T10:40:52.809,80.95,1.2021929299829859,1.540228336558891,1.9865536459061388
1636731652819,2021-11-12T10:40:52.819,80.96,0.9213163647358948,1.425383912858148,2.134252082579768
1636731652829,2021-11-12T10:40:52.829,80.97,0.5927558470494385,1.2356107888256558,2.3004820230134633
1636731652839,2021-11-12T10:40:52.839,80.98,0.339695399373085,0.9722673621052457,2.3017239947390147
1636731652849,2021-11-12T10:40:52.849,80.99,0.19106197138642161,0.6793571224074266,2.1645869403075655
1636731652859,2021-11-12T10:40:52.859,81.0,0.09501127704224761,0.4149038427085746,2.0611281298775603
1636731652869,2021-11-12T10:40:52.869,81.01,0.06891159331253513,0.21908496028888708,2.077336967169167
1636731652879,2021-11-12T10:40:52.879,81.02,0.17896783101046249,0.11082650647936151,2.155417493281128
1636731652889,2021-11-12T10:40:52.889,81.03,0.3878668354081787,0.08109151344226662,2.2320922102122576
1636731652899,2021-11-12T10:40:52.899,81.04,0.5635449309282192,0.09535667063769158,2.296376653390574
1636731652909,2021-11-12T10:40:52.909,81.05,0.6335734000084143,0.12197036794259711,2.3369148387296854
1636731652919,2021-11-12T10:40:52.919,81.06,0.65424408231179,0.1635491462685434,2.3776464876762473
1636731652929,2021-11-12T10:40:52.929,81.07,0.7241384172954293,0.2717534837955201,2.5049142633593817
1636731652939,2021-11-12T10:40:52.939,81.08,0.8535426736684699,0.49728795494155764,2.707831376508949
1636731652949,2021-11-12T10:40:52.949,81.09,0.9634789777059334,0.7854073832659787,2.8053068173643245
1636731652959,2021-11-12T10:40:52.959,81.1,1.036471579440412,0.9967194965874722,2.706576103498376
1636731652969,2021-11-12T10:40:52.969,81.11,1.1629063301974725,1.0958939591794916,2.5817919152392346
1636731652979,2021-11-12T10:40:52.979,81.12,1.3453448046909546,1.211099594453286,2.573973867861843
1636731652989,2021-11-12T10:40:52.989,81.13,1.374968238498521,1.4316406938798671,2.5463664253299974
1636731652999,2021-11-12T10:40:52.999,81.14,1.05243141432894,1.6686279967879856,2.3227327379326947
1636731653009,2021-11-12T10:40:53.009,81.15,0.48533111344042557,1.7970816979731805,1.9776748448804833
1636731653019,2021-11-12T10:40:53.019,81.16,0.0649380354287844,1.8360639055693788,1.7316936176517883
1636731653029,2021-11-12T10:40:53.029,81.17,0.12940810190570773,1.9013937350637409,1.710106096278773
1636731653039,2021-11-12T10:40:53.039,81.18,0.63395494607888,2.033425002448577,1.8741740656507808
1636731653049,2021-11-12T10:40:53.049,81.19,1.1623520520889674,2.161287370495429,2.0928922303871476
1636731653059,2021-11-12T10:40:53.059,81.2,1.3191456937370232,2.21211422946733,2.2625148099933163
1636731653069,2021-11-12T10:40:53.069,81.21,1.0762431693646768,2.1572134990975043,2.372449506950141
1636731653079,2021-11-12T10:40:53.079,81.22,0.6825285788009234,1.9873686521288598,2.4380402398073806
1636731653089,2021-11-12T10:40:53.089,81.23,0.3543575122520556,1.7565503876575508,2.425858166066665
1636731653099,2021-11-12T10:40:53.099,81.24,0.16484793165878428,1.5876284676211436,2.3162634028934685
1636731653109,2021-11-12T10:40:53.109,81.25,0.11008121115283703,1.528521550155714,2.1751923745123647
1636731653119,2021-11-12T10:40:53.119,81.26,0.13421827622354424,1.485535785814339,2.073765061109302
1636731653129,2021-11-12T10:40:53.129,81.27,0.12976951133120393,1.3613287701292833,1.9880483735690002
1636731653139,2021-11-12T10:40:53.139,81.28,0.003026454967414745,1.1519437812994535,1.8602895964737094
1636731653149,2021-11-12T10:40:53.149,81.29,-0.2470079880366028,0.8812331471170531,1.7113849516960271
1636731653159,2021-11-12T10:40:53.159,81.3,-0.5315972222867563,0.5544654419051477,1.6123248397629815
1636731653169,2021-11-12T10:40:53.169,81.31,-0.7528342772779681,0.19508756194457297,1.5728010579503804
1636731653179,2021-11-12T10:40:53.179,81.32,-0.8595283328336812,-0.1563659181070479,1.5238343211472494
1636731653189,2021-11-12T10:40:53.189,81.33,-0.8413052153517513,-0.4773870044570193,1.4033108412459596
1636731653199,2021-11-12T10:40:53.199,81.34,-0.7295509944159297,-0.7517572551088264,1.2141011707138991
1636731653209,2021-11-12T10:40:53.209,81.35,-0.5929818697152717,-0.9615119784249475,0.9986475323457041
1636731653219,2021-11-12T10:40:53.219,81.36,-0.47172346842129576,-1.1092676961570365,0.8005095105821598
1636731653229,2021-11-12T10:40:53.229,81.37,-0.35197666260906013,-1.1854878604405643,0.6538875622690771
1636731653239,2021-11-12T10:40:53.239,81.38,-0.26544509930555826,-1.131475042246361,0.5480087537616745
1636731653249,2021-11-12T10:40:53.249,81.39,-0.32592302427777303,-0.9229997116914066,0.39272390379061833
1636731653259,2021-11-12T10:40:53.259,81.4,-0.5459663987697795,-0.6516426556728563,0.10655337721638852
1636731653269,2021-11-12T10:40:53.269,81.41,-0.7092692878090223,-0.41947705379630396,-0.2526605169301235
1636731653279,2021-11-12T10:40:53.279,81.42,-0.6147815676261073,-0.1890955877648189,-0.5559355866134217
1636731653289,2021-11-12T10:40:53.289,81.43,-0.37980961460472484,0.15390665292447958,-0.7984625739841589
1636731653299,2021-11-12T10:40:53.299,81.44,-0.2751921873753925,0.6102692826855777,-1.093559378504347
1636731653309,2021-11-12T10:40:53.309,81.45,-0.31650907024399305,1.045204937337243,-1.4843235945647606
1636731653319,2021-11-12T10:40:53.319,81.46,-0.27819805421767163,1.3489377656140484,-1.9033379921941047
1636731653329,2021-11-12T10:40:53.329,81.47,-0.09803799463655594,1.519860926676596,-2.3048665986020485
1636731653339,2021-11-12T10:40:53.339,81.48,0.011405333355371874,1.587462573641441,-2.6987537535343096
1636731653349,2021-11-12T10:40:53.349,81.49,-0.0853944266017813,1.5394372211940537,-3.0616497651965866
1636731653359,2021-11-12T10:40:53.359,81.5,-0.2547091737890511,1.3511518719502718,-3.3355534605267083
1636731653369,2021-11-12T10:40:53.369,81.51,-0.35743708318466483,1.048113005029323,-3.5031843023383313
1636731653379,2021-11-12T10:40:53.379,81.52,-0.42746243414722557,0.705681410603363,-3.5656494884360708
1636731653389,2021-11-12T10:40:53.389,81.53,-0.46710452565159044,0.3736526250911047,-3.488586003827412
1636731653399,2021-11-12T10:40:53.399,81.54,-0.35249420721480856,0.020146786137754433,-3.273124366775403
1636731653409,2021-11-12T10:40:53.409,81.55,-0.08350736712513454,-0.4066084435404003,-3.0113485936991227
1636731653419,2021-11-12T10:40:53.419,81.56,0.11689073951479394,-0.8737096536888325,-2.773523986373166
1636731653429,2021-11-12T10:40:53.429,81.57,0.11154142317183391,-1.2898169614421895,-2.5271296051169765
1636731653439,2021-11-12T10:40:53.439,81.58,0.08695109240054777,-1.6208354769730797,-2.2342967627462156
1636731653449,2021-11-12T10:40:53.449,81.59,0.2759997015186808,-1.8912393410893567,-1.9138527414777649
1636731653459,2021-11-12T10:40:53.459,81.6,0.5399075181084593,-2.0948969245001416,-1.5504459616990351
1636731653469,2021-11-12T10:40:53.469,81.61,0.5492699286400338,-2.196750722122046,-1.0565278116008565
1636731653479,2021-11-12T10:40:53.479,81.62,0.36040841145062563,-2.1913091498166537,-0.38831165678043045
1636731653489,2021-11-12T10:40:53.489,81.63,0.3581520480503779,-2.0905099839267605,0.3701476838959341
1636731653499,2021-11-12T10:40:53.499,81.64,0.5971419981386732,-1.8931731729194832,1.0815735319460176
1636731653509,2021-11-12T10:40:53.509,81.65,0.7237803495312284,-1.6079194845324993,1.6696771835371682
1636731653519,2021-11-12T10:40:53.519,81.66,0.581208715491056,-1.2777788449897582,2.1333830643521825
1636731653529,2021-11-12T10:40:53.529,81.67,0.38785167057787306,-0.9661662538974771,2.480051508797568
1636731653539,2021-11-12T10:40:53.539,81.68,0.30940879515104575,-0.7185558427786618,2.6707801834683784
1636731653549,2021-11-12T10:40:53.549,81.69,0.2703018878233265,-0.5334936347946636,2.6376848984534407
1636731653559,2021-11-12T10:40:53.559,81.7,0.20551966759908283,-0.38996951520659795,2.3648091670940943
1636731653569,2021-11-12T10:40:53.569,81.71,0.20870604278330174,-0.2961602330412147,1.9438709274942172
1636731653579,2021-11-12T10:40:53.579,81.72,0.3588601734804978,-0.27034369627816957,1.5212711591682788
1636731653589,2021-11-12T10:40:53.589,81.73,0.5508950560588759,-0.29895735469086504,1.187081095736705
1636731653599,2021-11-12T10:40:53.599,81.74,0.6231508210166264,-0.36347789740442826,0.9414666183201815
1636731653609,2021-11-12T10:40:53.609,81.75,0.59901020226898,-0.4629431020103626,0.7641901492174685
1636731653619,2021-11-12T10:40:53.619,81.76,0.6413781616111102,-0.5627302798633174,0.666355221442554
1636731653629,2021-11-12T10:40:53.629,81.77,0.7874291398522204,-0.5885407662719219,0.646559396150907
1636731653639,2021-11-12T10:40:53.639,81.78,0.9173003162316513,-0.5165522572209708,0.6371877907407046
1636731653649,2021-11-12T10:40:53.649,81.79,0.9883571413507355,-0.39594579378342676,0.552109991079734
1636731653659,2021-11-12T10:40:53.659,81.8,1.1216360086118966,-0.24960320452563733,0.3819495958706266
1636731653669,2021-11-12T10:40:53.669,81.81,1.4023100800512642,-0.038266938017552515,0.18632604512983486
1636731653679,2021-11-12T10:40:53.679,81.82,1.6693235974658895,0.2358281942093975,-0.015512107407156688
1636731653689,2021-11-12T10:40:53.689,81.83,1.5797230077695787,0.4684069452309184,-0.2865260112815338
1636731653699,2021-11-12T10:40:53.699,81.84,0.9735184190818372,0.5542074121046648,-0.6689497949742322
1636731653709,2021-11-12T10:40:53.709,81.85,0.19462216731419807,0.503255528728346,-1.0643983340560554
1636731653719,2021-11-12T10:40:53.719,81.86,-0.10626173332602945,0.4062621104477996,-1.2692655664313026
1636731653729,2021-11-12T10:40:53.729,81.87,0.36559517524679097,0.31430455553471764,-1.1784581036401085
1636731653739,2021-11-12T10:40:53.739,81.88,1.1775359343505052,0.19983142236672471,-0.9303144834024535
1636731653749,2021-11-12T10:40:53.749,81.89,1.6305637995903703,0.01786628637833409,-0.7647754438718379
1636731653759,2021-11-12T10:40:53.759,81.9,1.497801787780548,-0.23778748470852942,-0.7561245524286548
1636731653769,2021-11-12T10:40:53.769,81.91,1.101310494043505,-0.5286114176237243,-0.7890116281210937
1636731653779,2021-11-12T10:40:53.779,81.92,0.7876450217064541,-0.7910969315576754,-0.7631515775106381
1636731653789,2021-11-12T10:40:53.789,81.93,0.620805996866268,-0.9755660903060681,-0.6951007113480787
1636731653799,2021-11-12T10:40:53.799,81.94,0.5240639659058037,-1.0752309893670482,-0.6377081711000339
1636731653809,2021-11-12T10:40:53.809,81.95,0.4365734285238365,-1.1025741793448638,-0.6042384378291107
1636731653819,2021-11-12T10:40:53.819,81.96,0.31084723567905254,-1.0701741089034233,-0.5641562634949784
1636731653829,2021-11-12T10:40:53.829,81.97,0.12304821102373767,-1.0224931058281121,-0.4570283993295964
1636731653839,2021-11-12T10:40:53.839,81.98,-0.09405532472249485,-1.025012566351739,-0.23463788201752878
1636731653849,2021-11-12T10:40:53.849,81.99,-0.29718341267424175,-1.0904939578500294,0.08510001482300408
1636731653859,2021-11-12T10:40:53.859,82.0,-0.4831469751737073,-1.1685245313545949,0.4391215013113152
1636731653869,2021-11-12T10:40:53.869,82.01,-0.6367771255906,-1.2110778210893478,0.7821881972101052
1636731653879,2021-11-12T10:40:53.879,82.02,-0.6815487895199063,-1.2085985079594128,1.0827722164152955
1636731653889,2021-11-12T10:40:53.889,82.03,-0.5752692574139222,-1.1790942068729773,1.2967734711771963
1636731653899,2021-11-12T10:40:53.899,82.04,-0.4086694297762845,-1.151948524931491,1.4013615210633497
1636731653909,2021-11-12T10:40:53.909,82.05,-0.2822361444598752,-1.143519847917978,1.4177643232657695
1636731653919,2021-11-12T10:40:53.919,82.06,-0.1425887225189465,-1.1265199823676926,1.3738103615259498
1636731653929,2021-11-12T10:40:53.929,82.07,0.07363950089136667,-1.0503678866899981,1.2802780696410743
1636731653939,2021-11-12T10:40:53.939,82.08,0.20979562505836302,-0.9167515844453826,1.1415204039054778
1636731653949,2021-11-12T10:40:53.949,82.09,0.089361832335307,-0.785177948708326,0.9659097100768466
1636731653959,2021-11-12T10:40:53.959,82.1,-0.10235238482310116,-0.6688835467874947,0.7829435001415922
1636731653969,2021-11-12T10:40:53.969,82.11,0.015160585436704295,-0.5028215445041061,0.6385258988700899
1636731653979,2021-11-12T10:40:53.979,82.12,0.48324734002763836,-0.25890894215256666,0.5407640389873196
1636731653989,2021-11-12T10:40:53.989,82.13,0.9609006818459183,9.50551972767541e-05,0.4383739303315757
1636731653999,2021-11-12T10:40:53.999,82.14,1.1608915685995154,0.22038313573918925,0.27444652744193165
1636731654009,2021-11-12T10:40:54.009,82.15,1.040261739442196,0.41052538937318855,0.034076093272177
1636731654019,2021-11-12T10:40:54.019,82.16,0.6913918405773054,0.5746067928374394,-0.2519240251857012
1636731654029,2021-11-12T10:40:54.029,82.17,0.32816520110126657,0.6939821465094554,-0.5288521463742448
1636731654039,2021-11-12T10:40:54.039,82.18,0.2156875284235674,0.7801732278380049,-0.7631899039584765
1636731654049,2021-11-12T10:40:54.049,82.19,0.38074442153252985,0.8610263912846525,-0.9599728700908795
1636731654059,2021-11-12T10:40:54.059,82.2,0.5715457711024627,0.9214809528807777,-1.1301353140585737
1636731654069,2021-11-12T10:40:54.069,82.21,0.6233504098369718,0.9127750991202418,-1.288480718347249
1636731654079,2021-11-12T10:40:54.079,82.22,0.6187048623232145,0.8159868472635478,-1.4733212198719001
1636731654089,2021-11-12T10:40:54.089,82.23,0.6433489549935564,0.6821730118773051,-1.700727299676141
1636731654099,2021-11-12T10:40:54.099,82.24,0.6752033141746989,0.6091777668887148,-1.9237003004465425
1636731654109,2021-11-12T10:40:54.109,82.25,0.7208127150377921,0.6601603761014059,-2.0930371914940826
1636731654119,2021-11-12T10:40:54.119,82.26,0.7874208475166056,0.8056764651207274,-2.2155147084918214
1636731654129,2021-11-12T10:40:54.129,82.27,0.7642162252972196,0.9747510124929302,-2.3056529965106525
1636731654139,2021-11-12T10:40:54.139,82.28,0.5716845806621513,1.1465882717124172,-2.3347347791524538
1636731654149,2021-11-12T10:40:54.149,82.29,0.3437073572053224,1.3489900645519184,-2.281428404527798
1636731654159,2021-11-12T10:40:54.159,82.3,0.26407244503730526,1.5951083861307727,-2.1958918300547863
1636731654169,2021-11-12T10:40:54.169,82.31,0.32668347535674613,1.8727085453598313,-2.1649096537119097
1636731654179,2021-11-12T10:40:54.179,82.32,0.40801075233166195,2.1588176615228116,-2.222811717045793
1636731654189,2021-11-12T10:40:54.189,82.33,0.46250781485625236,2.4035048718083534,-2.3242766951223537
1636731654199,2021-11-12T10:40:54.199,82.34,0.5107921583579679,2.5510821401900854,-2.4221118609985797
1636731654209,2021-11-12T10:40:54.209,82.35,0.5273272808878722,2.6065535676184104,-2.561451915696127
1636731654219,2021-11-12T10:40:54.219,82.36,0.47614436036111213,2.6208152759281296,-2.8146931023342967
1636731654229,2021-11-12T10:40:54.229,82.37,0.41362700023042626,2.5991741271406203,-3.0767152292992863
1636731654239,2021-11-12T10:40:54.239,82.38,0.4440170119908148,2.4962840013335557,-3.091818579246196
1636731654249,2021-11-12T10:40:54.249,82.39,0.592325385509615,2.3050611501631324,-2.845952105792322
1636731654259,2021-11-12T10:40:54.259,82.4,0.7936419284631762,2.076205557004161,-2.7238404841115917
1636731654269,2021-11-12T10:40:54.269,82.41,0.9681821460865041,1.8508999539988946,-3.007182659344793
1636731654279,2021-11-12T10:40:54.279,82.42,1.0643249749885384,1.647874889134465,-3.4225763532004247
1636731654289,2021-11-12T10:40:54.289,82.43,1.1028773994417016,1.510288212257196,-3.5045699814912625
1636731654299,2021-11-12T10:40:54.299,82.44,1.1774596533114559,1.483492483806656,-3.219715888445851
1636731654309,2021-11-12T10:40:54.309,82.45,1.3050225625535137,1.5488297163764677,-2.9241072699666715
1636731654319,2021-11-12T10:40:54.319,82.46,1.3567449326160144,1.6580550345402312,-2.8521783653966875
1636731654329,2021-11-12T10:40:54.329,82.47,1.2713013093298362,1.816032221085521,-2.9077493733256032
1636731654339,2021-11-12T10:40:54.339,82.48,1.1654049038181034,2.0428095542035045,-2.9063819982145866
1636731654349,2021-11-12T10:40:54.349,82.49,1.0661402694436823,2.2776881403577125,-2.862385500116339
1636731654359,2021-11-12T10:40:54.359,82.5,0.7676209898491011,2.4113899357112865,-2.972433464437261
1636731654369,2021-11-12T10:40:54.369,82.51,0.19818134628493683,2.4113241018751097,-3.326165107181695
1636731654379,2021-11-12T10:40:54.379,82.52,-0.26305565115771307,2.3514440808993498,-3.7330694330220227
1636731654389,2021-11-12T10:40:54.389,82.53,-0.17134689454982271,2.3002364593306837,-3.9319312273699634
1636731654399,2021-11-12T10:40:54.399,82.54,0.34162858630300996,2.2229144291035587,-3.889145841105529
1636731654409,2021-11-12T10:40:54.409,82.55,0.668491948698443,2.039475986391122,-3.754426334884524
1636731654419,2021-11-12T10:40:54.419,82.56,0.48612684043007437,1.7455115010698543,-3.6119739452001087
1636731654429,2021-11-12T10:40:54.429,82.57,0.05155919442922202,1.4098275315609174,-3.453616611444957
1636731654439,2021-11-12T10:40:54.439,82.58,-0.27659325832325565,1.0866266561456503,-3.326628414430208
1636731654449,2021-11-12T10:40:54.449,82.59,-0.4172878980714162,0.7990123477114788,-3.3467622545350517
1636731654459,2021-11-12T10:40:54.459,82.6,-0.42739017376533533,0.5661500128770358,-3.615175444584209
1636731654469,2021-11-12T10:40:54.469,82.61,-0.35264215797368215,0.3758451858626445,-4.199572426241618
1636731654479,2021-11-12T10:40:54.479,82.62,-0.3232078279215215,0.16564099152468742,-5.124840275559333
1636731654489,2021-11-12T10:40:54.489,82.63,-0.5567263829268014,-0.1027373742428148,-6.338679913473923
1636731654499,2021-11-12T10:40:54.499,82.64,-1.129785948206703,-0.3702270403760134,-7.711906351453908
1636731654509,2021-11-12T10:40:54.509,82.65,-1.8278381116673277,-0.5531066377635616,-9.058731786660672
1636731654519,2021-11-12T10:40:54.519,82.66,-2.3298911844625505,-0.6888644028838449,-10.173637952852557
1636731654529,2021-11-12T10:40:54.529,82.67,-2.545384442341481,-0.9144889999416141,-10.91923664500418
1636731654539,2021-11-12T10:40:54.539,82.68,-2.667516678443258,-1.2674447644469395,-11.29310761579476
1636731654549,2021-11-12T10:40:54.549,82.69,-2.8522883712581537,-1.6175097838992252,-11.409571284213326
1636731654559,2021-11-12T10:40:54.559,82.7,-3.007964926503914,-1.842156057670921,-11.458621360360983
1636731654569,2021-11-12T10:40:54.569,82.71,-3.0710386820590063,-1.948153067367487,-11.643495083307233
1636731654579,2021-11-12T10:40:54.579,82.72,-3.291874392981001,-1.9740048122105405,-12.042181582128983
1636731654589,2021-11-12T10:40:54.589,82.73,-3.832427997236083,-1.9050618568850366,-12.52348851295778
1636731654599,2021-11-12T10:40:54.599,82.74,-4.22435332377032,-1.7424980903750713,-12.874691448017199
1636731654609,2021-11-12T10:40:54.609,82.75,-3.9104813243962653,-1.5436662476682086,-12.995755712345671
1636731654619,2021-11-12T10:40:54.619,82.76,-3.232848936299491,-1.3330363358826787,-12.928617518999463
1636731654629,2021-11-12T10:40:54.629,82.77,-2.9839886504570594,-1.0506595000327261,-12.758569272897304
1636731654639,2021-11-12T10:40:54.639,82.78,-3.135113945810602,-0.6514016988946032,-12.538264514289246
1636731654649,2021-11-12T10:40:54.649,82.79,-3.0328776712433836,-0.21632791384334832,-12.261965462295507
1636731654659,2021-11-12T10:40:54.659,82.8,-2.5605261807996746,0.10081700422233919,-11.869034577354302
1636731654669,2021-11-12T10:40:54.669,82.81,-2.1162575724688475,0.23240355527458179,-11.286754706058959
1636731654679,2021-11-12T10:40:54.679,82.82,-1.8410106371404842,0.23699141547572247,-10.526198813428937
1636731654689,2021-11-12T10:40:54.689,82.83,-1.6652602756138328,0.18180175473382806,-9.772928233258039
1636731654699,2021-11-12T10:40:54.699,82.84,-1.710916435615126,0.06429086615987306,-9.313811937749357
1636731654709,2021-11-12T10:40:54.709,82.85,-2.0654514528492065,-0.1405183403224178,-9.296249561623165
1636731654719,2021-11-12T10:40:54.719,82.86,-2.4695021668298462,-0.4185682495835945,-9.622582594676961
1636731654729,2021-11-12T10:40:54.729,82.87,-2.635336115829983,-0.7029924615526466,-10.15276127407256
1636731654739,2021-11-12T10:40:54.739,82.88,-2.663822002935847,-0.8959625023107427,-10.912138939569868
1636731654749,2021-11-12T10:40:54.749,82.89,-2.8038324587265966,-0.9475866374668853,-11.938816890854014
1636731654759,2021-11-12T10:40:54.759,82.9,-2.980963711594994,-0.9351035194528942,-12.938310358695349
1636731654769,2021-11-12T10:40:54.769,82.91,-3.0252636365680488,-1.0041550576826554,-13.306267788064254
1636731654779,2021-11-12T10:40:54.779,82.92,-3.1853902024894687,-1.2127745510670913,-12.62588678579888
1636731654789,2021-11-12T10:40:54.789,82.93,-3.674351941384027,-1.4878350467765025,-11.025738833548164
1636731654799,2021-11-12T10:40:54.799,82.94,-3.8874193664523595,-1.725586434762297,-8.99085228661356
1636731654809,2021-11-12T10:40:54.809,82.95,-3.1646848926160693,-1.8546077389087072,-6.982448341790901
1636731654819,2021-11-12T10:40:54.819,82.96,-2.069330628257906,-1.8218303061428949,-5.276559822184055
1636731654829,2021-11-12T10:40:54.829,82.97,-1.5133296513665035,-1.6369493148853742,-3.960210014221059
1636731654839,2021-11-12T10:40:54.839,82.98,-1.137992429426656,-1.4228164624890178,-2.887464884717015
1636731654849,2021-11-12T10:40:54.849,82.99,-0.16267550090939448,-1.312930394200144,-1.6005972552236714
1636731654859,2021-11-12T10:40:54.859,83.0,0.9399418088140363,-1.348791404752029,0.5489295349171875
1636731654869,2021-11-12T10:40:54.869,83.01,1.0942079953758888,-1.565751296724448,3.8740083341373195
1636731654879,2021-11-12T10:40:54.879,83.02,0.07590634866390633,-2.0269072025656256,7.735494346345959
1636731654889,2021-11-12T10:40:54.889,83.03,-1.586758765664237,-2.6285009776943755,10.636632433072652
1636731654899,2021-11-12T10:40:54.899,83.04,-3.178619551286565,-3.028044622445405,11.324021159144163
1636731654909,2021-11-12T10:40:54.909,83.05,-3.8806589182198357,-2.92550366354926,9.906154143976577
1636731654919,2021-11-12T10:40:54.919,83.06,-3.3418901436342052,-2.331893464358007,7.6965893256560465
1636731654929,2021-11-12T10:40:54.929,83.07,-2.2853091455118726,-1.4859005669918202,6.050235911849143
1636731654939,2021-11-12T10:40:54.939,83.08,-1.6323474237051077,-0.6315247609301301,5.704142293735677
1636731654949,2021-11-12T10:40:54.949,83.09,-1.33868536580762,-0.007311948957022002,6.993055223400166
1636731654959,2021-11-12T10:40:54.959,83.1,-1.0400866210072002,0.053271105194681506,9.893909871877138
1636731654969,2021-11-12T10:40:54.969,83.11,-1.101756897104351,-0.7206149780271218,13.682000763117125
1636731654979,2021-11-12T10:40:54.979,83.12,-1.8441875445225495,-2.174422382151476,17.16590235984438
1636731654989,2021-11-12T10:40:54.989,83.13,-2.419900104859925,-3.675185418107076,19.618964168957188
1636731654999,2021-11-12T10:40:54.999,83.14,-1.5613578555205856,-4.569488733253506,21.221999095899513
1636731655009,2021-11-12T10:40:55.009,83.15,0.8217221006503033,-4.688561875071673,22.377510899693817
1636731655019,2021-11-12T10:40:55.019,83.16,3.3122582949818296,-4.364221319502145,22.82546944982556
1636731655029,2021-11-12T10:40:55.029,83.17,4.250521342925074,-3.9884881063895845,21.815939035002163
1636731655039,2021-11-12T10:40:55.039,83.18,3.385491843318192,-3.6648364642789844,19.248419686844883
1636731655049,2021-11-12T10:40:55.049,83.19,2.167852128078727,-3.3226878212917477,16.363298610848503
1636731655059,2021-11-12T10:40:55.059,83.2,2.0745696599966728,-2.9671573643225626,14.932830476389945
1636731655069,2021-11-12T10:40:55.069,83.21,2.97345951937875,-2.617370230705046,15.710651764534557
1636731655079,2021-11-12T10:40:55.079,83.22,3.696802908309916,-2.1738092023673015,17.910044347557346
1636731655089,2021-11-12T10:40:55.089,83.23,3.6609264525991154,-1.5809923174794012,20.12211342005773
1636731655099,2021-11-12T10:40:55.099,83.24,3.1481355131224418,-0.9765748692433914,21.31795462103149
1636731655109,2021-11-12T10:40:55.109,83.25,2.5471341401329437,-0.4982930305410469,21.027899243019725
1636731655119,2021-11-12T10:40:55.119,83.26,1.9729039352330016,-0.10711712771174381,19.204594839487307
1636731655129,2021-11-12T10:40:55.129,83.27,1.336152734382161,0.2314499236190899,16.282831090726
1636731655139,2021-11-12T10:40:55.139,83.28,0.7369730775287432,0.34928607071219375,13.225723839502333
1636731655149,2021-11-12T10:40:55.149,83.29,0.6910992580643893,0.0608492399837443,11.24292992481779
1636731655159,2021-11-12T10:40:55.159,83.3,1.228698530283998,-0.5389666347011486,11.16040884319041
1636731655169,2021-11-12T10:40:55.169,83.31,1.4189278092682582,-1.1649173988877364,12.861053211560211
1636731655179,2021-11-12T10:40:55.179,83.32,1.0101454597922297,-1.6989256037513227,15.46355587159215
1636731655189,2021-11-12T10:40:55.189,83.33,1.2533470787164813,-2.2683169369145806,18.148349390610527
1636731655199,2021-11-12T10:40:55.199,83.34,2.81803479210895,-2.9816918130486387,20.547777561738528
1636731655209,2021-11-12T10:40:55.209,83.35,4.472400210243213,-3.7810772129364016,22.272816115086712
1636731655219,2021-11-12T10:40:55.219,83.36,4.790846528665331,-4.576219723199294,22.679063249216505
1636731655229,2021-11-12T10:40:55.229,83.37,3.779016298490164,-5.349581142157437,21.608927281738318
1636731655239,2021-11-12T10:40:55.239,83.38,2.3536004261707975,-6.032504297204671,19.954346637541764
1636731655249,2021-11-12T10:40:55.249,83.39,1.3174950749088314,-6.339501679155921,18.889149856917744
1636731655259,2021-11-12T10:40:55.259,83.4,1.109050415949884,-5.8606784993083885,18.8118901479706
1636731655269,2021-11-12T10:40:55.269,83.41,1.8791748753301856,-4.458470785193324,19.513010772996243
1636731655279,2021-11-12T10:40:55.279,83.42,3.424751917609009,-2.6016160606510765,20.83917262986214
1636731655289,2021-11-12T10:40:55.289,83.43,4.99577744739914,-1.1762536589240133,22.438948579268125
1636731655299,2021-11-12T10:40:55.299,83.44,5.491603113649582,-0.8191959661637473,23.375082973684016
1636731655309,2021-11-12T10:40:55.309,83.45,4.44587072050766,-1.3968757951387847,22.884206283722087
1636731655319,2021-11-12T10:40:55.319,83.46,2.670250747558905,-2.1537927614859322,21.236550885243037
1636731655329,2021-11-12T10:40:55.329,83.47,1.305084867444858,-2.3490098069343426,19.318348570992175
1636731655339,2021-11-12T10:40:55.339,83.48,0.5877573245175459,-1.739565742533957,17.810115474943863
1636731655349,2021-11-12T10:40:55.349,83.49,0.16534413433331493,-0.5727098032776125,17.08089220534721
1636731655359,2021-11-12T10:40:55.359,83.5,-0.023211294585012525,0.6819611676999799,17.22856736284173
1636731655369,2021-11-12T10:40:55.369,83.51,0.10244706082593764,1.5544534171346185,17.824125057521186
1636731655379,2021-11-12T10:40:55.379,83.52,0.34125200012066736,1.7598650063877885,18.084341085503866
1636731655389,2021-11-12T10:40:55.389,83.53,0.5570779764198099,1.3770348740870921,17.609699174304897
1636731655399,2021-11-12T10:40:55.399,83.54,0.9187138675141073,0.8014587800036025,16.726559122710906
1636731655409,2021-11-12T10:40:55.409,83.55,1.3186607575070588,0.40613049650586724,16.008555551174283
1636731655419,2021-11-12T10:40:55.419,83.56,1.1746141764555693,0.2769380988838672,15.673815276894233
1636731655429,2021-11-12T10:40:55.429,83.57,0.42366937233373986,0.2922909785570065,15.545985629113522
1636731655439,2021-11-12T10:40:55.439,83.58,0.00495242587771641,0.30936027981907155,15.419562836213654
1636731655449,2021-11-12T10:40:55.449,83.59,0.4617661010167835,0.19401442034574456,15.253785453653911
1636731655459,2021-11-12T10:40:55.459,83.6,0.8772600631967431,-0.1672888715509986,15.073320375772926
1636731655469,2021-11-12T10:40:55.469,83.61,0.42077523004244144,-0.7372907387044056,14.900184752537381
1636731655479,2021-11-12T10:40:55.479,83.62,0.04942410294029509,-1.29225114456928,14.773797172668509
1636731655489,2021-11-12T10:40:55.489,83.63,1.10319398802029,-1.6412640428289074,14.683933737867598
1636731655499,2021-11-12T10:40:55.499,83.64,2.9881289417365213,-1.8563701829921144,14.562863197350051
1636731655509,2021-11-12T10:40:55.509,83.65,3.889045922235608,-2.207881489144058,14.46399972480279
1636731655519,2021-11-12T10:40:55.519,83.66,3.205919845116739,-2.8755437857058075,14.578500962642362
1636731655529,2021-11-12T10:40:55.529,83.67,1.9348181794648194,-3.76775901725535,14.944359343428541
1636731655539,2021-11-12T10:40:55.539,83.68,1.1334636667086464,-4.612566254666102,15.317579683056927
1636731655549,2021-11-12T10:40:55.549,83.69,1.0527004724577498,-5.158100364480713,15.400237207389878
1636731655559,2021-11-12T10:40:55.559,83.7,1.4616093234041574,-5.254754795596087,14.978308321027697
1636731655569,2021-11-12T10:40:55.569,83.71,2.1198780514582607,-4.803385942683473,13.823420976835084
1636731655579,2021-11-12T10:40:55.579,83.72,2.9122239119146958,-3.7304158303095236,11.770282711962794
1636731655589,2021-11-12T10:40:55.589,83.73,3.6325028582317915,-2.08245681482134,9.014400133727612
1636731655599,2021-11-12T10:40:55.599,83.74,3.7346838469837715,-0.12341073041868883,6.163370929916496
1636731655609,2021-11-12T10:40:55.609,83.75,2.76786418855696,1.7173928989741611,3.8789978287079228
1636731655619,2021-11-12T10:40:55.619,83.76,1.2466401671842648,3.007199606085966,2.4282121789846416
1636731655629,2021-11-12T10:40:55.629,83.77,0.41818658251144375,3.4641096254925197,1.5324522060041303
1636731655639,2021-11-12T10:40:55.639,83.78,0.6877379804665872,3.0599788992219636,0.6970477903549335
1636731655649,2021-11-12T10:40:55.649,83.79,0.956356687437082,2.0269595971887533,-0.28224232654009845
1636731655659,2021-11-12T10:40:55.659,83.8,0.23831207201770832,0.7459582284254325,-1.2012577615515099
1636731655669,2021-11-12T10:40:55.669,83.81,-0.7725314300051833,-0.40107971781664836,-1.7648649627458832
1636731655679,2021-11-12T10:40:55.679,83.82,-0.787871485110251,-1.1505452865754693,-1.8837803157450563
1636731655689,2021-11-12T10:40:55.689,83.83,0.07816251805411953,-1.431164544527009,-1.711380861480575
1636731655699,2021-11-12T10:40:55.699,83.84,0.6630167935139393,-1.343783113102114,-1.4919478260322014
1636731655709,2021-11-12T10:40:55.709,83.85,0.5708162548036984,-1.0787478638821382,-1.3773918879250708
1636731655719,2021-11-12T10:40:55.719,83.86,0.3795607083912251,-0.8693823393542879,-1.4339380022975132
1636731655729,2021-11-12T10:40:55.729,83.87,0.47497878872699323,-0.9139158786951705,-1.8136061044383298
1636731655739,2021-11-12T10:40:55.739,83.88,0.7510432728838158,-1.1831984597447367,-2.7039132201395257
1636731655749,2021-11-12T10:40:55.749,83.89,1.1333054393984228,-1.338793727072614,-3.998514966711314
1636731655759,2021-11-12T10:40:55.759,83.9,1.5791847782627326,-1.0038417502502468,-5.221965319819463
1636731655769,2021-11-12T10:40:55.769,83.91,1.7823143837325404,-0.16772969852416053,-5.949985636545872
1636731655779,2021-11-12T10:40:55.779,83.92,1.4313562936686623,0.7292004240637253,-6.220123366196749
1636731655789,2021-11-12T10:40:55.789,83.93,0.6254120776147705,1.1363396371771515,-6.466627894463292
1636731655799,2021-11-12T10:40:55.799,83.94,-0.2542113845154782,0.8295124333899463,-7.1079775905915294
1636731655809,2021-11-12T10:40:55.809,83.95,-0.8928918658700942,0.058697675011205486,-8.17208038379106
1636731655819,2021-11-12T10:40:55.819,83.96,-1.0748345633153833,-0.6831706499742481,-9.296929681293882
1636731655829,2021-11-12T10:40:55.829,83.97,-0.6173996646525484,-1.0086669077147352,-10.176003587640947
1636731655839,2021-11-12T10:40:55.839,83.98,0.43167148840717967,-0.8031472739969537,-10.961300845288074
1636731655849,2021-11-12T10:40:55.849,83.99,1.6168838403465224,-0.20282462093369022,-12.058328326342053
1636731655859,2021-11-12T10:40:55.859,84.0,2.3820579637454706,0.47443030505647393,-13.550763063556527
1636731655869,2021-11-12T10:40:55.869,84.01,2.572199803037594,0.8452561605972747,-15.059363836790679
1636731655879,2021-11-12T10:40:55.879,84.02,2.4171222808267783,0.6817540987005495,-16.225024425077063
1636731655889,2021-11-12T10:40:55.889,84.03,2.1292334806106714,0.12730245631458892,-17.08224479079857
1636731655899,2021-11-12T10:40:55.899,84.04,1.822253038227892,-0.31919154775161684,-17.815134369153597
1636731655909,2021-11-12T10:40:55.909,84.05,1.6530201723328846,-0.12175230893573179,-18.379857673720835
1636731655919,2021-11-12T10:40:55.919,84.06,1.658206834407682,0.9056063964515677,-18.5762405724291
1636731655929,2021-11-12T10:40:55.929,84.07,1.5190397600919505,2.49713817352135,-18.376297393971953
1636731655939,2021-11-12T10:40:55.939,84.08,0.7937105067194381,4.218477071132009,-18.037370750584245
1636731655949,2021-11-12T10:40:55.949,84.09,-0.5548430219767511,5.810204332331282,-17.905574362262467
1636731655959,2021-11-12T10:40:55.959,84.1,-2.05001874222957,7.211725582678369,-18.163292317377643
1636731655969,2021-11-12T10:40:55.969,84.11,-3.233889761818883,8.372007574685487,-18.82343341651601
1636731655979,2021-11-12T10:40:55.979,84.12,-4.124290995053952,9.226968243028777,-19.962184314150562
1636731655989,2021-11-12T10:40:55.989,84.13,-4.992549012808168,9.809946414155489,-21.788684700164147
1636731655999,2021-11-12T10:40:55.999,84.14,-5.919499439158148,10.202769042281355,-24.32446890695882
1636731656009,2021-11-12T10:40:56.009,84.15,-6.779399947161811,10.416901407860749,-27.150829745764934
1636731656019,2021-11-12T10:40:56.019,84.16,-7.4759895516217245,10.451586272931898,-29.752113685827418
1636731656029,2021-11-12T10:40:56.029,84.17,-7.999114417383625,10.384063030560394,-32.03720553828456
1636731656039,2021-11-12T10:40:56.039,84.18,-8.349342587525479,10.266666085774709,-34.229263017384376
1636731656049,2021-11-12T10:40:56.049,84.19,-8.490256554397273,10.026786160347276,-36.34951697267745
1636731656059,2021-11-12T10:40:56.059,84.2,-8.290016740814025,9.617102095916112,-38.144922386322285
1636731656069,2021-11-12T10:40:56.069,84.21,-7.581069287527978,9.180148610123373,-39.44246084408264
1636731656079,2021-11-12T10:40:56.079,84.22,-6.4726601065033496,8.90897558721246,-40.30228619104339
1636731656089,2021-11-12T10:40:56.089,84.23,-5.507101329420415,8.819173229164601,-40.899803643292216
1636731656099,2021-11-12T10:40:56.099,84.24,-5.261162553873432,8.799791931011267,-41.44415831013472
1636731656109,2021-11-12T10:40:56.109,84.25,-5.8102474731281095,8.810759499646288,-42.10845554817131
1636731656119,2021-11-12T10:40:56.119,84.26,-6.682563165029319,8.898385510189959,-42.857923639461
1636731656129,2021-11-12T10:40:56.129,84.27,-7.287912561495606,9.07906020989726,-43.401936375788345
1636731656139,2021-11-12T10:40:56.139,84.28,-7.384610275612758,9.30554942673837,-43.429031944398766
1636731656149,2021-11-12T10:40:56.149,84.29,-7.1652611554360375,9.514948065237535,-42.791838022484626
1636731656159,2021-11-12T10:40:56.159,84.3,-6.866798088275706,9.695202043022553,-41.399831115641334
1636731656169,2021-11-12T10:40:56.169,84.31,-6.405497686152386,9.950279989017758,-39.21960392686831
1636731656179,2021-11-12T10:40:56.179,84.32,-5.56718267684187,10.450873710468672,-36.65373835749296
1636731656189,2021-11-12T10:40:56.189,84.33,-4.5094183174787705,11.232859562454147,-34.686709888263806
1636731656199,2021-11-12T10:40:56.199,84.34,-3.893386850758128,12.073888183205804,-34.2120984740116
1636731656209,2021-11-12T10:40:56.209,84.35,-4.3531981239554325,12.65205066503498,-35.14562495452909
1636731656219,2021-11-12T10:40:56.219,84.36,-5.770263257512828,12.84092433079974,-36.42685576815664
1636731656229,2021-11-12T10:40:56.229,84.37,-7.27913078072946,12.793863236718877,-36.92046558477609
1636731656239,2021-11-12T10:40:56.239,84.38,-8.165107395244949,12.709800156126942,-36.16103962429915
1636731656249,2021-11-12T10:40:56.249,84.39,-8.480087753868325,12.616390712049867,-34.33508146934758
1636731656259,2021-11-12T10:40:56.259,84.4,-8.575829297467628,12.480640654316991,-31.874940530357257
1636731656269,2021-11-12T10:40:56.269,84.41,-8.428795387507574,12.387421035775802,-29.100785527164852
1636731656279,2021-11-12T10:40:56.279,84.42,-7.7436694408504385,12.396894364272093,-26.01703077465755
1636731656289,2021-11-12T10:40:56.289,84.43,-6.4699404742557025,12.306700398273676,-22.479642198789158
1636731656299,2021-11-12T10:40:56.299,84.44,-4.990013897072686,11.781613440573102,-18.754609716559045
1636731656309,2021-11-12T10:40:56.309,84.45,-3.8537272436153938,10.717451788053898,-15.705754298066278
1636731656319,2021-11-12T10:40:56.319,84.46,-3.314942547395188,9.31347741191683,-14.054390641578593
1636731656329,2021-11-12T10:40:56.329,84.47,-3.1606804348036897,7.767356897186382,-13.61254370968566
1636731656339,2021-11-12T10:40:56.339,84.48,-3.0716077545500493,6.064400605209704,-13.596964496735762
1636731656349,2021-11-12T10:40:56.349,84.49,-2.872943519981426,4.1627777376531645,-13.433031511847462
1636731656359,2021-11-12T10:40:56.359,84.5,-2.284722970754122,2.237012108961153,-12.880269916507102
1636731656369,2021-11-12T10:40:56.369,84.51,-0.9780187933609981,0.5580445197663196,-11.751549556835213
1636731656379,2021-11-12T10:40:56.379,84.52,0.8102837215672786,-0.7927382616815934,-10.007418982918146
1636731656389,2021-11-12T10:40:56.389,84.53,2.2858669547448156,-1.9271198606253641,-7.8960875669042725
1636731656399,2021-11-12T10:40:56.399,84.54,3.021915459912117,-2.922665743763349,-5.634130103964187
1636731656409,2021-11-12T10:40:56.409,84.55,3.356453947013974,-3.741813640256712,-3.1291681529182056
1636731656419,2021-11-12T10:40:56.419,84.56,3.663823383193664,-4.373402148980937,-0.24320922991513289
1636731656429,2021-11-12T10:40:56.429,84.57,3.7981980778587894,-4.948454848494258,2.8851243625211724
1636731656439,2021-11-12T10:40:56.439,84.58,3.5298079842838854,-5.6643848435237665,5.9737856605383
1636731656449,2021-11-12T10:40:56.449,84.59,3.0338747840184555,-6.61151413088804,8.849100368514225
1636731656459,2021-11-12T10:40:56.459,84.6,2.6276692652962774,-7.692751881284311,11.41324867396866
1636731656469,2021-11-12T10:40:56.469,84.61,2.382760984500372,-8.704515998838477,13.567516602127832
1636731656479,2021-11-12T10:40:56.479,84.62,2.2165850145864696,-9.484010179062626,15.297697344922975
1636731656489,2021-11-12T10:40:56.489,84.63,2.0701089380082918,-9.975518780920346,16.66232767801614
1636731656499,2021-11-12T10:40:56.499,84.64,1.9257466461233803,-10.155413225950365,17.648738243400857
1636731656509,2021-11-12T10:40:56.509,84.65,1.8944785785855038,-9.944559714336478,18.22474148816552
1636731656519,2021-11-12T10:40:56.519,84.66,2.173263848469772,-9.295049216958217,18.513948602186886
1636731656529,2021-11-12T10:40:56.529,84.67,2.7290572274298572,-8.353317012019236,18.71662159756904
1636731656539,2021-11-12T10:40:56.539,84.68,3.286877151294064,-7.392818732807145,18.897559050983503
1636731656549,2021-11-12T10:40:56.549,84.69,3.7394877203096293,-6.56646491272077,19.039209935638052
1636731656559,2021-11-12T10:40:56.559,84.7,4.215992461385198,-5.872635648890862,19.244376752289977
1636731656569,2021-11-12T10:40:56.569,84.71,4.704015478070808,-5.369434538712987,19.687382765366014
1636731656579,2021-11-12T10:40:56.579,84.72,4.984362231401674,-5.249008267947817,20.36795662616013
1636731656589,2021-11-12T10:40:56.589,84.73,5.008111322620341,-5.646263189786574,21.07053415450818
1636731656599,2021-11-12T10:40:56.599,84.74,5.070732818868422,-6.485730777595378,21.61265079098402
1636731656609,2021-11-12T10:40:56.609,84.75,5.490224679774514,-7.57194076589477,22.029744606324304
1636731656619,2021-11-12T10:40:56.619,84.76,6.208351469585095,-8.750730394432566,22.45116940943489
1636731656629,2021-11-12T10:40:56.629,84.77,6.8726452671993545,-9.914590883246458,22.893788133125
1636731656639,2021-11-12T10:40:56.639,84.78,7.324343152955434,-10.918963509421921,23.301160393259735
1636731656649,2021-11-12T10:40:56.649,84.79,7.785560657273173,-11.59910002839849,23.730098731761586
1636731656659,2021-11-12T10:40:56.659,84.8,8.503858244675904,-11.858572925701802,24.35462495142701
1636731656669,2021-11-12T10:40:56.669,84.81,9.457409192224372,-11.681265599814667,25.28107111224338
1636731656679,2021-11-12T10:40:56.679,84.82,10.4522115733929,-11.086335423807693,26.436412399028683
1636731656689,2021-11-12T10:40:56.689,84.83,11.26058423325013,-10.135684470677116,27.609083277346834
1636731656699,2021-11-12T10:40:56.699,84.84,11.664088907310088,-8.959676563269788,28.53244788540927
1636731656709,2021-11-12T10:40:56.709,84.85,11.597533852439284,-7.704705692803179,28.987708639100124
1636731656719,2021-11-12T10:40:56.719,84.86,11.238516514127543,-6.4546209928756415,28.909968508876418
1636731656729,2021-11-12T10:40:56.729,84.87,10.782229467045074,-5.238274527799227,28.33327396127356
1636731656739,2021-11-12T10:40:56.739,84.88,10.180215300405175,-4.0984523815344565,27.19316609809401
1636731656749,2021-11-12T10:40:56.749,84.89,9.250490864203396,-3.126576640297203,25.36492155365054
1636731656759,2021-11-12T10:40:56.759,84.9,7.9828923950420485,-2.436346118235188,22.995256366311168
1636731656769,2021-11-12T10:40:56.769,84.91,6.576583086359717,-2.0958490849146862,20.554816866711686
1636731656779,2021-11-12T10:40:56.779,84.92,5.21093073989085,-2.0723302780918136,18.423676420157754
1636731656789,2021-11-12T10:40:56.789,84.93,3.9400285562299455,-2.2789891509075306,16.66011583795749
1636731656799,2021-11-12T10:40:56.799,84.94,2.7972825968934916,-2.6881571557610906,15.245948485357893
1636731656809,2021-11-12T10:40:56.809,84.95,1.8645148730657235,-3.323352512402657,14.250017625070306
1636731656819,2021-11-12T10:40:56.819,84.96,1.2786603808245127,-4.124253884557069,13.654061007388588
1636731656829,2021-11-12T10:40:56.829,84.97,1.248089055315634,-4.944431156451032,13.275169837212092
1636731656839,2021-11-12T10:40:56.839,84.98,1.870047072142426,-5.7270554840439925,12.930709206174093
1636731656849,2021-11-12T10:40:56.849,84.99,2.793336218414375,-6.554140100097959,12.503309757336941
1636731656859,2021-11-12T10:40:56.859,85.0,3.333838412274962,-7.4847705302716,11.86247373043928
1636731656869,2021-11-12T10:40:56.869,85.01,3.1585492664937096,-8.462875928145415,10.924973870794163
1636731656879,2021-11-12T10:40:56.879,85.02,2.668396023628498,-9.388139209008749,9.826919548601897
1636731656889,2021-11-12T10:40:56.889,85.03,2.541124030889706,-10.168526815603107,8.931821652022116
1636731656899,2021-11-12T10:40:56.899,85.04,3.046124755686704,-10.73183475888115,8.643180705135379
1636731656909,2021-11-12T10:40:56.909,85.05,3.875420742184848,-11.099888443700388,9.206020001072535
1636731656919,2021-11-12T10:40:56.919,85.06,4.487597920596341,-11.429388109634736,10.610899613464964
1636731656929,2021-11-12T10:40:56.929,85.07,4.555054491820142,-11.874391985009478,12.605784430099725
1636731656939,2021-11-12T10:40:56.939,85.08,4.139508541379099,-12.411707202388412,14.782525604011525
1636731656949,2021-11-12T10:40:56.949,85.09,3.4632275230126224,-12.88376899681552,16.70601981701007
1636731656959,2021-11-12T10:40:56.959,85.1,2.601551125597398,-13.194815038018561,18.05271388998494
1636731656969,2021-11-12T10:40:56.969,85.11,1.5040786327906983,-13.366322321694607,18.679889916948113
1636731656979,2021-11-12T10:40:56.979,85.12,0.18556308676382188,-13.422043521753206,18.583853675502553
1636731656989,2021-11-12T10:40:56.989,85.13,-1.2863522658620137,-13.337502151977674,17.84996388982286
1636731656999,2021-11-12T10:40:56.999,85.14,-2.854416643725764,-13.0929805193168,16.67603893714677
1636731657009,2021-11-12T10:40:57.009,85.15,-4.32518171371506,-12.677472258750177,15.361250276169407
1636731657019,2021-11-12T10:40:57.019,85.16,-5.3238260802080974,-12.062202934240933,14.17943500418834
1636731657029,2021-11-12T10:40:57.029,85.17,-5.60920241836266,-11.238685770225606,13.272888071912549
1636731657039,2021-11-12T10:40:57.039,85.18,-5.2990242309622015,-10.243296088407448,12.664360784407386
1636731657049,2021-11-12T10:40:57.049,85.19,-4.673155033103496,-9.10523216692783,12.264233983527475
1636731657059,2021-11-12T10:40:57.059,85.2,-3.962144202049637,-7.819290108358667,11.824104534276724
1636731657069,2021-11-12T10:40:57.069,85.21,-3.3690872713613915,-6.395892659726251,11.003435649914703
1636731657079,2021-11-12T10:40:57.079,85.22,-3.0226806576288356,-4.9066177815587935,9.581081651332894
1636731657089,2021-11-12T10:40:57.089,85.23,-2.877160649091484,-3.464118765903766,7.590880422746973
1636731657099,2021-11-12T10:40:57.099,85.24,-2.8187077514295193,-2.1529789581410292,5.269635313793432
1636731657109,2021-11-12T10:40:57.109,85.25,-2.742289975192187,-0.9754715163874592,2.936362114141659
1636731657119,2021-11-12T10:40:57.119,85.26,-2.4873195900360012,0.10864311172245673,0.8831423542343673
1636731657129,2021-11-12T10:40:57.129,85.27,-2.0254343112858395,1.077066264835606,-0.7356463130031771
1636731657139,2021-11-12T10:40:57.139,85.28,-1.666235634044413,1.841195470762925,-1.9392355544806699
1636731657149,2021-11-12T10:40:57.149,85.29,-1.6442333688473902,2.392025325603054,-2.795944459273187
1636731657159,2021-11-12T10:40:57.159,85.3,-1.646822934394872,2.8773680805412454,-3.284076312584043
1636731657169,2021-11-12T10:40:57.169,85.31,-1.2321041153411705,3.4498868097847226,-3.365166266314259
1636731657179,2021-11-12T10:40:57.179,85.32,-0.5260398645344908,4.092194553509036,-3.1818650830699458
1636731657189,2021-11-12T10:40:57.189,85.33,-0.06919692771843293,4.684049413465351,-3.05973489756278
1636731657199,2021-11-12T10:40:57.199,85.34,-0.16655862923779105,5.189371366566236,-3.2622311451211172
1636731657209,2021-11-12T10:40:57.209,85.35,-0.7207459983798719,5.674283834139715,-3.803927826226941
1636731657219,2021-11-12T10:40:57.219,85.36,-1.5140409297997863,6.174291752608066,-4.525146307074538
1636731657229,2021-11-12T10:40:57.229,85.37,-2.3864810101607237,6.632631049235075,-5.282031715017229
1636731657239,2021-11-12T10:40:57.239,85.38,-3.2293921180920364,6.968608810128441,-6.027069886504762
1636731657249,2021-11-12T10:40:57.249,85.39,-3.962698031422425,7.154911953042663,-6.755150740076257
1636731657259,2021-11-12T10:40:57.259,85.4,-4.531969442960665,7.207047338535906,-7.425699893500338
1636731657269,2021-11-12T10:40:57.269,85.41,-4.892684777286391,7.139376280686613,-7.947953299612474
1636731657279,2021-11-12T10:40:57.279,85.42,-4.972614320746571,6.992976568782391,-8.2404971850849
1636731657289,2021-11-12T10:40:57.289,85.43,-4.702468419516929,6.8702418688105205,-8.294777708587437
1636731657299,2021-11-12T10:40:57.299,85.44,-4.1402746229668494,6.8507342499246136,-8.17016603103406
1636731657309,2021-11-12T10:40:57.309,85.45,-3.4592069810684043,6.903492569801291,-7.948612428452217
1636731657319,2021-11-12T10:40:57.319,85.46,-2.769731736849238,6.970656628866264,-7.721326263917041
1636731657329,2021-11-12T10:40:57.329,85.47,-2.1299005061924214,7.087098999862212,-7.600031451998291
1636731657339,2021-11-12T10:40:57.339,85.48,-1.6975660476321222,7.323194838417787,-7.6751222895316085
1636731657349,2021-11-12T10:40:57.349,85.49,-1.5877118973702498,7.665725631382022,-7.92067734370449
1636731657359,2021-11-12T10:40:57.359,85.5,-1.6342680505617002,8.044900649983532,-8.17913610057085
1636731657369,2021-11-12T10:40:57.369,85.51,-1.585989921809976,8.429089447290362,-8.280202613892142
1636731657379,2021-11-12T10:40:57.379,85.52,-1.4385587049439446,8.81650530190489,-8.1473867476782
1636731657389,2021-11-12T10:40:57.389,85.53,-1.3273575507636965,9.164933014261809,-7.7979225593178825
1636731657399,2021-11-12T10:40:57.399,85.54,-1.263876412314641,9.400411639088254,-7.318704708130632
1636731657409,2021-11-12T10:40:57.409,85.55,-1.1879287299306545,9.510144316839858,-6.836173802781932
1636731657419,2021-11-12T10:40:57.419,85.56,-1.0957355914868618,9.574669946021395,-6.425607815559929
1636731657429,2021-11-12T10:40:57.429,85.57,-1.0035854393954406,9.652028230024115,-6.07622929703727
1636731657439,2021-11-12T10:40:57.439,85.58,-0.9585125198638931,9.670503454939647,-5.820165551812461
1636731657449,2021-11-12T10:40:57.449,85.59,-1.0565450584413452,9.534703942143079,-5.797353743163088
1636731657459,2021-11-12T10:40:57.459,85.6,-1.3008812987596023,9.304419019796114,-6.045496099042744
1636731657469,2021-11-12T10:40:57.469,85.61,-1.5784176030014045,9.11713776787973,-6.32550365044311
1636731657479,2021-11-12T10:40:57.479,85.62,-1.8045664524642286,8.948499591520688,-6.34644195696716
1636731657489,2021-11-12T10:40:57.489,85.63,-1.8719087323572268,8.641676323719377,-6.08386155091038
1636731657499,2021-11-12T10:40:57.499,85.64,-1.666386133070493,8.176770510872439,-5.714776666758858
1636731657509,2021-11-12T10:40:57.509,85.65,-1.4149613905498497,7.709414467724164,-5.365900775714465
1636731657519,2021-11-12T10:40:57.519,85.66,-1.522363348392269,7.3513389806448615,-5.08483522403157
1636731657529,2021-11-12T10:40:57.529,85.67,-1.8039051753683806,7.1047480831940515,-4.9230131990928125
1636731657539,2021-11-12T10:40:57.539,85.68,-1.6210743571840025,6.961042179791173,-4.907471065732998
1636731657549,2021-11-12T10:40:57.549,85.69,-0.9466135799873695,6.871172696727948,-5.015233522994613
1636731657559,2021-11-12T10:40:57.559,85.7,-0.4711412547564067,6.691982664862744,-5.2146611480428895
1636731657569,2021-11-12T10:40:57.569,85.71,-0.5934724150502629,6.3253864115483776,-5.430162766973806
1636731657579,2021-11-12T10:40:57.579,85.72,-1.001890350050665,5.832892470129122,-5.493709875787927
1636731657589,2021-11-12T10:40:57.589,85.73,-1.2219291714369984,5.3251537317068856,-5.30626249672661
1636731657599,2021-11-12T10:40:57.599,85.74,-1.0945664314051347,4.849668899982942,-5.035251058479247
1636731657609,2021-11-12T10:40:57.609,85.75,-0.7507653347886887,4.427494686414294,-4.949557904489054
1636731657619,2021-11-12T10:40:57.619,85.76,-0.3876023312133373,4.063741862188742,-5.082512411245235
1636731657629,2021-11-12T10:40:57.629,85.77,-0.11423935927436435,3.682237044575118,-5.269767071826313
1636731657639,2021-11-12T10:40:57.639,85.78,0.05085835810199486,3.1700492612586926,-5.432951037964039
1636731657649,2021-11-12T10:40:57.649,85.79,0.11583288169146828,2.520522245091223,-5.577297652140484
1636731657659,2021-11-12T10:40:57.659,85.8,0.1121283256795289,1.82864327186446,-5.619179724594337
1636731657669,2021-11-12T10:40:57.669,85.81,0.12251666159271425,1.1313221766098356,-5.460804500848917
1636731657679,2021-11-12T10:40:57.679,85.82,0.24465514924173898,0.37261341962301536,-5.149632573067311
1636731657689,2021-11-12T10:40:57.689,85.83,0.5033892215715959,-0.45109927088906865,-4.802479500609136
1636731657699,2021-11-12T10:40:57.699,85.84,0.8247365081713879,-1.2253792934555607,-4.4565224125210765
1636731657709,2021-11-12T10:40:57.709,85.85,1.1265762298161848,-1.8290043893465149,-4.075359731012462
1636731657719,2021-11-12T10:40:57.719,85.86,1.393340723130244,-2.239126270993963,-3.609861018251304
1636731657729,2021-11-12T10:40:57.729,85.87,1.6248774803831894,-2.5090583385696097,-3.0032944681763087
1636731657739,2021-11-12T10:40:57.739,85.88,1.7959020809140671,-2.687545167240444,-2.197304039248504
1636731657749,2021-11-12T10:40:57.749,85.89,1.904596982223432,-2.780450348764084,-1.1731185109631852
1636731657759,2021-11-12T10:40:57.759,85.9,1.9469127267956328,-2.7740198844189683,-0.0005985249530658654
1636731657769,2021-11-12T10:40:57.769,85.91,1.8323531754335984,-2.6706850582167645,1.1363154858344278
1636731657779,2021-11-12T10:40:57.779,85.92,1.489989903502383,-2.4895773346553316,1.9921222359690582
1636731657789,2021-11-12T10:40:57.789,85.93,1.0707338827032034,-2.2270757095354465,2.393065235932422
1636731657799,2021-11-12T10:40:57.799,85.94,0.8489744040144911,-1.8357467834608223,2.331605126159075
1636731657809,2021-11-12T10:40:57.809,85.95,0.8833775635222632,-1.3037705149463672,1.9301978177713526
1636731657819,2021-11-12T10:40:57.819,85.96,0.9461020593681089,-0.7599308074760078,1.338537883086755
1636731657829,2021-11-12T10:40:57.829,85.97,0.8138386381447531,-0.3927115459505323,0.6676264782416697
1636731657839,2021-11-12T10:40:57.839,85.98,0.4923389706509768,-0.24107445151854834,-0.009090043569872974
1636731657849,2021-11-12T10:40:57.849,85.99,0.15052491902849435,-0.19733861025520766,-0.613201867119579
1636731657859,2021-11-12T10:40:57.859,86.0,-0.08432991243700881,-0.22472244652040615,-1.0529983382753332
1636731657869,2021-11-12T10:40:57.869,86.01,-0.24805009341870404,-0.39452588486476803,-1.2893273815540232
1636731657879,2021-11-12T10:40:57.879,86.02,-0.42584423430351664,-0.6973286966307277,-1.365032073578778
1636731657889,2021-11-12T10:40:57.889,86.03,-0.5482589242330993,-1.0122081312789963,-1.3123453008256436
1636731657899,2021-11-12T10:40:57.899,86.04,-0.4539072409904704,-1.2804764960716772,-1.0814064720050107
1636731657909,2021-11-12T10:40:57.909,86.05,-0.15236319017916247,-1.5341132441544483,-0.6321310419545146
1636731657919,2021-11-12T10:40:57.919,86.06,0.15363504053514326,-1.7422753068910404,-0.05476741641934052
1636731657929,2021-11-12T10:40:57.929,86.07,0.3029935188953584,-1.7904843034856452,0.48812135753978936
1636731657939,2021-11-12T10:40:57.939,86.08,0.28827219063459125,-1.6441109069777156,0.9268076436067945
1636731657949,2021-11-12T10:40:57.949,86.09,0.17831964707252904,-1.4061108940442977,1.3051632259902664
1636731657959,2021-11-12T10:40:57.959,86.1,0.05691572588541189,-1.1608889768135384,1.6398458777652825
1636731657969,2021-11-12T10:40:57.969,86.11,-0.014594277353056838,-0.8727685549080243,1.8678669135445038
1636731657979,2021-11-12T10:40:57.979,86.12,-0.06754629107923314,-0.5183718346946553,1.9639738491294392
1636731657989,2021-11-12T10:40:57.989,86.13,-0.19789084134208595,-0.20476924022843368,2.004635268702856
1636731657999,2021-11-12T10:40:57.999,86.14,-0.4073340994603557,-0.04079517617603942,2.0551221891587783
1636731658009,2021-11-12T10:40:58.009,86.15,-0.5626800687258612,0.0063148193494309965,2.0627926798941476
1636731658019,2021-11-12T10:40:58.019,86.16,-0.5761158705721213,0.00954553710199245,1.9301536921920932
1636731658029,2021-11-12T10:40:58.029,86.17,-0.5251869658109116,-0.05720965218081946,1.6602956891719587
1636731658039,2021-11-12T10:40:58.039,86.18,-0.5246712240445793,-0.24493906605586854,1.3540650539062002
1636731658049,2021-11-12T10:40:58.049,86.19,-0.5658193216635451,-0.5095296814085596,1.0673274042934262
1636731658059,2021-11-12T10:40:58.059,86.2,-0.5452146617786635,-0.7629203979927829,0.7716514214857446
1636731658069,2021-11-12T10:40:58.069,86.21,-0.3977620544287538,-0.9793146296930684,0.48055788952096024
1636731658079,2021-11-12T10:40:58.079,86.22,-0.15579595162521054,-1.1801552181855028,0.2884915186097565
1636731658089,2021-11-12T10:40:58.089,86.23,0.1005789268239917,-1.3531176720947526,0.2399617110225497
1636731658099,2021-11-12T10:40:58.099,86.24,0.3204718863648758,-1.4450779738614667,0.28257443820224915
1636731658109,2021-11-12T10:40:58.109,86.25,0.5011578469019833,-1.426633442058164,0.36985075166934694
1636731658119,2021-11-12T10:40:58.119,86.26,0.654545504085096,-1.3136784186995265,0.49148716675492066
1636731658129,2021-11-12T10:40:58.129,86.27,0.7993001687643964,-1.1158237387335663,0.6173474983952081
1636731658139,2021-11-12T10:40:58.139,86.28,0.9667253239366806,-0.8185800388228074,0.7155460167770393
1636731658149,2021-11-12T10:40:58.149,86.29,1.135238163947356,-0.4471288406705631,0.7866899765635935
1636731658159,2021-11-12T10:40:58.159,86.3,1.1704628241974464,-0.09031816502844048,0.8269601951465704
1636731658169,2021-11-12T10:40:58.169,86.31,0.9220127340361253,0.1808681734933947,0.8378328383603342
1636731658179,2021-11-12T10:40:58.179,86.32,0.3970784736416217,0.36460654968682416,0.8896798943153148
1636731658189,2021-11-12T10:40:58.189,86.33,-0.17465686138131395,0.4816157492195893,1.063492397002881
1636731658199,2021-11-12T10:40:58.199,86.34,-0.4371554045671713,0.5632708779184428,1.3173381229242933
1636731658209,2021-11-12T10:40:58.209,86.35,-0.15935728383789932,0.6942617276412109,1.5128038603511804
1636731658219,2021-11-12T10:40:58.219,86.36,0.5110343387042084,0.956745117742843,1.5713075738706295
1636731658229,2021-11-12T10:40:58.229,86.37,1.1324138341864267,1.3065666149332413,1.5166368696407047
1636731658239,2021-11-12T10:40:58.239,86.38,1.3633432005767103,1.5892295352615307,1.3757759655497532
1636731658249,2021-11-12T10:40:58.249,86.39,1.1603372628419941,1.6938684013860383,1.130897957149068
1636731658259,2021-11-12T10:40:58.259,86.4,0.6556229098821602,1.635967672569975,0.8049423445067239
1636731658269,2021-11-12T10:40:58.269,86.41,0.07381591503716876,1.4972682170571743,0.5255324451736336
1636731658279,2021-11-12T10:40:58.279,86.42,-0.32262531109960735,1.3359333952725128,0.4027186180524177
1636731658289,2021-11-12T10:40:58.289,86.43,-0.4580777475241089,1.1566594351855128,0.36481298042106014
1636731658299,2021-11-12T10:40:58.299,86.44,-0.5192829279371292,0.9349297389374776,0.23618512355838625
1636731658309,2021-11-12T10:40:58.309,86.45,-0.6745857164545367,0.6494929161145488,-0.036650589234677414
1636731658319,2021-11-12T10:40:58.319,86.46,-0.9052090293600217,0.29602306559845537,-0.35483825841637784
1636731658329,2021-11-12T10:40:58.329,86.47,-1.1583423312138015,-0.11534598197160673,-0.6327346178841265
1636731658339,2021-11-12T10:40:58.339,86.48,-1.4088721043692454,-0.5716789462154086,-0.8805061255885676
1636731658349,2021-11-12T10:40:58.349,86.49,-1.55888164845466,-1.0521570644320948,-1.13001236622386
1636731658359,2021-11-12T10:40:58.359,86.5,-1.5206044624909332,-1.502652460489216,-1.3458840724426848
1636731658369,2021-11-12T10:40:58.369,86.51,-1.3838713071369995,-1.8699172037428133,-1.432274834379944
1636731658379,2021-11-12T10:40:58.379,86.52,-1.3110611874985396,-2.186663305201865,-1.3326850763595328
1636731658389,2021-11-12T10:40:58.389,86.53,-1.3093809026271672,-2.528948038808755,-1.1006463479981405
1636731658399,2021-11-12T10:40:58.399,86.54,-1.258272833672144,-2.8574564808615257,-0.8266665166519374
1636731658409,2021-11-12T10:40:58.409,86.55,-1.1227102427709277,-3.0323094140132207,-0.5231603022735485
1636731658419,2021-11-12T10:40:58.419,86.56,-1.0067851634311733,-3.0203117513909623,-0.15152363140477557
1636731658429,2021-11-12T10:40:58.429,86.57,-0.9828539487456445,-2.932646989049817,0.2667531896440572
1636731658439,2021-11-12T10:40:58.439,86.58,-0.9884501941560364,-2.827829181817183,0.6469804318768819
1636731658449,2021-11-12T10:40:58.449,86.59,-0.975263942100775,-2.6487268131524697,0.9314872988706453
1636731658459,2021-11-12T10:40:58.459,86.6,-1.0290583924317556,-2.3765265576245964,1.1250574797849535
1636731658469,2021-11-12T10:40:58.469,86.61,-1.1870158047593122,-2.0749464954770924,1.2664767991980734
1636731658479,2021-11-12T10:40:58.479,86.62,-1.2672962207749836,-1.7703739163605707,1.4082180495207197
1636731658489,2021-11-12T10:40:58.489,86.63,-1.0709371509722274,-1.4404717269555243,1.5909215203999367
1636731658499,2021-11-12T10:40:58.499,86.64,-0.6603898196086149,-1.1189527050307042,1.8007467459936533
1636731658509,2021-11-12T10:40:58.509,86.65,-0.2890514212493908,-0.8858121391575997,1.9820816297543327
1636731658519,2021-11-12T10:40:58.519,86.66,-0.11955881228394846,-0.7600650113517325,2.1176650219216695
1636731658529,2021-11-12T10:40:58.529,86.67,-0.10524271466627755,-0.6912895581253946,2.267041828960001
1636731658539,2021-11-12T10:40:58.539,86.68,-0.10880619856653723,-0.6424659914076438,2.498897887084931
1636731658549,2021-11-12T10:40:58.549,86.69,-0.06081181715828235,-0.6202792686478701,2.794175903966524
1636731658559,2021-11-12T10:40:58.559,86.7,0.02594796680951957,-0.6417150940755062,3.046585034151507
1636731658569,2021-11-12T10:40:58.569,86.71,0.1586877584876673,-0.7034126534661675,3.178161042963674
1636731658579,2021-11-12T10:40:58.579,86.72,0.3972546395688977,-0.7693506391760185,3.2197733470855625
1636731658589,2021-11-12T10:40:58.589,86.73,0.7528422669248398,-0.7913243147288046,3.242372534194123
1636731658599,2021-11-12T10:40:58.599,86.74,1.1182005679925595,-0.7527952535335556,3.2561241287252116
1636731658609,2021-11-12T10:40:58.609,86.75,1.3636466050694263,-0.6688208709283606,3.22406531047805
1636731658619,2021-11-12T10:40:58.619,86.76,1.4759649978970792,-0.5542131313714301,3.1267638663852457
1636731658629,2021-11-12T10:40:58.629,86.77,1.5439686561118364,-0.4299376882913641,2.968803384061526
1636731658639,2021-11-12T10:40:58.639,86.78,1.6279673263958765,-0.32288357385571387,2.763762507506141
1636731658649,2021-11-12T10:40:58.649,86.79,1.711074916079575,-0.2199094023465185,2.5431687227629776
1636731658659,2021-11-12T10:40:58.659,86.8,1.770063784961047,-0.08120375147114783,2.336700313894942
1636731658669,2021-11-12T10:40:58.669,86.81,1.812490186680742,0.07145237425272723,2.121881397489884
1636731658679,2021-11-12T10:40:58.679,86.82,1.8240543424144842,0.15294813292830783,1.8332950632073417
1636731658689,2021-11-12T10:40:58.689,86.83,1.7598641306041483,0.11953159114155985,1.434615496043509
1636731658699,2021-11-12T10:40:58.699,86.84,1.6350329270133863,-0.0006059826236043397,0.9524252341900998
1636731658709,2021-11-12T10:40:58.709,86.85,1.5548496767570894,-0.18404964771995164,0.44647236109554733
1636731658719,2021-11-12T10:40:58.719,86.86,1.5889455705575553,-0.43754181952692756,-0.014266352891194808
1636731658729,2021-11-12T10:40:58.729,86.87,1.6757541395281097,-0.7466523898604822,-0.3594499157351508
1636731658739,2021-11-12T10:40:58.739,86.88,1.7320592361546385,-1.071502522232296,-0.5595187984526792
1636731658749,2021-11-12T10:40:58.749,86.89,1.7831986601822714,-1.3851565444124863,-0.6600875889086084
1636731658759,2021-11-12T10:40:58.759,86.9,1.8649538341215666,-1.6643064396065714,-0.7203818728233273
1636731658769,2021-11-12T10:40:58.769,86.91,1.8811160136409768,-1.875932267954694,-0.7309646409202388
1636731658779,2021-11-12T10:40:58.779,86.92,1.7314520065407584,-2.0098861801538295,-0.6583906921276854
1636731658789,2021-11-12T10:40:58.789,86.93,1.5145438212588136,-2.070985167490632,-0.5449334135795056
1636731658799,2021-11-12T10:40:58.799,86.94,1.4134611844070923,-2.0345969371808343,-0.4811635701959603
1636731658809,2021-11-12T10:40:58.809,86.95,1.4299551139363864,-1.8851702309245926,-0.5033919745219173
1636731658819,2021-11-12T10:40:58.819,86.96,1.4070682836206927,-1.6685597522103497,-0.5872765841922009
1636731658829,2021-11-12T10:40:58.829,86.97,1.2723821413931307,-1.4308009904882706,-0.6968208765063049
1636731658839,2021-11-12T10:40:58.839,86.98,1.1104207490770996,-1.168464052850416,-0.7785994634016057
1636731658849,2021-11-12T10:40:58.849,86.99,1.0161050588634493,-0.8915788103995588,-0.7782402542863873
1636731658859,2021-11-12T10:40:58.859,87.0,0.9849237572441999,-0.6499941232867033,-0.7222496910516583
1636731658869,2021-11-12T10:40:58.869,87.01,0.9626556236208081,-0.4712943290830205,-0.6965042230034806
1636731658879,2021-11-12T10:40:58.879,87.02,0.9260544767485608,-0.34778883461430765,-0.6907729515142853
1636731658889,2021-11-12T10:40:58.889,87.03,0.8552109748288692,-0.28036475256218724,-0.5773075692618482
1636731658899,2021-11-12T10:40:58.899,87.04,0.7269972440331001,-0.2809003172396852,-0.30751733801031567
1636731658909,2021-11-12T10:40:58.909,87.05,0.631404595073257,-0.3550579071794882,-0.012548408395647685
1636731658919,2021-11-12T10:40:58.919,87.06,0.689460285083136,-0.5060248000413524,0.1670330790178945
1636731658929,2021-11-12T10:40:58.929,87.07,0.7737652112560892,-0.707037116815569,0.2630013532916167
1636731658939,2021-11-12T10:40:58.939,87.08,0.6883513187193895,-0.8741317450029479,0.4238057681252057
1636731658949,2021-11-12T10:40:58.949,87.09,0.6286333390832708,-0.942173969516479,0.7283430859806547
1636731658959,2021-11-12T10:40:58.959,87.1,0.9255935746150588,-0.9453855112183721,1.1108236246441445
1636731658969,2021-11-12T10:40:58.969,87.11,1.424176881448091,-0.9448374646292936,1.4517332139851744
1636731658979,2021-11-12T10:40:58.979,87.12,1.657984281393381,-0.9398760109651755,1.6904502336835296
1636731658989,2021-11-12T10:40:58.989,87.13,1.4701986760525916,-0.9249225082772257,1.8440403696990755
1636731658999,2021-11-12T10:40:58.999,87.14,1.084304722038518,-0.9317961957843961,1.9696594384384207
1636731659009,2021-11-12T10:40:59.009,87.15,0.7968337182913122,-0.9495083932186703,2.1325790935288302
1636731659019,2021-11-12T10:40:59.019,87.16,0.7941229880067049,-0.9058898384991677,2.368628422446553
1636731659029,2021-11-12T10:40:59.029,87.17,1.036147856632181,-0.7695168846479471,2.6456343002472194
1636731659039,2021-11-12T10:40:59.039,87.18,1.2552618561232478,-0.59260871453952,2.8882159556891143
1636731659049,2021-11-12T10:40:59.049,87.19,1.2424443284783282,-0.4421043891930051,3.0614406175244344
1636731659059,2021-11-12T10:40:59.059,87.2,1.094067930822378,-0.3336657422044337,3.187267943922323
1636731659069,2021-11-12T10:40:59.069,87.21,1.043944794160733,-0.23514855176741883,3.2623527746074803
1636731659079,2021-11-12T10:40:59.079,87.22,1.165539589453363,-0.11582828611832532,3.235214100380796
1636731659089,2021-11-12T10:40:59.089,87.23,1.3703046384775837,0.021413824208154034,3.091007299453193
1636731659099,2021-11-12T10:40:59.099,87.24,1.5660036803904172,0.1553636365017703,2.8809936269515166
1636731659109,2021-11-12T10:40:59.109,87.25,1.6878328503234132,0.26424972538214664,2.645926637575482
1636731659119,2021-11-12T10:40:59.119,87.26,1.6862103151440593,0.3188840343152141,2.367340158294663
1636731659129,2021-11-12T10:40:59.129,87.27,1.5893911337946252,0.2972391863554036,2.011039335224854
1636731659139,2021-11-12T10:40:59.139,87.28,1.5074605101047482,0.22323451337978156,1.6034976829018222
1636731659149,2021-11-12T10:40:59.149,87.29,1.5142200059590567,0.1509584978172696,1.2576329377078879
1636731659159,2021-11-12T10:40:59.159,87.3,1.5488234950762543,0.09540030205040566,1.0932170302430262
1636731659169,2021-11-12T10:40:59.169,87.31,1.4527005230805026,0.025278105698879824,1.1111869487242203
1636731659179,2021-11-12T10:40:59.179,87.32,1.15728839917687,-0.06467684553568998,1.1693394445612162
1636731659189,2021-11-12T10:40:59.189,87.33,0.8573061847370953,-0.12842492449552617,1.1026814828253626
1636731659199,2021-11-12T10:40:59.199,87.34,0.8321387057793275,-0.12242800812852733,0.8728751628680862
1636731659209,2021-11-12T10:40:59.209,87.35,1.036100894911472,-0.028707586982302236,0.5994498136829307
1636731659219,2021-11-12T10:40:59.219,87.36,1.137639120183223,0.1701797686690522,0.43383863388102173
1636731659229,2021-11-12T10:40:59.229,87.37,1.0210101663988884,0.46718152238243427,0.421428537189
1636731659239,2021-11-12T10:40:59.239,87.38,0.9031286824682738,0.7825693248489007,0.5200281320190888
1636731659249,2021-11-12T10:40:59.249,87.39,0.9229567750851065,1.0208143405380838,0.7130019597333923
1636731659259,2021-11-12T10:40:59.259,87.4,0.9761980664361558,1.1862983404194019,1.0324498427898319
1636731659269,2021-11-12T10:40:59.269,87.41,0.9906848578060817,1.362398366879052,1.47216995816845
1636731659279,2021-11-12T10:40:59.279,87.42,1.062102017407137,1.5717883530809544,1.928407722537416
1636731659289,2021-11-12T10:40:59.289,87.43,1.2235990587902952,1.7547585799314063,2.2548853241946074
1636731659299,2021-11-12T10:40:59.299,87.44,1.270007419660781,1.8800050272527407,2.334138528337424
1636731659309,2021-11-12T10:40:59.309,87.45,1.001013238769752,1.9552097854302692,2.0194661462093815
1636731659319,2021-11-12T10:40:59.319,87.46,0.5811203633984272,1.9520951286145247,1.0710878104885015
1636731659329,2021-11-12T10:40:59.329,87.47,0.3922369550167264,1.8850640680251383,-0.6571086869506771
1636731659339,2021-11-12T10:40:59.339,87.48,0.5395388639931904,1.9317752970589888,-2.939709612071198
1636731659349,2021-11-12T10:40:59.349,87.49,0.8119249440441934,2.2515494358650603,-5.244453567213229
1636731659359,2021-11-12T10:40:59.359,87.5,1.0301243522153731,2.6855820048227037,-7.097973146091653
1636731659369,2021-11-12T10:40:59.369,87.51,1.1059355230744363,2.885658875617333,-8.2842314772378
1636731659379,2021-11-12T10:40:59.379,87.52,1.0061040531111116,2.7611434696402135,-8.743055248330473
1636731659389,2021-11-12T10:40:59.389,87.53,0.8966616740475523,2.5419911183857034,-8.483306968621214
1636731659399,2021-11-12T10:40:59.399,87.54,0.8701969844543402,2.3655468442073286,-7.697220196149237
1636731659409,2021-11-12T10:40:59.409,87.55,0.44780058143875107,2.089546308931967,-6.843773757475742
1636731659419,2021-11-12T10:40:59.419,87.56,-0.9048351235967504,1.6191358794418684,-6.404585205684784
1636731659429,2021-11-12T10:40:59.429,87.57,-2.711254337684777,1.1459019820342338,-6.527472893759112
1636731659439,2021-11-12T10:40:59.439,87.58,-3.881172030948785,0.8916101034217213,-7.085807010516833
1636731659449,2021-11-12T10:40:59.449,87.59,-4.244887297730687,0.8236989432137152,-8.029316365445696
1636731659459,2021-11-12T10:40:59.459,87.6,-4.614572817041634,0.7898587561831691,-9.365798059186712
1636731659469,2021-11-12T10:40:59.469,87.61,-5.256813154241957,0.7700993774691333,-10.858532091158022
1636731659479,2021-11-12T10:40:59.479,87.62,-5.555175365043087,0.8444669743069032,-12.136986164785718
1636731659489,2021-11-12T10:40:59.489,87.63,-5.367170340497836,1.0097258191133014,-13.10061961837415
1636731659499,2021-11-12T10:40:59.499,87.64,-5.421957490715967,1.1485932127206429,-13.862749649087208
1636731659509,2021-11-12T10:40:59.509,87.65,-6.008833491527035,1.1655224747412027,-14.306866846316387
1636731659519,2021-11-12T10:40:59.519,87.66,-6.392019897833141,1.106519912992121,-14.058322936410121
1636731659529,2021-11-12T10:40:59.529,87.67,-5.992698361016876,1.1285981455020937,-13.02130509273885
1636731659539,2021-11-12T10:40:59.539,87.68,-5.284863310708227,1.3503089666131256,-11.709499403026939
1636731659549,2021-11-12T10:40:59.549,87.69,-4.9806677346988275,1.7635833615092134,-10.810298406976191
1636731659559,2021-11-12T10:40:59.559,87.7,-4.928613508900162,2.2898288218688414,-10.490123042219109
1636731659569,2021-11-12T10:40:59.569,87.71,-4.496758198917195,2.830570924509458,-10.381771271912251
1636731659579,2021-11-12T10:40:59.579,87.72,-3.761440356428315,3.2533178287216398,-10.217338070904239
1636731659589,2021-11-12T10:40:59.589,87.73,-3.4823097708088233,3.463319081142468,-10.085830278414704
1636731659599,2021-11-12T10:40:59.599,87.74,-3.8500335017087357,3.508310405515636,-9.966606224224453
1636731659609,2021-11-12T10:40:59.609,87.75,-4.17125580695274,3.48088296392939,-9.431470855630192
1636731659619,2021-11-12T10:40:59.619,87.76,-4.094876709131807,3.3318567578969374,-8.12428952658023
1636731659629,2021-11-12T10:40:59.629,87.77,-4.167920330224861,2.920020788577231,-6.340315964450941
1636731659639,2021-11-12T10:40:59.639,87.78,-4.683314278930432,2.2257393353193295,-4.817151112375761
1636731659649,2021-11-12T10:40:59.649,87.79,-5.074327649684705,1.394991101102324,-3.99283701075977
1636731659659,2021-11-12T10:40:59.659,87.8,-5.073754483375516,0.5935367607299671,-3.7123148041105893
1636731659669,2021-11-12T10:40:59.669,87.81,-5.239458321983833,-0.09208641255729388,-3.606560337972711
1636731659679,2021-11-12T10:40:59.679,87.82,-5.727672489224524,-0.6273953805619733,-3.4475156535349796
1636731659689,2021-11-12T10:40:59.689,87.83,-5.847819530487941,-0.9816447793083319,-3.114942751119951
1636731659699,2021-11-12T10:40:59.699,87.84,-5.2801598989726415,-1.141141121384301,-2.5363202781872993
1636731659709,2021-11-12T10:40:59.709,87.85,-4.59809671863762,-1.150566560232386,-1.8204901153847346
1636731659719,2021-11-12T10:40:59.719,87.86,-4.370076861031044,-1.0823204750933768,-1.2865628631483683
1636731659729,2021-11-12T10:40:59.729,87.87,-4.538011485772086,-0.9555019853044975,-1.1741598072735508
1636731659739,2021-11-12T10:40:59.739,87.88,-4.771546776684961,-0.7652555854671661,-1.3652517007034537
1636731659749,2021-11-12T10:40:59.749,87.89,-5.000466771099048,-0.5994555415836784,-1.5075821593991452
1636731659759,2021-11-12T10:40:59.759,87.9,-5.376074127262725,-0.6099886290676246,-1.3122593885828095
1636731659769,2021-11-12T10:40:59.769,87.91,-5.749120524125716,-0.8420661692190556,-0.6020057791660476
1636731659779,2021-11-12T10:40:59.779,87.92,-5.630815070420896,-1.1947342916925916,0.6953750151880412
1636731659789,2021-11-12T10:40:59.789,87.93,-5.011495433449236,-1.5708949891199078,2.307545655282797
1636731659799,2021-11-12T10:40:59.799,87.94,-4.625757254002659,-1.975207708723807,3.5790250266879955
1636731659809,2021-11-12T10:40:59.809,87.95,-4.862335077984132,-2.437511635639764,4.003924411378683
1636731659819,2021-11-12T10:40:59.819,87.96,-5.212958168699458,-2.925100428768105,3.6746320394811427
1636731659829,2021-11-12T10:40:59.829,87.97,-5.390751679097234,-3.375003021249846,3.095281498974198
1636731659839,2021-11-12T10:40:59.839,87.98,-5.834598943049688,-3.7341094923036007,2.854959970952657
1636731659849,2021-11-12T10:40:59.849,87.99,-6.480521741044704,-3.924347232677976,3.4359776953603407
1636731659859,2021-11-12T10:40:59.859,88.0,-6.478497570181855,-3.8566701745600405,4.765167864818125
1636731659869,2021-11-12T10:40:59.869,88.01,-5.686893252485131,-3.5266251181748407,5.968392034061518
1636731659879,2021-11-12T10:40:59.879,88.02,-4.8846291501098325,-3.034748052106927,6.178008775079952
1636731659889,2021-11-12T10:40:59.889,88.03,-4.2208061086431155,-2.5030907137017664,5.456507476413754
1636731659899,2021-11-12T10:40:59.899,88.04,-3.180898897027689,-2.019578364430062,4.368877798870779
1636731659909,2021-11-12T10:40:59.909,88.05,-2.173300939741451,-1.6429097905842847,3.156470689998069
1636731659919,2021-11-12T10:40:59.919,88.06,-2.3026674256394615,-1.407472850189619,2.1607420067686967
1636731659929,2021-11-12T10:40:59.929,88.07,-3.406255823776773,-1.308751905944066,2.391356734223147
1636731659939,2021-11-12T10:40:59.939,88.08,-3.907863095428759,-1.2975620300012423,4.474082916982319
1636731659949,2021-11-12T10:40:59.949,88.09,-2.8466723312039193,-1.3523308097028357,7.338850239516697
1636731659959,2021-11-12T10:40:59.959,88.1,-0.963413019030624,-1.5875382959932476,8.943852446182598
1636731659969,2021-11-12T10:40:59.969,88.11,0.3675599875642763,-2.126079555806953,8.277869090976724
1636731659979,2021-11-12T10:40:59.979,88.12,0.6576589401572892,-2.704558693396361,6.257131187675342
1636731659989,2021-11-12T10:40:59.989,88.13,0.642117716336137,-2.5881028618041446,4.874431971068395
1636731659999,2021-11-12T10:40:59.999,88.14,1.2738060786923031,-1.199360000447325,5.619945097027751
1636731660009,2021-11-12T10:41:00.009,88.15,2.5112768565516634,1.1294701400433935,8.381855892712593
1636731660019,2021-11-12T10:41:00.019,88.16,3.349418092215304,3.2142068948840445,11.67759406862703
1636731660029,2021-11-12T10:41:00.029,88.17,3.040372868568025,3.9539714456409714,14.048837372068569
1636731660039,2021-11-12T10:41:00.039,88.18,2.0294518034317246,3.2612158663859634,15.249380542785243
1636731660049,2021-11-12T10:41:00.049,88.19,1.7241271683660528,2.0866324273472,16.073421962942362
1636731660059,2021-11-12T10:41:00.059,88.2,3.2986407177799464,1.5056081654374216,17.166167331307015
1636731660069,2021-11-12T10:41:00.069,88.21,6.298404451486293,1.7706538352227774,18.16176148812884
1636731660079,2021-11-12T10:41:00.079,88.22,8.560032072960915,2.2451553027096445,18.101224040473674
1636731660089,2021-11-12T10:41:00.089,88.23,8.265226600108784,2.120825371020951,16.644058761332737
1636731660099,2021-11-12T10:41:00.099,88.24,5.987149142772384,1.0569606037215955,14.502734961287528
1636731660109,2021-11-12T10:41:00.109,88.25,3.938256905045595,-0.7209796508247516,12.477366267956988
1636731660119,2021-11-12T10:41:00.119,88.26,3.459843266296919,-2.6444189266311993,10.470466166269091
1636731660129,2021-11-12T10:41:00.129,88.27,4.107225133830501,-4.114424080128636,7.8309060471892975
1636731660139,2021-11-12T10:41:00.139,88.28,4.882817232565378,-4.807397870410001,4.386262442043728
1636731660149,2021-11-12T10:41:00.149,88.29,5.3954718519774945,-4.769398446687272,0.7759816633618273
1636731660159,2021-11-12T10:41:00.159,88.3,5.747235485832038,-4.239492881698613,-2.10264503622677
1636731660169,2021-11-12T10:41:00.169,88.31,5.947869210556434,-3.444745265274588,-3.7312704669308667
1636731660179,2021-11-12T10:41:00.179,88.32,5.846471107570921,-2.554315333757207,-4.1087392732605
1636731660189,2021-11-12T10:41:00.189,88.33,5.488039168835112,-1.7307144728299786,-3.550025270889924
1636731660199,2021-11-12T10:41:00.199,88.34,5.183458165491075,-1.1118588846974546,-2.6260334821162137
1636731660209,2021-11-12T10:41:00.209,88.35,5.159111211294542,-0.6835289157681488,-2.2191928987873433
1636731660219,2021-11-12T10:41:00.219,88.36,5.310417352062837,-0.2613848480066031,-3.1808075752983793
1636731660229,2021-11-12T10:41:00.229,88.37,5.355893741837491,0.2793005322966098,-5.647418646049717
1636731660239,2021-11-12T10:41:00.239,88.38,5.144337555520288,0.8374209008568612,-8.878869195345915
1636731660249,2021-11-12T10:41:00.249,88.39,4.69649357512502,1.2463573784312199,-11.959640323284795
1636731660259,2021-11-12T10:41:00.259,88.4,3.967074328602368,1.4618601236088051,-14.479753906330444
1636731660269,2021-11-12T10:41:00.269,88.41,2.812028365933286,1.503457742823087,-16.39048722041649
1636731660279,2021-11-12T10:41:00.279,88.42,1.3187028244438612,1.4047403153887994,-17.49392249884631
1636731660289,2021-11-12T10:41:00.289,88.43,-0.004752119184370102,1.3473982935115782,-17.446684005053697
1636731660299,2021-11-12T10:41:00.299,88.44,-0.5214762162533199,1.6587909778878536,-16.281690102327843
1636731660309,2021-11-12T10:41:00.309,88.45,0.01924200875396423,2.495443596571907,-14.684720115814745
1636731660319,2021-11-12T10:41:00.319,88.46,1.2269427072026833,3.61635460572966,-13.53354553790874
1636731660329,2021-11-12T10:41:00.329,88.47,2.3300511561421664,4.584069950306686,-13.170117660679296
1636731660339,2021-11-12T10:41:00.339,88.48,2.7064446801247226,5.0729789885457786,-13.277458934761372
1636731660349,2021-11-12T10:41:00.349,88.49,2.2348980425771607,4.893940992217345,-13.383876631190768
1636731660359,2021-11-12T10:41:00.359,88.5,1.3187284851569037,3.9447877939391534,-13.241713273041661
1636731660369,2021-11-12T10:41:00.369,88.51,0.6290162634599826,2.3616263526127352,-12.8261209913743
1636731660379,2021-11-12T10:41:00.379,88.52,0.6685831883559774,0.6003769410155411,-12.314728860143017
1636731660389,2021-11-12T10:41:00.389,88.53,1.4424182631535594,-0.8291301560773717,-12.082684392654805
1636731660399,2021-11-12T10:41:00.399,88.54,2.477274301710541,-1.6895024714933728,-12.460349054121826
1636731660409,2021-11-12T10:41:00.409,88.55,3.185284977620377,-2.027788829561966,-13.40326163693221
1636731660419,2021-11-12T10:41:00.419,88.56,3.367633404831877,-2.0017833785002703,-14.447047374283875
1636731660429,2021-11-12T10:41:00.429,88.57,3.357859579966353,-1.8282956039112284,-14.98114340245809
1636731660439,2021-11-12T10:41:00.439,88.58,3.513332480300204,-1.7663613330877008,-14.606722238330276
1636731660449,2021-11-12T10:41:00.449,88.59,3.762809686771174,-1.9224493816314867,-13.349506653356078
1636731660459,2021-11-12T10:41:00.459,88.6,3.913233983524739,-2.1035702109830465,-11.548633002004951
1636731660469,2021-11-12T10:41:00.469,88.61,3.95433977963203,-2.0310883949417073,-9.505036722203604
1636731660479,2021-11-12T10:41:00.479,88.62,3.6409844377045295,-1.6855492605372855,-7.308485349794953
1636731660489,2021-11-12T10:41:00.489,88.63,2.540269279165008,-1.3694008012772145,-4.94746733384598
1636731660499,2021-11-12T10:41:00.499,88.64,1.1251129562936117,-1.4840296453841213,-2.2810684778070076
1636731660509,2021-11-12T10:41:00.509,88.65,0.7239367713221169,-2.218118803900295,1.0509415395570467
1636731660519,2021-11-12T10:41:00.519,88.66,1.619640252077465,-3.312522379812915,5.110556894214235
1636731660529,2021-11-12T10:41:00.529,88.67,2.5594023063449343,-4.1682590822387535,8.895783859480368
1636731660539,2021-11-12T10:41:00.539,88.68,2.7431551567855683,-4.317248091616638,10.736242684995744
1636731660549,2021-11-12T10:41:00.549,88.69,2.6316850176313222,-3.7184223587190166,9.851045311456286
1636731660559,2021-11-12T10:41:00.559,88.7,2.4651857886545354,-2.5595610915774323,7.129174744912582
1636731660569,2021-11-12T10:41:00.569,88.71,1.8715492828174178,-1.009332634323157,4.167843193619868
1636731660579,2021-11-12T10:41:00.579,88.72,1.1657967891106769,0.7305534480268586,2.0355777995685598
1636731660589,2021-11-12T10:41:00.589,88.73,1.3177876245210518,2.3796539456442876,1.1448882536959593
1636731660599,2021-11-12T10:41:00.599,88.74,2.4691309872185494,3.745303288033729,1.6170095317474367
1636731660609,2021-11-12T10:41:00.609,88.75,3.6919104158006224,4.804668708563782,3.2503146059126977
1636731660619,2021-11-12T10:41:00.619,88.76,4.17046509464293,5.537125610262103,5.518792057997783
1636731660629,2021-11-12T10:41:00.629,88.77,3.8702792735149583,5.776996426501979,8.008851338156932
1636731660639,2021-11-12T10:41:00.639,88.78,3.2406385159239415,5.32834123432083,10.651678037154696
1636731660649,2021-11-12T10:41:00.649,88.79,2.7318841023877507,4.2063387701169095,13.366745286168356
1636731660659,2021-11-12T10:41:00.659,88.8,2.4863832400875916,2.684709661791132,15.78105071094645
1636731660669,2021-11-12T10:41:00.669,88.81,2.3461529847689695,1.068475438875066,17.544205434299037
1636731660679,2021-11-12T10:41:00.679,88.82,2.1934685882892193,-0.5192565467923191,18.770314260343973
1636731660689,2021-11-12T10:41:00.689,88.83,2.0154572601176612,-2.0854598890909224,19.947725541131845
1636731660699,2021-11-12T10:41:00.699,88.84,1.4709935209805218,-3.6103058183765886,21.44187388417498
1636731660709,2021-11-12T10:41:00.709,88.85,0.10988666343767509,-5.053531830307637,23.239429169256947
1636731660719,2021-11-12T10:41:00.719,88.86,-1.4665955630400929,-6.434260030960795,25.13609777770582
1636731660729,2021-11-12T10:41:00.729,88.87,-1.6797633285598936,-7.759135194032647,26.96145593104105
1636731660739,2021-11-12T10:41:00.739,88.88,-0.060346552932310615,-8.901643883856154,28.58964359073685
1636731660749,2021-11-12T10:41:00.749,88.89,1.6901522068007973,-9.652034470741699,29.898014508165787
1636731660759,2021-11-12T10:41:00.759,88.9,1.587692856726042,-9.852115238617746,30.74614498123285
1636731660769,2021-11-12T10:41:00.769,88.91,-0.25571761804821547,-9.44884170825291,30.933376425283427
1636731660779,2021-11-12T10:41:00.779,88.92,-1.7837383153536286,-8.526600791507676,30.296720106528802
1636731660789,2021-11-12T10:41:00.789,88.93,-1.4490303713132735,-7.3366305714222735,28.94867920946924
1636731660799,2021-11-12T10:41:00.799,88.94,0.11830219581465751,-6.182442794671275,27.26307297988314
1636731660809,2021-11-12T10:41:00.809,88.95,1.3536134444440227,-5.229058053976693,25.53100422042481
1636731660819,2021-11-12T10:41:00.819,88.96,1.8267395950417389,-4.4796192031686894,23.750012963818367
1636731660829,2021-11-12T10:41:00.829,88.97,2.1197728070672177,-3.8825567173937943,21.72609996134754
1636731660839,2021-11-12T10:41:00.839,88.98,2.43047940429349,-3.34608431342911,19.167392669737623
1636731660849,2021-11-12T10:41:00.849,88.99,2.3708892561367145,-2.705265070706892,15.715702578609566
1636731660859,2021-11-12T10:41:00.859,89.0,1.7294564054885964,-1.8245812075523782,11.208139890267299
1636731660869,2021-11-12T10:41:00.869,89.01,0.7105012440029527,-0.7310027332054394,6.010452402798666
1636731660879,2021-11-12T10:41:00.879,89.02,-0.37929625148757595,0.4437576795228378,0.9000686088377681
1636731660889,2021-11-12T10:41:00.889,89.03,-1.316100692749705,1.6056605469900633,-3.415528903118207
1636731660899,2021-11-12T10:41:00.899,89.04,-1.9562100967529328,2.6793509855886004,-6.5293388660217335
1636731660909,2021-11-12T10:41:00.909,89.05,-2.263067593233064,3.520337081397832,-8.230646791097694
1636731660919,2021-11-12T10:41:00.919,89.06,-2.3506167576737664,3.984960682994127,-8.538426948342218
1636731660929,2021-11-12T10:41:00.929,89.07,-2.4191517635631565,4.04378159350607,-7.883473438767198
1636731660939,2021-11-12T10:41:00.939,89.08,-2.5861219785251217,3.7443026789647402,-6.959986676965851
1636731660949,2021-11-12T10:41:00.949,89.09,-2.820233310866857,3.1506512481764872,-6.2858152010239445
1636731660959,2021-11-12T10:41:00.959,89.1,-3.0704524058470595,2.373255749334317,-6.022446617856938
1636731660969,2021-11-12T10:41:00.969,89.11,-3.325626119536623,1.543463346545419,-6.143382145274108
1636731660979,2021-11-12T10:41:00.979,89.12,-3.5023039704366,0.7206410817946904,-6.577045147022918
1636731660989,2021-11-12T10:41:00.989,89.13,-3.4669824545243557,-0.09324874348282143,-7.215891426431957
1636731660999,2021-11-12T10:41:00.999,89.14,-3.2393984446664206,-0.8671238284944655,-7.932780214250872
1636731661009,2021-11-12T10:41:01.009,89.15,-3.0196371476718973,-1.552085876408861,-8.607765878111323
1636731661019,2021-11-12T10:41:01.019,89.16,-2.9689230161531306,-2.142367394561755,-9.08877947485925
1636731661029,2021-11-12T10:41:01.029,89.17,-3.050048079702914,-2.642569963981418,-9.140510951688988
1636731661039,2021-11-12T10:41:01.039,89.18,-3.076655405198545,-2.9883949861840318,-8.521926206539607
1636731661049,2021-11-12T10:41:01.049,89.19,-2.8617283242275158,-3.058420289707379,-7.184682623916579
1636731661059,2021-11-12T10:41:01.059,89.2,-2.33525186491207,-2.775157207230081,-5.394646113220906
1636731661069,2021-11-12T10:41:01.069,89.21,-1.5547638713596692,-2.1656901341952293,-3.6462234488736707
1636731661079,2021-11-12T10:41:01.079,89.22,-0.6285535387129684,-1.3054405447663404,-2.425736091575534
1636731661089,2021-11-12T10:41:01.089,89.23,0.3166173056690026,-0.24342145678327506,-1.9760333861936763
1636731661099,2021-11-12T10:41:01.099,89.24,1.09910143937013,0.964558013195996,-2.2481732053148846
1636731661109,2021-11-12T10:41:01.109,89.25,1.558767409515191,2.2022699174841263,-3.0634709564436142
1636731661119,2021-11-12T10:41:01.119,89.26,1.756258131284674,3.3606049376796645,-4.246279497633862
1636731661129,2021-11-12T10:41:01.129,89.27,1.957168771133245,4.4120055869482435,-5.614471577842902
1636731661139,2021-11-12T10:41:01.139,89.28,2.3309200408120856,5.351185598895169,-6.995472666997612
1636731661149,2021-11-12T10:41:01.149,89.29,2.8459431813771685,6.146356017569303,-8.279819788485245
1636731661159,2021-11-12T10:41:01.159,89.3,3.508881975645396,6.801451548973107,-9.370215887049369
1636731661169,2021-11-12T10:41:01.169,89.31,4.417950292679255,7.344666769991612,-10.13562583745288
1636731661179,2021-11-12T10:41:01.179,89.32,5.495317414462411,7.707416649232904,-10.49693729832157
1636731661189,2021-11-12T10:41:01.189,89.33,6.437266270602769,7.746989390781109,-10.478096397503023
1636731661199,2021-11-12T10:41:01.199,89.34,6.990052846862511,7.437626826484547,-10.15059845251694
1636731661209,2021-11-12T10:41:01.209,89.35,7.10509032552236,6.933446378856493,-9.621337961491689
1636731661219,2021-11-12T10:41:01.219,89.36,6.901883400746909,6.4088963275956745,-9.018553067369423
1636731661229,2021-11-12T10:41:01.229,89.37,6.620599956698804,5.9185017915280085,-8.370780298336982
1636731661239,2021-11-12T10:41:01.239,89.38,6.446760750699147,5.436368822131752,-7.587500399967286
1636731661249,2021-11-12T10:41:01.249,89.39,6.30355475691465,4.961443628953353,-6.630010576148212
1636731661259,2021-11-12T10:41:01.259,89.4,6.02867747194155,4.543817762034879,-5.543327206159006
1636731661269,2021-11-12T10:41:01.269,89.41,5.7061699363564555,4.238283227552682,-4.290495375552021
1636731661279,2021-11-12T10:41:01.279,89.42,5.543148398482925,4.059172952169922,-2.792168369546873
1636731661289,2021-11-12T10:41:01.289,89.43,5.546546807710269,3.9868622885312264,-1.1848007611029017
1636731661299,2021-11-12T10:41:01.299,89.44,5.567259678875562,4.015303343852013,0.17279582152523226
1636731661309,2021-11-12T10:41:01.309,89.45,5.433719756024309,4.144620429252008,1.0009042654147644
1636731661319,2021-11-12T10:41:01.319,89.46,4.885159395018176,4.292267150443721,1.2664503672547658
1636731661329,2021-11-12T10:41:01.329,89.47,3.7396537889813857,4.299445981714289,1.0694145796282395
1636731661339,2021-11-12T10:41:01.339,89.48,2.27153314918763,4.107468550218165,0.5295096835323054
1636731661349,2021-11-12T10:41:01.349,89.49,1.0561073878535485,3.832728856631741,-0.19474160505384447
1636731661359,2021-11-12T10:41:01.359,89.5,0.35859869843699477,3.5798173227252836,-0.9082276328999044
1636731661369,2021-11-12T10:41:01.369,89.51,-0.024592127407002458,3.2917263740861955,-1.4606934772504339
1636731661379,2021-11-12T10:41:01.379,89.52,-0.37381189194613695,2.866504372120239,-1.7852889147907982
1636731661389,2021-11-12T10:41:01.389,89.53,-0.8101273417890573,2.304030369227967,-1.8585022105731155
1636731661399,2021-11-12T10:41:01.399,89.54,-1.3499745605029245,1.6724756755729713,-1.677369931936966
1636731661409,2021-11-12T10:41:01.409,89.55,-1.895409391199411,1.0485502205019102,-1.2882184116419673
1636731661419,2021-11-12T10:41:01.419,89.56,-2.2696151281207655,0.5372498814423599,-0.8039204327078979
1636731661429,2021-11-12T10:41:01.429,89.57,-2.4745074171267745,0.23449602510569137,-0.37286751488467185
1636731661439,2021-11-12T10:41:01.439,89.58,-2.7415603144482885,0.13597654651048177,-0.11603120731879779
1636731661449,2021-11-12T10:41:01.449,89.59,-3.158879703832715,0.1695947590142533,-0.06424446461956161
1636731661459,2021-11-12T10:41:01.459,89.6,-3.487925762929445,0.3010295532017135,-0.15309433162186087
1636731661469,2021-11-12T10:41:01.469,89.61,-3.5191297758489677,0.525225797783878,-0.29628818387155553
1636731661479,2021-11-12T10:41:01.479,89.62,-3.367475916025925,0.8079504690175676,-0.4499706610140848
1636731661489,2021-11-12T10:41:01.489,89.63,-3.262403371725889,1.1049856988420823,-0.5993067101653842
1636731661499,2021-11-12T10:41:01.499,89.64,-3.2653061581691865,1.3770497027203241,-0.7266462271267036
1636731661509,2021-11-12T10:41:01.509,89.65,-3.3249358622286387,1.5703550066658227,-0.8182107838751671
1636731661519,2021-11-12T10:41:01.519,89.66,-3.4151267064600557,1.662868024766617,-0.8752414667393253
1636731661529,2021-11-12T10:41:01.529,89.67,-3.505025467851647,1.711485326321009,-0.9039209597750211
1636731661539,2021-11-12T10:41:01.539,89.68,-3.54579017764292,1.7751688465371784,-0.9119419732786389
1636731661549,2021-11-12T10:41:01.549,89.69,-3.5435836721919265,1.8225388830895253,-0.9199261356063688
1636731661559,2021-11-12T10:41:01.559,89.7,-3.522178728786203,1.7810757818353253,-0.9477320441728281
1636731661569,2021-11-12T10:41:01.569,89.71,-3.441865091031101,1.6523540536383612,-0.960368657727562
1636731661579,2021-11-12T10:41:01.579,89.72,-3.2812948171849587,1.520741455340647,-0.851275378602214
1636731661589,2021-11-12T10:41:01.589,89.73,-3.111696286600572,1.4503403850433867,-0.5474191995650659
1636731661599,2021-11-12T10:41:01.599,89.74,-2.9865560328632315,1.4282502731958162,-0.14632461816237144
1636731661609,2021-11-12T10:41:01.609,89.75,-2.87908520018807,1.4385403052633237,0.12973536135791996
1636731661619,2021-11-12T10:41:01.619,89.76,-2.779811091436322,1.5376845345416306,0.16787681199484328
1636731661629,2021-11-12T10:41:01.629,89.77,-2.7311454432755813,1.7892798552973992,0.08224745793512171
1636731661639,2021-11-12T10:41:01.639,89.78,-2.756817645012208,2.1532196628573432,0.03141904253147492
1636731661649,2021-11-12T10:41:01.649,89.79,-2.840911658053594,2.515406984991347,0.0013992535370048109
1636731661659,2021-11-12T10:41:01.659,89.8,-2.970390634287408,2.820388224339151,-0.12736742024795433
1636731661669,2021-11-12T10:41:01.669,89.81,-3.1620089130255984,3.101449885666002,-0.3708682221413282
1636731661679,2021-11-12T10:41:01.679,89.82,-3.4300520049765524,3.370772189886007,-0.6373339640285294
1636731661689,2021-11-12T10:41:01.689,89.83,-3.747337954926944,3.5572257036929074,-0.9025555923944948
1636731661699,2021-11-12T10:41:01.699,89.84,-4.094052635031731,3.584910743893774,-1.2503362844644057
1636731661709,2021-11-12T10:41:01.709,89.85,-4.49226959605697,3.4473953519312817,-1.71980642662609
1636731661719,2021-11-12T10:41:01.719,89.86,-4.896640262521198,3.1694407084248617,-2.2213523978833303
1636731661729,2021-11-12T10:41:01.729,89.87,-5.156669701382839,2.7546524448360006,-2.646330225531155
1636731661739,2021-11-12T10:41:01.739,89.88,-5.220676289734494,2.203475966105278,-2.9976820362670282
1636731661749,2021-11-12T10:41:01.749,89.89,-5.245730290605,1.5383993198286876,-3.383672511723903
1636731661759,2021-11-12T10:41:01.759,89.9,-5.345341146225112,0.7975483793096172,-3.905642577837535
1636731661769,2021-11-12T10:41:01.769,89.91,-5.36931620135057,0.02495494458340089,-4.542796485963962
1636731661779,2021-11-12T10:41:01.779,89.92,-5.1521788541045295,-0.7636318078898592,-5.139988599760061
1636731661789,2021-11-12T10:41:01.789,89.93,-4.8656824872348015,-1.6139275259570305,-5.537835603676951
1636731661799,2021-11-12T10:41:01.799,89.94,-4.822430697136797,-2.5625903637405076,-5.699238509127326
1636731661809,2021-11-12T10:41:01.809,89.95,-4.954320573571885,-3.535717910253056,-5.666810441648346
1636731661819,2021-11-12T10:41:01.819,89.96,-4.813201734516785,-4.393933850113721,-5.455465351702516
1636731661829,2021-11-12T10:41:01.829,89.97,-4.15750636972238,-5.052929438917915,-5.080310376008766
1636731661839,2021-11-12T10:41:01.839,89.98,-3.2674846159337863,-5.500414870722686,-4.647337509368562
1636731661849,2021-11-12T10:41:01.849,89.99,-2.5832848648261453,-5.751339277231802,-4.314063199777061
1636731661859,2021-11-12T10:41:01.859,90.0,-2.2554461672076034,-5.838122376125199,-4.1585485590954505
1636731661869,2021-11-12T10:41:01.869,90.01,-2.1736207185239604,-5.794994851119502,-4.1154348998265196
1636731661879,2021-11-12T10:41:01.879,90.02,-2.232736998011407,-5.630512129721229,-4.021454646639742
1636731661889,2021-11-12T10:41:01.889,90.03,-2.3620640535481585,-5.354965398644984,-3.732250495814478
1636731661899,2021-11-12T10:41:01.899,90.04,-2.413925710762541,-5.021555334699772,-3.2171993794609186
1636731661909,2021-11-12T10:41:01.909,90.05,-2.271947893394082,-4.690855460129507,-2.5241871627727246
1636731661919,2021-11-12T10:41:01.919,90.06,-2.044618288585521,-4.368045560889025,-1.682016033227287
1636731661929,2021-11-12T10:41:01.929,90.07,-1.9500514955498487,-4.019415866352372,-0.7022369607664372
1636731661939,2021-11-12T10:41:01.939,90.08,-2.0152634262698568,-3.644552602556276,0.35176065533076484
1636731661949,2021-11-12T10:41:01.949,90.09,-2.0699122294933776,-3.301437130390646,1.359258902945772
1636731661959,2021-11-12T10:41:01.959,90.1,-2.0297774861124473,-3.0555327918588433,2.1943208418575604
1636731661969,2021-11-12T10:41:01.969,90.11,-1.984964661419499,-2.916831358657885,2.7812959516611833
1636731661979,2021-11-12T10:41:01.979,90.12,-1.9833947401082297,-2.841723033279806,3.1362609129882886
1636731661989,2021-11-12T10:41:01.989,90.13,-1.9280433982525338,-2.794175698025657,3.3397567005648074
1636731661999,2021-11-12T10:41:01.999,90.14,-1.7564446655977632,-2.774866610445681,3.4362004828969677
1636731662009,2021-11-12T10:41:02.009,90.15,-1.5756714411854904,-2.784631858806578,3.3979206610532495
1636731662019,2021-11-12T10:41:02.019,90.16,-1.532266642971917,-2.8047614456708345,3.2282932634810306
1636731662029,2021-11-12T10:41:02.029,90.17,-1.6035811653187868,-2.8309672910274797,3.042502081984132
1636731662039,2021-11-12T10:41:02.039,90.18,-1.5947563799661442,-2.878955223967801,2.9649354710822458
1636731662049,2021-11-12T10:41:02.049,90.19,-1.389223996239766,-2.941793485400057,2.9703059606795343
1636731662059,2021-11-12T10:41:02.059,90.2,-1.150423417860794,-2.999183535520876,2.8970184499855858
1636731662069,2021-11-12T10:41:02.069,90.21,-1.121955064795637,-3.0701176592980577,2.610393538372618
1636731662079,2021-11-12T10:41:02.079,90.22,-1.239643509241939,-3.177362811482798,2.1188513663175597
1636731662089,2021-11-12T10:41:02.089,90.23,-1.1748109750139515,-3.271698841582374,1.5389667964659393
1636731662099,2021-11-12T10:41:02.099,90.24,-0.7893534320486999,-3.2886033761884508,0.9593016915972226
1636731662109,2021-11-12T10:41:02.109,90.25,-0.29451610088619595,-3.2617629775263204,0.37061756757883013
1636731662119,2021-11-12T10:41:02.119,90.26,0.07672513983437823,-3.2858726118410373,-0.23500311347717195
1636731662129,2021-11-12T10:41:02.129,90.27,0.31431563936265083,-3.3863659356169693,-0.7613466078855393
1636731662139,2021-11-12T10:41:02.139,90.28,0.5141130921887009,-3.49976988451993,-1.080739129493175
1636731662149,2021-11-12T10:41:02.149,90.29,0.7307312724552972,-3.562147595274869,-1.1558901811155682
1636731662159,2021-11-12T10:41:02.159,90.3,1.0016809751975657,-3.556046521888754,-1.0290758412456866
1636731662169,2021-11-12T10:41:02.169,90.31,1.3591009752060916,-3.4819258718386656,-0.7442582591772674
1636731662179,2021-11-12T10:41:02.179,90.32,1.7631888755391234,-3.3362180818632767,-0.3396952165045085
1636731662189,2021-11-12T10:41:02.189,90.33,2.125695457626894,-3.1148968583080627,0.10553705261298432
1636731662199,2021-11-12T10:41:02.199,90.34,2.411625065154402,-2.80265972294582,0.4721152110480623
1636731662209,2021-11-12T10:41:02.209,90.35,2.63045013575033,-2.3844702182754185,0.6732755441981978
1636731662219,2021-11-12T10:41:02.219,90.36,2.755403486282691,-1.901741447426875,0.7172888961444422
1636731662229,2021-11-12T10:41:02.229,90.37,2.7560562351541646,-1.4404803424524695,0.6871591207436143
1636731662239,2021-11-12T10:41:02.239,90.38,2.6759021398130347,-1.0362008815787804,0.6735815559945645
1636731662249,2021-11-12T10:41:02.249,90.39,2.5765856874977673,-0.669597625097685,0.7316742201033171
1636731662259,2021-11-12T10:41:02.259,90.4,2.4495389700408077,-0.3494550693285558,0.8710069180644785
1636731662269,2021-11-12T10:41:02.269,90.41,2.2746392361523933,-0.10044006598569022,1.0616708277810614
1636731662279,2021-11-12T10:41:02.279,90.42,2.1050882884983158,0.08710696197453341,1.2530008927777252
1636731662289,2021-11-12T10:41:02.289,90.43,1.9901381996375012,0.20258899075696252,1.401580473717889
1636731662299,2021-11-12T10:41:02.299,90.44,1.861733108529599,0.18371483402986635,1.5071648157083035
1636731662309,2021-11-12T10:41:02.309,90.45,1.6096959365451913,0.006796590913815823,1.6355079778426789
1636731662319,2021-11-12T10:41:02.319,90.46,1.2617833419118316,-0.2577384025190236,1.8696649404204027
1636731662329,2021-11-12T10:41:02.329,90.47,0.994017884192569,-0.5050027842868005,2.2068325034711602
1636731662339,2021-11-12T10:41:02.339,90.48,0.9369634334535489,-0.675291112926801,2.5394916092183584
1636731662349,2021-11-12T10:41:02.349,90.49,1.044376726977879,-0.7874380940324324,2.757277424340584
1636731662359,2021-11-12T10:41:02.359,90.5,1.1852992827242832,-0.9006377698699064,2.8217674652374347
1636731662369,2021-11-12T10:41:02.369,90.51,1.2916084136870651,-1.0277939489643884,2.7530978552726655
1636731662379,2021-11-12T10:41:02.379,90.52,1.3769843678968894,-1.1135437618744244,2.6125509107609446
1636731662389,2021-11-12T10:41:02.389,90.53,1.4688855141337478,-1.1078213520055047,2.4815222262318692
1636731662399,2021-11-12T10:41:02.399,90.54,1.546767947524863,-1.012892533380085,2.3941124959462745
1636731662409,2021-11-12T10:41:02.409,90.55,1.5446334105657544,-0.843855866917532,2.299208050954856
1636731662419,2021-11-12T10:41:02.419,90.56,1.4443314288350586,-0.5884441300791512,2.1245691403707467
1636731662429,2021-11-12T10:41:02.429,90.57,1.3258744421833417,-0.23386561909131692,1.8772537722949711
1636731662439,2021-11-12T10:41:02.439,90.58,1.266933657905958,0.19104174360602055,1.6559779306878502
1636731662449,2021-11-12T10:41:02.449,90.59,1.2688045703033197,0.6360759282050927,1.5389159216854145
1636731662459,2021-11-12T10:41:02.459,90.6,1.3242573539080364,1.085582596660298,1.4837761540756729
1636731662469,2021-11-12T10:41:02.469,90.61,1.4291260374011896,1.5620054969147705,1.3935005845782407
1636731662479,2021-11-12T10:41:02.479,90.62,1.4831082450129474,2.0726193537800093,1.244364115607879
1636731662489,2021-11-12T10:41:02.489,90.63,1.350810243232743,2.574589984972352,1.0669179309771109
1636731662499,2021-11-12T10:41:02.499,90.64,1.0921405115161376,2.9997438285128344,0.8547274995487241
1636731662509,2021-11-12T10:41:02.509,90.65,0.9219564623128634,3.3057638032903656,0.6016645956148423
1636731662519,2021-11-12T10:41:02.519,90.66,0.8492555812382885,3.4884638410862356,0.3673034097283575
1636731662529,2021-11-12T10:41:02.529,90.67,0.6689514895689344,3.5434200382372545,0.18332579083313355
1636731662539,2021-11-12T10:41:02.539,90.68,0.42872880045063544,3.4484840226663085,-0.03458890518668338
1636731662549,2021-11-12T10:41:02.549,90.69,0.42119236897197576,3.2101667485028544,-0.3441647420267033
1636731662559,2021-11-12T10:41:02.559,90.7,0.5812316696807827,2.9057672417817884,-0.6119360967457467
1636731662569,2021-11-12T10:41:02.569,90.71,0.5508640977629123,2.6389014437686673,-0.6550084496244569
1636731662579,2021-11-12T10:41:02.579,90.72,0.4249468548394446,2.4385051347531546,-0.5122837414611711
1636731662589,2021-11-12T10:41:02.589,90.73,0.6402404282209938,2.225792508705993,-0.40323207990117216
1636731662599,2021-11-12T10:41:02.599,90.74,1.1138421367423395,1.9170132164043197,-0.4334109202123614
1636731662609,2021-11-12T10:41:02.609,90.75,1.2889224539330708,1.5497157572558182,-0.508281178205341
1636731662619,2021-11-12T10:41:02.619,90.76,1.0011961826192182,1.2462272746098222,-0.5278918621139697
1636731662629,2021-11-12T10:41:02.629,90.77,0.642100066833799,1.0414868649166709,-0.5108063079878409
1636731662639,2021-11-12T10:41:02.639,90.78,0.5209544074406207,0.8449075913173278,-0.5093728185419365
1636731662649,2021-11-12T10:41:02.649,90.79,0.5583264803234864,0.619237377835892,-0.5112934856994884
1636731662659,2021-11-12T10:41:02.659,90.8,0.5736718027997189,0.467636736971514,-0.4738595383482671
1636731662669,2021-11-12T10:41:02.669,90.81,0.5185449589774672,0.45790845574636974,-0.414564852997053
1636731662679,2021-11-12T10:41:02.679,90.82,0.4042045095522169,0.4942888695236902,-0.4058825123725831
1636731662689,2021-11-12T10:41:02.689,90.83,0.2210610509383215,0.4571579196025863,-0.4755181151019934
1636731662699,2021-11-12T10:41:02.699,90.84,-0.017145419648698354,0.34882628697977336,-0.5694291636887951
1636731662709,2021-11-12T10:41:02.709,90.85,-0.24700235431716533,0.22413731694859668,-0.6224332735218622
1636731662719,2021-11-12T10:41:02.719,90.86,-0.4023517345807786,0.07399962676598018,-0.6009457257929158
1636731662729,2021-11-12T10:41:02.729,90.87,-0.4535290306518977,-0.153463012597953,-0.4684707120319963
1636731662739,2021-11-12T10:41:02.739,90.88,-0.41489934957897523,-0.46465754396573056,-0.18911360256655171
1636731662749,2021-11-12T10:41:02.749,90.89,-0.3549436397973817,-0.8154644292859916,0.2034548144426623
1636731662759,2021-11-12T10:41:02.759,90.9,-0.3609221606568691,-1.1819670116939345,0.6097900760675476
1636731662769,2021-11-12T10:41:02.769,90.91,-0.41978994957012594,-1.560108732076635,0.9758431155569436
1636731662779,2021-11-12T10:41:02.779,90.92,-0.389308516360791,-1.8877605121264627,1.3418212152457043
1636731662789,2021-11-12T10:41:02.789,90.93,-0.208030820594,-2.075121029123598,1.7458139039911524
1636731662799,2021-11-12T10:41:02.799,90.94,-0.0617918197901354,-2.138423062712124,2.1323454246166316
1636731662809,2021-11-12T10:41:02.809,90.95,-0.14739380026799836,-2.1819720734519814,2.3975046692332254
1636731662819,2021-11-12T10:41:02.819,90.96,-0.3259392094867628,-2.2259837743819144,2.5000529402322935
1636731662829,2021-11-12T10:41:02.829,90.97,-0.26547377453989307,-2.17813992845075,2.499203282066254
1636731662839,2021-11-12T10:41:02.839,90.98,0.08596201136979548,-1.984576084273489,2.4865321149168307
1636731662849,2021-11-12T10:41:02.849,90.99,0.44130812159387933,-1.7002539408993562,2.4978683584315133
1636731662859,2021-11-12T10:41:02.859,91.0,0.5945718507358635,-1.4163297469400047,2.504894461715
1636731662869,2021-11-12T10:41:02.869,91.01,0.6252137624500647,-1.1818418956297172,2.481933709308719
1636731662879,2021-11-12T10:41:02.879,91.02,0.6621295935940263,-0.9675959992355538,2.4417373292707465
1636731662889,2021-11-12T10:41:02.889,91.03,0.7077700085088571,-0.6912458908811918,2.3962501169765584
1636731662899,2021-11-12T10:41:02.899,91.04,0.7503418398306183,-0.32672953365092067,2.3328658818030275
1636731662909,2021-11-12T10:41:02.909,91.05,0.8507751607428364,0.029612590981601752,2.256203839776581
1636731662919,2021-11-12T10:41:02.919,91.06,1.0459747425261894,0.26250095317174127,2.2066181393898345
1636731662929,2021-11-12T10:41:02.929,91.07,1.2690773987304445,0.3763268996309709,2.207431580120367
1636731662939,2021-11-12T10:41:02.939,91.08,1.4162440858498635,0.46233950760696585,2.2321476331635615
1636731662949,2021-11-12T10:41:02.949,91.09,1.4475200829683206,0.550810417529463,2.246834130594613
1636731662959,2021-11-12T10:41:02.959,91.1,1.4004374412596752,0.5779494439852917,2.2480803255873365
1636731662969,2021-11-12T10:41:02.969,91.11,1.3397180302982679,0.5094902889299747,2.2363887423413633
1636731662979,2021-11-12T10:41:02.979,91.12,1.307215800346059,0.4099322987722423,2.1915139273400475
1636731662989,2021-11-12T10:41:02.989,91.13,1.2928461512488563,0.3436425942138409,2.1098119545217524
1636731662999,2021-11-12T10:41:02.999,91.14,1.2526007987763763,0.286298616836647,2.035315121371469
1636731663009,2021-11-12T10:41:03.009,91.15,1.1739697834903458,0.19580322465398797,2.017039344348846
1636731663019,2021-11-12T10:41:03.019,91.16,1.0964061224453248,0.09864632564587436,2.0571704207056203
1636731663029,2021-11-12T10:41:03.029,91.17,1.0359082198989973,0.037068206476491936,2.12663615168481
1636731663039,2021-11-12T10:41:03.039,91.18,0.9354831425252434,-0.007729381021526176,2.215220230965138
1636731663049,2021-11-12T10:41:03.049,91.19,0.7390730856261863,-0.07015856489071964,2.339847158353462
1636731663059,2021-11-12T10:41:03.059,91.2,0.4711994926627079,-0.12960328672266896,2.489424828898784
1636731663069,2021-11-12T10:41:03.069,91.21,0.21000760084496195,-0.14996755849635374,2.5828617795242907
1636731663079,2021-11-12T10:41:03.079,91.22,0.032276683933826905,-0.1404977611204446,2.5352125032521906
1636731663089,2021-11-12T10:41:03.089,91.23,-0.011409397283969502,-0.11814570081022227,2.368423763787888
1636731663099,2021-11-12T10:41:03.099,91.24,0.05902625443507274,-0.06576104836207833,2.197909440849661
1636731663109,2021-11-12T10:41:03.109,91.25,0.1297364782318802,0.014398450837070932,2.0973967668135933
1636731663119,2021-11-12T10:41:03.119,91.26,0.08945782967754878,0.06642713192452743,2.0229522897550707
1636731663129,2021-11-12T10:41:03.129,91.27,-0.02592306877741773,0.05889767570190439,1.8792774144177824
1636731663139,2021-11-12T10:41:03.139,91.28,-0.05020961205380283,0.045929710414339346,1.6308308793763204
1636731663149,2021-11-12T10:41:03.149,91.29,0.1011236180322973,0.10108282779659476,1.3334029879191234
1636731663159,2021-11-12T10:41:03.159,91.3,0.304622152399732,0.2299353784222708,1.0581278444538134
1636731663169,2021-11-12T10:41:03.169,91.31,0.39368793384338996,0.378390305325773,0.8092760696263057
1636731663179,2021-11-12T10:41:03.179,91.32,0.3681226772574619,0.49857475298264325,0.5520369522291433
1636731663189,2021-11-12T10:41:03.189,91.33,0.3394526329403743,0.6137402972132286,0.2910048580496973
1636731663199,2021-11-12T10:41:03.199,91.34,0.34333810321107333,0.8243771240870859,0.05096707668337315
1636731663209,2021-11-12T10:41:03.209,91.35,0.3078455206049122,1.1399684357097137,-0.20057972377213634
1636731663219,2021-11-12T10:41:03.219,91.36,0.1894294578500746,1.3080458531582637,-0.5232049770438946
1636731663229,2021-11-12T10:41:03.229,91.37,0.0811457987198495,1.0900935176095667,-0.8983238693075963
1636731663239,2021-11-12T10:41:03.239,91.38,0.11358390961362547,0.727236353396711,-1.2475457087148012
1636731663249,2021-11-12T10:41:03.249,91.39,0.21992271205779984,0.6961044773327913,-1.5574077578409709
1636731663259,2021-11-12T10:41:03.259,91.4,0.13907935815902067,0.978086927820746,-1.879179191887388
1636731663269,2021-11-12T10:41:03.269,91.41,-0.21772570654724907,1.0968174530344617,-2.197685458862477
1636731663279,2021-11-12T10:41:03.279,91.42,-0.5297894553380592,0.8742261426104472,-2.4024860599204576
1636731663289,2021-11-12T10:41:03.289,91.43,-0.376913968380597,0.617359392112517,-2.4021105167234227
1636731663299,2021-11-12T10:41:03.299,91.44,0.2615834245674107,0.5733463348089243,-2.2132737148444313
1636731663309,2021-11-12T10:41:03.309,91.45,0.9686878222531605,0.6408270289682535,-1.942736747607929
1636731663319,2021-11-12T10:41:03.319,91.46,1.3413255340233354,0.6364854005938779,-1.6964735876830455
1636731663329,2021-11-12T10:41:03.329,91.47,1.338729441826334,0.561695939164313,-1.5117339445667937
1636731663339,2021-11-12T10:41:03.339,91.48,1.1740943750160286,0.5442515930821256,-1.3890207402638266
1636731663349,2021-11-12T10:41:03.349,91.49,1.0401997296457768,0.6483383199057409,-1.337139719293209
1636731663359,2021-11-12T10:41:03.359,91.5,1.0039489554822107,0.8242362377936705,-1.3484558658566186
1636731663369,2021-11-12T10:41:03.369,91.51,1.0204535988562964,1.0079542473591006,-1.4072648571371942
1636731663379,2021-11-12T10:41:03.379,91.52,0.9806756974268636,1.1852562224589462,-1.5358080982177187
1636731663389,2021-11-12T10:41:03.389,91.53,0.8164434404727281,1.3406373571087518,-1.7337786462832727
1636731663399,2021-11-12T10:41:03.399,91.54,0.5592107742823982,1.4090961522158838,-1.905415220278297
1636731663409,2021-11-12T10:41:03.409,91.55,0.26893723994418983,1.3334390172942927,-1.9588828439198354
1636731663419,2021-11-12T10:41:03.419,91.56,-0.024409593011551253,1.137971100381326,-1.9189311735887307
1636731663429,2021-11-12T10:41:03.429,91.57,-0.27806159373722117,0.8753791455952802,-1.8508717061752054
1636731663439,2021-11-12T10:41:03.439,91.58,-0.41821709780765826,0.5324146446067581,-1.7633867460083235
1636731663449,2021-11-12T10:41:03.449,91.59,-0.40484297084414766,0.08537932577452732,-1.660485472160759
1636731663459,2021-11-12T10:41:03.459,91.6,-0.2702794979454777,-0.3890030420281605,-1.5831228458773954
1636731663469,2021-11-12T10:41:03.469,91.61,-0.08091098618248638,-0.7729856083725468,-1.5338614978451082
1636731663479,2021-11-12T10:41:03.479,91.62,0.11863537077825992,-1.0396448127127251,-1.4633877046392025
1636731663489,2021-11-12T10:41:03.489,91.63,0.3268400959479467,-1.2192184209670005,-1.3858116419534974
1636731663499,2021-11-12T10:41:03.499,91.64,0.5306762808646005,-1.2907524964826091,-1.4115874038078644
1636731663509,2021-11-12T10:41:03.509,91.65,0.6229001573519135,-1.2141858319502798,-1.6130270034134226
1636731663519,2021-11-12T10:41:03.519,91.66,0.49789974242908536,-1.004582447946304,-1.924283412821385
1636731663529,2021-11-12T10:41:03.529,91.67,0.3020955755843736,-0.6904196022104059,-2.2134522165636943
1636731663539,2021-11-12T10:41:03.539,91.68,0.3814121738844185,-0.28346328944438715,-2.4135792351661363
1636731663549,2021-11-12T10:41:03.549,91.69,0.8125711200546746,0.1615702151195031,-2.555765522492801
1636731663559,2021-11-12T10:41:03.559,91.7,1.2024082334510686,0.5572647882304649,-2.6928649667916624
1636731663569,2021-11-12T10:41:03.569,91.71,1.1486289278217774,0.863390442299006,-2.83273669347797
1636731663579,2021-11-12T10:41:03.579,91.72,0.6907787035742786,1.0683331176224913,-2.972233833036796
1636731663589,2021-11-12T10:41:03.589,91.73,0.144065796572626,1.135243869741711,-3.1434265104883123
1636731663599,2021-11-12T10:41:03.599,91.74,-0.2770639134712222,1.0582208955273877,-3.349888169166772
1636731663609,2021-11-12T10:41:03.609,91.75,-0.5144432676808031,0.9039246525661654,-3.503742499859097
1636731663619,2021-11-12T10:41:03.619,91.76,-0.5650679149032757,0.7177590586398135,-3.523392589436579
1636731663629,2021-11-12T10:41:03.629,91.77,-0.4976665721756074,0.46905903318972536,-3.458925799739056
1636731663639,2021-11-12T10:41:03.639,91.78,-0.45868108359109877,0.13849047220960636,-3.4357722839358678
1636731663649,2021-11-12T10:41:03.649,91.79,-0.5339430729468105,-0.2343224957399997,-3.5025876875019044
1636731663659,2021-11-12T10:41:03.659,91.8,-0.6469140896027924,-0.6082072864903388,-3.6052689218399623
1636731663669,2021-11-12T10:41:03.669,91.81,-0.6751854881155974,-0.9495064525830398,-3.699860491850131
1636731663679,2021-11-12T10:41:03.679,91.82,-0.614470647497859,-1.1883577711038262,-3.8118146984349544
1636731663689,2021-11-12T10:41:03.689,91.83,-0.5312589466447744,-1.2561878462939822,-3.946442367574438
1636731663699,2021-11-12T10:41:03.699,91.84,-0.43339762781217195,-1.171565743131893,-4.022855939725675
1636731663709,2021-11-12T10:41:03.709,91.85,-0.31627232364977687,-1.0271813427607523,-3.9722861521410455
1636731663719,2021-11-12T10:41:03.719,91.86,-0.243855336555944,-0.8747636522918215,-3.834361727685055
1636731663729,2021-11-12T10:41:03.729,91.87,-0.25269926731153947,-0.6644813169233528,-3.6919319195921663
1636731663739,2021-11-12T10:41:03.739,91.88,-0.27283241237631173,-0.34072333164096547,-3.5739180933827304
1636731663749,2021-11-12T10:41:03.749,91.89,-0.24348902611892836,0.03548467290091064,-3.464588552920958
1636731663759,2021-11-12T10:41:03.759,91.9,-0.20587419303047794,0.35230390436909687,-3.3519699198041755
1636731663769,2021-11-12T10:41:03.769,91.91,-0.21945369669198628,0.6181618510175476,-3.230256645286606
1636731663779,2021-11-12T10:41:03.779,91.92,-0.2774260499703999,0.9244111743948675,-3.0909078982270497
1636731663789,2021-11-12T10:41:03.789,91.93,-0.3329856276083593,1.2354380723632203,-2.9540961054798176
1636731663799,2021-11-12T10:41:03.799,91.94,-0.3499453109786911,1.3958483840976592,-2.8950741960867385
1636731663809,2021-11-12T10:41:03.809,91.95,-0.3306369259261056,1.3739290291613482,-2.9889336202609225
1636731663819,2021-11-12T10:41:03.819,91.96,-0.31462320616089223,1.3130380661324497,-3.2196698223209355
1636731663829,2021-11-12T10:41:03.829,91.97,-0.3227196089954216,1.3012909405273572,-3.481319405746067
1636731663839,2021-11-12T10:41:03.839,91.98,-0.31299244014895794,1.2693390771922857,-3.6862962519060165
1636731663849,2021-11-12T10:41:03.849,91.99,-0.24145973354299954,1.164740652892012,-3.8505216353194633
1636731663859,2021-11-12T10:41:03.859,92.0,-0.14290018721524267,1.0574861320948807,-4.042550789255586
1636731663869,2021-11-12T10:41:03.869,92.01,-0.0782259872157626,1.0140506848934274,-4.259155785561598
1636731663879,2021-11-12T10:41:03.879,92.02,-0.02240619836535724,1.0155700360680067,-4.415553645297366
1636731663889,2021-11-12T10:41:03.889,92.03,0.09054521588904103,1.045742369040295,-4.485879751771104
1636731663899,2021-11-12T10:41:03.899,92.04,0.21920935287024257,1.1239264722887534,-4.5719651319650385
1636731663909,2021-11-12T10:41:03.909,92.05,0.25717109492499496,1.2391513674137822,-4.762999691695331
1636731663919,2021-11-12T10:41:03.919,92.06,0.2363859746564356,1.377065257173628,-4.996421427678775
1636731663929,2021-11-12T10:41:03.929,92.07,0.29703727865024554,1.5731942679239685,-5.145256983574962
1636731663939,2021-11-12T10:41:03.939,92.08,0.4046305836841291,1.8200524282185109,-5.185801163735436
1636731663949,2021-11-12T10:41:03.949,92.09,0.3184215769035866,2.0059172724525376,-5.198317283973199
1636731663959,2021-11-12T10:41:03.959,92.1,-0.03340695504894688,2.058900216837961,-5.260774788374619
1636731663969,2021-11-12T10:41:03.969,92.11,-0.3181775703512414,2.058946287700301,-5.391857355171036
1636731663979,2021-11-12T10:41:03.979,92.12,-0.12620354841722498,2.1189964944318085,-5.525569302858077
1636731663989,2021-11-12T10:41:03.989,92.13,0.5174645488967701,2.2314488623112894,-5.545786136691989
1636731663999,2021-11-12T10:41:03.999,92.14,1.1552263366069238,2.2936574220907406,-5.433227282908838
1636731664009,2021-11-12T10:41:04.009,92.15,1.4237703907006345,2.241066767977978,-5.313523887791886
1636731664019,2021-11-12T10:41:04.019,92.16,1.3672515403121266,2.111793841556729,-5.286701946178664
1636731664029,2021-11-12T10:41:04.029,92.17,1.1947448526959072,1.996320122648058,-5.331819266830248
1636731664039,2021-11-12T10:41:04.039,92.18,1.0165728842363484,1.9631557002669153,-5.4296304093673715
1636731664049,2021-11-12T10:41:04.049,92.19,0.9032154046472471,2.025630335601963,-5.63508323929123
1636731664059,2021-11-12T10:41:04.059,92.2,0.9134724630659588,2.1269406352328493,-5.9750396708238664
1636731664069,2021-11-12T10:41:04.069,92.21,0.9739737985672752,2.163318389454374,-6.358336575588961
1636731664079,2021-11-12T10:41:04.079,92.22,0.9380538071299638,2.081935936837223,-6.639060019044664
1636731664089,2021-11-12T10:41:04.089,92.23,0.761757017090026,1.9348025039179197,-6.771679098591887
1636731664099,2021-11-12T10:41:04.099,92.24,0.47458409282762,1.7739362274935455,-6.859814931767984
1636731664109,2021-11-12T10:41:04.109,92.25,0.08275354789642841,1.5441411346098834,-6.9966900529804406
1636731664119,2021-11-12T10:41:04.119,92.26,-0.35182712463940724,1.1653302086368518,-7.117555441882033
1636731664129,2021-11-12T10:41:04.129,92.27,-0.6634458988005704,0.6715217681196466,-7.106037740584671
1636731664139,2021-11-12T10:41:04.139,92.28,-0.7511602446089118,0.16935481017111714,-6.987954920569174
1636731664149,2021-11-12T10:41:04.149,92.29,-0.7025152475594902,-0.3049639090181764,-6.8993290577077335
1636731664159,2021-11-12T10:41:04.159,92.3,-0.6542129763229207,-0.7794259640841315,-6.878850776534653
1636731664169,2021-11-12T10:41:04.169,92.31,-0.6199273042608028,-1.2306376725979993,-6.8030004132485296
1636731664179,2021-11-12T10:41:04.179,92.32,-0.5643172298748861,-1.6121613446657488,-6.555722129994658
1636731664189,2021-11-12T10:41:04.189,92.33,-0.5679407088010575,-1.968326822691233,-6.1679666453321245
1636731664199,2021-11-12T10:41:04.199,92.34,-0.7314242536823741,-2.3543027339910374,-5.740540262498014
1636731664209,2021-11-12T10:41:04.209,92.35,-0.9238463333646816,-2.6792390149962966,-5.336723121011286
1636731664219,2021-11-12T10:41:04.219,92.36,-0.8567398153884099,-2.802949042746236,-5.021989334944478
1636731664229,2021-11-12T10:41:04.229,92.37,-0.465355424084393,-2.7398985644893132,-4.896300514941087
1636731664239,2021-11-12T10:41:04.239,92.38,-0.0191790186178888,-2.6197971020670585,-5.005671314936047
1636731664249,2021-11-12T10:41:04.249,92.39,0.19168529332764492,-2.520291550213743,-5.310356630112061
1636731664259,2021-11-12T10:41:04.259,92.4,0.12293202844312548,-2.4543211720765585,-5.7766607481072
1636731664269,2021-11-12T10:41:04.269,92.41,-0.1006274188434224,-2.430169401940331,-6.404296534485038
1636731664279,2021-11-12T10:41:04.279,92.42,-0.4017897729463211,-2.424454573026815,-7.1581290736824155
1636731664289,2021-11-12T10:41:04.289,92.43,-0.7932927982450345,-2.372794849990912,-7.96117879555521
1636731664299,2021-11-12T10:41:04.299,92.44,-1.2412102827674354,-2.253976551886849,-8.750104541727698
1636731664309,2021-11-12T10:41:04.309,92.45,-1.6334173565412198,-2.109300010816934,-9.504939017023425
1636731664319,2021-11-12T10:41:04.319,92.46,-1.9104363690208759,-1.9394841445667415,-10.236787325194605
1636731664329,2021-11-12T10:41:04.329,92.47,-2.10663149787377,-1.6747929050774384,-10.911272117304257
1636731664339,2021-11-12T10:41:04.339,92.48,-2.3119923152327466,-1.287829102516476,-11.391029883651356
1636731664349,2021-11-12T10:41:04.349,92.49,-2.7086089450428803,-0.8451136688770947,-11.546319500868979
1636731664359,2021-11-12T10:41:04.359,92.5,-3.457236277126687,-0.4068345670467063,-11.373460084471887
1636731664369,2021-11-12T10:41:04.369,92.51,-4.385005142968535,0.04757311980132869,-10.908036537872059
1636731664379,2021-11-12T10:41:04.379,92.52,-5.028695166833355,0.5654608463503127,-10.170858194850076
1636731664389,2021-11-12T10:41:04.389,92.53,-5.1526465022515815,1.1636441388836527,-9.318906552990846
1636731664399,2021-11-12T10:41:04.399,92.54,-4.990339323561662,1.8315156120115874,-8.654749898215456
1636731664409,2021-11-12T10:41:04.409,92.55,-4.89358392773442,2.5015262742220834,-8.377134864159656
1636731664419,2021-11-12T10:41:04.419,92.56,-5.023113878496742,3.022928431569434,-8.468516794172364
1636731664429,2021-11-12T10:41:04.429,92.57,-5.408553570606871,3.268693701147249,-8.793791794409156
1636731664439,2021-11-12T10:41:04.439,92.58,-5.95154179255829,3.2591071827034916,-9.115144004408592
1636731664449,2021-11-12T10:41:04.449,92.59,-6.32409305625437,3.108481002408605,-9.107397823243915
1636731664459,2021-11-12T10:41:04.459,92.6,-6.25261919569005,2.889816288233212,-8.594601806743523
1636731664469,2021-11-12T10:41:04.469,92.61,-5.943348109472712,2.5979090777283336,-7.70391215256045
1636731664479,2021-11-12T10:41:04.479,92.62,-5.813382144563011,2.2038088402090033,-6.606170793466903
1636731664489,2021-11-12T10:41:04.489,92.63,-5.8228983928590115,1.714219478389976,-5.2149238406091865
1636731664499,2021-11-12T10:41:04.499,92.64,-5.5759492075959605,1.1704428881373343,-3.3496091141108995
1636731664509,2021-11-12T10:41:04.509,92.65,-5.023457198763989,0.6058402954720206,-1.1231022618263455
1636731664519,2021-11-12T10:41:04.519,92.66,-4.491485660297053,0.08268671499538088,1.0356961680892227
1636731664529,2021-11-12T10:41:04.529,92.67,-4.074271893806625,-0.24249539574371354,2.770532053620962
1636731664539,2021-11-12T10:41:04.539,92.68,-3.545462834908026,-0.2484105847048489,4.158632567166325
1636731664549,2021-11-12T10:41:04.549,92.69,-2.773505343925728,-0.04846010492090708,5.695536448939618
1636731664559,2021-11-12T10:41:04.559,92.7,-1.783646006174573,0.1288525236818892,7.860640951485211
1636731664569,2021-11-12T10:41:04.569,92.71,-0.5976102482367738,0.25739902491554173,10.580770350052395
1636731664579,2021-11-12T10:41:04.579,92.72,0.6527583028454137,0.4916252595431816,13.162045551253888
1636731664589,2021-11-12T10:41:04.589,92.73,1.70776139527168,0.8177564035299807,14.883594938402886
1636731664599,2021-11-12T10:41:04.599,92.74,2.469602102883456,0.9995475291133252,15.678129295151164
1636731664609,2021-11-12T10:41:04.609,92.75,2.9960042159232882,0.9629309678375313,16.2078227753906
1636731664619,2021-11-12T10:41:04.619,92.76,3.149530713798045,0.9274078593870168,17.303192495308288
1636731664629,2021-11-12T10:41:04.629,92.77,2.6491959763187434,0.9936590746057167,19.267923041613667
1636731664639,2021-11-12T10:41:04.639,92.78,1.5375337802965534,0.9598778881062564,21.591096684625917
1636731664649,2021-11-12T10:41:04.649,92.79,0.29339693185101245,0.7361263818740813,23.33346653748126
1636731664659,2021-11-12T10:41:04.659,92.8,-0.5662670806781206,0.5448971921147633,23.87997116896382
1636731664669,2021-11-12T10:41:04.669,92.81,-0.8532671924344147,0.5365384142530616,23.34149209295528
1636731664679,2021-11-12T10:41:04.679,92.82,-0.7193200905569506,0.5625238196794284,22.338625750551664
1636731664689,2021-11-12T10:41:04.689,92.83,-0.4159549190134675,0.45135421435664447,21.550385053166423
1636731664699,2021-11-12T10:41:04.699,92.84,-0.072794258846196,0.22646286601857046,21.35623505364869
1636731664709,2021-11-12T10:41:04.709,92.85,0.3178529935736251,-0.03185595461126205,21.831452174287467
1636731664719,2021-11-12T10:41:04.719,92.86,0.790165694700895,-0.3017755372134188,23.250946993440067
1636731664729,2021-11-12T10:41:04.729,92.87,1.337271614872645,-0.5282845786747465,26.059614715602613
1636731664739,2021-11-12T10:41:04.739,92.88,1.9150035976528512,-0.7349949758515656,29.41766982801171
1636731664749,2021-11-12T10:41:04.749,92.89,2.4841712751598957,-1.326562796097386,30.868786092564495
1636731664759,2021-11-12T10:41:04.759,92.9,2.9977225181539042,-2.668192672009744,29.44786017256847
1636731664769,2021-11-12T10:41:04.769,92.91,3.271359337437839,-4.077901716352956,27.629298914817696
1636731664779,2021-11-12T10:41:04.779,92.92,3.066493109193207,-4.156556482867578,27.68563806918459
1636731664789,2021-11-12T10:41:04.789,92.93,2.6336595431797134,-2.646204099158882,28.392026533344204
1636731664799,2021-11-12T10:41:04.799,92.94,2.9126242508868705,-1.0642828299251268,27.851755167645315
1636731664809,2021-11-12T10:41:04.809,92.95,4.495081263086213,-1.0277411509590113,26.55681800153581
1636731664819,2021-11-12T10:41:04.819,92.96,6.4765545038612276,-2.521123739669515,25.459078928714693
1636731664829,2021-11-12T10:41:04.829,92.97,7.26977449044861,-3.995247378015452,24.046977035920055
1636731664839,2021-11-12T10:41:04.839,92.98,6.682139452552917,-3.993514362395358,21.954254492819928
1636731664849,2021-11-12T10:41:04.849,92.99,6.0850364219514725,-2.5981162759296916,20.097076973336584
1636731664859,2021-11-12T10:41:04.859,93.0,6.212415503500498,-1.0748063166347157,19.2190587946632
1636731664869,2021-11-12T10:41:04.869,93.01,6.129456847951026,-0.331215138622329,18.93632037400202
1636731664879,2021-11-12T10:41:04.879,93.02,5.050365803991453,-0.2526685510921657,18.701636099138774
1636731664889,2021-11-12T10:41:04.889,93.03,3.834475230214944,-0.30703542950009965,18.449586009872565
1636731664899,2021-11-12T10:41:04.899,93.04,3.698969392051504,-0.2054075875378581,17.946608494509398
1636731664909,2021-11-12T10:41:04.909,93.05,4.4514638633945465,-0.01186773971258999,16.537654568421118
1636731664919,2021-11-12T10:41:04.919,93.06,4.896535007927551,0.037224553380576925,13.998430145784333
1636731664929,2021-11-12T10:41:04.929,93.07,4.346824516644229,-0.22586294676575933,11.037229865621228
1636731664939,2021-11-12T10:41:04.939,93.08,3.161702569880106,-0.7124696449840799,8.617299788490813
1636731664949,2021-11-12T10:41:04.949,93.09,2.16771592103014,-1.1455439843045319,7.140886845316929
1636731664959,2021-11-12T10:41:04.959,93.1,1.769391360150706,-1.370207387231242,6.474501588149828
1636731664969,2021-11-12T10:41:04.969,93.11,1.5585321489004185,-1.5331426554658523,6.374195009156617
1636731664979,2021-11-12T10:41:04.979,93.12,1.035250289821444,-1.909702991856896,6.524477173172107
1636731664989,2021-11-12T10:41:04.989,93.13,0.5612935054654948,-2.601954432556565,6.417604224522524
1636731664999,2021-11-12T10:41:04.999,93.14,0.7563012015168415,-3.420295634406461,5.710067143597605
1636731665009,2021-11-12T10:41:05.009,93.15,1.1097477005809795,-4.020433464790557,4.666460669190883
1636731665019,2021-11-12T10:41:05.019,93.16,0.5973562623622454,-4.1268724923994355,3.8317749887981805
1636731665029,2021-11-12T10:41:05.029,93.17,-0.40544827971475883,-3.6427510774550376,3.316675960032052
1636731665039,2021-11-12T10:41:05.039,93.18,-0.5247565186343768,-2.6336338817188123,2.7931412988027082
1636731665049,2021-11-12T10:41:05.049,93.19,0.43917347538048757,-1.2797334797142295,2.1104777775327035
1636731665059,2021-11-12T10:41:05.059,93.2,1.4213115028449002,0.18050741334165749,1.503486822548807
1636731665069,2021-11-12T10:41:05.069,93.21,1.8536905662802683,1.5010063860590195,1.1522516681513695
1636731665079,2021-11-12T10:41:05.079,93.22,2.0081786077539565,2.446645005765233,0.8448124382935187
1636731665089,2021-11-12T10:41:05.089,93.23,1.9481157353250942,2.853635334039455,0.24620793198800936
1636731665099,2021-11-12T10:41:05.099,93.24,1.4181932031902678,2.77305281335313,-0.6146223148436215
1636731665109,2021-11-12T10:41:05.109,93.25,0.6059426782439653,2.509283974445837,-1.3073694227847592
1636731665119,2021-11-12T10:41:05.119,93.26,0.1237504372360568,2.3749433115455556,-1.4331403512894112
1636731665129,2021-11-12T10:41:05.129,93.27,0.2808148423652042,2.378870601472145,-0.9285601645311268
1636731665139,2021-11-12T10:41:05.139,93.28,0.8332162296649854,2.2798357091310786,0.02300209652909263
1636731665149,2021-11-12T10:41:05.149,93.29,1.329681282335077,1.998921299409227,1.1290385125340925
1636731665159,2021-11-12T10:41:05.159,93.3,1.4932491970085602,1.770582556829976,2.01525794171931
1636731665169,2021-11-12T10:41:05.169,93.31,1.3975092752561498,1.7192166300457403,2.343640414561744
1636731665179,2021-11-12T10:41:05.179,93.32,1.294279609643253,1.5929487381702168,1.9803741885437816
1636731665189,2021-11-12T10:41:05.189,93.33,1.2491498369855298,1.2345252812359968,1.0368720036208945
1636731665199,2021-11-12T10:41:05.199,93.34,1.1498752523451004,0.9624710864010836,-0.13825139247998705
1636731665209,2021-11-12T10:41:05.209,93.35,1.0586884204613831,1.1190079740757957,-1.018781113233648
1636731665219,2021-11-12T10:41:05.219,93.36,1.2000334551469147,1.5932474878330611,-1.1905977518287836
1636731665229,2021-11-12T10:41:05.229,93.37,1.499931277374257,2.0706261731022306,-0.6655896427828927
1636731665239,2021-11-12T10:41:05.239,93.38,1.51516248034388,2.389931225401498,0.2328059533239044
1636731665249,2021-11-12T10:41:05.249,93.39,1.1072926661673559,2.448736535011313,1.278768930614798
1636731665259,2021-11-12T10:41:05.259,93.4,0.811938836350149,2.123004454057946,2.4796365355884227
1636731665269,2021-11-12T10:41:05.269,93.41,1.013224075326539,1.5167940836239504,3.9104490033358594
1636731665279,2021-11-12T10:41:05.279,93.42,1.1360641771187459,1.0025627410821614,5.636208271652132
1636731665289,2021-11-12T10:41:05.289,93.43,0.477624154534938,0.7942044270167399,7.668121246968406
1636731665299,2021-11-12T10:41:05.299,93.44,-0.43720908674832376,0.7240741633490465,9.786392316817881
1636731665309,2021-11-12T10:41:05.309,93.45,-0.35101148108619246,0.5566862890183363,11.55948093566677
1636731665319,2021-11-12T10:41:05.319,93.46,0.9172377169874212,0.20105514622537102,12.686718517539184
1636731665329,2021-11-12T10:41:05.329,93.47,2.133116394812438,-0.44481797621855523,13.163625114046251
1636731665339,2021-11-12T10:41:05.339,93.48,2.264713964768574,-1.4662305914284082,13.076877957928872
1636731665349,2021-11-12T10:41:05.349,93.49,1.5764328517759942,-2.665579502400599,12.468058000466518
1636731665359,2021-11-12T10:41:05.359,93.5,0.7690779382043491,-3.6421908337434505,11.443400767556103
1636731665369,2021-11-12T10:41:05.369,93.51,-0.08110135250859428,-4.207083171461386,10.208771811851744
1636731665379,2021-11-12T10:41:05.379,93.52,-0.9428614985997718,-4.536787855311809,8.929780827237089
1636731665389,2021-11-12T10:41:05.389,93.53,-1.0719554837535832,-4.925779646251776,7.686088445242479
1636731665399,2021-11-12T10:41:05.399,93.54,-0.18806372449987763,-5.512746078768602,6.57491664414663
1636731665409,2021-11-12T10:41:05.409,93.55,0.31059493864197707,-6.203182303806205,5.717958730878234
1636731665419,2021-11-12T10:41:05.419,93.56,-0.9210985711735478,-6.718902160789002,5.14310902043865
1636731665429,2021-11-12T10:41:05.429,93.57,-2.773193310238587,-6.721067495327485,4.752450060504561
1636731665439,2021-11-12T10:41:05.439,93.58,-2.954849629223915,-6.02422530811754,4.37714857585736
1636731665449,2021-11-12T10:41:05.449,93.59,-1.214542093606778,-4.76802607611843,3.821050362575971
1636731665459,2021-11-12T10:41:05.459,93.6,0.5933606780610848,-3.3340464378140986,3.0016123834104578
1636731665469,2021-11-12T10:41:05.469,93.61,1.1924582305277656,-2.077037748848805,2.112855386108218
1636731665479,2021-11-12T10:41:05.479,93.62,0.9573075314299384,-1.1612111638189089,1.435609355758373
1636731665489,2021-11-12T10:41:05.489,93.63,0.6244292110436114,-0.5925799220442924,0.9371470003526245
1636731665499,2021-11-12T10:41:05.499,93.64,0.15763567240144896,-0.3053379162398432,0.33924994461131674
1636731665509,2021-11-12T10:41:05.509,93.65,-0.9992871838896714,-0.20373455765675116,-0.3888547564674386
1636731665519,2021-11-12T10:41:05.519,93.66,-2.780598359337885,-0.16094686710655814,-0.9750226757129148
1636731665529,2021-11-12T10:41:05.529,93.67,-3.880565905363374,-0.00944544697869075,-1.34402494888065
1636731665539,2021-11-12T10:41:05.539,93.68,-3.151038803502622,0.3982287674992341,-1.789199343947066
1636731665549,2021-11-12T10:41:05.549,93.69,-1.5247084276634046,1.0427847561595849,-2.58587261757215
1636731665559,2021-11-12T10:41:05.559,93.7,-0.9664841979583212,1.6868617364637823,-3.7987637741994043
1636731665569,2021-11-12T10:41:05.569,93.71,-1.5897767624188077,2.062518681109543,-5.4682068919339235
1636731665579,2021-11-12T10:41:05.579,93.72,-1.774260931361022,2.1013548963381767,-7.593563995514238
1636731665589,2021-11-12T10:41:05.589,93.73,-0.9263297565072035,1.9120081593171292,-9.911533735434201
1636731665599,2021-11-12T10:41:05.599,93.74,-0.09540549482107773,1.5707769706663472,-11.992603249607322
1636731665609,2021-11-12T10:41:05.609,93.75,-0.0706175234916766,1.0678054018653254,-13.557646876678103
1636731665619,2021-11-12T10:41:05.619,93.76,-0.4985997022359991,0.49144715526519334,-14.53542907065879
1636731665629,2021-11-12T10:41:05.629,93.77,-0.7555326094894665,0.12069336919965698,-14.948069900202157
1636731665639,2021-11-12T10:41:05.639,93.78,-0.6813120595639778,0.2103646331353826,-14.957367930822924
1636731665649,2021-11-12T10:41:05.649,93.79,-0.5244149913090153,0.7502556466515218,-14.914489003408256
1636731665659,2021-11-12T10:41:05.659,93.8,-0.6308956545729296,1.539730827686244,-15.146155060526414
1636731665669,2021-11-12T10:41:05.669,93.81,-1.0917484474496326,2.4325535184260545,-15.699199322313863
1636731665679,2021-11-12T10:41:05.679,93.82,-1.584581339743855,3.383451838442798,-16.379642521426423
1636731665689,2021-11-12T10:41:05.689,93.83,-1.7839836512900455,4.301611275769403,-16.990799412562584
1636731665699,2021-11-12T10:41:05.699,93.84,-1.8789212578598349,5.0148976103192755,-17.448381383857317
1636731665709,2021-11-12T10:41:05.709,93.85,-2.3277530324142264,5.404041565441978,-17.704399255381517
1636731665719,2021-11-12T10:41:05.719,93.86,-3.1879636614669726,5.459418054783927,-17.711842396742355
1636731665729,2021-11-12T10:41:05.729,93.87,-4.101433440872585,5.1740320056228875,-17.556209729307195
1636731665739,2021-11-12T10:41:05.739,93.88,-4.822402927768805,4.5026551752771455,-17.514986990036828
1636731665749,2021-11-12T10:41:05.749,93.89,-5.302607110257846,3.499175594691821,-17.8365441206284
1636731665759,2021-11-12T10:41:05.759,93.9,-5.389228790782504,2.3884115796571472,-18.496783113635658
1636731665769,2021-11-12T10:41:05.769,93.91,-4.944427971141292,1.4141567001136137,-19.288954944011337
1636731665779,2021-11-12T10:41:05.779,93.92,-4.196207395134074,0.6847683376339198,-20.120992387915265
1636731665789,2021-11-12T10:41:05.789,93.93,-3.571627147010443,0.18565964265731627,-21.07354675410537
1636731665799,2021-11-12T10:41:05.799,93.94,-3.262589532865708,-0.16577111487618545,-22.07227617259033
1636731665809,2021-11-12T10:41:05.809,93.95,-3.192246811424601,-0.4743335935036663,-22.71697299199165
1636731665819,2021-11-12T10:41:05.819,93.96,-3.258277131270051,-0.7671955046119169,-22.944076442436376
1636731665829,2021-11-12T10:41:05.829,93.97,-3.4354892181265724,-0.9460230140300612,-23.733761891605855
1636731665839,2021-11-12T10:41:05.839,93.98,-3.6969658507324725,-0.8896255812571878,-25.951438392635076
1636731665849,2021-11-12T10:41:05.849,93.99,-3.923053316650429,-0.5773312869916016,-28.240485412115017
1636731665859,2021-11-12T10:41:05.859,94.0,-3.9911862589769447,-0.10003316481144876,-27.93652934483105
1636731665869,2021-11-12T10:41:05.869,94.01,-3.9692237449738217,0.41256130414333475,-24.81096254488383
1636731665879,2021-11-12T10:41:05.879,94.02,-4.068799127548797,0.835140190558658,-21.940228943501836
1636731665889,2021-11-12T10:41:05.889,94.03,-4.380309248919546,1.012170019943801,-21.998092921077845
1636731665899,2021-11-12T10:41:05.899,94.04,-4.692585797203318,0.8104644601000739,-24.139841280415837
1636731665909,2021-11-12T10:41:05.909,94.05,-4.515863361501731,0.345077064881268,-25.29070435650856
1636731665919,2021-11-12T10:41:05.919,94.06,-3.4702519743059193,0.00012001933918442953,-23.922966941285285
1636731665929,2021-11-12T10:41:05.929,94.07,-1.8544879518133646,0.008325105883458698,-21.692585988812713
1636731665939,2021-11-12T10:41:05.939,94.08,-0.4995867960931605,0.15247688638550194,-20.931672240316995
1636731665949,2021-11-12T10:41:05.949,94.09,0.13997793979263745,0.0742416148471595,-21.668168842499252
1636731665959,2021-11-12T10:41:05.959,94.1,0.33128170350907765,-0.31090745515354123,-22.256659780056637
1636731665969,2021-11-12T10:41:05.969,94.11,0.4186107098026387,-0.9010471722188995,-21.744068824747536
1636731665979,2021-11-12T10:41:05.979,94.12,0.3433701606911819,-1.6965295846366737,-20.205501416223242
1636731665989,2021-11-12T10:41:05.989,94.13,-0.05093309892851363,-2.738606967133268,-17.639953597011843
1636731665999,2021-11-12T10:41:05.999,94.14,-0.5998605945400747,-3.8653486516116535,-13.922052330560694
1636731666009,2021-11-12T10:41:06.009,94.15,-0.9291211921931417,-4.766413874382774,-9.635159588807017
1636731666019,2021-11-12T10:41:06.019,94.16,-0.9019307200084217,-5.269465681934639,-6.019593809060154
1636731666029,2021-11-12T10:41:06.029,94.17,-0.7804373230346231,-5.439109603273026,-3.8783405926767247
1636731666039,2021-11-12T10:41:06.039,94.18,-0.8751883858407794,-5.422748920981439,-2.902648380561078
1636731666049,2021-11-12T10:41:06.049,94.19,-1.1693688437306609,-5.30084489850991,-2.186293493500481
1636731666059,2021-11-12T10:41:06.059,94.2,-1.4222017314240913,-5.072099641323692,-1.1008283464583257
1636731666069,2021-11-12T10:41:06.069,94.21,-1.4852721578915733,-4.713198135549779,0.5137120452334135
1636731666079,2021-11-12T10:41:06.079,94.22,-1.2688879854150226,-4.2293131881623935,2.7483984989374575
1636731666089,2021-11-12T10:41:06.089,94.23,-0.5703378824830612,-3.66605698372458,5.72024631660404
1636731666099,2021-11-12T10:41:06.099,94.24,0.6611795119228048,-3.103181208184615,9.046014503107727
1636731666109,2021-11-12T10:41:06.109,94.25,2.0085573367349854,-2.627265946277831,11.57481071623166
1636731666119,2021-11-12T10:41:06.119,94.26,2.963726888751783,-2.2802952498555875,12.19006842538127
1636731666129,2021-11-12T10:41:06.129,94.27,3.4819819366272498,-2.072721963120292,10.875949774180707
1636731666139,2021-11-12T10:41:06.139,94.28,3.798021105008348,-2.072522194027485,8.617311793080377
1636731666149,2021-11-12T10:41:06.149,94.29,3.974794111023913,-2.381272001734392,6.350303823969686
1636731666159,2021-11-12T10:41:06.159,94.3,4.033945652205737,-2.9672242502045596,4.416945705739193
1636731666169,2021-11-12T10:41:06.169,94.31,4.255627865035155,-3.6463831543209198,2.9179220195951787
1636731666179,2021-11-12T10:41:06.179,94.32,4.97153506204783,-4.297723591589442,2.1040980894025445
1636731666189,2021-11-12T10:41:06.189,94.33,6.140335762031131,-4.959231935971114,2.204576002091021
1636731666199,2021-11-12T10:41:06.199,94.34,7.23349472579793,-5.62928506315538,2.8797421862031745
1636731666209,2021-11-12T10:41:06.209,94.35,7.531285042951269,-6.114576956864601,3.0719705809692734
1636731666219,2021-11-12T10:41:06.219,94.36,6.6803682545699345,-6.182448627246175,1.999014644371142
1636731666229,2021-11-12T10:41:06.229,94.37,5.039618703300381,-5.780921047359509,0.424060513018944
1636731666239,2021-11-12T10:41:06.239,94.38,3.3374210378585953,-5.052209749737301,0.009393675254519257
1636731666249,2021-11-12T10:41:06.249,94.39,2.021833005279768,-4.19122253402671,1.01732541218478
1636731666259,2021-11-12T10:41:06.259,94.4,1.1115949723199783,-3.3117252823522714,1.8337367337461765
1636731666269,2021-11-12T10:41:06.269,94.41,0.5045967525053809,-2.4341150485600798,1.355171609106641
1636731666279,2021-11-12T10:41:06.279,94.42,0.11922019879802928,-1.6166390177712786,0.5129153390991444
1636731666289,2021-11-12T10:41:06.289,94.43,-0.18922132060285785,-1.037559915441086,0.6428410698957946
1636731666299,2021-11-12T10:41:06.299,94.44,-0.5861522817440333,-0.8561797143628829,1.5720804478573889
1636731666309,2021-11-12T10:41:06.309,94.45,-1.0731007698142552,-1.0476234566184228,2.2183010422210696
1636731666319,2021-11-12T10:41:06.319,94.46,-1.3965020178345964,-1.4546911360667394,2.1740444790974256
1636731666329,2021-11-12T10:41:06.329,94.47,-1.1939542570569808,-1.934688117941965,1.8636651607936618
1636731666339,2021-11-12T10:41:06.339,94.48,-0.27696659552872827,-2.4061165313733097,1.7066776957603762
1636731666349,2021-11-12T10:41:06.349,94.49,1.2790361787515412,-2.8321517169280117,1.8167569236287036
1636731666359,2021-11-12T10:41:06.359,94.5,3.294301373399271,-3.1952689819811795,2.247983138612429
1636731666369,2021-11-12T10:41:06.369,94.51,5.510594345907334,-3.441661549736439,3.01401601974848
1636731666379,2021-11-12T10:41:06.379,94.52,7.445260729009835,-3.4629177912121767,3.8852691887918698
1636731666389,2021-11-12T10:41:06.389,94.53,8.538405509305058,-3.172432028881523,4.43247614717179
1636731666399,2021-11-12T10:41:06.399,94.54,8.589250569200054,-2.5678585662912488,4.325070128591697
1636731666409,2021-11-12T10:41:06.409,94.55,7.886294031200052,-1.6901820770988876,3.5367225961175786
1636731666419,2021-11-12T10:41:06.419,94.56,6.875233478340759,-0.5573582658332582,2.2912738857722292
1636731666429,2021-11-12T10:41:06.429,94.57,5.868786904090566,0.8350920294991538,0.8641688692546605
1636731666439,2021-11-12T10:41:06.439,94.58,5.071484530424452,2.450892394129131,-0.5583243671992093
1636731666449,2021-11-12T10:41:06.449,94.59,4.634167968861673,4.1589931260831134,-1.8715288276689694
1636731666459,2021-11-12T10:41:06.459,94.6,4.554120500779398,5.777639697939788,-2.994937897523602
1636731666469,2021-11-12T10:41:06.469,94.61,4.6404833750906835,7.184337265986384,-3.897755866556799
1636731666479,2021-11-12T10:41:06.479,94.62,4.656973000963291,8.333657042273511,-4.6564240006476005
1636731666489,2021-11-12T10:41:06.489,94.63,4.43913742141184,9.179674774511424,-5.393722444792462
1636731666499,2021-11-12T10:41:06.499,94.64,3.895561193447156,9.661572824898808,-6.144044348799827
1636731666509,2021-11-12T10:41:06.509,94.65,3.010245857685484,9.742936837145244,-6.845041949452469
1636731666519,2021-11-12T10:41:06.519,94.66,1.8517301653737714,9.405224753375942,-7.45862543669363
1636731666529,2021-11-12T10:41:06.529,94.67,0.5303283118978657,8.669777756692845,-8.01769136868229
1636731666539,2021-11-12T10:41:06.539,94.68,-0.8047896752417159,7.664895162650371,-8.540157212762733
1636731666549,2021-11-12T10:41:06.549,94.69,-1.8959988725799515,6.5720191563153945,-8.966947064162085
1636731666559,2021-11-12T10:41:06.559,94.7,-2.463340018428855,5.4821418396380714,-9.223903183283515
1636731666569,2021-11-12T10:41:06.569,94.71,-2.531379233529373,4.381121234136197,-9.30850553180886
1636731666579,2021-11-12T10:41:06.579,94.72,-2.543530763119405,3.2463067802718797,-9.254689406837759
1636731666589,2021-11-12T10:41:06.589,94.73,-2.9174702388752225,2.082656395794257,-9.029157350183974
1636731666599,2021-11-12T10:41:06.599,94.74,-3.6115299116751904,0.9051629907978163,-8.56071270842821
1636731666609,2021-11-12T10:41:06.609,94.75,-4.3504588546657486,-0.2467271367565635,-7.857331053260501
1636731666619,2021-11-12T10:41:06.619,94.76,-5.043969233774529,-1.2998140940574114,-6.947029477582401
1636731666629,2021-11-12T10:41:06.629,94.77,-5.714549132857467,-2.2030865557258896,-5.722901403663078
1636731666639,2021-11-12T10:41:06.639,94.78,-6.262843311532385,-2.9739048290991583,-4.03412275845647
1636731666649,2021-11-12T10:41:06.649,94.79,-6.5387487928993355,-3.628001812947665,-1.921025892368368
1636731666659,2021-11-12T10:41:06.659,94.8,-6.458125410608881,-4.083939753441141,0.3960804010382659
1636731666669,2021-11-12T10:41:06.669,94.81,-5.99902260683555,-4.222464341206216,2.695227885724245
1636731666679,2021-11-12T10:41:06.679,94.82,-5.276940221695307,-4.027733447072689,4.7683545808008425
1636731666689,2021-11-12T10:41:06.689,94.83,-4.513267665898749,-3.575373301771731,6.388148124642603
1636731666699,2021-11-12T10:41:06.699,94.84,-3.7480359967670758,-2.900275506255544,7.451148845117682
1636731666709,2021-11-12T10:41:06.709,94.85,-2.832755909745766,-1.9937683433187554,8.056049069134307
1636731666719,2021-11-12T10:41:06.719,94.86,-1.841828241264087,-0.9343168913639159,8.331674068103165
1636731666729,2021-11-12T10:41:06.729,94.87,-1.1418921570189378,0.08662182528219232,8.350262821800449
1636731666739,2021-11-12T10:41:06.739,94.88,-0.9601730685603808,0.8903539765700206,8.278766136130136
1636731666749,2021-11-12T10:41:06.749,94.89,-1.1925502928650806,1.4053119597650867,8.397601413518203
1636731666759,2021-11-12T10:41:06.759,94.9,-1.5907612409131953,1.6539633508101113,8.884686534410044
1636731666769,2021-11-12T10:41:06.769,94.91,-1.851230807024208,1.716859301980023,9.722427812964792
1636731666779,2021-11-12T10:41:06.779,94.92,-1.667253745257466,1.7072241877344854,10.79983256105723
1636731666789,2021-11-12T10:41:06.789,94.93,-1.0129483093769964,1.7103035875310013,11.926350740516762
1636731666799,2021-11-12T10:41:06.799,94.94,-0.2977043223357438,1.7322837111530553,12.732522265555179
1636731666809,2021-11-12T10:41:06.809,94.95,0.015818674871312367,1.7763501929930396,12.74833855438062
1636731666819,2021-11-12T10:41:06.819,94.96,-0.06493106556592747,1.9594631258258826,11.744990835472219
1636731666829,2021-11-12T10:41:06.829,94.97,-0.10990395237931126,2.4246337950245924,9.975912576713275
1636731666839,2021-11-12T10:41:06.839,94.98,0.16365624019916147,3.12744487069408,7.976829134437317
1636731666849,2021-11-12T10:41:06.849,94.99,0.5967948321702209,3.8663942870830486,6.1737059824109455
1636731666859,2021-11-12T10:41:06.859,95.0,0.9252005173075024,4.545243905098931,4.762239151748547
1636731666869,2021-11-12T10:41:06.869,95.01,1.1392500998154558,5.250525240292891,3.803368775843265
1636731666879,2021-11-12T10:41:06.879,95.02,1.363095755281447,6.061243069410196,3.2509705638484014
1636731666889,2021-11-12T10:41:06.889,95.03,1.6248190978484893,6.942336121064523,2.9990500585526245
1636731666899,2021-11-12T10:41:06.899,95.04,1.9178625323722456,7.852729296335947,3.033411227433476
1636731666909,2021-11-12T10:41:06.909,95.05,2.2737813973828427,8.81962801502045,3.416175388874416
1636731666919,2021-11-12T10:41:06.919,95.06,2.6085327223697172,9.83802084796865,4.046874695629996
1636731666929,2021-11-12T10:41:06.929,95.07,2.662795442090571,10.769685230469353,4.601995816873338
1636731666939,2021-11-12T10:41:06.939,95.08,2.2268929595015585,11.422908696005548,4.802208495923964
1636731666949,2021-11-12T10:41:06.949,95.09,1.3513185229883549,11.710819632721169,4.613864029957842
1636731666959,2021-11-12T10:41:06.959,95.1,0.33052533433865716,11.655842735334673,4.157638977848551
1636731666969,2021-11-12T10:41:06.969,95.11,-0.4694130855587768,11.259335554218271,3.597294995173839
1636731666979,2021-11-12T10:41:06.979,95.12,-0.8590218827099471,10.471723614050894,3.155869060503301
1636731666989,2021-11-12T10:41:06.989,95.13,-0.9649096623314185,9.307069835740782,3.043261719828488
1636731666999,2021-11-12T10:41:06.999,95.14,-1.054064962784684,7.904712481022046,3.291857342928034
1636731667009,2021-11-12T10:41:07.009,95.15,-1.245038452339715,6.427496095444163,3.7783629696425867
1636731667019,2021-11-12T10:41:07.019,95.16,-1.4553582328704922,4.916476961854844,4.422372182767921
1636731667029,2021-11-12T10:41:07.029,95.17,-1.5495084941200394,3.29594313496914,5.275425724978157
1636731667039,2021-11-12T10:41:07.039,95.18,-1.4872063454299298,1.5392669596288924,6.423834365326887
1636731667049,2021-11-12T10:41:07.049,95.19,-1.3583319158533187,-0.23640214952155295,7.872031018649692
1636731667059,2021-11-12T10:41:07.059,95.2,-1.1980855646465203,-1.8808874027768892,9.545001302872048
1636731667069,2021-11-12T10:41:07.069,95.21,-0.8058529932854641,-3.3298205763652926,11.373604412404944
1636731667079,2021-11-12T10:41:07.079,95.22,-0.06250017034980046,-4.556217337051311,13.27550751776339
1636731667089,2021-11-12T10:41:07.089,95.23,0.5895413101937079,-5.492857232294307,15.007016204365705
1636731667099,2021-11-12T10:41:07.099,95.24,0.525703431696164,-6.062271776888876,16.18066752460181
1636731667109,2021-11-12T10:41:07.109,95.25,-0.17174893699848656,-6.226506560217871,16.553596017312515
1636731667119,2021-11-12T10:41:07.119,95.26,-0.8234122740309638,-5.993542992780665,16.22514122526058
1636731667129,2021-11-12T10:41:07.129,95.27,-1.0222567429251042,-5.429146246595655,15.499631295301457
1636731667139,2021-11-12T10:41:07.139,95.28,-0.772316793034265,-4.65803132050925,14.629764550163824
1636731667149,2021-11-12T10:41:07.149,95.29,-0.20294214221172888,-3.812297346356173,13.712473629195689
1636731667159,2021-11-12T10:41:07.159,95.3,0.26491252690267125,-2.9855135575994804,12.766174883422563
1636731667169,2021-11-12T10:41:07.169,95.31,0.08652346573655181,-2.2374836946581094,11.835640940531832
1636731667179,2021-11-12T10:41:07.179,95.32,-0.6651393413155727,-1.5749171157793465,10.96170359605632
1636731667189,2021-11-12T10:41:07.189,95.33,-1.2958724277906533,-0.8961193667726972,10.07502485268888
1636731667199,2021-11-12T10:41:07.199,95.34,-1.3448874680625824,-0.05161148021216666,9.022166337742554
1636731667209,2021-11-12T10:41:07.209,95.35,-1.0288973594333806,0.970723084201152,7.711440680935597
1636731667219,2021-11-12T10:41:07.219,95.36,-0.8940486497847543,1.9925299916087489,6.173400394287352
1636731667229,2021-11-12T10:41:07.229,95.37,-1.2324479057833277,2.8227761294494877,4.50523018320352
1636731667239,2021-11-12T10:41:07.239,95.38,-1.7633188544458793,3.427014404599518,2.8357683565875225
1636731667249,2021-11-12T10:41:07.249,95.39,-1.9336872489008803,3.901091437291684,1.3314636393575754
1636731667259,2021-11-12T10:41:07.259,95.4,-1.6375123765901014,4.335836335462818,0.14890716604815527
1636731667269,2021-11-12T10:41:07.269,95.41,-1.391794546120789,4.730603590752386,-0.6605299977945325
1636731667279,2021-11-12T10:41:07.279,95.42,-1.6071364047991292,5.011607692688324,-1.1733497582450572
1636731667289,2021-11-12T10:41:07.289,95.43,-2.0159683674167814,5.112651933483192,-1.502090860726165
1636731667299,2021-11-12T10:41:07.299,95.44,-2.108293817408891,5.029739393827374,-1.69637582079213
1636731667309,2021-11-12T10:41:07.309,95.45,-1.8276504712218915,4.804556424259671,-1.737632461740807
1636731667319,2021-11-12T10:41:07.319,95.46,-1.5211132087813553,4.483891837281583,-1.6154941597185168
1636731667329,2021-11-12T10:41:07.329,95.47,-1.415401421818759,4.0981745808471395,-1.4054337075202428
1636731667339,2021-11-12T10:41:07.339,95.48,-1.4307873457191205,3.6459096546913408,-1.2480222491564614
1636731667349,2021-11-12T10:41:07.349,95.49,-1.4188753747181149,3.1023304019440685,-1.2227229045378194
1636731667359,2021-11-12T10:41:07.359,95.5,-1.3600437562249887,2.472407465881835,-1.2876566853350557
1636731667369,2021-11-12T10:41:07.369,95.51,-1.299965821876914,1.8171814782177138,-1.3871438095762332
1636731667379,2021-11-12T10:41:07.379,95.52,-1.2108349351731402,1.2026500454092974,-1.533879024094563
1636731667389,2021-11-12T10:41:07.389,95.53,-1.0122509146065162,0.6372540100176277,-1.7137515113292876
1636731667399,2021-11-12T10:41:07.399,95.54,-0.715566850732132,0.0742902996704995,-1.8161714928932242
1636731667409,2021-11-12T10:41:07.409,95.55,-0.4366549880845031,-0.5207931206827713,-1.7558656057179567
1636731667419,2021-11-12T10:41:07.419,95.56,-0.24017381880123262,-1.1132324758675005,-1.5742549838458018
1636731667429,2021-11-12T10:41:07.429,95.57,-0.10470006536919674,-1.6392124103667522,-1.3528409371550794
1636731667439,2021-11-12T10:41:07.439,95.58,-0.0572327181075971,-2.0937233372710935,-1.124081576153823
1636731667449,2021-11-12T10:41:07.449,95.59,-0.15304478858865822,-2.5122573717482517,-0.9069178706696774
1636731667459,2021-11-12T10:41:07.459,95.6,-0.2959379655223064,-2.8747831264564634,-0.7199422953647008
1636731667469,2021-11-12T10:41:07.469,95.61,-0.2863236958655543,-3.1235081122059203,-0.5270813138756519
1636731667479,2021-11-12T10:41:07.479,95.62,-0.08598484489475747,-3.2710962352394075,-0.2680967420059583
1636731667489,2021-11-12T10:41:07.489,95.63,0.13877862473429073,-3.394001456605272,0.03344223998534007
1636731667499,2021-11-12T10:41:07.499,95.64,0.23368210057030706,-3.532800897337367,0.2694259715606638
1636731667509,2021-11-12T10:41:07.509,95.65,0.1566919996430731,-3.682733669000735,0.37380983008796
1636731667519,2021-11-12T10:41:07.519,95.66,-0.07693224817559952,-3.8449972057073003,0.4063355680118802
1636731667529,2021-11-12T10:41:07.529,95.67,-0.3804177537758796,-4.010760409092872,0.4932532590524996
1636731667539,2021-11-12T10:41:07.539,95.68,-0.6053439893243724,-4.143483979723178,0.6911487692151201
1636731667549,2021-11-12T10:41:07.549,95.69,-0.6896528361836214,-4.235729067727869,0.9277418164549917
1636731667559,2021-11-12T10:41:07.559,95.7,-0.6844914130821044,-4.322400023100805,1.0957517928877252
1636731667569,2021-11-12T10:41:07.569,95.71,-0.5883154185013872,-4.402260829994132,1.1620333777618417
1636731667579,2021-11-12T10:41:07.579,95.72,-0.3363905839651964,-4.4235842155590435,1.1309462421732484
1636731667589,2021-11-12T10:41:07.589,95.73,0.01989599185497906,-4.364178775115124,0.9573737274946723
1636731667599,2021-11-12T10:41:07.599,95.74,0.32077540071630734,-4.247955514469706,0.5903730705867254
1636731667609,2021-11-12T10:41:07.609,95.75,0.4996090443003637,-4.095362306883968,0.08309192749985121
1636731667619,2021-11-12T10:41:07.619,95.76,0.6062476632840816,-3.9249654774113605,-0.429387703738926
1636731667629,2021-11-12T10:41:07.629,95.77,0.6473889149905765,-3.764617166157069,-0.8676148013598732
1636731667639,2021-11-12T10:41:07.639,95.78,0.5746389504417622,-3.6165949408752134,-1.2451324119592582
1636731667649,2021-11-12T10:41:07.649,95.79,0.41197247371314516,-3.458227436689786,-1.5669639368737962
1636731667659,2021-11-12T10:41:07.659,95.8,0.23117029145889567,-3.2812617470615377,-1.796597081559674
1636731667669,2021-11-12T10:41:07.669,95.81,0.013379104406785382,-3.0849379080186097,-1.941476819720593
1636731667679,2021-11-12T10:41:07.679,95.82,-0.31374274381405126,-2.8615779140371176,-2.068818337636623
1636731667689,2021-11-12T10:41:07.689,95.83,-0.7094279762295773,-2.629584503302783,-2.224851511481937
1636731667699,2021-11-12T10:41:07.699,95.84,-1.0345931019955525,-2.4292403646903447,-2.4073592541757955
1636731667709,2021-11-12T10:41:07.709,95.85,-1.2334872918353357,-2.253342739281509,-2.592643220774615
1636731667719,2021-11-12T10:41:07.719,95.86,-1.3620117129604346,-2.0456677182035112,-2.7416302102297907
1636731667729,2021-11-12T10:41:07.729,95.87,-1.4339956672502727,-1.8010750024263436,-2.8119296071215176
1636731667739,2021-11-12T10:41:07.739,95.88,-1.3972834647280368,-1.596203012182002,-2.785923345010689
1636731667749,2021-11-12T10:41:07.749,95.89,-1.291365295110348,-1.4765728122672326,-2.6817197101863233
1636731667759,2021-11-12T10:41:07.759,95.9,-1.2615410263701277,-1.386657170152405,-2.549799463628067
1636731667769,2021-11-12T10:41:07.769,95.91,-1.3478550031449756,-1.2703696202555195,-2.447504057905659
1636731667779,2021-11-12T10:41:07.779,95.92,-1.411694541957024,-1.1631734219256247,-2.4056290596964343
1636731667789,2021-11-12T10:41:07.789,95.93,-1.353073917642559,-1.1115449081390962,-2.4384136053966525
1636731667799,2021-11-12T10:41:07.799,95.94,-1.2581588995650148,-1.0896610327690945,-2.5550705197837034
1636731667809,2021-11-12T10:41:07.809,95.95,-1.2544387945695308,-1.0846762442781817,-2.727142288691244
1636731667819,2021-11-12T10:41:07.819,95.96,-1.3524716265844943,-1.157715176182166,-2.895936638821529
1636731667829,2021-11-12T10:41:07.829,95.97,-1.5028827479981555,-1.3158878639605263,-3.0366733876468763
1636731667839,2021-11-12T10:41:07.839,95.98,-1.7068607012373098,-1.4507460403099777,-3.1734178022132733
1636731667849,2021-11-12T10:41:07.849,95.99,-1.9707667638189097,-1.5055128989015614,-3.3393575909777926
1636731667859,2021-11-12T10:41:07.859,96.0,-2.145802830424213,-1.5359580415617844,-3.5382413739051835
1636731667869,2021-11-12T10:41:07.869,96.01,-1.9184402521274062,-1.5141829303286691,-3.7103865742501183
1636731667879,2021-11-12T10:41:07.879,96.02,-1.116619347481198,-1.3011986562602205,-3.760840631524601
1636731667889,2021-11-12T10:41:07.889,96.03,0.0035593278360377956,-0.9221467143988753,-3.667802677026673
1636731667899,2021-11-12T10:41:07.899,96.04,0.9503022589139372,-0.6261060644458369,-3.503846880425365
1636731667909,2021-11-12T10:41:07.909,96.05,1.4350630608236523,-0.5609810381284125,-3.3091603305167094
1636731667919,2021-11-12T10:41:07.919,96.06,1.4851209553805216,-0.5955048646614598,-3.02429374233602
1636731667929,2021-11-12T10:41:07.929,96.07,1.2917641160388151,-0.5467014577453037,-2.582985387134125
1636731667939,2021-11-12T10:41:07.939,96.08,1.1381369846630298,-0.4032398486065402,-2.017554438293451
1636731667949,2021-11-12T10:41:07.949,96.09,1.2585846872982218,-0.23738335512516517,-1.469864311083015
1636731667959,2021-11-12T10:41:07.959,96.1,1.5665504519933788,-0.03614308340021182,-1.1063443999105154
1636731667969,2021-11-12T10:41:07.969,96.11,1.7239665294532214,0.2612061973643378,-0.9812589678643007
1636731667979,2021-11-12T10:41:07.979,96.12,1.5966496284851535,0.6156402987561814,-1.0028209812130675
1636731667989,2021-11-12T10:41:07.989,96.13,1.4086722259699682,0.9035900009420472,-1.0684213364848227
1636731667999,2021-11-12T10:41:07.999,96.14,1.3736677215450186,1.1007150877108147,-1.1576553311197577
1636731668009,2021-11-12T10:41:08.009,96.15,1.4237422704184575,1.3348313521364397,-1.2617844311905402
1636731668019,2021-11-12T10:41:08.019,96.16,1.4067749022099787,1.6813931138216267,-1.3425245261542424
1636731668029,2021-11-12T10:41:08.029,96.17,1.3451042603651524,2.0216236707013886,-1.4040781272781304
1636731668039,2021-11-12T10:41:08.039,96.18,1.3412947898401888,2.216577120431765,-1.5010010228202462
1636731668049,2021-11-12T10:41:08.049,96.19,1.3552920933571597,2.3078884103295274,-1.651789571300979
1636731668059,2021-11-12T10:41:08.059,96.2,1.2725215508825198,2.413578981574707,-1.8110813486435808
1636731668069,2021-11-12T10:41:08.069,96.21,1.1380639202732816,2.529763268800457,-1.910298161429673
1636731668079,2021-11-12T10:41:08.079,96.22,1.1175523388608746,2.5639787131039995,-1.8957642988817835
1636731668089,2021-11-12T10:41:08.089,96.23,1.2492400018772998,2.4808206826077353,-1.765228147723923
1636731668099,2021-11-12T10:41:08.099,96.24,1.4027273551396826,2.3135935541281984,-1.5659510761432818
1636731668109,2021-11-12T10:41:08.109,96.25,1.439238317692026,2.0954461675964207,-1.3386147193902076
1636731668119,2021-11-12T10:41:08.119,96.26,1.3399412249515046,1.851920816287,-1.1030696551046892
1636731668129,2021-11-12T10:41:08.129,96.27,1.2734049168036439,1.6141840873356408,-0.895326542571113
1636731668139,2021-11-12T10:41:08.139,96.28,1.460994168051479,1.3860334472283244,-0.7508594749340418
1636731668149,2021-11-12T10:41:08.149,96.29,1.8156930346575888,1.1349676550185306,-0.6420957006814532
1636731668159,2021-11-12T10:41:08.159,96.3,1.9493083827683626,0.841512780455782,-0.4889073284711386
1636731668169,2021-11-12T10:41:08.169,96.31,1.74418811772111,0.5096641760824404,-0.26559360942912225
1636731668179,2021-11-12T10:41:08.179,96.32,1.5626286462950445,0.13427419514581806,-0.060826597835399225
1636731668189,2021-11-12T10:41:08.189,96.33,1.6640835497855282,-0.2738509283346696,0.026292597029996145
1636731668199,2021-11-12T10:41:08.199,96.34,1.8266146295034447,-0.6578618261233571,0.01387433979752271
1636731668209,2021-11-12T10:41:08.209,96.35,1.7812632677539257,-0.9792190921514143,-0.01722122389246657
1636731668219,2021-11-12T10:41:08.219,96.36,1.630304578113229,-1.263967728102286,-0.05505148856420525
1636731668229,2021-11-12T10:41:08.229,96.37,1.5963084539184642,-1.5315776886647279,-0.13923258044439274
1636731668239,2021-11-12T10:41:08.239,96.38,1.6668377376587236,-1.7481892784426543,-0.2621210328976462
1636731668249,2021-11-12T10:41:08.249,96.39,1.7081825584760826,-1.8930157698234655,-0.36498443574812606
1636731668259,2021-11-12T10:41:08.259,96.4,1.7064843771040206,-2.0021479359658634,-0.3911910399059172
1636731668269,2021-11-12T10:41:08.269,96.41,1.7022944093128136,-2.1171527925697204,-0.3095643666904873
1636731668279,2021-11-12T10:41:08.279,96.42,1.6541613099920474,-2.2377737014473227,-0.12281238570748615
1636731668289,2021-11-12T10:41:08.289,96.43,1.5355110306906146,-2.3385940260481815,0.14776220197377976
1636731668299,2021-11-12T10:41:08.299,96.44,1.4352056889651106,-2.4044714081025855,0.5053056480295994
1636731668309,2021-11-12T10:41:08.309,96.45,1.4376954849653198,-2.4404296938771473,0.9610432566279472
1636731668319,2021-11-12T10:41:08.319,96.46,1.5025611184758298,-2.4577196736114835,1.453589427649441
1636731668329,2021-11-12T10:41:08.329,96.47,1.5262999798415195,-2.463221933856709,1.8556245404600507
1636731668339,2021-11-12T10:41:08.339,96.48,1.4679385011164745,-2.471439422551631,2.0948625772396263
1636731668349,2021-11-12T10:41:08.349,96.49,1.3961903014165538,-2.5166017222374846,2.1982340755172616
1636731668359,2021-11-12T10:41:08.359,96.5,1.4071052276819973,-2.6222616965480285,2.19329581073975
1636731668369,2021-11-12T10:41:08.369,96.51,1.4944744946364534,-2.7580386703641184,2.0527938917999333
1636731668379,2021-11-12T10:41:08.379,96.52,1.568046517906583,-2.8707978822046654,1.7682342611445312
1636731668389,2021-11-12T10:41:08.389,96.53,1.6044476642550816,-2.955870619240385,1.3857266356260605
1636731668399,2021-11-12T10:41:08.399,96.54,1.6750179327465262,-3.0449118363734353,0.930429364848031
1636731668409,2021-11-12T10:41:08.409,96.55,1.8104560062325161,-3.1488913703823656,0.3917029821959847
1636731668419,2021-11-12T10:41:08.419,96.56,1.943526488587254,-3.2613203850236085,-0.18521943595353935
1636731668429,2021-11-12T10:41:08.429,96.57,2.010044008154604,-3.364174725751992,-0.7035570513856193
1636731668439,2021-11-12T10:41:08.439,96.58,2.030880655751913,-3.405899932925898,-1.1377749579862968
1636731668449,2021-11-12T10:41:08.449,96.59,2.0705714727763045,-3.3452654897598477,-1.5409321884090947
1636731668459,2021-11-12T10:41:08.459,96.6,2.1474848146297942,-3.2096806453977393,-1.9224098306425916
1636731668469,2021-11-12T10:41:08.469,96.61,2.189499395104273,-3.0386666529735855,-2.2400753999752236
1636731668479,2021-11-12T10:41:08.479,96.62,2.0930752755714734,-2.803964865181241,-2.5110517862945443
1636731668489,2021-11-12T10:41:08.489,96.63,1.8582126604948528,-2.460671719093988,-2.8018139231237784
1636731668499,2021-11-12T10:41:08.499,96.64,1.6046234173125131,-2.0567377893274172,-3.120136905608934
1636731668509,2021-11-12T10:41:08.509,96.65,1.4045540875568991,-1.7127894160454198,-3.432814126610932
1636731668519,2021-11-12T10:41:08.519,96.66,1.2327366402225512,-1.4702406373082937,-3.740102580068731
1636731668529,2021-11-12T10:41:08.529,96.67,1.1121659154062526,-1.2492619293037586,-4.021397673308891
1636731668539,2021-11-12T10:41:08.539,96.68,1.069814253525616,-1.018870060895579,-4.189137711339731
1636731668549,2021-11-12T10:41:08.549,96.69,0.9662291566543324,-0.8845377796686991,-4.193268400654848
1636731668559,2021-11-12T10:41:08.559,96.7,0.7010975733268971,-0.9227612271416513,-4.091429683969763
1636731668569,2021-11-12T10:41:08.569,96.71,0.4850874082099276,-1.0795365404546549,-3.9585081752050417
1636731668579,2021-11-12T10:41:08.579,96.72,0.5452310808987748,-1.2925494501594474,-3.780675158325396
1636731668589,2021-11-12T10:41:08.589,96.73,0.7949357254194549,-1.5362062612096214,-3.470790146462328
1636731668599,2021-11-12T10:41:08.599,96.74,1.1077834368344777,-1.7299784008947081,-2.9919875063492705
1636731668609,2021-11-12T10:41:08.609,96.75,1.5218282517368071,-1.800133098706123,-2.429025323779746
1636731668619,2021-11-12T10:41:08.619,96.76,1.9513257320925548,-1.8198369381765271,-1.8625640336872211
1636731668629,2021-11-12T10:41:08.629,96.77,2.1510438261285585,-1.9070738421853928,-1.2407162566924597
1636731668639,2021-11-12T10:41:08.639,96.78,2.0510135427824263,-2.0382513412268066,-0.5179305368009066
1636731668649,2021-11-12T10:41:08.649,96.79,1.7844093355987956,-2.1205055574833516,0.17017686050065636
1636731668659,2021-11-12T10:41:08.659,96.8,1.492169107827355,-2.141640361352883,0.6515342972406455
1636731668669,2021-11-12T10:41:08.669,96.81,1.31025777361432,-2.10083906941792,0.937565563619189
1636731668679,2021-11-12T10:41:08.679,96.82,1.331531538510458,-1.9311855279921586,1.1194941141716979
1636731668689,2021-11-12T10:41:08.689,96.83,1.446230460089865,-1.6319536645491932,1.164190906479414
1636731668699,2021-11-12T10:41:08.699,96.84,1.4201300034900473,-1.345697379926472,0.9908147450207714
1636731668709,2021-11-12T10:41:08.709,96.85,1.206838688668994,-1.1918669662256132,0.6358570342718796
1636731668719,2021-11-12T10:41:08.719,96.86,1.013944323285707,-1.1299138842417493,0.19635368410507
1636731668729,2021-11-12T10:41:08.729,96.87,1.0029407823656156,-1.062030196573504,-0.28900720888427145
1636731668739,2021-11-12T10:41:08.739,96.88,1.0857049865128379,-0.984393114026257,-0.8123736461942757
1636731668749,2021-11-12T10:41:08.749,96.89,1.0946567532025737,-0.9679927448998472,-1.3480677092131637
1636731668759,2021-11-12T10:41:08.759,96.9,1.0125595203247104,-1.0399125804246037,-1.8804807298137
1636731668769,2021-11-12T10:41:08.769,96.91,0.9423435025485518,-1.1593432169254232,-2.39924832243655
1636731668779,2021-11-12T10:41:08.779,96.92,0.9500511360613662,-1.3095871300685007,-2.8440792696359285
1636731668789,2021-11-12T10:41:08.789,96.93,1.0163518889477623,-1.5334117362475417,-3.1122556328613347
1636731668799,2021-11-12T10:41:08.799,96.94,1.080517796384333,-1.8308299355533946,-3.1368018509398503
1636731668809,2021-11-12T10:41:08.809,96.95,1.0829854690516543,-2.0928377092821657,-2.9423734883555226
1636731668819,2021-11-12T10:41:08.819,96.96,1.019963000501331,-2.214626863555612,-2.6279473331382004
1636731668829,2021-11-12T10:41:08.829,96.97,0.983949038899002,-2.2280063163365904,-2.296689715232485
1636731668839,2021-11-12T10:41:08.839,96.98,1.059679005489476,-2.2433933893283617,-2.0006928109351545
1636731668849,2021-11-12T10:41:08.849,96.99,1.160012915663013,-2.2924867916353713,-1.7507711198250262
1636731668859,2021-11-12T10:41:08.859,97.0,1.1471975827088552,-2.3052587033670826,-1.5619743497772665
1636731668869,2021-11-12T10:41:08.869,97.01,1.14342182750735,-2.2376156388326613,-1.4661186186742001
1636731668879,2021-11-12T10:41:08.879,97.02,1.4062708075380683,-2.152992597328206,-1.462392427740135
1636731668889,2021-11-12T10:41:08.889,97.03,1.8394369222961897,-2.1457066928784387,-1.4735278691037856
1636731668899,2021-11-12T10:41:08.899,97.04,2.016043582938323,-2.232406452718245,-1.4126247017806501
1636731668909,2021-11-12T10:41:08.909,97.05,1.75099738979093,-2.3661452209769296,-1.2985026494727439
1636731668919,2021-11-12T10:41:08.919,97.06,1.2998318973950655,-2.5099409026768122,-1.226611955590149
1636731668929,2021-11-12T10:41:08.929,97.07,0.9866498418228833,-2.6352897145252343,-1.213014290430142
1636731668939,2021-11-12T10:41:08.939,97.08,0.9383506971033512,-2.6749144419536206,-1.141221652034813
1636731668949,2021-11-12T10:41:08.949,97.09,1.1751355918424276,-2.530178950586981,-0.894745003064744
1636731668959,2021-11-12T10:41:08.959,97.1,1.6805525648903636,-2.148280687412835,-0.5291859903436396
1636731668969,2021-11-12T10:41:08.969,97.11,2.29233137919487,-1.5892731564268305,-0.29217595825177933
1636731668979,2021-11-12T10:41:08.979,97.12,2.7127384884838786,-0.9836760463261168,-0.43026501751037216
1636731668989,2021-11-12T10:41:08.989,97.13,2.7596238085221874,-0.4218719655330889,-0.9874072810062502
1636731668999,2021-11-12T10:41:08.999,97.14,2.5245986719269546,0.08296287632513366,-1.84124667950173
1636731669009,2021-11-12T10:41:09.009,97.15,2.2342096326847414,0.5646603386663182,-2.8349565680597886
1636731669019,2021-11-12T10:41:09.019,97.16,1.9981136088303662,1.0794663846542478,-3.729094907577502
1636731669029,2021-11-12T10:41:09.029,97.17,1.6625579220326632,1.6429093231645546,-4.141287647254142
1636731669039,2021-11-12T10:41:09.039,97.18,0.9815353991813486,2.167854348082342,-3.7247907758684917
1636731669049,2021-11-12T10:41:09.049,97.19,0.08203279294693429,2.537706636180207,-2.353057423099795
1636731669059,2021-11-12T10:41:09.059,97.2,-0.47240949996699905,2.7201307644756234,-0.10074568154534286
1636731669069,2021-11-12T10:41:09.069,97.21,-0.391169034197679,2.744536741558716,2.7684913480292788
1636731669079,2021-11-12T10:41:09.079,97.22,-0.13465224154124827,2.629180026188222,5.783299193720457
1636731669089,2021-11-12T10:41:09.089,97.23,-0.3025938695547941,2.3947231033159877,8.463914823352875
1636731669099,2021-11-12T10:41:09.099,97.24,-0.8311490837048294,2.0976423679378335,10.595085105577047
1636731669109,2021-11-12T10:41:09.109,97.25,-1.207933089437262,1.7999265803953062,12.207733635734694
1636731669119,2021-11-12T10:41:09.119,97.26,-1.2530044450114852,1.5259843561622066,13.36297044784696
1636731669129,2021-11-12T10:41:09.129,97.27,-1.2013384630980237,1.2919648906597685,14.06961264924156
1636731669139,2021-11-12T10:41:09.139,97.28,-1.1273008722072215,1.1903462133136098,14.31640634868548
1636731669149,2021-11-12T10:41:09.149,97.29,-0.8537629311074802,1.3893526431686154,14.012862577166688
1636731669159,2021-11-12T10:41:09.159,97.3,-0.4488170094140745,1.9929664115231573,12.941853077800332
1636731669169,2021-11-12T10:41:09.169,97.31,-0.2800062053327911,2.941169637244066,10.986796334281687
1636731669179,2021-11-12T10:41:09.179,97.32,-0.5335067226301328,4.08612431180667,8.466250261712105
1636731669189,2021-11-12T10:41:09.189,97.33,-1.0628454980366708,5.306496154780763,6.075944539044927
1636731669199,2021-11-12T10:41:09.199,97.34,-1.6374569778877315,6.515722659442968,4.397256457203711
1636731669209,2021-11-12T10:41:09.209,97.35,-2.0998195150979067,7.627497206854644,3.5333573919163173
1636731669219,2021-11-12T10:41:09.219,97.36,-2.4320891350077067,8.565750977330918,3.2289968478160045
1636731669229,2021-11-12T10:41:09.229,97.37,-2.7280019144339858,9.316234944720906,3.1510934303344222
1636731669239,2021-11-12T10:41:09.239,97.38,-2.9628318675791547,9.970711803450783,2.905281314664321
1636731669249,2021-11-12T10:41:09.249,97.39,-3.0072531961990143,10.673962067182678,1.9685188076641218
1636731669259,2021-11-12T10:41:09.259,97.4,-3.0273835956248063,11.480490907742348,-0.026512093003268067
1636731669269,2021-11-12T10:41:09.269,97.41,-3.4339378245259375,12.292238612991813,-2.8539468161999046
1636731669279,2021-11-12T10:41:09.279,97.42,-4.178660760209526,12.946092515314845,-5.728107558313223
1636731669289,2021-11-12T10:41:09.289,97.43,-4.552266788463335,13.306287198126226,-7.801144787140871
1636731669299,2021-11-12T10:41:09.299,97.44,-4.009328135271007,13.252235800556218,-8.539249773881247
1636731669309,2021-11-12T10:41:09.309,97.45,-2.918176564825063,12.641339332285462,-7.813944737129488
1636731669319,2021-11-12T10:41:09.319,97.46,-2.2175456547467496,11.38589164539785,-5.955511958066895
1636731669329,2021-11-12T10:41:09.329,97.47,-2.426403656095202,9.612005167465648,-3.6939215050233933
1636731669339,2021-11-12T10:41:09.339,97.48,-3.1806176179677497,7.675539457675248,-1.8174965273846853
1636731669349,2021-11-12T10:41:09.349,97.49,-3.776557874691341,5.929112343565008,-0.8061234052573518
1636731669359,2021-11-12T10:41:09.359,97.5,-3.990736870665928,4.477963811113485,-0.7132649592218546
1636731669369,2021-11-12T10:41:09.369,97.51,-4.140396315314272,3.2222817984246057,-1.2333697397060515
1636731669379,2021-11-12T10:41:09.379,97.52,-4.468759267662812,2.094343797268505,-1.845703554310643
1636731669389,2021-11-12T10:41:09.389,97.53,-4.876053865228226,1.128885195513167,-1.9599121843715896
1636731669399,2021-11-12T10:41:09.399,97.54,-5.257499411026157,0.31675757193300236,-1.055756316037815
1636731669409,2021-11-12T10:41:09.409,97.55,-5.68328258453907,-0.4279280151870917,1.0126069751142701
1636731669419,2021-11-12T10:41:09.419,97.56,-6.173749841663975,-1.088762863977981,3.718944658098831
1636731669429,2021-11-12T10:41:09.429,97.57,-6.641867646362279,-1.506470026247022,6.1778900150256995
1636731669439,2021-11-12T10:41:09.439,97.58,-7.08911198462447,-1.6353822491109171,7.941711930416503
1636731669449,2021-11-12T10:41:09.449,97.59,-7.559995552685505,-1.6870884051771653,9.250300944406183
1636731669459,2021-11-12T10:41:09.459,97.6,-7.943830864575071,-1.8742964294480142,10.421608667003916
1636731669469,2021-11-12T10:41:09.469,97.61,-8.102895156203212,-2.147055842637848,11.339524081389593
1636731669479,2021-11-12T10:41:09.479,97.62,-8.084424146394673,-2.321866437932489,11.73848277720861
1636731669489,2021-11-12T10:41:09.489,97.63,-7.968728895735774,-2.348317618562041,11.74780501040013
1636731669499,2021-11-12T10:41:09.499,97.64,-7.69085423362523,-2.3057953140049783,11.89701795115029
1636731669509,2021-11-12T10:41:09.509,97.65,-7.156041988403327,-2.1984743764717116,12.629497336674216
1636731669519,2021-11-12T10:41:09.519,97.66,-6.340475307702318,-1.8732765950340662,13.882725629619532
1636731669529,2021-11-12T10:41:09.529,97.67,-5.35498367850821,-1.1814527898723326,15.059639330442621
1636731669539,2021-11-12T10:41:09.539,97.68,-4.680523742856673,-0.21186801832414462,15.430345565931997
1636731669549,2021-11-12T10:41:09.549,97.69,-5.111575780796857,0.6743888977935792,14.710139999694386
1636731669559,2021-11-12T10:41:09.559,97.7,-6.988148843364591,1.0909545821765216,13.278739422573981
1636731669569,2021-11-12T10:41:09.569,97.71,-9.418740648081837,0.9319310229301565,11.829164391168057
1636731669579,2021-11-12T10:41:09.579,97.72,-10.56303749515847,0.4358035517769726,10.816515155087732
1636731669589,2021-11-12T10:41:09.589,97.73,-9.036079738854355,-0.07081880728067606,10.149637986546402
1636731669599,2021-11-12T10:41:09.599,97.74,-5.300097820080536,-0.5024075358622184,9.329795594260299
1636731669609,2021-11-12T10:41:09.609,97.75,-1.6613800038706719,-1.0093897056183287,7.916876738464289
1636731669619,2021-11-12T10:41:09.619,97.76,-0.535244966369854,-1.5804815077928434,5.8920809604186655
1636731669629,2021-11-12T10:41:09.629,97.77,-2.3368887753528877,-1.7896183449345866,3.636174850425732
1636731669639,2021-11-12T10:41:09.639,97.78,-5.059527576798456,-1.1509746193491628,1.666432444434365
1636731669649,2021-11-12T10:41:09.649,97.79,-6.154347623478791,0.23986522587188472,0.3702471516317369
1636731669659,2021-11-12T10:41:09.659,97.8,-4.843820340946844,1.5746075839192508,-0.15467758208282784
1636731669669,2021-11-12T10:41:09.669,97.81,-2.379350986864888,1.9894074418372751,-0.08593620772985287
1636731669679,2021-11-12T10:41:09.679,97.82,-0.25790049970915163,1.2906722189517166,0.3390700965364061
1636731669689,2021-11-12T10:41:09.689,97.83,1.1037619229533049,-0.04396473684900837,1.1014358645675657
1636731669699,2021-11-12T10:41:09.699,97.84,1.9109927779485039,-1.3678252250556653,2.4486366573636253
1636731669709,2021-11-12T10:41:09.709,97.85,2.1872001344362,-2.2377676847142496,4.581226225517379
1636731669719,2021-11-12T10:41:09.719,97.86,1.9811866248787944,-2.5624903298377015,7.288887168480516
1636731669729,2021-11-12T10:41:09.729,97.87,1.7830175699366775,-2.620140077189558,9.963150199585296
1636731669739,2021-11-12T10:41:09.739,97.88,2.049767048592112,-2.8788575857281673,11.936560544756656
1636731669749,2021-11-12T10:41:09.749,97.89,2.5431195213452846,-3.6569382695669113,12.761877120147133
1636731669759,2021-11-12T10:41:09.759,97.9,2.7379413689992456,-4.815585212603564,12.37608755293617
1636731669769,2021-11-12T10:41:09.769,97.91,2.7449944095221355,-5.770467358138811,11.269159990613666
1636731669779,2021-11-12T10:41:09.779,97.92,3.116169910306338,-5.9603160489992595,10.312171150840241
1636731669789,2021-11-12T10:41:09.789,97.93,3.7221628195169334,-5.347393115617166,10.03397695469912
1636731669799,2021-11-12T10:41:09.799,97.94,3.6396784506433524,-4.364519259951951,10.150366155621674
1636731669809,2021-11-12T10:41:09.809,97.95,2.390393942417565,-3.4352767932104697,10.02036001679097
1636731669819,2021-11-12T10:41:09.819,97.96,0.55404076502092,-2.688830193039787,9.267860519391547
1636731669829,2021-11-12T10:41:09.829,97.97,-1.0747927637304076,-2.0596927210190534,7.745065511362104
1636731669839,2021-11-12T10:41:09.839,97.98,-2.172063773235394,-1.4508076671367611,5.366964707157376
1636731669849,2021-11-12T10:41:09.849,97.99,-2.5651398063822404,-0.7547265192135159,2.3367088270558236
1636731669859,2021-11-12T10:41:09.859,98.0,-2.0858315056790375,0.13949642333747259,-0.8030823805821627
1636731669869,2021-11-12T10:41:09.869,98.01,-1.0114451306928007,1.2221010123484575,-3.5967778111143085
1636731669879,2021-11-12T10:41:09.879,98.02,-0.03072389941770559,2.244861788056433,-5.929382839532867
1636731669889,2021-11-12T10:41:09.889,98.03,0.40123788902228674,2.8119131626373273,-7.794987885724231
1636731669899,2021-11-12T10:41:09.899,98.04,0.3048218516814449,2.63373300418925,-9.136226563048373
1636731669909,2021-11-12T10:41:09.909,98.05,-0.13142662450797749,1.7130057218008057,-10.035429682700464
1636731669919,2021-11-12T10:41:09.919,98.06,-0.6727432495033788,0.34087500668171145,-10.78206902503281
1636731669929,2021-11-12T10:41:09.929,98.07,-0.933081036432974,-1.060121920494503,-11.614099816061469
1636731669939,2021-11-12T10:41:09.939,98.08,-0.5956539474458462,-2.1283220974590944,-12.61813320034167
1636731669949,2021-11-12T10:41:09.949,98.09,0.17377472650836182,-2.6549135306115974,-13.93754896495439
1636731669959,2021-11-12T10:41:09.959,98.1,0.8010401888482859,-2.567409628062827,-15.772126198318066
1636731669969,2021-11-12T10:41:09.969,98.11,0.8898390777721652,-1.8886899146987495,-18.05265288188661
1636731669979,2021-11-12T10:41:09.979,98.12,0.5892745461387414,-0.6835308123364172,-20.367310521600608
1636731669989,2021-11-12T10:41:09.989,98.13,0.3172060829801964,0.9733823717664293,-22.317971499357228
1636731669999,2021-11-12T10:41:09.999,98.14,0.29880625145719314,2.9182732058002907,-23.744510228582648
1636731670009,2021-11-12T10:41:10.009,98.15,0.5488703435081758,4.802373792860518,-24.598307131824892
1636731670019,2021-11-12T10:41:10.019,98.16,1.1229763683137832,6.187234279048722,-24.943281170774974
1636731670029,2021-11-12T10:41:10.029,98.17,2.071752910504613,6.793888607701079,-25.150782608566935
1636731670039,2021-11-12T10:41:10.039,98.18,3.214017383018455,6.6462816012762085,-25.725500991627005
1636731670049,2021-11-12T10:41:10.049,98.19,4.2065418763523885,5.970028370099537,-26.81025401603143
1636731670059,2021-11-12T10:41:10.059,98.2,4.834848791698649,4.985424225630042,-28.076690045510993
1636731670069,2021-11-12T10:41:10.069,98.21,5.149496485121564,3.8373002634814233,-29.060297891159514
1636731670079,2021-11-12T10:41:10.079,98.22,5.354087075689847,2.690366374314404,-29.410455728947994
1636731670089,2021-11-12T10:41:10.089,98.23,5.596348928962931,1.778355833605123,-29.018935472873146
1636731670099,2021-11-12T10:41:10.099,98.24,5.881692295737535,1.3049595733594963,-28.194900999540234
1636731670109,2021-11-12T10:41:10.109,98.25,6.140692701294739,1.3309579663267295,-27.55862032249005
1636731670119,2021-11-12T10:41:10.119,98.26,6.226070169390472,1.752846112330107,-27.513012839789077
1636731670129,2021-11-12T10:41:10.129,98.27,5.899616254404041,2.3543071750908866,-27.87383990776959
1636731670139,2021-11-12T10:41:10.139,98.28,5.102866460514991,2.911191440315305,-28.085934278464997
1636731670149,2021-11-12T10:41:10.149,98.29,4.150210579341631,3.286634208316859,-27.705879928985702
1636731670159,2021-11-12T10:41:10.159,98.3,3.331953250553619,3.4198698221587223,-26.649781626673455
1636731670169,2021-11-12T10:41:10.169,98.31,2.5877145483367716,3.313462866773018,-25.07444466649568
1636731670179,2021-11-12T10:41:10.179,98.32,1.959690707883374,3.1840393450794324,-23.176445670545743
1636731670189,2021-11-12T10:41:10.189,98.33,1.8602734602740747,3.476175724059121,-21.28846407219961
1636731670199,2021-11-12T10:41:10.199,98.34,2.332203170546872,4.2999054419038325,-20.077959124961044
1636731670209,2021-11-12T10:41:10.209,98.35,2.6466696097982108,4.937867671369385,-20.179081408190022
1636731670219,2021-11-12T10:41:10.219,98.36,2.2579048098010452,4.652171267913736,-21.432983852800756
1636731670229,2021-11-12T10:41:10.229,98.37,1.5201809389273597,3.968405025877329,-22.86988373733533
1636731670239,2021-11-12T10:41:10.239,98.38,0.8866295048400761,4.071704994295862,-23.59471194516592
1636731670249,2021-11-12T10:41:10.249,98.39,0.14650452170737735,4.922929703704757,-23.301110949406116
1636731670259,2021-11-12T10:41:10.259,98.4,-0.8468038733873401,5.321885901244973,-21.874457357042417
1636731670269,2021-11-12T10:41:10.269,98.41,-1.3554306590025678,4.8006501712244845,-19.152225574970586
1636731670279,2021-11-12T10:41:10.279,98.42,-0.543514728560464,4.071339513601823,-15.51102347578124
1636731670289,2021-11-12T10:41:10.289,98.43,1.2148525067798475,3.697404478384831,-12.24440406320102
1636731670299,2021-11-12T10:41:10.299,98.44,2.593049542564204,3.510503041901328,-10.677799186822751
1636731670309,2021-11-12T10:41:10.309,98.45,2.7494055320059787,3.249863118803236,-10.913831405347103
1636731670319,2021-11-12T10:41:10.319,98.46,1.8751876189763355,2.933985953885815,-11.87389358556517
1636731670329,2021-11-12T10:41:10.329,98.47,0.5572933632070862,2.6432960941696093,-12.455420242752195
1636731670339,2021-11-12T10:41:10.339,98.48,-0.6805717892461679,2.408473463378235,-12.174778293608355
1636731670349,2021-11-12T10:41:10.349,98.49,-1.4262131119881807,2.2603492347628857,-10.863749556358897
1636731670359,2021-11-12T10:41:10.359,98.5,-1.6238784128586168,2.1641315173158695,-8.409838831551937
1636731670369,2021-11-12T10:41:10.369,98.51,-1.5938194969411605,2.0028797110372354,-4.946227018311983
1636731670379,2021-11-12T10:41:10.379,98.52,-1.4741922764500872,1.7403715402335582,-0.9501304543323156
1636731670389,2021-11-12T10:41:10.389,98.53,-1.0109022766639324,1.4630485830214437,3.004069935565496
1636731670399,2021-11-12T10:41:10.399,98.54,-0.12413127228158263,1.1734401285645542,6.540475682068954
1636731670409,2021-11-12T10:41:10.409,98.55,0.7658676093102692,0.6947493693665497,9.587785589425334
1636731670419,2021-11-12T10:41:10.419,98.56,1.249936518376462,-0.12685792633624748,12.28584852670258
1636731670429,2021-11-12T10:41:10.429,98.57,1.4205005477341353,-1.2780313940330452,14.785157841204207
1636731670439,2021-11-12T10:41:10.439,98.58,1.5319013125732184,-2.7269912392516775,17.093448978905045
1636731670449,2021-11-12T10:41:10.449,98.59,1.466634989337046,-4.52872717348254,19.073887077485672
1636731670459,2021-11-12T10:41:10.459,98.6,0.9894936883656082,-6.630295584763667,20.535379506010493
1636731670469,2021-11-12T10:41:10.469,98.61,0.23737202845923425,-8.724149412735047,21.27762771697328
1636731670479,2021-11-12T10:41:10.479,98.62,-0.6011810834658572,-10.460962149541503,21.10991665988498
1636731670489,2021-11-12T10:41:10.489,98.63,-1.710568956064682,-11.703268332064876,20.01707217221932
1636731670499,2021-11-12T10:41:10.499,98.64,-3.130000069066755,-12.458233338589189,18.372192614747348
1636731670509,2021-11-12T10:41:10.509,98.65,-4.285619112310775,-12.702779921065162,16.791964423762327
1636731670519,2021-11-12T10:41:10.519,98.66,-4.640040985034362,-12.415277653410667,15.708567804037791
1636731670529,2021-11-12T10:41:10.529,98.67,-4.239048729486483,-11.674229902449223,15.30468362060363
1636731670539,2021-11-12T10:41:10.539,98.68,-3.07702602091571,-10.60321408861351,15.830502579622737
1636731670549,2021-11-12T10:41:10.549,98.69,-0.7410669119167405,-9.307025366906881,17.44208398931523
1636731670559,2021-11-12T10:41:10.559,98.7,2.4968446711398475,-7.944709429965705,19.48742417888761
1636731670569,2021-11-12T10:41:10.569,98.71,5.052538584350617,-6.73226787935897,20.53963511806456
1636731670579,2021-11-12T10:41:10.579,98.72,5.597263472004819,-5.777846949505981,19.654294200841953
1636731670589,2021-11-12T10:41:10.589,98.73,4.670339553066443,-5.037067542035585,17.264820336390077
1636731670599,2021-11-12T10:41:10.599,98.74,3.730926812768407,-4.472427819083736,14.488227157787087
1636731670609,2021-11-12T10:41:10.609,98.75,3.251761708376943,-4.116976046647698,11.959536160885524
1636731670619,2021-11-12T10:41:10.619,98.76,2.766255688915458,-3.9754684048094595,9.710276348590915
1636731670629,2021-11-12T10:41:10.629,98.77,2.1805796509370636,-3.984532743653358,7.771729148039561
1636731670639,2021-11-12T10:41:10.639,98.78,1.9608712184765216,-4.059251154913806,6.39635068662464
1636731670649,2021-11-12T10:41:10.649,98.79,2.303818814263472,-4.131529308840839,5.800784532022721
1636731670659,2021-11-12T10:41:10.659,98.8,2.903846990578477,-4.195276276151191,6.010622558027327
1636731670669,2021-11-12T10:41:10.669,98.81,3.4245699103710106,-4.31843042255788,6.958459380952738
1636731670679,2021-11-12T10:41:10.679,98.82,3.7635656763936245,-4.548322997848041,8.593784901600321
1636731670689,2021-11-12T10:41:10.689,98.83,4.003192347769845,-4.824341407360058,10.883796837306422
1636731670699,2021-11-12T10:41:10.699,98.84,4.329031152751659,-5.028691282160445,13.664324956427361
1636731670709,2021-11-12T10:41:10.709,98.85,4.759855850282518,-5.075506999097525,16.38416740399896
1636731670719,2021-11-12T10:41:10.719,98.86,4.876623149613232,-4.9074448300978295,18.16300710704524
1636731670729,2021-11-12T10:41:10.729,98.87,4.219427851095,-4.471564938864559,18.432079900442428
1636731670739,2021-11-12T10:41:10.739,98.88,3.0168796308231727,-3.767517926652396,17.460066189964827
1636731670749,2021-11-12T10:41:10.749,98.89,2.0177018242308495,-2.8885149889074304,15.983534784602526
1636731670759,2021-11-12T10:41:10.759,98.9,1.5056677835335028,-1.9723826018473813,14.488056358789096
1636731670769,2021-11-12T10:41:10.769,98.91,1.044016934876543,-1.1349005168818902,13.151777213764689
1636731670779,2021-11-12T10:41:10.779,98.92,0.3986868830981489,-0.45634207295497387,12.254241886999807
1636731670789,2021-11-12T10:41:10.789,98.93,0.10603566319357852,0.034207039309052854,12.214215291246013
1636731670799,2021-11-12T10:41:10.799,98.94,0.651757409705435,0.39512200554707244,13.230323914856058
1636731670809,2021-11-12T10:41:10.809,98.95,1.6273142540501129,0.7283702576834113,15.045776814524668
1636731670819,2021-11-12T10:41:10.819,98.96,2.344455481673121,1.0739006987196862,17.02176037537552
1636731670829,2021-11-12T10:41:10.829,98.97,2.7598184537047157,1.4137127971418353,18.445691286260274
1636731670839,2021-11-12T10:41:10.839,98.98,3.1413600979011553,1.7565157250561136,18.9191323869545
1636731670849,2021-11-12T10:41:10.849,98.99,3.3831592370281767,2.1028611510284727,18.490645913419556
1636731670859,2021-11-12T10:41:10.859,99.0,3.256123045947671,2.3528315062278113,17.440740074316068
1636731670869,2021-11-12T10:41:10.869,99.01,2.919642022583854,2.365125510907725,16.092759721650324
1636731670879,2021-11-12T10:41:10.879,99.02,2.7196528182019177,2.0794754538024125,14.7845781888594
1636731670889,2021-11-12T10:41:10.889,99.03,2.69037843021876,1.50889085347114,13.735626832403511
1636731670899,2021-11-12T10:41:10.899,99.04,2.6110161311959925,0.6914508197390656,12.905724539133626
1636731670909,2021-11-12T10:41:10.909,99.05,2.4905980683898368,-0.2677927121839094,12.145759607137583
1636731670919,2021-11-12T10:41:10.919,99.06,2.6401189311625193,-1.1886413581634754,11.38461473912409
1636731670929,2021-11-12T10:41:10.929,99.07,3.1599842452103424,-1.92962478472006,10.515214320851078
1636731670939,2021-11-12T10:41:10.939,99.08,3.628815050080312,-2.459699681495273,9.263740946218396
1636731670949,2021-11-12T10:41:10.949,99.09,3.5112734275793516,-2.787898336119227,7.37436204657854
1636731670959,2021-11-12T10:41:10.959,99.1,2.759770080790555,-2.8950145905825053,4.893499547675195
1636731670969,2021-11-12T10:41:10.969,99.11,1.789632078096796,-2.7722631361942573,2.1995525151943953
1636731670979,2021-11-12T10:41:10.979,99.12,0.8942007188742107,-2.4767986352879805,-0.2270393361969842
1636731670989,2021-11-12T10:41:10.989,99.13,-0.01506499988275943,-2.120272626830116,-2.009899444888651
1636731670999,2021-11-12T10:41:10.999,99.14,-1.0080176612170397,-1.8183837332816486,-2.8723563154084903
1636731671009,2021-11-12T10:41:11.009,99.15,-1.807023529502782,-1.6280992336562234,-2.6340151081098258
1636731671019,2021-11-12T10:41:11.019,99.16,-2.0724101244314665,-1.4995051808908035,-1.4449965650870862
1636731671029,2021-11-12T10:41:11.029,99.17,-1.8195722649630999,-1.3205103163578054,0.0843730172827343
1636731671039,2021-11-12T10:41:11.039,99.18,-1.364338231290506,-1.0363071320248372,1.280137816054407
1636731671049,2021-11-12T10:41:11.049,99.19,-0.9704181000399786,-0.6918996974708174,1.9092269164678184
1636731671059,2021-11-12T10:41:11.059,99.2,-0.7068989644604282,-0.364760995384938,2.118460538446417
1636731671069,2021-11-12T10:41:11.069,99.21,-0.5862129416627107,-0.11901900998408234,2.03655240257677
1636731671079,2021-11-12T10:41:11.079,99.22,-0.6711781559244187,-0.012423706657910396,1.6974454510589465
1636731671089,2021-11-12T10:41:11.089,99.23,-0.9993395718630393,-0.07425770975022399,1.2336261684509584
1636731671099,2021-11-12T10:41:11.099,99.24,-1.4779557681583255,-0.2779877595494539,0.8528988855779128
1636731671109,2021-11-12T10:41:11.109,99.25,-1.906035497650632,-0.5712567097484096,0.6257051900723059
1636731671119,2021-11-12T10:41:11.119,99.26,-2.106606686724186,-0.9075879415079244,0.4766928058043054
1636731671129,2021-11-12T10:41:11.129,99.27,-2.0582817118187644,-1.241123933696956,0.3486892026912911
1636731671139,2021-11-12T10:41:11.139,99.28,-1.8950083199242749,-1.5410681660198373,0.20566553883919447
1636731671149,2021-11-12T10:41:11.149,99.29,-1.7406711571684679,-1.815380520775891,-0.044186232560313274
1636731671159,2021-11-12T10:41:11.159,99.3,-1.5735652020054036,-2.075387497441248,-0.4212812546773439
1636731671169,2021-11-12T10:41:11.169,99.31,-1.3221189020624637,-2.2884247067975396,-0.752710971286906
1636731671179,2021-11-12T10:41:11.179,99.32,-1.048054660620128,-2.411442864561308,-0.8857407407350012
1636731671189,2021-11-12T10:41:11.189,99.33,-0.9226695060801823,-2.45616814462701,-0.9343497703012738
1636731671199,2021-11-12T10:41:11.199,99.34,-1.0374061769025595,-2.4693419157504244,-1.1139044573315509
1636731671209,2021-11-12T10:41:11.209,99.35,-1.3309665212033543,-2.446046727202034,-1.4403281965316705
1636731671219,2021-11-12T10:41:11.219,99.36,-1.679579814425073,-2.316546505297229,-1.7961974856391505
1636731671229,2021-11-12T10:41:11.229,99.37,-1.9853311451812792,-2.056249283885848,-2.163330947613125
1636731671239,2021-11-12T10:41:11.239,99.38,-2.2122053164805786,-1.7493223944808898,-2.5677030445276303
1636731671249,2021-11-12T10:41:11.249,99.39,-2.3808719830869878,-1.4647849326008047,-2.9178772049754356
1636731671259,2021-11-12T10:41:11.259,99.4,-2.496523109193147,-1.1531503605412756,-3.114342889707336
1636731671269,2021-11-12T10:41:11.269,99.41,-2.5109460474183094,-0.782658671608133,-3.2243615418870872
1636731671279,2021-11-12T10:41:11.279,99.42,-2.4099174499577063,-0.4529552747839509,-3.392204078714237
1636731671289,2021-11-12T10:41:11.289,99.43,-2.246389028604815,-0.23233562671611258,-3.6714825323808453
1636731671299,2021-11-12T10:41:11.299,99.44,-2.0288382430974377,-0.036189063555334085,-4.0377251835908075
1636731671309,2021-11-12T10:41:11.309,99.45,-1.735639047543762,0.20165385978074155,-4.4556570896709315
1636731671319,2021-11-12T10:41:11.319,99.46,-1.4976759083857005,0.3974783337249583,-4.884119957152942
1636731671329,2021-11-12T10:41:11.329,99.47,-1.526128141212259,0.4601277734470312,-5.305382324360395
1636731671339,2021-11-12T10:41:11.339,99.48,-1.7383620408158458,0.4301280996107546,-5.736636517997715
1636731671349,2021-11-12T10:41:11.349,99.49,-1.6997426276617729,0.41019359594913685,-6.138544237729204
1636731671359,2021-11-12T10:41:11.359,99.5,-1.1104593503785494,0.45436540636257694,-6.379089018526752
1636731671369,2021-11-12T10:41:11.369,99.51,-0.16782673378130786,0.5593437660398667,-6.364400207358294
1636731671379,2021-11-12T10:41:11.379,99.52,0.6863278002814605,0.6857589338870982,-6.142765041144589
1636731671389,2021-11-12T10:41:11.389,99.53,1.1977367219747057,0.7634162738838298,-5.829900286213206
1636731671399,2021-11-12T10:41:11.399,99.54,1.3884444254787738,0.7454781905669163,-5.488106579327365
1636731671409,2021-11-12T10:41:11.409,99.55,1.412327949765627,0.6817388461058926,-5.112397147000616
1636731671419,2021-11-12T10:41:11.419,99.56,1.42369955609364,0.676562161755037,-4.691464438530673
1636731671429,2021-11-12T10:41:11.429,99.57,1.4723614185751892,0.7627253800932003,-4.240443831149698
1636731671439,2021-11-12T10:41:11.439,99.58,1.4892761147506846,0.8816945995471708,-3.7728529262906276
1636731671449,2021-11-12T10:41:11.449,99.59,1.4093476043084492,0.9785799915678552,-3.274267109399015
1636731671459,2021-11-12T10:41:11.459,99.6,1.2397982072260385,1.0388952709149633,-2.7450208521642496
1636731671469,2021-11-12T10:41:11.469,99.61,0.9933201029352379,1.0558247635170361,-2.259956433478047
1636731671479,2021-11-12T10:41:11.479,99.62,0.6819616138869122,1.0412245114495298,-1.9353162087416544
1636731671489,2021-11-12T10:41:11.489,99.63,0.3961648751056138,1.041884377323389,-1.8089763092629474
1636731671499,2021-11-12T10:41:11.499,99.64,0.24768532376827135,1.0791808845102673,-1.7676045540026322
1636731671509,2021-11-12T10:41:11.509,99.65,0.20451012781783007,1.0929535697709885,-1.6395265571829172
1636731671519,2021-11-12T10:41:11.519,99.66,0.12534696160780928,1.0041070762937914,-1.3867691277682779
1636731671529,2021-11-12T10:41:11.529,99.67,-0.011251608084781525,0.840792527546914,-1.1493100917390646
1636731671539,2021-11-12T10:41:11.539,99.68,-0.08313081784179603,0.7300593704598117,-1.0611239826912997
1636731671549,2021-11-12T10:41:11.549,99.69,-0.06251255557727167,0.7183259084653195,-1.1072667242038798
1636731671559,2021-11-12T10:41:11.559,99.7,-0.06354595624382861,0.7112002262449085,-1.210244075698459
1636731671569,2021-11-12T10:41:11.569,99.71,-0.11986014177734113,0.662808796969055,-1.3521678010796485
1636731671579,2021-11-12T10:41:11.579,99.72,-0.17026383663866113,0.6646698040135701,-1.5538672941906215
1636731671589,2021-11-12T10:41:11.589,99.73,-0.2876503216382188,0.7695996899880657,-1.8117275110527422
1636731671599,2021-11-12T10:41:11.599,99.74,-0.6120595875354551,0.904441402422702,-2.08344906439419
1636731671609,2021-11-12T10:41:11.609,99.75,-1.0063642701755886,1.0168219061144885,-2.307532944132972
1636731671619,2021-11-12T10:41:11.619,99.76,-1.104896683002885,1.156490741851111,-2.4773214735728315
1636731671629,2021-11-12T10:41:11.629,99.77,-0.8049400971225775,1.3684794103968863,-2.699813037573752
1636731671639,2021-11-12T10:41:11.639,99.78,-0.43418104746083097,1.6018702982625768,-3.0833142995926055
1636731671649,2021-11-12T10:41:11.649,99.79,-0.32854638518965595,1.7620957863544353,-3.561578677465146
1636731671659,2021-11-12T10:41:11.659,99.8,-0.4842063152282745,1.810944725120991,-3.9497826337680637
1636731671669,2021-11-12T10:41:11.669,99.81,-0.7141359901303023,1.7739133308883894,-4.1762068536262955
1636731671679,2021-11-12T10:41:11.679,99.82,-0.9137497702564077,1.6719909042493506,-4.317337635225892
1636731671689,2021-11-12T10:41:11.689,99.83,-1.0686409553703546,1.5061765838683114,-4.401803082999461
1636731671699,2021-11-12T10:41:11.699,99.84,-1.1783180785057419,1.2936572160078288,-4.345890404816312
1636731671709,2021-11-12T10:41:11.709,99.85,-1.2567519118042585,1.0627408078586182,-4.115957601041618
1636731671719,2021-11-12T10:41:11.719,99.86,-1.3123234824152767,0.8384253978801091,-3.8138630597160885
1636731671729,2021-11-12T10:41:11.729,99.87,-1.3126648304121447,0.6644651291667476,-3.5621928900134106
1636731671739,2021-11-12T10:41:11.739,99.88,-1.245311486955666,0.5899841669886019,-3.4037058386949495
1636731671749,2021-11-12T10:41:11.749,99.89,-1.2025965837847188,0.6189646576037235,-3.331254746845329
1636731671759,2021-11-12T10:41:11.759,99.9,-1.3097696837245651,0.7234698024243533,-3.325171134697997
1636731671769,2021-11-12T10:41:11.769,99.91,-1.5420525883920968,0.9012021881996264,-3.330587209548889
1636731671779,2021-11-12T10:41:11.779,99.92,-1.7153576983183005,1.164677008544699,-3.26197700746688
1636731671789,2021-11-12T10:41:11.789,99.93,-1.7110493324708016,1.4801479650532008,-3.069860810830437
1636731671799,2021-11-12T10:41:11.799,99.94,-1.612293934173599,1.778383087763543,-2.787844628900577
1636731671809,2021-11-12T10:41:11.809,99.95,-1.5744605932069256,2.033927253334089,-2.5053274787199262
1636731671819,2021-11-12T10:41:11.819,99.96,-1.646050173224383,2.2708934989285545,-2.287302371547432
1636731671829,2021-11-12T10:41:11.829,99.97,-1.7472314377046403,2.477178025751397,-2.1078052014894455
1636731671839,2021-11-12T10:41:11.839,99.98,-1.7715779929780409,2.593922501052113,-1.8906865981615808
1636731671849,2021-11-12T10:41:11.849,99.99,-1.6716473017717481,2.6161339322501354,-1.639987354825748
1636731671859,2021-11-12T10:41:11.859,100.0,-1.4502830774340945,2.6144518573597573,-1.4736105834266136
1636731671869,2021-11-12T10:41:11.869,100.01,-1.139397996327943,2.621965031612781,-1.4903789237305256
1636731671879,2021-11-12T10:41:11.879,100.02,-0.8430547232557847,2.5854361722253723,-1.6702171052378447
1636731671889,2021-11-12T10:41:11.889,100.03,-0.7076068193015019,2.4692607599847833,-1.9429936553148082
1636731671899,2021-11-12T10:41:11.899,100.04,-0.7351987564349451,2.331734925757758,-2.268445154514619
1636731671909,2021-11-12T10:41:11.909,100.05,-0.699781982189305,2.2559693100656806,-2.5781426012994
1636731671919,2021-11-12T10:41:11.919,100.06,-0.39073860929931753,2.2652123268631557,-2.728740450350326
1636731671929,2021-11-12T10:41:11.929,100.07,0.10342704247564374,2.3356587454537565,-2.6350212681942935
1636731671939,2021-11-12T10:41:11.939,100.08,0.5136240197518174,2.4500860729821037,-2.3904406268238283
1636731671949,2021-11-12T10:41:11.949,100.09,0.7433906983831655,2.6305808344551087,-2.138105912412345
1636731671959,2021-11-12T10:41:11.959,100.1,0.8841385670725121,2.9288657136947487,-1.9000246512463241
1636731671969,2021-11-12T10:41:11.969,100.11,0.9311040408035776,3.3523159985020614,-1.6501717976555417
1636731671979,2021-11-12T10:41:11.979,100.12,0.7979958306915377,3.803433484149453,-1.454496478948868
1636731671989,2021-11-12T10:41:11.989,100.13,0.5931061251312219,4.149992158430736,-1.4028043597188622
1636731671999,2021-11-12T10:41:11.999,100.14,0.4987471348699378,4.354226975435474,-1.4611796736444482
1636731672009,2021-11-12T10:41:12.009,100.15,0.4096557789091196,4.469959009471232,-1.4996173393338532
1636731672019,2021-11-12T10:41:12.019,100.16,0.16009313239978123,4.509340142601815,-1.4432356819558239
1636731672029,2021-11-12T10:41:12.029,100.17,-0.06613608657153042,4.405463991124495,-1.3064486010482173
1636731672039,2021-11-12T10:41:12.039,100.18,-0.19289624383447207,4.152203993560908,-1.0700297441447835
1636731672049,2021-11-12T10:41:12.049,100.19,-0.6591592117126488,3.8807510177768645,-0.6327700063831491
1636731672059,2021-11-12T10:41:12.059,100.2,-1.5213798982416122,3.7307591575994175,0.04403367887719686
1636731672069,2021-11-12T10:41:12.069,100.21,-1.8825267755220567,3.7343778500050684,0.8261218758162825
1636731672079,2021-11-12T10:41:12.079,100.22,-1.0878971698862867,3.859963358053495,1.5208293610781076
1636731672089,2021-11-12T10:41:12.089,100.23,0.3654768921469471,4.0683158759470235,2.047344089852743
1636731672099,2021-11-12T10:41:12.099,100.24,1.7028008507322185,4.301341079962032,2.437344278931403
1636731672109,2021-11-12T10:41:12.109,100.25,2.7652747198927146,4.485999052849416,2.7062821786378546
1636731672119,2021-11-12T10:41:12.119,100.26,3.6681703597569806,4.571056661672426,2.7798261764505083
1636731672129,2021-11-12T10:41:12.129,100.27,4.2818349934526525,4.552983442009355,2.576226212718194
1636731672139,2021-11-12T10:41:12.139,100.28,4.382179640583416,4.467509151865477,2.142739989735654
1636731672149,2021-11-12T10:41:12.149,100.29,3.9889774353886236,4.335943271736243,1.6437428564768022
1636731672159,2021-11-12T10:41:12.159,100.3,3.3233731280315144,4.126162169253748,1.2129518009708216
1636731672169,2021-11-12T10:41:12.169,100.31,2.531990912535208,3.8011442539316156,0.8855651325257142
1636731672179,2021-11-12T10:41:12.179,100.32,1.616842329669905,3.3740725088521013,0.6611402050207937
1636731672189,2021-11-12T10:41:12.189,100.33,0.6130693025327026,2.8699515242615483,0.5609750955285798
1636731672199,2021-11-12T10:41:12.199,100.34,-0.3213955775485313,2.2802712574846518,0.6179770468785362
1636731672209,2021-11-12T10:41:12.209,100.35,-1.0350383643072691,1.5959274406212423,0.8377556358296419
1636731672219,2021-11-12T10:41:12.219,100.36,-1.5090593723896752,0.8372609938973323,1.1776678633754403
1636731672229,2021-11-12T10:41:12.229,100.37,-1.835342337772912,0.031790505052792226,1.5599710582694022
1636731672239,2021-11-12T10:41:12.239,100.38,-2.1318279137645453,-0.7962125045781553,1.884469222069756
1636731672249,2021-11-12T10:41:12.249,100.39,-2.4736380202877033,-1.6109735451805616,2.022383367074915
1636731672259,2021-11-12T10:41:12.259,100.4,-2.861320704661625,-2.366769254656954,1.840403505763362
1636731672269,2021-11-12T10:41:12.269,100.41,-3.253909348837831,-3.021090277957143,1.2706256362752673
1636731672279,2021-11-12T10:41:12.279,100.42,-3.632804845742882,-3.548162423528437,0.355220990544353
1636731672289,2021-11-12T10:41:12.289,100.43,-4.018067500828482,-3.9538181998258723,-0.7815976100595755
1636731672299,2021-11-12T10:41:12.299,100.44,-4.40532229821455,-4.261764444283522,-1.9965966484789073
1636731672309,2021-11-12T10:41:12.309,100.45,-4.68249017569288,-4.471511078866731,-3.1741911582830538
1636731672319,2021-11-12T10:41:12.319,100.46,-4.672458599380713,-4.5464569896563995,-4.23530906139116
1636731672329,2021-11-12T10:41:12.329,100.47,-4.321390574920855,-4.453566594301164,-5.108403046927565
1636731672339,2021-11-12T10:41:12.339,100.48,-3.7866341037238724,-4.207584569220609,-5.699577444206097
1636731672349,2021-11-12T10:41:12.349,100.49,-3.2766481466534163,-3.8680130265684403,-5.918403275879762
1636731672359,2021-11-12T10:41:12.359,100.5,-2.8718679765920556,-3.492072665583638,-5.757946361845118
1636731672369,2021-11-12T10:41:12.369,100.51,-2.5548797943053434,-3.096105251418822,-5.3303417400797946
1636731672379,2021-11-12T10:41:12.379,100.52,-2.3198475511810353,-2.660958059146811,-4.769903273729114
1636731672389,2021-11-12T10:41:12.389,100.53,-2.1489226496889318,-2.1699392744243857,-4.110484273405554
1636731672399,2021-11-12T10:41:12.399,100.54,-1.9400828721059047,-1.6371745611669661,-3.33052442986006
1636731672409,2021-11-12T10:41:12.409,100.55,-1.5872016604393357,-1.0976446345976272,-2.4889095547742475
1636731672419,2021-11-12T10:41:12.419,100.56,-1.1265411931368803,-0.5916631493350477,-1.7090711835757624
1636731672429,2021-11-12T10:41:12.429,100.57,-0.7038183111312584,-0.16769984839932922,-1.0562714367627728
1636731672439,2021-11-12T10:41:12.439,100.58,-0.4038569769972946,0.13918580239981967,-0.5264317578515023
1636731672449,2021-11-12T10:41:12.449,100.59,-0.19574653238801276,0.3421767791623645,-0.12280310668019917
1636731672459,2021-11-12T10:41:12.459,100.6,-0.01514065794848288,0.48016095274089543,0.13113460612506828
1636731672469,2021-11-12T10:41:12.469,100.61,0.17663818041063362,0.5705585416804297,0.24031156809217802
1636731672479,2021-11-12T10:41:12.479,100.62,0.379786807922786,0.6139654650898847,0.2630996722918385
1636731672489,2021-11-12T10:41:12.489,100.63,0.5659390447960927,0.6193190707750893,0.2791685060173077
1636731672499,2021-11-12T10:41:12.499,100.64,0.7370886695939428,0.6076324039301462,0.3303649872165062
1636731672509,2021-11-12T10:41:12.509,100.65,0.9377020585422247,0.6184548510874375,0.40306249031653096
1636731672519,2021-11-12T10:41:12.519,100.66,1.1472331695558302,0.7057630734051373,0.46683136851626283
1636731672529,2021-11-12T10:41:12.529,100.67,1.2358130947446067,0.8894613653699905,0.4980209984604298
1636731672539,2021-11-12T10:41:12.539,100.68,1.111755857233645,1.114060589433979,0.4679249816684411
1636731672549,2021-11-12T10:41:12.549,100.69,0.8647748919567386,1.2894554261314988,0.3664382982533908
1636731672559,2021-11-12T10:41:12.559,100.7,0.6927407629752937,1.3843462114225111,0.24983361932005826
1636731672569,2021-11-12T10:41:12.569,100.71,0.6812793804551933,1.456387281506343,0.19248630045391724
1636731672579,2021-11-12T10:41:12.579,100.72,0.6953075791440663,1.5686699203549392,0.15691920680303229
1636731672589,2021-11-12T10:41:12.589,100.73,0.5597092329300977,1.69569072990218,-0.007644312374529345
1636731672599,2021-11-12T10:41:12.599,100.74,0.327121503132467,1.7418996050670674,-0.37467363039634494
1636731672609,2021-11-12T10:41:12.609,100.75,0.21537737883582486,1.6479380948002502,-0.8295461011539073
1636731672619,2021-11-12T10:41:12.619,100.76,0.28727829886009804,1.4579996212906183,-1.2275770571567295
1636731672629,2021-11-12T10:41:12.629,100.77,0.40190839463268657,1.2649387819866198,-1.5701578594521144
1636731672639,2021-11-12T10:41:12.639,100.78,0.4697097258207321,1.093882823363427,-1.9319229863345262
1636731672649,2021-11-12T10:41:12.649,100.79,0.5326761760322646,0.8992234342876477,-2.303524946788035
1636731672659,2021-11-12T10:41:12.659,100.8,0.6271127291945204,0.6854541230212046,-2.5968910645915573
1636731672669,2021-11-12T10:41:12.669,100.81,0.7416420859968098,0.5161066188577448,-2.7553882541285506
1636731672679,2021-11-12T10:41:12.679,100.82,0.8407587071785395,0.3843672779461953,-2.816203802566259
1636731672689,2021-11-12T10:41:12.689,100.83,0.8723294514646851,0.23363372425114773,-2.8649071517797062
1636731672699,2021-11-12T10:41:12.699,100.84,0.8800517341596608,0.11365785289797051,-2.9021047318905135
1636731672709,2021-11-12T10:41:12.709,100.85,1.017729126959273,0.11903249517097206,-2.801840240646719
1636731672719,2021-11-12T10:41:12.719,100.86,1.254324847194835,0.18198113119808923,-2.487747616667386
1636731672729,2021-11-12T10:41:12.729,100.87,1.2703210845740383,0.1430556085583671,-2.068129956732401
1636731672739,2021-11-12T10:41:12.739,100.88,0.9013776442435424,-0.0005825411579729566,-1.679419344873123
1636731672749,2021-11-12T10:41:12.749,100.89,0.4699542633836316,-0.11828687492902258,-1.2900530567095383
1636731672759,2021-11-12T10:41:12.759,100.9,0.43824180421146197,-0.1517030418045657,-0.7856742130518912
1636731672769,2021-11-12T10:41:12.769,100.91,0.8918670135529919,-0.12779846586598653,-0.17430436181788295
1636731672779,2021-11-12T10:41:12.779,100.92,1.5237581747326947,-0.0605531170642445,0.42040082381277216
1636731672789,2021-11-12T10:41:12.789,100.93,1.9860128562471697,0.02508315543215611,0.937427985054953
1636731672799,2021-11-12T10:41:12.799,100.94,2.123980579617892,0.05975612510530817,1.4276394433886908
1636731672809,2021-11-12T10:41:12.809,100.95,1.9713484202487668,0.015386492382078417,1.9282261396745035
1636731672819,2021-11-12T10:41:12.819,100.96,1.6709985524528677,-0.03883517765012004,2.409650266178305
1636731672829,2021-11-12T10:41:12.829,100.97,1.3940133572426578,-0.02649949585532601,2.85182056828299
1636731672839,2021-11-12T10:41:12.839,100.98,1.2342078887950958,0.039197200782975984,3.2487231130676038
1636731672849,2021-11-12T10:41:12.849,100.99,1.1504929959726289,0.09966595183989883,3.539739248692298
1636731672859,2021-11-12T10:41:12.859,101.0,1.051257679086073,0.13772390565256604,3.657721169793422
1636731672869,2021-11-12T10:41:12.869,101.01,0.9095794900683405,0.15363734888962488,3.634859073469629
1636731672879,2021-11-12T10:41:12.879,101.02,0.7296518820759158,0.111052206727285,3.5662843386146426
1636731672889,2021-11-12T10:41:12.889,101.03,0.4692457986671339,-0.020877892390605907,3.5026704880201276
1636731672899,2021-11-12T10:41:12.899,101.04,0.1202122243939656,-0.22236416241112383,3.4454503112054615
1636731672909,2021-11-12T10:41:12.909,101.05,-0.19884291644561092,-0.46349613159063946,3.3887097165521762
1636731672919,2021-11-12T10:41:12.919,101.06,-0.36628318661695286,-0.7299850833333104,3.307139014290973
1636731672929,2021-11-12T10:41:12.929,101.07,-0.4089044527789828,-0.9911690628776728,3.156839258451262
1636731672939,2021-11-12T10:41:12.939,101.08,-0.41217770533555,-1.2044708326791633,2.9320230152146434
1636731672949,2021-11-12T10:41:12.949,101.09,-0.3746680810881308,-1.3544432529469699,2.6721729218306614
1636731672959,2021-11-12T10:41:12.959,101.1,-0.27652488156598615,-1.4369046546522917,2.3761476239421726
1636731672969,2021-11-12T10:41:12.969,101.11,-0.1882106001138763,-1.4215683297514816,1.9611692476932459
1636731672979,2021-11-12T10:41:12.979,101.12,-0.18450170480210223,-1.2880060850180084,1.3544502047889897
1636731672989,2021-11-12T10:41:12.989,101.13,-0.23146040819255834,-1.0786919848642482,0.5889733054156783
1636731672999,2021-11-12T10:41:12.999,101.14,-0.25058816709046206,-0.8519803096369145,-0.2215473088636718
1636731673009,2021-11-12T10:41:13.009,101.15,-0.23788886942630444,-0.5990405490191584,-0.9623784802443144
1636731673019,2021-11-12T10:41:13.019,101.16,-0.2500527925714289,-0.27577717379604466,-1.552717636025482
1636731673029,2021-11-12T10:41:13.029,101.17,-0.28433179465745784,0.08908350958510913,-1.944663758119554
1636731673039,2021-11-12T10:41:13.039,101.18,-0.25263164863607834,0.3898191529608479,-2.1200504362731305
1636731673049,2021-11-12T10:41:13.049,101.19,-0.14064511296904886,0.5654473426125775,-2.0822274036509794
1636731673059,2021-11-12T10:41:13.059,101.2,-0.08159081038928549,0.6628339970197499,-1.8392959841588217
1636731673069,2021-11-12T10:41:13.069,101.21,-0.1429829448169877,0.7448896275864894,-1.3950936232706348
1636731673079,2021-11-12T10:41:13.079,101.22,-0.21517507090211288,0.7894604062644208,-0.7786598344617794
1636731673089,2021-11-12T10:41:13.089,101.23,-0.2524246204366033,0.7276816654309775,-0.09506248350274399
1636731673099,2021-11-12T10:41:13.099,101.24,-0.343676622649156,0.5477379105040985,0.4984050181337783
1636731673109,2021-11-12T10:41:13.109,101.25,-0.4357757031981622,0.29920629905139573,0.8966307017239561
1636731673119,2021-11-12T10:41:13.119,101.26,-0.36317720242665386,0.010040824378515736,1.092247191909329
1636731673129,2021-11-12T10:41:13.129,101.27,-0.19480930475653677,-0.3290211692539453,1.1309242382688875
1636731673139,2021-11-12T10:41:13.139,101.28,-0.14783697589517036,-0.7077751063281941,1.078185895216103
1636731673149,2021-11-12T10:41:13.149,101.29,-0.2066060492903835,-1.0930692094640977,0.9988508510653004
1636731673159,2021-11-12T10:41:13.159,101.3,-0.20348686468273902,-1.4490172317152328,0.9227181256656714
1636731673169,2021-11-12T10:41:13.169,101.31,-0.15259038804602582,-1.704364428994695,0.8621911727780895
1636731673179,2021-11-12T10:41:13.179,101.32,-0.1614757932262635,-1.7707196490410604,0.8503046509084093
1636731673189,2021-11-12T10:41:13.189,101.33,-0.1516615272168469,-1.6436317737916346,0.8978285735622422
1636731673199,2021-11-12T10:41:13.199,101.34,0.028342936454256187,-1.4043326262577405,0.955075630478804
1636731673209,2021-11-12T10:41:13.209,101.35,0.32477177294547405,-1.0998240369601429,0.9806759981980653
1636731673219,2021-11-12T10:41:13.219,101.36,0.5554083334267985,-0.714057434381664,0.9835816059364323
1636731673229,2021-11-12T10:41:13.229,101.37,0.6497841535715867,-0.2638776000213676,0.9561656616187639
1636731673239,2021-11-12T10:41:13.239,101.38,0.6340027501883724,0.17022072598416485,0.8531553784105219
1636731673249,2021-11-12T10:41:13.249,101.39,0.523765965385371,0.5216191485228681,0.6640681380812384
1636731673259,2021-11-12T10:41:13.259,101.4,0.37101732393882636,0.7758655364595248,0.43616471604016066
1636731673269,2021-11-12T10:41:13.269,101.41,0.27071386028284994,0.9235148203859365,0.2229709865983061
1636731673279,2021-11-12T10:41:13.279,101.42,0.24512323479121317,0.9392452343726835,0.05286995003854753
1636731673289,2021-11-12T10:41:13.289,101.43,0.2410614717114959,0.8239870653268482,-0.06559903524680029
1636731673299,2021-11-12T10:41:13.299,101.44,0.23916675225828837,0.6087382351769508,-0.13966341424627682
1636731673309,2021-11-12T10:41:13.309,101.45,0.26377811549023267,0.30581085413292713,-0.191027442579978
1636731673319,2021-11-12T10:41:13.319,101.46,0.3191332060941108,-0.07400300774262497,-0.22558862259252943
1636731673329,2021-11-12T10:41:13.329,101.47,0.3759853912741811,-0.4594157920342401,-0.19254769254321552
1636731673339,2021-11-12T10:41:13.339,101.48,0.3859385893907375,-0.7664213864364413,-0.026257123003927147
1636731673349,2021-11-12T10:41:13.349,101.49,0.30973034256020165,-0.995934325331121,0.24365885817485852
1636731673359,2021-11-12T10:41:13.359,101.5,0.17055084270819038,-1.1900920775180903,0.48096916509383175
1636731673369,2021-11-12T10:41:13.369,101.51,0.04707724940707762,-1.328476570721063,0.5714767496549686
1636731673379,2021-11-12T10:41:13.379,101.52,-0.013707880292875705,-1.3652218192635897,0.5302795294261965
1636731673389,2021-11-12T10:41:13.389,101.53,-0.043950652354056575,-1.3222484645150607,0.4630167461610516
1636731673399,2021-11-12T10:41:13.399,101.54,-0.10624674997013739,-1.2525015866975224,0.4299943686991762
1636731673409,2021-11-12T10:41:13.409,101.55,-0.20193324403335888,-1.1564946961498976,0.385895030977944
1636731673419,2021-11-12T10:41:13.419,101.56,-0.24116074750786254,-1.0228760069992884,0.2907331200099845
1636731673429,2021-11-12T10:41:13.429,101.57,-0.16058256656125436,-0.909936902030059,0.23190636206343604
1636731673439,2021-11-12T10:41:13.439,101.58,-0.04260555094101158,-0.8977935247993193,0.3587042865461234
1636731673449,2021-11-12T10:41:13.449,101.59,-0.013547860800952249,-0.9817816677463606,0.7181292315291385
1636731673459,2021-11-12T10:41:13.459,101.6,-0.06189728916249198,-1.0824666335932556,1.2145310053676188
1636731673469,2021-11-12T10:41:13.469,101.61,-0.06954856572060134,-1.1480274935211596,1.70788309860104
1636731673479,2021-11-12T10:41:13.479,101.62,-0.0016696729446724415,-1.20067601328139,2.104051846612991
1636731673489,2021-11-12T10:41:13.489,101.63,0.03157427215153143,-1.2934742231743048,2.369937789141124
1636731673499,2021-11-12T10:41:13.499,101.64,-0.051543702608621664,-1.4487633163875886,2.5088207603040567
1636731673509,2021-11-12T10:41:13.509,101.65,-0.12982595526075225,-1.623308271990064,2.5370272874521262
1636731673519,2021-11-12T10:41:13.519,101.66,-0.013212155272790821,-1.7195061553677573,2.4796477382926185
1636731673529,2021-11-12T10:41:13.529,101.67,0.24657346369564592,-1.6649526582407974,2.373899096342446
1636731673539,2021-11-12T10:41:13.539,101.68,0.3673015265913077,-1.5063470161225228,2.2642173755534247
1636731673549,2021-11-12T10:41:13.549,101.69,0.21481362619496952,-1.3862290730544333,2.199147766450499
1636731673559,2021-11-12T10:41:13.559,101.7,-0.034288342090753425,-1.3926325015519452,2.2291251054527734
1636731673569,2021-11-12T10:41:13.569,101.71,-0.1898629149040381,-1.4724222005406027,2.385327039475865
1636731673579,2021-11-12T10:41:13.579,101.72,-0.28779150516611096,-1.5298986363302747,2.6494267216319978
1636731673589,2021-11-12T10:41:13.589,101.73,-0.4234889807793547,-1.5502484643067274,2.9570689356666606
1636731673599,2021-11-12T10:41:13.599,101.74,-0.551170685318544,-1.567851641693672,3.254357086274031
1636731673609,2021-11-12T10:41:13.609,101.75,-0.5770887255487471,-1.5843418643402971,3.5405134089275263
1636731673619,2021-11-12T10:41:13.619,101.76,-0.5177652040808653,-1.5910085243106333,3.820109074490924
1636731673629,2021-11-12T10:41:13.629,101.77,-0.4715313110636152,-1.6058768203407427,4.0409709409675045
1636731673639,2021-11-12T10:41:13.639,101.78,-0.49174637010719613,-1.630380357467754,4.128793450459392
1636731673649,2021-11-12T10:41:13.649,101.79,-0.5331463193774655,-1.6349327533511342,4.042850344779722
1636731673659,2021-11-12T10:41:13.659,101.8,-0.5328452294504891,-1.6267544055132983,3.776865909293919
1636731673669,2021-11-12T10:41:13.669,101.81,-0.5152148985053979,-1.6596170239046075,3.390652424090291
1636731673679,2021-11-12T10:41:13.679,101.82,-0.5287117164236319,-1.7315503490739546,3.032952744678749
1636731673689,2021-11-12T10:41:13.689,101.83,-0.5215235818898312,-1.7486793753815943,2.8102224367424213
1636731673699,2021-11-12T10:41:13.699,101.84,-0.4419450535132166,-1.655827902200943,2.6591873516968336
1636731673709,2021-11-12T10:41:13.709,101.85,-0.37989555965408245,-1.5238740378940174,2.460987610541143
1636731673719,2021-11-12T10:41:13.719,101.86,-0.4032732489422132,-1.4285585397049638,2.2130782466777816
1636731673729,2021-11-12T10:41:13.729,101.87,-0.4041838865194216,-1.3385066941685744,1.9833880130811434
1636731673739,2021-11-12T10:41:13.739,101.88,-0.3186188635499767,-1.212731481609692,1.779107730823882
1636731673749,2021-11-12T10:41:13.749,101.89,-0.2817782559171804,-1.0979490124515325,1.565127738509408
1636731673759,2021-11-12T10:41:13.759,101.9,-0.378986041695551,-1.039800132291628,1.3619645875993602
1636731673769,2021-11-12T10:41:13.769,101.91,-0.47746504415556634,-1.0111954044326255,1.233582425442739
1636731673779,2021-11-12T10:41:13.779,101.92,-0.4529673270682333,-0.9946517536988699,1.1754857099208182
1636731673789,2021-11-12T10:41:13.789,101.93,-0.3875344932354928,-1.0240844345119449,1.0945085984679426
1636731673799,2021-11-12T10:41:13.799,101.94,-0.42644339227242606,-1.1124718855532725,0.9388760256261134
1636731673809,2021-11-12T10:41:13.809,101.95,-0.5643973279661837,-1.234177938926808,0.7656967725224493
1636731673819,2021-11-12T10:41:13.819,101.96,-0.6656145867096739,-1.3780629120183507,0.6360276210421789
1636731673829,2021-11-12T10:41:13.829,101.97,-0.6392323879603643,-1.544549241368477,0.547874174333758
1636731673839,2021-11-12T10:41:13.839,101.98,-0.5305623738695446,-1.7023236618283657,0.5090965802445124
1636731673849,2021-11-12T10:41:13.849,101.99,-0.44933229602244434,-1.7959249442341605,0.5564475954051039
1636731673859,2021-11-12T10:41:13.859,102.0,-0.4482252188418183,-1.7933540972447903,0.6699188306514692
1636731673869,2021-11-12T10:41:13.869,102.01,-0.4957217707535309,-1.7052097459732645,0.7725223693197941
1636731673879,2021-11-12T10:41:13.879,102.02,-0.5466937874729811,-1.5626747486276316,0.8333380453132759
1636731673889,2021-11-12T10:41:13.889,102.03,-0.5914015038671888,-1.3959242421884999,0.8919477883108481
1636731673899,2021-11-12T10:41:13.899,102.04,-0.6408851820693164,-1.2325143881379002,0.9819504370775383
1636731673909,2021-11-12T10:41:13.909,102.05,-0.7109150949060694,-1.0984585554150494,1.094020369130919
1636731673919,2021-11-12T10:41:13.919,102.06,-0.8191178399235439,-1.0094917056678336,1.2050828609552569
1636731673929,2021-11-12T10:41:13.929,102.07,-0.9712487697542325,-0.9634960010635125,1.2903451108670643
1636731673939,2021-11-12T10:41:13.939,102.08,-1.1390801318256247,-0.9516506219349234,1.3201793859895208
1636731673949,2021-11-12T10:41:13.949,102.09,-1.2395106705194174,-0.9791215631436594,1.2992072185712895
1636731673959,2021-11-12T10:41:13.959,102.1,-1.1707966184393812,-1.065488560906248,1.2948342235085348
1636731673969,2021-11-12T10:41:13.969,102.11,-0.9373160975656307,-1.217597370940823,1.3731452245695113
1636731673979,2021-11-12T10:41:13.979,102.12,-0.6950032781325883,-1.4018273466876359,1.524184376773485
1636731673989,2021-11-12T10:41:13.989,102.13,-0.5726950759304573,-1.554949007258489,1.6880708211410864
1636731673999,2021-11-12T10:41:13.999,102.14,-0.5023112031878124,-1.6307879989135405,1.8123147578906469
1636731674009,2021-11-12T10:41:14.009,102.15,-0.3522973861632178,-1.618314130671183,1.8565319601867525
1636731674019,2021-11-12T10:41:14.019,102.16,-0.17183703695573313,-1.512716528709638,1.7916273230625785
1636731674029,2021-11-12T10:41:14.029,102.17,-0.12265962803600418,-1.3068276237663683,1.6080451179603186
1636731674039,2021-11-12T10:41:14.039,102.18,-0.17562299204138634,-1.018622738272275,1.3096264575897578
1636731674049,2021-11-12T10:41:14.049,102.19,-0.1220817894142689,-0.6997521017585466,0.9354529494782743
1636731674059,2021-11-12T10:41:14.059,102.2,0.0237093853228003,-0.4119334445912233,0.5708592853860512
1636731674069,2021-11-12T10:41:14.069,102.21,-0.043244005678016624,-0.19502622983334095,0.2526712856633496
1636731674079,2021-11-12T10:41:14.079,102.22,-0.380521730057919,-0.055299995763393076,-0.0951243869806899
1636731674089,2021-11-12T10:41:14.089,102.23,-0.5818981958434764,0.009845541476561503,-0.510822659310995
1636731674099,2021-11-12T10:41:14.099,102.24,-0.38744103274959174,0.0004388731635413417,-0.8373256587235574
1636731674109,2021-11-12T10:41:14.109,102.25,-0.07352158686969953,-0.06038414417450536,-0.8722900838210128
1636731674119,2021-11-12T10:41:14.119,102.26,0.07248457820612057,-0.14623925866676907,-0.6290998288061345
1636731674129,2021-11-12T10:41:14.129,102.27,0.17853889581324878,-0.2884929238850117,-0.28477808083669376
1636731674139,2021-11-12T10:41:14.139,102.28,0.3775255423348358,-0.5383923056650213,0.06777456088389111
1636731674149,2021-11-12T10:41:14.149,102.29,0.4598354648714542,-0.8458947852404499,0.43378498801232634
1636731674159,2021-11-12T10:41:14.159,102.3,0.2481060295704195,-1.061766707055157,0.7588062111616145
1636731674169,2021-11-12T10:41:14.169,102.31,-0.06761360098231814,-1.0982169436234273,0.9449958861914044
1636731674179,2021-11-12T10:41:14.179,102.32,-0.21186233587013256,-1.0105391019301793,0.9687823401781468
1636731674189,2021-11-12T10:41:14.189,102.33,-0.18132326640979418,-0.8855112223381181,0.8594089076211564
1636731674199,2021-11-12T10:41:14.199,102.34,-0.17130322866999353,-0.7465028937464016,0.6415213715976478
1636731674209,2021-11-12T10:41:14.209,102.35,-0.3034322090042128,-0.6112093610779455,0.37520469847937127
1636731674219,2021-11-12T10:41:14.219,102.36,-0.5300408185250084,-0.5323033162711446,0.16408956940033498
1636731674229,2021-11-12T10:41:14.229,102.37,-0.7453638849776306,-0.5313320581916916,0.07491680036277208
1636731674239,2021-11-12T10:41:14.239,102.38,-0.9031452224816032,-0.5808891721562277,0.09708638677372866
1636731674249,2021-11-12T10:41:14.249,102.39,-1.0035730416984892,-0.6747818124627366,0.17576252791669608
1636731674259,2021-11-12T10:41:14.259,102.4,-1.0304956518394912,-0.8429572967901137,0.25192895225757295
1636731674269,2021-11-12T10:41:14.269,102.41,-0.9608391641392009,-1.0890637170580681,0.2973660654507108
1636731674279,2021-11-12T10:41:14.279,102.42,-0.7886851888980487,-1.3601308933840166,0.3300985461789371
1636731674289,2021-11-12T10:41:14.289,102.43,-0.5171965295425979,-1.5793093370943017,0.366843130621883
1636731674299,2021-11-12T10:41:14.299,102.44,-0.2225315767705346,-1.6949835459182991,0.3546235132750628
1636731674309,2021-11-12T10:41:14.309,102.45,-0.09829063221546479,-1.7112576425733388,0.18982704506167608
1636731674319,2021-11-12T10:41:14.319,102.46,-0.2373297284692641,-1.669000445601231,-0.16344222803967454
1636731674329,2021-11-12T10:41:14.329,102.47,-0.3938339476818774,-1.5816562295384515,-0.5982610757789476
1636731674339,2021-11-12T10:41:14.339,102.48,-0.21613172225256722,-1.4055592124925012,-0.9604031195034506
1636731674349,2021-11-12T10:41:14.349,102.49,0.2969378112701326,-1.0994864367360804,-1.205192405388684
1636731674359,2021-11-12T10:41:14.359,102.5,0.8054733001555372,-0.7058443816549417,-1.3934318233744936
1636731674369,2021-11-12T10:41:14.369,102.51,1.0468520797014063,-0.33809869625529076,-1.5567125404875721
1636731674379,2021-11-12T10:41:14.379,102.52,1.038374852138892,-0.07116007337167143,-1.6607956559973838
1636731674389,2021-11-12T10:41:14.389,102.53,0.9354343275625359,0.1240363786601843,-1.6901242591055061
1636731674399,2021-11-12T10:41:14.399,102.54,0.8726842402557469,0.3132487953687616,-1.679051721203224
1636731674409,2021-11-12T10:41:14.409,102.55,0.9098132823777856,0.5030232067310212,-1.6595461219393197
1636731674419,2021-11-12T10:41:14.419,102.56,1.021941710540526,0.6416494703883298,-1.6360703817456408
1636731674429,2021-11-12T10:41:14.429,102.57,1.1364683257254795,0.6856520134882635,-1.60149653790076
1636731674439,2021-11-12T10:41:14.439,102.58,1.1941348041863826,0.6337781878136362,-1.5393667708974466
1636731674449,2021-11-12T10:41:14.449,102.59,1.1830720095335328,0.5107836464947838,-1.430836767842972
1636731674459,2021-11-12T10:41:14.459,102.6,1.1433590921938663,0.3386340371052938,-1.2884838438907245
1636731674469,2021-11-12T10:41:14.469,102.61,1.1245993369036094,0.1175912301303284,-1.166657438382687
1636731674479,2021-11-12T10:41:14.479,102.62,1.1154881815294526,-0.15110318579038115,-1.1252078581627547
1636731674489,2021-11-12T10:41:14.489,102.63,1.0669582405735802,-0.41395454211859006,-1.1888327926927944
1636731674499,2021-11-12T10:41:14.499,102.64,0.9974399179566209,-0.5941017992122868,-1.330415140290222
1636731674509,2021-11-12T10:41:14.509,102.65,0.982347683262207,-0.6874894053577612,-1.4914574229062225
1636731674519,2021-11-12T10:41:14.519,102.66,1.0268024610677995,-0.7475203259807421,-1.6257222217712728
1636731674529,2021-11-12T10:41:14.529,102.67,1.046194192808546,-0.774079532147723,-1.6935552883508422
1636731674539,2021-11-12T10:41:14.539,102.68,0.9812484016656493,-0.7200195711131341,-1.6425926234402464
1636731674549,2021-11-12T10:41:14.549,102.69,0.8625986085517714,-0.5972135560634713,-1.508251474450144
1636731674559,2021-11-12T10:41:14.559,102.7,0.7544900798192014,-0.4696032361106836,-1.4764138155813527
1636731674569,2021-11-12T10:41:14.569,102.71,0.6701120889290366,-0.35953283653098334,-1.6515506062369343
1636731674579,2021-11-12T10:41:14.579,102.72,0.5712459261122705,-0.2662420713190107,-1.8488188737716817
1636731674589,2021-11-12T10:41:14.589,102.73,0.4511544496186227,-0.23448023261599743,-1.854731245564964
1636731674599,2021-11-12T10:41:14.599,102.74,0.36708927853614615,-0.27858836812917037,-1.769155479318559
1636731674609,2021-11-12T10:41:14.609,102.75,0.3665348443761194,-0.2989291896625364,-1.8302985618775345
1636731674619,2021-11-12T10:41:14.619,102.76,0.422374831755121,-0.216744124195475,-2.03557967607185
1636731674629,2021-11-12T10:41:14.629,102.77,0.46591442430506336,-0.11922952382937742,-2.185238098561265
1636731674639,2021-11-12T10:41:14.639,102.78,0.48086847424317575,-0.1279348169977258,-2.201021364269806
1636731674649,2021-11-12T10:41:14.649,102.79,0.5534153374289674,-0.2065071077559264,-2.200406218211564
1636731674659,2021-11-12T10:41:14.659,102.8,0.7710279010493744,-0.23375580200841778,-2.312638578240193
1636731674669,2021-11-12T10:41:14.669,102.81,1.0471860286028492,-0.18681801530683315,-2.575269924285635
1636731674679,2021-11-12T10:41:14.679,102.82,1.1707684227364927,-0.13039925502367233,-2.9904244294206817
1636731674689,2021-11-12T10:41:14.689,102.83,1.1154688184290467,-0.0839566697559244,-3.537308407161786
1636731674699,2021-11-12T10:41:14.699,102.84,1.121816744714419,-0.008931228728611932,-4.100291902347858
1636731674709,2021-11-12T10:41:14.709,102.85,1.3071233909265825,0.09088640043931948,-4.512802607503467
1636731674719,2021-11-12T10:41:14.719,102.86,1.395212990861571,0.14941192005595355,-4.718035270693413
1636731674729,2021-11-12T10:41:14.729,102.87,1.0893028103053584,0.134715067457484,-4.784521136698608
1636731674739,2021-11-12T10:41:14.739,102.88,0.5857679465805273,0.09550560376525202,-4.749033806228923
1636731674749,2021-11-12T10:41:14.749,102.89,0.4394252544318385,0.09650614698759102,-4.552770109686022
1636731674759,2021-11-12T10:41:14.759,102.9,0.9144489482755049,0.15816103603715181,-4.156776122068288
1636731674769,2021-11-12T10:41:14.769,102.91,1.6739211784882482,0.24928790502159176,-3.64048302084766
1636731674779,2021-11-12T10:41:14.779,102.92,2.181659762070495,0.303872180886958,-3.1404238366757196
1636731674789,2021-11-12T10:41:14.789,102.93,2.240841801804438,0.27655558329731067,-2.7267303366836333
1636731674799,2021-11-12T10:41:14.799,102.94,2.025089387134696,0.2016056037829762,-2.3921698449332434
1636731674809,2021-11-12T10:41:14.809,102.95,1.757638097654855,0.16523997055825818,-2.1370889143643113
1636731674819,2021-11-12T10:41:14.819,102.96,1.5365946660699596,0.21853187586656125,-1.9953759033633234
1636731674829,2021-11-12T10:41:14.829,102.97,1.3583655781987898,0.3445127222443591,-1.9940718240419049
1636731674839,2021-11-12T10:41:14.839,102.98,1.1623514923202742,0.4940070907941227,-2.1378461331246577
1636731674849,2021-11-12T10:41:14.849,102.99,0.908139391181642,0.6167134165226156,-2.3923877675974117
1636731674859,2021-11-12T10:41:14.859,103.0,0.6457951905186665,0.670518734349344,-2.6604553436840535
1636731674869,2021-11-12T10:41:14.869,103.01,0.4316398828583714,0.6384737088696063,-2.847249521330885
1636731674879,2021-11-12T10:41:14.879,103.02,0.21514700187984803,0.5357158217448297,-2.9477135592250354
1636731674889,2021-11-12T10:41:14.889,103.03,-0.06390922316242865,0.3848196112161999,-2.9911876559416957
1636731674899,2021-11-12T10:41:14.899,103.04,-0.3147667416142839,0.19213057975875192,-2.9561952383674264
1636731674909,2021-11-12T10:41:14.909,103.05,-0.3714627947309366,-0.04565552972581778,-2.8449965408794027
1636731674919,2021-11-12T10:41:14.919,103.06,-0.21028326503827205,-0.30761339260342435,-2.763152820464736
1636731674929,2021-11-12T10:41:14.929,103.07,0.023481648988628562,-0.5202063732152762,-2.8034055355148264
1636731674939,2021-11-12T10:41:14.939,103.08,0.21309894135746962,-0.6014458647529739,-2.9163729234819034
1636731674949,2021-11-12T10:41:14.949,103.09,0.3762253020032707,-0.5549110254508356,-2.9969890783521445
1636731674959,2021-11-12T10:41:14.959,103.1,0.5120025007924958,-0.4611139931667797,-3.030688642606309
1636731674969,2021-11-12T10:41:14.969,103.11,0.4960356928081634,-0.3572385247992694,-3.0609161324104863
1636731674979,2021-11-12T10:41:14.979,103.12,0.3058118920061866,-0.20371588169460575,-3.0741103957865805
1636731674989,2021-11-12T10:41:14.989,103.13,0.21847834982255337,0.027570699273335587,-3.011038092034969
1636731674999,2021-11-12T10:41:14.999,103.14,0.518175692816731,0.3205577901650608,-2.862732641957753
1636731675009,2021-11-12T10:41:15.009,103.15,1.0702077005978767,0.6561024118876568,-2.6908313107344366
1636731675019,2021-11-12T10:41:15.019,103.16,1.451188209544862,1.0075692116770882,-2.5650052075629963
1636731675029,2021-11-12T10:41:15.029,103.17,1.4695759547057021,1.3220269863032554,-2.511477865305624
1636731675039,2021-11-12T10:41:15.039,103.18,1.3079291654805085,1.5567726412095757,-2.5145098688294882
1636731675049,2021-11-12T10:41:15.049,103.19,1.1747728160420283,1.7087474214269318,-2.554436741239565
1636731675059,2021-11-12T10:41:15.059,103.2,1.0804405462881437,1.8007294072678546,-2.636224989552795
1636731675069,2021-11-12T10:41:15.069,103.21,0.9883207480971794,1.8603088430083017,-2.764839605305339
1636731675079,2021-11-12T10:41:15.079,103.22,0.9520148339201666,1.8886082391647945,-2.904772563559196
1636731675089,2021-11-12T10:41:15.089,103.23,1.0075941392552623,1.8512336017530537,-3.007744170065032
1636731675099,2021-11-12T10:41:15.099,103.24,1.0734585539699868,1.7398787332135712,-3.0829830235033797
1636731675109,2021-11-12T10:41:15.109,103.25,1.0500995660988943,1.608066724167778,-3.1932845942950294
1636731675119,2021-11-12T10:41:15.119,103.26,0.9496516087904712,1.5014084480512655,-3.3666241913079844
1636731675129,2021-11-12T10:41:15.129,103.27,0.8732862060752585,1.4055292395185162,-3.5475953086251923
1636731675139,2021-11-12T10:41:15.139,103.28,0.8993968381868116,1.3011745614655508,-3.6602959518959937
1636731675149,2021-11-12T10:41:15.149,103.29,1.0147106555923493,1.2182487912966025,-3.699949970473714
1636731675159,2021-11-12T10:41:15.159,103.3,1.1373182379503484,1.2036213558263786,-3.7308155983289266
1636731675169,2021-11-12T10:41:15.169,103.31,1.210333491382897,1.2719602048460619,-3.796263126903904
1636731675179,2021-11-12T10:41:15.179,103.32,1.2578237048715983,1.4084211792901602,-3.870350695330254
1636731675189,2021-11-12T10:41:15.189,103.33,1.3117135474286996,1.591407225313006,-3.9163247329312982
1636731675199,2021-11-12T10:41:15.199,103.34,1.3264330169632002,1.7961194830098657,-3.9594706947663942
1636731675209,2021-11-12T10:41:15.209,103.35,1.243890805314035,1.9959434728673506,-4.067328764796347
1636731675219,2021-11-12T10:41:15.219,103.36,1.1007099021953979,2.1720854320797343,-4.270243322493275
1636731675229,2021-11-12T10:41:15.229,103.37,0.979104973128823,2.3092381114512492,-4.540496965120545
1636731675239,2021-11-12T10:41:15.239,103.38,0.8953579311774313,2.383078766099702,-4.847344154596879
1636731675249,2021-11-12T10:41:15.249,103.39,0.8306442276334349,2.3760023973120403,-5.177570184891379
1636731675259,2021-11-12T10:41:15.259,103.4,0.8161521880296896,2.308014705557122,-5.499190905857664
1636731675269,2021-11-12T10:41:15.269,103.41,0.8778724470674657,2.221023200861264,-5.775380837823725
1636731675279,2021-11-12T10:41:15.279,103.42,0.9502219091324917,2.129106776872179,-6.0112907234568596
1636731675289,2021-11-12T10:41:15.289,103.43,0.9645595265917359,2.026009317165419,-6.2164651826084585
1636731675299,2021-11-12T10:41:15.299,103.44,0.9653105254312018,1.943504974239994,-6.355979928334824
1636731675309,2021-11-12T10:41:15.309,103.45,1.0112509059957107,1.9475030508529239,-6.42199522318395
1636731675319,2021-11-12T10:41:15.319,103.46,1.058035165806835,2.0649494951184773,-6.492560215266117
1636731675329,2021-11-12T10:41:15.329,103.47,1.0846955878508127,2.2619536293687954,-6.6123350831449645
1636731675339,2021-11-12T10:41:15.339,103.48,1.1800802364976797,2.4985359245428316,-6.6798742705552865
1636731675349,2021-11-12T10:41:15.349,103.49,1.3287268677309385,2.7486260190688476,-6.578542987251474
1636731675359,2021-11-12T10:41:15.359,103.5,1.3035564303795737,2.9560232141996075,-6.3611244652167
1636731675369,2021-11-12T10:41:15.369,103.51,0.9699718642997788,3.039650876324381,-6.172194320583728
1636731675379,2021-11-12T10:41:15.379,103.52,0.5658801518499582,2.984211467410139,-6.026633287333849
1636731675389,2021-11-12T10:41:15.389,103.53,0.5319879457401131,2.885548931829994,-5.7882174791828165
1636731675399,2021-11-12T10:41:15.399,103.54,1.07634769960804,2.858734269325586,-5.376519975607236
1636731675409,2021-11-12T10:41:15.409,103.55,1.931195708210139,2.9055395752146262,-4.917794962053441
1636731675419,2021-11-12T10:41:15.419,103.56,2.5802610856626713,2.9130485276893747,-4.631056533117133
1636731675429,2021-11-12T10:41:15.429,103.57,2.743466699874661,2.8083952194258273,-4.574606782338478
1636731675439,2021-11-12T10:41:15.439,103.58,2.5572379678678185,2.6638793913584404,-4.57475547627065
1636731675449,2021-11-12T10:41:15.449,103.59,2.297837769544463,2.5836954469587115,-4.420743017575014
1636731675459,2021-11-12T10:41:15.459,103.6,2.0952782635887712,2.5544210838380472,-4.055317194314723
1636731675469,2021-11-12T10:41:15.469,103.61,1.9341174078449455,2.5067515444596222,-3.546078729167132
1636731675479,2021-11-12T10:41:15.479,103.62,1.767115189622108,2.4465727397294175,-2.9488480291750028
1636731675489,2021-11-12T10:41:15.489,103.63,1.5610231560628356,2.4117103085495604,-2.2687127265524247
1636731675499,2021-11-12T10:41:15.499,103.64,1.304427873965298,2.360841330554404,-1.5216575474428338
1636731675509,2021-11-12T10:41:15.509,103.65,1.0128094011835396,2.201972310070743,-0.7536746565062125
1636731675519,2021-11-12T10:41:15.519,103.66,0.7186489171703764,1.9134960963756207,0.002412818182987067
1636731675529,2021-11-12T10:41:15.529,103.67,0.4613871802592909,1.580086590943742,0.7189656460562683
1636731675539,2021-11-12T10:41:15.539,103.68,0.2615826861483226,1.2847494717868568,1.3330227641633594
1636731675549,2021-11-12T10:41:15.549,103.69,0.0705787598330618,0.9991040844679688,1.806785004970859
1636731675559,2021-11-12T10:41:15.559,103.7,-0.19223186201881187,0.6368781658053886,2.2259243753983107
1636731675569,2021-11-12T10:41:15.569,103.71,-0.5101040827068806,0.18625329522270295,2.731635631841187
1636731675579,2021-11-12T10:41:15.579,103.72,-0.7877767007124139,-0.28154302116205243,3.3430651585483693
1636731675589,2021-11-12T10:41:15.589,103.73,-1.034546416026424,-0.7066716007452526,3.94619919857682
1636731675599,2021-11-12T10:41:15.599,103.74,-1.3784092620490171,-1.0813672405993584,4.441188733043225
1636731675609,2021-11-12T10:41:15.609,103.75,-1.862831590787971,-1.4117483885376727,4.763308574559506
1636731675619,2021-11-12T10:41:15.619,103.76,-2.356818327683344,-1.6669670578591251,4.78468423672274
1636731675629,2021-11-12T10:41:15.629,103.77,-2.6877943396453436,-1.7630944509719682,4.348332388313583
1636731675639,2021-11-12T10:41:15.639,103.78,-2.800642256569877,-1.6164998789951863,3.382248160151131
1636731675649,2021-11-12T10:41:15.649,103.79,-2.7847857295713845,-1.2235621432251478,1.9182129277654292
1636731675659,2021-11-12T10:41:15.659,103.8,-2.7725560014459187,-0.6454588241348755,0.10044244942736402
1636731675669,2021-11-12T10:41:15.669,103.81,-2.8560030837975323,0.08185174845158258,-1.8176065882931902
1636731675679,2021-11-12T10:41:15.679,103.82,-3.094931476510868,0.947138896964208,-3.6366740284774552
1636731675689,2021-11-12T10:41:15.689,103.83,-3.4914096106634283,1.8792992780516347,-5.338916995076417
1636731675699,2021-11-12T10:41:15.699,103.84,-3.989982286274116,2.744132226386133,-6.946203060061637
1636731675709,2021-11-12T10:41:15.709,103.85,-4.630411049811988,3.4316915850383145,-8.380046621850445
1636731675719,2021-11-12T10:41:15.719,103.86,-5.466923560076859,3.9209676998813277,-9.539014182437914
1636731675729,2021-11-12T10:41:15.729,103.87,-6.139525580812639,4.280265712823321,-10.357445053882577
1636731675739,2021-11-12T10:41:15.739,103.88,-6.022781166667448,4.599890444235846,-10.790982029617437
1636731675749,2021-11-12T10:41:15.749,103.89,-5.140674658796296,4.889217692509416,-10.90847142689931
1636731675759,2021-11-12T10:41:15.759,103.9,-4.313825687433969,5.050560663794503,-10.89708954080814
1636731675769,2021-11-12T10:41:15.769,103.91,-4.045773601043056,4.978942912885175,-10.817753427887492
1636731675779,2021-11-12T10:41:15.779,103.92,-3.9676495014624784,4.6675261534667705,-10.556293033595932
1636731675789,2021-11-12T10:41:15.789,103.93,-3.707396176481953,4.194033716582193,-10.176830861103976
1636731675799,2021-11-12T10:41:15.799,103.94,-3.5923061792764317,3.6237639052147896,-10.030347274672444
1636731675809,2021-11-12T10:41:15.809,103.95,-4.107005627875275,2.9457534531014815,-10.28037373226709
1636731675819,2021-11-12T10:41:15.819,103.96,-5.047545089014522,2.113012815052293,-10.5720446773257
1636731675829,2021-11-12T10:41:15.829,103.97,-5.4841317325174765,1.1515944469377377,-10.421208898426377
1636731675839,2021-11-12T10:41:15.839,103.98,-4.6303868728744435,0.17722561539609208,-9.744959954887673
1636731675849,2021-11-12T10:41:15.849,103.99,-2.803536984239834,-0.7461744482234427,-8.727950947764183
1636731675859,2021-11-12T10:41:15.859,104.0,-1.2341022541271844,-1.6939843799539145,-7.300410171790016
1636731675869,2021-11-12T10:41:15.869,104.01,-0.7390308912265804,-2.76213998526334,-5.1682427622951845
1636731675879,2021-11-12T10:41:15.879,104.02,-1.0123087413519856,-3.9053161788542,-2.4224449478649026
1636731675889,2021-11-12T10:41:15.889,104.03,-1.3023433591199205,-4.9194416652612505,0.2625867867834962
1636731675899,2021-11-12T10:41:15.899,104.04,-1.0483938223704992,-5.57026939203066,2.147653693478624
1636731675909,2021-11-12T10:41:15.909,104.05,0.158665523493211,-5.7258619801739545,2.8264510503955425
1636731675919,2021-11-12T10:41:15.919,104.06,2.0090901526310363,-5.321799789447564,2.143790255549178
1636731675929,2021-11-12T10:41:15.929,104.07,2.836986968517304,-4.265816938248521,0.30190454631427754
1636731675939,2021-11-12T10:41:15.939,104.08,1.4922967858739895,-2.5984586137257426,-1.7215148051371596
1636731675949,2021-11-12T10:41:15.949,104.09,-0.19706021709088717,-0.7756210202013978,-2.4403611153778284
1636731675959,2021-11-12T10:41:15.959,104.1,0.24479442980617663,0.49057351701430163,-1.122002219138035
1636731675969,2021-11-12T10:41:15.969,104.11,1.465881153330943,0.8255242587455599,1.4053253306089997
1636731675979,2021-11-12T10:41:15.979,104.12,0.07174607048145684,0.4425639833919477,3.6480836835969948
1636731675989,2021-11-12T10:41:15.989,104.13,-3.6233045190140047,-0.21088538923002953,5.002698225413488
1636731675999,2021-11-12T10:41:15.999,104.14,-5.882728168389352,-0.6069758062493937,5.981229034778613
1636731676009,2021-11-12T10:41:16.009,104.15,-5.037962791483321,0.07312559459312744,7.025945484150654
1636731676019,2021-11-12T10:41:16.019,104.16,-3.0450074260783992,2.276126812067469,7.70818761387783
1636731676029,2021-11-12T10:41:16.029,104.17,-2.061062488335487,4.7666796111608924,7.339840071295676
1636731676039,2021-11-12T10:41:16.039,104.18,-2.1383093085925893,5.289203069439747,6.059713653114548
1636731676049,2021-11-12T10:41:16.049,104.19,-2.089076868518711,3.316750534053197,4.995540161388041
1636731676059,2021-11-12T10:41:16.059,104.2,-1.0650720457032747,1.0447808444066657,5.284624759010221
1636731676069,2021-11-12T10:41:16.069,104.21,0.6434346075435019,1.0217820217986673,6.9434609108572545
1636731676079,2021-11-12T10:41:16.079,104.22,1.736908672186074,3.367763774227112,8.795466562653196
1636731676089,2021-11-12T10:41:16.089,104.23,1.1485689413456834,5.642628033793487,9.68028104840293
1636731676099,2021-11-12T10:41:16.099,104.24,-0.6344822811787199,5.552944764830574,9.627942748729925
1636731676109,2021-11-12T10:41:16.109,104.25,-2.078423947795381,3.4660763806751778,9.544700049666625
1636731676119,2021-11-12T10:41:16.119,104.26,-2.418624774359314,1.4665631721944608,9.936357086741092
1636731676129,2021-11-12T10:41:16.129,104.27,-2.128856723096682,0.5513729359576236,10.513070407237018
1636731676139,2021-11-12T10:41:16.139,104.28,-1.7206420573328822,0.10374224130503922,11.055466967933011
1636731676149,2021-11-12T10:41:16.149,104.29,-1.144534553348343,-0.4535198685668887,12.075142450417061
1636731676159,2021-11-12T10:41:16.159,104.3,-0.36625461760584754,-0.8577812740155895,14.306944993536664
1636731676169,2021-11-12T10:41:16.169,104.31,0.41372485006714343,-0.6314173699552231,17.782752665408573
1636731676179,2021-11-12T10:41:16.179,104.32,1.219063476381768,0.33321678688563783,21.70891107859625
1636731676189,2021-11-12T10:41:16.189,104.33,2.31378470096311,1.7576711798882148,25.185465104414796
1636731676199,2021-11-12T10:41:16.199,104.34,3.5295794594865963,3.1636391115908835,27.679395247330078
1636731676209,2021-11-12T10:41:16.209,104.35,3.9784279940852167,4.107574913157941,28.81795771194058
1636731676219,2021-11-12T10:41:16.219,104.36,2.971275657126963,4.370715559122224,28.41287099850087
1636731676229,2021-11-12T10:41:16.229,104.37,1.2046175387869869,3.9753097819628835,27.09080719070707
1636731676239,2021-11-12T10:41:16.239,104.38,0.27967268259881023,3.2798041216454283,26.30558486116722
1636731676249,2021-11-12T10:41:16.249,104.39,0.7905976072662427,3.1417482742455376,27.086343647371258
1636731676259,2021-11-12T10:41:16.259,104.4,1.8064138335698061,4.250374296574531,29.04752595897098
1636731676269,2021-11-12T10:41:16.269,104.41,2.5059633371887635,5.860029554163985,31.044846011881653
1636731676279,2021-11-12T10:41:16.279,104.42,3.0355164861937514,6.250593336034601,32.416838539445685
1636731676289,2021-11-12T10:41:16.289,104.43,3.345081418179018,5.026448300546328,33.15141039292227
1636731676299,2021-11-12T10:41:16.299,104.44,2.650401030335696,3.625541253583015,33.240170220289144
1636731676309,2021-11-12T10:41:16.309,104.45,0.6678454436085273,3.20629875357948,32.401272951781785
1636731676319,2021-11-12T10:41:16.319,104.46,-1.7567043558237574,3.558859839517884,30.383599455749227
1636731676329,2021-11-12T10:41:16.329,104.47,-3.6204681587785745,4.044911324546745,27.380192583348446
1636731676339,2021-11-12T10:41:16.339,104.48,-4.52374762475699,4.178673862905678,24.108304925304516
1636731676349,2021-11-12T10:41:16.349,104.49,-4.517890854004701,3.624289292413774,21.308163033372843
1636731676359,2021-11-12T10:41:16.359,104.5,-3.983700437001647,2.5858027497624025,19.111275963635933
1636731676369,2021-11-12T10:41:16.369,104.51,-3.4989089102513677,1.769239498897909,17.1288181629062
1636731676379,2021-11-12T10:41:16.379,104.52,-3.283815962537768,1.5915052188777703,15.154288703177741
1636731676389,2021-11-12T10:41:16.389,104.53,-3.0157221712773965,1.8418183760927105,13.500242736613572
1636731676399,2021-11-12T10:41:16.399,104.54,-2.459936900699897,2.112412863739648,12.654719619091994
1636731676409,2021-11-12T10:41:16.409,104.55,-1.8757321845632147,2.20887408542212,12.877127490904172
1636731676419,2021-11-12T10:41:16.419,104.56,-1.5061107298080587,2.2014609845459843,14.122424100528693
1636731676429,2021-11-12T10:41:16.429,104.57,-1.0959583920354374,2.2668924939491415,16.0441633680809
1636731676439,2021-11-12T10:41:16.439,104.58,-0.37223744837828576,2.4454571608517233,17.968198324763975
1636731676449,2021-11-12T10:41:16.449,104.59,0.32017450497253985,2.522284843902338,19.167594870639245
1636731676459,2021-11-12T10:41:16.459,104.6,0.4380147276524101,2.2141623556901275,19.396146968520643
1636731676469,2021-11-12T10:41:16.469,104.61,0.12094012307175694,1.4570331525491897,19.030034173528172
1636731676479,2021-11-12T10:41:16.479,104.62,0.10822336274338211,0.4387675313546238,18.625201202235523
1636731676489,2021-11-12T10:41:16.489,104.63,0.8161647644285763,-0.5952027536006277,18.489797698164015
1636731676499,2021-11-12T10:41:16.499,104.64,1.8436681292910881,-1.4799351055202397,18.62312563324928
1636731676509,2021-11-12T10:41:16.509,104.65,2.42101451818257,-2.1436162106450896,18.840169106519724
1636731676519,2021-11-12T10:41:16.519,104.66,2.2463583976668735,-2.5550048107191112,18.998871019290583
1636731676529,2021-11-12T10:41:16.529,104.67,1.7435351805322679,-2.6446929794997396,19.18519270938221
1636731676539,2021-11-12T10:41:16.539,104.68,1.3298387908027487,-2.4405452011758952,19.506408021120585
1636731676549,2021-11-12T10:41:16.549,104.69,0.7969087227363985,-2.403341401577525,19.75837892461713
1636731676559,2021-11-12T10:41:16.559,104.7,-0.030091657525920135,-3.1353402586938337,19.660049769386887
1636731676569,2021-11-12T10:41:16.569,104.71,-0.615418306565315,-4.3331946754485005,19.384783746332353
1636731676579,2021-11-12T10:41:16.579,104.72,-0.6061365199981057,-4.807993953934057,19.422746942192838
1636731676589,2021-11-12T10:41:16.589,104.73,-0.5726906183567861,-4.281161108829178,19.844996896331956
1636731676599,2021-11-12T10:41:16.599,104.74,-0.8452326670601749,-4.081101890005698,20.07362312128161
1636731676609,2021-11-12T10:41:16.609,104.75,-0.7412929374777927,-5.040729370131885,19.53794066710382
1636731676619,2021-11-12T10:41:16.619,104.76,0.21595528686415782,-6.052125952904184,18.265541063250726
1636731676629,2021-11-12T10:41:16.629,104.77,1.5313689251207419,-5.902765325537897,16.53947951761493
1636731676639,2021-11-12T10:41:16.639,104.78,2.5300021289966503,-5.101299073465288,14.216266889298597
1636731676649,2021-11-12T10:41:16.649,104.79,2.941582843845369,-4.74407925021481,10.962765147636258
1636731676659,2021-11-12T10:41:16.659,104.8,2.905466484830473,-4.908576406554197,7.202530191879426
1636731676669,2021-11-12T10:41:16.669,104.81,2.9090096856326366,-5.082123821476633,4.150129349116187
1636731676679,2021-11-12T10:41:16.679,104.82,3.1904184713015953,-5.16946303687667,2.572040104096847
1636731676689,2021-11-12T10:41:16.689,104.83,3.1552443655767757,-5.411584878344456,1.9806455785530144
1636731676699,2021-11-12T10:41:16.699,104.84,2.0574660922122137,-5.836503866633943,1.369749250656718
1636731676709,2021-11-12T10:41:16.709,104.85,0.12191913767173224,-6.192258204609251,0.3562193598364101
1636731676719,2021-11-12T10:41:16.719,104.86,-1.6057340449390878,-6.270546050803608,-0.728922499659082
1636731676729,2021-11-12T10:41:16.729,104.87,-2.344700925282603,-6.098992050101298,-1.5500108998181992
1636731676739,2021-11-12T10:41:16.739,104.88,-2.084646310843403,-5.8244285352997025,-2.1567520335647243
1636731676749,2021-11-12T10:41:16.749,104.89,-1.287013681537597,-5.55213943858329,-2.761253585574615
1636731676759,2021-11-12T10:41:16.759,104.9,-0.5001277485955957,-5.332217119083829,-3.391101617463792
1636731676769,2021-11-12T10:41:16.769,104.91,-0.060438784257218964,-5.143733721130017,-3.8118937073825183
1636731676779,2021-11-12T10:41:16.779,104.92,0.12022057529224248,-4.843474511158891,-3.7939968488715117
1636731676789,2021-11-12T10:41:16.789,104.93,0.3775532314365526,-4.295101893218019,-3.452903567008455
1636731676799,2021-11-12T10:41:16.799,104.94,0.9041445520523359,-3.611632831444816,-3.1817818107500706
1636731676809,2021-11-12T10:41:16.809,104.95,1.6575583743163749,-3.1507539960061166,-3.2173351830458126
1636731676819,2021-11-12T10:41:16.819,104.96,2.4875581730281,-3.215846693096566,-3.483681951070543
1636731676829,2021-11-12T10:41:16.829,104.97,3.1863283518137133,-3.8061384746180225,-3.886379848590895
1636731676839,2021-11-12T10:41:16.839,104.98,3.5602894571899775,-4.6371939944301275,-4.491520428801572
1636731676849,2021-11-12T10:41:16.849,104.99,3.614724827263921,-5.320344667396392,-5.334311257672857
1636731676859,2021-11-12T10:41:16.859,105.0,3.661015521104833,-5.530097173687779,-6.265745597484897
1636731676869,2021-11-12T10:41:16.869,105.01,4.129497704486544,-5.135500979113595,-7.1116194378066995
1636731676879,2021-11-12T10:41:16.879,105.02,5.136279915925169,-4.28717357514535,-7.8990106564267215
1636731676889,2021-11-12T10:41:16.889,105.03,6.25507861644283,-3.3413723275167153,-8.851991107722961
1636731676899,2021-11-12T10:41:16.899,105.04,6.866842439634404,-2.603922324941281,-10.16330857680362
1636731676909,2021-11-12T10:41:16.909,105.05,6.718072260057394,-2.141294915460442,-11.772927130102556
1636731676919,2021-11-12T10:41:16.919,105.06,6.025240252060985,-1.8429309548558233,-13.392542865982165
1636731676929,2021-11-12T10:41:16.929,105.07,5.151705963057173,-1.5847909571957892,-14.740546090317846
1636731676939,2021-11-12T10:41:16.939,105.08,4.364166705665854,-1.299738310337068,-15.68025457608238
1636731676949,2021-11-12T10:41:16.949,105.09,3.782349863497772,-0.968257049068497,-16.163689874358205
1636731676959,2021-11-12T10:41:16.959,105.1,3.3417714502720193,-0.6030882496521959,-16.208366921308
1636731676969,2021-11-12T10:41:16.969,105.11,2.7819288806655322,-0.2608498064091233,-15.98886044976662
1636731676979,2021-11-12T10:41:16.979,105.12,1.7141758953015722,-0.06391233199615044,-15.857742190978376
1636731676989,2021-11-12T10:41:16.989,105.13,-0.16260661886794364,-0.11481738567880745,-16.164895675434984
1636731676999,2021-11-12T10:41:16.999,105.14,-2.6266377752087857,-0.2971502171489308,-16.99645246636062
1636731677009,2021-11-12T10:41:17.009,105.15,-4.7983143214936455,-0.2617960747403766,-18.145127457105946
1636731677019,2021-11-12T10:41:17.019,105.16,-5.916585398102086,0.2495130366469629,-19.399055401960076
1636731677029,2021-11-12T10:41:17.029,105.17,-6.202326166545518,1.1457236079387658,-20.741728169497698
1636731677039,2021-11-12T10:41:17.039,105.18,-6.453200839220232,2.161524635646485,-22.186501786052876
1636731677049,2021-11-12T10:41:17.049,105.19,-6.96374250101434,3.151913409256654,-23.61099922754767
1636731677059,2021-11-12T10:41:17.059,105.2,-7.446270085404682,4.059490123554592,-24.87970187788629
1636731677069,2021-11-12T10:41:17.069,105.21,-7.776496502263015,4.742444119153015,-25.94335810222087
1636731677079,2021-11-12T10:41:17.079,105.22,-8.128820911315575,5.051507109251599,-26.73706791513966
1636731677089,2021-11-12T10:41:17.089,105.23,-8.504674460964893,5.032283651047013,-27.183066789807285
1636731677099,2021-11-12T10:41:17.099,105.24,-8.633108775633705,4.937693493565368,-27.35791683088727
1636731677109,2021-11-12T10:41:17.109,105.25,-8.223437750744615,5.076315309957639,-27.483742322521582
1636731677119,2021-11-12T10:41:17.119,105.26,-7.130762466105873,5.660462991257024,-27.728380032055828
1636731677129,2021-11-12T10:41:17.129,105.27,-5.5616918701600735,6.685748675291326,-28.148072221889578
1636731677139,2021-11-12T10:41:17.139,105.28,-4.131350519279215,7.885998258733947,-28.758911753305746
1636731677149,2021-11-12T10:41:17.149,105.29,-3.342485016291723,8.848686927043481,-29.462592090129306
1636731677159,2021-11-12T10:41:17.159,105.3,-3.1087335147381125,9.237626321191982,-29.94698358758383
1636731677169,2021-11-12T10:41:17.169,105.31,-3.0928816047608327,8.974903726102646,-29.863241418984405
1636731677179,2021-11-12T10:41:17.179,105.32,-3.1634884410960136,8.298478004989486,-29.115610598735522
1636731677189,2021-11-12T10:41:17.189,105.33,-3.132950346852647,7.657787697840288,-27.88926200095125
1636731677199,2021-11-12T10:41:17.199,105.34,-2.506362377229533,7.455753563070773,-26.47129643274937
1636731677209,2021-11-12T10:41:17.209,105.35,-1.0446244968426663,7.804251760392754,-25.17908632494629
1636731677219,2021-11-12T10:41:17.219,105.36,0.7185649644764015,8.530172091380498,-24.355727120178255
1636731677229,2021-11-12T10:41:17.229,105.37,2.034905727883592,9.429370163030686,-24.15467496854783
1636731677239,2021-11-12T10:41:17.239,105.38,2.821422820052849,10.450486384409004,-24.276204134287024
1636731677249,2021-11-12T10:41:17.249,105.39,3.534936069118827,11.583197609319331,-24.10961510654615
1636731677259,2021-11-12T10:41:17.259,105.4,4.356388741941574,12.681542251386691,-23.16490940304829
1636731677269,2021-11-12T10:41:17.269,105.41,5.010489039912692,13.536866575074999,-21.250918897113507
1636731677279,2021-11-12T10:41:17.279,105.42,5.354778713378498,14.060759376419226,-18.38124843927341
1636731677289,2021-11-12T10:41:17.289,105.43,5.67491293719576,14.29480802286512,-14.811888356268337
1636731677299,2021-11-12T10:41:17.299,105.44,6.215264779481054,14.309180119710062,-11.17682464367614
1636731677309,2021-11-12T10:41:17.309,105.45,6.663841631044777,14.142216785936952,-8.326869981478104
1636731677319,2021-11-12T10:41:17.319,105.46,6.425927928841012,13.784797035753634,-6.853741643853002
1636731677329,2021-11-12T10:41:17.329,105.47,5.432902422485285,13.230056378352625,-6.736587639792196
1636731677339,2021-11-12T10:41:17.339,105.48,4.3216792243808815,12.52647220207087,-7.4355223678653
1636731677349,2021-11-12T10:41:17.349,105.49,3.634196238074126,11.676099150254128,-8.268943160207467
1636731677359,2021-11-12T10:41:17.359,105.5,3.239581338821723,10.529451189970429,-8.673049165683299
1636731677369,2021-11-12T10:41:17.369,105.51,2.838827791175064,8.956742205060063,-8.260266305075705
1636731677379,2021-11-12T10:41:17.379,105.52,2.619666928941447,7.064927684254618,-6.948430053775764
1636731677389,2021-11-12T10:41:17.389,105.53,2.9641665586660784,5.058278577747057,-5.192164722989482
1636731677399,2021-11-12T10:41:17.399,105.54,3.739171129317066,2.9642149117906618,-3.9338665843988814
1636731677409,2021-11-12T10:41:17.409,105.55,4.255773921412241,0.6985879849723258,-4.114446911486291
1636731677419,2021-11-12T10:41:17.419,105.56,3.8708105732495004,-1.6588615120276802,-6.129444513480885
1636731677429,2021-11-12T10:41:17.429,105.57,2.5368494043425986,-3.8445461414953,-9.633454845731247
1636731677439,2021-11-12T10:41:17.439,105.58,0.8969595697291239,-5.661760651955783,-13.736022820312883
1636731677449,2021-11-12T10:41:17.449,105.59,-0.23000196125055317,-7.1365494690400695,-17.480069324010273
1636731677459,2021-11-12T10:41:17.459,105.6,-0.6266430011554472,-8.41074709525378,-20.361804245706566
1636731677469,2021-11-12T10:41:17.469,105.61,-0.7407138953684944,-9.549177830658437,-22.436561225674645
1636731677479,2021-11-12T10:41:17.479,105.62,-0.8655645369814368,-10.501159501134216,-23.887601530945307
1636731677489,2021-11-12T10:41:17.489,105.63,-0.7094571009165791,-11.231774353053883,-24.631626186943706
1636731677499,2021-11-12T10:41:17.499,105.64,-0.007589737332615101,-11.82898398335271,-24.43824386303912
1636731677509,2021-11-12T10:41:17.509,105.65,0.9425768244140755,-12.461230786744911,-23.26232670783955
1636731677519,2021-11-12T10:41:17.519,105.66,1.6632782801904198,-13.253098162186946,-21.32168032657608
1636731677529,2021-11-12T10:41:17.529,105.67,1.997673107965464,-14.215047066422251,-18.94743134635093
1636731677539,2021-11-12T10:41:17.539,105.68,1.9901980082730573,-15.291739729358657,-16.416094228848042
1636731677549,2021-11-12T10:41:17.549,105.69,1.6700265105899503,-16.43952949067526,-13.828136282106719
1636731677559,2021-11-12T10:41:17.559,105.7,1.205106778981249,-17.60795997986255,-11.141803599488124
1636731677569,2021-11-12T10:41:17.569,105.71,0.9329333172841157,-18.700878980817052,-8.435695462593122
1636731677579,2021-11-12T10:41:17.579,105.72,0.9507791709062868,-19.6432000793681,-6.102733764469313
1636731677589,2021-11-12T10:41:17.589,105.73,0.9204743715664452,-20.435200443889993,-4.6118211334609445
1636731677599,2021-11-12T10:41:17.599,105.74,0.554346581690148,-21.07902737543751,-4.069840549144836
1636731677609,2021-11-12T10:41:17.609,105.75,0.030837972941497316,-21.537437494069543,-4.176811735825044
1636731677619,2021-11-12T10:41:17.619,105.76,-0.366500909479177,-21.818496818551964,-4.587849181320665
1636731677629,2021-11-12T10:41:17.629,105.77,-0.6748411950732733,-22.01086045163514,-5.1075661812144135
1636731677639,2021-11-12T10:41:17.639,105.78,-0.976788415971813,-22.194386142395615,-5.549307464362752
1636731677649,2021-11-12T10:41:17.649,105.79,-1.0848907732003106,-22.377607972473076,-5.683886624179943
1636731677659,2021-11-12T10:41:17.659,105.8,-0.8393234601949039,-22.53210564268645,-5.41005273405862
1636731677669,2021-11-12T10:41:17.669,105.81,-0.4026048321651064,-22.638167978473206,-4.795022174187116
1636731677679,2021-11-12T10:41:17.679,105.82,-0.027313193320934584,-22.690394470672867,-3.903805640467216
1636731677689,2021-11-12T10:41:17.689,105.83,0.2756691019074052,-22.68338844898765,-2.7287273651215704
1636731677699,2021-11-12T10:41:17.699,105.84,0.7595909027875627,-22.5891838127965,-1.2966344726485803
1636731677709,2021-11-12T10:41:17.709,105.85,1.6238605049685666,-22.34434767944398,0.27342095321650406
1636731677719,2021-11-12T10:41:17.719,105.86,2.5299074842238243,-21.887970289502523,1.8322320542860822
1636731677729,2021-11-12T10:41:17.729,105.87,2.7230400479143535,-21.21721670894192,3.255008813072368
1636731677739,2021-11-12T10:41:17.739,105.88,2.110600336178716,-20.379025755686072,4.450750356510989
1636731677749,2021-11-12T10:41:17.749,105.89,1.6450326525400312,-19.447904479953728,5.395554099860373
1636731677759,2021-11-12T10:41:17.759,105.9,1.8807364034867704,-18.55001475634886,6.191366942723798
1636731677769,2021-11-12T10:41:17.769,105.91,2.0435944039429064,-17.80174128820484,7.056432917925406
1636731677779,2021-11-12T10:41:17.779,105.92,1.4151529471700082,-17.156698046580765,8.195502252234155
1636731677789,2021-11-12T10:41:17.789,105.93,0.5045190869524704,-16.439660193376078,9.646333581561068
1636731677799,2021-11-12T10:41:17.799,105.94,0.01840270536841237,-15.573262494456259,11.27128144121868
1636731677809,2021-11-12T10:41:17.809,105.95,-0.16575651583457637,-14.64134803894853,12.92767076415506
1636731677819,2021-11-12T10:41:17.819,105.96,-0.340609430373776,-13.743338480796888,14.611806689522545
1636731677829,2021-11-12T10:41:17.829,105.97,-0.31412309659622323,-12.916036743448498,16.35998980531645
1636731677839,2021-11-12T10:41:17.839,105.98,0.0360490325409114,-12.169604538972687,18.033511855120476
1636731677849,2021-11-12T10:41:17.849,105.99,0.3178457110760934,-11.517014539897836,19.314503947371833
1636731677859,2021-11-12T10:41:17.859,106.0,0.2242287801632365,-10.967701053033757,19.92571092651584
1636731677869,2021-11-12T10:41:17.869,106.01,0.07822675342036355,-10.4735139596459,19.805185905914186
1636731677879,2021-11-12T10:41:17.879,106.02,0.326710858303225,-9.895008494293513,19.118545811957063
1636731677889,2021-11-12T10:41:17.889,106.03,0.8368643698436753,-9.123758618780954,18.14634805779224
1636731677899,2021-11-12T10:41:17.899,106.04,1.1884775695179204,-8.23595546445376,17.105839263779597
1636731677909,2021-11-12T10:41:17.909,106.05,1.3576803218837843,-7.425893742956487,16.076025520278957
1636731677919,2021-11-12T10:41:17.919,106.06,1.5241659485556838,-6.824234681496849,15.113641560738424
1636731677929,2021-11-12T10:41:17.929,106.07,1.5358268013339493,-6.446288086509277,14.345020645436094
1636731677939,2021-11-12T10:41:17.939,106.08,1.2196787037031915,-6.204494965369786,13.87711721205579
1636731677949,2021-11-12T10:41:17.949,106.09,0.9060996807781478,-5.894752843135716,13.68798987605887
1636731677959,2021-11-12T10:41:17.959,106.1,1.0397396015708287,-5.288950997224988,13.62560492235938
1636731677969,2021-11-12T10:41:17.969,106.11,1.4723642138935658,-4.295684541599369,13.469075945975336
1636731677979,2021-11-12T10:41:17.979,106.12,1.584610897622583,-2.9520239997862854,13.06719452730989
1636731677989,2021-11-12T10:41:17.989,106.13,1.0511160384246045,-1.2873648846903996,12.536982815061464
1636731677999,2021-11-12T10:41:17.999,106.14,0.21007081281388246,0.6988628074704942,12.282486372559639
1636731678009,2021-11-12T10:41:18.009,106.15,-0.36624766046437607,2.962859341399636,12.674132683766338
1636731678019,2021-11-12T10:41:18.019,106.16,-0.5018353855168899,5.436660056177788,13.671363343068279
1636731678029,2021-11-12T10:41:18.029,106.17,-0.5376215269057352,8.152812462079364,14.853221726956395
1636731678039,2021-11-12T10:41:18.039,106.18,-0.9278902065625805,11.342388990010239,15.850989627004617
1636731678049,2021-11-12T10:41:18.049,106.19,-1.8028904795065412,15.406498172348197,16.643424659538937
1636731678059,2021-11-12T10:41:18.059,106.2,-2.894209132870704,20.679225787928523,17.41495049213881
1636731678069,2021-11-12T10:41:18.069,106.21,-3.877488280743183,27.035161430443907,18.299781222054595
1636731678079,2021-11-12T10:41:18.079,106.22,-4.750963106147393,33.71562837403296,19.346536192786807
1636731678089,2021-11-12T10:41:18.089,106.23,-5.704220941089868,39.70653321474277,20.597825046583868
1636731678099,2021-11-12T10:41:18.099,106.24,-6.654379119422362,44.3489873608393,22.065758740714305
1636731678109,2021-11-12T10:41:18.109,106.25,-7.259359679370764,47.50316680091912,23.61612610575522
1636731678119,2021-11-12T10:41:18.119,106.26,-7.422407317270116,49.20945465728312,24.927584925623385
1636731678129,2021-11-12T10:41:18.129,106.27,-7.434559426095154,49.45813736850184,25.611544308145227
1636731678139,2021-11-12T10:41:18.139,106.28,-7.559264061916514,48.32853118658704,25.39663790909955
1636731678149,2021-11-12T10:41:18.149,106.29,-7.725017799689726,46.10548847036181,24.227652334434957
1636731678159,2021-11-12T10:41:18.159,106.3,-7.665788238827691,43.125745144904,22.25347771159716
1636731678169,2021-11-12T10:41:18.169,106.31,-7.204800545168281,39.60308827871748,19.777817534150195
1636731678179,2021-11-12T10:41:18.179,106.32,-6.367269039812207,35.66215916183819,17.17258546800437
1636731678189,2021-11-12T10:41:18.189,106.33,-5.3137882938950955,31.488467468632173,14.703158368427424
1636731678199,2021-11-12T10:41:18.199,106.34,-4.219452195281124,27.385898185591948,12.40378412771827
1636731678209,2021-11-12T10:41:18.209,106.35,-3.1920153175983654,23.6357120149463,10.21193022316757
1636731678219,2021-11-12T10:41:18.219,106.36,-2.265899674954908,20.291780339310318,8.189998117543986
1636731678229,2021-11-12T10:41:18.229,106.37,-1.4421386895450756,17.202383853803735,6.4725484782312375
1636731678239,2021-11-12T10:41:18.239,106.38,-0.7119463657497322,14.250314758200183,5.04218729685177
1636731678249,2021-11-12T10:41:18.249,106.39,-0.06275313900969487,11.435422475199049,3.724566902791411
1636731678259,2021-11-12T10:41:18.259,106.4,0.49976931335264335,8.716307505304677,2.387249877262972
1636731678269,2021-11-12T10:41:18.269,106.41,0.9421990267270018,5.972611431034689,1.0339028245643302
1636731678279,2021-11-12T10:41:18.279,106.42,1.2372088619648793,3.164349430635565,-0.2613327967609117
1636731678289,2021-11-12T10:41:18.289,106.43,1.396921682004141,0.3777276276006669,-1.438492029728608
1636731678299,2021-11-12T10:41:18.299,106.44,1.4704276022277956,-2.25533362021393,-2.512669546205161
1636731678309,2021-11-12T10:41:18.309,106.45,1.5299199780945303,-4.5459646760072765,-3.584099381390876
1636731678319,2021-11-12T10:41:18.319,106.46,1.652318396737177,-6.259304929237161,-4.730961366623455
1636731678329,2021-11-12T10:41:18.329,106.47,1.869387795346475,-7.299464458291119,-5.875480360127069
1636731678339,2021-11-12T10:41:18.339,106.48,2.119448839230299,-7.814326065130365,-6.819774490623088
1636731678349,2021-11-12T10:41:18.349,106.49,2.286087585631485,-8.023747727034635,-7.442451169618177
1636731678359,2021-11-12T10:41:18.359,106.5,2.3083273749388282,-8.026508958529957,-7.819049312350719
1636731678369,2021-11-12T10:41:18.369,106.51,2.2282571370657998,-7.834724453253015,-8.114020984559998
1636731678379,2021-11-12T10:41:18.379,106.52,2.119030967650891,-7.503394341240277,-8.38300897581329
1636731678389,2021-11-12T10:41:18.389,106.53,2.014127788231928,-7.140459150790479,-8.538781686887866
1636731678399,2021-11-12T10:41:18.399,106.54,1.9433172581228995,-6.827732054499119,-8.49794840358938
1636731678409,2021-11-12T10:41:18.409,106.55,1.9549181444394192,-6.601774749687035,-8.29577964351436
1636731678419,2021-11-12T10:41:18.419,106.56,2.014259129513429,-6.490476439873927,-8.061018963617892
1636731678429,2021-11-12T10:41:18.429,106.57,2.0014660008376723,-6.499897472822754,-7.915389045533042
1636731678439,2021-11-12T10:41:18.439,106.58,1.9297851919236642,-6.589947110630008,-7.886577671618426
1636731678449,2021-11-12T10:41:18.449,106.59,1.9555577749278439,-6.727497496021329,-7.9239845949526995
1636731678459,2021-11-12T10:41:18.459,106.6,2.0108586924597143,-6.91572427206654,-8.002982462563217
1636731678469,2021-11-12T10:41:18.469,106.61,1.7371276502094202,-7.116781276982612,-8.151673906104207
1636731678479,2021-11-12T10:41:18.479,106.62,0.981754249527526,-7.233675583253499,-8.368621499384986
1636731678489,2021-11-12T10:41:18.489,106.63,0.022933823940499642,-7.227400678523383,-8.585877598671566
1636731678499,2021-11-12T10:41:18.499,106.64,-0.7974824490291209,-7.145035465188041,-8.69786178149184
1636731678509,2021-11-12T10:41:18.509,106.65,-1.2691724359361671,-6.9867518813713465,-8.572610536186083
1636731678519,2021-11-12T10:41:18.519,106.66,-1.203327488945367,-6.686575066144763,-8.095820130924702
1636731678529,2021-11-12T10:41:18.529,106.67,-0.6160231207938641,-6.282841901145927,-7.276321083747433
1636731678539,2021-11-12T10:41:18.539,106.68,0.10881458771286666,-5.9476447084400865,-6.260257385988476
1636731678549,2021-11-12T10:41:18.549,106.69,0.6741357375817079,-5.755554865910685,-5.19223045875038
