epoch (ms),time (-13:00),elapsed (s),x-axis (T),y-axis (T),z-axis (T)
1650912787182,2022-04-25T14:53:07.182,0.0,6.757071035721662e-07,-1.1374754292000866e-06,3.061334737268134e-06
1650912787232,2022-04-25T14:53:07.232,0.05,-4.478664616918868e-07,-1.7653880946180979e-07,3.776424484971403e-06
1650912787282,2022-04-25T14:53:07.282,0.1,-6.571038536464e-07,8.859696301002255e-07,3.523768201591175e-06
1650912787332,2022-04-25T14:53:07.332,0.15,-2.84491358511827e-08,1.6132815568868203e-06,2.890304900361199e-06
1650912787382,2022-04-25T14:53:07.382,0.2,6.202511676918902e-07,3.7828846268579606e-07,2.826116595965691e-06
1650912787432,2022-04-25T14:53:07.432,0.25,6.473551974451584e-07,-3.7155970772614896e-06,3.257691153002961e-06
1650912787482,2022-04-25T14:53:07.482,0.3,7.458227364173883e-08,-8.441775164313512e-06,3.75841755775301e-06
1650912787532,2022-04-25T14:53:07.532,0.35,-6.547639869702778e-07,-1.0303491225927705e-05,4.180441389371614e-06
1650912787582,2022-04-25T14:53:07.582,0.4,-1.2239829369746736e-06,-8.180337815119914e-06,4.177957780428537e-06
1650912787632,2022-04-25T14:53:07.632,0.45,-1.5915003109513489e-06,-3.994464546479402e-06,3.5084586447370803e-06
1650912787682,2022-04-25T14:53:07.682,0.5,-1.657080022694655e-06,-6.875260123916051e-07,2.8603985401049363e-06
1650912787732,2022-04-25T14:53:07.732,0.55,-1.1993238887119676e-06,3.1538292824523196e-07,3.064485739185337e-06
1650912787782,2022-04-25T14:53:07.782,0.6,-2.968506139377031e-07,-1.1079781918187302e-07,3.7346155928713957e-06
1650912787832,2022-04-25T14:53:07.832,0.65,5.469812198124406e-07,-5.721571683969705e-07,3.950699077928573e-06
1650912787882,2022-04-25T14:53:07.882,0.7,8.469977461746533e-07,-6.393755515335635e-07,3.7732205968229246e-06
1650912787932,2022-04-25T14:53:07.932,0.75,5.298668300592951e-07,-4.805636354168946e-07,3.7783863810548765e-06
1650912787982,2022-04-25T14:53:07.982,0.8,-2.814367581236974e-08,-4.082155647915615e-07,3.843234100556713e-06
1650912788032,2022-04-25T14:53:08.032,0.85,-2.7493726013088354e-07,-6.263761718946738e-07,3.6990825968039713e-06
1650912788082,2022-04-25T14:53:08.082,0.9,-3.2317753419811144e-08,-7.124142864439028e-07,3.7701173788612435e-06
1650912788132,2022-04-25T14:53:08.132,0.95,2.3786042879827864e-07,-1.0291523089374088e-07,4.296420055751526e-06
1650912788182,2022-04-25T14:53:08.182,1.0,2.7316983657338698e-08,7.179793061583859e-07,4.572850640547115e-06
1650912788232,2022-04-25T14:53:08.232,1.05,-4.4062763934491945e-07,6.928133163971178e-07,4.0617589073035105e-06
1650912788282,2022-04-25T14:53:08.282,1.1,-4.84669281661397e-07,-1.0128199571317324e-07,3.4746689245577054e-06
1650912788332,2022-04-25T14:53:08.332,1.15,-3.630852978809255e-08,-6.02370393731055e-07,3.7895605111187215e-06
1650912788382,2022-04-25T14:53:08.382,1.2,1.6285164723097087e-07,-6.550565924111752e-07,4.720438171231053e-06
1650912788432,2022-04-25T14:53:08.432,1.25,-3.197038023927233e-07,-1.0758715041021383e-06,5.151382177550521e-06
1650912788482,2022-04-25T14:53:08.482,1.3,-9.256374417188961e-07,-1.7404023564825695e-06,4.753911712668459e-06
1650912788532,2022-04-25T14:53:08.532,1.35,-1.0259914021811165e-06,-1.584638080142808e-06,4.261405906989799e-06
1650912788582,2022-04-25T14:53:08.582,1.4,-8.656080286083381e-07,-6.475103657314995e-07,4.4010618769546894e-06
1650912788632,2022-04-25T14:53:08.632,1.45,-8.609029799128569e-07,-7.659668812044036e-08,5.121438452616428e-06
1650912788682,2022-04-25T14:53:08.682,1.5,-7.60156070413381e-07,-9.607660970728485e-08,5.650597209193628e-06
1650912788732,2022-04-25T14:53:08.732,1.55,-4.5116019020756264e-07,8.969896472884864e-08,5.31969440163225e-06
1650912788782,2022-04-25T14:53:08.782,1.6,-5.717427610596964e-07,5.543474176430446e-07,4.476733255720804e-06
1650912788832,2022-04-25T14:53:08.832,1.65,-1.3221714238294702e-06,5.901612013107669e-07,4.065589484668567e-06
1650912788882,2022-04-25T14:53:08.882,1.7,-1.8556807014640716e-06,7.941901341662565e-08,4.350887486022822e-06
1650912788932,2022-04-25T14:53:08.932,1.75,-1.6388092627580202e-06,-4.435263559938657e-07,4.870205826568037e-06
1650912788982,2022-04-25T14:53:08.982,1.8,-1.1635870632996597e-06,-5.844176096347852e-07,5.358477217128143e-06
1650912789032,2022-04-25T14:53:09.032,1.85,-8.292507928278303e-07,-2.09385424048818e-07,5.8038316773244024e-06
1650912789082,2022-04-25T14:53:09.082,1.9,-4.632457418041607e-07,4.245641708468615e-07,5.9403590810993875e-06
1650912789132,2022-04-25T14:53:09.132,1.95,-2.560764776014157e-07,5.333691715696652e-07,5.555311017754585e-06
1650912789182,2022-04-25T14:53:09.182,2.0,-7.843865334421422e-07,-2.474235053390336e-07,5.01796630098844e-06
1650912789232,2022-04-25T14:53:09.232,2.05,-1.7887089315800384e-06,-1.059793626399857e-06,4.778679066132276e-06
1650912789282,2022-04-25T14:53:09.282,2.1,-2.1598374729290783e-06,-9.173110316403901e-07,4.739691680263277e-06
1650912789332,2022-04-25T14:53:09.332,2.15,-1.5313948199532278e-06,-1.5559385760692824e-07,4.787344497921621e-06
1650912789382,2022-04-25T14:53:09.382,2.2,-8.021186168000608e-07,1.6873991074223576e-07,5.228978352413963e-06
1650912789432,2022-04-25T14:53:09.432,2.25,-5.24384031103449e-07,-6.075539835357709e-08,6.058200179217585e-06
1650912789482,2022-04-25T14:53:09.482,2.3,5.003116890521295e-08,7.097855032382558e-09,6.813213623664851e-06
1650912789532,2022-04-25T14:53:09.532,2.35,1.4787090348822747e-06,6.673330706774212e-07,7.580650978994236e-06
1650912789582,2022-04-25T14:53:09.582,2.4,2.955017921980436e-06,1.1294299783208534e-06,8.86851567112036e-06
1650912789632,2022-04-25T14:53:09.632,2.45,3.568499596172443e-06,7.527204809678486e-07,1.0399373986789006e-05
1650912789682,2022-04-25T14:53:09.682,2.5,3.6113658489592865e-06,-3.1510501138715025e-08,1.1385741190113574e-05
1650912789732,2022-04-25T14:53:09.732,2.55,3.991489410182174e-06,-3.6752245769665576e-07,1.1817831159295136e-05
1650912789782,2022-04-25T14:53:09.782,2.6,5.163353255127505e-06,1.1104062660000838e-07,1.2212612587543128e-05
1650912789832,2022-04-25T14:53:09.832,2.65,6.7313823873717215e-06,1.055988352453443e-06,1.2467339203777662e-05
1650912789882,2022-04-25T14:53:09.882,2.7,7.707923826019523e-06,1.5810601098737075e-06,1.2146728720409917e-05
1650912789932,2022-04-25T14:53:09.932,2.75,7.712491436920609e-06,1.110682532250388e-06,1.1424942672608695e-05
1650912789982,2022-04-25T14:53:09.982,2.8,7.827043163966316e-06,3.105274039585806e-07,1.0662888986841796e-05
1650912790032,2022-04-25T14:53:10.032,2.85,9.003768349977279e-06,3.4915930256809784e-07,9.710490396996315e-06
1650912790082,2022-04-25T14:53:10.082,2.9,1.0099148993534984e-05,1.3730013171337199e-06,8.530727361260607e-06
1650912790132,2022-04-25T14:53:10.132,2.95,9.351495793141841e-06,2.5702103266005336e-06,7.5434387700988e-06
1650912790182,2022-04-25T14:53:10.182,3.0,7.271937855129112e-06,3.169589601546279e-06,6.74187466212083e-06
1650912790232,2022-04-25T14:53:10.232,3.05,6.017613970800904e-06,2.751699132308154e-06,5.751522477722968e-06
1650912790282,2022-04-25T14:53:10.282,3.1,6.295930378731223e-06,1.4901047573592433e-06,4.932476891240514e-06
1650912790332,2022-04-25T14:53:10.332,3.15,6.745892115566018e-06,4.33627927733169e-07,4.941760584415021e-06
1650912790382,2022-04-25T14:53:10.382,3.2,6.095613706136603e-06,4.1188984906228175e-07,5.466775516651374e-06
1650912790432,2022-04-25T14:53:10.432,3.25,4.396355386381298e-06,5.499395516002069e-07,5.7817961941247695e-06
1650912790482,2022-04-25T14:53:10.482,3.3,2.3964073359990598e-06,-6.689397577817904e-07,5.912927808165379e-06
1650912790532,2022-04-25T14:53:10.532,3.35,8.924890630032948e-07,-2.7577647472034054e-06,6.167405661552752e-06
1650912790582,2022-04-25T14:53:10.582,3.4,4.215355075240287e-07,-3.4779080676495094e-06,6.3387712691897515e-06
1650912790632,2022-04-25T14:53:10.632,3.45,7.450095397655743e-07,-2.0502136522080265e-06,6.129152578196331e-06
1650912790682,2022-04-25T14:53:10.682,3.5,8.204376429406915e-07,-1.4135554907350916e-07,5.69125896154001e-06
1650912790732,2022-04-25T14:53:10.732,3.55,-2.606425895425228e-07,7.049382388181241e-07,5.265943798604463e-06
1650912790782,2022-04-25T14:53:10.782,3.6,-2.4129781049664923e-06,6.587385278101675e-07,4.700739346329965e-06
1650912790832,2022-04-25T14:53:10.832,3.65,-4.7042242280086524e-06,3.9507868418795333e-07,3.7896127483416903e-06
1650912790882,2022-04-25T14:53:10.882,3.7,-6.1120594586018385e-06,8.84598321702262e-08,2.681951999779795e-06
1650912790932,2022-04-25T14:53:10.932,3.75,-6.330192263284236e-06,-1.3080249543820085e-07,1.2913723215342782e-06
1650912790982,2022-04-25T14:53:10.982,3.8,-6.174736498463147e-06,2.6684976777760653e-08,-9.57366909012136e-07
1650912791032,2022-04-25T14:53:11.032,3.85,-6.652695212996548e-06,4.5560862123454206e-07,-3.887892914630815e-06
1650912791082,2022-04-25T14:53:11.082,3.9,-7.501170526628046e-06,5.34691068626245e-07,-6.243381677836005e-06
1650912791132,2022-04-25T14:53:11.132,3.95,-7.778821966312295e-06,-1.1046496377453954e-07,-7.52037297537399e-06
1650912791182,2022-04-25T14:53:11.182,4.0,-7.645700396275229e-06,-9.406172484606942e-07,-8.64105614984328e-06
1650912791232,2022-04-25T14:53:11.232,4.05,-7.921234583704452e-06,-9.939560744860477e-07,-1.0077129882720493e-05
1650912791282,2022-04-25T14:53:11.282,4.1,-8.42356318800781e-06,-8.626803476792624e-08,-1.1092108675133486e-05
1650912791332,2022-04-25T14:53:11.332,4.15,-8.430274298610486e-06,9.546360978102627e-07,-1.1450141225024575e-05
1650912791382,2022-04-25T14:53:11.382,4.2,-8.055482808763189e-06,1.4252758407424267e-06,-1.1991800679486336e-05
1650912791432,2022-04-25T14:53:11.432,4.25,-7.793746749331646e-06,1.4396807965344231e-06,-1.2981633523154797e-05
1650912791482,2022-04-25T14:53:11.482,4.3,-7.554101877729995e-06,1.2459235089187861e-06,-1.3593914395666702e-05
1650912791532,2022-04-25T14:53:11.532,4.35,-7.20955474802378e-06,8.212094040039838e-07,-1.344960145757571e-05
1650912791582,2022-04-25T14:53:11.582,4.4,-7.216568676667659e-06,4.6647045834132525e-07,-1.3280515946777887e-05
1650912791632,2022-04-25T14:53:11.632,4.45,-7.762421056365114e-06,7.28313728892773e-07,-1.368339477495906e-05
1650912791682,2022-04-25T14:53:11.682,4.5,-8.111176914652647e-06,1.489337282386428e-06,-1.4220591564699921e-05
1650912791732,2022-04-25T14:53:11.732,4.55,-7.631772629783081e-06,2.007169058408189e-06,-1.4291540490563905e-05
1650912791782,2022-04-25T14:53:11.782,4.6,-6.752193134597132e-06,1.7792895985118135e-06,-1.4147132580588201e-05
1650912791832,2022-04-25T14:53:11.832,4.65,-6.3003939296185705e-06,9.403485990530075e-07,-1.4218746735937623e-05
1650912791882,2022-04-25T14:53:11.882,4.7,-6.544048983824632e-06,2.2735784701464082e-07,-1.4143357774689422e-05
1650912791932,2022-04-25T14:53:11.932,4.75,-7.111376752703263e-06,4.054585158421859e-07,-1.352827044461131e-05
1650912791982,2022-04-25T14:53:11.982,4.8,-7.432549449454514e-06,1.2064882104966747e-06,-1.2906944029151026e-05
1650912792032,2022-04-25T14:53:12.032,4.85,-7.328322649222277e-06,1.5953012691093816e-06,-1.2881728025282642e-05
1650912792082,2022-04-25T14:53:12.082,4.9,-7.138287774888241e-06,1.421533633396627e-06,-1.317747221747025e-05
1650912792132,2022-04-25T14:53:12.132,4.95,-7.056522247669228e-06,1.5325213396836798e-06,-1.3258714025253732e-05
1650912792182,2022-04-25T14:53:12.182,5.0,-6.869252906297438e-06,2.136966053874985e-06,-1.3061972126838672e-05
1650912792232,2022-04-25T14:53:12.232,5.05,-6.580029421641977e-06,2.475495367508149e-06,-1.2878419569957964e-05
1650912792282,2022-04-25T14:53:12.282,5.1,-6.498767521245723e-06,2.111416693330848e-06,-1.3074259821418185e-05
1650912792332,2022-04-25T14:53:12.332,5.15,-6.580928378414331e-06,1.476998867386213e-06,-1.3760932067988817e-05
1650912792382,2022-04-25T14:53:12.382,5.2,-6.5158906012263304e-06,1.1997922180991832e-06,-1.4521121259192715e-05
1650912792432,2022-04-25T14:53:12.432,5.25,-6.455455000857819e-06,1.4119849480259967e-06,-1.483491030041837e-05
1650912792482,2022-04-25T14:53:12.482,5.3,-6.8040754812788205e-06,1.7197686781661253e-06,-1.48308436711735e-05
1650912792532,2022-04-25T14:53:12.532,5.35,-7.355663067370801e-06,1.7310408556367169e-06,-1.5202260353946509e-05
1650912792582,2022-04-25T14:53:12.582,5.4,-7.497208608889578e-06,1.4394900934457883e-06,-1.6215986397962456e-05
1650912792632,2022-04-25T14:53:12.632,5.45,-7.2022404685477196e-06,1.1050369108960514e-06,-1.7175937769889995e-05
1650912792682,2022-04-25T14:53:12.682,5.5,-7.019268197410779e-06,1.08664032484182e-06,-1.7291617987273464e-05
1650912792732,2022-04-25T14:53:12.732,5.55,-7.164372994680851e-06,1.6085283313866425e-06,-1.6777966546211196e-05
1650912792782,2022-04-25T14:53:12.782,5.6,-7.307859229608405e-06,2.31258430259334e-06,-1.6454154376195192e-05
1650912792832,2022-04-25T14:53:12.832,5.65,-7.181666471346114e-06,2.485517924462605e-06,-1.6491654154215126e-05
1650912792882,2022-04-25T14:53:12.882,5.7,-6.932903636279967e-06,2.060329698090929e-06,-1.637567789757151e-05
1650912792932,2022-04-25T14:53:12.932,5.75,-6.911361325992256e-06,1.7603478780073236e-06,-1.6006605587054274e-05
1650912792982,2022-04-25T14:53:12.982,5.8,-7.2674042199269635e-06,1.982504839202521e-06,-1.5895424566052375e-05
1650912793032,2022-04-25T14:53:13.032,5.85,-7.729293640919265e-06,2.2444429859424326e-06,-1.6126447447362346e-05
1650912793082,2022-04-25T14:53:13.082,5.9,-7.90812465196119e-06,2.0451357679906164e-06,-1.6077607273293533e-05
1650912793132,2022-04-25T14:53:13.132,5.95,-7.808303974751e-06,1.634319882934458e-06,-1.552303551316531e-05
1650912793182,2022-04-25T14:53:13.182,6.0,-7.692736865672246e-06,1.4863687830749908e-06,-1.5153991854388096e-05
1650912793232,2022-04-25T14:53:13.232,6.05,-7.623109048132742e-06,1.5080722687415898e-06,-1.5403355330108942e-05
1650912793282,2022-04-25T14:53:13.282,6.1,-7.567537013324338e-06,1.370504473103055e-06,-1.5421188522746893e-05
1650912793332,2022-04-25T14:53:13.332,6.15,-7.64467619903982e-06,1.2449387971321348e-06,-1.4188496511941964e-05
1650912793382,2022-04-25T14:53:13.382,6.2,-7.955300914807062e-06,1.4697341314881262e-06,-1.2227140309841897e-05
1650912793432,2022-04-25T14:53:13.432,6.25,-8.39133656457833e-06,1.7619376760518298e-06,-1.0997805969712282e-05
1650912793482,2022-04-25T14:53:13.482,6.3,-8.58443185461093e-06,1.568132690154624e-06,-1.0936105293958413e-05
1650912793532,2022-04-25T14:53:13.532,6.35,-8.173112816373991e-06,1.0602533960936416e-06,-1.121798534941437e-05
1650912793582,2022-04-25T14:53:13.582,6.4,-7.470771738715385e-06,9.861354767302224e-07,-1.1041741197072409e-05
1650912793632,2022-04-25T14:53:13.632,6.45,-7.332288818118378e-06,1.5166037588867002e-06,-1.0259470735274668e-05
1650912793682,2022-04-25T14:53:13.682,6.5,-7.944900130190938e-06,1.9200336927623323e-06,-9.24052888771008e-06
1650912793732,2022-04-25T14:53:13.732,6.55,-8.588000242001004e-06,1.5470592186342746e-06,-8.677232537153333e-06
1650912793782,2022-04-25T14:53:13.782,6.6,-8.799012858343142e-06,7.401934168652624e-07,-8.97301955135508e-06
1650912793832,2022-04-25T14:53:13.832,6.65,-8.765558147617952e-06,4.7395042234614205e-07,-9.58393673687602e-06
1650912793882,2022-04-25T14:53:13.882,6.7,-8.546555194253502e-06,1.1564021238823888e-06,-9.588437499950778e-06
1650912793932,2022-04-25T14:53:13.932,6.75,-7.909794648096387e-06,2.176943997641076e-06,-8.843729365591706e-06
1650912793982,2022-04-25T14:53:13.982,6.8,-6.969333558019418e-06,2.7239902518363192e-06,-7.933078406548947e-06
1650912794032,2022-04-25T14:53:14.032,6.85,-6.263154461544401e-06,2.561088681186979e-06,-7.192729716915408e-06
1650912794082,2022-04-25T14:53:14.082,6.9,-6.1121931924293495e-06,1.917548135619129e-06,-6.382141017704749e-06
1650912794132,2022-04-25T14:53:14.132,6.95,-6.2278120666727765e-06,1.1024929431809397e-06,-5.2435162318521075e-06
1650912794182,2022-04-25T14:53:14.182,7.0,-6.0336444973781546e-06,3.8542558911963363e-07,-3.893961808852499e-06
1650912794232,2022-04-25T14:53:14.232,7.05,-5.2265089016531105e-06,4.097978187541301e-09,-2.3673958448999807e-06
1650912794282,2022-04-25T14:53:14.282,7.1,-3.8176560602263985e-06,-5.1869690699428825e-09,-2.799978145188148e-07
1650912794332,2022-04-25T14:53:14.332,7.15,-1.832030447788619e-06,4.5738150189848417e-08,2.2322169179479466e-06
1650912794382,2022-04-25T14:53:14.382,7.2,5.064514185573e-07,-4.869110223073269e-08,3.810776767309559e-06
1650912794432,2022-04-25T14:53:14.432,7.25,2.5290991042575384e-06,7.332505427091027e-08,3.446338285713917e-06
1650912794482,2022-04-25T14:53:14.482,7.3,3.792733305330011e-06,5.361536318802611e-07,2.1686463746406836e-06
1650912794532,2022-04-25T14:53:14.532,7.35,4.780493147284955e-06,3.4614696117872586e-07,1.5838760134919194e-06
1650912794582,2022-04-25T14:53:14.582,7.4,6.169609012049263e-06,-1.1593062204737838e-06,1.5669173027425464e-06
1650912794632,2022-04-25T14:53:14.632,7.45,7.583659674993186e-06,-2.4268595225912306e-06,1.1343964114775793e-06
1650912794682,2022-04-25T14:53:14.682,7.5,7.958520005850954e-06,-1.451454621055218e-06,5.232974928338104e-07
1650912794732,2022-04-25T14:53:14.732,7.55,7.18936314231173e-06,9.77114820394069e-07,6.226665808105605e-07
1650912794782,2022-04-25T14:53:14.782,7.6,6.4128230906321665e-06,2.22641927206868e-06,1.2449782644654222e-06
1650912794832,2022-04-25T14:53:14.832,7.65,6.336630890384882e-06,1.5743936047229996e-06,1.4308064084544148e-06
1650912794882,2022-04-25T14:53:14.882,7.7,6.395797648189343e-06,7.478527547355028e-07,9.330806784420626e-07
1650912794932,2022-04-25T14:53:14.932,7.75,6.084641760972417e-06,1.0357459885472841e-06,4.3110422079183964e-07
1650912794982,2022-04-25T14:53:14.982,7.8,5.876972605877839e-06,1.715919006621692e-06,5.265039609888446e-07
1650912795032,2022-04-25T14:53:15.032,7.85,6.1719778963307086e-06,1.579344654335737e-06,1.0840539440428308e-06
1650912795082,2022-04-25T14:53:15.082,7.9,6.547766630690481e-06,8.033819630698452e-07,1.5712202642041041e-06
1650912795132,2022-04-25T14:53:15.132,7.95,6.571301861675247e-06,4.945744073184591e-07,1.815884730717101e-06
1650912795182,2022-04-25T14:53:15.182,8.0,6.356051458648553e-06,9.493949416041589e-07,2.1475153986705946e-06
1650912795232,2022-04-25T14:53:15.232,8.05,6.166356396396302e-06,1.3801255812084278e-06,2.728603177557034e-06
1650912795282,2022-04-25T14:53:15.282,8.1,6.129375837912551e-06,1.191009130320314e-06,3.217375828162896e-06
1650912795332,2022-04-25T14:53:15.332,8.15,6.238107190694362e-06,6.670289695831391e-07,3.3613439242694933e-06
1650912795382,2022-04-25T14:53:15.382,8.2,6.3299833829542635e-06,2.9649304557358415e-07,3.4156622585846538e-06
1650912795432,2022-04-25T14:53:15.432,8.25,6.229025391749944e-06,1.1954747529100201e-07,3.650193137782761e-06
1650912795482,2022-04-25T14:53:15.482,8.3,6.017697652840821e-06,1.3658401330643272e-07,3.902586239082412e-06
1650912795532,2022-04-25T14:53:15.532,8.35,5.9874877220491796e-06,5.218476984685954e-07,3.9128391190698075e-06
1650912795582,2022-04-25T14:53:15.582,8.4,6.221531642762561e-06,9.401553038365172e-07,3.7290991615548322e-06
1650912795632,2022-04-25T14:53:15.632,8.45,6.466275866709852e-06,8.707155016821903e-07,3.531813929875515e-06
1650912795682,2022-04-25T14:53:15.682,8.5,6.549418745045123e-06,7.009863506587654e-07,3.3623520898694128e-06
1650912795732,2022-04-25T14:53:15.732,8.55,6.572008910590335e-06,9.355149124207362e-07,3.2567384899482465e-06
1650912795782,2022-04-25T14:53:15.782,8.6,6.5502583691083896e-06,1.0461432652957983e-06,3.344033362309706e-06
1650912795832,2022-04-25T14:53:15.832,8.65,6.29406963118824e-06,6.725601956171819e-07,3.5499666619454806e-06
1650912795882,2022-04-25T14:53:15.882,8.7,5.813998432767671e-06,4.884848667072412e-07,3.4933202133990097e-06
1650912795932,2022-04-25T14:53:15.932,8.75,5.511993211376745e-06,7.878742497686873e-07,3.006439026592399e-06
1650912795982,2022-04-25T14:53:15.982,8.8,5.6985348112120106e-06,1.0046315624848883e-06,2.526798100395647e-06
1650912796032,2022-04-25T14:53:16.032,8.85,6.03561469744372e-06,1.0248505975339786e-06,2.5180480458746017e-06
1650912796082,2022-04-25T14:53:16.082,8.9,5.872224153838486e-06,1.2824969591971855e-06,2.7116545510946523e-06
1650912796132,2022-04-25T14:53:16.132,8.95,5.202842311871776e-06,1.628259943909309e-06,2.592331048641905e-06
1650912796182,2022-04-25T14:53:16.182,9.0,4.719189457093693e-06,1.5150386821172135e-06,2.33587694407922e-06
1650912796232,2022-04-25T14:53:16.232,9.05,4.828854226162111e-06,1.1371269434416045e-06,2.364916924273166e-06
1650912796282,2022-04-25T14:53:16.282,9.1,5.276082232630662e-06,1.1838948636942391e-06,2.451414191926057e-06
1650912796332,2022-04-25T14:53:16.332,9.15,5.627422555677986e-06,1.598434342391634e-06,2.220393159847567e-06
1650912796382,2022-04-25T14:53:16.382,9.2,5.570077074790222e-06,1.71815790069424e-06,1.8929199017633455e-06
1650912796432,2022-04-25T14:53:16.432,9.25,5.10275152521571e-06,1.468694412053904e-06,1.7754536513010928e-06
1650912796482,2022-04-25T14:53:16.482,9.3,4.703088128573416e-06,1.3031071843312594e-06,1.7303567440587618e-06
1650912796532,2022-04-25T14:53:16.532,9.35,4.758031887151276e-06,1.1871094527177476e-06,1.546829598622082e-06
1650912796582,2022-04-25T14:53:16.582,9.4,4.981428296439895e-06,7.2796372612392e-07,1.2657908483843627e-06
1650912796632,2022-04-25T14:53:16.632,9.45,4.977463989191382e-06,1.914911017580199e-07,1.0621170677290742e-06
1650912796682,2022-04-25T14:53:16.682,9.5,4.921576314858691e-06,2.916742633268697e-07,1.0363361612720762e-06
1650912796732,2022-04-25T14:53:16.732,9.55,5.241998355895695e-06,8.075865044303758e-07,1.1419005868649424e-06
1650912796782,2022-04-25T14:53:16.782,9.6,6.061987549324993e-06,5.843485633129115e-07,1.563903305572313e-06
1650912796832,2022-04-25T14:53:16.832,9.65,7.123112588236539e-06,-7.044653995330109e-07,2.957614654384516e-06
1650912796882,2022-04-25T14:53:16.882,9.7,8.149512636502475e-06,-2.064228647186601e-06,5.638243796688388e-06
1650912796932,2022-04-25T14:53:16.932,9.75,9.318008402081334e-06,-2.7716369991893965e-06,8.969632305070843e-06
1650912796982,2022-04-25T14:53:16.982,9.8,1.0930774486126565e-05,-3.1277467021492454e-06,1.2198020976090308e-05
1650912797032,2022-04-25T14:53:17.032,9.85,1.2520444956482423e-05,-3.5874109395155946e-06,1.5082157422986675e-05
1650912797082,2022-04-25T14:53:17.082,9.9,1.3281331414492374e-05,-4.341554451409072e-06,1.737128272682458e-05
1650912797132,2022-04-25T14:53:17.132,9.95,1.346111342678366e-05,-5.413488192002152e-06,1.8795761387194963e-05
1650912797182,2022-04-25T14:53:17.182,10.0,1.397468148683031e-05,-6.353802025364194e-06,1.9600740510838994e-05
1650912797232,2022-04-25T14:53:17.232,10.05,1.4770017753913673e-05,-6.63240073735701e-06,2.013902154542496e-05
1650912797282,2022-04-25T14:53:17.282,10.1,1.5058243415072157e-05,-6.730823792105689e-06,2.049230420534598e-05
1650912797332,2022-04-25T14:53:17.332,10.15,1.4844060614640693e-05,-7.604613431557494e-06,2.105097426707949e-05
1650912797382,2022-04-25T14:53:17.382,10.2,1.4912640791613533e-05,-8.830645420304048e-06,2.217123648328978e-05
1650912797432,2022-04-25T14:53:17.432,10.25,1.559166128755536e-05,-8.925054375065284e-06,2.308028784136243e-05
1650912797482,2022-04-25T14:53:17.482,10.3,1.639629562374479e-05,-7.913819724887575e-06,2.294657635425527e-05
1650912797532,2022-04-25T14:53:17.532,10.35,1.6773902364203274e-05,-7.622766403232419e-06,2.263376479329664e-05
1650912797582,2022-04-25T14:53:17.582,10.4,1.6724944743710147e-05,-8.66365983073622e-06,2.320569060914448e-05
1650912797632,2022-04-25T14:53:17.632,10.45,1.65828853072644e-05,-9.400570561979382e-06,2.3628822494930018e-05
1650912797682,2022-04-25T14:53:17.682,10.5,1.6425696266072805e-05,-8.780616837401226e-06,2.20783009219922e-05
1650912797732,2022-04-25T14:53:17.732,10.55,1.604812240242336e-05,-7.619428602960425e-06,1.82265532647555e-05
1650912797782,2022-04-25T14:53:17.782,10.6,1.548890124063061e-05,-6.3694695394966945e-06,1.2792084518640942e-05
1650912797832,2022-04-25T14:53:17.832,10.65,1.5073952396558285e-05,-4.3165744430440246e-06,6.548135870635281e-06
1650912797882,2022-04-25T14:53:17.882,10.7,1.4792748255201258e-05,-1.6782082098962408e-06,6.345698033796394e-07
1650912797932,2022-04-25T14:53:17.932,10.75,1.429637034324489e-05,-1.507269348110957e-07,-3.874876817685375e-06
1650912797982,2022-04-25T14:53:17.982,10.8,1.3678009086429143e-05,-4.3719776841910997e-07,-7.0348215081251115e-06
1650912798032,2022-04-25T14:53:18.032,10.85,1.3365375249803451e-05,-9.86114285357543e-07,-9.328103257620596e-06
1650912798082,2022-04-25T14:53:18.082,10.9,1.3063584495304651e-05,-3.0405209128417414e-07,-1.036751569989809e-05
1650912798132,2022-04-25T14:53:18.132,10.95,1.189212664309734e-05,1.0141490784888686e-06,-9.680300319355752e-06
1650912798182,2022-04-25T14:53:18.182,11.0,9.850516281548819e-06,1.599706030146398e-06,-8.047678451625054e-06
1650912798232,2022-04-25T14:53:18.232,11.05,7.980585252865669e-06,1.0989148115943084e-06,-6.59209056357884e-06
1650912798282,2022-04-25T14:53:18.282,11.1,6.73598308258024e-06,7.277943696888585e-08,-5.215458612887477e-06
1650912798332,2022-04-25T14:53:18.332,11.15,5.436062831544067e-06,-5.905853817725995e-07,-3.3209367571879355e-06
1650912798382,2022-04-25T14:53:18.382,11.2,3.69755946564103e-06,-3.978286260090068e-07,-1.379068239115211e-06
1650912798432,2022-04-25T14:53:18.432,11.25,2.1682617299803937e-06,-1.0391432446378233e-07,-3.783395447820594e-07
1650912798482,2022-04-25T14:53:18.482,11.3,1.4198865969936724e-06,-6.789724908238659e-07,-2.402937435876584e-07
1650912798532,2022-04-25T14:53:18.532,11.35,1.0425988093572592e-06,-1.306005925030326e-06,1.7228181680314568e-08
1650912798582,2022-04-25T14:53:18.582,11.4,2.4637835419936035e-07,-4.092815362272947e-07,8.001204325425375e-07
1650912798632,2022-04-25T14:53:18.632,11.45,-1.1066537204970309e-06,1.471255684101242e-06,1.4633194495813672e-06
1650912798682,2022-04-25T14:53:18.682,11.5,-2.3932301626183753e-06,2.216359555645199e-06,1.3474657043140137e-06
1650912798732,2022-04-25T14:53:18.732,11.55,-3.0901261244447827e-06,1.3770852127337167e-06,7.164660388854299e-07
1650912798782,2022-04-25T14:53:18.782,11.6,-3.53518868578337e-06,6.278293164998056e-07,3.054766921810192e-07
1650912798832,2022-04-25T14:53:18.832,11.65,-4.4835814259518884e-06,9.92779842283436e-07,3.139750132598453e-07
1650912798882,2022-04-25T14:53:18.882,11.7,-5.922980904277328e-06,1.5602155431110143e-06,2.76595578098318e-07
1650912798932,2022-04-25T14:53:18.932,11.75,-7.103667810405434e-06,1.2825346740525849e-06,-2.2959807487729436e-07
1650912798982,2022-04-25T14:53:18.982,11.8,-7.834469725260978e-06,5.008934282435197e-07,-9.579001001298202e-07
1650912799032,2022-04-25T14:53:19.032,11.85,-8.545132988256485e-06,7.296036857374708e-08,-1.2426437165849884e-06
1650912799082,2022-04-25T14:53:19.082,11.9,-9.083849577404911e-06,1.0357489266038825e-07,-9.343898051861094e-07
1650912799132,2022-04-25T14:53:19.132,11.95,-8.934926998138317e-06,8.441583660230216e-08,-5.659405417296782e-07
1650912799182,2022-04-25T14:53:19.182,12.0,-8.42601070293572e-06,-3.3005131293971573e-07,-5.018873022640565e-07
1650912799232,2022-04-25T14:53:19.232,12.05,-8.36599901759482e-06,-9.213596734155504e-07,-5.84713439580464e-07
1650912799282,2022-04-25T14:53:19.282,12.1,-8.817839286839937e-06,-1.1813311909472682e-06,-5.215610502482744e-07
1650912799332,2022-04-25T14:53:19.332,12.15,-9.13501357235373e-06,-9.520446542978817e-07,-1.605924277487546e-07
1650912799382,2022-04-25T14:53:19.382,12.2,-8.879481074047671e-06,-4.860897824665814e-07,3.219000351777742e-07
1650912799432,2022-04-25T14:53:19.432,12.25,-8.264904262239739e-06,-6.097042180007702e-08,5.048718532283644e-07
1650912799482,2022-04-25T14:53:19.482,12.3,-7.849775524491074e-06,1.3145140264862452e-08,3.6280724671517095e-07
1650912799532,2022-04-25T14:53:19.532,12.35,-7.840798037651813e-06,-4.102068872131526e-07,3.408279568696184e-07
1650912799582,2022-04-25T14:53:19.582,12.4,-7.834854926078136e-06,-7.823118968698161e-07,4.430413699383996e-07
1650912799632,2022-04-25T14:53:19.632,12.45,-7.511500372065532e-06,-4.61493785922692e-07,1.4275662799714474e-07
1650912799682,2022-04-25T14:53:19.682,12.5,-7.111273213944223e-06,1.2204233452710966e-07,-4.405747241815597e-07
1650912799732,2022-04-25T14:53:19.732,12.55,-6.797466656747707e-06,8.321522097112047e-08,-4.597496689947993e-07
1650912799782,2022-04-25T14:53:19.782,12.6,-6.315017160246342e-06,-3.4974700147028735e-07,1.5822703418018092e-07
1650912799832,2022-04-25T14:53:19.832,12.65,-5.770183501070185e-06,-2.4619308213063945e-07,4.590363061295632e-07
1650912799882,2022-04-25T14:53:19.882,12.7,-5.8599422032914135e-06,3.75227928309692e-07,7.453021905724936e-08
1650912799932,2022-04-25T14:53:19.932,12.75,-6.766961326038443e-06,7.137300086429099e-07,-3.425795835962919e-07
1650912799982,2022-04-25T14:53:19.982,12.8,-7.535055577303333e-06,5.622828875003164e-07,-4.473537676696554e-07
1650912800032,2022-04-25T14:53:20.032,12.85,-7.171342140073437e-06,2.826502957808466e-07,-4.052130565935359e-07
1650912800082,2022-04-25T14:53:20.082,12.9,-5.963614119105287e-06,-3.817765952340447e-09,4.918988116263838e-08
1650912800132,2022-04-25T14:53:20.132,12.95,-5.098028063805474e-06,-2.6137965621281835e-07,1.0996122422841386e-06
1650912800182,2022-04-25T14:53:20.182,13.0,-5.224827786199985e-06,-1.430056846227647e-07,1.836731759548007e-06
1650912800232,2022-04-25T14:53:20.232,13.05,-5.918740015412247e-06,5.377066687978563e-07,1.319149334574599e-06
1650912800282,2022-04-25T14:53:20.282,13.1,-6.315926844342926e-06,1.225701732347455e-06,1.5282972097760592e-07
1650912800332,2022-04-25T14:53:20.332,13.15,-5.9189431263326274e-06,1.1889812559482314e-06,-3.2013019178453256e-07
1650912800382,2022-04-25T14:53:20.382,13.2,-5.018488331935447e-06,6.470480992906212e-07,-1.9042545211242074e-08
1650912800432,2022-04-25T14:53:20.432,13.25,-4.493496409660222e-06,4.689456166285373e-07,1.3292525078741244e-08
1650912800482,2022-04-25T14:53:20.482,13.3,-4.893271429064333e-06,7.186140403049844e-07,-3.820349287324384e-07
1650912800532,2022-04-25T14:53:20.532,13.35,-5.654187118559097e-06,6.780153936399709e-07,-1.9932884795341316e-07
1650912800582,2022-04-25T14:53:20.582,13.4,-5.678865816065415e-06,2.214686173374694e-07,7.521558791338082e-07
1650912800632,2022-04-25T14:53:20.632,13.45,-4.761597657433794e-06,-1.1312703541991829e-07,1.2976836135313934e-06
1650912800682,2022-04-25T14:53:20.682,13.5,-3.8443297687631845e-06,-1.4971478933674233e-07,7.86372211401239e-07
1650912800732,2022-04-25T14:53:20.732,13.55,-3.7889871143372315e-06,-1.7719785903506376e-07,5.3363215391474976e-08
1650912800782,2022-04-25T14:53:20.782,13.6,-4.466197974011873e-06,-3.964827559869814e-07,7.390211432083778e-08
1650912800832,2022-04-25T14:53:20.832,13.65,-5.04928936823318e-06,-6.80863717881997e-07,7.00195630571576e-07
1650912800882,2022-04-25T14:53:20.882,13.7,-4.907583247843342e-06,-5.659548778125067e-07,1.1364841122494713e-06
1650912800932,2022-04-25T14:53:20.932,13.75,-4.330127709589087e-06,2.5341945663351324e-07,1.0812431541358679e-06
1650912800982,2022-04-25T14:53:20.982,13.8,-4.151743218797513e-06,1.07435985978894e-06,9.05736898632591e-07
1650912801032,2022-04-25T14:53:21.032,13.85,-4.4349651882214545e-06,6.942964282215963e-07,9.44127384127834e-07
1650912801082,2022-04-25T14:53:21.082,13.9,-4.358213197643763e-06,-7.014057450192579e-07,1.0858335717099061e-06
1650912801132,2022-04-25T14:53:21.132,13.95,-3.6985202575919358e-06,-1.4405756036881617e-06,9.921823227714785e-07
1650912801182,2022-04-25T14:53:21.182,14.0,-3.224039591988324e-06,-7.839994892434125e-07,5.765177968640386e-07
1650912801232,2022-04-25T14:53:21.232,14.05,-3.4756745920873843e-06,1.7867903452508136e-07,3.393174865158994e-07
1650912801282,2022-04-25T14:53:21.282,14.1,-4.1509524272722144e-06,5.281004988210191e-07,8.394328712947286e-07
1650912801332,2022-04-25T14:53:21.332,14.15,-4.424712779396063e-06,5.54977118050104e-07,1.7650091330621172e-06
1650912801382,2022-04-25T14:53:21.382,14.2,-3.665886917006964e-06,5.444826493279867e-07,2.2649834561342683e-06
1650912801432,2022-04-25T14:53:21.432,14.25,-2.5112537348960458e-06,2.6739575383600174e-07,2.080874369175413e-06
1650912801482,2022-04-25T14:53:21.482,14.3,-2.3646131318254244e-06,-1.57439836948905e-07,1.590561932073999e-06
1650912801532,2022-04-25T14:53:21.532,14.35,-3.0840368769778284e-06,-2.029366779124366e-07,1.1729066997238266e-06
1650912801582,2022-04-25T14:53:21.582,14.4,-3.0905103107051124e-06,1.4636785734623167e-07,1.0611763384037658e-06
1650912801632,2022-04-25T14:53:21.632,14.45,-2.2550701640583203e-06,3.7662143357458634e-07,1.2220932317344233e-06
1650912801682,2022-04-25T14:53:21.682,14.5,-2.025512178032518e-06,4.307064497378455e-07,1.316083682914571e-06
1650912801732,2022-04-25T14:53:21.732,14.55,-2.569113040076445e-06,6.867571099511319e-07,1.2980968100987644e-06
1650912801782,2022-04-25T14:53:21.782,14.6,-2.5847637250652383e-06,8.602904974873753e-07,1.4974208338645548e-06
1650912801832,2022-04-25T14:53:21.832,14.65,-1.7958269949516522e-06,2.9689302647046335e-07,1.7308019054098191e-06
1650912801882,2022-04-25T14:53:21.882,14.7,-1.2942289012235061e-06,-5.645697955957329e-07,1.3924191129468434e-06
1650912801932,2022-04-25T14:53:21.932,14.75,-1.6498028275868296e-06,-6.347238161150313e-07,6.792833566292843e-07
1650912801982,2022-04-25T14:53:21.982,14.8,-2.2399379217218006e-06,7.724208392194892e-08,5.04393453070765e-07
1650912802032,2022-04-25T14:53:22.032,14.85,-2.350068297404129e-06,7.163088844255753e-07,1.0252736859904637e-06
1650912802082,2022-04-25T14:53:22.082,14.9,-2.0591700278468952e-06,1.0112310876615852e-06,1.404747893297366e-06
1650912802132,2022-04-25T14:53:22.132,14.95,-1.8562479991156207e-06,1.1592091374615703e-06,1.1958214451754318e-06
1650912802182,2022-04-25T14:53:22.182,15.0,-1.8518338975940122e-06,1.0409997838561619e-06,9.349637621890645e-07
1650912802232,2022-04-25T14:53:22.232,15.05,-1.7976189111609782e-06,3.786716336618658e-07,1.0784978100107722e-06
1650912802282,2022-04-25T14:53:22.282,15.1,-1.6299724009945157e-06,-7.779443186213799e-07,1.3126583291676038e-06
1650912802332,2022-04-25T14:53:22.332,15.15,-1.4976042801734462e-06,-1.7882302476566295e-06,1.3014980021369454e-06
1650912802382,2022-04-25T14:53:22.382,15.2,-1.40661829420566e-06,-1.7264529272802702e-06,1.1776510014089604e-06
1650912802432,2022-04-25T14:53:22.432,15.25,-1.2590547052507021e-06,-7.398975109188614e-07,1.0589635467111041e-06
1650912802482,2022-04-25T14:53:22.482,15.3,-1.0931502400844558e-06,-4.577987240582596e-07,1.0618546993559445e-06
1650912802532,2022-04-25T14:53:22.532,15.35,-1.0020734209483066e-06,-1.6911340677453117e-06,1.5769420615419108e-06
1650912802582,2022-04-25T14:53:22.582,15.4,-9.993950712829496e-07,-3.028275757255917e-06,2.4425790602148965e-06
1650912802632,2022-04-25T14:53:22.632,15.45,-1.036331344116829e-06,-3.120856552446733e-06,2.6104350405759812e-06
1650912802682,2022-04-25T14:53:22.682,15.5,-9.483621731940057e-07,-2.3874826913835962e-06,1.8042590030978783e-06
1650912802732,2022-04-25T14:53:22.732,15.55,-6.100952835911837e-07,-1.5162451852403887e-06,1.3217771416347633e-06
1650912802782,2022-04-25T14:53:22.782,15.6,-3.4868184291676587e-07,-5.353773489359017e-07,2.0088334352322564e-06
1650912802832,2022-04-25T14:53:22.832,15.65,-6.414797423873435e-07,3.5651286127696766e-07,2.8445027977165097e-06
1650912802882,2022-04-25T14:53:22.882,15.7,-1.1766891951324065e-06,7.134443373312601e-07,2.744789084547926e-06
1650912802932,2022-04-25T14:53:22.932,15.75,-1.07975952220949e-06,3.563951710702613e-07,2.3442618414223075e-06
1650912802982,2022-04-25T14:53:22.982,15.8,-3.5170920956703753e-07,-4.5259802400822156e-07,2.6347496986233976e-06
1650912803032,2022-04-25T14:53:23.032,15.85,-1.6870434945343063e-08,-8.933004382268626e-07,3.1093807224545395e-06
1650912803082,2022-04-25T14:53:23.082,15.9,-4.981784487627354e-07,-3.1604074480886973e-07,2.7816075406247605e-06
1650912803132,2022-04-25T14:53:23.132,15.95,-9.814134664110606e-07,6.276299455612561e-07,2.063940338642164e-06
1650912803182,2022-04-25T14:53:23.182,16.0,-8.00481165043335e-07,7.704282072264598e-07,2.1350219360434183e-06
1650912803232,2022-04-25T14:53:23.232,16.05,-3.5846908478371524e-07,2.2143810699913393e-07,3.0483381622520976e-06
1650912803282,2022-04-25T14:53:23.282,16.1,-2.079384266687591e-07,-9.577380101374917e-09,3.685744891797901e-06
1650912803332,2022-04-25T14:53:23.332,16.15,-1.811583873035749e-07,1.5891241086360964e-07,3.375002189139734e-06
1650912803382,2022-04-25T14:53:23.382,16.2,3.512210685446006e-08,-1.3609487718649617e-07,2.6808660958638423e-06
1650912803432,2022-04-25T14:53:23.432,16.25,1.7770178717834473e-07,-1.0547961673837646e-06,2.4393430389426182e-06
1650912803482,2022-04-25T14:53:23.482,16.3,-1.4189483384945161e-07,-1.6219240538456961e-06,2.701601096921754e-06
1650912803532,2022-04-25T14:53:23.532,16.35,-6.349593539906167e-07,-1.0585741280161047e-06,3.068833952360185e-06
1650912803582,2022-04-25T14:53:23.582,16.4,-6.021142871762783e-07,2.281858479934e-07,3.382489322691142e-06
1650912803632,2022-04-25T14:53:23.632,16.45,7.25609303910225e-08,1.1962032833535662e-06,3.560104341600439e-06
1650912803682,2022-04-25T14:53:23.682,16.5,7.808766320901579e-07,1.3272832952121483e-06,3.4675248519065585e-06
1650912803732,2022-04-25T14:53:23.732,16.55,1.076961359109192e-06,9.676902501170837e-07,3.290381554857024e-06
1650912803782,2022-04-25T14:53:23.782,16.6,1.0938755744460214e-06,6.364503433815784e-07,3.314853491174601e-06
1650912803832,2022-04-25T14:53:23.832,16.65,1.0000817741770292e-06,4.270210090572464e-07,3.3714151774917377e-06
1650912803882,2022-04-25T14:53:23.882,16.7,6.887288883930974e-07,2.537389143587497e-07,3.2173024020741714e-06
1650912803932,2022-04-25T14:53:23.932,16.75,2.0506892778310207e-07,2.0695016141684697e-07,3.1125084266571046e-06
1650912803982,2022-04-25T14:53:23.982,16.8,-3.915841682854481e-08,3.1070386480840315e-07,3.2879305118115572e-06
1650912804032,2022-04-25T14:53:24.032,16.85,2.3333043583069395e-07,3.398171359227597e-07,3.4080102701119104e-06
1650912804082,2022-04-25T14:53:24.082,16.9,7.626557848414593e-07,2.2058037922108304e-07,3.327929615735705e-06
1650912804132,2022-04-25T14:53:24.132,16.95,1.1624443037017547e-06,2.0957842479145488e-07,3.6930519061831625e-06
1650912804182,2022-04-25T14:53:24.182,17.0,1.500131322601709e-06,4.0604522346882537e-07,4.9043739503532896e-06
1650912804232,2022-04-25T14:53:24.232,17.05,2.032139858381365e-06,4.950080139474213e-07,6.222709669753207e-06
1650912804282,2022-04-25T14:53:24.282,17.1,2.6093659565475883e-06,2.2161680206515262e-07,6.8762500381256725e-06
1650912804332,2022-04-25T14:53:24.332,17.15,3.0042996998356984e-06,-1.2232151236549144e-07,7.258615704891233e-06
1650912804382,2022-04-25T14:53:24.382,17.2,3.532192448793611e-06,5.5160765000620843e-08,8.013906158430389e-06
1650912804432,2022-04-25T14:53:24.432,17.25,4.497330248166313e-06,8.500880326519711e-07,8.790878819882543e-06
1650912804482,2022-04-25T14:53:24.482,17.3,5.469620753522047e-06,1.6027317257435004e-06,8.85052568119756e-06
1650912804532,2022-04-25T14:53:24.532,17.35,6.018285089726526e-06,1.7022780179072572e-06,8.157792544950801e-06
1650912804582,2022-04-25T14:53:24.582,17.4,6.4058255345818644e-06,1.2876452204111323e-06,7.213862576964527e-06
1650912804632,2022-04-25T14:53:24.632,17.45,6.758948090653786e-06,8.884746075423725e-07,6.420325075802219e-06
1650912804682,2022-04-25T14:53:24.682,17.5,6.695214723828134e-06,8.184811391754182e-07,6.01293599404455e-06
1650912804732,2022-04-25T14:53:24.732,17.55,6.385005191279603e-06,1.147351501305078e-06,6.1034795269711814e-06
1650912804782,2022-04-25T14:53:24.782,17.6,6.615415637743075e-06,1.8488725992595063e-06,6.397430977155307e-06
1650912804832,2022-04-25T14:53:24.832,17.65,7.373602254596289e-06,2.633836966600406e-06,6.303701771416869e-06
1650912804882,2022-04-25T14:53:24.882,17.7,7.76928212766503e-06,2.917816751051938e-06,5.781827824942169e-06
1650912804932,2022-04-25T14:53:24.932,17.75,7.636759263449023e-06,2.4635385037265783e-06,5.6318542465489075e-06
1650912804982,2022-04-25T14:53:24.982,17.8,7.749769053462409e-06,1.7830793092109478e-06,6.394583646025659e-06
1650912805032,2022-04-25T14:53:25.032,17.85,8.192339951370074e-06,1.3518579998006083e-06,7.432861118878891e-06
1650912805082,2022-04-25T14:53:25.082,17.9,8.06177649020916e-06,1.050015865310182e-06,7.722116592320605e-06
1650912805132,2022-04-25T14:53:25.132,17.95,7.135626500779017e-06,9.276778226599926e-07,7.198734988005818e-06
1650912805182,2022-04-25T14:53:25.182,18.0,6.417122084068484e-06,1.4207632436662551e-06,6.686053125503187e-06
1650912805232,2022-04-25T14:53:25.232,18.05,6.595707993572909e-06,2.2833886147039704e-06,6.626530630516559e-06
1650912805282,2022-04-25T14:53:25.282,18.1,6.99623763949386e-06,2.563248959379453e-06,6.614232606627843e-06
1650912805332,2022-04-25T14:53:25.332,18.15,6.536320394253033e-06,1.953932629072797e-06,6.3192696885389535e-06
1650912805382,2022-04-25T14:53:25.382,18.2,5.1405967387819895e-06,1.107627442160672e-06,6.06256714356795e-06
1650912805432,2022-04-25T14:53:25.432,18.25,3.6915834306964696e-06,6.363163381012739e-07,6.09093140658368e-06
1650912805482,2022-04-25T14:53:25.482,18.3,2.815419142154263e-06,6.007219367532591e-07,6.017773709329589e-06
1650912805532,2022-04-25T14:53:25.532,18.35,2.201126711035469e-06,7.907571827063209e-07,5.501288911892759e-06
1650912805582,2022-04-25T14:53:25.582,18.4,1.2615462159123093e-06,9.891572172479258e-07,4.939846186647372e-06
1650912805632,2022-04-25T14:53:25.632,18.45,1.9557749518338316e-07,1.0799487017271972e-06,4.8278330065446145e-06
1650912805682,2022-04-25T14:53:25.682,18.5,-2.495404457565763e-07,1.0614848789904252e-06,4.734045533404077e-06
1650912805732,2022-04-25T14:53:25.732,18.55,-1.7988931521600008e-07,8.649662652075452e-07,3.808736807042343e-06
1650912805782,2022-04-25T14:53:25.782,18.6,-6.246629429238508e-07,3.2857405027752623e-07,2.1828083597828694e-06
1650912805832,2022-04-25T14:53:25.832,18.65,-1.7833549189067048e-06,-4.157756413452484e-07,7.783089988473966e-07
1650912805882,2022-04-25T14:53:25.882,18.7,-2.5520291794451014e-06,-8.232582697302323e-07,-2.4341929735288344e-07
1650912805932,2022-04-25T14:53:25.932,18.75,-2.4209270252024177e-06,-5.683003374685102e-07,-1.5898899784299493e-06
1650912805982,2022-04-25T14:53:25.982,18.8,-2.4327484244493124e-06,-9.938850010581147e-08,-3.329790552749413e-06
1650912806032,2022-04-25T14:53:26.032,18.85,-3.443786424151496e-06,-1.9345171429643834e-07,-4.656928837415064e-06
1650912806082,2022-04-25T14:53:26.082,18.9,-4.722229420652631e-06,-8.996200982833911e-07,-5.37277862404089e-06
1650912806132,2022-04-25T14:53:26.132,18.95,-5.1274924043018525e-06,-1.3185027296997869e-06,-6.182095837053286e-06
1650912806182,2022-04-25T14:53:26.182,19.0,-4.631194140269956e-06,-8.347926946201502e-07,-7.264111474429509e-06
1650912806232,2022-04-25T14:53:26.232,19.05,-4.051289203512965e-06,-2.202781748227879e-08,-8.055878720511433e-06
1650912806282,2022-04-25T14:53:26.282,19.1,-4.007900706295956e-06,2.804525592831609e-07,-8.58139729458093e-06
1650912806332,2022-04-25T14:53:26.332,19.15,-4.349065488609394e-06,3.613471964470044e-09,-9.325118688063892e-06
1650912806382,2022-04-25T14:53:26.382,19.2,-4.330270037645527e-06,-4.770751864713437e-07,-9.904360375530899e-06
1650912806432,2022-04-25T14:53:26.432,19.25,-3.6189332855871553e-06,-8.586921779476283e-07,-9.705161708706585e-06
1650912806482,2022-04-25T14:53:26.482,19.3,-2.958946449758861e-06,-1.2308034745472911e-06,-9.41453273757622e-06
1650912806532,2022-04-25T14:53:26.532,19.35,-3.16646299582717e-06,-2.3307984447962563e-06,-1.0025786414055981e-05
1650912806582,2022-04-25T14:53:26.582,19.4,-3.826475061306528e-06,-4.422748856241734e-06,-1.101640130957901e-05
1650912806632,2022-04-25T14:53:26.632,19.45,-3.872401145409169e-06,-6.029454194910104e-06,-1.1297812779473452e-05
1650912806682,2022-04-25T14:53:26.682,19.5,-3.135818847611895e-06,-5.511847290331952e-06,-1.1043616362371107e-05
1650912806732,2022-04-25T14:53:26.732,19.55,-2.4584484885889066e-06,-3.2497998620647497e-06,-1.1005189901316196e-05
1650912806782,2022-04-25T14:53:26.782,19.6,-2.4216352396727676e-06,-7.000557229231028e-07,-1.1166726202245097e-05
1650912806832,2022-04-25T14:53:26.832,19.65,-2.6345675876806935e-06,1.223963663658811e-06,-1.1366273840106423e-05
1650912806882,2022-04-25T14:53:26.882,19.7,-2.401806229356284e-06,1.8386733081800619e-06,-1.1880679175791728e-05
1650912806932,2022-04-25T14:53:26.932,19.75,-1.705068238930913e-06,9.578737482769777e-07,-1.2425409854050689e-05
1650912806982,2022-04-25T14:53:26.982,19.8,-1.109075794883049e-06,-2.91036454964791e-08,-1.2104333715191682e-05
1650912807032,2022-04-25T14:53:27.032,19.85,-8.866778210831706e-07,5.097195464815923e-07,-1.1064093277759104e-05
1650912807082,2022-04-25T14:53:27.082,19.9,-8.898306198304653e-07,2.170946900803683e-06,-1.0649736625337946e-05
1650912807132,2022-04-25T14:53:27.132,19.95,-1.134699521251608e-06,3.2374806048211564e-06,-1.1373821810239051e-05
1650912807182,2022-04-25T14:53:27.182,20.0,-1.6819990883498858e-06,3.0595008287813546e-06,-1.2185318565818476e-05
1650912807232,2022-04-25T14:53:27.232,20.05,-2.1004568845451347e-06,2.4489060439026876e-06,-1.2198371992251067e-05
1650912807282,2022-04-25T14:53:27.282,20.1,-1.939850173854662e-06,2.2228404547487167e-06,-1.180414054495444e-05
1650912807332,2022-04-25T14:53:27.332,20.15,-1.5222148605961832e-06,2.3474203191690414e-06,-1.1659295146827271e-05
1650912807382,2022-04-25T14:53:27.382,20.2,-1.375197098067782e-06,2.5013775666895022e-06,-1.1747491523430116e-05
1650912807432,2022-04-25T14:53:27.432,20.25,-1.1987714544352789e-06,2.717427759132303e-06,-1.1759638917177879e-05
1650912807482,2022-04-25T14:53:27.482,20.3,-4.418205230812864e-07,3.0639280931728597e-06,-1.1539136359300993e-05
1650912807532,2022-04-25T14:53:27.532,20.35,3.791865906281808e-07,3.24222986363787e-06,-1.118642292075609e-05
1650912807582,2022-04-25T14:53:27.582,20.4,2.5890371454405503e-07,2.999453747437843e-06,-1.1174432988948801e-05
1650912807632,2022-04-25T14:53:27.632,20.45,-4.983091427734314e-07,2.5925864379048457e-06,-1.1735640195214199e-05
1650912807682,2022-04-25T14:53:27.682,20.5,-5.837958744196526e-07,2.4461638999987137e-06,-1.212770706335459e-05
1650912807732,2022-04-25T14:53:27.732,20.55,1.5287635770391222e-07,2.5388640973763105e-06,-1.1653214207216348e-05
1650912807782,2022-04-25T14:53:27.782,20.6,4.783188567250231e-07,2.488038423164998e-06,-1.0922512724387632e-05
1650912807832,2022-04-25T14:53:27.832,20.65,-1.252479762085918e-07,2.193614152336728e-06,-1.0775055907374871e-05
1650912807882,2022-04-25T14:53:27.882,20.7,-7.618224085109316e-07,1.970520714986062e-06,-1.0959572742213419e-05
1650912807932,2022-04-25T14:53:27.932,20.75,-7.80975983284399e-07,1.9633720673983224e-06,-1.1051455918234138e-05
1650912807982,2022-04-25T14:53:27.982,20.8,-6.560247148808169e-07,1.953924618658752e-06,-1.1244090879340128e-05
1650912808032,2022-04-25T14:53:28.032,20.85,-8.962855299278323e-07,1.9411063496027287e-06,-1.141131034916893e-05
1650912808082,2022-04-25T14:53:28.082,20.9,-1.2761777714855312e-06,2.249792593812807e-06,-1.1007019394796885e-05
1650912808132,2022-04-25T14:53:28.132,20.95,-1.4092588952657236e-06,2.7558635161046246e-06,-1.0340291035968995e-05
1650912808182,2022-04-25T14:53:28.182,21.0,-1.2721231324979348e-06,2.8559604818116265e-06,-1.0359120658841142e-05
1650912808232,2022-04-25T14:53:28.232,21.05,-1.0379529681590422e-06,2.560329677741882e-06,-1.1014736386831458e-05
1650912808282,2022-04-25T14:53:28.282,21.1,-8.576302701063409e-07,2.533091076353601e-06,-1.1279334311064874e-05
1650912808332,2022-04-25T14:53:28.332,21.15,-8.197614419843478e-07,2.7680960504224256e-06,-1.078358098855917e-05
1650912808382,2022-04-25T14:53:28.382,21.2,-9.241463414622458e-07,2.554770933635152e-06,-1.0249887468694493e-05
1650912808432,2022-04-25T14:53:28.432,21.25,-1.0607148461628219e-06,1.96441203310302e-06,-1.032598211000333e-05
1650912808482,2022-04-25T14:53:28.482,21.3,-1.056354309940491e-06,1.926284530917483e-06,-1.0791023401807804e-05
1650912808532,2022-04-25T14:53:28.532,21.35,-8.944482095262871e-07,2.645150457867153e-06,-1.0991100603425605e-05
1650912808582,2022-04-25T14:53:28.582,21.4,-8.90873108494874e-07,3.243163062763577e-06,-1.0723052427537615e-05
1650912808632,2022-04-25T14:53:28.632,21.45,-1.339601483754216e-06,3.0910760659384734e-06,-1.0433972087977425e-05
1650912808682,2022-04-25T14:53:28.682,21.5,-1.9596242746961192e-06,2.5143897779772402e-06,-1.0501479152570051e-05
1650912808732,2022-04-25T14:53:28.732,21.55,-2.0806178092065563e-06,2.1814161104592687e-06,-1.072749259781314e-05
1650912808782,2022-04-25T14:53:28.782,21.6,-1.492687599882278e-06,2.400968832588217e-06,-1.072437859875864e-05
1650912808832,2022-04-25T14:53:28.832,21.65,-8.354782460175251e-07,2.8943174913411506e-06,-1.0368361507141653e-05
1650912808882,2022-04-25T14:53:28.882,21.7,-8.900266206205174e-07,3.0349909181130442e-06,-9.825820680381217e-06
1650912808932,2022-04-25T14:53:28.932,21.75,-1.6100823871473573e-06,2.5976298913339157e-06,-9.46652792026902e-06
1650912808982,2022-04-25T14:53:28.982,21.8,-2.277825081633838e-06,2.173185546520055e-06,-9.552061068283622e-06
1650912809032,2022-04-25T14:53:29.032,21.85,-2.4789201567623355e-06,2.3762411161197733e-06,-9.772737366562476e-06
1650912809082,2022-04-25T14:53:29.082,21.9,-2.3214691668195403e-06,2.8567379399618256e-06,-9.475845511494008e-06
1650912809132,2022-04-25T14:53:29.132,21.95,-1.9917606124048576e-06,2.6905058562991356e-06,-8.610111147387774e-06
1650912809182,2022-04-25T14:53:29.182,22.0,-1.7698364238974459e-06,1.6953580311590173e-06,-7.930289472352613e-06
1650912809232,2022-04-25T14:53:29.232,22.05,-2.009461311202784e-06,8.183900178458489e-07,-7.75523769494223e-06
1650912809282,2022-04-25T14:53:29.282,22.1,-2.5938172623527763e-06,9.441450900714522e-07,-7.148701657212021e-06
1650912809332,2022-04-25T14:53:29.332,22.15,-3.0994133524685232e-06,1.6447521018242995e-06,-5.320831810237963e-06
1650912809382,2022-04-25T14:53:29.382,22.2,-3.6271641740193835e-06,1.7356316826431355e-06,-3.2282651525736233e-06
1650912809432,2022-04-25T14:53:29.432,22.25,-4.428481515051131e-06,1.025029589654186e-06,-2.409639684662468e-06
1650912809482,2022-04-25T14:53:29.482,22.3,-4.9336522078797105e-06,5.47288973581682e-07,-2.7589124436514864e-06
1650912809532,2022-04-25T14:53:29.532,22.35,-4.502692406322695e-06,7.748625610502771e-07,-2.9168431828640625e-06
1650912809582,2022-04-25T14:53:29.582,22.4,-3.7357658051201913e-06,8.400316695250906e-07,-2.4082366473734896e-06
1650912809632,2022-04-25T14:53:29.632,22.45,-3.7369029586378286e-06,1.3907161569538496e-07,-1.9438689866590777e-06
1650912809682,2022-04-25T14:53:29.682,22.5,-4.586951753110254e-06,-6.178778313488229e-07,-1.8373617431714892e-06
1650912809732,2022-04-25T14:53:29.732,22.55,-5.488660860408844e-06,-6.543680683647384e-07,-1.476465100093998e-06
1650912809782,2022-04-25T14:53:29.782,22.6,-5.8886335576051385e-06,-2.1567474033157167e-07,-5.091410846504619e-07
1650912809832,2022-04-25T14:53:29.832,22.65,-5.932627879564237e-06,5.380682425345317e-08,5.352726266904557e-07
1650912809882,2022-04-25T14:53:29.882,22.7,-6.100729242081077e-06,-1.0434818870753166e-07,1.12867222226024e-06
1650912809932,2022-04-25T14:53:29.932,22.75,-6.5046098374129535e-06,-4.642719313867292e-07,1.4050237287522269e-06
1650912809982,2022-04-25T14:53:29.982,22.8,-6.724397019884269e-06,-5.77105073824272e-07,1.623333636034303e-06
1650912810032,2022-04-25T14:53:30.032,22.85,-6.5768441825578794e-06,-4.904442614129286e-07,1.6520641638657538e-06
1650912810082,2022-04-25T14:53:30.082,22.9,-6.5012755901909505e-06,-9.016667813643776e-07,1.3579922590988118e-06
1650912810132,2022-04-25T14:53:30.132,22.95,-6.782157100257914e-06,-1.8048239731798781e-06,1.0739325480933753e-06
1650912810182,2022-04-25T14:53:30.182,23.0,-6.991567273873723e-06,-2.023960141228569e-06,1.23675724764497e-06
1650912810232,2022-04-25T14:53:30.232,23.05,-6.644693297850456e-06,-1.1683994332785346e-06,1.704840115839029e-06
1650912810282,2022-04-25T14:53:30.282,23.1,-6.021014868726063e-06,-4.6374650007190057e-07,1.8995808607589479e-06
1650912810332,2022-04-25T14:53:30.332,23.15,-5.897424689616729e-06,-6.256082028697136e-07,1.6164031186025737e-06
1650912810382,2022-04-25T14:53:30.382,23.2,-6.588278984141858e-06,-9.903591263081388e-07,1.1871533969111031e-06
1650912810432,2022-04-25T14:53:30.432,23.25,-7.592658726189035e-06,-1.4263890226580368e-06,8.619218780790122e-07
1650912810482,2022-04-25T14:53:30.482,23.3,-8.120448191091559e-06,-2.441367767536812e-06,6.247455681906295e-07
1650912810532,2022-04-25T14:53:30.532,23.35,-7.785629976623569e-06,-3.191871089184371e-06,5.611124140003155e-07
1650912810582,2022-04-25T14:53:30.582,23.4,-7.012430514811765e-06,-2.5695382355433242e-06,7.876424028874631e-07
1650912810632,2022-04-25T14:53:30.632,23.45,-6.740904360208054e-06,-1.8042354759755101e-06,1.1591273408174003e-06
1650912810682,2022-04-25T14:53:30.682,23.5,-7.323263806515585e-06,-2.5591592149861086e-06,1.5135434428518465e-06
1650912810732,2022-04-25T14:53:30.732,23.55,-7.993433228582274e-06,-3.6713064614938655e-06,1.7686675025230746e-06
1650912810782,2022-04-25T14:53:30.782,23.6,-7.908384866292806e-06,-3.10036639189887e-06,1.6009588583274456e-06
1650912810832,2022-04-25T14:53:30.832,23.65,-7.212696084468433e-06,-1.4258339445625047e-06,8.84084714965595e-07
1650912810882,2022-04-25T14:53:30.882,23.7,-6.706922219591155e-06,-6.396481800567271e-07,2.5756839043566433e-07
1650912810932,2022-04-25T14:53:30.932,23.75,-6.995035120544923e-06,-1.1078747330211857e-06,2.5482915037676703e-07
1650912810982,2022-04-25T14:53:30.982,23.8,-8.000604649021378e-06,-1.6928771855393665e-06,4.997585793702394e-07
1650912811032,2022-04-25T14:53:31.032,23.85,-8.913406348162645e-06,-1.638919889766392e-06,5.425387849749636e-07
1650912811082,2022-04-25T14:53:31.082,23.9,-8.992009469029008e-06,-1.139617149020935e-06,4.784176201669771e-07
1650912811132,2022-04-25T14:53:31.132,23.95,-8.57940765892775e-06,-7.78131175517584e-07,3.601839653962381e-07
1650912811182,2022-04-25T14:53:31.182,24.0,-8.489574588033274e-06,-8.748329728842531e-07,8.708118335757479e-08
1650912811232,2022-04-25T14:53:31.232,24.05,-8.589932365297947e-06,-1.03433943227581e-06,-1.2791718794758776e-07
1650912811282,2022-04-25T14:53:31.282,24.1,-8.210178183095934e-06,-6.416288774143927e-07,-4.223782978512892e-08
1650912811332,2022-04-25T14:53:31.332,24.15,-7.4210681324167826e-06,1.0916402733061692e-08,1.3585221154638603e-07
1650912811382,2022-04-25T14:53:31.382,24.2,-6.750731959559262e-06,4.6755880759662756e-08,7.617068905388658e-08
1650912811432,2022-04-25T14:53:31.432,24.25,-6.446171101438892e-06,-4.483756856614282e-07,-2.0548183042202679e-07
1650912811482,2022-04-25T14:53:31.482,24.3,-6.5834357218172706e-06,-4.79306322606828e-07,-4.849523546686757e-07
1650912811532,2022-04-25T14:53:31.532,24.35,-6.935567249581912e-06,1.881486709157809e-07,-7.142658078014046e-07
1650912811582,2022-04-25T14:53:31.582,24.4,-6.854907646579011e-06,7.13348146174704e-07,-1.0534995133603204e-06
1650912811632,2022-04-25T14:53:31.632,24.45,-6.1264315530503315e-06,7.655923906598015e-07,-1.5037477032833292e-06
1650912811682,2022-04-25T14:53:31.682,24.5,-5.417555352429673e-06,1.1120035104795985e-06,-1.8197844514599672e-06
1650912811732,2022-04-25T14:53:31.732,24.55,-5.392631549492683e-06,2.0416597556072228e-06,-1.996639207269503e-06
1650912811782,2022-04-25T14:53:31.782,24.6,-5.908875371379025e-06,2.6243655988214697e-06,-2.329096565950388e-06
1650912811832,2022-04-25T14:53:31.832,24.65,-6.274383826761686e-06,2.3361329914166025e-06,-2.737615583429799e-06
1650912811882,2022-04-25T14:53:31.882,24.7,-6.016220740764622e-06,1.904810804319946e-06,-2.8103163723514735e-06
1650912811932,2022-04-25T14:53:31.932,24.75,-5.308534951183329e-06,1.9456475788397748e-06,-2.6979167711523185e-06
1650912811982,2022-04-25T14:53:31.982,24.8,-4.591855109552239e-06,2.2179497090990882e-06,-2.998188525713224e-06
1650912812032,2022-04-25T14:53:32.032,24.85,-3.940272241769539e-06,2.446608313192067e-06,-3.6898004813542607e-06
1650912812082,2022-04-25T14:53:32.082,24.9,-3.2014799080153276e-06,2.752666833253241e-06,-4.1693286757338075e-06
1650912812132,2022-04-25T14:53:32.132,24.95,-2.4033616588850336e-06,3.2400667792633273e-06,-4.22326517590872e-06
1650912812182,2022-04-25T14:53:32.182,25.0,-1.320923824018586e-06,3.6167878945224725e-06,-4.019679690952486e-06
1650912812232,2022-04-25T14:53:32.232,25.05,7.517601418275621e-07,3.2908482337196445e-06,-3.315804024930573e-06
1650912812282,2022-04-25T14:53:32.282,25.1,3.826817490174853e-06,2.1570891319135967e-06,-1.5525421078502944e-06
1650912812332,2022-04-25T14:53:32.332,25.15,6.649368788905895e-06,1.0476559593620212e-06,1.215057967863826e-06
1650912812382,2022-04-25T14:53:32.382,25.2,8.411242230087521e-06,5.001565667025846e-07,4.140135132295881e-06
1650912812432,2022-04-25T14:53:32.432,25.25,9.98451521686448e-06,-2.497128749974636e-07,6.572233361378995e-06
1650912812482,2022-04-25T14:53:32.482,25.3,1.2301422908676277e-05,-1.659544269904568e-06,8.684264588266107e-06
1650912812532,2022-04-25T14:53:32.532,25.35,1.4741239358152409e-05,-2.568641761804486e-06,1.0792318813246512e-05
1650912812582,2022-04-25T14:53:32.582,25.4,1.624226934661367e-05,-2.538192997108529e-06,1.2675960823469862e-05
1650912812632,2022-04-25T14:53:32.632,25.45,1.6786015882533744e-05,-3.6296624276995666e-06,1.4008085674030565e-05
1650912812682,2022-04-25T14:53:32.682,25.5,1.692154135370822e-05,-6.990369580349058e-06,1.4856942326346626e-05
1650912812732,2022-04-25T14:53:32.732,25.55,1.7041140118583882e-05,-9.924289249480049e-06,1.5468338616139667e-05
1650912812782,2022-04-25T14:53:32.782,25.6,1.7608643373469353e-05,-9.74349082031313e-06,1.6089415061060914e-05
1650912812832,2022-04-25T14:53:32.832,25.65,1.882664748356613e-05,-7.957450827777662e-06,1.696761976389506e-05
1650912812882,2022-04-25T14:53:32.882,25.7,1.992051632475357e-05,-7.437601215395121e-06,1.805761485041591e-05
1650912812932,2022-04-25T14:53:32.932,25.75,2.0053834757501213e-05,-8.269627482200526e-06,1.8944366660965875e-05
1650912812982,2022-04-25T14:53:32.982,25.8,1.9825397501041723e-05,-8.993501949097489e-06,1.9253639201746922e-05
1650912813032,2022-04-25T14:53:33.032,25.85,2.0482527897150145e-05,-9.287457771266824e-06,1.8951129831014675e-05
1650912813082,2022-04-25T14:53:33.082,25.9,2.1889827352049843e-05,-9.457299999433279e-06,1.8334510600712543e-05
1650912813132,2022-04-25T14:53:33.132,25.95,2.266644021137637e-05,-9.254211072653557e-06,1.7756812275255193e-05
1650912813182,2022-04-25T14:53:33.182,26.0,2.21914770699004e-05,-8.730921861676997e-06,1.726857002966988e-05
1650912813232,2022-04-25T14:53:33.232,26.05,2.1319358537769173e-05,-8.787316313768134e-06,1.6787071566320616e-05
1650912813282,2022-04-25T14:53:33.282,26.1,2.1023810164921307e-05,-9.42788822601546e-06,1.6415159544484433e-05
1650912813332,2022-04-25T14:53:33.332,26.15,2.1045816246518143e-05,-9.133856202429284e-06,1.6126512580771242e-05
1650912813382,2022-04-25T14:53:33.382,26.2,2.036365639757379e-05,-7.851657994656159e-06,1.564532634557293e-05
1650912813432,2022-04-25T14:53:33.432,26.25,1.8840899506849898e-05,-8.159878774407281e-06,1.4940688203283748e-05
1650912813482,2022-04-25T14:53:33.482,26.3,1.7485632249143176e-05,-1.0602835214477187e-05,1.4110214610141533e-05
1650912813532,2022-04-25T14:53:33.532,26.35,1.6734471111066414e-05,-1.128480135283525e-05,1.2888558953724986e-05
1650912813582,2022-04-25T14:53:33.582,26.4,1.5695322094081148e-05,-7.798089823553147e-06,1.1076273041779809e-05
1650912813632,2022-04-25T14:53:33.632,26.45,1.3715416386056024e-05,-3.305425202806862e-06,9.08874578261357e-06
1650912813682,2022-04-25T14:53:33.682,26.5,1.145102330644012e-05,-1.2489856209653746e-06,7.485589673417808e-06
1650912813732,2022-04-25T14:53:33.732,26.55,9.774324707645337e-06,-8.550320741834252e-07,6.351537236660419e-06
1650912813782,2022-04-25T14:53:33.782,26.6,8.61383792324745e-06,-3.4470859125118645e-07,5.429286096507565e-06
1650912813832,2022-04-25T14:53:33.832,26.65,7.23410440823348e-06,2.3196509042639692e-07,4.5500962137851136e-06
1650912813882,2022-04-25T14:53:33.882,26.7,5.162940413501475e-06,6.802694940509402e-07,3.773313730845197e-06
1650912813932,2022-04-25T14:53:33.932,26.75,2.821935735730404e-06,1.2988115908369093e-06,3.2491062312769813e-06
1650912813982,2022-04-25T14:53:33.982,26.8,1.1796059117456372e-06,1.6488555993404691e-06,3.0434558733261205e-06
1650912814032,2022-04-25T14:53:34.032,26.85,4.867031360286265e-07,1.283571008358885e-06,3.068226096726558e-06
1650912814082,2022-04-25T14:53:34.082,26.9,-1.341482309530045e-07,8.808985079159312e-07,3.2156354678532923e-06
1650912814132,2022-04-25T14:53:34.132,26.95,-1.2667264932146686e-06,9.531963353450538e-07,3.518802067247803e-06
1650912814182,2022-04-25T14:53:34.182,27.0,-2.2456025948884817e-06,8.71211143112365e-07,3.943443151263335e-06
1650912814232,2022-04-25T14:53:34.232,27.05,-2.5048630138744356e-06,2.9437798720646944e-07,4.137277738212831e-06
1650912814282,2022-04-25T14:53:34.282,27.1,-2.6961884106334263e-06,-1.6241764474521657e-07,3.7949347868040406e-06
1650912814332,2022-04-25T14:53:34.332,27.15,-3.3450791624323802e-06,-3.4095472254045273e-07,3.1879700757567238e-06
1650912814382,2022-04-25T14:53:34.382,27.2,-3.751801562362109e-06,-7.450512410340989e-07,2.9076995878929764e-06
1650912814432,2022-04-25T14:53:34.432,27.25,-3.306086184328455e-06,-1.1471923986195e-06,3.047735809553791e-06
1650912814482,2022-04-25T14:53:34.482,27.3,-2.5958452840910727e-06,-8.434350791807923e-07,3.121515654301342e-06
1650912814532,2022-04-25T14:53:34.532,27.35,-2.430815511814626e-06,-9.032282413339861e-08,2.956285269447525e-06
1650912814582,2022-04-25T14:53:34.582,27.4,-2.7621447760579006e-06,2.3585155306079556e-07,2.869852214298861e-06
1650912814632,2022-04-25T14:53:34.632,27.45,-2.996973040901884e-06,-4.794561035247452e-08,2.709094311651812e-06
1650912814682,2022-04-25T14:53:34.682,27.5,-2.814209975286061e-06,-3.790962161874606e-07,2.0097006963427718e-06
1650912814732,2022-04-25T14:53:34.732,27.55,-2.4665031207452157e-06,-2.013145162492475e-07,1.3229539070962268e-06
1650912814782,2022-04-25T14:53:34.782,27.6,-2.4453499076966626e-06,5.239426717542867e-07,1.624212478496721e-06
1650912814832,2022-04-25T14:53:34.832,27.65,-2.9271389338766003e-06,1.2081886609648022e-06,2.3782815806996004e-06
1650912814882,2022-04-25T14:53:34.882,27.7,-3.526928538156265e-06,1.2526676966950407e-06,2.240937851378615e-06
1650912814932,2022-04-25T14:53:34.932,27.75,-3.5656142926780744e-06,9.194661271379595e-07,1.3815721479444696e-06
1650912814982,2022-04-25T14:53:34.982,27.8,-2.7434267987469796e-06,9.91194384105561e-07,9.722110406701335e-07
1650912815032,2022-04-25T14:53:35.032,27.85,-1.659662957404668e-06,1.4945318861194936e-06,1.0141673321493919e-06
1650912815082,2022-04-25T14:53:35.082,27.9,-1.3698334333277815e-06,1.6044686894168125e-06,6.914461952750416e-07
1650912815132,2022-04-25T14:53:35.132,27.95,-2.1868386735431954e-06,1.0252946193314942e-06,1.073777957189892e-07
1650912815182,2022-04-25T14:53:35.182,28.0,-3.199082118164343e-06,6.102019320033253e-07,-1.8437129815066258e-08
1650912815232,2022-04-25T14:53:35.232,28.05,-3.372121660708168e-06,1.1171207026046606e-06,2.467551002723709e-07
1650912815282,2022-04-25T14:53:35.282,28.1,-2.837460386200761e-06,1.9765722223091442e-06,2.143285107847065e-07
1650912815332,2022-04-25T14:53:35.332,28.15,-2.4303412621895052e-06,2.0666702287784403e-06,-2.3406996197754886e-07
1650912815382,2022-04-25T14:53:35.382,28.2,-2.3435548813761966e-06,1.4200910150486668e-06,-5.751915303037559e-07
1650912815432,2022-04-25T14:53:35.432,28.25,-2.1804260308711815e-06,1.1688209687166928e-06,-5.570876405737951e-07
1650912815482,2022-04-25T14:53:35.482,28.3,-1.9570277893438653e-06,1.7231393050249966e-06,-3.969205362536615e-07
1650912815532,2022-04-25T14:53:35.532,28.35,-2.0860122208516737e-06,2.1547205807006762e-06,-3.032237510305005e-07
1650912815582,2022-04-25T14:53:35.582,28.4,-2.5473196927832357e-06,1.8237125140171942e-06,-4.15764867081041e-07
1650912815632,2022-04-25T14:53:35.632,28.45,-2.7734566813379302e-06,1.4271677563640264e-06,-7.427599873166631e-07
1650912815682,2022-04-25T14:53:35.682,28.5,-2.4497404150284457e-06,1.7220569115544507e-06,-8.83154770939786e-07
1650912815732,2022-04-25T14:53:35.732,28.55,-2.0289529906925307e-06,2.28457037718102e-06,-6.712788084370614e-07
1650912815782,2022-04-25T14:53:35.782,28.6,-2.107036493625971e-06,2.3403195052899133e-06,-8.447166486682066e-07
1650912815832,2022-04-25T14:53:35.832,28.65,-2.508585215936995e-06,1.9800428480493097e-06,-1.8757762566770537e-06
1650912815882,2022-04-25T14:53:35.882,28.7,-2.528682084599689e-06,1.8179003521392611e-06,-2.920459862683577e-06
1650912815932,2022-04-25T14:53:35.932,28.75,-1.990719005917902e-06,1.9838772066047242e-06,-3.1582750519185366e-06
1650912815982,2022-04-25T14:53:35.982,28.8,-1.5032589512703944e-06,2.015522531053031e-06,-3.0248472002156575e-06
1650912816032,2022-04-25T14:53:36.032,28.85,-1.6175177803093749e-06,1.5863208483627956e-06,-3.1568797808605263e-06
1650912816082,2022-04-25T14:53:36.082,28.9,-2.073467666314606e-06,9.937694286234016e-07,-3.3773767694237434e-06
1650912816132,2022-04-25T14:53:36.132,28.95,-2.0379854919207267e-06,7.701307226378713e-07,-3.3412063788547968e-06
1650912816182,2022-04-25T14:53:36.182,29.0,-1.1539956097477344e-06,1.0746196936566587e-06,-3.1319482271529697e-06
1650912816232,2022-04-25T14:53:36.232,29.05,-2.2912504389163072e-07,1.6578183440231486e-06,-2.9007080800099362e-06
1650912816282,2022-04-25T14:53:36.282,29.1,-3.454913485453902e-07,1.99403862742142e-06,-2.64520953479039e-06
1650912816332,2022-04-25T14:53:36.332,29.15,-1.2226576223029705e-06,1.5602400150737807e-06,-2.50531983602967e-06
1650912816382,2022-04-25T14:53:36.382,29.2,-1.4728209690647979e-06,6.628501549254988e-07,-2.7198409489780178e-06
1650912816432,2022-04-25T14:53:36.432,29.25,-7.280708229206214e-07,4.401162850623568e-07,-3.06900956952369e-06
1650912816482,2022-04-25T14:53:36.482,29.3,-5.7860940944702316e-08,1.3059000306763507e-06,-2.915485790638532e-06
1650912816532,2022-04-25T14:53:36.532,29.35,-2.543098377736167e-08,2.267248760092553e-06,-2.237168900385627e-06
1650912816582,2022-04-25T14:53:36.582,29.4,-1.0019535952659816e-07,2.3653459985123455e-06,-1.971224930009235e-06
1650912816632,2022-04-25T14:53:36.632,29.45,-4.796032286894318e-08,1.824807887609204e-06,-2.627205700520581e-06
1650912816682,2022-04-25T14:53:36.682,29.5,-1.3643177706584167e-07,1.4060941929217578e-06,-3.3318287301423425e-06
1650912816732,2022-04-25T14:53:36.732,29.55,-2.419374301141484e-07,1.4299551221945371e-06,-3.1890116109511145e-06
1650912816782,2022-04-25T14:53:36.782,29.6,-1.8258468060846082e-07,1.6783189345800267e-06,-2.6601321217581793e-06
1650912816832,2022-04-25T14:53:36.832,29.65,-2.5828039389533114e-07,1.8286792274416416e-06,-2.507889675500514e-06
1650912816882,2022-04-25T14:53:36.882,29.7,-5.084039934129635e-07,1.840064735476286e-06,-2.4556682200586337e-06
1650912816932,2022-04-25T14:53:36.932,29.75,-4.632020932723105e-07,1.8950455496794263e-06,-2.053359826669262e-06
1650912816982,2022-04-25T14:53:36.982,29.8,-1.0528227311713956e-07,2.0049872370546193e-06,-1.766630178910374e-06
1650912817032,2022-04-25T14:53:37.032,29.85,7.325880081665342e-08,1.9909590223846096e-06,-2.0924747447456026e-06
1650912817082,2022-04-25T14:53:37.082,29.9,-2.0293556148678866e-08,1.8754681970552765e-06,-2.5698185047374275e-06
1650912817132,2022-04-25T14:53:37.132,29.95,-8.678410871904464e-08,1.8478046196619616e-06,-2.5776365752083713e-06
1650912817182,2022-04-25T14:53:37.182,30.0,-5.508539257174438e-09,1.8506466735407974e-06,-2.2686557742770304e-06
1650912817232,2022-04-25T14:53:37.232,30.05,1.9266263351805102e-07,1.7032808792849949e-06,-2.0836227160020706e-06
1650912817282,2022-04-25T14:53:37.282,30.1,4.4679192656387094e-07,1.534641088953325e-06,-2.080881890850232e-06
1650912817332,2022-04-25T14:53:37.332,30.15,5.506713580407744e-07,1.5366087608816747e-06,-2.1190284877177953e-06
1650912817382,2022-04-25T14:53:37.382,30.2,3.42164946779566e-07,1.470680706708957e-06,-2.1310541126421444e-06
1650912817432,2022-04-25T14:53:37.432,30.25,2.2548254627510548e-08,1.068134103223984e-06,-2.053367023252916e-06
1650912817482,2022-04-25T14:53:37.482,30.3,-2.7519825879303934e-08,7.268845454732475e-07,-1.8645022450477025e-06
1650912817532,2022-04-25T14:53:37.532,30.35,2.3872537741208797e-07,1.0613526140192458e-06,-1.7132296448284547e-06
1650912817582,2022-04-25T14:53:37.582,30.4,4.185701625375273e-07,1.8464924903357212e-06,-1.731581973463794e-06
1650912817632,2022-04-25T14:53:37.632,30.45,1.7514925282610847e-07,2.1493497294397543e-06,-1.786864703523984e-06
1650912817682,2022-04-25T14:53:37.682,30.5,-2.318204364982391e-07,1.6544599955564962e-06,-1.6910038932496511e-06
1650912817732,2022-04-25T14:53:37.732,30.55,-2.3256479531392287e-07,1.2466509118792666e-06,-1.5489855994715486e-06
1650912817782,2022-04-25T14:53:37.782,30.6,1.5654069268152617e-07,1.7291809511945632e-06,-1.6251231015588327e-06
1650912817832,2022-04-25T14:53:37.832,30.65,2.6672727015198937e-07,2.4138144671292553e-06,-1.9210177864412926e-06
1650912817882,2022-04-25T14:53:37.882,30.7,-1.10355673530984e-07,2.056861782731559e-06,-2.0847304476094454e-06
1650912817932,2022-04-25T14:53:37.932,30.75,-3.459401223519319e-07,8.899644411236139e-07,-1.8437334230204084e-06
1650912817982,2022-04-25T14:53:37.982,30.8,-1.4034481066195419e-07,2.820569801813683e-07,-1.4281396521545346e-06
1650912818032,2022-04-25T14:53:38.032,30.85,-5.315745797745549e-08,6.926179767308081e-07,-1.2444667922781264e-06
1650912818082,2022-04-25T14:53:38.082,30.9,-3.4622681407847727e-07,1.3951463003559023e-06,-1.2314018741945071e-06
1650912818132,2022-04-25T14:53:38.132,30.95,-4.0174513711512146e-07,1.6182614272178403e-06,-1.0724115071333546e-06
1650912818182,2022-04-25T14:53:38.182,31.0,1.0239299568121041e-07,9.02782559625288e-07,-8.35233224376683e-07
1650912818232,2022-04-25T14:53:38.232,31.05,5.052872748427946e-07,-4.7371547648242013e-07,-7.306801475603892e-07
1650912818282,2022-04-25T14:53:38.282,31.1,2.784611792382336e-07,-1.0564252950013842e-06,-6.217717854046306e-07
1650912818332,2022-04-25T14:53:38.332,31.15,-1.5496636048963867e-07,-1.2220870101972537e-07,-4.1214096264162807e-07
1650912818382,2022-04-25T14:53:38.382,31.2,-2.0070760988528062e-07,4.377136716631833e-07,-3.233370980381538e-07
1650912818432,2022-04-25T14:53:38.432,31.25,2.2411847942543933e-07,-1.1899614168138884e-06,-3.2425508403814425e-07
1650912818482,2022-04-25T14:53:38.482,31.3,9.314052664501721e-07,-3.2953872783983838e-06,-8.446449115541513e-08
1650912818532,2022-04-25T14:53:38.532,31.35,1.5812342975642743e-06,-3.0938445341617527e-06,2.4442566931887644e-07
1650912818582,2022-04-25T14:53:38.582,31.4,1.8113415493348575e-06,-1.0719109333242838e-06,1.4336862741574284e-07
1650912818632,2022-04-25T14:53:38.632,31.45,1.7159745731692196e-06,4.4515869023140364e-07,-2.5168574256900514e-07
1650912818682,2022-04-25T14:53:38.682,31.5,1.6200251170479017e-06,1.1337427406544243e-06,-2.829703217354897e-07
1650912818732,2022-04-25T14:53:38.732,31.55,1.399160330763848e-06,1.871065609502977e-06,7.388573813829243e-08
1650912818782,2022-04-25T14:53:38.782,31.6,7.996676774483132e-07,2.202074518311078e-06,3.2278428819932377e-07
1650912818832,2022-04-25T14:53:38.832,31.65,1.459325851237082e-07,1.464565769306884e-06,4.773714793014997e-07
1650912818882,2022-04-25T14:53:38.882,31.7,6.702419359816909e-08,6.009328294757549e-07,7.781150327630595e-07
1650912818932,2022-04-25T14:53:38.932,31.75,7.164614084015802e-07,6.631547421054682e-07,9.154803406511371e-07
1650912818982,2022-04-25T14:53:38.982,31.8,1.4969891248490639e-06,1.0099514484578634e-06,6.592801112423719e-07
1650912819032,2022-04-25T14:53:39.032,31.85,1.6046628171911861e-06,5.886935625436786e-07,5.163576920675283e-07
1650912819082,2022-04-25T14:53:39.082,31.9,1.011322441186855e-06,-1.7467455742856643e-07,8.931046738885393e-07
1650912819132,2022-04-25T14:53:39.132,31.95,5.530953210069746e-07,-1.690452003207302e-07,1.3667429323386703e-06
1650912819182,2022-04-25T14:53:39.182,32.0,7.11045979338897e-07,4.708108669448859e-07,1.3797665912272667e-06
1650912819232,2022-04-25T14:53:39.232,32.05,1.0342475166774444e-06,6.59749232430729e-07,1.1285690607407668e-06
1650912819282,2022-04-25T14:53:39.282,32.1,1.1170937860903358e-06,2.6371090319603796e-07,1.2804693751301865e-06
1650912819332,2022-04-25T14:53:39.332,32.15,1.1044647616223127e-06,1.8885215495065248e-07,1.9121040052596265e-06
1650912819382,2022-04-25T14:53:39.382,32.2,1.003452666768226e-06,6.336174809632066e-07,2.26991036796687e-06
1650912819432,2022-04-25T14:53:39.432,32.25,7.090703149105708e-07,7.743465662820266e-07,1.9121838746449544e-06
1650912819482,2022-04-25T14:53:39.482,32.3,6.843987647102345e-07,2.653453334522503e-07,1.4948044276907564e-06
1650912819532,2022-04-25T14:53:39.532,32.35,1.3251771272473385e-06,-2.2492384297493703e-07,1.8208740539129664e-06
1650912819582,2022-04-25T14:53:39.582,32.4,1.9174491360576728e-06,-4.524989626055131e-08,2.6373509236834424e-06
1650912819632,2022-04-25T14:53:39.632,32.45,1.561763662358896e-06,6.748720153354545e-07,3.087105428876294e-06
1650912819682,2022-04-25T14:53:39.682,32.5,8.250917477180049e-07,1.2216828603971176e-06,2.9687493091695367e-06
1650912819732,2022-04-25T14:53:39.732,32.55,1.079927422776872e-06,9.789571853322924e-07,2.799942982142823e-06
1650912819782,2022-04-25T14:53:39.782,32.6,2.2914910585629224e-06,2.2359813694048133e-07,2.8754742901187087e-06
1650912819832,2022-04-25T14:53:39.832,32.65,2.943648086183659e-06,6.219976071101935e-09,3.0153180614667947e-06
1650912819882,2022-04-25T14:53:39.882,32.7,2.440271909344755e-06,6.298689670133356e-07,3.110414378959166e-06
1650912819932,2022-04-25T14:53:39.932,32.75,1.950758862982426e-06,1.0374388168717034e-06,3.223781004305677e-06
1650912819982,2022-04-25T14:53:39.982,32.8,2.193809242476292e-06,5.758560273449686e-07,3.289361103135052e-06
1650912820032,2022-04-25T14:53:40.032,32.85,2.2131753016867823e-06,8.229785463546847e-08,3.3160458292263274e-06
1650912820082,2022-04-25T14:53:40.082,32.9,1.3927783488283491e-06,3.2693714986046675e-07,3.605926295181824e-06
1650912820132,2022-04-25T14:53:40.132,32.95,7.853933878669742e-07,7.781508256136316e-07,4.205317552370679e-06
1650912820182,2022-04-25T14:53:40.182,33.0,1.3008341494998678e-06,5.454097106077684e-07,4.596493514668444e-06
1650912820232,2022-04-25T14:53:40.232,33.05,2.29208637126088e-06,-4.1003058529366916e-07,4.456728297059917e-06
1650912820282,2022-04-25T14:53:40.282,33.1,2.7891991526861325e-06,-1.2370952281039416e-06,4.149566966881392e-06
1650912820332,2022-04-25T14:53:40.332,33.15,2.726669975838592e-06,-1.1128454134221577e-06,4.093245824035776e-06
1650912820382,2022-04-25T14:53:40.382,33.2,2.4479755440205993e-06,-2.4577353232449e-07,4.338764949938629e-06
1650912820432,2022-04-25T14:53:40.432,33.25,2.053544308569564e-06,3.7302830456898585e-07,4.901033795026323e-06
1650912820482,2022-04-25T14:53:40.482,33.3,1.6817008262993852e-06,3.575610837179334e-07,5.649558553245104e-06
1650912820532,2022-04-25T14:53:40.532,33.35,1.7610677545237945e-06,3.3245258710483245e-07,5.958765812064958e-06
1650912820582,2022-04-25T14:53:40.582,33.4,2.3733228234706917e-06,6.828658358354405e-07,5.399362866837958e-06
1650912820632,2022-04-25T14:53:40.632,33.45,2.783452911113508e-06,8.484084139331062e-07,4.584776403534653e-06
1650912820682,2022-04-25T14:53:40.682,33.5,2.4036996210464646e-06,4.084290446584375e-07,4.534146562441162e-06
1650912820732,2022-04-25T14:53:40.732,33.55,1.8046904295808412e-06,-9.562847828358257e-08,5.402892800030977e-06
1650912820782,2022-04-25T14:53:40.782,33.6,1.8175022530902683e-06,-1.397242163714314e-07,6.463840283664971e-06
1650912820832,2022-04-25T14:53:40.832,33.65,2.1929763665095602e-06,-4.905989307104699e-08,7.198461405534497e-06
1650912820882,2022-04-25T14:53:40.882,33.7,2.2536091428943065e-06,-1.539985891559448e-07,7.764477329199384e-06
1650912820932,2022-04-25T14:53:40.932,33.75,2.2075386084374916e-06,-1.503761325198327e-07,8.366879742438544e-06
1650912820982,2022-04-25T14:53:40.982,33.8,2.565921525998182e-06,9.09625549503633e-08,8.88754707546644e-06
1650912821032,2022-04-25T14:53:41.032,33.85,2.9823400225215406e-06,6.670942345346347e-08,9.271947885129047e-06
1650912821082,2022-04-25T14:53:41.082,33.9,2.977166671663374e-06,-4.998370041369916e-07,9.663246633842991e-06
1650912821132,2022-04-25T14:53:41.132,33.95,2.9841718615246095e-06,-1.0826567600188144e-06,1.009275924877747e-05
1650912821182,2022-04-25T14:53:41.182,34.0,3.442902008206575e-06,-1.053665394208583e-06,1.0462387613403513e-05
1650912821232,2022-04-25T14:53:41.232,34.05,3.8172715270450185e-06,-5.445913218538376e-07,1.0765777703679358e-05
1650912821282,2022-04-25T14:53:41.282,34.1,3.6179686340000545e-06,-2.280225183101761e-07,1.1062894928793693e-05
1650912821332,2022-04-25T14:53:41.332,34.15,3.3929929265344417e-06,-3.863575294595556e-07,1.1377491956759573e-05
1650912821382,2022-04-25T14:53:41.382,34.2,3.7427192347762505e-06,-5.554259021183814e-07,1.1722008033570576e-05
1650912821432,2022-04-25T14:53:41.432,34.25,4.261995078611143e-06,-1.7070798614416736e-07,1.1987442593955486e-05
1650912821482,2022-04-25T14:53:41.482,34.3,4.275492303524052e-06,6.026310165917308e-07,1.191513023667375e-05
1650912821532,2022-04-25T14:53:41.532,34.35,3.872165681655101e-06,9.184170753411763e-07,1.1537149769424323e-05
1650912821582,2022-04-25T14:53:41.582,34.4,3.4771974930352497e-06,3.048152460547275e-07,1.132812984084054e-05
1650912821632,2022-04-25T14:53:41.632,34.45,2.964691077368049e-06,-6.167072004445075e-07,1.1544886994095853e-05
1650912821682,2022-04-25T14:53:41.682,34.5,2.0059150248747818e-06,-9.383202462344131e-07,1.1904864742640512e-05
1650912821732,2022-04-25T14:53:41.732,34.55,9.455158757036934e-07,-6.44014870310938e-07,1.2183707320501998e-05
1650912821782,2022-04-25T14:53:41.782,34.6,3.4465103177438525e-07,-3.385782430606015e-07,1.2482974017914402e-05
1650912821832,2022-04-25T14:53:41.832,34.65,-1.0045314759015044e-07,-2.7607671383796145e-07,1.2689584876827193e-05
1650912821882,2022-04-25T14:53:41.882,34.7,-1.0471155630238947e-06,-4.1049520957350575e-07,1.2391752645742378e-05
1650912821932,2022-04-25T14:53:41.932,34.75,-2.2455934854464077e-06,-8.339951129797584e-07,1.1609067563834454e-05
1650912821982,2022-04-25T14:53:41.982,34.8,-2.9769696542843387e-06,-1.4407903046850737e-06,1.0945800703589232e-05
1650912822032,2022-04-25T14:53:42.032,34.85,-3.299360455667368e-06,-1.770435735826939e-06,1.066562959145077e-05
1650912822082,2022-04-25T14:53:42.082,34.9,-3.7760471253628436e-06,-1.6667954286456238e-06,1.0140468623843862e-05
1650912822132,2022-04-25T14:53:42.132,34.95,-4.4829678675788264e-06,-1.482703567986271e-06,8.689164895560655e-06
1650912822182,2022-04-25T14:53:42.182,35.0,-5.162381585892764e-06,-1.5006591734036496e-06,6.677204811666542e-06
1650912822232,2022-04-25T14:53:42.232,35.05,-5.806066561349089e-06,-1.6759118706923308e-06,5.153619109010118e-06
1650912822282,2022-04-25T14:53:42.282,35.1,-6.428598294704051e-06,-1.7805824444176251e-06,4.343644360475921e-06
1650912822332,2022-04-25T14:53:42.332,35.15,-6.83111559461312e-06,-1.572646909405434e-06,3.2527735259858206e-06
1650912822382,2022-04-25T14:53:42.382,35.2,-7.0075185503783925e-06,-1.3234539230324527e-06,1.1027173052003352e-06
1650912822432,2022-04-25T14:53:42.432,35.25,-7.189122602577569e-06,-1.89936762995222e-06,-1.6070703221597872e-06
1650912822482,2022-04-25T14:53:42.482,35.3,-7.354950202163408e-06,-3.3069226084567027e-06,-3.878229537249804e-06
1650912822532,2022-04-25T14:53:42.532,35.35,-7.3512350873317726e-06,-3.942376505673047e-06,-5.349283538681528e-06
1650912822582,2022-04-25T14:53:42.582,35.4,-7.328953967103343e-06,-2.789082521306309e-06,-6.325712352645396e-06
1650912822632,2022-04-25T14:53:42.632,35.45,-7.389272233746444e-06,-1.1778767022061104e-06,-7.213971867290589e-06
1650912822682,2022-04-25T14:53:42.682,35.5,-7.248419174368194e-06,-7.476940387397006e-07,-8.120884421425512e-06
1650912822732,2022-04-25T14:53:42.732,35.55,-6.878328156711003e-06,-1.1685560114593526e-06,-8.804650331075193e-06
1650912822782,2022-04-25T14:53:42.782,35.6,-6.781548018980551e-06,-1.3238901013557334e-06,-9.09825648659197e-06
1650912822832,2022-04-25T14:53:42.832,35.65,-7.079343780324105e-06,-1.1456512133421736e-06,-9.28575755511545e-06
1650912822882,2022-04-25T14:53:42.882,35.7,-7.174233733092481e-06,-1.0696641309095063e-06,-9.6425887393932e-06
1650912822932,2022-04-25T14:53:42.932,35.75,-6.803371950314434e-06,-1.0026984867332916e-06,-9.884562257528597e-06
1650912822982,2022-04-25T14:53:42.982,35.8,-6.496674450907234e-06,-7.473911092605976e-07,-9.705996847797732e-06
1650912823032,2022-04-25T14:53:43.032,35.85,-6.459688000317041e-06,-5.246085762691305e-07,-9.420789246052944e-06
1650912823082,2022-04-25T14:53:43.082,35.9,-6.010566571298091e-06,-5.410872756788331e-07,-9.456562504196575e-06
1650912823132,2022-04-25T14:53:43.132,35.95,-4.896509009185196e-06,-6.526465325070554e-07,-9.81402474256417e-06
1650912823182,2022-04-25T14:53:43.182,36.0,-4.072636291720085e-06,-6.717943765804663e-07,-1.0346083968509824e-05
1650912823232,2022-04-25T14:53:43.232,36.05,-4.166609650454389e-06,-7.011606089792527e-07,-1.0822115893577418e-05
1650912823282,2022-04-25T14:53:43.282,36.1,-4.456145050712308e-06,-9.590628596928853e-07,-1.0790426784971679e-05
1650912823332,2022-04-25T14:53:43.332,36.15,-4.37636003990891e-06,-1.1637353381685333e-06,-1.0207143051510872e-05
1650912823382,2022-04-25T14:53:43.382,36.2,-4.441492810165953e-06,-6.642313964932971e-07,-9.832430682604035e-06
1650912823432,2022-04-25T14:53:43.432,36.25,-4.80579828979616e-06,2.686262801413119e-07,-1.020522212197524e-05
1650912823482,2022-04-25T14:53:43.482,36.3,-4.662360842124444e-06,4.1974307149345254e-07,-1.0734308184946488e-05
1650912823532,2022-04-25T14:53:43.532,36.35,-3.765479056998978e-06,-3.2079068106642007e-07,-1.0548356019386179e-05
1650912823582,2022-04-25T14:53:43.582,36.4,-2.962792916396009e-06,-5.43991975739099e-07,-9.786399133941136e-06
1650912823632,2022-04-25T14:53:43.632,36.45,-2.776453182992013e-06,2.575731986443273e-07,-9.332276233111483e-06
1650912823682,2022-04-25T14:53:43.682,36.5,-2.833023456264117e-06,8.514943016514669e-07,-9.530368226728093e-06
1650912823732,2022-04-25T14:53:43.732,36.55,-2.8613643351859353e-06,5.292338327824832e-07,-9.830310710832618e-06
1650912823782,2022-04-25T14:53:43.782,36.6,-2.9479994984805375e-06,1.9133958573621636e-07,-9.656761810310215e-06
1650912823832,2022-04-25T14:53:43.832,36.65,-2.865331582941223e-06,6.874247919787793e-07,-9.100003713923677e-06
1650912823882,2022-04-25T14:53:43.882,36.7,-2.3953745758352564e-06,1.6476013547893461e-06,-8.67253897315639e-06
1650912823932,2022-04-25T14:53:43.932,36.75,-2.0381900785553136e-06,2.0602138074296854e-06,-8.68856780940769e-06
1650912823982,2022-04-25T14:53:43.982,36.8,-2.327869896635447e-06,1.2984190241623372e-06,-8.986915790800549e-06
1650912824032,2022-04-25T14:53:44.032,36.85,-2.9292831769815376e-06,5.374486515981259e-09,-9.161172830847348e-06
1650912824082,2022-04-25T14:53:44.082,36.9,-3.1936440764537395e-06,-2.879675080025663e-07,-8.975740098237247e-06
1650912824132,2022-04-25T14:53:44.132,36.95,-3.0166246830566275e-06,7.90830076506259e-07,-8.582970502049296e-06
1650912824182,2022-04-25T14:53:44.182,37.0,-2.663305916270106e-06,1.7510286550603461e-06,-8.34295307544328e-06
1650912824232,2022-04-25T14:53:44.232,37.05,-2.335784870682148e-06,1.3296866491464943e-06,-8.372382822602517e-06
1650912824282,2022-04-25T14:53:44.282,37.1,-2.1965679110216193e-06,7.588986228085609e-08,-8.403742548688377e-06
1650912824332,2022-04-25T14:53:44.332,37.15,-2.3303044931489207e-06,-6.847819976901177e-07,-8.198743450736907e-06
1650912824382,2022-04-25T14:53:44.382,37.2,-2.5368402158986523e-06,-5.327981667702385e-07,-7.853585442259288e-06
1650912824432,2022-04-25T14:53:44.432,37.25,-2.5267469087916245e-06,-1.3432938183800163e-07,-7.63015834282218e-06
1650912824482,2022-04-25T14:53:44.482,37.3,-2.3621277245532446e-06,8.52150857318925e-09,-7.717014677656347e-06
1650912824532,2022-04-25T14:53:44.532,37.35,-2.362288759053935e-06,3.52411172732702e-07,-8.044398478702974e-06
1650912824582,2022-04-25T14:53:44.582,37.4,-2.5410253724606487e-06,1.2714221975403538e-06,-8.230908256337458e-06
1650912824632,2022-04-25T14:53:44.632,37.45,-2.5730564752688374e-06,1.972841318132891e-06,-8.0204006463774e-06
1650912824682,2022-04-25T14:53:44.682,37.5,-2.380272642286692e-06,1.6441123840774109e-06,-7.715360083388432e-06
1650912824732,2022-04-25T14:53:44.732,37.55,-2.1489865735784316e-06,9.064371047999966e-07,-7.766006519168253e-06
1650912824782,2022-04-25T14:53:44.782,37.6,-1.7923479358740047e-06,7.469439131708479e-07,-8.085037677295618e-06
1650912824832,2022-04-25T14:53:44.832,37.65,-1.2170951570223514e-06,9.511780790552643e-07,-8.189349902037255e-06
1650912824882,2022-04-25T14:53:44.882,37.7,-9.272499850983119e-07,9.407373557168779e-07,-7.897341802207745e-06
1650912824932,2022-04-25T14:53:44.932,37.75,-1.3667035440390649e-06,9.800146666289234e-07,-7.5238592158717155e-06
1650912824982,2022-04-25T14:53:44.982,37.8,-1.9634964752763775e-06,1.3877302066601613e-06,-7.3787215196471476e-06
1650912825032,2022-04-25T14:53:45.032,37.85,-1.8398367964390026e-06,1.786229270891059e-06,-7.379883444024244e-06
1650912825082,2022-04-25T14:53:45.082,37.9,-1.1422733579387351e-06,1.8724071393733916e-06,-7.333290592037513e-06
1650912825132,2022-04-25T14:53:45.132,37.95,-7.618714447304522e-07,1.854557984489371e-06,-7.309409678403255e-06
1650912825182,2022-04-25T14:53:45.182,38.0,-1.0378838390853176e-06,1.882264170764493e-06,-7.4561881930442775e-06
1650912825232,2022-04-25T14:53:45.232,38.05,-1.4729227797864894e-06,1.840993609522853e-06,-7.699200927682579e-06
1650912825282,2022-04-25T14:53:45.282,38.1,-1.5124900004774984e-06,1.7129230766167925e-06,-7.866852976216915e-06
1650912825332,2022-04-25T14:53:45.332,38.15,-1.1297839432605404e-06,1.705207001724226e-06,-7.859184682473684e-06
1650912825382,2022-04-25T14:53:45.382,38.2,-7.912476699466302e-07,1.9247448422097273e-06,-7.632030611493887e-06
1650912825432,2022-04-25T14:53:45.432,38.25,-9.589953462090497e-07,2.045773056909378e-06,-7.294715935634729e-06
1650912825482,2022-04-25T14:53:45.482,38.3,-1.3964051557912927e-06,1.6514212554979098e-06,-7.1316694455443735e-06
1650912825532,2022-04-25T14:53:45.532,38.35,-1.2631826719969838e-06,9.492469852884781e-07,-7.269445778778519e-06
1650912825582,2022-04-25T14:53:45.582,38.4,-4.3989368563325684e-07,6.38005326957187e-07,-7.490289848949171e-06
1650912825632,2022-04-25T14:53:45.632,38.45,-1.3706233312608245e-07,9.97113391978427e-07,-7.541582789128609e-06
1650912825682,2022-04-25T14:53:45.682,38.5,-1.1608767372558797e-06,1.5713615517677922e-06,-7.406473441091639e-06
1650912825732,2022-04-25T14:53:45.732,38.55,-2.299757027150822e-06,1.8241285324166832e-06,-7.187532682831536e-06
1650912825782,2022-04-25T14:53:45.782,38.6,-1.9321503241596828e-06,1.7457558992137154e-06,-7.018738949746722e-06
1650912825832,2022-04-25T14:53:45.832,38.65,-5.640567296538632e-07,1.5994447399887761e-06,-7.114622811738685e-06
1650912825882,2022-04-25T14:53:45.882,38.7,5.813681617924302e-08,1.4078793925860645e-06,-7.523551713120961e-06
1650912825932,2022-04-25T14:53:45.932,38.75,-2.83543869902384e-07,1.213023131694499e-06,-7.90537088492447e-06
1650912825982,2022-04-25T14:53:45.982,38.8,-4.593728186908453e-07,1.4132560413735781e-06,-7.991698691189891e-06
1650912826032,2022-04-25T14:53:46.032,38.85,-2.754911953338092e-07,2.0813409728041187e-06,-7.981094281886142e-06
1650912826082,2022-04-25T14:53:46.082,38.9,-3.9761946131714887e-07,2.561205570864321e-06,-8.021130761995883e-06
1650912826132,2022-04-25T14:53:46.132,38.95,-6.658498261325997e-07,2.479375329800627e-06,-7.847635336480486e-06
1650912826182,2022-04-25T14:53:46.182,39.0,-4.6568083097623095e-07,2.207587100707018e-06,-7.370008903777685e-06
1650912826232,2022-04-25T14:53:46.232,39.05,-5.1981793568514365e-08,1.8783707607385809e-06,-6.953677010235093e-06
1650912826282,2022-04-25T14:53:46.282,39.1,-4.288682372409188e-08,1.3371451732315938e-06,-6.868465831595502e-06
1650912826332,2022-04-25T14:53:46.332,39.15,-4.1973480742813305e-07,9.257752398466424e-07,-7.059331010579491e-06
1650912826382,2022-04-25T14:53:46.382,39.2,-8.72963470327375e-07,5.924050707574987e-07,-7.4071154845334084e-06
1650912826432,2022-04-25T14:53:46.432,39.25,-1.253523258606048e-06,-6.399476403116222e-07,-7.690184476712773e-06
1650912826482,2022-04-25T14:53:46.482,39.3,-1.3145824790945494e-06,-2.5333976265343306e-06,-7.560866827792776e-06
1650912826532,2022-04-25T14:53:46.532,39.35,-8.738433632031351e-07,-3.116047790797719e-06,-7.048790767080103e-06
1650912826582,2022-04-25T14:53:46.582,39.4,-3.166472072299942e-07,-1.7304430127294713e-06,-6.7931326768072315e-06
1650912826632,2022-04-25T14:53:46.632,39.45,-1.918694560507274e-07,-2.2894524683604784e-08,-7.275408788243642e-06
1650912826682,2022-04-25T14:53:46.682,39.5,-4.7068871418921396e-07,7.362229004426834e-07,-8.030022535894428e-06
1650912826732,2022-04-25T14:53:46.732,39.55,-8.023718254786532e-07,8.942561325510561e-07,-8.226585632585326e-06
1650912826782,2022-04-25T14:53:46.782,39.6,-1.057744307993296e-06,1.069196771611149e-06,-7.915064714194494e-06
1650912826832,2022-04-25T14:53:46.832,39.65,-1.139289153143266e-06,1.4437689732585696e-06,-7.870837124937057e-06
1650912826882,2022-04-25T14:53:46.882,39.7,-8.844953684302702e-07,2.0565989781845395e-06,-8.266364567235328e-06
1650912826932,2022-04-25T14:53:46.932,39.75,-5.097581892532825e-07,2.7002316525048016e-06,-8.476653850343033e-06
1650912826982,2022-04-25T14:53:46.982,39.8,-5.290525614191098e-07,2.9550428445868054e-06,-8.16505616211518e-06
1650912827032,2022-04-25T14:53:47.032,39.85,-9.854345399193665e-07,2.766967929920095e-06,-7.690180646157801e-06
1650912827082,2022-04-25T14:53:47.082,39.9,-1.2613451815121472e-06,2.5240397335248376e-06,-7.5257072269884565e-06
1650912827132,2022-04-25T14:53:47.132,39.95,-9.550056877278594e-07,2.507087376082386e-06,-7.81117234014311e-06
1650912827182,2022-04-25T14:53:47.182,40.0,-5.525355985379377e-07,2.6966397886062296e-06,-8.2852533438948e-06
1650912827232,2022-04-25T14:53:47.232,40.05,-6.694867420183333e-07,2.9158091558345536e-06,-8.443362333783855e-06
1650912827282,2022-04-25T14:53:47.282,40.1,-9.76555879577837e-07,2.8326226498356405e-06,-8.036733021560742e-06
1650912827332,2022-04-25T14:53:47.332,40.15,-7.845353327513808e-07,2.2849512242360925e-06,-7.470253362109455e-06
1650912827382,2022-04-25T14:53:47.382,40.2,-3.434034939254875e-07,1.7910010986103468e-06,-7.349067218243366e-06
1650912827432,2022-04-25T14:53:47.432,40.25,-3.8026600861666235e-07,1.9251704840453056e-06,-7.70028126240855e-06
1650912827482,2022-04-25T14:53:47.482,40.3,-7.643236086578244e-07,2.172730573912104e-06,-8.084761996306105e-06
1650912827532,2022-04-25T14:53:47.532,40.35,-9.211300167489827e-07,1.6923866114020829e-06,-8.231147614489832e-06
1650912827582,2022-04-25T14:53:47.582,40.4,-9.975852262860718e-07,1.050614426558499e-06,-8.141699448978539e-06
1650912827632,2022-04-25T14:53:47.632,40.45,-1.3616805366599227e-06,1.4635903164681315e-06,-7.930580871036638e-06
1650912827682,2022-04-25T14:53:47.682,40.5,-1.6661920734840626e-06,2.588005601203537e-06,-7.699293562904737e-06
1650912827732,2022-04-25T14:53:47.732,40.55,-1.4924633768142522e-06,2.905838385008464e-06,-7.265913545934578e-06
1650912827782,2022-04-25T14:53:47.782,40.6,-1.1927680339858509e-06,2.045929416416547e-06,-6.316357855507576e-06
1650912827832,2022-04-25T14:53:47.832,40.65,-1.3360828572264805e-06,1.1167147902827569e-06,-5.019715181866018e-06
1650912827882,2022-04-25T14:53:47.882,40.7,-1.9391087092103597e-06,8.634791664035069e-07,-3.9366041326028425e-06
1650912827932,2022-04-25T14:53:47.932,40.75,-2.5772220916581237e-06,8.892193625344721e-07,-3.2625738702226597e-06
1650912827982,2022-04-25T14:53:47.982,40.8,-2.881096515486173e-06,7.726001671602177e-07,-2.6873401415776726e-06
1650912828032,2022-04-25T14:53:48.032,40.85,-3.048278712366212e-06,6.319456451998041e-07,-1.8745365668706214e-06
1650912828082,2022-04-25T14:53:48.082,40.9,-3.7429858726876883e-06,3.9731268335997534e-07,-7.071259712420759e-07
1650912828132,2022-04-25T14:53:48.132,40.95,-4.904929588824122e-06,-2.5050425372579796e-07,6.736725982644021e-07
1650912828182,2022-04-25T14:53:48.182,41.0,-5.43855216307299e-06,-1.0406050240540096e-06,1.847719523255737e-06
1650912828232,2022-04-25T14:53:48.232,41.05,-4.948204357463215e-06,-1.2084214420586456e-06,2.4070480843085948e-06
1650912828282,2022-04-25T14:53:48.282,41.1,-4.4518035520356555e-06,-6.381879707484176e-07,2.3642248083212393e-06
1650912828332,2022-04-25T14:53:48.332,41.15,-4.605595835614863e-06,-1.9014081543852441e-07,2.1160584752300226e-06
1650912828382,2022-04-25T14:53:48.382,41.2,-4.8187426096607086e-06,-5.691203466004858e-07,2.0642664200710246e-06
1650912828432,2022-04-25T14:53:48.432,41.25,-4.631893559724142e-06,-1.4249863467784118e-06,2.3992854346231447e-06
1650912828482,2022-04-25T14:53:48.482,41.3,-4.497777428008e-06,-2.055181812783626e-06,3.089402355338453e-06
1650912828532,2022-04-25T14:53:48.532,41.35,-4.813512138430175e-06,-2.418420253836706e-06,3.822726436497378e-06
1650912828582,2022-04-25T14:53:48.582,41.4,-5.194836770325267e-06,-2.691418115548354e-06,4.072964606742282e-06
1650912828632,2022-04-25T14:53:48.632,41.45,-5.1353043749287875e-06,-2.516070656812826e-06,3.582984485569023e-06
1650912828682,2022-04-25T14:53:48.682,41.5,-4.822350174345452e-06,-1.7851391622419918e-06,2.799947478261639e-06
1650912828732,2022-04-25T14:53:48.732,41.55,-4.748879258112806e-06,-1.3443892835822367e-06,2.5145621793706012e-06
1650912828782,2022-04-25T14:53:48.782,41.6,-4.915491217218351e-06,-1.7151903028282164e-06,2.9602652335623645e-06
1650912828832,2022-04-25T14:53:48.832,41.65,-5.060771608355818e-06,-2.1976703719635185e-06,3.4826757768640654e-06
1650912828882,2022-04-25T14:53:48.882,41.7,-5.165142827597505e-06,-2.226760381348316e-06,3.3428751630546095e-06
1650912828932,2022-04-25T14:53:48.932,41.75,-5.1393559498815e-06,-2.191051279172205e-06,2.6677057812193896e-06
1650912828982,2022-04-25T14:53:48.982,41.8,-4.74930091911352e-06,-2.2076427520927246e-06,2.071274798635985e-06
1650912829032,2022-04-25T14:53:49.032,41.85,-4.215184797058233e-06,-1.7242218509290037e-06,1.6766163303147372e-06
1650912829082,2022-04-25T14:53:49.082,41.9,-3.943427898096534e-06,-8.467623581436944e-07,1.4618068611264755e-06
1650912829132,2022-04-25T14:53:49.132,41.95,-3.5589959195029917e-06,-4.713256481403775e-07,1.941527788330177e-06
1650912829182,2022-04-25T14:53:49.182,42.0,-2.305046315872124e-06,-6.747429742637781e-07,3.3530566856725404e-06
1650912829232,2022-04-25T14:53:49.232,42.05,-2.7858880273851305e-07,-4.090272003613875e-07,5.094341206968715e-06
1650912829282,2022-04-25T14:53:49.282,42.1,1.987378221591024e-06,7.439940785357823e-07,6.836277920491487e-06
1650912829332,2022-04-25T14:53:49.332,42.15,4.814593178807411e-06,1.728326269006334e-06,8.98292378356566e-06
1650912829382,2022-04-25T14:53:49.382,42.2,8.758998777904013e-06,1.395226403774597e-06,1.161656305872224e-05
1650912829432,2022-04-25T14:53:49.432,42.25,1.3074640580342894e-05,-1.1760927198990465e-07,1.4215697755402052e-05
1650912829482,2022-04-25T14:53:49.482,42.3,1.622612156541622e-05,-1.648144759628837e-06,1.64517831084395e-05
1650912829532,2022-04-25T14:53:49.532,42.35,1.766748285706401e-05,-2.2727685023256015e-06,1.8302058515389998e-05
1650912829582,2022-04-25T14:53:49.582,42.4,1.8201218893164707e-05,-2.3639024177064417e-06,1.962146976588423e-05
1650912829632,2022-04-25T14:53:49.632,42.45,1.8836563475848636e-05,-3.2039600926752333e-06,2.0368575085736805e-05
1650912829682,2022-04-25T14:53:49.682,42.5,1.974779234241804e-05,-5.0869199511175635e-06,2.0944085152049123e-05
1650912829732,2022-04-25T14:53:49.732,42.55,2.0361177113697176e-05,-6.470902120492874e-06,2.1623882838144406e-05
1650912829782,2022-04-25T14:53:49.782,42.6,2.0418755735505215e-05,-6.10262107860508e-06,2.2035184875718875e-05
1650912829832,2022-04-25T14:53:49.832,42.65,2.0520539075479737e-05,-5.1314497234188635e-06,2.186930769475429e-05
1650912829882,2022-04-25T14:53:49.882,42.7,2.1230878894612933e-05,-5.2974710132808265e-06,2.1473280417974596e-05
1650912829932,2022-04-25T14:53:49.932,42.75,2.217951623318421e-05,-5.982709565959906e-06,2.107331753812241e-05
1650912829982,2022-04-25T14:53:49.982,42.8,2.2542859781435218e-05,-5.559842601520175e-06,2.0396794603969607e-05
1650912830032,2022-04-25T14:53:50.032,42.85,2.208767233859665e-05,-4.528119699311872e-06,1.9565444115542217e-05
1650912830082,2022-04-25T14:53:50.082,42.9,2.138164315649668e-05,-4.426594186879933e-06,1.9101558725698465e-05
1650912830132,2022-04-25T14:53:50.132,42.95,2.085804108986072e-05,-4.862787077540048e-06,1.8802954101685025e-05
1650912830182,2022-04-25T14:53:50.182,43.0,1.9943629076981125e-05,-4.30004350003152e-06,1.7879154375916696e-05
1650912830232,2022-04-25T14:53:50.232,43.05,1.7975762105799444e-05,-2.6150105128071593e-06,1.609421719898429e-05
1650912830282,2022-04-25T14:53:50.282,43.1,1.570455507734465e-05,-9.310017138562545e-07,1.3778883474273903e-05
1650912830332,2022-04-25T14:53:50.332,43.15,1.4266649736965656e-05,5.284207452581579e-08,1.1285116514885194e-05
1650912830382,2022-04-25T14:53:50.382,43.2,1.316319661664903e-05,5.314018731436272e-07,9.120761307419313e-06
1650912830432,2022-04-25T14:53:50.432,43.25,1.130454844045633e-05,1.0500368075665641e-06,7.741537131286219e-06
1650912830482,2022-04-25T14:53:50.482,43.3,9.055837285571548e-06,1.6105444006197804e-06,6.831199692908133e-06
1650912830532,2022-04-25T14:53:50.532,43.35,7.157977647892821e-06,1.3211759847767282e-06,5.645941246881445e-06
1650912830582,2022-04-25T14:53:50.582,43.4,5.2236551338091505e-06,-2.1562063946837342e-07,4.017823169741983e-06
1650912830632,2022-04-25T14:53:50.632,43.45,3.071130038080346e-06,-1.7535940230118958e-06,2.31816661092534e-06
1650912830682,2022-04-25T14:53:50.682,43.5,1.56149030322914e-06,-2.1851132037367355e-06,8.434807791913168e-07
1650912830732,2022-04-25T14:53:50.732,43.55,9.552543296738736e-07,-2.3053622270710808e-06,-2.18317371276039e-07
1650912830782,2022-04-25T14:53:50.782,43.6,4.3093711699459915e-07,-2.921187652747391e-06,-7.828754288733194e-07
1650912830832,2022-04-25T14:53:50.832,43.65,-4.083582188441373e-07,-2.9895423946709663e-06,-1.2895993724357046e-06
1650912830882,2022-04-25T14:53:50.882,43.7,-1.3052601806959714e-06,-1.6343207379282625e-06,-2.5486847893793975e-06
1650912830932,2022-04-25T14:53:50.932,43.75,-2.2518914058885787e-06,-5.083082865404578e-08,-4.629906518649185e-06
1650912830982,2022-04-25T14:53:50.982,43.8,-3.193617588577456e-06,2.855444318789746e-07,-6.3666099589722414e-06
1650912831032,2022-04-25T14:53:51.032,43.85,-3.6137855603251647e-06,-3.445146976726385e-07,-6.614574536030696e-06
1650912831082,2022-04-25T14:53:51.082,43.9,-3.454476954079237e-06,-7.361542411206319e-07,-5.588776956784528e-06
1650912831132,2022-04-25T14:53:51.132,43.95,-3.5071311714859017e-06,-4.580117966106482e-07,-4.279731976662961e-06
1650912831182,2022-04-25T14:53:51.182,44.0,-4.19063179762223e-06,-2.4821582967050423e-08,-3.2043841882487355e-06
1650912831232,2022-04-25T14:53:51.232,44.05,-4.832438958394947e-06,5.2233226113557586e-08,-2.4973208461883367e-06
1650912831282,2022-04-25T14:53:51.282,44.1,-4.640623661300875e-06,-1.6593719388597206e-07,-2.3040869662101324e-06
1650912831332,2022-04-25T14:53:51.332,44.15,-3.826625286561058e-06,-3.2728268028478067e-07,-2.292406609810556e-06
1650912831382,2022-04-25T14:53:51.382,44.2,-3.3793894726506807e-06,-1.393790942362717e-07,-1.7545732592410819e-06
1650912831432,2022-04-25T14:53:51.432,44.25,-3.7222121430926512e-06,5.049194376123501e-07,-6.77951914086586e-07
1650912831482,2022-04-25T14:53:51.482,44.3,-4.004801534106989e-06,1.1677982557477662e-06,2.5624094173540565e-07
1650912831532,2022-04-25T14:53:51.532,44.35,-3.3392920334186636e-06,1.0145108847372582e-06,7.757851261526888e-07
1650912831582,2022-04-25T14:53:51.582,44.4,-2.275307396884233e-06,8.202378256575596e-08,1.1353359591481446e-06
1650912831632,2022-04-25T14:53:51.632,44.45,-2.0386492024435283e-06,-4.395843949533008e-07,1.3867411450351672e-06
1650912831682,2022-04-25T14:53:51.682,44.5,-2.7077896304562204e-06,-2.7011106245060002e-08,1.502265818562664e-06
1650912831732,2022-04-25T14:53:51.732,44.55,-3.2357357040521647e-06,3.592965585964031e-07,1.9151541857618088e-06
1650912831782,2022-04-25T14:53:51.782,44.6,-3.0459315172891125e-06,3.6751598942625256e-08,3.0200130822186477e-06
1650912831832,2022-04-25T14:53:51.832,44.65,-2.6106361090183896e-06,-3.677148149816228e-07,4.353167791439218e-06
1650912831882,2022-04-25T14:53:51.882,44.7,-2.447834244246631e-06,-2.8891447267542765e-07,5.070331009616216e-06
1650912831932,2022-04-25T14:53:51.932,44.75,-2.3793684515525904e-06,-1.9039037631668835e-07,5.053104069766892e-06
1650912831982,2022-04-25T14:53:51.982,44.8,-2.0774199808726056e-06,-5.760576535313518e-07,4.844215870490694e-06
1650912832032,2022-04-25T14:53:52.032,44.85,-1.7809732681090826e-06,-1.0167390304236053e-06,4.755038025985435e-06
1650912832082,2022-04-25T14:53:52.082,44.9,-1.912339113591412e-06,-8.461240997824662e-07,4.701102211837072e-06
1650912832132,2022-04-25T14:53:52.132,44.95,-2.2619621999419306e-06,-3.8355122136677045e-07,4.615565307263627e-06
1650912832182,2022-04-25T14:53:52.182,45.0,-2.2752007929587415e-06,-4.965822778617167e-07,4.494383740671238e-06
1650912832232,2022-04-25T14:53:52.232,45.05,-1.9816286409240167e-06,-1.0351134520480955e-06,4.318338548942874e-06
1650912832282,2022-04-25T14:53:52.282,45.1,-1.822703096816213e-06,-1.0354267000014077e-06,4.200080189110474e-06
1650912832332,2022-04-25T14:53:52.332,45.15,-1.8131484742516583e-06,-4.593735790523005e-07,4.320441184131466e-06
1650912832382,2022-04-25T14:53:52.382,45.2,-1.7325394380208432e-06,-1.3920076897887305e-07,4.569252308798256e-06
1650912832432,2022-04-25T14:53:52.432,45.25,-1.7268589457974245e-06,-2.0221992031014815e-07,4.477294962432025e-06
1650912832482,2022-04-25T14:53:52.482,45.3,-1.923539775358352e-06,-1.2853761977627595e-07,3.754911887428899e-06
1650912832532,2022-04-25T14:53:52.532,45.35,-2.0232463585683695e-06,1.2745185903057242e-07,2.7377885144488287e-06
1650912832582,2022-04-25T14:53:52.582,45.4,-1.8938873712829546e-06,3.1780795225767827e-07,1.9112905692020565e-06
1650912832632,2022-04-25T14:53:52.632,45.45,-1.8811324053002852e-06,4.844880370827192e-07,1.3031410144369426e-06
1650912832682,2022-04-25T14:53:52.682,45.5,-2.1186492938550547e-06,6.343518429973877e-07,8.21818606097566e-07
1650912832732,2022-04-25T14:53:52.732,45.55,-2.278902996457052e-06,5.501549670200548e-07,5.884301593814085e-07
1650912832782,2022-04-25T14:53:52.782,45.6,-2.267882838344531e-06,2.652920107682599e-07,4.7350210671003375e-07
1650912832832,2022-04-25T14:53:52.832,45.65,-2.4201172014506316e-06,1.813486890139569e-07,9.084100601866924e-08
1650912832882,2022-04-25T14:53:52.882,45.7,-2.7698037843591156e-06,4.3295591729369575e-07,-4.845927626980987e-07
1650912832932,2022-04-25T14:53:52.932,45.75,-2.810727459165837e-06,5.483388337583309e-07,-7.485735908821998e-07
1650912832982,2022-04-25T14:53:52.982,45.8,-2.305548316234958e-06,2.275176871914009e-07,-5.049803742834243e-07
1650912833032,2022-04-25T14:53:53.032,45.85,-1.7741876438738111e-06,-1.6475185156060106e-08,-6.87518354587502e-08
1650912833082,2022-04-25T14:53:53.082,45.9,-1.7795442330124219e-06,2.8518123871839846e-07,7.374511439123038e-08
1650912833132,2022-04-25T14:53:53.132,45.95,-2.159726517279285e-06,7.006370419295837e-07,-2.67300469063884e-07
1650912833182,2022-04-25T14:53:53.182,46.0,-2.3414581723903994e-06,6.439067584995917e-07,-6.742030895726766e-07
1650912833232,2022-04-25T14:53:53.232,46.05,-2.115344713810487e-06,2.3362550093419263e-07,-6.454443541586909e-07
1650912833282,2022-04-25T14:53:53.282,46.1,-1.8041796519726918e-06,-1.087828142274294e-07,-3.6674193535370364e-07
1650912833332,2022-04-25T14:53:53.332,46.15,-1.7710044423547822e-06,-2.1572795583158035e-07,-2.5122343322337763e-07
1650912833382,2022-04-25T14:53:53.382,46.2,-1.990799382949502e-06,-1.0758673644202993e-07,-1.3164453282562367e-07
1650912833432,2022-04-25T14:53:53.432,46.25,-2.189757049807547e-06,1.0745006930080965e-07,1.8282638906260464e-07
1650912833482,2022-04-25T14:53:53.482,46.3,-2.1794329899289944e-06,2.2356828073633823e-07,2.3757936829864793e-07
1650912833532,2022-04-25T14:53:53.532,46.35,-1.9206959205307637e-06,1.5490615549434585e-07,-2.517024800357663e-07
1650912833582,2022-04-25T14:53:53.582,46.4,-1.598167333522177e-06,1.2930801509830033e-07,-7.014721060875678e-07
1650912833632,2022-04-25T14:53:53.632,46.45,-1.6470300017394538e-06,3.4265828046016233e-07,-5.664347293231098e-07
1650912833682,2022-04-25T14:53:53.682,46.5,-2.160019040108776e-06,5.345066514976886e-07,-1.7733139620240477e-07
1650912833732,2022-04-25T14:53:53.732,46.55,-2.4650534102012916e-06,4.3874202560883787e-07,-5.4968723055888864e-08
1650912833782,2022-04-25T14:53:53.782,46.6,-2.0608033690315643e-06,3.9963127343849884e-07,-9.671155832952408e-08
1650912833832,2022-04-25T14:53:53.832,46.65,-1.5775336632199217e-06,7.587901211452669e-07,-1.8801555912569748e-08
1650912833882,2022-04-25T14:53:53.882,46.7,-1.8613808363279453e-06,1.0590425873492164e-06,4.333176466623183e-08
1650912833932,2022-04-25T14:53:53.932,46.75,-2.5399498732033735e-06,8.101329509731705e-07,2.0092561882797043e-08
1650912833982,2022-04-25T14:53:53.982,46.8,-2.4836386355794844e-06,4.996883589968132e-07,2.8278393695210355e-07
1650912834032,2022-04-25T14:53:54.032,46.85,-1.415917369645034e-06,7.291180145208129e-07,7.862543336221605e-07
1650912834082,2022-04-25T14:53:54.082,46.9,-3.0695314314717277e-07,9.062884695708777e-07,7.834229455029551e-07
1650912834132,2022-04-25T14:53:54.132,46.95,-2.742773636821597e-07,2.1114978414908915e-07,2.1212278968173902e-07
1650912834182,2022-04-25T14:53:54.182,47.0,-1.4082587698363527e-06,-6.091584313079288e-07,1.0402366586802084e-07
1650912834232,2022-04-25T14:53:54.232,47.05,-2.5997979302526936e-06,-2.1068882317806433e-07,8.024940299317207e-07
1650912834282,2022-04-25T14:53:54.282,47.1,-2.6890111681000353e-06,8.982613571560779e-07,1.288463862412547e-06
1650912834332,2022-04-25T14:53:54.332,47.15,-1.903135229178052e-06,9.221202785702541e-07,9.736569292621277e-07
1650912834382,2022-04-25T14:53:54.382,47.2,-1.5184591219863703e-06,-3.0678671071344006e-07,5.080472849184685e-07
1650912834432,2022-04-25T14:53:54.432,47.25,-1.921908236981472e-06,-1.0126031378305574e-06,3.64773014821986e-07
1650912834482,2022-04-25T14:53:54.482,47.3,-2.0977097043475917e-06,-3.3573098265317555e-07,3.1358576271144163e-07
1650912834532,2022-04-25T14:53:54.532,47.35,-1.4595965780207367e-06,3.560813135491321e-07,3.820328482850916e-07
1650912834582,2022-04-25T14:53:54.582,47.4,-9.383259208468632e-07,-2.2031663169057226e-07,8.013327232327782e-07
1650912834632,2022-04-25T14:53:54.632,47.45,-1.4315478829829765e-06,-1.2146681886784944e-06,1.279949259293792e-06
1650912834682,2022-04-25T14:53:54.682,47.5,-2.2494486133980573e-06,-1.1077429903771146e-06,1.4079678670061875e-06
1650912834732,2022-04-25T14:53:54.732,47.55,-2.2568629632341347e-06,-1.9954773428404323e-07,1.1989509153937026e-06
1650912834782,2022-04-25T14:53:54.782,47.6,-1.707444933931864e-06,-2.6037471567736997e-07,8.620820098504916e-07
1650912834832,2022-04-25T14:53:54.832,47.65,-1.575875013328113e-06,-1.7966960355160625e-06,7.625018518665646e-07
1650912834882,2022-04-25T14:53:54.882,47.7,-1.822411872450884e-06,-2.9286326442330654e-06,1.234978681081963e-06
1650912834932,2022-04-25T14:53:54.932,47.75,-1.7386591332167736e-06,-1.9107232989292517e-06,1.8683634923862126e-06
1650912834982,2022-04-25T14:53:54.982,47.8,-1.3196666765613987e-06,2.927929392396477e-07,1.9288122954061047e-06
1650912835032,2022-04-25T14:53:55.032,47.85,-1.0519226433500553e-06,1.4406953324895552e-06,1.5935047046338004e-06
1650912835082,2022-04-25T14:53:55.082,47.9,-9.669823692764628e-07,9.86816437375432e-07,1.49307473833976e-06
1650912835132,2022-04-25T14:53:55.132,47.95,-8.491003050998493e-07,7.199593570675596e-08,1.482866532669696e-06
1650912835182,2022-04-25T14:53:55.182,48.0,-8.474101120620515e-07,-4.464422044960795e-07,1.184398097799858e-06
1650912835232,2022-04-25T14:53:55.232,48.05,-1.1601138014168062e-06,-5.837761342841711e-07,9.503190394828593e-07
1650912835282,2022-04-25T14:53:55.282,48.1,-1.5100250983750917e-06,-4.5881585734628923e-07,1.1923767371486871e-06
1650912835332,2022-04-25T14:53:55.332,48.15,-1.5529961299134878e-06,9.395112856410914e-09,1.6411254133923696e-06
1650912835382,2022-04-25T14:53:55.382,48.2,-1.5058848756621669e-06,6.15014105632199e-07,1.966126605494694e-06
1650912835432,2022-04-25T14:53:55.432,48.25,-1.7186821819399497e-06,7.426679384827139e-07,2.217677162854767e-06
1650912835482,2022-04-25T14:53:55.482,48.3,-1.886215862813798e-06,1.9797668642899945e-07,2.3516486599257664e-06
1650912835532,2022-04-25T14:53:55.532,48.35,-1.5057981435406812e-06,-2.998871051003886e-07,2.2038977579818903e-06
1650912835582,2022-04-25T14:53:55.582,48.4,-9.338947942953398e-07,-8.971349230518657e-08,1.948713982261683e-06
1650912835632,2022-04-25T14:53:55.632,48.45,-9.969691459747928e-07,4.870142994665909e-07,1.8500592110072083e-06
1650912835682,2022-04-25T14:53:55.682,48.5,-1.6253270969732717e-06,7.266456701686281e-07,1.8316927523060344e-06
1650912835732,2022-04-25T14:53:55.732,48.55,-1.910180364367073e-06,5.083529865530047e-07,1.820148469617469e-06
1650912835782,2022-04-25T14:53:55.782,48.6,-1.5159644694290594e-06,1.8136425427202077e-07,1.9671853530456196e-06
1650912835832,2022-04-25T14:53:55.832,48.65,-1.0672309856856712e-06,9.844644402899125e-08,2.203946818069394e-06
1650912835882,2022-04-25T14:53:55.882,48.7,-1.072653443996252e-06,3.4748307699814423e-07,2.2777133474495336e-06
1650912835932,2022-04-25T14:53:55.932,48.75,-1.2833367383897276e-06,5.970136337991256e-07,2.316428490663969e-06
1650912835982,2022-04-25T14:53:55.982,48.8,-1.2945632958763735e-06,4.500667116017976e-07,2.6136361941950866e-06
1650912836032,2022-04-25T14:53:56.032,48.85,-1.1870571226133399e-06,6.672451676633534e-08,3.008504139726827e-06
1650912836082,2022-04-25T14:53:56.082,48.9,-1.2374289160486481e-06,2.7822642457031988e-08,3.1611537429228835e-06
1650912836132,2022-04-25T14:53:56.132,48.95,-1.3440779915388428e-06,4.873619424556289e-07,3.1407505016034927e-06
1650912836182,2022-04-25T14:53:56.182,49.0,-1.1925137533007133e-06,7.581884669337359e-07,3.2116276484383283e-06
1650912836232,2022-04-25T14:53:56.232,49.05,-8.240627324763557e-07,9.73595041274533e-08,3.368236743450316e-06
1650912836282,2022-04-25T14:53:56.282,49.1,-5.958107178563154e-07,-1.0452852673283898e-06,3.4065889070511195e-06
1650912836332,2022-04-25T14:53:56.332,49.15,-6.719679563808331e-07,-1.39654954319295e-06,3.2306357159313154e-06
1650912836382,2022-04-25T14:53:56.382,49.2,-8.927770451650454e-07,-8.168953207154235e-07,3.017583035049088e-06
1650912836432,2022-04-25T14:53:56.432,49.25,-1.0652764908298543e-06,-4.802415877041294e-07,3.0961327258528435e-06
1650912836482,2022-04-25T14:53:56.482,49.3,-1.1574841133391408e-06,-7.782652323041387e-07,3.4980181332537396e-06
1650912836532,2022-04-25T14:53:56.532,49.35,-1.2347541876696062e-06,-8.823954792544616e-07,3.8543679876251255e-06
1650912836582,2022-04-25T14:53:56.582,49.4,-1.3163883942994868e-06,-4.7151594459968e-07,3.94126774875976e-06
1650912836632,2022-04-25T14:53:56.632,49.45,-1.316253878446357e-06,-1.3115703625766897e-07,3.866536505950101e-06
1650912836682,2022-04-25T14:53:56.682,49.5,-1.1439750918878014e-06,-2.2892815342649665e-07,3.699298152190887e-06
1650912836732,2022-04-25T14:53:56.732,49.55,-8.503831873940999e-07,-5.562310950223696e-07,3.533607750098798e-06
1650912836782,2022-04-25T14:53:56.782,49.6,-5.843345459459345e-07,-7.495744655543551e-07,3.6313585564347436e-06
1650912836832,2022-04-25T14:53:56.832,49.65,-4.7309989180694653e-07,-6.524875136340908e-07,3.932931264827177e-06
1650912836882,2022-04-25T14:53:56.882,49.7,-6.012264173423645e-07,-4.955045848533776e-07,4.059063477077363e-06
1650912836932,2022-04-25T14:53:56.932,49.75,-8.470219821307872e-07,-5.402576169727605e-07,4.093709669450458e-06
1650912836982,2022-04-25T14:53:56.982,49.8,-8.381360228839109e-07,-5.860996249374861e-07,4.392151550076308e-06
1650912837032,2022-04-25T14:53:57.032,49.85,-5.765626511315375e-07,-3.5887851660388453e-07,4.659658369129242e-06
1650912837082,2022-04-25T14:53:57.082,49.9,-6.784156651012142e-07,-8.633245900870843e-08,4.401567572529531e-06
1650912837132,2022-04-25T14:53:57.132,49.95,-1.305603090612325e-06,-9.464769863402385e-08,4.001794837475766e-06
1650912837182,2022-04-25T14:53:57.182,50.0,-1.7265049617041618e-06,-2.728654772186814e-07,4.201100062445017e-06
1650912837232,2022-04-25T14:53:57.232,50.05,-1.5834224765439512e-06,-3.2109246695964965e-07,4.861857902899054e-06
1650912837282,2022-04-25T14:53:57.282,50.1,-1.363721534009132e-06,-1.0398966113889922e-07,5.1975063646668695e-06
1650912837332,2022-04-25T14:53:57.332,50.15,-1.2914673988162324e-06,2.7542636185353997e-07,4.95092222517805e-06
1650912837382,2022-04-25T14:53:57.382,50.2,-1.0846796171506347e-06,4.686500215671192e-07,4.668874025502998e-06
1650912837432,2022-04-25T14:53:57.432,50.25,-6.8273006213747e-07,2.5974517544108833e-07,4.912633046924232e-06
1650912837482,2022-04-25T14:53:57.482,50.3,-1.6940469015061364e-07,2.5091948417158837e-08,5.6388612063849845e-06
1650912837532,2022-04-25T14:53:57.532,50.35,5.199193748471394e-07,2.3178870599167012e-07,6.495140780936296e-06
1650912837582,2022-04-25T14:53:57.582,50.4,1.3125440955188817e-06,6.121756713859131e-07,7.422578884354637e-06
1650912837632,2022-04-25T14:53:57.632,50.45,2.0809920252314202e-06,5.956345199130132e-07,8.496426095294573e-06
1650912837682,2022-04-25T14:53:57.682,50.5,3.0105434876015112e-06,2.663734014058746e-07,9.31286766875498e-06
1650912837732,2022-04-25T14:53:57.732,50.55,4.256750487919119e-06,1.2206494284989293e-07,9.250640085277719e-06
1650912837782,2022-04-25T14:53:57.782,50.6,5.426962168455312e-06,2.659344218441786e-07,8.427751320934546e-06
1650912837832,2022-04-25T14:53:57.832,50.65,6.061886597518105e-06,4.1511021985597636e-07,7.738971861280149e-06
1650912837882,2022-04-25T14:53:57.882,50.7,6.626270280370392e-06,3.412951055955828e-07,7.772470725573744e-06
1650912837932,2022-04-25T14:53:57.932,50.75,8.005209427921898e-06,6.550256753665302e-08,8.206058950152101e-06
1650912837982,2022-04-25T14:53:57.982,50.8,9.643530692045309e-06,-1.2891568206114988e-07,8.391705247105254e-06
1650912838032,2022-04-25T14:53:58.032,50.85,9.863319580913364e-06,1.0391741511193865e-07,8.06396712347331e-06
1650912838082,2022-04-25T14:53:58.082,50.9,8.738444376848903e-06,8.743902667526482e-07,7.353573609677621e-06
1650912838132,2022-04-25T14:53:58.132,50.95,8.439727895258052e-06,1.8936690708276859e-06,6.371946785322372e-06
1650912838182,2022-04-25T14:53:58.182,51.0,9.98457475624116e-06,2.4642801700156584e-06,4.886261967707826e-06
1650912838232,2022-04-25T14:53:58.232,51.05,1.1970895955819034e-05,2.0645832251190316e-06,2.6683597374745207e-06
1650912838282,2022-04-25T14:53:58.282,51.1,1.2946531121823936e-05,1.2630035046378343e-06,3.2669684275245723e-07
1650912838332,2022-04-25T14:53:58.332,51.15,1.2865230709316612e-05,1.2686562582007173e-06,-9.275105070669476e-07
1650912838382,2022-04-25T14:53:58.382,51.2,1.2146373603919423e-05,2.2924420500205665e-06,-6.979555710554665e-07
1650912838432,2022-04-25T14:53:58.432,51.25,1.1095908217966682e-05,3.2332945501860313e-06,3.4087269570426855e-07
1650912838482,2022-04-25T14:53:58.482,51.3,1.0104614383938603e-05,3.076458856558491e-06,1.73559000897345e-06
1650912838532,2022-04-25T14:53:58.532,51.35,9.283939454802345e-06,2.0458317619352377e-06,3.550143946959872e-06
1650912838582,2022-04-25T14:53:58.582,51.4,8.383482845866188e-06,1.3539087999002382e-06,5.300744878211244e-06
1650912838632,2022-04-25T14:53:58.632,51.45,7.585282682483642e-06,1.5244556112269748e-06,5.964117892565802e-06
1650912838682,2022-04-25T14:53:58.682,51.5,7.43340117191683e-06,1.1906063713405958e-06,5.422191881466054e-06
1650912838732,2022-04-25T14:53:58.732,51.55,7.665038792071838e-06,-9.253158259930092e-07,4.900314743292688e-06
1650912838782,2022-04-25T14:53:58.782,51.6,7.281675568426127e-06,-3.3127366161264242e-06,5.404254439294626e-06
1650912838832,2022-04-25T14:53:58.832,51.65,6.031456785086146e-06,-3.372572145626955e-06,6.446564531990146e-06
1650912838882,2022-04-25T14:53:58.882,51.7,4.6779323777372166e-06,-1.1226605865504205e-06,7.028854232384855e-06
1650912838932,2022-04-25T14:53:58.932,51.75,3.7104018210636967e-06,1.1259422662166775e-06,7.142709266990282e-06
1650912838982,2022-04-25T14:53:58.982,51.8,2.8969470334024436e-06,1.664477594342591e-06,7.3148330278171245e-06
1650912839032,2022-04-25T14:53:59.032,51.85,2.1042920702394725e-06,4.4504281478027633e-07,7.356398480659005e-06
1650912839082,2022-04-25T14:53:59.082,51.9,1.537583410309118e-06,-1.2839556025929156e-06,6.789975555417663e-06
1650912839132,2022-04-25T14:53:59.132,51.95,1.1362625695048163e-06,-1.9038201468041865e-06,6.003268271852197e-06
1650912839182,2022-04-25T14:53:59.182,52.0,5.000707349847919e-07,-1.107243162095867e-06,5.604206449526703e-06
1650912839232,2022-04-25T14:53:59.232,52.05,-5.451052774968255e-07,-1.2293220885054312e-07,5.061024294931814e-06
1650912839282,2022-04-25T14:53:59.282,52.1,-1.790143278350556e-06,8.278044494727885e-08,3.5220544415291643e-06
1650912839332,2022-04-25T14:53:59.332,52.15,-2.9978715384688734e-06,-3.3715497043478424e-07,1.5171558819878293e-06
1650912839382,2022-04-25T14:53:59.382,52.2,-4.049286709396743e-06,-8.75970794176965e-07,1.9195452841830244e-07
1650912839432,2022-04-25T14:53:59.432,52.25,-4.818360110262924e-06,-1.2467634347143965e-06,-5.771299780732481e-07
1650912839482,2022-04-25T14:53:59.482,52.3,-5.241127923795202e-06,-1.374694861931937e-06,-1.718196603778983e-06
1650912839532,2022-04-25T14:53:59.532,52.35,-5.456665933849168e-06,-1.2963869697883099e-06,-3.322505008151077e-06
1650912839582,2022-04-25T14:53:59.582,52.4,-5.615826882485813e-06,-1.1084784597689242e-06,-4.775892788419319e-06
1650912839632,2022-04-25T14:53:59.632,52.45,-5.709150089379458e-06,-9.296541609874784e-07,-5.751733073294918e-06
1650912839682,2022-04-25T14:53:59.682,52.5,-5.80338947465739e-06,-7.713165057967363e-07,-6.271916510480508e-06
1650912839732,2022-04-25T14:53:59.732,52.55,-6.030550484657735e-06,-5.539844433690071e-07,-6.569769919369967e-06
1650912839782,2022-04-25T14:53:59.782,52.6,-6.0912468162718194e-06,-3.219034764334392e-07,-7.12134736177534e-06
1650912839832,2022-04-25T14:53:59.832,52.65,-5.499393970906028e-06,-1.626000611127696e-07,-8.112223442284216e-06
1650912839882,2022-04-25T14:53:59.882,52.7,-4.588022955300984e-06,2.3996907110624164e-08,-9.076607768345893e-06
1650912839932,2022-04-25T14:53:59.932,52.75,-4.2583316661393935e-06,2.9471853297846626e-07,-9.573870919348198e-06
1650912839982,2022-04-25T14:53:59.982,52.8,-4.557408350549698e-06,3.606182730589802e-07,-9.76455052253803e-06
1650912840032,2022-04-25T14:54:00.032,52.85,-4.684300307831107e-06,-3.569506899536754e-09,-9.948912056105624e-06
1650912840082,2022-04-25T14:54:00.082,52.9,-4.3617814272500975e-06,-3.9511887375438787e-07,-1.0136633409340812e-05
1650912840132,2022-04-25T14:54:00.132,52.95,-4.013874979366873e-06,-2.0560060903633036e-07,-1.0398652387124587e-05
1650912840182,2022-04-25T14:54:00.182,53.0,-3.836079779493959e-06,4.735663828855197e-07,-1.092357667683291e-05
1650912840232,2022-04-25T14:54:00.232,53.05,-3.710790396761654e-06,9.020940442459923e-07,-1.1489176021743688e-05
1650912840282,2022-04-25T14:54:00.282,53.1,-3.6901661523942827e-06,6.27694158032385e-07,-1.1729198332009994e-05
1650912840332,2022-04-25T14:54:00.332,53.15,-3.832294661956986e-06,6.634490698665718e-08,-1.1893534072761642e-05
1650912840382,2022-04-25T14:54:00.382,53.2,-3.8848137507906135e-06,8.396836243906346e-09,-1.2347992759642036e-05
1650912840432,2022-04-25T14:54:00.432,53.25,-3.5482106121448834e-06,5.061946945001696e-07,-1.2650456104705649e-05
1650912840482,2022-04-25T14:54:00.482,53.3,-2.906978022101791e-06,7.549096786234864e-07,-1.223284385430428e-05
1650912840532,2022-04-25T14:54:00.532,53.35,-2.4475011572341463e-06,4.5234591185530284e-07,-1.1587689326578177e-05
1650912840582,2022-04-25T14:54:00.582,53.4,-2.530091235833982e-06,2.8193981032194414e-07,-1.1647479374289127e-05
1650912840632,2022-04-25T14:54:00.632,53.45,-2.9432140239413668e-06,5.282072234406265e-07,-1.228872330377919e-05
1650912840682,2022-04-25T14:54:00.682,53.5,-3.335330074804338e-06,6.696681391282562e-07,-1.2595266536397043e-05
1650912840732,2022-04-25T14:54:00.732,53.55,-3.6618792302580307e-06,7.58695210046857e-07,-1.2415620076435879e-05
1650912840782,2022-04-25T14:54:00.782,53.6,-3.7299029802628486e-06,1.467757588747677e-06,-1.2411059971081991e-05
1650912840832,2022-04-25T14:54:00.832,53.65,-3.2563528409465706e-06,2.526659187288293e-06,-1.2692809058640914e-05
1650912840882,2022-04-25T14:54:00.882,53.7,-2.7002492549309453e-06,2.7886674805861026e-06,-1.2734810405381338e-05
1650912840932,2022-04-25T14:54:00.932,53.75,-2.7508468298223368e-06,1.984619054590571e-06,-1.2506569783366697e-05
1650912840982,2022-04-25T14:54:00.982,53.8,-3.1610595298270516e-06,1.1153536094476481e-06,-1.247091425197185e-05
1650912841032,2022-04-25T14:54:01.032,53.85,-3.337952912913966e-06,1.0258746370574883e-06,-1.2666385914459738e-05
1650912841082,2022-04-25T14:54:01.082,53.9,-3.361949366728486e-06,1.4684290887259833e-06,-1.2786262090378696e-05
1650912841132,2022-04-25T14:54:01.132,53.95,-3.4478596257871088e-06,1.7036003216353656e-06,-1.2802137880256322e-05
1650912841182,2022-04-25T14:54:01.182,54.0,-3.389301130973133e-06,1.5233469451771923e-06,-1.2729504597812307e-05
1650912841232,2022-04-25T14:54:01.232,54.05,-3.1434238460222005e-06,1.362459378911655e-06,-1.2348603569833384e-05
1650912841282,2022-04-25T14:54:01.282,54.1,-3.022765375521025e-06,1.4781146298122723e-06,-1.182380398868048e-05
1650912841332,2022-04-25T14:54:01.332,54.15,-3.0487739924266797e-06,1.5424820043466647e-06,-1.1869549109521888e-05
1650912841382,2022-04-25T14:54:01.382,54.2,-2.8989083523864085e-06,1.3373055181402015e-06,-1.2676462543829456e-05
1650912841432,2022-04-25T14:54:01.432,54.25,-2.556310839242363e-06,1.1917218406348933e-06,-1.338838304801881e-05
1650912841482,2022-04-25T14:54:01.482,54.3,-2.370237999499037e-06,1.3074511767995221e-06,-1.3162722269514924e-05
1650912841532,2022-04-25T14:54:01.532,54.35,-2.3907405686895433e-06,1.3691185316906636e-06,-1.2197267854702863e-05
1650912841582,2022-04-25T14:54:01.582,54.4,-2.2132696546093177e-06,1.2005678725317316e-06,-1.1428567713071331e-05
1650912841632,2022-04-25T14:54:01.632,54.45,-1.7656312494152522e-06,1.1401942398759668e-06,-1.152766051236108e-05
1650912841682,2022-04-25T14:54:01.682,54.5,-1.6682355986696047e-06,1.4019233886856677e-06,-1.2190920076517e-05
1650912841732,2022-04-25T14:54:01.732,54.55,-2.237392355085565e-06,1.566416146408515e-06,-1.2484463818831134e-05
1650912841782,2022-04-25T14:54:01.782,54.6,-2.7532435878892796e-06,1.2412201777281912e-06,-1.2132488103022571e-05
1650912841832,2022-04-25T14:54:01.832,54.65,-2.563469604139446e-06,9.329869883018239e-07,-1.1877675864836334e-05
1650912841882,2022-04-25T14:54:01.882,54.7,-2.1873053539205915e-06,1.3861603855165621e-06,-1.212358176846882e-05
1650912841932,2022-04-25T14:54:01.932,54.75,-2.2497103799783124e-06,2.189975106197619e-06,-1.2208871819193714e-05
1650912841982,2022-04-25T14:54:01.982,54.8,-2.253010382894051e-06,2.2778124509727768e-06,-1.1582536654641041e-05
1650912842032,2022-04-25T14:54:02.032,54.85,-1.6920124127899971e-06,1.6889944954642887e-06,-1.0687982653783462e-05
1650912842082,2022-04-25T14:54:02.082,54.9,-1.2845191489778222e-06,1.4229052124926062e-06,-1.0159864764648304e-05
1650912842132,2022-04-25T14:54:02.132,54.95,-1.731149014688285e-06,1.7955683533879831e-06,-9.943941216257942e-06
1650912842182,2022-04-25T14:54:02.182,55.0,-2.397634545861103e-06,2.253433157289011e-06,-9.690204741092805e-06
1650912842232,2022-04-25T14:54:02.232,55.05,-2.462831472515758e-06,2.4459205193266584e-06,-9.46845680899627e-06
1650912842282,2022-04-25T14:54:02.282,55.1,-2.2218847196207388e-06,2.4707985663672593e-06,-9.55297876181145e-06
1650912842332,2022-04-25T14:54:02.332,55.15,-2.2011709209288557e-06,2.4122019336763817e-06,-9.778333422722207e-06
1650912842382,2022-04-25T14:54:02.382,55.2,-2.1562233327896182e-06,2.32736916120611e-06,-9.739855988367388e-06
1650912842432,2022-04-25T14:54:02.432,55.25,-1.8466275035059812e-06,2.401396515568036e-06,-9.506990294768677e-06
1650912842482,2022-04-25T14:54:02.482,55.3,-1.6561351847981518e-06,2.61267984403644e-06,-9.412558143292573e-06
1650912842532,2022-04-25T14:54:02.532,55.35,-1.790535400967626e-06,2.5770878421946507e-06,-9.354798767913184e-06
1650912842582,2022-04-25T14:54:02.582,55.4,-1.9547747484906152e-06,2.19167081661272e-06,-9.136043138026375e-06
1650912842632,2022-04-25T14:54:02.632,55.45,-2.0789713240255504e-06,1.9559559879385257e-06,-9.01955187603601e-06
1650912842682,2022-04-25T14:54:02.682,55.5,-2.2990091417194693e-06,2.194149939014688e-06,-9.16686679967463e-06
1650912842732,2022-04-25T14:54:02.732,55.55,-2.3711522552786687e-06,2.587115361235433e-06,-9.203870458721932e-06
1650912842782,2022-04-25T14:54:02.782,55.6,-2.080865878127733e-06,2.7519800764073075e-06,-8.810210766992862e-06
1650912842832,2022-04-25T14:54:02.832,55.65,-1.8098606174245698e-06,2.4655118760631995e-06,-8.08853946663805e-06
1650912842882,2022-04-25T14:54:02.882,55.7,-1.9930098238395223e-06,1.4281076066793278e-06,-7.423365777305371e-06
1650912842932,2022-04-25T14:54:02.932,55.75,-2.5043616737581257e-06,-1.215160511808435e-07,-7.384211816622028e-06
1650912842982,2022-04-25T14:54:02.982,55.8,-2.8622112201808982e-06,-1.0920255254872642e-06,-8.181469885929664e-06
1650912843032,2022-04-25T14:54:03.032,55.85,-2.70495661098796e-06,-1.1086948337373929e-06,-9.054854477123623e-06
1650912843082,2022-04-25T14:54:03.082,55.9,-2.1997816512715818e-06,-1.4797139225420832e-06,-9.004402857184802e-06
1650912843132,2022-04-25T14:54:03.132,55.95,-1.9684835237872124e-06,-3.040729690338297e-06,-8.102704207017045e-06
1650912843182,2022-04-25T14:54:03.182,56.0,-2.2118108338222432e-06,-4.2483096026758674e-06,-7.327047782052835e-06
1650912843232,2022-04-25T14:54:03.232,56.05,-2.3509698959543895e-06,-3.472795737211583e-06,-7.280777681408006e-06
1650912843282,2022-04-25T14:54:03.282,56.1,-2.0519456194043703e-06,-1.7550461678085033e-06,-7.755747192195343e-06
1650912843332,2022-04-25T14:54:03.332,56.15,-1.8703991397335588e-06,-8.09055113649216e-07,-8.242035365336719e-06
1650912843382,2022-04-25T14:54:03.382,56.2,-2.281336384101979e-06,-8.440434722671288e-08,-8.25498195637727e-06
1650912843432,2022-04-25T14:54:03.432,56.25,-2.7550022178030755e-06,1.4857575670370485e-06,-7.624923077491787e-06
1650912843482,2022-04-25T14:54:03.482,56.3,-2.521051127478565e-06,2.8835414742113194e-06,-6.999761213697338e-06
1650912843532,2022-04-25T14:54:03.532,56.35,-1.912673458984334e-06,2.7746013570891716e-06,-7.35454555902783e-06
1650912843582,2022-04-25T14:54:03.582,56.4,-1.994194199342684e-06,1.9563219555185327e-06,-8.50869750981151e-06
1650912843632,2022-04-25T14:54:03.632,56.45,-2.7588084047850608e-06,1.9001396321552535e-06,-9.08284835558516e-06
1650912843682,2022-04-25T14:54:03.682,56.5,-2.989827093556646e-06,2.4823360754699216e-06,-8.429693311292061e-06
1650912843732,2022-04-25T14:54:03.732,56.55,-2.331315205411908e-06,2.7412322516086058e-06,-7.4870995025221085e-06
1650912843782,2022-04-25T14:54:03.782,56.6,-1.9068445058406083e-06,2.5101494769145616e-06,-7.171914863160629e-06
1650912843832,2022-04-25T14:54:03.832,56.65,-2.322722289628605e-06,2.2185533556464578e-06,-7.143822870733246e-06
1650912843882,2022-04-25T14:54:03.882,56.7,-2.753761331868398e-06,2.134005343307293e-06,-6.884029108148145e-06
1650912843932,2022-04-25T14:54:03.932,56.75,-2.560001148177529e-06,2.3172882406395462e-06,-6.851235829201508e-06
1650912843982,2022-04-25T14:54:03.982,56.8,-2.203462641706115e-06,2.625076392520931e-06,-7.568158828483153e-06
1650912844032,2022-04-25T14:54:04.032,56.85,-2.1363456291775064e-06,2.7575950524771768e-06,-8.44054870872302e-06
1650912844082,2022-04-25T14:54:04.082,56.9,-2.2206753016506554e-06,2.6535420037161364e-06,-8.556657911896069e-06
1650912844132,2022-04-25T14:54:04.132,56.95,-2.4387419830376222e-06,2.512616924020912e-06,-7.9703869726729e-06
1650912844182,2022-04-25T14:54:04.182,57.0,-2.8913637709286433e-06,2.3616975892470742e-06,-7.350496048856128e-06
1650912844232,2022-04-25T14:54:04.232,57.05,-3.20432285365013e-06,2.1062047336018656e-06,-7.089880483086148e-06
1650912844282,2022-04-25T14:54:04.282,57.1,-3.034859617265838e-06,1.980938111430135e-06,-7.226298816226918e-06
1650912844332,2022-04-25T14:54:04.332,57.15,-2.76042105544438e-06,2.3197175326361705e-06,-7.4738512479475194e-06
1650912844382,2022-04-25T14:54:04.382,57.2,-2.8515857425341594e-06,2.7776636675929524e-06,-7.276196389736e-06
1650912844432,2022-04-25T14:54:04.432,57.25,-3.198555775796834e-06,2.476227623151002e-06,-6.466250701611284e-06
1650912844482,2022-04-25T14:54:04.482,57.3,-3.527670014124095e-06,1.275949131251346e-06,-5.59777061995761e-06
1650912844532,2022-04-25T14:54:04.532,57.35,-3.706084748785966e-06,2.680108594828402e-07,-5.177416155424128e-06
1650912844582,2022-04-25T14:54:04.582,57.4,-3.514057648540059e-06,4.7026722464940494e-07,-4.975684759309277e-06
1650912844632,2022-04-25T14:54:04.632,57.45,-3.0370616111325732e-06,1.516339897004898e-06,-4.484499629692213e-06
1650912844682,2022-04-25T14:54:04.682,57.5,-3.125014619698664e-06,2.214039591263558e-06,-3.777017493785083e-06
1650912844732,2022-04-25T14:54:04.732,57.55,-4.348922538992694e-06,2.1399214187063272e-06,-3.447643593176327e-06
1650912844782,2022-04-25T14:54:04.782,57.6,-5.829271704452692e-06,1.9824480766111616e-06,-3.6845289071452407e-06
1650912844832,2022-04-25T14:54:04.832,57.65,-6.269010682297476e-06,2.1592047946749724e-06,-3.9479910761915425e-06
1650912844882,2022-04-25T14:54:04.882,57.7,-5.66200450815206e-06,2.018240064955439e-06,-3.841319123312909e-06
1650912844932,2022-04-25T14:54:04.932,57.75,-5.024681536793704e-06,1.1129444382701042e-06,-3.7069045907091643e-06
1650912844982,2022-04-25T14:54:04.982,57.8,-5.041113981981298e-06,2.6774823601254695e-07,-3.970854077586621e-06
1650912845032,2022-04-25T14:54:05.032,57.85,-5.537571149485647e-06,3.803240095802327e-07,-4.496347014854007e-06
1650912845082,2022-04-25T14:54:05.082,57.9,-5.861745644713302e-06,1.0807087888675765e-06,-4.900926227903645e-06
1650912845132,2022-04-25T14:54:05.132,57.95,-5.672351661341974e-06,1.457045987538614e-06,-4.997501979983704e-06
1650912845182,2022-04-25T14:54:05.182,58.0,-5.329542481354667e-06,1.3206193579680205e-06,-4.832311298353343e-06
1650912845232,2022-04-25T14:54:05.232,58.05,-5.1803388973936e-06,1.1965866040987761e-06,-4.544169929364735e-06
1650912845282,2022-04-25T14:54:05.282,58.1,-4.891895690288566e-06,1.5750949519679719e-06,-4.008818179999157e-06
1650912845332,2022-04-25T14:54:05.332,58.15,-4.018488586442859e-06,2.2032593223365666e-06,-2.7944364574181623e-06
1650912845382,2022-04-25T14:54:05.382,58.2,-2.5724138896973504e-06,2.0744292002927143e-06,-8.905627220737102e-07
1650912845432,2022-04-25T14:54:05.432,58.25,-6.415591488429049e-07,8.619714518252108e-07,1.0819483265439266e-06
1650912845482,2022-04-25T14:54:05.482,58.3,1.7443558210648778e-06,-6.686459414741094e-08,2.9834724074050057e-06
1650912845532,2022-04-25T14:54:05.532,58.35,4.287938416809415e-06,4.6837919240449264e-07,5.674617287899729e-06
1650912845582,2022-04-25T14:54:05.582,58.4,6.795224607038762e-06,1.3471969923288522e-06,9.661264863723254e-06
1650912845632,2022-04-25T14:54:05.632,58.45,9.524723168439566e-06,6.955623065786247e-07,1.408785347728218e-05
1650912845682,2022-04-25T14:54:05.682,58.5,1.2466904941427925e-05,-1.383878355703054e-06,1.780893108766334e-05
1650912845732,2022-04-25T14:54:05.732,58.55,1.4994266079467191e-05,-3.3229573891444595e-06,2.0453006913504785e-05
1650912845782,2022-04-25T14:54:05.782,58.6,1.6735681605853378e-05,-4.494305671133705e-06,2.200971205307619e-05
1650912845832,2022-04-25T14:54:05.832,58.65,1.799114287848549e-05,-5.563547833676712e-06,2.266910268465478e-05
1650912845882,2022-04-25T14:54:05.882,58.7,1.9028512747798445e-05,-6.838939967189497e-06,2.316721337004419e-05
1650912845932,2022-04-25T14:54:05.932,58.75,1.9710550714561423e-05,-7.638505729914938e-06,2.40420438723324e-05
1650912845982,2022-04-25T14:54:05.982,58.8,1.994671873733203e-05,-7.471560314289464e-06,2.4864790405230312e-05
1650912846032,2022-04-25T14:54:06.032,58.85,1.9928538796782875e-05,-6.898919778580702e-06,2.513436040230431e-05
1650912846082,2022-04-25T14:54:06.082,58.9,1.9815780129819034e-05,-6.774335896162568e-06,2.5184613788699623e-05
1650912846132,2022-04-25T14:54:06.132,58.95,1.964247387399288e-05,-7.095487388923735e-06,2.539352899917759e-05
1650912846182,2022-04-25T14:54:06.182,59.0,1.9543265776680495e-05,-7.119950925195778e-06,2.5314104872850274e-05
1650912846232,2022-04-25T14:54:06.232,59.05,1.9571534541787234e-05,-6.620286748891513e-06,2.4408742302848577e-05
1650912846282,2022-04-25T14:54:06.282,59.1,1.9323091605631e-05,-6.4276022474087115e-06,2.2995072000938153e-05
1650912846332,2022-04-25T14:54:06.332,59.15,1.8292805160513444e-05,-7.051270329758705e-06,2.171124483588908e-05
1650912846382,2022-04-25T14:54:06.382,59.2,1.6646768235999216e-05,-7.181979658921293e-06,2.0592633109142706e-05
1650912846432,2022-04-25T14:54:06.432,59.25,1.5209273984623813e-05,-5.201661899177305e-06,1.9307320530126797e-05
1650912846482,2022-04-25T14:54:06.482,59.3,1.4507561838256022e-05,-2.560512414479047e-06,1.7723026878402966e-05
1650912846532,2022-04-25T14:54:06.532,59.35,1.4048999353283644e-05,-2.937351780956902e-06,1.5718711056668225e-05
1650912846582,2022-04-25T14:54:06.582,59.4,1.291297756827991e-05,-6.255278831962622e-06,1.3112510235275001e-05
1650912846632,2022-04-25T14:54:06.632,59.45,1.099695820391906e-05,-7.263440548851265e-06,1.0278043286877038e-05
1650912846682,2022-04-25T14:54:06.682,59.5,9.042266534646805e-06,-3.2103276185656325e-06,8.12642325103955e-06
1650912846732,2022-04-25T14:54:06.732,59.55,7.391608499998013e-06,1.6267699009281017e-06,6.960036182149295e-06
1650912846782,2022-04-25T14:54:06.782,59.6,5.680134708912875e-06,2.645381338803357e-06,6.0598586144137995e-06
1650912846832,2022-04-25T14:54:06.832,59.65,3.958090296668539e-06,1.0990561940802622e-06,4.948032373497408e-06
1650912846882,2022-04-25T14:54:06.882,59.7,2.921705546367187e-06,3.97034087984086e-07,4.1788807946171765e-06
1650912846932,2022-04-25T14:54:06.932,59.75,2.606298601343162e-06,9.089380656039596e-07,4.184193921597277e-06
1650912846982,2022-04-25T14:54:06.982,59.8,2.010761949492671e-06,1.0681316905264788e-06,4.37576223078971e-06
1650912847032,2022-04-25T14:54:07.032,59.85,4.801701371682838e-07,5.072804986293476e-07,4.209041633864185e-06
1650912847082,2022-04-25T14:54:07.082,59.9,-1.4147703149496369e-06,1.2692717109853142e-07,4.046671056798363e-06
1650912847132,2022-04-25T14:54:07.132,59.95,-2.627139890834537e-06,3.290736126145884e-07,4.213513487685941e-06
1650912847182,2022-04-25T14:54:07.182,60.0,-2.773959038741277e-06,5.17702201246144e-07,4.245530185975816e-06
1650912847232,2022-04-25T14:54:07.232,60.05,-2.480522533285171e-06,2.3556273947714074e-07,3.7120194643959046e-06
1650912847282,2022-04-25T14:54:07.282,60.1,-2.622622886983282e-06,-1.8735312915006863e-07,2.9524465482083593e-06
1650912847332,2022-04-25T14:54:07.332,60.15,-3.243978363284268e-06,-3.58505910771353e-07,2.541977827129976e-06
1650912847382,2022-04-25T14:54:07.382,60.2,-3.6678543781508434e-06,-3.5504124794451183e-07,2.5830230179243192e-06
1650912847432,2022-04-25T14:54:07.432,60.25,-3.641550053816041e-06,-3.338042910740531e-07,2.7587458734949622e-06
1650912847482,2022-04-25T14:54:07.482,60.3,-3.5960271667029827e-06,-2.5819530984497603e-07,2.759796918731077e-06
1650912847532,2022-04-25T14:54:07.532,60.35,-3.7440445592209185e-06,-1.2280456201851743e-07,2.620887928998601e-06
1650912847582,2022-04-25T14:54:07.582,60.4,-3.7591409434700187e-06,-9.745093855306343e-08,2.6717126212571297e-06
1650912847632,2022-04-25T14:54:07.632,60.45,-3.497993813191794e-06,-3.8575477756244813e-07,3.009912764318216e-06
1650912847682,2022-04-25T14:54:07.682,60.5,-3.318751855284725e-06,-9.68613726126329e-07,3.29149592256567e-06
1650912847732,2022-04-25T14:54:07.732,60.55,-3.465024990448594e-06,-1.4366266890596488e-06,3.2762358197863266e-06
1650912847782,2022-04-25T14:54:07.782,60.6,-3.714548561256318e-06,-1.2913743870193216e-06,3.1414674586518726e-06
1650912847832,2022-04-25T14:54:07.832,60.65,-3.822588181010992e-06,-6.041610785622482e-07,3.063152232916205e-06
1650912847882,2022-04-25T14:54:07.882,60.7,-3.833926112036481e-06,-3.5910902262809996e-08,2.922859595212819e-06
1650912847932,2022-04-25T14:54:07.932,60.75,-3.845038603074749e-06,-5.854956453023297e-08,2.6552920790697265e-06
1650912847982,2022-04-25T14:54:07.982,60.8,-3.837193698010577e-06,-5.929049042742428e-07,2.6545219557234977e-06
1650912848032,2022-04-25T14:54:08.032,60.85,-3.818066206184613e-06,-1.3251557060111868e-06,3.374555737393334e-06
1650912848082,2022-04-25T14:54:08.082,60.9,-3.825022783301468e-06,-1.8315404560997823e-06,4.389309259490934e-06
1650912848132,2022-04-25T14:54:08.132,60.95,-3.6841632151752273e-06,-1.6423802744124703e-06,4.684825887707123e-06
1650912848182,2022-04-25T14:54:08.182,61.0,-3.1887086364644545e-06,-8.048160963642187e-07,4.340625803755558e-06
1650912848232,2022-04-25T14:54:08.232,61.05,-2.7434272393752747e-06,-2.7032071674704505e-07,4.590814668920706e-06
1650912848282,2022-04-25T14:54:08.282,61.1,-3.0355833310010833e-06,-1.0688326410651694e-06,5.684439267195859e-06
1650912848332,2022-04-25T14:54:08.332,61.15,-3.7242309861739274e-06,-2.798865232190023e-06,6.489338811000172e-06
1650912848382,2022-04-25T14:54:08.382,61.2,-3.7008849182631606e-06,-3.6769104459122473e-06,6.4661975050407895e-06
1650912848432,2022-04-25T14:54:08.432,61.25,-2.907227534076067e-06,-2.7909488189207304e-06,6.054426806405379e-06
1650912848482,2022-04-25T14:54:08.482,61.3,-2.334735188795812e-06,-1.3869254979081238e-06,5.414043141782853e-06
1650912848532,2022-04-25T14:54:08.532,61.35,-2.2663636759171737e-06,-1.030970230760181e-06,4.581612084204478e-06
1650912848582,2022-04-25T14:54:08.582,61.4,-2.216590160809709e-06,-1.5228221314654234e-06,4.1391851908184955e-06
1650912848632,2022-04-25T14:54:08.632,61.45,-2.2915774808801696e-06,-1.613402714445583e-06,4.4146593459584174e-06
1650912848682,2022-04-25T14:54:08.682,61.5,-2.879928568535006e-06,-1.105162097663032e-06,4.889777426692026e-06
1650912848732,2022-04-25T14:54:08.732,61.55,-3.3760104074527617e-06,-1.0977459612053954e-06,5.1019195347656595e-06
1650912848782,2022-04-25T14:54:08.782,61.6,-2.919688675998594e-06,-1.9748358876419383e-06,5.132876907095801e-06
1650912848832,2022-04-25T14:54:08.832,61.65,-2.066855030581407e-06,-2.4401925071585197e-06,4.9542240719284435e-06
1650912848882,2022-04-25T14:54:08.882,61.7,-2.0182469301709086e-06,-1.5350224417426252e-06,4.436993504042059e-06
1650912848932,2022-04-25T14:54:08.932,61.75,-2.601720709841665e-06,-2.3481833461739326e-07,4.013863183909056e-06
1650912848982,2022-04-25T14:54:08.982,61.8,-2.788205518884089e-06,1.2335770894103106e-07,4.191637032871987e-06
1650912849032,2022-04-25T14:54:09.032,61.85,-2.646912190052945e-06,-3.69337183213701e-07,4.597428514380095e-06
1650912849082,2022-04-25T14:54:09.082,61.9,-3.0194106562427943e-06,-7.875286525056097e-07,4.5443124899130496e-06
1650912849132,2022-04-25T14:54:09.132,61.95,-3.7865784111128866e-06,-6.915316715188103e-07,4.220343740927541e-06
1650912849182,2022-04-25T14:54:09.182,62.0,-3.939467281956654e-06,-4.4983902947877344e-07,4.314510424597455e-06
1650912849232,2022-04-25T14:54:09.232,62.05,-3.129952179274703e-06,-5.768824887840393e-07,4.7637397379424845e-06
1650912849282,2022-04-25T14:54:09.282,62.1,-2.207012034292109e-06,-8.94411939708278e-07,4.894444617850276e-06
1650912849332,2022-04-25T14:54:09.332,62.15,-2.053550991249438e-06,-8.17467333188752e-07,4.62874046855318e-06
1650912849382,2022-04-25T14:54:09.382,62.2,-2.443236287510193e-06,-5.177290769549911e-07,4.572663548754411e-06
1650912849432,2022-04-25T14:54:09.432,62.25,-2.6148264690238763e-06,-8.644281502949761e-07,4.992004225498197e-06
1650912849482,2022-04-25T14:54:09.482,62.3,-2.5016979006167947e-06,-1.8658148228473844e-06,5.498574881643175e-06
1650912849532,2022-04-25T14:54:09.532,62.35,-2.5540576606546353e-06,-2.234421444387222e-06,5.6805311688945655e-06
1650912849582,2022-04-25T14:54:09.582,62.4,-2.8643164588960643e-06,-1.3053060234221417e-06,5.526322882645751e-06
1650912849632,2022-04-25T14:54:09.632,62.45,-3.251010206938535e-06,-2.880110635451624e-07,5.328297548800673e-06
1650912849682,2022-04-25T14:54:09.682,62.5,-3.64126085488513e-06,-3.692430671751614e-07,5.35316137829233e-06
1650912849732,2022-04-25T14:54:09.732,62.55,-3.856558405040474e-06,-8.381749601918091e-07,5.476543837234404e-06
1650912849782,2022-04-25T14:54:09.782,62.6,-3.6236729054627968e-06,-6.483952443803698e-07,5.359310470700261e-06
1650912849832,2022-04-25T14:54:09.832,62.65,-3.1389587079302422e-06,-3.68053622852405e-07,5.1486761438563655e-06
1650912849882,2022-04-25T14:54:09.882,62.7,-3.000091710767423e-06,-8.014308462743808e-07,5.345787414464331e-06
1650912849932,2022-04-25T14:54:09.932,62.75,-3.26179214959284e-06,-1.1310815722706475e-06,5.796810879838286e-06
1650912849982,2022-04-25T14:54:09.982,62.8,-3.3205657451987886e-06,-3.7666862705741623e-07,5.788372209760788e-06
1650912850032,2022-04-25T14:54:10.032,62.85,-3.083349391788977e-06,4.956572457824085e-07,5.228244765398284e-06
1650912850082,2022-04-25T14:54:10.082,62.9,-3.187155203649228e-06,-4.473860545272594e-08,4.705071381331215e-06
1650912850132,2022-04-25T14:54:10.132,62.95,-3.6900944972683674e-06,-1.5179620119502472e-06,4.54366426093522e-06
1650912850182,2022-04-25T14:54:10.182,63.0,-3.852909182664209e-06,-2.2098994206967733e-06,4.664444390006943e-06
1650912850232,2022-04-25T14:54:10.232,63.05,-3.5175595314009933e-06,-1.7498465386726483e-06,4.95775508871144e-06
1650912850282,2022-04-25T14:54:10.282,63.1,-3.3052724124959147e-06,-1.2041959436277938e-06,5.221159330386737e-06
1650912850332,2022-04-25T14:54:10.332,63.15,-3.2741028220049848e-06,-1.2584505846606118e-06,5.235798903961293e-06
1650912850382,2022-04-25T14:54:10.382,63.2,-2.8546112745577252e-06,-1.5810885012844727e-06,5.127162607411335e-06
1650912850432,2022-04-25T14:54:10.432,63.25,-2.3311798709232242e-06,-1.619656738452231e-06,5.165996410723557e-06
1650912850482,2022-04-25T14:54:10.482,63.3,-2.795645662969566e-06,-1.3347666291799592e-06,5.272457428456439e-06
1650912850532,2022-04-25T14:54:10.532,63.35,-4.117662049699984e-06,-1.1724302091671418e-06,5.209909739231182e-06
1650912850582,2022-04-25T14:54:10.582,63.4,-4.577665000015387e-06,-1.415099821517782e-06,5.112076405414105e-06
1650912850632,2022-04-25T14:54:10.632,63.45,-3.3588184836123038e-06,-1.7171681922721308e-06,5.262176185538703e-06
1650912850682,2022-04-25T14:54:10.682,63.5,-1.8946093336668393e-06,-1.5907903729771218e-06,5.53408336474863e-06
1650912850732,2022-04-25T14:54:10.732,63.55,-1.79416588383528e-06,-1.2041898901231362e-06,5.6644499445685915e-06
1650912850782,2022-04-25T14:54:10.782,63.6,-2.840554455387836e-06,-1.151639805009022e-06,5.710510845372015e-06
1650912850832,2022-04-25T14:54:10.832,63.65,-3.8837420476729045e-06,-1.454372138483265e-06,5.6049009024367814e-06
1650912850882,2022-04-25T14:54:10.882,63.7,-4.3019665538592e-06,-1.4784684261882797e-06,5.036511859737994e-06
1650912850932,2022-04-25T14:54:10.932,63.75,-3.91464322203879e-06,-9.526272674522333e-07,4.382440775925749e-06
1650912850982,2022-04-25T14:54:10.982,63.8,-2.803121982033673e-06,-3.3100102833409336e-07,4.488004128926276e-06
1650912851032,2022-04-25T14:54:11.032,63.85,-1.5925507793756622e-06,-1.4472923425021908e-08,5.060436102643505e-06
1650912851082,2022-04-25T14:54:11.082,63.9,-8.588586639144388e-07,1.0790070772288284e-07,4.915800024992516e-06
1650912851132,2022-04-25T14:54:11.132,63.95,-4.0585603389843066e-07,2.761467030282503e-07,3.941551301819977e-06
1650912851182,2022-04-25T14:54:11.182,64.0,2.3346740767234667e-07,5.522441802011741e-07,3.0157302875256433e-06
1650912851232,2022-04-25T14:54:11.232,64.05,1.1855266266221499e-06,8.96744126133417e-07,2.1889492155247236e-06
1650912851282,2022-04-25T14:54:11.282,64.1,2.321875765013039e-06,1.177211655442011e-06,6.989407746321367e-07
1650912851332,2022-04-25T14:54:11.332,64.15,3.2889539412965825e-06,1.1509617051356036e-06,-1.3924801877183047e-06
1650912851382,2022-04-25T14:54:11.382,64.2,3.664159958933724e-06,8.135586000734042e-07,-2.962310528111759e-06
1650912851432,2022-04-25T14:54:11.432,64.25,3.4722620855086134e-06,6.784454785259445e-07,-3.283330452547414e-06
1650912851482,2022-04-25T14:54:11.482,64.3,3.1967167262678015e-06,1.1391052884079712e-06,-2.816285887449079e-06
1650912851532,2022-04-25T14:54:11.532,64.35,3.3152377517218528e-06,1.6813329512640368e-06,-2.334696960013267e-06
1650912851582,2022-04-25T14:54:11.582,64.4,4.001875955646701e-06,1.5670050519007293e-06,-1.9882325510545768e-06
1650912851632,2022-04-25T14:54:11.632,64.45,4.9214271405913e-06,1.0596799215718134e-06,-1.6264705823809622e-06
1650912851682,2022-04-25T14:54:11.682,64.5,5.3835739740621166e-06,9.408460010511543e-07,-1.3706632613996432e-06
1650912851732,2022-04-25T14:54:11.732,64.55,5.086387226339624e-06,1.2107079190768434e-06,-1.3661092937645875e-06
1650912851782,2022-04-25T14:54:11.782,64.6,4.497794351879372e-06,1.3193460856989875e-06,-1.4715063150815006e-06
1650912851832,2022-04-25T14:54:11.832,64.65,4.292628078374226e-06,1.1974501461129046e-06,-1.5181979361115897e-06
1650912851882,2022-04-25T14:54:11.882,64.7,4.643032885626059e-06,1.1712521331464948e-06,-1.5190668731818753e-06
1650912851932,2022-04-25T14:54:11.932,64.75,5.190022334727829e-06,1.2543892599336725e-06,-1.5154644425814692e-06
1650912851982,2022-04-25T14:54:11.982,64.8,5.5762457257316576e-06,1.1673797416200105e-06,-1.4847294417609409e-06
1650912852032,2022-04-25T14:54:12.032,64.85,5.7505391006741275e-06,9.195120311549051e-07,-1.4126850364096596e-06
1650912852082,2022-04-25T14:54:12.082,64.9,5.65874337492011e-06,8.6298363653017e-07,-1.3154557443651545e-06
1650912852132,2022-04-25T14:54:12.132,64.95,5.110401684356518e-06,9.742837190461244e-07,-1.217698613051173e-06
1650912852182,2022-04-25T14:54:12.182,65.0,4.3253358912016825e-06,6.86210299143681e-07,-1.1025439882171601e-06
1650912852232,2022-04-25T14:54:12.232,65.05,4.012397058536901e-06,-5.5481180641895845e-08,-8.500656314787269e-07
1650912852282,2022-04-25T14:54:12.282,65.1,4.429181417823677e-06,-4.015335196386835e-07,-4.30326572164309e-07
1650912852332,2022-04-25T14:54:12.332,65.15,4.971717586381958e-06,7.110866890403793e-08,-1.4768910234451008e-07
1650912852382,2022-04-25T14:54:12.382,65.2,5.053389960800074e-06,6.804898980608433e-07,-2.8228070778276187e-07
1650912852432,2022-04-25T14:54:12.432,65.25,4.867586915786732e-06,8.728418909334566e-07,-5.944341352165857e-07
1650912852482,2022-04-25T14:54:12.482,65.3,4.989768002458871e-06,9.430126084982096e-07,-6.747711858331569e-07
1650912852532,2022-04-25T14:54:12.532,65.35,5.445998760997613e-06,1.1036270454088303e-06,-5.27784695937836e-07
1650912852582,2022-04-25T14:54:12.582,65.4,5.571308275751354e-06,1.0074494728103024e-06,-3.7415050550507747e-07
1650912852632,2022-04-25T14:54:12.632,65.45,5.056848183533517e-06,5.265662043948048e-07,-2.1047527245195848e-07
1650912852682,2022-04-25T14:54:12.682,65.5,4.601606517870865e-06,1.4381963695830822e-07,1.1839815882254514e-07
1650912852732,2022-04-25T14:54:12.732,65.55,4.874682059721292e-06,2.8609177313502586e-07,6.132021439102528e-07
1650912852782,2022-04-25T14:54:12.782,65.6,5.444963154125653e-06,6.940898176441226e-07,1.0024465757761837e-06
1650912852832,2022-04-25T14:54:12.832,65.65,5.515192618273439e-06,7.879129981334016e-07,9.072846699734771e-07
1650912852882,2022-04-25T14:54:12.882,65.7,5.137913302796663e-06,5.566006509914522e-07,2.025443192515271e-07
1650912852932,2022-04-25T14:54:12.932,65.75,4.981959340596419e-06,4.741358461551656e-07,-7.817880656843983e-07
1650912852982,2022-04-25T14:54:12.982,65.8,5.293118344559044e-06,5.120913128859691e-07,-1.484244706394213e-06
1650912853032,2022-04-25T14:54:13.032,65.85,5.673992324677254e-06,3.0022852671723905e-07,-1.5359978541562727e-06
1650912853082,2022-04-25T14:54:13.082,65.9,5.721046431715528e-06,1.916144877704479e-07,-1.0144523612825072e-06
1650912853132,2022-04-25T14:54:13.132,65.95,5.487524367606401e-06,7.474384849147588e-07,-4.167666479368018e-07
1650912853182,2022-04-25T14:54:13.182,66.0,5.398575477306255e-06,1.4978949404429321e-06,-2.834383196608605e-07
1650912853232,2022-04-25T14:54:13.232,66.05,5.850539474667405e-06,1.538209052035203e-06,-5.666304586870194e-07
1650912853282,2022-04-25T14:54:13.282,66.1,6.686989010225815e-06,6.866080917896268e-07,-6.328633415917902e-07
1650912853332,2022-04-25T14:54:13.332,66.15,7.18908198735586e-06,-7.263486801413523e-07,-1.82993164373355e-07
1650912853382,2022-04-25T14:54:13.382,66.2,6.962446513188195e-06,-2.2736817956408283e-06,5.469205831251399e-07
1650912853432,2022-04-25T14:54:13.432,66.25,6.431393128754671e-06,-3.451993142997873e-06,1.6890704410638052e-06
1650912853482,2022-04-25T14:54:13.482,66.3,6.12854942658936e-06,-4.224264047706306e-06,3.6115997261668828e-06
1650912853532,2022-04-25T14:54:13.532,66.35,6.24486804721935e-06,-5.16244072597659e-06,5.758023510921208e-06
1650912853582,2022-04-25T14:54:13.582,66.4,6.8280921402834754e-06,-6.146343195936541e-06,6.934335811818648e-06
1650912853632,2022-04-25T14:54:13.632,66.45,7.408026084240593e-06,-5.90342685958602e-06,6.8030822684616835e-06
1650912853682,2022-04-25T14:54:13.682,66.5,7.069258460737493e-06,-4.206409352236381e-06,6.184426989158553e-06
1650912853732,2022-04-25T14:54:13.732,66.55,5.824727700661344e-06,-3.0572511756343624e-06,6.027880824643216e-06
1650912853782,2022-04-25T14:54:13.782,66.6,4.722242593169956e-06,-3.478722649467955e-06,6.5542311610188e-06
1650912853832,2022-04-25T14:54:13.832,66.65,4.191257998803719e-06,-3.1937417464949942e-06,7.182822152791332e-06
1650912853882,2022-04-25T14:54:13.882,66.7,3.781025176373575e-06,-5.26872957057573e-07,7.226643487065204e-06
1650912853932,2022-04-25T14:54:13.932,66.75,3.3156887583078316e-06,2.185185599942175e-06,6.7930508787953785e-06
1650912853982,2022-04-25T14:54:13.982,66.8,2.975933536469828e-06,2.3592171233384233e-06,6.669718475724523e-06
1650912854032,2022-04-25T14:54:14.032,66.85,2.771360739065076e-06,1.0594924450112607e-06,7.1808865071343085e-06
1650912854082,2022-04-25T14:54:14.082,66.9,2.5510582310718028e-06,4.899729814700284e-07,7.668381572887543e-06
1650912854132,2022-04-25T14:54:14.132,66.95,2.0009911847879454e-06,8.791711313206604e-07,7.405675178031832e-06
1650912854182,2022-04-25T14:54:14.182,67.0,8.960321084018986e-07,1.4624559901758673e-06,6.695734265974499e-06
1650912854232,2022-04-25T14:54:14.232,67.05,-3.343080279191269e-07,1.8179965355389525e-06,6.567594895094447e-06
1650912854282,2022-04-25T14:54:14.282,67.1,-1.1153946466169828e-06,1.6042748111456484e-06,7.300873127892076e-06
1650912854332,2022-04-25T14:54:14.332,67.15,-1.6739204577431591e-06,9.092586556472003e-07,7.874452151365996e-06
1650912854382,2022-04-25T14:54:14.382,67.2,-2.481203629013554e-06,6.228343540651369e-07,7.388621702501801e-06
1650912854432,2022-04-25T14:54:14.432,67.25,-3.3480563084921622e-06,1.0758492974396223e-06,6.416796852642726e-06
1650912854482,2022-04-25T14:54:14.482,67.3,-4.039306750617232e-06,1.1673113199381287e-06,6.124018763472116e-06
1650912854532,2022-04-25T14:54:14.532,67.35,-4.891279944755924e-06,1.2733309944463063e-07,6.467610938661059e-06
1650912854582,2022-04-25T14:54:14.582,67.4,-5.991920000294401e-06,-1.0334103049629124e-06,6.232744954250685e-06
1650912854632,2022-04-25T14:54:14.632,67.45,-6.8061417481061105e-06,-1.2508909758792513e-06,4.7214395615385716e-06
1650912854682,2022-04-25T14:54:14.682,67.5,-7.164491248509193e-06,-1.1771207502853792e-06,2.5232546068252794e-06
1650912854732,2022-04-25T14:54:14.732,67.55,-7.4433871556690364e-06,-1.6582603575883253e-06,5.670675337736334e-07
1650912854782,2022-04-25T14:54:14.782,67.6,-7.665641580635216e-06,-1.9976685132360384e-06,-9.696160195217204e-07
1650912854832,2022-04-25T14:54:14.832,67.65,-7.692263410859167e-06,-1.2541658620797819e-06,-2.6814332617038375e-06
1650912854882,2022-04-25T14:54:14.882,67.7,-7.90068943460757e-06,1.1081161610256829e-07,-4.9852745106620075e-06
1650912854932,2022-04-25T14:54:14.932,67.75,-8.499070179240966e-06,9.201643959157208e-07,-7.348178307855423e-06
1650912854982,2022-04-25T14:54:14.982,67.8,-8.964221177743642e-06,5.963964082673588e-07,-9.005979330310351e-06
1650912855032,2022-04-25T14:54:15.032,67.85,-8.976777104851527e-06,-5.337941580695674e-07,-1.0204511476144894e-05
1650912855082,2022-04-25T14:54:15.082,67.9,-8.935632719847319e-06,-1.4714858075260347e-06,-1.1696136606480796e-05
1650912855132,2022-04-25T14:54:15.132,67.95,-9.075383861116362e-06,-1.2492023954032247e-06,-1.3279585530472965e-05
1650912855182,2022-04-25T14:54:15.182,68.0,-8.873899849996782e-06,-3.4072695039188795e-08,-1.4008020689408972e-05
1650912855232,2022-04-25T14:54:15.232,68.05,-7.794379138335028e-06,9.15649242897691e-07,-1.3665936416144711e-05
1650912855282,2022-04-25T14:54:15.282,68.1,-6.397089243006309e-06,8.5969539415736e-07,-1.3173638136706524e-05
1650912855332,2022-04-25T14:54:15.332,68.15,-5.90233718092555e-06,4.0116512510754664e-07,-1.349958275383548e-05
1650912855382,2022-04-25T14:54:15.382,68.2,-6.280385213848486e-06,3.284975218925433e-07,-1.4489618559401978e-05
1650912855432,2022-04-25T14:54:15.432,68.25,-6.223881211721016e-06,5.733494650935786e-07,-1.5067683819756674e-05
1650912855482,2022-04-25T14:54:15.482,68.3,-5.598453998220189e-06,7.420174955264499e-07,-1.4689759393096474e-05
1650912855532,2022-04-25T14:54:15.532,68.35,-5.726733478043675e-06,8.833944650225502e-07,-1.4016931439201246e-05
1650912855582,2022-04-25T14:54:15.582,68.4,-6.724788144331833e-06,1.2556368371052195e-06,-1.3886942155822315e-05
1650912855632,2022-04-25T14:54:15.632,68.45,-7.1582081525861335e-06,1.741754927226912e-06,-1.4256100177790725e-05
1650912855682,2022-04-25T14:54:15.682,68.5,-6.573300047781895e-06,1.931060889260127e-06,-1.4391978263248357e-05
1650912855732,2022-04-25T14:54:15.732,68.55,-5.899331098885041e-06,1.7052085159180605e-06,-1.3769629959154885e-05
1650912855782,2022-04-25T14:54:15.782,68.6,-5.639365935139186e-06,1.417153539689259e-06,-1.2674087962522541e-05
1650912855832,2022-04-25T14:54:15.832,68.65,-5.6871160245400985e-06,1.3945576546699563e-06,-1.1841113438829633e-05
1650912855882,2022-04-25T14:54:15.882,68.7,-6.099037365070967e-06,1.5049343033838484e-06,-1.1521029010281272e-05
1650912855932,2022-04-25T14:54:15.932,68.75,-6.628595444675395e-06,1.4850662161743582e-06,-1.1318015772781135e-05
1650912855982,2022-04-25T14:54:15.982,68.8,-6.652075462404495e-06,1.5194909555637128e-06,-1.0970816818122324e-05
1650912856032,2022-04-25T14:54:16.032,68.85,-6.246275510005495e-06,1.9148232018667147e-06,-1.0689489895694654e-05
1650912856082,2022-04-25T14:54:16.082,68.9,-6.0183614566742e-06,2.306117595797911e-06,-1.0654746300006287e-05
1650912856132,2022-04-25T14:54:16.132,68.95,-5.837380953236771e-06,2.0717641527513604e-06,-1.0738386090791507e-05
1650912856182,2022-04-25T14:54:16.182,69.0,-5.17553921857561e-06,1.4972978194787857e-06,-1.0772739202954279e-05
1650912856232,2022-04-25T14:54:16.232,69.05,-4.392015896378457e-06,1.442171349338189e-06,-1.0706725746577224e-05
1650912856282,2022-04-25T14:54:16.282,69.1,-4.2356172740241205e-06,1.852447303053169e-06,-1.052674979853193e-05
1650912856332,2022-04-25T14:54:16.332,69.15,-4.475750023317415e-06,1.8385366110757736e-06,-1.0308672686292693e-05
1650912856382,2022-04-25T14:54:16.382,69.2,-4.3711071065607685e-06,1.3510080594380536e-06,-1.021521542084911e-05
1650912856432,2022-04-25T14:54:16.432,69.25,-4.109637855720805e-06,1.4254130092363582e-06,-1.0202045622079893e-05
1650912856482,2022-04-25T14:54:16.482,69.3,-4.488110478503348e-06,2.3576489351738987e-06,-1.0053252746895192e-05
1650912856532,2022-04-25T14:54:16.532,69.35,-5.334902111666426e-06,2.9971316252183332e-06,-9.882659450812668e-06
1650912856582,2022-04-25T14:54:16.582,69.4,-5.475197436996812e-06,2.530266152526782e-06,-9.955376411563421e-06
1650912856632,2022-04-25T14:54:16.632,69.45,-4.5248801875131765e-06,1.660441945272946e-06,-9.988686003765908e-06
1650912856682,2022-04-25T14:54:16.682,69.5,-3.7062390354736816e-06,1.3090399226723905e-06,-9.567078207950653e-06
1650912856732,2022-04-25T14:54:16.732,69.55,-4.194065890290905e-06,1.512685515406278e-06,-9.053304099627652e-06
1650912856782,2022-04-25T14:54:16.782,69.6,-5.397052012001609e-06,2.0975919237539907e-06,-9.092822839302312e-06
1650912856832,2022-04-25T14:54:16.832,69.65,-5.825538846874331e-06,2.9331740217288547e-06,-9.612140649440827e-06
1650912856882,2022-04-25T14:54:16.882,69.7,-5.165891130706458e-06,3.3843865361677308e-06,-1.0102770152236412e-05
1650912856932,2022-04-25T14:54:16.932,69.75,-4.451340616038739e-06,3.0017888347422636e-06,-1.0405439537976351e-05
1650912856982,2022-04-25T14:54:16.982,69.8,-4.375347972748087e-06,2.4263767571492155e-06,-1.063038057221905e-05
1650912857032,2022-04-25T14:54:17.032,69.85,-4.458776312212094e-06,2.391215322589956e-06,-1.0692861198854212e-05
1650912857082,2022-04-25T14:54:17.082,69.9,-4.127843911637622e-06,2.6508562668327323e-06,-1.0440915170878593e-05
1650912857132,2022-04-25T14:54:17.132,69.95,-3.755583184562452e-06,2.7911444536295823e-06,-1.0088741671034506e-05
1650912857182,2022-04-25T14:54:17.182,70.0,-3.962988609392436e-06,2.9914861063481787e-06,-1.0014805867506917e-05
1650912857232,2022-04-25T14:54:17.232,70.05,-4.499143933005839e-06,3.378051529137661e-06,-1.0183170828910795e-05
1650912857282,2022-04-25T14:54:17.282,70.1,-4.6868834251353985e-06,3.6104073148517105e-06,-1.0303583500959498e-05
1650912857332,2022-04-25T14:54:17.332,70.15,-4.53490012413913e-06,3.408610503731737e-06,-1.0354584848004774e-05
1650912857382,2022-04-25T14:54:17.382,70.2,-4.4993378296065435e-06,2.875207433912446e-06,-1.0362345229093283e-05
1650912857432,2022-04-25T14:54:17.432,70.25,-4.5278315737830305e-06,2.3396943526191147e-06,-1.0152123725580762e-05
1650912857482,2022-04-25T14:54:17.482,70.3,-4.247549610569369e-06,2.2238667953044418e-06,-9.860313405341578e-06
1650912857532,2022-04-25T14:54:17.532,70.35,-3.7324626606467663e-06,2.7443485384723676e-06,-9.92017638219858e-06
1650912857582,2022-04-25T14:54:17.582,70.4,-3.3305660142341416e-06,3.461419180766398e-06,-1.0175591601955516e-05
1650912857632,2022-04-25T14:54:17.632,70.45,-3.1708499188512366e-06,3.6251213091265462e-06,-1.004740380679819e-05
1650912857682,2022-04-25T14:54:17.682,70.5,-3.2294047684030143e-06,3.2415314675008558e-06,-9.725339993950991e-06
1650912857732,2022-04-25T14:54:17.732,70.55,-3.3646619921684206e-06,3.0667413429057163e-06,-9.944812434714422e-06
1650912857782,2022-04-25T14:54:17.782,70.6,-3.342134240439036e-06,3.386558314760512e-06,-1.0597309561240164e-05
1650912857832,2022-04-25T14:54:17.832,70.65,-3.2311643786190547e-06,3.754759147132808e-06,-1.0858442486976266e-05
1650912857882,2022-04-25T14:54:17.882,70.7,-3.32857655755779e-06,3.9104849784942865e-06,-1.05283643785954e-05
1650912857932,2022-04-25T14:54:17.932,70.75,-3.5044024232330423e-06,4.010925147262494e-06,-1.0114250096001993e-05
1650912857982,2022-04-25T14:54:17.982,70.8,-3.3096711373251527e-06,4.150804165290352e-06,-9.95878271005152e-06
1650912858032,2022-04-25T14:54:18.032,70.85,-2.836431026518221e-06,4.304395621957979e-06,-1.0113133314272544e-05
1650912858082,2022-04-25T14:54:18.082,70.9,-2.7492240878844452e-06,4.473851152843624e-06,-1.0502120891603215e-05
1650912858132,2022-04-25T14:54:18.132,70.95,-3.237432802981443e-06,4.576358634702879e-06,-1.0782596905561408e-05
1650912858182,2022-04-25T14:54:18.182,71.0,-3.5752227921989085e-06,4.433082529250144e-06,-1.0707779226544493e-05
1650912858232,2022-04-25T14:54:18.232,71.05,-3.1732341076652822e-06,4.054360210074492e-06,-1.060892007802634e-05
1650912858282,2022-04-25T14:54:18.282,71.1,-2.5437002955102025e-06,3.7563141692443343e-06,-1.0819723344229287e-05
1650912858332,2022-04-25T14:54:18.332,71.15,-2.547983227764825e-06,3.762207968546667e-06,-1.1014306133120833e-05
1650912858382,2022-04-25T14:54:18.382,71.2,-3.084677796171303e-06,3.881782193626336e-06,-1.0754676363268389e-05
1650912858432,2022-04-25T14:54:18.432,71.25,-3.3590140863813283e-06,3.917601478094854e-06,-1.0215804252372266e-05
1650912858482,2022-04-25T14:54:18.482,71.3,-3.1422231824618987e-06,3.95863464342229e-06,-9.968028416950716e-06
1650912858532,2022-04-25T14:54:18.532,71.35,-2.840635458780722e-06,3.852466007286246e-06,-1.0360157591149771e-05
1650912858582,2022-04-25T14:54:18.582,71.4,-2.6833335083335232e-06,3.3244524728469682e-06,-1.1165650126507475e-05
1650912858632,2022-04-25T14:54:18.632,71.45,-2.7900816092562544e-06,3.1218521762314825e-06,-1.171866988875108e-05
1650912858682,2022-04-25T14:54:18.682,71.5,-3.4243873466821523e-06,4.289797207990928e-06,-1.1548843495982376e-05
1650912858732,2022-04-25T14:54:18.732,71.55,-4.251800827912627e-06,5.488327214355098e-06,-1.0802111616385828e-05
1650912858782,2022-04-25T14:54:18.782,71.6,-4.243137485638918e-06,3.778077022825784e-06,-9.84261292086358e-06
1650912858832,2022-04-25T14:54:18.832,71.65,-3.036883467115071e-06,-4.034332229044504e-07,-8.618015355466498e-06
1650912858882,2022-04-25T14:54:18.882,71.7,-1.3449962313321138e-06,-2.7866207645133702e-06,-6.560826715922455e-06
1650912858932,2022-04-25T14:54:18.932,71.75,3.33014351190714e-07,-1.898629571200355e-06,-3.050861379477346e-06
1650912858982,2022-04-25T14:54:18.982,71.8,2.369476874990882e-06,-1.423821811877279e-06,1.9032145933078719e-06
1650912859032,2022-04-25T14:54:19.032,71.85,5.272513520257775e-06,-3.7470552319518905e-06,7.4505331984198645e-06
1650912859082,2022-04-25T14:54:19.082,71.9,8.846937019396381e-06,-6.42455908691203e-06,1.2627535401592999e-05
1650912859132,2022-04-25T14:54:19.132,71.95,1.2092333978588294e-05,-6.8535710431942696e-06,1.704357650008908e-05
1650912859182,2022-04-25T14:54:19.182,72.0,1.4060727582625819e-05,-5.697559985281239e-06,2.0491357631904093e-05
1650912859232,2022-04-25T14:54:19.232,72.05,1.4909561943465875e-05,-4.698664986926169e-06,2.2583393524378852e-05
1650912859282,2022-04-25T14:54:19.282,72.1,1.5633714374449065e-05,-4.457057451334298e-06,2.3493739634339066e-05
1650912859332,2022-04-25T14:54:19.332,72.15,1.678693846701761e-05,-4.6850109739388606e-06,2.42512937684018e-05
1650912859382,2022-04-25T14:54:19.382,72.2,1.8058124762824118e-05,-4.9731473153917575e-06,2.5465469931256226e-05
1650912859432,2022-04-25T14:54:19.432,72.25,1.892070171865978e-05,-5.358141662150066e-06,2.6664410564257143e-05
1650912859482,2022-04-25T14:54:19.482,72.3,1.918452463383084e-05,-6.256371040784482e-06,2.744912568845191e-05
1650912859532,2022-04-25T14:54:19.532,72.35,1.9152487832530785e-05,-7.364848533262519e-06,2.8013734352276668e-05
1650912859582,2022-04-25T14:54:19.582,72.4,1.9374380926830038e-05,-7.534986834286443e-06,2.827560768449762e-05
1650912859632,2022-04-25T14:54:19.632,72.45,1.9915789337551588e-05,-6.691176851354761e-06,2.7975338409095054e-05
1650912859682,2022-04-25T14:54:19.682,72.5,2.018508259903302e-05,-6.3367697104628845e-06,2.7531900327566228e-05
1650912859732,2022-04-25T14:54:19.732,72.55,1.9824676601426594e-05,-6.867663720869708e-06,2.7437856131190336e-05
1650912859782,2022-04-25T14:54:19.782,72.6,1.9109271706782988e-05,-6.58795762269591e-06,2.719080820712666e-05
1650912859832,2022-04-25T14:54:19.832,72.65,1.8258931139368792e-05,-4.905150274267032e-06,2.592174094995474e-05
1650912859882,2022-04-25T14:54:19.882,72.7,1.7233367828486026e-05,-3.7605812934278946e-06,2.372258967727409e-05
1650912859932,2022-04-25T14:54:19.932,72.75,1.6295065479668507e-05,-4.271117253524449e-06,2.159672105901257e-05
1650912859982,2022-04-25T14:54:19.982,72.8,1.5862049792060687e-05,-4.6968266694869115e-06,2.0192838374733097e-05
1650912860032,2022-04-25T14:54:20.032,72.85,1.5696767586540533e-05,-3.3057747740770943e-06,1.894627930862233e-05
1650912860082,2022-04-25T14:54:20.082,72.9,1.5038757926430737e-05,-9.800060680102905e-07,1.672556248530098e-05
1650912860132,2022-04-25T14:54:20.132,72.95,1.3642104145587447e-05,5.509213534708917e-07,1.3417626512564955e-05
1650912860182,2022-04-25T14:54:20.182,73.0,1.1920387318053296e-05,1.3211874438877056e-06,1.0291278417944026e-05
1650912860232,2022-04-25T14:54:20.232,73.05,1.0099021910854088e-05,2.2277188716207267e-06,8.264360368555068e-06
1650912860282,2022-04-25T14:54:20.282,73.1,8.227199056685927e-06,2.859761778002794e-06,6.71551972305715e-06
1650912860332,2022-04-25T14:54:20.332,73.15,6.8166094632953835e-06,2.3784819279670198e-06,4.964989101997007e-06
1650912860382,2022-04-25T14:54:20.382,73.2,6.138226127953198e-06,1.569498852961432e-06,3.793926025724254e-06
1650912860432,2022-04-25T14:54:20.432,73.25,5.3375310971427706e-06,1.7152309369912213e-06,4.137909479669989e-06
1650912860482,2022-04-25T14:54:20.482,73.3,3.626201944669591e-06,2.3117828971691924e-06,5.215423577468102e-06
1650912860532,2022-04-25T14:54:20.532,73.35,1.4538083893547164e-06,2.0540645159079787e-06,5.313941535985082e-06
1650912860582,2022-04-25T14:54:20.582,73.4,-5.505643488726261e-07,1.0672623225538806e-06,3.927098492715492e-06
1650912860632,2022-04-25T14:54:20.632,73.45,-2.3382712678819995e-06,2.980461958923812e-07,2.106571880502116e-06
1650912860682,2022-04-25T14:54:20.682,73.5,-3.639474420781258e-06,-1.6479010864376106e-07,9.351061472891685e-07
1650912860732,2022-04-25T14:54:20.732,73.55,-4.151218318667966e-06,-6.656876311388128e-07,4.938000568222918e-07
1650912860782,2022-04-25T14:54:20.782,73.6,-4.433297615341378e-06,-9.871582703769156e-07,3.3743505972868996e-07
1650912860832,2022-04-25T14:54:20.832,73.65,-5.0669776592830576e-06,-8.498737146749291e-07,1.4245672848789734e-07
1650912860882,2022-04-25T14:54:20.882,73.7,-5.590161239822965e-06,-5.606871322434192e-07,-3.122726108577327e-07
1650912860932,2022-04-25T14:54:20.932,73.75,-5.491371510668807e-06,-4.954396473547166e-07,-1.050299615580178e-06
1650912860982,2022-04-25T14:54:20.982,73.8,-5.327197151975028e-06,-4.98735019599393e-07,-1.6695045982961418e-06
1650912861032,2022-04-25T14:54:21.032,73.85,-5.796764947544214e-06,-3.527969235862174e-07,-1.8606061714302636e-06
1650912861082,2022-04-25T14:54:21.082,73.9,-6.520941070700168e-06,-4.2649035151252185e-07,-2.0351737917245235e-06
1650912861132,2022-04-25T14:54:21.132,73.95,-6.7620434767295075e-06,-1.0855157034181843e-06,-2.7634636424320113e-06
1650912861182,2022-04-25T14:54:21.182,74.0,-6.673008030460137e-06,-1.829138563275539e-06,-3.7562424298105108e-06
1650912861232,2022-04-25T14:54:21.232,74.05,-6.732618752412745e-06,-1.8960753188819915e-06,-4.200918394995765e-06
1650912861282,2022-04-25T14:54:21.282,74.1,-6.693634996320518e-06,-1.316348531682086e-06,-4.049958732271264e-06
1650912861332,2022-04-25T14:54:21.332,74.15,-6.277762041557038e-06,-7.825929443343815e-07,-3.990253739842364e-06
1650912861382,2022-04-25T14:54:21.382,74.2,-5.975880062436095e-06,-8.991468386069807e-07,-4.152487451990288e-06
1650912861432,2022-04-25T14:54:21.432,74.25,-6.030330777311113e-06,-1.5131986150001581e-06,-4.039861255012557e-06
1650912861482,2022-04-25T14:54:21.482,74.3,-5.769251053639159e-06,-1.69689774221072e-06,-3.6684180745701332e-06
1650912861532,2022-04-25T14:54:21.532,74.35,-4.9054460053840545e-06,-1.233338542348441e-06,-3.5797863717901892e-06
1650912861582,2022-04-25T14:54:21.582,74.4,-4.207793126084259e-06,-1.3743784141453318e-06,-3.8356471485290565e-06
1650912861632,2022-04-25T14:54:21.632,74.45,-4.1528233118339055e-06,-2.3318774339999083e-06,-3.9254217156081475e-06
1650912861682,2022-04-25T14:54:21.682,74.5,-4.218014481944143e-06,-2.029608245632325e-06,-3.564207319875587e-06
1650912861732,2022-04-25T14:54:21.732,74.55,-3.974409366800792e-06,-4.662720220877355e-07,-3.030814515543503e-06
1650912861782,2022-04-25T14:54:21.782,74.6,-3.6740349182471936e-06,-1.8100479817279358e-06,-2.7624313654792997e-06
1650912861832,2022-04-25T14:54:21.832,74.65,-3.544199277422887e-06,-7.126681807734271e-06,-2.8788777648867705e-06
1650912861882,2022-04-25T14:54:21.882,74.7,-3.4640455180301954e-06,-9.98538572003889e-06,-3.1296135798465314e-06
1650912861932,2022-04-25T14:54:21.932,74.75,-3.38434966567852e-06,-6.144052769937295e-06,-3.1915000869984498e-06
1650912861982,2022-04-25T14:54:21.982,74.8,-3.440031656407558e-06,-1.0977935689335136e-06,-2.941413443543525e-06
1650912862032,2022-04-25T14:54:22.032,74.85,-3.6621439704925565e-06,-1.390601336337604e-07,-2.481387554804685e-06
